# WaveFront *.obj file (generated by Autodesk ATF)

mtllib arbre_suspension_droit.mtl

g arbre_susp

v -0.115470 -0.200000 0.200000
v -0.230940 -0.200000 -0.000000
v -0.230940 -0.100000 0.000000
v -0.115470 -0.100000 0.200000
v -0.115470 -0.200000 -0.200000
v -0.115470 -0.100000 -0.200000
v 0.115470 -0.200000 -0.200000
v 0.115470 -0.100000 -0.200000
v 0.230940 -0.200000 -0.000000
v 0.230940 -0.100000 -0.000000
v 0.115470 -0.200000 0.200000
v 0.115470 -0.100000 0.200000
v 0.100000 -0.100000 0.000000
v 0.096593 -0.100000 -0.025882
v 0.086603 -0.100000 -0.050000
v 0.070711 -0.100000 -0.070711
v 0.050000 -0.100000 -0.086603
v 0.025882 -0.100000 -0.096593
v -0.000000 -0.100000 -0.100000
v -0.025882 -0.100000 -0.096593
v -0.050000 -0.100000 -0.086603
v -0.070711 -0.100000 -0.070711
v -0.086603 -0.100000 -0.050000
v -0.096593 -0.100000 -0.025882
v -0.100000 -0.100000 0.000000
v -0.096593 -0.100000 0.025882
v -0.086603 -0.100000 0.050000
v -0.070711 -0.100000 0.070711
v -0.050000 -0.100000 0.086603
v -0.025882 -0.100000 0.096593
v -0.000000 -0.100000 0.100000
v 0.025882 -0.100000 0.096593
v 0.050000 -0.100000 0.086603
v 0.070711 -0.100000 0.070711
v 0.086603 -0.100000 0.050000
v 0.096593 -0.100000 0.025882
v 0.100000 0.000000 -0.000000
v 0.096593 0.000000 -0.025882
v 0.086603 0.000000 -0.050000
v 0.070711 0.000000 -0.070711
v 0.050000 0.000000 -0.086603
v 0.025882 0.000000 -0.096593
v -0.000000 0.000000 -0.100000
v -0.025882 0.000000 -0.096593
v -0.050000 0.000000 -0.086603
v -0.070711 0.000000 -0.070711
v -0.086603 0.000000 -0.050000
v -0.096593 0.000000 -0.025882
v -0.100000 0.000000 0.000000
v -0.096593 0.000000 0.025882
v -0.086603 0.000000 0.050000
v -0.070711 0.000000 0.070711
v -0.050000 0.000000 0.086603
v -0.025882 0.000000 0.096593
v -0.000000 0.000000 0.100000
v 0.025882 0.000000 0.096593
v 0.050000 0.000000 0.086603
v 0.070711 0.000000 0.070711
v 0.086603 0.000000 0.050000
v 0.096593 0.000000 0.025882
v -1.070237 0.150000 -1.812616
v -1.062570 0.150000 -1.870850
v -1.040092 0.150000 -1.925116
v -1.004336 0.150000 -1.971715
v -0.957737 0.150000 -2.007471
v -0.903471 0.150000 -2.029949
v -0.845237 0.150000 -2.037616
v -0.787002 0.150000 -2.029949
v -0.732737 0.150000 -2.007471
v -0.686137 0.150000 -1.971715
v -0.650381 0.150000 -1.925116
v -0.627903 0.150000 -1.870850
v -0.620237 0.150000 -1.812616
v -0.627903 0.150000 -1.754381
v -0.650381 0.150000 -1.700116
v -0.686137 0.150000 -1.653517
v -0.732737 0.150000 -1.617760
v -0.787002 0.150000 -1.595282
v -0.845237 0.150000 -1.587616
v -0.903471 0.150000 -1.595282
v -0.957737 0.150000 -1.617760
v -1.004336 0.150000 -1.653517
v -1.040092 0.150000 -1.700116
v -1.062570 0.150000 -1.754381
v -1.070237 0.350000 -1.812616
v -1.062570 0.350000 -1.754381
v -1.040092 0.350000 -1.700116
v -1.004336 0.350000 -1.653517
v -0.957737 0.350000 -1.617760
v -0.903471 0.350000 -1.595282
v -0.845237 0.350000 -1.587616
v -0.787002 0.350000 -1.595282
v -0.732737 0.350000 -1.617760
v -0.686137 0.350000 -1.653517
v -0.650381 0.350000 -1.700116
v -0.627903 0.350000 -1.754381
v -0.620237 0.350000 -1.812616
v -0.627903 0.350000 -1.870850
v -0.650381 0.350000 -1.925116
v -0.686137 0.350000 -1.971715
v -0.732737 0.350000 -2.007471
v -0.787002 0.350000 -2.029949
v -0.845237 0.350000 -2.037616
v -0.903471 0.350000 -2.029949
v -0.957737 0.350000 -2.007471
v -1.004336 0.350000 -1.971715
v -1.040092 0.350000 -1.925116
v -1.062570 0.350000 -1.870850
v -0.955237 0.150000 -1.812616
v -0.951488 0.150000 -1.841086
v -0.940499 0.150000 -1.867616
v -0.923018 0.150000 -1.890397
v -0.900237 0.150000 -1.907878
v -0.873707 0.150000 -1.918867
v -0.845237 0.150000 -1.922616
v -0.816766 0.150000 -1.918867
v -0.790237 0.150000 -1.907878
v -0.767455 0.150000 -1.890397
v -0.749974 0.150000 -1.867616
v -0.738985 0.150000 -1.841086
v -0.735237 0.150000 -1.812616
v -0.738985 0.150000 -1.784145
v -0.749974 0.150000 -1.757616
v -0.767455 0.150000 -1.734834
v -0.790237 0.150000 -1.717353
v -0.816766 0.150000 -1.706364
v -0.845237 0.150000 -1.702616
v -0.873707 0.150000 -1.706364
v -0.900237 0.150000 -1.717353
v -0.923018 0.150000 -1.734834
v -0.940499 0.150000 -1.757616
v -0.951488 0.150000 -1.784145
v -0.955237 -0.900000 -1.812616
v -0.951488 -0.900000 -1.841086
v -0.940499 -0.900000 -1.867616
v -0.923018 -0.900000 -1.890397
v -0.900237 -0.900000 -1.907878
v -0.873707 -0.900000 -1.918867
v -0.845237 -0.900000 -1.922616
v -0.816766 -0.900000 -1.918867
v -0.790237 -0.900000 -1.907878
v -0.767455 -0.900000 -1.890397
v -0.749974 -0.900000 -1.867616
v -0.738985 -0.900000 -1.841086
v -0.735237 -0.900000 -1.812616
v -0.738985 -0.900000 -1.784145
v -0.749974 -0.900000 -1.757616
v -0.767455 -0.900000 -1.734834
v -0.790237 -0.900000 -1.717353
v -0.816766 -0.900000 -1.706364
v -0.845237 -0.900000 -1.702616
v -0.873707 -0.900000 -1.706364
v -0.900237 -0.900000 -1.717353
v -0.923018 -0.900000 -1.734834
v -0.940499 -0.900000 -1.757616
v -0.951488 -0.900000 -1.784145
v -0.955237 -0.375000 -1.812616
v -0.951488 -0.375000 -1.784145
v -0.940499 -0.375000 -1.757616
v -0.923018 -0.375000 -1.734834
v -0.900237 -0.375000 -1.717353
v -0.873707 -0.375000 -1.706364
v -0.845237 -0.375000 -1.702616
v -0.816766 -0.375000 -1.706364
v -0.790237 -0.375000 -1.717353
v -0.767455 -0.375000 -1.734834
v -0.749974 -0.375000 -1.757616
v -0.738985 -0.375000 -1.784145
v -0.735237 -0.375000 -1.812616
v -0.738985 -0.375000 -1.841086
v -0.749974 -0.375000 -1.867616
v -0.767455 -0.375000 -1.890397
v -0.790237 -0.375000 -1.907878
v -0.816766 -0.375000 -1.918867
v -0.845237 -0.375000 -1.922616
v -0.873707 -0.375000 -1.918867
v -0.900237 -0.375000 -1.907878
v -0.923018 -0.375000 -1.890397
v -0.940499 -0.375000 -1.867616
v -0.951488 -0.375000 -1.841086
v -0.524947 0.056967 0.876967
v -0.526267 0.065158 0.869903
v -0.527546 0.074545 0.863922
v -0.528626 0.084828 0.859355
v -0.529369 0.095649 0.856406
v -0.529720 0.106564 0.855082
v -0.529642 0.117352 0.855373
v -0.529144 0.128285 0.857281
v -0.528271 0.138962 0.860818
v -0.527100 0.148957 0.865932
v -0.525787 0.157947 0.872342
v -0.524485 0.165681 0.879761
v -0.523258 0.172397 0.888423
v -0.522235 0.177913 0.898182
v -0.521573 0.181906 0.908724
v -0.521354 0.184264 0.919643
v -0.521597 0.184998 0.930477
v -0.522329 0.184123 0.941312
v -0.523525 0.181642 0.952156
v -0.525127 0.177555 0.962569
v -0.527015 0.171996 0.972174
v -0.529010 0.165281 0.980680
v -0.530978 0.157561 0.987976
v -0.532874 0.148591 0.994290
v -0.534514 0.138623 0.999323
v -0.535713 0.127972 1.002796
v -0.536382 0.117060 1.004656
v -0.536474 0.106281 1.004904
v -0.535977 0.095379 1.003540
v -0.534937 0.084600 1.000564
v -0.533415 0.074384 0.995991
v -0.531577 0.065076 0.990036
v -0.529618 0.056967 0.983033
v -1.013073 0.056967 0.983033
v -1.011113 0.065076 0.990036
v -1.009275 0.074384 0.995991
v -1.007754 0.084600 1.000564
v -1.006713 0.095379 1.003540
v -1.006216 0.106281 1.004904
v -1.006308 0.117060 1.004656
v -1.006977 0.127972 1.002796
v -1.008176 0.138623 0.999323
v -1.009816 0.148591 0.994290
v -1.011712 0.157561 0.987976
v -1.013680 0.165281 0.980680
v -1.015675 0.171996 0.972174
v -1.017563 0.177555 0.962569
v -1.019165 0.181642 0.952156
v -1.020361 0.184123 0.941312
v -1.021093 0.184998 0.930477
v -1.021336 0.184264 0.919643
v -1.021117 0.181906 0.908724
v -1.020455 0.177913 0.898182
v -1.019433 0.172397 0.888423
v -1.018205 0.165681 0.879761
v -1.016903 0.157947 0.872342
v -1.015590 0.148957 0.865932
v -1.014420 0.138962 0.860818
v -1.013546 0.128285 0.857281
v -1.013049 0.117352 0.855373
v -1.012970 0.106564 0.855082
v -1.013321 0.095649 0.856406
v -1.014064 0.084828 0.859355
v -1.015144 0.074545 0.863922
v -1.016424 0.065158 0.869903
v -1.017743 0.056967 0.876967
v -0.771345 0.090589 0.857556
v -0.771345 0.072500 0.865048
v -0.771345 0.110000 0.855000
v -0.771345 0.129411 0.857556
v -0.771345 0.147500 0.865048
v -0.771345 0.163033 0.876967
v -0.771345 0.174952 0.892500
v -0.771345 0.182444 0.910589
v -0.771345 0.185000 0.930000
v -0.771345 0.182444 0.949411
v -0.771345 0.174952 0.967500
v -0.771345 0.163033 0.983033
v -0.771345 0.147500 0.994952
v -0.771345 0.129411 1.002444
v -0.771345 0.110000 1.005000
v -0.771345 0.090589 1.002444
v -0.771345 0.072500 0.994952
v -0.521576 0.003934 0.930000
v -1.021114 0.003934 0.930000
v -1.021345 0.350000 0.919253
v -1.012827 0.350000 0.983958
v -0.987851 0.350000 1.044253
v -0.948122 0.350000 1.096030
v -0.896345 0.350000 1.135760
v -0.836050 0.350000 1.160735
v -0.771345 0.350000 1.169253
v -0.706640 0.350000 1.160735
v -0.646345 0.350000 1.135760
v -0.594568 0.350000 1.096030
v -0.554839 0.350000 1.044253
v -0.529864 0.350000 0.983958
v -0.521345 0.350000 0.919253
v -0.529864 0.350000 0.854549
v -0.554839 0.350000 0.794253
v -0.594568 0.350000 0.742477
v -0.646345 0.350000 0.702747
v -0.706640 0.350000 0.677772
v -0.771345 0.350000 0.669253
v -0.836050 0.350000 0.677772
v -0.896345 0.350000 0.702747
v -0.948122 0.350000 0.742477
v -0.987851 0.350000 0.794253
v -1.012827 0.350000 0.854549
v -0.638842 0.000000 -0.342792
v -0.564675 0.000000 -0.454717
v -0.471141 0.000000 -0.551045
v -0.361448 0.000000 -0.628475
v -0.239358 0.000000 -0.684348
v -0.109059 0.000000 -0.716750
v 0.024981 0.000000 -0.724569
v 0.158165 0.000000 -0.707537
v 0.158165 0.350000 -0.707537
v 0.024981 0.350000 -0.724569
v -0.109059 0.350000 -0.716750
v -0.239358 0.350000 -0.684348
v -0.361448 0.350000 -0.628475
v -0.471141 0.350000 -0.551045
v -0.564675 0.350000 -0.454717
v -0.638842 0.350000 -0.342792
v -1.207760 0.350000 -1.643568
v -0.482713 0.350000 -1.981663
v -0.538819 0.350000 -2.069731
v -0.615806 0.350000 -2.140276
v -0.708428 0.350000 -2.188493
v -0.810374 0.350000 -2.211093
v -0.914696 0.350000 -2.206539
v -1.014284 0.350000 -2.175139
v -1.102352 0.350000 -2.119033
v -1.172897 0.350000 -2.042046
v -1.221114 0.350000 -1.949424
v -1.243714 0.350000 -1.847478
v -1.239160 0.350000 -1.743156
v -1.207760 -0.900000 -1.643568
v -1.239160 -0.900000 -1.743156
v -1.243714 -0.900000 -1.847478
v -1.221114 -0.900000 -1.949424
v -1.172897 -0.900000 -2.042046
v -1.102352 -0.900000 -2.119033
v -1.014284 -0.900000 -2.175139
v -0.914696 -0.900000 -2.206539
v -0.810374 -0.900000 -2.211093
v -0.708428 -0.900000 -2.188493
v -0.615806 -0.900000 -2.140276
v -0.538819 -0.900000 -2.069731
v -0.482713 -0.900000 -1.981663
v -0.451313 -0.900000 -1.882075
v -0.446759 -0.900000 -1.777753
v -0.469359 -0.900000 -1.675808
v -0.517576 -0.900000 -1.583185
v -0.588121 -0.900000 -1.506198
v -0.676189 -0.900000 -1.450092
v -0.775777 -0.900000 -1.418692
v -0.880099 -0.900000 -1.414138
v -0.982045 -0.900000 -1.436739
v -1.074667 -0.900000 -1.484955
v -1.151654 -0.900000 -1.555501
v 0.321394 0.000000 -0.383022
v 0.398202 0.000000 -0.302382
v 0.455256 0.000000 -0.206740
v 0.489725 0.000000 -0.100843
v 0.499899 0.000000 0.010058
v 0.485273 0.000000 0.120459
v 0.446572 0.000000 0.224885
v 0.385717 0.000000 0.318154
v 0.305727 0.000000 0.395640
v 0.305727 -0.200000 0.395640
v 0.385717 -0.200000 0.318154
v 0.446572 -0.200000 0.224885
v 0.485273 -0.200000 0.120459
v 0.499899 -0.200000 0.010058
v 0.489725 -0.200000 -0.100843
v 0.455256 -0.200000 -0.206740
v 0.398202 -0.200000 -0.302382
v 0.321394 -0.200000 -0.383022
v -0.482713 -0.200000 -1.981663
v -0.451313 -0.200000 -1.882075
v -0.446759 -0.200000 -1.777753
v -0.469359 -0.200000 -1.675808
v -0.517576 -0.200000 -1.583185
v -0.588121 -0.200000 -1.506198
v -0.676189 -0.200000 -1.450092
v -0.775777 -0.200000 -1.418692
v -0.880099 -0.200000 -1.414138
v -0.982045 -0.200000 -1.436739
v -1.074667 -0.200000 -1.484955
v -1.151654 -0.200000 -1.555501
v -1.207760 -0.200000 -1.643568
v -0.499423 -0.200000 -0.024023
v -0.499423 0.000000 -0.024023
v -0.499854 0.000000 0.012064
v -0.500000 0.000000 0.000033
v -0.499856 0.000000 -0.011999
v -0.499856 -0.200000 -0.011999
v -0.500000 -0.200000 0.000033
v -0.499854 -0.200000 0.012064
v -0.962856 0.000000 0.758556
v -0.962856 -0.200000 0.758556
v -1.021345 -0.750000 0.919253
v -1.012827 -0.750000 0.983958
v -0.987851 -0.750000 1.044253
v -0.948122 -0.750000 1.096030
v -0.896345 -0.750000 1.135760
v -0.836050 -0.750000 1.160735
v -0.771345 -0.750000 1.169253
v -0.706640 -0.750000 1.160735
v -0.646345 -0.750000 1.135760
v -0.594568 -0.750000 1.096030
v -0.554839 -0.750000 1.044253
v -0.529864 -0.750000 0.983958
v -0.521345 -0.750000 0.919253
v -0.529864 -0.750000 0.854549
v -0.554839 -0.750000 0.794253
v -0.594568 -0.750000 0.742477
v -0.646345 -0.750000 0.702747
v -0.706640 -0.750000 0.677772
v -0.771345 -0.750000 0.669253
v -0.836050 -0.750000 0.677772
v -0.896345 -0.750000 0.702747
v -0.948122 -0.750000 0.742477
v -0.987851 -0.750000 0.794253
v -1.012827 -0.750000 0.854549
v -1.017743 -0.663033 0.876967
v -1.016424 -0.654842 0.869903
v -1.015144 -0.645455 0.863922
v -1.014064 -0.635172 0.859355
v -1.013321 -0.624351 0.856406
v -1.012970 -0.613436 0.855082
v -1.013049 -0.602648 0.855373
v -1.013546 -0.591715 0.857281
v -1.014420 -0.581038 0.860818
v -1.015590 -0.571043 0.865932
v -1.016903 -0.562053 0.872342
v -1.018205 -0.554319 0.879761
v -1.019433 -0.547603 0.888423
v -1.020455 -0.542087 0.898182
v -1.021117 -0.538094 0.908724
v -1.021336 -0.535736 0.919643
v -1.021093 -0.535002 0.930477
v -1.020361 -0.535877 0.941312
v -1.019165 -0.538358 0.952156
v -1.017563 -0.542445 0.962569
v -1.015675 -0.548004 0.972174
v -1.013680 -0.554719 0.980680
v -1.011712 -0.562439 0.987976
v -1.009816 -0.571409 0.994290
v -1.008176 -0.581377 0.999323
v -1.006977 -0.592028 1.002796
v -1.006308 -0.602940 1.004656
v -1.006216 -0.613719 1.004904
v -1.006713 -0.624621 1.003540
v -1.007754 -0.635400 1.000564
v -1.009275 -0.645616 0.995991
v -1.011113 -0.654924 0.990036
v -1.013073 -0.663033 0.983033
v -1.021114 -0.716066 0.930000
v -0.529618 -0.663033 0.983033
v -0.531577 -0.654924 0.990036
v -0.533415 -0.645616 0.995991
v -0.534937 -0.635400 1.000564
v -0.535977 -0.624621 1.003540
v -0.536474 -0.613719 1.004904
v -0.536382 -0.602940 1.004656
v -0.535713 -0.592028 1.002796
v -0.534514 -0.581377 0.999323
v -0.532874 -0.571409 0.994290
v -0.530978 -0.562439 0.987976
v -0.529010 -0.554719 0.980680
v -0.527015 -0.548004 0.972174
v -0.525127 -0.542445 0.962569
v -0.523525 -0.538358 0.952156
v -0.522329 -0.535877 0.941312
v -0.521597 -0.535002 0.930477
v -0.521354 -0.535736 0.919643
v -0.521573 -0.538094 0.908724
v -0.522235 -0.542087 0.898182
v -0.523258 -0.547603 0.888423
v -0.524485 -0.554319 0.879761
v -0.525787 -0.562053 0.872342
v -0.527100 -0.571043 0.865932
v -0.528271 -0.581038 0.860818
v -0.529144 -0.591715 0.857281
v -0.529642 -0.602648 0.855373
v -0.529720 -0.613436 0.855082
v -0.529369 -0.624351 0.856406
v -0.528626 -0.635172 0.859355
v -0.527546 -0.645455 0.863922
v -0.526267 -0.654842 0.869903
v -0.524947 -0.663033 0.876967
v -0.521576 -0.716066 0.930000
v -0.914739 -0.200000 0.714465
v -0.856850 -0.200000 0.684330
v -0.793134 -0.200000 0.670205
v -0.727933 -0.200000 0.673051
v -0.665691 -0.200000 0.692676
v -0.610648 -0.200000 0.727742
v -0.566557 -0.200000 0.775859
v -0.536422 -0.200000 0.833748
v -0.522296 -0.200000 0.897464
v -0.525143 -0.200000 0.962665
v -0.544768 -0.200000 1.024908
v -0.579834 -0.200000 1.079950
v -0.579834 0.000000 1.079950
v -0.556195 0.000000 1.046573
v -0.538314 0.000000 1.009789
v -0.526671 0.000000 0.970581
v -0.521576 0.000000 0.930000
v -0.522923 0.000000 0.891211
v -0.530257 0.000000 0.853099
v -0.543401 0.000000 0.816581
v -0.562040 0.000000 0.782537
v -0.585723 0.000000 0.751789
v -0.613880 0.000000 0.725076
v -0.645832 0.000000 0.703044
v -0.680809 0.000000 0.686223
v -0.717969 0.000000 0.675018
v -0.756414 0.000000 0.669700
v -0.795220 0.000000 0.670396
v -0.833450 0.000000 0.677090
v -0.870184 0.000000 0.689621
v -0.904535 0.000000 0.707687
v -0.935676 0.000000 0.730851
v -0.771345 -0.629411 0.857556
v -0.771345 -0.647500 0.865048
v -0.771345 -0.610000 0.855000
v -0.771345 -0.590589 0.857556
v -0.771345 -0.572500 0.865048
v -0.771345 -0.556967 0.876967
v -0.771345 -0.545048 0.892500
v -0.771345 -0.537556 0.910589
v -0.771345 -0.535000 0.930000
v -0.771345 -0.537556 0.949411
v -0.771345 -0.545048 0.967500
v -0.771345 -0.556967 0.983033
v -0.771345 -0.572500 0.994952
v -0.771345 -0.590589 1.002444
v -0.771345 -0.610000 1.005000
v -0.771345 -0.629411 1.002444
v -0.771345 -0.647500 0.994952
vt -0.230940 0.000000 0.000000
vt 0.000000 0.000000 0.000000
vt -0.230940 0.100000 0.000000
vt -0.000000 0.100000 0.000000
vt -0.230940 0.000000 0.000000
vt -0.000000 0.000000 0.000000
vt -0.230940 0.100000 0.000000
vt -0.000000 0.100000 0.000000
vt -0.230940 0.000000 0.000000
vt -0.000000 0.000000 0.000000
vt -0.230940 0.100000 0.000000
vt -0.000000 0.100000 0.000000
vt -0.230940 0.000000 0.000000
vt -0.000000 0.000000 0.000000
vt -0.230940 0.100000 0.000000
vt 0.000000 0.100000 0.000000
vt -0.230940 0.000000 0.000000
vt -0.000000 0.000000 0.000000
vt -0.230940 0.100000 0.000000
vt -0.000000 0.100000 0.000000
vt -0.230940 0.000000 0.000000
vt -0.000000 0.000000 0.000000
vt -0.230940 0.100000 0.000000
vt -0.000000 0.100000 0.000000
vt -0.025882 0.096593 0.000000
vt -0.000000 0.100000 0.000000
vt 0.000000 0.230940 0.000000
vt 0.025882 0.096593 0.000000
vt 0.050000 0.086603 0.000000
vt 0.200000 0.115470 0.000000
vt 0.070711 0.070711 0.000000
vt 0.086603 0.050000 0.000000
vt 0.096593 0.025882 0.000000
vt 0.100000 -0.000000 0.000000
vt 0.200000 -0.115470 0.000000
vt 0.096593 -0.025882 0.000000
vt 0.086603 -0.050000 0.000000
vt 0.070711 -0.070711 0.000000
vt 0.050000 -0.086603 0.000000
vt -0.000000 -0.230940 0.000000
vt 0.025882 -0.096593 0.000000
vt -0.000000 -0.100000 0.000000
vt -0.025882 -0.096593 0.000000
vt -0.050000 -0.086603 0.000000
vt -0.200000 -0.115470 0.000000
vt -0.070711 -0.070711 0.000000
vt -0.086603 -0.050000 0.000000
vt -0.096593 -0.025882 0.000000
vt -0.100000 -0.000000 0.000000
vt -0.200000 0.115470 0.000000
vt -0.096593 0.025882 0.000000
vt -0.086603 0.050000 0.000000
vt -0.070711 0.070711 0.000000
vt -0.050000 0.086603 0.000000
vt 0.450000 0.287979 0.000000
vt 0.550000 0.287979 0.000000
vt 0.450000 0.314159 0.000000
vt 0.550000 0.314159 0.000000
vt 0.450000 -0.314159 0.000000
vt 0.550000 -0.314159 0.000000
vt 0.450000 -0.287979 0.000000
vt 0.550000 -0.287979 0.000000
vt 0.450000 -0.261799 0.000000
vt 0.550000 -0.261799 0.000000
vt 0.450000 -0.235619 0.000000
vt 0.550000 -0.235619 0.000000
vt 0.450000 -0.209440 0.000000
vt 0.550000 -0.209440 0.000000
vt 0.450000 -0.183260 0.000000
vt 0.550000 -0.183260 0.000000
vt 0.450000 -0.157080 0.000000
vt 0.550000 -0.157080 0.000000
vt 0.450000 -0.130900 0.000000
vt 0.550000 -0.130900 0.000000
vt 0.450000 -0.104720 0.000000
vt 0.550000 -0.104720 0.000000
vt 0.450000 -0.078540 0.000000
vt 0.550000 -0.078540 0.000000
vt 0.450000 -0.052360 0.000000
vt 0.550000 -0.052360 0.000000
vt 0.450000 -0.026180 0.000000
vt 0.550000 -0.026180 0.000000
vt 0.450000 0.000000 0.000000
vt 0.550000 0.000000 0.000000
vt 0.450000 0.026180 0.000000
vt 0.550000 0.026180 0.000000
vt 0.450000 0.052360 0.000000
vt 0.550000 0.052360 0.000000
vt 0.450000 0.078540 0.000000
vt 0.550000 0.078540 0.000000
vt 0.450000 0.104720 0.000000
vt 0.550000 0.104720 0.000000
vt 0.450000 0.130900 0.000000
vt 0.550000 0.130900 0.000000
vt 0.450000 0.157080 0.000000
vt 0.550000 0.157080 0.000000
vt 0.450000 0.183260 0.000000
vt 0.550000 0.183260 0.000000
vt 0.450000 0.209440 0.000000
vt 0.550000 0.209440 0.000000
vt 0.450000 0.235619 0.000000
vt 0.550000 0.235619 0.000000
vt 0.450000 0.261799 0.000000
vt 0.550000 0.261799 0.000000
vt 0.200000 -0.647953 0.000000
vt 0.000000 -0.647953 0.000000
vt 0.200000 -0.706858 0.000000
vt 0.000000 -0.706858 0.000000
vt 0.200000 0.706858 0.000000
vt 0.000000 0.706858 0.000000
vt 0.200000 0.647953 0.000000
vt 0.000000 0.647953 0.000000
vt 0.200000 0.589049 0.000000
vt 0.000000 0.589049 0.000000
vt 0.200000 0.530144 0.000000
vt 0.000000 0.530144 0.000000
vt 0.200000 0.471239 0.000000
vt 0.000000 0.471239 0.000000
vt 0.200000 0.412334 0.000000
vt 0.000000 0.412334 0.000000
vt 0.200000 0.353429 0.000000
vt 0.000000 0.353429 0.000000
vt 0.200000 0.294524 0.000000
vt 0.000000 0.294524 0.000000
vt 0.200000 0.235619 0.000000
vt 0.000000 0.235619 0.000000
vt 0.200000 0.176715 0.000000
vt 0.000000 0.176715 0.000000
vt 0.200000 0.117810 0.000000
vt 0.000000 0.117810 0.000000
vt 0.200000 0.058905 0.000000
vt 0.000000 0.058905 0.000000
vt 0.200000 0.000000 0.000000
vt 0.000000 0.000000 0.000000
vt 0.200000 -0.058905 0.000000
vt 0.000000 -0.058905 0.000000
vt 0.200000 -0.117810 0.000000
vt 0.000000 -0.117810 0.000000
vt 0.200000 -0.176715 0.000000
vt 0.000000 -0.176715 0.000000
vt 0.200000 -0.235619 0.000000
vt 0.000000 -0.235619 0.000000
vt 0.200000 -0.294524 0.000000
vt 0.000000 -0.294524 0.000000
vt 0.200000 -0.353429 0.000000
vt 0.000000 -0.353429 0.000000
vt 0.200000 -0.412334 0.000000
vt 0.000000 -0.412334 0.000000
vt 0.200000 -0.471239 0.000000
vt -0.000000 -0.471239 0.000000
vt 0.200000 -0.530144 0.000000
vt -0.000000 -0.530144 0.000000
vt 0.200000 -0.589049 0.000000
vt 0.000000 -0.589049 0.000000
vt 0.106252 -0.028470 0.000000
vt 0.217333 -0.058234 0.000000
vt 0.110000 0.000000 0.000000
vt 0.225000 0.000000 0.000000
vt 0.106252 0.028470 0.000000
vt 0.217333 0.058234 0.000000
vt 0.095263 0.055000 0.000000
vt 0.194856 0.112500 0.000000
vt 0.077782 0.077782 0.000000
vt 0.159099 0.159099 0.000000
vt 0.055000 0.095263 0.000000
vt 0.112500 0.194856 0.000000
vt 0.028470 0.106252 0.000000
vt 0.058234 0.217333 0.000000
vt -0.000000 0.110000 0.000000
vt -0.000000 0.225000 0.000000
vt -0.058234 0.217333 0.000000
vt 0.095263 -0.055000 0.000000
vt 0.194856 -0.112500 0.000000
vt 0.077782 -0.077782 0.000000
vt 0.159099 -0.159099 0.000000
vt 0.055000 -0.095263 0.000000
vt 0.112500 -0.194856 0.000000
vt 0.028470 -0.106252 0.000000
vt 0.058234 -0.217333 0.000000
vt -0.000000 -0.110000 0.000000
vt -0.000000 -0.225000 0.000000
vt -0.058234 -0.217333 0.000000
vt -0.028470 -0.106252 0.000000
vt -0.112500 -0.194856 0.000000
vt -0.055000 -0.095263 0.000000
vt -0.159099 -0.159099 0.000000
vt -0.077782 -0.077782 0.000000
vt -0.194856 -0.112500 0.000000
vt -0.095263 -0.055000 0.000000
vt -0.217333 -0.058234 0.000000
vt -0.106252 -0.028470 0.000000
vt -0.225000 0.000000 0.000000
vt -0.110000 0.000000 0.000000
vt -0.106252 0.028470 0.000000
vt -0.217333 0.058234 0.000000
vt -0.095263 0.055000 0.000000
vt -0.194856 0.112500 0.000000
vt -0.077782 0.077782 0.000000
vt -0.159099 0.159099 0.000000
vt -0.055000 0.095263 0.000000
vt -0.112500 0.194856 0.000000
vt -0.028470 0.106252 0.000000
vt 0.200000 0.316777 0.000000
vt 0.725000 0.316777 0.000000
vt 0.200000 0.345575 0.000000
vt 0.725000 0.345575 0.000000
vt 0.200000 -0.345575 0.000000
vt 0.725000 -0.345575 0.000000
vt 0.200000 -0.316777 0.000000
vt 0.725000 -0.316777 0.000000
vt 0.200000 -0.287979 0.000000
vt 0.725000 -0.287979 0.000000
vt 0.200000 -0.259181 0.000000
vt 0.725000 -0.259181 0.000000
vt 0.200000 -0.230383 0.000000
vt 0.725000 -0.230383 0.000000
vt 0.200000 -0.201586 0.000000
vt 0.725000 -0.201586 0.000000
vt 0.200000 -0.172788 0.000000
vt 0.725000 -0.172788 0.000000
vt 0.200000 -0.143990 0.000000
vt 0.725000 -0.143990 0.000000
vt 0.200000 -0.115192 0.000000
vt 0.725000 -0.115192 0.000000
vt 0.200000 -0.086394 0.000000
vt 0.725000 -0.086394 0.000000
vt 0.200000 -0.057596 0.000000
vt 0.725000 -0.057596 0.000000
vt 0.200000 -0.028798 0.000000
vt 0.725000 -0.028798 0.000000
vt 0.200000 0.000000 0.000000
vt 0.725000 0.000000 0.000000
vt 0.200000 0.028798 0.000000
vt 0.725000 0.028798 0.000000
vt 0.200000 0.057596 0.000000
vt 0.725000 0.057596 0.000000
vt 0.200000 0.086394 0.000000
vt 0.725000 0.086394 0.000000
vt 0.200000 0.115192 0.000000
vt 0.725000 0.115192 0.000000
vt 0.200000 0.143990 0.000000
vt 0.725000 0.143990 0.000000
vt 0.200000 0.172788 0.000000
vt 0.725000 0.172788 0.000000
vt 0.200000 0.201586 0.000000
vt 0.725000 0.201586 0.000000
vt 0.200000 0.230383 0.000000
vt 0.725000 0.230383 0.000000
vt 0.200000 0.259181 0.000000
vt 0.725000 0.259181 0.000000
vt 0.200000 0.287979 0.000000
vt 0.725000 0.287979 0.000000
vt 1.250000 -0.316777 0.000000
vt 1.250000 -0.345575 0.000000
vt 1.250000 0.345575 0.000000
vt 1.250000 0.316777 0.000000
vt 1.250000 0.287979 0.000000
vt 1.250000 0.259181 0.000000
vt 1.250000 0.230383 0.000000
vt 1.250000 0.201586 0.000000
vt 1.250000 0.172788 0.000000
vt 1.250000 0.143990 0.000000
vt 1.250000 0.115192 0.000000
vt 1.250000 0.086394 0.000000
vt 1.250000 0.057596 0.000000
vt 1.250000 0.028798 0.000000
vt 1.250000 0.000000 0.000000
vt 1.250000 -0.028798 0.000000
vt 1.250000 -0.057596 0.000000
vt 1.250000 -0.086394 0.000000
vt 1.250000 -0.115192 0.000000
vt 1.250000 -0.143990 0.000000
vt 1.250000 -0.172788 0.000000
vt 1.250000 -0.201586 0.000000
vt 1.250000 -0.230383 0.000000
vt 1.250000 -0.259181 0.000000
vt 1.250000 -0.287979 0.000000
vt 0.245033 -0.165888 0.000000
vt -0.000045 -0.157080 0.000000
vt 0.246353 -0.176715 0.000000
vt -0.245124 -0.165888 0.000000
vt -0.246443 -0.176715 0.000000
vt 0.243754 -0.154744 0.000000
vt 0.242674 -0.143482 0.000000
vt -0.000045 -0.137445 0.000000
vt 0.241931 -0.132253 0.000000
vt -0.000045 -0.117810 0.000000
vt 0.241580 -0.121247 0.000000
vt 0.241658 -0.110445 0.000000
vt -0.000045 -0.098175 0.000000
vt 0.242156 -0.099334 0.000000
vt 0.243029 -0.088075 0.000000
vt -0.000045 -0.078540 0.000000
vt 0.244200 -0.076836 0.000000
vt 0.245513 -0.065782 0.000000
vt -0.000045 -0.058905 0.000000
vt 0.246815 -0.055054 0.000000
vt 0.248042 -0.044082 0.000000
vt -0.000045 -0.039270 0.000000
vt 0.249065 -0.032861 0.000000
vt -0.000045 -0.019635 0.000000
vt 0.249727 -0.021576 0.000000
vt 0.249946 -0.010393 0.000000
vt -0.000045 -0.000000 0.000000
vt 0.249703 0.000477 0.000000
vt 0.248971 0.011358 0.000000
vt -0.000045 0.019635 0.000000
vt 0.247775 0.022495 0.000000
vt 0.246173 0.033693 0.000000
vt -0.000045 0.039270 0.000000
vt 0.244285 0.044803 0.000000
vt -0.000045 0.058905 0.000000
vt 0.242290 0.055651 0.000000
vt 0.240322 0.066283 0.000000
vt -0.000045 0.078540 0.000000
vt 0.238426 0.077264 0.000000
vt 0.236786 0.088442 0.000000
vt -0.000045 0.098175 0.000000
vt 0.235587 0.099657 0.000000
vt 0.234918 0.110738 0.000000
vt -0.000045 0.117810 0.000000
vt 0.234826 0.121531 0.000000
vt 0.235323 0.132529 0.000000
vt -0.000045 0.137445 0.000000
vt 0.236363 0.143723 0.000000
vt -0.000045 0.157080 0.000000
vt 0.237885 0.154928 0.000000
vt 0.239723 0.165990 0.000000
vt 0.241682 0.176715 0.000000
vt -0.241773 0.176715 0.000000
vt -0.239813 0.165990 0.000000
vt -0.237975 0.154928 0.000000
vt -0.236454 0.143723 0.000000
vt -0.235413 0.132529 0.000000
vt -0.234916 0.121531 0.000000
vt -0.235008 0.110738 0.000000
vt -0.235677 0.099657 0.000000
vt -0.236876 0.088442 0.000000
vt -0.238516 0.077264 0.000000
vt -0.240412 0.066283 0.000000
vt -0.242380 0.055651 0.000000
vt -0.244375 0.044803 0.000000
vt -0.246263 0.033693 0.000000
vt -0.247865 0.022495 0.000000
vt -0.249061 0.011358 0.000000
vt -0.249793 0.000477 0.000000
vt -0.250036 -0.010393 0.000000
vt -0.249817 -0.021576 0.000000
vt -0.249155 -0.032861 0.000000
vt -0.248133 -0.044082 0.000000
vt -0.246905 -0.055054 0.000000
vt -0.245603 -0.065782 0.000000
vt -0.244290 -0.076836 0.000000
vt -0.243120 -0.088075 0.000000
vt -0.242246 -0.099334 0.000000
vt -0.241749 -0.110445 0.000000
vt -0.241670 -0.121247 0.000000
vt -0.242021 -0.132253 0.000000
vt -0.242764 -0.143482 0.000000
vt -0.243844 -0.154744 0.000000
vt 0.000000 0.249724 0.000000
vt -0.075000 0.246353 0.000000
vt 0.000000 -0.249814 0.000000
vt -0.075000 -0.246443 0.000000
vt -0.075000 0.249724 0.000000
vt -0.075000 -0.249814 0.000000
vt 0.000000 0.241682 0.000000
vt -0.000000 -0.241773 0.000000
vt -0.241481 -0.064705 0.000000
vt 0.241481 -0.064705 0.000000
vt -0.250000 0.000000 0.000000
vt 0.250000 0.000000 0.000000
vt -0.241481 0.064705 0.000000
vt 0.241481 0.064705 0.000000
vt -0.216506 0.125000 0.000000
vt 0.216506 0.125000 0.000000
vt -0.176777 0.176777 0.000000
vt 0.176777 0.176777 0.000000
vt -0.125000 0.216506 0.000000
vt 0.125000 0.216506 0.000000
vt -0.064705 0.241481 0.000000
vt 0.064705 0.241481 0.000000
vt 0.000000 0.250000 0.000000
vt 0.216506 -0.125000 0.000000
vt -0.216506 -0.125000 0.000000
vt 0.176777 -0.176777 0.000000
vt -0.176777 -0.176777 0.000000
vt 0.125000 -0.216506 0.000000
vt -0.125000 -0.216506 0.000000
vt 0.064705 -0.241481 0.000000
vt -0.064705 -0.241481 0.000000
vt 0.000000 -0.250000 0.000000
vt 0.350000 1.920604 0.000000
vt 0.000000 1.920604 0.000000
vt 0.350000 1.786143 0.000000
vt 0.000000 1.786143 0.000000
vt 0.350000 1.651683 0.000000
vt 0.000000 1.651683 0.000000
vt 0.350000 1.517222 0.000000
vt 0.000000 1.517222 0.000000
vt 0.350000 1.382762 0.000000
vt 0.000000 1.382762 0.000000
vt 0.350000 1.248301 0.000000
vt 0.000000 1.248301 0.000000
vt 0.350000 1.113841 0.000000
vt 0.000000 1.113841 0.000000
vt 0.350000 0.979381 0.000000
vt 0.000000 0.979381 0.000000
vt -0.519034 0.593146 0.000000
vt -0.700178 0.569774 0.000000
vt -0.526701 0.534912 0.000000
vt -0.695624 0.465453 0.000000
vt -0.519034 0.476678 0.000000
vt -0.664224 0.365865 0.000000
vt -0.496556 0.422412 0.000000
vt -0.460800 0.375813 0.000000
vt -0.414201 0.340056 0.000000
vt -0.095306 -0.934912 0.000000
vt -0.359935 0.317579 0.000000
vt -0.021139 -0.822987 0.000000
vt -0.301701 0.309912 0.000000
vt 0.072395 -0.726658 0.000000
vt -0.243466 0.317579 0.000000
vt -0.189201 0.340056 0.000000
vt 0.182088 -0.649229 0.000000
vt -0.142602 0.375813 0.000000
vt 0.304178 -0.593355 0.000000
vt -0.106845 0.422412 0.000000
vt 0.434477 -0.560953 0.000000
vt -0.084367 0.476678 0.000000
vt 0.060823 0.703959 0.000000
vt -0.076701 0.534912 0.000000
vt -0.084367 0.593146 0.000000
vt -0.106845 0.647412 0.000000
vt 0.004717 0.792027 0.000000
vt -0.142602 0.694011 0.000000
vt -0.072270 0.862573 0.000000
vt -0.189201 0.729768 0.000000
vt -0.164892 0.910789 0.000000
vt -0.243466 0.752245 0.000000
vt -0.266838 0.933390 0.000000
vt -0.301701 0.759912 0.000000
vt -0.371160 0.928835 0.000000
vt -0.359935 0.752245 0.000000
vt -0.470748 0.897435 0.000000
vt -0.414201 0.729768 0.000000
vt -0.460800 0.694011 0.000000
vt -0.558816 0.841330 0.000000
vt -0.496556 0.647412 0.000000
vt -0.629361 0.764342 0.000000
vt -0.677578 0.671720 0.000000
vt 0.568517 -0.553134 0.000000
vt 0.701701 -0.570166 0.000000
vt -0.106252 0.028470 0.000000
vt -0.393923 0.069459 0.000000
vt -0.110000 0.000000 0.000000
vt -0.398478 -0.034862 0.000000
vt -0.106252 -0.028470 0.000000
vt -0.375877 -0.136808 0.000000
vt -0.095263 -0.055000 0.000000
vt -0.327661 -0.229431 0.000000
vt -0.077782 -0.077782 0.000000
vt -0.257115 -0.306418 0.000000
vt -0.055000 -0.095263 0.000000
vt -0.169047 -0.362523 0.000000
vt -0.028470 -0.106252 0.000000
vt -0.069459 -0.393923 0.000000
vt 0.000000 -0.110000 0.000000
vt 0.034862 -0.398478 0.000000
vt 0.028470 -0.106252 0.000000
vt 0.136808 -0.375877 0.000000
vt 0.055000 -0.095263 0.000000
vt 0.229431 -0.327661 0.000000
vt 0.077782 -0.077782 0.000000
vt 0.306418 -0.257115 0.000000
vt 0.095263 -0.055000 0.000000
vt 0.362523 -0.169047 0.000000
vt 0.106252 -0.028470 0.000000
vt 0.393923 -0.069459 0.000000
vt 0.110000 0.000000 0.000000
vt 0.398478 0.034862 0.000000
vt 0.106252 0.028470 0.000000
vt 0.375877 0.136808 0.000000
vt 0.095263 0.055000 0.000000
vt 0.327661 0.229431 0.000000
vt 0.077782 0.077782 0.000000
vt 0.257115 0.306418 0.000000
vt 0.055000 0.095263 0.000000
vt 0.169047 0.362523 0.000000
vt 0.028470 0.106252 0.000000
vt 0.069459 0.393923 0.000000
vt 0.000000 0.110000 0.000000
vt -0.034862 0.398478 0.000000
vt -0.028470 0.106252 0.000000
vt -0.136808 0.375877 0.000000
vt -0.055000 0.095263 0.000000
vt -0.229431 0.327661 0.000000
vt -0.077782 0.077782 0.000000
vt -0.306418 0.257115 0.000000
vt -0.095263 0.055000 0.000000
vt -0.362523 0.169047 0.000000
vt -0.200000 -0.436332 0.000000
vt -0.000000 -0.436332 0.000000
vt -0.200000 -0.324735 0.000000
vt -0.000000 -0.324735 0.000000
vt -0.000000 -0.213137 0.000000
vt -0.200000 -0.213137 0.000000
vt -0.000000 -0.101539 0.000000
vt -0.200000 -0.101539 0.000000
vt -0.000000 0.010058 0.000000
vt -0.200000 0.010058 0.000000
vt -0.000000 0.121656 0.000000
vt -0.200000 0.121656 0.000000
vt -0.000000 0.233254 0.000000
vt -0.200000 0.233254 0.000000
vt -0.000000 0.344852 0.000000
vt -0.200000 0.344852 0.000000
vt -0.200000 0.456449 0.000000
vt -0.000000 0.456449 0.000000
vt 1.789480 0.000000 0.000000
vt 1.789480 0.200000 0.000000
vt 1.426226 0.000000 0.000000
vt 0.000000 0.200000 0.000000
vt 0.000000 -0.350000 0.000000
vt 1.426226 -0.350000 0.000000
vt -0.900000 1.186824 0.000000
vt -0.900000 1.082104 0.000000
vt -0.200000 1.082104 0.000000
vt -0.900000 0.977384 0.000000
vt -0.200000 0.977384 0.000000
vt -0.900000 0.872665 0.000000
vt -0.200000 0.872665 0.000000
vt -0.900000 0.767945 0.000000
vt -0.200000 0.767945 0.000000
vt -0.900000 0.663225 0.000000
vt -0.200000 0.663225 0.000000
vt -0.900000 0.558505 0.000000
vt -0.200000 0.558505 0.000000
vt -0.900000 0.453786 0.000000
vt -0.200000 0.453786 0.000000
vt -0.900000 0.349066 0.000000
vt -0.200000 0.349066 0.000000
vt -0.900000 0.244346 0.000000
vt -0.200000 0.244346 0.000000
vt -0.900000 0.139626 0.000000
vt -0.200000 0.139626 0.000000
vt -0.900000 0.034907 0.000000
vt -0.200000 0.034907 0.000000
vt -0.900000 -0.069813 0.000000
vt -0.200000 -0.069813 0.000000
vt -0.900000 -0.174533 0.000000
vt -0.200000 -0.174533 0.000000
vt -0.900000 -0.279253 0.000000
vt 0.350000 -0.279253 0.000000
vt -0.900000 -0.383972 0.000000
vt 0.350000 -0.383972 0.000000
vt -0.900000 -0.488692 0.000000
vt 0.350000 -0.488692 0.000000
vt -0.900000 -0.593412 0.000000
vt 0.350000 -0.593412 0.000000
vt -0.900000 -0.698132 0.000000
vt 0.350000 -0.698132 0.000000
vt -0.900000 -0.802851 0.000000
vt 0.350000 -0.802851 0.000000
vt -0.900000 -0.907571 0.000000
vt 0.350000 -0.907571 0.000000
vt -0.900000 -1.012291 0.000000
vt 0.350000 -1.012291 0.000000
vt -0.900000 -1.117011 0.000000
vt 0.350000 -1.117011 0.000000
vt -0.900000 -1.221730 0.000000
vt 0.350000 -1.221730 0.000000
vt -0.900000 -1.326450 0.000000
vt 0.350000 -1.326450 0.000000
vt 0.350000 1.186824 0.000000
vt 0.350000 1.082104 0.000000
vt 0.350000 -0.174533 0.000000
vt 0.347924 -0.350000 0.000000
vt 1.767673 -0.350000 0.000000
vt 0.347924 -0.000000 0.000000
vt 1.767673 0.200000 0.000000
vt -0.000000 0.200000 0.000000
vt -0.000000 0.000000 0.000000
vt -0.200000 1.558731 0.000000
vt -0.000000 1.558731 0.000000
vt -0.200000 1.570764 0.000000
vt -0.000000 1.570764 0.000000
vt -0.200000 1.582796 0.000000
vt 0.000000 1.582796 0.000000
vt -0.200000 1.594829 0.000000
vt -0.000000 1.594829 0.000000
vt -0.000000 0.000000 0.000000
vt 0.878420 0.000000 0.000000
vt -0.000000 0.200000 0.000000
vt 0.878420 0.200000 0.000000
vt 0.350000 -0.719948 0.000000
vt 0.172397 -0.754489 0.000000
vt 0.350000 -0.785398 0.000000
vt 0.177913 -0.764302 0.000000
vt 0.181906 -0.774865 0.000000
vt 0.350000 -0.654498 0.000000
vt -0.750000 -0.654498 0.000000
vt -0.750000 -0.719948 0.000000
vt 0.106564 -0.720501 0.000000
vt -0.613436 -0.720501 0.000000
vt -0.602648 -0.720802 0.000000
vt 0.350000 -0.589049 0.000000
vt 0.000000 -0.610865 0.000000
vt -0.200000 -0.610865 0.000000
vt -0.750000 -0.589049 0.000000
vt -0.200000 -0.545415 0.000000
vt -0.750000 -0.523599 0.000000
vt -0.200000 -0.479966 0.000000
vt -0.750000 -0.458149 0.000000
vt -0.200000 -0.414516 0.000000
vt -0.750000 -0.392699 0.000000
vt -0.200000 -0.349066 0.000000
vt -0.750000 -0.327249 0.000000
vt -0.200000 -0.283616 0.000000
vt -0.750000 -0.261799 0.000000
vt -0.200000 -0.218166 0.000000
vt -0.750000 -0.196350 0.000000
vt -0.200000 -0.152716 0.000000
vt -0.750000 -0.130900 0.000000
vt -0.200000 -0.087266 0.000000
vt -0.750000 -0.065450 0.000000
vt -0.613436 -0.064897 0.000000
vt -0.624351 -0.063527 0.000000
vt -0.000000 -0.572014 0.000000
vt 0.350000 -0.523599 0.000000
vt 0.000000 -0.533163 0.000000
vt 0.000000 -0.494312 0.000000
vt 0.350000 -0.458149 0.000000
vt 0.000000 -0.455461 0.000000
vt 0.000000 -0.416610 0.000000
vt 0.350000 -0.392699 0.000000
vt -0.000000 -0.377760 0.000000
vt 0.350000 -0.327249 0.000000
vt -0.000000 -0.338909 0.000000
vt -0.000000 -0.300058 0.000000
vt 0.350000 -0.261799 0.000000
vt -0.000000 -0.261207 0.000000
vt -0.000000 -0.222356 0.000000
vt 0.350000 -0.196350 0.000000
vt -0.000000 -0.183505 0.000000
vt -0.000000 -0.144654 0.000000
vt 0.350000 -0.130900 0.000000
vt -0.000000 -0.105803 0.000000
vt 0.350000 -0.065450 0.000000
vt -0.000000 -0.066952 0.000000
vt 0.106564 -0.064897 0.000000
vt 0.095649 -0.063527 0.000000
vt 0.350000 0.000000 0.000000
vt 0.172397 -0.030909 0.000000
vt 0.165681 -0.039658 0.000000
vt 0.157947 -0.047191 0.000000
vt 0.350000 0.065450 0.000000
vt 0.181642 0.032999 0.000000
vt 0.184123 0.022088 0.000000
vt 0.184998 0.011228 0.000000
vt 0.350000 0.130900 0.000000
vt 0.117060 0.087156 0.000000
vt 0.127972 0.085180 0.000000
vt 0.138623 0.081506 0.000000
vt 0.350000 0.196350 0.000000
vt -0.000000 0.174533 0.000000
vt -0.000000 0.133587 0.000000
vt -0.000000 0.092641 0.000000
vt 0.350000 0.261799 0.000000
vt -0.750000 0.261799 0.000000
vt -0.750000 0.196350 0.000000
vt -0.200000 0.174533 0.000000
vt -0.750000 0.130900 0.000000
vt -0.200000 0.109083 0.000000
vt -0.613719 0.087421 0.000000
vt -0.602940 0.087156 0.000000
vt -0.750000 0.327249 0.000000
vt 0.350000 0.327249 0.000000
vt -0.750000 0.392699 0.000000
vt 0.350000 0.392699 0.000000
vt -0.750000 0.458149 0.000000
vt 0.350000 0.458149 0.000000
vt -0.750000 0.523599 0.000000
vt 0.350000 0.523599 0.000000
vt -0.750000 0.589049 0.000000
vt 0.350000 0.589049 0.000000
vt -0.750000 0.654498 0.000000
vt 0.350000 0.654498 0.000000
vt 0.106281 0.697978 0.000000
vt 0.117060 0.698242 0.000000
vt 0.127972 0.700218 0.000000
vt 0.350000 0.719948 0.000000
vt 0.138623 0.703892 0.000000
vt 0.148591 0.709186 0.000000
vt 0.157561 0.715778 0.000000
vt 0.165281 0.723335 0.000000
vt 0.171996 0.732073 0.000000
vt 0.177555 0.741862 0.000000
vt 0.181642 0.752399 0.000000
vt 0.350000 0.785398 0.000000
vt 0.184123 0.763310 0.000000
vt 0.184998 0.774170 0.000000
vt 0.184264 0.785009 0.000000
vt 0.181906 0.795931 0.000000
vt 0.065158 -0.735721 0.000000
vt -0.562053 -0.738207 0.000000
vt 0.056967 -0.742908 0.000000
vt -0.554319 -0.745740 0.000000
vt -0.547603 -0.754489 0.000000
vt -0.571043 -0.731663 0.000000
vt 0.074545 -0.729604 0.000000
vt -0.581038 -0.726417 0.000000
vt 0.084828 -0.724911 0.000000
vt -0.591715 -0.722774 0.000000
vt 0.095649 -0.721871 0.000000
vt 0.117352 -0.720802 0.000000
vt 0.128285 -0.722774 0.000000
vt 0.138962 -0.726417 0.000000
vt 0.148957 -0.731663 0.000000
vt 0.157947 -0.738207 0.000000
vt 0.165681 -0.745740 0.000000
vt 0.095379 0.699428 0.000000
vt -0.602940 0.698242 0.000000
vt -0.613719 0.697978 0.000000
vt -0.624621 0.699428 0.000000
vt -0.750000 0.719948 0.000000
vt -0.635400 0.702581 0.000000
vt -0.645616 0.707401 0.000000
vt -0.592028 0.700218 0.000000
vt 0.084600 0.702581 0.000000
vt -0.581377 0.703892 0.000000
vt 0.074384 0.707401 0.000000
vt -0.571409 0.709186 0.000000
vt 0.065076 0.713633 0.000000
vt -0.562439 0.715778 0.000000
vt 0.056967 0.720906 0.000000
vt -0.554719 0.723335 0.000000
vt -0.548004 0.732073 0.000000
vt -0.542445 0.741862 0.000000
vt -0.538358 0.752399 0.000000
vt 0.003934 0.774648 0.000000
vt -0.535877 0.763310 0.000000
vt -0.535002 0.774170 0.000000
vt -0.535736 0.785009 0.000000
vt -0.538094 0.795931 0.000000
vt 0.056967 0.827889 0.000000
vt -0.538094 -0.774865 0.000000
vt -0.542087 -0.764302 0.000000
vt 0.003934 0.010750 0.000000
vt 0.056967 0.064493 0.000000
vt -0.000000 0.051696 0.000000
vt 0.065076 0.071765 0.000000
vt 0.074384 0.077997 0.000000
vt 0.084600 0.082817 0.000000
vt 0.095379 0.085970 0.000000
vt 0.106281 0.087421 0.000000
vt 0.148591 0.076212 0.000000
vt 0.157561 0.069620 0.000000
vt 0.165281 0.062063 0.000000
vt 0.171996 0.053325 0.000000
vt 0.177555 0.043536 0.000000
vt 0.184264 0.000389 0.000000
vt 0.181906 -0.010533 0.000000
vt 0.177913 -0.021096 0.000000
vt 0.148957 -0.053735 0.000000
vt 0.138962 -0.058981 0.000000
vt 0.128285 -0.062624 0.000000
vt 0.117352 -0.064596 0.000000
vt 0.084828 -0.060487 0.000000
vt 0.074545 -0.055794 0.000000
vt 0.065158 -0.049677 0.000000
vt 0.056967 -0.042491 0.000000
vt -0.000000 -0.028101 0.000000
vt -0.000000 0.010750 0.000000
vt -0.716066 0.774648 0.000000
vt -0.750000 0.785398 0.000000
vt -0.750000 -0.785398 0.000000
vt -0.716066 -0.796148 0.000000
vt -0.663033 -0.742908 0.000000
vt -0.654842 -0.735721 0.000000
vt -0.645455 -0.729604 0.000000
vt -0.624621 0.085970 0.000000
vt -0.750000 0.065450 0.000000
vt -0.635400 0.082817 0.000000
vt -0.645616 0.077997 0.000000
vt -0.654924 0.071765 0.000000
vt -0.663033 0.064493 0.000000
vt -0.716066 0.010750 0.000000
vt -0.750000 0.000000 0.000000
vt -0.663033 -0.042491 0.000000
vt -0.654842 -0.049677 0.000000
vt -0.645455 -0.055794 0.000000
vt -0.635172 -0.060487 0.000000
vt -0.635172 -0.724911 0.000000
vt -0.624351 -0.721871 0.000000
vt -0.654924 0.713633 0.000000
vt -0.663033 0.720906 0.000000
vt -0.592028 0.085180 0.000000
vt -0.581377 0.081506 0.000000
vt -0.571409 0.076212 0.000000
vt -0.200000 0.043633 0.000000
vt -0.562439 0.069620 0.000000
vt -0.554719 0.062063 0.000000
vt -0.548004 0.053325 0.000000
vt -0.542445 0.043536 0.000000
vt -0.538358 0.032999 0.000000
vt -0.535877 0.022088 0.000000
vt -0.535002 0.011228 0.000000
vt -0.200000 -0.021817 0.000000
vt -0.535736 0.000389 0.000000
vt -0.538094 -0.010533 0.000000
vt -0.542087 -0.021096 0.000000
vt -0.547603 -0.030909 0.000000
vt -0.554319 -0.039658 0.000000
vt -0.562053 -0.047191 0.000000
vt -0.571043 -0.053735 0.000000
vt -0.581038 -0.058981 0.000000
vt -0.591715 -0.062624 0.000000
vt -0.602648 -0.064596 0.000000
vt 0.000000 0.000000 0.000000
vt 1.119151 0.000000 0.000000
vt 0.000000 0.200000 0.000000
vt 1.119151 0.200000 0.000000
vt 0.332265 0.283745 0.000000
vt 0.720945 0.189167 0.000000
vt 0.335673 0.309627 0.000000
vt 0.735571 0.299569 0.000000
vt 0.725398 0.410469 0.000000
vt 0.322275 0.259627 0.000000
vt 0.621390 -0.008527 0.000000
vt 0.682245 0.084742 0.000000
vt 0.541400 -0.086013 0.000000
vt 0.306383 0.238916 0.000000
vt 0.285673 0.223024 0.000000
vt 0.261554 0.213034 0.000000
vt 0.235673 0.209627 0.000000
vt 0.209791 0.213034 0.000000
vt 0.185673 0.223024 0.000000
vt -0.307729 -0.506954 0.000000
vt -0.294584 -0.543472 0.000000
vt -0.287250 -0.581585 0.000000
vt -0.285904 -0.620373 0.000000
vt -0.326367 -0.472910 0.000000
vt 0.164962 0.238916 0.000000
vt -0.350051 -0.442162 0.000000
vt -0.264182 0.297562 0.000000
vt -0.378207 -0.415450 0.000000
vt -0.410160 -0.393417 0.000000
vt -0.445137 -0.376596 0.000000
vt -0.482296 -0.365391 0.000000
vt -0.520742 -0.360073 0.000000
vt -0.559548 -0.360769 0.000000
vt -0.597778 -0.367464 0.000000
vt -0.634511 -0.379994 0.000000
vt -0.668862 -0.398060 0.000000
vt -0.700003 -0.421224 0.000000
vt -0.727184 -0.448930 0.000000
vt 0.149070 0.259627 0.000000
vt 0.139080 0.283745 0.000000
vt 0.135673 0.309627 0.000000
vt 0.139080 0.335509 0.000000
vt -0.263750 0.333650 0.000000
vt -0.264183 0.321625 0.000000
vt -0.264327 0.309594 0.000000
vt 0.149070 0.359627 0.000000
vt -0.235468 0.860672 0.000000
vt -0.329002 0.764343 0.000000
vt 0.164962 0.380337 0.000000
vt -0.125775 0.938101 0.000000
vt -0.003685 0.993975 0.000000
vt 0.185673 0.396229 0.000000
vt 0.126614 1.026377 0.000000
vt 0.209791 0.406219 0.000000
vt 0.235673 0.409627 0.000000
vt 0.260654 1.034196 0.000000
vt 0.261554 0.406219 0.000000
vt 0.393837 1.017164 0.000000
vt 0.557066 0.692649 0.000000
vt 0.285673 0.396229 0.000000
vt 0.306383 0.380337 0.000000
vt 0.322275 0.359627 0.000000
vt 0.633875 0.612009 0.000000
vt 0.332265 0.335509 0.000000
vt 0.690929 0.516367 0.000000
vt -0.290998 -0.660955 0.000000
vt -0.302642 -0.700162 0.000000
vt -0.320522 -0.736947 0.000000
vt -0.344161 -0.770324 0.000000
vt -0.403169 0.652419 0.000000
vt -0.120203 0.109627 0.000000
vt 0.330885 -0.466233 0.000000
vt -0.004732 0.309627 0.000000
vt 0.264182 0.297562 0.000000
vt 0.264327 0.309594 0.000000
vt -0.351143 0.109627 0.000000
vt 0.289471 -0.653039 0.000000
vt 0.286624 -0.587838 0.000000
vt 0.300749 -0.524122 0.000000
vt -0.541400 -0.086013 0.000000
vt -0.466613 0.309627 0.000000
vt -0.621390 -0.008527 0.000000
vt -0.682245 0.084742 0.000000
vt -0.720945 0.189167 0.000000
vt -0.735571 0.299569 0.000000
vt -0.725398 0.410469 0.000000
vt -0.690929 0.516367 0.000000
vt -0.633875 0.612009 0.000000
vt -0.557066 0.692649 0.000000
vt -0.351143 0.509627 0.000000
vt 0.233687 1.985434 0.000000
vt -0.120203 0.509627 0.000000
vt 0.281903 1.892812 0.000000
vt 0.352449 1.815824 0.000000
vt 0.263750 0.333650 0.000000
vt 0.440517 1.759719 0.000000
vt 0.540105 1.728319 0.000000
vt 0.644426 1.723764 0.000000
vt 0.746372 1.746365 0.000000
vt 0.838995 1.794581 0.000000
vt 0.915982 1.865127 0.000000
vt 0.972087 1.953195 0.000000
vt 0.264183 0.321625 0.000000
vt 0.344161 -0.770324 0.000000
vt 0.309096 -0.715281 0.000000
vt 0.374976 -0.418116 0.000000
vt 0.430018 -0.383050 0.000000
vt 0.492261 -0.363425 0.000000
vt 0.557462 -0.360578 0.000000
vt 0.621178 -0.374704 0.000000
vt 0.679067 -0.404839 0.000000
vt 0.727184 -0.448930 0.000000
vt 0.211086 2.087380 0.000000
vt 0.215641 2.191702 0.000000
vt 0.247041 2.291290 0.000000
vt 0.245033 -0.165888 0.000000
vt -0.000045 -0.157080 0.000000
vt 0.246353 -0.176715 0.000000
vt -0.245124 -0.165888 0.000000
vt -0.246443 -0.176715 0.000000
vt 0.243754 -0.154744 0.000000
vt 0.242674 -0.143482 0.000000
vt -0.000045 -0.137445 0.000000
vt 0.241931 -0.132253 0.000000
vt -0.000045 -0.117810 0.000000
vt 0.241580 -0.121247 0.000000
vt 0.241658 -0.110445 0.000000
vt -0.000045 -0.098175 0.000000
vt 0.242156 -0.099334 0.000000
vt 0.243029 -0.088075 0.000000
vt -0.000045 -0.078540 0.000000
vt 0.244200 -0.076836 0.000000
vt 0.245513 -0.065782 0.000000
vt -0.000045 -0.058905 0.000000
vt 0.246815 -0.055054 0.000000
vt 0.248042 -0.044082 0.000000
vt -0.000045 -0.039270 0.000000
vt 0.249065 -0.032861 0.000000
vt -0.000045 -0.019635 0.000000
vt 0.249727 -0.021576 0.000000
vt 0.249946 -0.010393 0.000000
vt -0.000045 -0.000000 0.000000
vt 0.249703 0.000477 0.000000
vt 0.248971 0.011358 0.000000
vt -0.000045 0.019635 0.000000
vt 0.247775 0.022495 0.000000
vt 0.246173 0.033693 0.000000
vt -0.000045 0.039270 0.000000
vt 0.244285 0.044803 0.000000
vt -0.000045 0.058905 0.000000
vt 0.242290 0.055651 0.000000
vt 0.240322 0.066283 0.000000
vt -0.000045 0.078540 0.000000
vt 0.238426 0.077264 0.000000
vt 0.236786 0.088442 0.000000
vt -0.000045 0.098175 0.000000
vt 0.235587 0.099657 0.000000
vt 0.234918 0.110738 0.000000
vt -0.000045 0.117810 0.000000
vt 0.234826 0.121531 0.000000
vt 0.235323 0.132529 0.000000
vt -0.000045 0.137445 0.000000
vt 0.236363 0.143723 0.000000
vt -0.000045 0.157080 0.000000
vt 0.237885 0.154928 0.000000
vt 0.239723 0.165990 0.000000
vt 0.241682 0.176715 0.000000
vt -0.241773 0.176715 0.000000
vt -0.239813 0.165990 0.000000
vt -0.237975 0.154928 0.000000
vt -0.236454 0.143723 0.000000
vt -0.235413 0.132529 0.000000
vt -0.234916 0.121531 0.000000
vt -0.235008 0.110738 0.000000
vt -0.235677 0.099657 0.000000
vt -0.236876 0.088442 0.000000
vt -0.238516 0.077264 0.000000
vt -0.240412 0.066283 0.000000
vt -0.242380 0.055651 0.000000
vt -0.244375 0.044803 0.000000
vt -0.246263 0.033693 0.000000
vt -0.247865 0.022495 0.000000
vt -0.249061 0.011358 0.000000
vt -0.249793 0.000477 0.000000
vt -0.250036 -0.010393 0.000000
vt -0.249817 -0.021576 0.000000
vt -0.249155 -0.032861 0.000000
vt -0.248133 -0.044082 0.000000
vt -0.246905 -0.055054 0.000000
vt -0.245603 -0.065782 0.000000
vt -0.244290 -0.076836 0.000000
vt -0.243120 -0.088075 0.000000
vt -0.242246 -0.099334 0.000000
vt -0.241749 -0.110445 0.000000
vt -0.241670 -0.121247 0.000000
vt -0.242021 -0.132253 0.000000
vt -0.242764 -0.143482 0.000000
vt -0.243844 -0.154744 0.000000
vt -0.000000 0.249724 0.000000
vt -0.075000 0.246353 0.000000
vt -0.000000 -0.249814 0.000000
vt -0.075000 -0.246443 0.000000
vt -0.075000 0.249724 0.000000
vt -0.075000 -0.249814 0.000000
vt 0.000000 0.241682 0.000000
vt -0.000000 -0.241773 0.000000
vt 0.241481 0.064705 0.000000
vt -0.241481 0.064705 0.000000
vt 0.250000 -0.000000 0.000000
vt -0.250000 0.000000 0.000000
vt 0.241481 -0.064705 0.000000
vt -0.241481 -0.064705 0.000000
vt 0.216506 -0.125000 0.000000
vt -0.216506 -0.125000 0.000000
vt 0.176777 -0.176777 0.000000
vt -0.176777 -0.176777 0.000000
vt 0.125000 -0.216506 0.000000
vt -0.125000 -0.216506 0.000000
vt 0.064705 -0.241481 0.000000
vt -0.064705 -0.241481 0.000000
vt -0.000000 -0.250000 0.000000
vt -0.216506 0.125000 0.000000
vt 0.216506 0.125000 0.000000
vt -0.176777 0.176777 0.000000
vt 0.176777 0.176777 0.000000
vt -0.125000 0.216506 0.000000
vt 0.125000 0.216506 0.000000
vt -0.064705 0.241481 0.000000
vt 0.064705 0.241481 0.000000
vt -0.000000 0.250000 0.000000
vn 0.866025 -0.000000 -0.500000
vn 0.866025 -0.000000 -0.500000
vn 0.866025 -0.000000 -0.500000
vn 0.866025 -0.000000 -0.500000
vn 0.866025 -0.000000 0.500000
vn 0.866025 -0.000000 0.500000
vn 0.866025 -0.000000 0.500000
vn 0.866025 -0.000000 0.500000
vn 0.000000 -0.000000 1.000000
vn 0.000000 -0.000000 1.000000
vn 0.000000 -0.000000 1.000000
vn 0.000000 -0.000000 1.000000
vn -0.866025 -0.000000 0.500000
vn -0.866025 -0.000000 0.500000
vn -0.866025 -0.000000 0.500000
vn -0.866025 -0.000000 0.500000
vn -0.866025 0.000000 -0.500000
vn -0.866025 0.000000 -0.500000
vn -0.866025 0.000000 -0.500000
vn -0.866025 0.000000 -0.500000
vn -0.000000 0.000000 -1.000000
vn -0.000000 0.000000 -1.000000
vn -0.000000 0.000000 -1.000000
vn -0.000000 0.000000 -1.000000
vn -0.000000 -1.000000 -0.000000
vn -0.000000 -1.000000 -0.000000
vn -0.000000 -1.000000 -0.000000
vn -0.000000 -1.000000 -0.000000
vn -0.000000 -1.000000 -0.000000
vn -0.000000 -1.000000 -0.000000
vn -0.000000 -1.000000 -0.000000
vn -0.000000 -1.000000 -0.000000
vn -0.000000 -1.000000 -0.000000
vn -0.000000 -1.000000 -0.000000
vn -0.000000 -1.000000 -0.000000
vn -0.000000 -1.000000 -0.000000
vn -0.000000 -1.000000 -0.000000
vn -0.000000 -1.000000 -0.000000
vn -0.000000 -1.000000 -0.000000
vn -0.000000 -1.000000 -0.000000
vn -0.000000 -1.000000 -0.000000
vn -0.000000 -1.000000 -0.000000
vn -0.000000 -1.000000 -0.000000
vn -0.000000 -1.000000 -0.000000
vn -0.000000 -1.000000 -0.000000
vn -0.000000 -1.000000 -0.000000
vn -0.000000 -1.000000 -0.000000
vn -0.000000 -1.000000 -0.000000
vn -0.000000 -1.000000 -0.000000
vn -0.000000 -1.000000 -0.000000
vn -0.000000 -1.000000 -0.000000
vn -0.000000 -1.000000 -0.000000
vn -0.000000 -1.000000 -0.000000
vn -0.000000 -1.000000 -0.000000
vn -0.965926 0.000000 0.258819
vn -0.965926 0.000000 0.258819
vn -1.000000 0.000000 0.000000
vn -1.000000 0.000000 0.000000
vn -0.965926 -0.000000 -0.258819
vn -0.965926 -0.000000 -0.258819
vn -0.866025 -0.000000 -0.500000
vn -0.866025 -0.000000 -0.500000
vn -0.707107 -0.000000 -0.707107
vn -0.707107 -0.000000 -0.707107
vn -0.500000 -0.000000 -0.866025
vn -0.500000 -0.000000 -0.866025
vn -0.258819 -0.000000 -0.965926
vn -0.258819 -0.000000 -0.965926
vn 0.000000 0.000000 -1.000000
vn 0.000000 0.000000 -1.000000
vn 0.258819 0.000000 -0.965926
vn 0.258819 0.000000 -0.965926
vn 0.500000 0.000000 -0.866025
vn 0.500000 0.000000 -0.866025
vn 0.707107 0.000000 -0.707107
vn 0.707107 0.000000 -0.707107
vn 0.866025 0.000000 -0.500000
vn 0.866025 0.000000 -0.500000
vn 0.965926 0.000000 -0.258819
vn 0.965926 0.000000 -0.258819
vn 1.000000 0.000000 0.000000
vn 1.000000 0.000000 0.000000
vn 0.965926 0.000000 0.258819
vn 0.965926 0.000000 0.258819
vn 0.866025 0.000000 0.500000
vn 0.866025 0.000000 0.500000
vn 0.707107 0.000000 0.707107
vn 0.707107 0.000000 0.707107
vn 0.500000 0.000000 0.866025
vn 0.500000 0.000000 0.866025
vn 0.258819 0.000000 0.965926
vn 0.258819 0.000000 0.965926
vn 0.000000 0.000000 1.000000
vn 0.000000 0.000000 1.000000
vn -0.258819 0.000000 0.965926
vn -0.258819 0.000000 0.965926
vn -0.500000 0.000000 0.866025
vn -0.500000 0.000000 0.866025
vn -0.707107 0.000000 0.707107
vn -0.707107 0.000000 0.707107
vn -0.866025 0.000000 0.500000
vn -0.866025 0.000000 0.500000
vn 0.965926 0.000000 0.258819
vn 0.965926 0.000000 0.258819
vn 1.000000 0.000000 0.000000
vn 1.000000 0.000000 0.000000
vn 0.965926 0.000000 -0.258819
vn 0.965926 0.000000 -0.258819
vn 0.866025 0.000000 -0.500000
vn 0.866025 0.000000 -0.500000
vn 0.707107 0.000000 -0.707107
vn 0.707107 0.000000 -0.707107
vn 0.500000 0.000000 -0.866025
vn 0.500000 0.000000 -0.866025
vn 0.258819 0.000000 -0.965926
vn 0.258819 0.000000 -0.965926
vn -0.000000 -0.000000 -1.000000
vn -0.000000 -0.000000 -1.000000
vn -0.258819 -0.000000 -0.965926
vn -0.258819 -0.000000 -0.965926
vn -0.500000 -0.000000 -0.866025
vn -0.500000 -0.000000 -0.866025
vn -0.707107 -0.000000 -0.707107
vn -0.707107 -0.000000 -0.707107
vn -0.866025 -0.000000 -0.500000
vn -0.866025 -0.000000 -0.500000
vn -0.965926 -0.000000 -0.258819
vn -0.965926 -0.000000 -0.258819
vn -1.000000 -0.000000 0.000000
vn -1.000000 -0.000000 0.000000
vn -0.965926 0.000000 0.258819
vn -0.965926 0.000000 0.258819
vn -0.866025 0.000000 0.500000
vn -0.866025 0.000000 0.500000
vn -0.707107 0.000000 0.707107
vn -0.707107 0.000000 0.707107
vn -0.500000 0.000000 0.866025
vn -0.500000 0.000000 0.866025
vn -0.258819 0.000000 0.965926
vn -0.258819 0.000000 0.965926
vn -0.000000 0.000000 1.000000
vn -0.000000 0.000000 1.000000
vn 0.258819 0.000000 0.965926
vn 0.258819 0.000000 0.965926
vn 0.500000 0.000000 0.866025
vn 0.500000 0.000000 0.866025
vn 0.707107 0.000000 0.707107
vn 0.707107 0.000000 0.707107
vn 0.866025 0.000000 0.500000
vn 0.866025 0.000000 0.500000
vn -0.000000 1.000000 -0.000000
vn -0.000000 1.000000 -0.000000
vn -0.000000 1.000000 -0.000000
vn -0.000000 1.000000 -0.000000
vn -0.000000 1.000000 -0.000000
vn -0.000000 1.000000 -0.000000
vn -0.000000 1.000000 -0.000000
vn -0.000000 1.000000 -0.000000
vn -0.000000 1.000000 -0.000000
vn -0.000000 1.000000 -0.000000
vn -0.000000 1.000000 -0.000000
vn -0.000000 1.000000 -0.000000
vn -0.000000 1.000000 -0.000000
vn -0.000000 1.000000 -0.000000
vn -0.000000 1.000000 -0.000000
vn -0.000000 1.000000 -0.000000
vn -0.000000 1.000000 -0.000000
vn -0.000000 1.000000 -0.000000
vn -0.000000 1.000000 -0.000000
vn -0.000000 1.000000 -0.000000
vn -0.000000 1.000000 -0.000000
vn -0.000000 1.000000 -0.000000
vn -0.000000 1.000000 -0.000000
vn -0.000000 1.000000 -0.000000
vn -0.000000 1.000000 -0.000000
vn -0.000000 1.000000 -0.000000
vn -0.000000 1.000000 -0.000000
vn -0.000000 1.000000 -0.000000
vn -0.000000 1.000000 -0.000000
vn -0.000000 1.000000 -0.000000
vn -0.000000 1.000000 -0.000000
vn -0.000000 1.000000 -0.000000
vn -0.000000 1.000000 -0.000000
vn -0.000000 1.000000 -0.000000
vn -0.000000 1.000000 -0.000000
vn -0.000000 1.000000 -0.000000
vn -0.000000 1.000000 -0.000000
vn -0.000000 1.000000 -0.000000
vn -0.000000 1.000000 -0.000000
vn -0.000000 1.000000 -0.000000
vn -0.000000 1.000000 -0.000000
vn -0.000000 1.000000 -0.000000
vn -0.000000 1.000000 -0.000000
vn -0.000000 1.000000 -0.000000
vn -0.000000 1.000000 -0.000000
vn -0.000000 1.000000 -0.000000
vn -0.000000 1.000000 -0.000000
vn -0.000000 1.000000 -0.000000
vn 0.965926 0.000000 -0.258819
vn 0.965926 0.000000 -0.258819
vn 1.000000 0.000000 -0.000000
vn 1.000000 0.000000 -0.000000
vn 0.965926 0.000000 0.258819
vn 0.965926 0.000000 0.258819
vn 0.866025 0.000000 0.500000
vn 0.866025 0.000000 0.500000
vn 0.707107 0.000000 0.707107
vn 0.707107 0.000000 0.707107
vn 0.500000 0.000000 0.866025
vn 0.500000 0.000000 0.866025
vn 0.258819 0.000000 0.965926
vn 0.258819 0.000000 0.965926
vn -0.000000 0.000000 1.000000
vn -0.000000 0.000000 1.000000
vn -0.258819 0.000000 0.965926
vn -0.258819 0.000000 0.965926
vn -0.500000 0.000000 0.866025
vn -0.500000 0.000000 0.866025
vn -0.707107 0.000000 0.707107
vn -0.707107 0.000000 0.707107
vn -0.866025 0.000000 0.500000
vn -0.866025 0.000000 0.500000
vn -0.965926 0.000000 0.258819
vn -0.965926 0.000000 0.258819
vn -1.000000 -0.000000 0.000000
vn -1.000000 -0.000000 0.000000
vn -0.965926 -0.000000 -0.258819
vn -0.965926 -0.000000 -0.258819
vn -0.866025 -0.000000 -0.500000
vn -0.866025 -0.000000 -0.500000
vn -0.707107 -0.000000 -0.707107
vn -0.707107 -0.000000 -0.707107
vn -0.500000 -0.000000 -0.866025
vn -0.500000 -0.000000 -0.866025
vn -0.258819 -0.000000 -0.965926
vn -0.258819 -0.000000 -0.965926
vn -0.000000 -0.000000 -1.000000
vn -0.000000 -0.000000 -1.000000
vn 0.258819 0.000000 -0.965926
vn 0.258819 0.000000 -0.965926
vn 0.500000 0.000000 -0.866025
vn 0.500000 0.000000 -0.866025
vn 0.707107 0.000000 -0.707107
vn 0.707107 0.000000 -0.707107
vn 0.866025 0.000000 -0.500000
vn 0.866025 0.000000 -0.500000
vn 0.965926 0.000000 0.258819
vn 1.000000 0.000000 0.000000
vn 0.965926 0.000000 -0.258819
vn 0.866025 0.000000 -0.500000
vn 0.707107 0.000000 -0.707107
vn 0.500000 0.000000 -0.866025
vn 0.258819 0.000000 -0.965926
vn -0.000000 -0.000000 -1.000000
vn -0.258819 -0.000000 -0.965926
vn -0.500000 -0.000000 -0.866025
vn -0.707107 -0.000000 -0.707107
vn -0.866025 -0.000000 -0.500000
vn -0.965926 -0.000000 -0.258819
vn -1.000000 -0.000000 0.000000
vn -0.965926 0.000000 0.258819
vn -0.866025 0.000000 0.500000
vn -0.707107 0.000000 0.707107
vn -0.500000 0.000000 0.866025
vn -0.258819 0.000000 0.965926
vn -0.000000 0.000000 1.000000
vn 0.258819 0.000000 0.965926
vn 0.500000 0.000000 0.866025
vn 0.707107 0.000000 0.707107
vn 0.866025 0.000000 0.500000
vn -0.000000 0.598028 0.801475
vn -0.000000 0.500000 0.866025
vn -0.000000 0.707107 0.707107
vn -0.000000 0.598028 0.801475
vn -0.000000 0.707107 0.707107
vn -0.000000 0.472798 0.881171
vn -0.000000 0.335650 0.941987
vn -0.000000 0.258819 0.965926
vn -0.000000 0.191393 0.981513
vn -0.000000 0.000000 1.000000
vn -0.000000 0.045814 0.998950
vn 0.000000 -0.098039 0.995183
vn 0.000000 -0.258819 0.965926
vn 0.000000 -0.243862 0.969810
vn 0.000000 -0.386163 0.922431
vn 0.000000 -0.500000 0.866025
vn 0.000000 -0.519546 0.854443
vn 0.000000 -0.639389 0.768883
vn 0.000000 -0.707107 0.707107
vn 0.000000 -0.742462 0.669888
vn 0.000000 -0.832182 0.554503
vn 0.000000 -0.866025 0.500000
vn 0.000000 -0.905542 0.424257
vn 0.000000 -0.965926 0.258819
vn 0.000000 -0.958904 0.283731
vn 0.000000 -0.990414 0.138132
vn 0.000000 -1.000000 0.000000
vn 0.000000 -0.999980 -0.006365
vn 0.000000 -0.988555 -0.150860
vn 0.000000 -0.965926 -0.258819
vn 0.000000 -0.955356 -0.295458
vn 0.000000 -0.900778 -0.434281
vn 0.000000 -0.866025 -0.500000
vn 0.000000 -0.826819 -0.562468
vn 0.000000 -0.707107 -0.707107
vn 0.000000 -0.737113 -0.675769
vn 0.000000 -0.634241 -0.773135
vn 0.000000 -0.500000 -0.866025
vn 0.000000 -0.514664 -0.857392
vn 0.000000 -0.381643 -0.924310
vn 0.000000 -0.258819 -0.965926
vn 0.000000 -0.239685 -0.970851
vn 0.000000 -0.094150 -0.995558
vn 0.000000 -0.000000 -1.000000
vn 0.000000 0.049593 -0.998769
vn 0.000000 0.194994 -0.980804
vn 0.000000 0.258819 -0.965926
vn 0.000000 0.338683 -0.940901
vn 0.000000 0.500000 -0.866025
vn 0.000000 0.474953 -0.880011
vn 0.000000 0.599123 -0.800657
vn 0.000000 0.707107 -0.707107
vn 0.000000 0.707107 -0.707107
vn 0.000000 0.599123 -0.800657
vn 0.000000 0.474953 -0.880011
vn 0.000000 0.338683 -0.940901
vn 0.000000 0.194994 -0.980804
vn 0.000000 0.049593 -0.998769
vn 0.000000 -0.094150 -0.995558
vn 0.000000 -0.239685 -0.970851
vn 0.000000 -0.381643 -0.924310
vn 0.000000 -0.514664 -0.857392
vn 0.000000 -0.634241 -0.773135
vn 0.000000 -0.737113 -0.675769
vn 0.000000 -0.826819 -0.562468
vn 0.000000 -0.900778 -0.434281
vn 0.000000 -0.955356 -0.295458
vn 0.000000 -0.988555 -0.150860
vn 0.000000 -0.999980 -0.006365
vn 0.000000 -0.990414 0.138132
vn 0.000000 -0.958904 0.283731
vn 0.000000 -0.905542 0.424257
vn 0.000000 -0.832182 0.554503
vn 0.000000 -0.742462 0.669888
vn 0.000000 -0.639389 0.768883
vn 0.000000 -0.519546 0.854443
vn 0.000000 -0.386163 0.922431
vn 0.000000 -0.243862 0.969810
vn 0.000000 -0.098039 0.995183
vn -0.000000 0.045814 0.998950
vn -0.000000 0.191393 0.981513
vn -0.000000 0.335650 0.941987
vn -0.000000 0.472798 0.881171
vn -0.000000 0.707107 0.707107
vn -0.000000 0.707107 0.707107
vn -0.000000 0.707107 -0.707107
vn -0.000000 0.707107 -0.707107
vn 0.000000 1.000000 0.000000
vn 0.000000 1.000000 0.000000
vn 0.000000 1.000000 0.000000
vn 0.000000 1.000000 0.000000
vn 0.000000 1.000000 0.000000
vn 0.000000 1.000000 0.000000
vn 0.000000 1.000000 0.000000
vn 0.000000 1.000000 0.000000
vn 0.000000 1.000000 0.000000
vn 0.000000 1.000000 0.000000
vn 0.000000 1.000000 0.000000
vn 0.000000 1.000000 0.000000
vn 0.000000 1.000000 0.000000
vn 0.000000 1.000000 0.000000
vn 0.000000 1.000000 0.000000
vn 0.000000 1.000000 0.000000
vn 0.000000 1.000000 0.000000
vn 0.000000 1.000000 0.000000
vn 0.000000 1.000000 0.000000
vn 0.000000 1.000000 0.000000
vn 0.000000 1.000000 0.000000
vn 0.000000 1.000000 0.000000
vn 0.000000 1.000000 0.000000
vn 0.000000 1.000000 0.000000
vn 0.881161 -0.000000 0.472816
vn 0.881161 -0.000000 0.472816
vn 0.778862 -0.000000 0.627195
vn 0.778862 -0.000000 0.627195
vn 0.649850 -0.000000 0.760063
vn 0.649850 -0.000000 0.760063
vn 0.498549 -0.000000 0.866862
vn 0.498549 -0.000000 0.866862
vn 0.330149 -0.000000 0.943929
vn 0.330149 -0.000000 0.943929
vn 0.150426 -0.000000 0.988621
vn 0.150426 -0.000000 0.988621
vn -0.034457 0.000000 0.999406
vn -0.034457 0.000000 0.999406
vn -0.218158 0.000000 0.975913
vn -0.218158 0.000000 0.975913
vn 0.000000 1.000000 0.000000
vn 0.000000 1.000000 0.000000
vn 0.000000 1.000000 0.000000
vn 0.000000 1.000000 0.000000
vn 0.000000 1.000000 0.000000
vn 0.000000 1.000000 0.000000
vn 0.000000 1.000000 0.000000
vn 0.000000 1.000000 0.000000
vn 0.000000 1.000000 0.000000
vn 0.000000 1.000000 0.000000
vn 0.000000 1.000000 0.000000
vn 0.000000 1.000000 0.000000
vn 0.000000 1.000000 0.000000
vn 0.000000 1.000000 0.000000
vn 0.000000 1.000000 0.000000
vn 0.000000 1.000000 0.000000
vn 0.000000 1.000000 0.000000
vn 0.000000 1.000000 0.000000
vn 0.000000 1.000000 0.000000
vn 0.000000 1.000000 0.000000
vn 0.000000 1.000000 0.000000
vn 0.000000 1.000000 0.000000
vn 0.000000 1.000000 0.000000
vn 0.000000 1.000000 0.000000
vn 0.000000 1.000000 0.000000
vn 0.000000 1.000000 0.000000
vn 0.000000 1.000000 0.000000
vn 0.000000 1.000000 0.000000
vn 0.000000 1.000000 0.000000
vn 0.000000 1.000000 0.000000
vn 0.000000 1.000000 0.000000
vn 0.000000 1.000000 0.000000
vn 0.000000 1.000000 0.000000
vn 0.000000 1.000000 0.000000
vn 0.000000 1.000000 0.000000
vn 0.000000 1.000000 0.000000
vn 0.000000 1.000000 0.000000
vn 0.000000 1.000000 0.000000
vn 0.000000 1.000000 0.000000
vn 0.000000 1.000000 0.000000
vn 0.000000 1.000000 0.000000
vn 0.000000 1.000000 0.000000
vn 0.000000 1.000000 0.000000
vn 0.000000 1.000000 0.000000
vn 0.000000 1.000000 0.000000
vn 0.000000 -1.000000 0.000000
vn 0.000000 -1.000000 0.000000
vn 0.000000 -1.000000 0.000000
vn 0.000000 -1.000000 0.000000
vn 0.000000 -1.000000 0.000000
vn 0.000000 -1.000000 0.000000
vn 0.000000 -1.000000 0.000000
vn 0.000000 -1.000000 0.000000
vn 0.000000 -1.000000 0.000000
vn 0.000000 -1.000000 0.000000
vn 0.000000 -1.000000 0.000000
vn 0.000000 -1.000000 0.000000
vn 0.000000 -1.000000 0.000000
vn 0.000000 -1.000000 0.000000
vn 0.000000 -1.000000 0.000000
vn 0.000000 -1.000000 0.000000
vn 0.000000 -1.000000 0.000000
vn 0.000000 -1.000000 0.000000
vn 0.000000 -1.000000 0.000000
vn 0.000000 -1.000000 0.000000
vn 0.000000 -1.000000 0.000000
vn 0.000000 -1.000000 0.000000
vn 0.000000 -1.000000 0.000000
vn 0.000000 -1.000000 0.000000
vn 0.000000 -1.000000 0.000000
vn 0.000000 -1.000000 0.000000
vn 0.000000 -1.000000 0.000000
vn 0.000000 -1.000000 0.000000
vn 0.000000 -1.000000 0.000000
vn 0.000000 -1.000000 0.000000
vn 0.000000 -1.000000 0.000000
vn 0.000000 -1.000000 0.000000
vn 0.000000 -1.000000 0.000000
vn 0.000000 -1.000000 0.000000
vn 0.000000 -1.000000 0.000000
vn 0.000000 -1.000000 0.000000
vn 0.000000 -1.000000 0.000000
vn 0.000000 -1.000000 0.000000
vn 0.000000 -1.000000 0.000000
vn 0.000000 -1.000000 0.000000
vn 0.000000 -1.000000 0.000000
vn 0.000000 -1.000000 0.000000
vn 0.000000 -1.000000 0.000000
vn 0.000000 -1.000000 0.000000
vn 0.000000 -1.000000 0.000000
vn 0.000000 -1.000000 0.000000
vn 0.000000 -1.000000 0.000000
vn 0.000000 -1.000000 0.000000
vn 0.642788 -0.000000 -0.766044
vn 0.642788 -0.000000 -0.766044
vn 0.796405 -0.000000 -0.604764
vn 0.796405 -0.000000 -0.604764
vn 0.910513 -0.000000 -0.413481
vn 0.910513 -0.000000 -0.413481
vn 0.979450 -0.000000 -0.201685
vn 0.979450 -0.000000 -0.201685
vn 0.999798 0.000000 0.020116
vn 0.999798 0.000000 0.020116
vn 0.970545 0.000000 0.240919
vn 0.970545 0.000000 0.240919
vn 0.893144 0.000000 0.449770
vn 0.893144 0.000000 0.449770
vn 0.771435 0.000000 0.636308
vn 0.771435 0.000000 0.636308
vn 0.611455 0.000000 0.791279
vn 0.611455 0.000000 0.791279
vn 0.893355 0.000000 -0.449352
vn 0.893355 0.000000 -0.449352
vn 0.893355 0.000000 -0.449352
vn 0.893355 0.000000 -0.449352
vn 0.893355 0.000000 -0.449352
vn 0.893355 0.000000 -0.449352
vn -0.984808 -0.000000 0.173648
vn -0.906308 -0.000000 0.422618
vn -0.906308 -0.000000 0.422618
vn -0.766044 -0.000000 0.642788
vn -0.766044 -0.000000 0.642788
vn -0.573576 -0.000000 0.819152
vn -0.573576 -0.000000 0.819152
vn -0.342020 -0.000000 0.939693
vn -0.342020 -0.000000 0.939693
vn -0.087156 -0.000000 0.996195
vn -0.087156 -0.000000 0.996195
vn 0.173648 0.000000 0.984808
vn 0.173648 0.000000 0.984808
vn 0.422618 0.000000 0.906308
vn 0.422618 0.000000 0.906308
vn 0.642788 0.000000 0.766044
vn 0.642788 0.000000 0.766044
vn 0.819152 0.000000 0.573576
vn 0.819152 0.000000 0.573576
vn 0.939693 0.000000 0.342020
vn 0.939693 0.000000 0.342020
vn 0.996195 0.000000 0.087156
vn 0.996195 0.000000 0.087156
vn 0.984808 -0.000000 -0.173648
vn 0.984808 -0.000000 -0.173648
vn 0.906308 -0.000000 -0.422618
vn 0.906308 -0.000000 -0.422618
vn 0.766044 -0.000000 -0.642788
vn 0.766044 -0.000000 -0.642788
vn 0.573576 -0.000000 -0.819152
vn 0.573576 -0.000000 -0.819152
vn 0.342020 -0.000000 -0.939693
vn 0.342020 -0.000000 -0.939693
vn 0.087156 -0.000000 -0.996195
vn 0.087156 -0.000000 -0.996195
vn -0.173648 -0.000000 -0.984808
vn -0.173648 -0.000000 -0.984808
vn -0.422618 -0.000000 -0.906308
vn -0.422618 -0.000000 -0.906308
vn -0.642788 -0.000000 -0.766044
vn -0.642788 -0.000000 -0.766044
vn -0.819152 -0.000000 -0.573576
vn -0.819152 -0.000000 -0.573576
vn -0.939693 -0.000000 -0.342020
vn -0.939693 -0.000000 -0.342020
vn -0.996195 -0.000000 -0.087156
vn -0.996195 -0.000000 -0.087156
vn -0.984808 -0.000000 0.173648
vn -0.906308 -0.000000 0.422618
vn 0.906308 -0.000000 -0.422618
vn -0.916202 0.000000 0.400717
vn -0.916202 0.000000 0.400717
vn -0.916202 0.000000 0.400717
vn -0.916202 0.000000 0.400717
vn -0.916202 0.000000 0.400717
vn -0.916202 0.000000 0.400717
vn -0.999709 -0.000000 0.024128
vn -0.999709 -0.000000 0.024128
vn -1.000000 -0.000000 0.000065
vn -1.000000 -0.000000 0.000065
vn -0.999712 -0.000000 -0.023998
vn -0.999712 -0.000000 -0.023998
vn -0.998845 -0.000000 -0.048047
vn -0.998845 -0.000000 -0.048047
vn -0.849813 -0.000000 -0.527085
vn -0.849813 -0.000000 -0.527085
vn -0.849813 -0.000000 -0.527085
vn -0.849813 -0.000000 -0.527085
vn -0.965926 -0.000000 -0.258819
vn -0.992367 -0.000000 -0.123322
vn -1.000000 -0.000000 -0.000000
vn -0.996442 -0.000000 -0.084285
vn -0.999113 -0.000000 -0.042120
vn -0.866025 -0.000000 -0.500000
vn -0.866025 -0.000000 -0.500000
vn -0.965926 -0.000000 -0.258819
vn -0.966496 -0.000000 -0.256683
vn -0.966496 -0.000000 -0.256683
vn -0.966804 -0.000000 -0.255519
vn -0.707107 -0.000000 -0.707107
vn -0.766044 -0.000000 -0.642788
vn -0.766044 -0.000000 -0.642788
vn -0.707107 -0.000000 -0.707107
vn -0.573576 -0.000000 -0.819152
vn -0.500000 -0.000000 -0.866025
vn -0.342020 -0.000000 -0.939693
vn -0.258819 -0.000000 -0.965926
vn -0.087156 -0.000000 -0.996195
vn 0.000000 -0.000000 -1.000000
vn 0.173648 -0.000000 -0.984808
vn 0.258819 -0.000000 -0.965926
vn 0.422618 -0.000000 -0.906308
vn 0.500000 -0.000000 -0.866025
vn 0.642788 -0.000000 -0.766044
vn 0.707107 -0.000000 -0.707107
vn 0.819152 -0.000000 -0.573576
vn 0.866025 -0.000000 -0.500000
vn 0.939693 -0.000000 -0.342020
vn 0.965926 -0.000000 -0.258819
vn 0.966496 -0.000000 -0.256683
vn 0.967888 -0.000000 -0.251383
vn -0.657323 -0.000000 -0.753609
vn -0.500000 -0.000000 -0.866025
vn -0.532759 -0.000000 -0.846267
vn -0.395354 -0.000000 -0.918529
vn -0.258819 -0.000000 -0.965926
vn -0.248421 -0.000000 -0.968652
vn -0.095500 -0.000000 -0.995429
vn 0.000000 -0.000000 -1.000000
vn 0.059723 -0.000000 -0.998215
vn 0.258819 -0.000000 -0.965926
vn 0.213506 -0.000000 -0.976942
vn 0.362143 -0.000000 -0.932123
vn 0.500000 -0.000000 -0.866025
vn 0.502052 -0.000000 -0.864838
vn 0.629860 -0.000000 -0.776708
vn 0.707107 -0.000000 -0.707107
vn 0.742488 -0.000000 -0.669859
vn 0.837221 -0.000000 -0.546865
vn 0.866025 -0.000000 -0.500000
vn 0.911775 -0.000000 -0.410691
vn 0.965926 -0.000000 -0.258819
vn 0.964353 -0.000000 -0.264618
vn 0.966496 -0.000000 -0.256683
vn 0.967888 -0.000000 -0.251383
vn 1.000000 0.000000 -0.000000
vn 0.992367 -0.000000 -0.123322
vn 0.987444 -0.000000 -0.157969
vn 0.982237 -0.000000 -0.187647
vn 0.965926 0.000000 0.258819
vn 0.991301 0.000000 0.131614
vn 0.996100 0.000000 0.088237
vn 0.998992 0.000000 0.044896
vn 0.866025 0.000000 0.500000
vn 0.939843 0.000000 0.341606
vn 0.942514 0.000000 0.334166
vn 0.947323 0.000000 0.320280
vn 0.707107 0.000000 0.707107
vn 0.766044 0.000000 0.642788
vn 0.860600 0.000000 0.509281
vn 0.932123 0.000000 0.362143
vn 0.500000 0.000000 0.866025
vn 0.500000 0.000000 0.866025
vn 0.707107 0.000000 0.707107
vn 0.766044 0.000000 0.642788
vn 0.866025 0.000000 0.500000
vn 0.906308 0.000000 0.422618
vn 0.939482 0.000000 0.342599
vn 0.939843 0.000000 0.341606
vn 0.258819 0.000000 0.965926
vn 0.258819 0.000000 0.965926
vn 0.000000 0.000000 1.000000
vn 0.000000 0.000000 1.000000
vn -0.258819 -0.000000 0.965926
vn -0.258819 -0.000000 0.965926
vn -0.500000 -0.000000 0.866025
vn -0.500000 -0.000000 0.866025
vn -0.707107 -0.000000 0.707107
vn -0.707107 -0.000000 0.707107
vn -0.866025 -0.000000 0.500000
vn -0.866025 -0.000000 0.500000
vn -0.939482 -0.000000 0.342599
vn -0.939843 -0.000000 0.341606
vn -0.942514 -0.000000 0.334166
vn -0.965926 -0.000000 0.258819
vn -0.947323 -0.000000 0.320280
vn -0.953892 -0.000000 0.300150
vn -0.961474 -0.000000 0.274894
vn -0.969344 -0.000000 0.245709
vn -0.977337 -0.000000 0.211687
vn -0.984875 -0.000000 0.173264
vn -0.991301 -0.000000 0.131614
vn -0.996100 -0.000000 0.088237
vn -0.998992 -0.000000 0.044896
vn -0.999999 -0.000000 0.001557
vn -0.980322 -0.000000 -0.197403
vn -0.982237 -0.000000 -0.187647
vn -0.985591 -0.000000 -0.169145
vn -0.987444 -0.000000 -0.157969
vn -0.992367 -0.000000 -0.123322
vn -0.976989 -0.000000 -0.213288
vn -0.975199 -0.000000 -0.221328
vn -0.972299 -0.000000 -0.233743
vn -0.970873 -0.000000 -0.239593
vn -0.968790 -0.000000 -0.247885
vn -0.967888 -0.000000 -0.251383
vn -0.966804 -0.000000 -0.255519
vn -0.968790 -0.000000 -0.247885
vn -0.972299 -0.000000 -0.233743
vn -0.976989 -0.000000 -0.213288
vn -0.982237 -0.000000 -0.187647
vn -0.987444 -0.000000 -0.157969
vn -0.941454 -0.000000 0.337142
vn -0.939843 -0.000000 0.341606
vn -0.939482 -0.000000 0.342599
vn -0.941454 -0.000000 0.337142
vn -0.965926 -0.000000 0.258819
vn -0.945631 -0.000000 0.325242
vn -0.951725 -0.000000 0.306953
vn -0.942514 -0.000000 0.334166
vn -0.945631 -0.000000 0.325242
vn -0.947323 -0.000000 0.320280
vn -0.951725 -0.000000 0.306953
vn -0.953892 -0.000000 0.300150
vn -0.959081 -0.000000 0.283132
vn -0.961474 -0.000000 0.274894
vn -0.966910 -0.000000 0.255119
vn -0.969344 -0.000000 0.245709
vn -0.977337 -0.000000 0.211687
vn -0.984875 -0.000000 0.173264
vn -0.991301 -0.000000 0.131614
vn -0.999076 -0.000000 0.042987
vn -0.996100 -0.000000 0.088237
vn -0.998992 -0.000000 0.044896
vn -0.999999 -0.000000 0.001557
vn -0.999113 -0.000000 -0.042120
vn -0.996442 -0.000000 -0.084285
vn 0.999076 0.000000 0.042987
vn 0.966910 0.000000 0.255119
vn 0.978697 0.000000 0.205312
vn 0.959081 0.000000 0.283132
vn 0.951725 0.000000 0.306953
vn 0.945631 0.000000 0.325242
vn 0.941454 0.000000 0.337142
vn 0.939482 0.000000 0.342599
vn 0.953892 0.000000 0.300150
vn 0.961474 0.000000 0.274894
vn 0.969344 0.000000 0.245709
vn 0.977337 0.000000 0.211687
vn 0.984875 0.000000 0.173264
vn 0.999999 0.000000 0.001557
vn 0.999113 -0.000000 -0.042120
vn 0.996442 -0.000000 -0.084285
vn 0.976989 -0.000000 -0.213288
vn 0.972299 -0.000000 -0.233743
vn 0.968790 -0.000000 -0.247885
vn 0.966804 -0.000000 -0.255519
vn 0.970873 -0.000000 -0.239593
vn 0.975199 -0.000000 -0.221328
vn 0.980322 -0.000000 -0.197403
vn 0.985591 -0.000000 -0.169145
vn 0.993689 -0.000000 -0.112167
vn 0.999076 0.000000 0.042987
vn -0.999076 -0.000000 0.042987
vn -1.000000 -0.000000 0.000000
vn -0.985591 -0.000000 -0.169145
vn -0.980322 -0.000000 -0.197403
vn -0.975199 -0.000000 -0.221328
vn 0.941454 0.000000 0.337142
vn 0.965926 0.000000 0.258819
vn 0.945631 0.000000 0.325242
vn 0.951725 0.000000 0.306953
vn 0.959081 0.000000 0.283132
vn 0.966910 0.000000 0.255119
vn 0.999076 0.000000 0.042987
vn 1.000000 0.000000 -0.000000
vn 0.985591 -0.000000 -0.169145
vn 0.980322 -0.000000 -0.197403
vn 0.975199 -0.000000 -0.221328
vn 0.970873 -0.000000 -0.239593
vn -0.970873 -0.000000 -0.239593
vn -0.967888 -0.000000 -0.251383
vn -0.959081 -0.000000 0.283132
vn -0.966910 -0.000000 0.255119
vn 0.942514 0.000000 0.334166
vn 0.947323 0.000000 0.320280
vn 0.953892 0.000000 0.300150
vn 0.984808 0.000000 0.173648
vn 0.961474 0.000000 0.274894
vn 0.969344 0.000000 0.245709
vn 0.977337 0.000000 0.211687
vn 0.984875 0.000000 0.173264
vn 0.991301 0.000000 0.131614
vn 0.996100 0.000000 0.088237
vn 0.998992 0.000000 0.044896
vn 0.996195 -0.000000 -0.087156
vn 0.999999 0.000000 0.001557
vn 0.999113 -0.000000 -0.042120
vn 0.996442 -0.000000 -0.084285
vn 0.992367 -0.000000 -0.123322
vn 0.987444 -0.000000 -0.157969
vn 0.982237 -0.000000 -0.187647
vn 0.976989 -0.000000 -0.213288
vn 0.972299 -0.000000 -0.233743
vn 0.968790 -0.000000 -0.247885
vn 0.966804 -0.000000 -0.255519
vn 0.611455 0.000000 0.791279
vn 0.611455 0.000000 0.791279
vn 0.000000 1.000000 0.000000
vn 0.000000 1.000000 0.000000
vn 0.000000 1.000000 0.000000
vn 0.000000 1.000000 0.000000
vn 0.000000 1.000000 0.000000
vn 0.000000 1.000000 0.000000
vn 0.000000 1.000000 0.000000
vn 0.000000 1.000000 0.000000
vn 0.000000 1.000000 0.000000
vn 0.000000 1.000000 0.000000
vn 0.000000 1.000000 0.000000
vn 0.000000 1.000000 0.000000
vn 0.000000 1.000000 0.000000
vn 0.000000 1.000000 0.000000
vn 0.000000 1.000000 0.000000
vn 0.000000 1.000000 0.000000
vn 0.000000 1.000000 0.000000
vn 0.000000 1.000000 0.000000
vn 0.000000 1.000000 0.000000
vn 0.000000 1.000000 0.000000
vn 0.000000 1.000000 0.000000
vn 0.000000 1.000000 0.000000
vn 0.000000 1.000000 0.000000
vn 0.000000 1.000000 0.000000
vn 0.000000 1.000000 0.000000
vn 0.000000 1.000000 0.000000
vn 0.000000 1.000000 0.000000
vn 0.000000 1.000000 0.000000
vn 0.000000 1.000000 0.000000
vn 0.000000 1.000000 0.000000
vn 0.000000 1.000000 0.000000
vn 0.000000 1.000000 0.000000
vn 0.000000 1.000000 0.000000
vn 0.000000 1.000000 0.000000
vn 0.000000 1.000000 0.000000
vn 0.000000 1.000000 0.000000
vn 0.000000 1.000000 0.000000
vn 0.000000 1.000000 0.000000
vn 0.000000 1.000000 0.000000
vn 0.000000 1.000000 0.000000
vn 0.000000 1.000000 0.000000
vn 0.000000 1.000000 0.000000
vn 0.000000 1.000000 0.000000
vn 0.000000 1.000000 0.000000
vn 0.000000 1.000000 0.000000
vn 0.000000 1.000000 0.000000
vn 0.000000 1.000000 0.000000
vn 0.000000 1.000000 0.000000
vn 0.000000 1.000000 0.000000
vn 0.000000 1.000000 0.000000
vn 0.000000 1.000000 0.000000
vn 0.000000 1.000000 0.000000
vn 0.000000 1.000000 0.000000
vn 0.000000 1.000000 0.000000
vn 0.000000 1.000000 0.000000
vn 0.000000 1.000000 0.000000
vn 0.000000 1.000000 0.000000
vn 0.000000 1.000000 0.000000
vn 0.000000 1.000000 0.000000
vn 0.000000 1.000000 0.000000
vn 0.000000 1.000000 0.000000
vn 0.000000 1.000000 0.000000
vn 0.000000 1.000000 0.000000
vn 0.000000 1.000000 0.000000
vn 0.000000 1.000000 0.000000
vn 0.000000 1.000000 0.000000
vn -0.000000 -1.000000 -0.000000
vn -0.000000 -1.000000 -0.000000
vn -0.000000 -1.000000 -0.000000
vn -0.000000 -1.000000 -0.000000
vn -0.000000 -1.000000 -0.000000
vn -0.000000 -1.000000 -0.000000
vn -0.000000 -1.000000 -0.000000
vn -0.000000 -1.000000 -0.000000
vn -0.000000 -1.000000 -0.000000
vn -0.000000 -1.000000 -0.000000
vn -0.000000 -1.000000 -0.000000
vn -0.000000 -1.000000 -0.000000
vn -0.000000 -1.000000 -0.000000
vn -0.000000 -1.000000 -0.000000
vn -0.000000 -1.000000 -0.000000
vn -0.000000 -1.000000 -0.000000
vn -0.000000 -1.000000 -0.000000
vn -0.000000 -1.000000 -0.000000
vn -0.000000 -1.000000 -0.000000
vn -0.000000 -1.000000 -0.000000
vn -0.000000 -1.000000 -0.000000
vn -0.000000 -1.000000 -0.000000
vn -0.000000 -1.000000 -0.000000
vn -0.000000 -1.000000 -0.000000
vn -0.000000 -1.000000 -0.000000
vn -0.000000 -1.000000 -0.000000
vn -0.000000 -1.000000 -0.000000
vn -0.000000 -1.000000 -0.000000
vn -0.000000 -1.000000 -0.000000
vn -0.000000 -1.000000 -0.000000
vn -0.000000 -1.000000 -0.000000
vn -0.000000 -1.000000 -0.000000
vn -0.000000 -1.000000 -0.000000
vn -0.000000 -1.000000 -0.000000
vn -0.000000 -1.000000 -0.000000
vn -0.000000 -1.000000 -0.000000
vn -0.000000 -1.000000 -0.000000
vn -0.000000 -1.000000 -0.000000
vn -0.000000 -1.000000 -0.000000
vn -0.000000 -1.000000 -0.000000
vn -0.000000 -1.000000 -0.000000
vn -0.000000 -1.000000 -0.000000
vn -0.000000 -1.000000 -0.000000
vn -0.000000 -1.000000 -0.000000
vn -0.000000 -1.000000 -0.000000
vn -0.000000 0.598028 0.801475
vn -0.000000 0.500000 0.866025
vn -0.000000 0.707107 0.707107
vn -0.000000 0.598028 0.801475
vn -0.000000 0.707107 0.707107
vn -0.000000 0.472798 0.881171
vn -0.000000 0.335650 0.941987
vn -0.000000 0.258819 0.965926
vn -0.000000 0.191393 0.981513
vn -0.000000 0.000000 1.000000
vn -0.000000 0.045814 0.998950
vn 0.000000 -0.098039 0.995183
vn 0.000000 -0.258819 0.965926
vn 0.000000 -0.243862 0.969810
vn 0.000000 -0.386163 0.922431
vn 0.000000 -0.500000 0.866025
vn 0.000000 -0.519546 0.854443
vn 0.000000 -0.639389 0.768883
vn 0.000000 -0.707107 0.707107
vn 0.000000 -0.742462 0.669888
vn 0.000000 -0.832182 0.554503
vn 0.000000 -0.866025 0.500000
vn 0.000000 -0.905542 0.424257
vn 0.000000 -0.965926 0.258819
vn 0.000000 -0.958904 0.283731
vn 0.000000 -0.990414 0.138132
vn 0.000000 -1.000000 0.000000
vn 0.000000 -0.999980 -0.006365
vn 0.000000 -0.988555 -0.150860
vn 0.000000 -0.965926 -0.258819
vn 0.000000 -0.955356 -0.295458
vn 0.000000 -0.900778 -0.434281
vn 0.000000 -0.866025 -0.500000
vn 0.000000 -0.826819 -0.562468
vn 0.000000 -0.707107 -0.707107
vn 0.000000 -0.737113 -0.675769
vn 0.000000 -0.634241 -0.773135
vn 0.000000 -0.500000 -0.866025
vn 0.000000 -0.514664 -0.857392
vn 0.000000 -0.381643 -0.924310
vn 0.000000 -0.258819 -0.965926
vn 0.000000 -0.239685 -0.970851
vn 0.000000 -0.094150 -0.995558
vn 0.000000 -0.000000 -1.000000
vn 0.000000 0.049593 -0.998769
vn 0.000000 0.194994 -0.980804
vn 0.000000 0.258819 -0.965926
vn 0.000000 0.338683 -0.940901
vn 0.000000 0.500000 -0.866025
vn 0.000000 0.474953 -0.880011
vn 0.000000 0.599123 -0.800657
vn 0.000000 0.707107 -0.707107
vn 0.000000 0.707107 -0.707107
vn 0.000000 0.599123 -0.800657
vn 0.000000 0.474953 -0.880011
vn 0.000000 0.338683 -0.940901
vn 0.000000 0.194994 -0.980804
vn 0.000000 0.049593 -0.998769
vn 0.000000 -0.094150 -0.995558
vn 0.000000 -0.239685 -0.970851
vn 0.000000 -0.381643 -0.924310
vn 0.000000 -0.514664 -0.857392
vn 0.000000 -0.634241 -0.773135
vn 0.000000 -0.737113 -0.675769
vn 0.000000 -0.826819 -0.562468
vn 0.000000 -0.900778 -0.434281
vn 0.000000 -0.955356 -0.295458
vn 0.000000 -0.988555 -0.150860
vn 0.000000 -0.999980 -0.006365
vn 0.000000 -0.990414 0.138132
vn 0.000000 -0.958904 0.283731
vn 0.000000 -0.905542 0.424257
vn 0.000000 -0.832182 0.554503
vn 0.000000 -0.742462 0.669888
vn 0.000000 -0.639389 0.768883
vn 0.000000 -0.519546 0.854443
vn 0.000000 -0.386163 0.922431
vn 0.000000 -0.243862 0.969810
vn 0.000000 -0.098039 0.995183
vn -0.000000 0.045814 0.998950
vn -0.000000 0.191393 0.981513
vn -0.000000 0.335650 0.941987
vn -0.000000 0.472798 0.881171
vn -0.000000 0.707107 0.707107
vn -0.000000 0.707107 0.707107
vn -0.000000 0.707107 -0.707107
vn -0.000000 0.707107 -0.707107
vn 0.000000 -1.000000 0.000000
vn 0.000000 -1.000000 0.000000
vn 0.000000 -1.000000 0.000000
vn 0.000000 -1.000000 0.000000
vn 0.000000 -1.000000 0.000000
vn 0.000000 -1.000000 0.000000
vn 0.000000 -1.000000 0.000000
vn 0.000000 -1.000000 0.000000
vn 0.000000 -1.000000 0.000000
vn 0.000000 -1.000000 0.000000
vn 0.000000 -1.000000 0.000000
vn 0.000000 -1.000000 0.000000
vn 0.000000 -1.000000 0.000000
vn 0.000000 -1.000000 0.000000
vn 0.000000 -1.000000 0.000000
vn 0.000000 -1.000000 0.000000
vn 0.000000 -1.000000 0.000000
vn 0.000000 -1.000000 0.000000
vn 0.000000 -1.000000 0.000000
vn 0.000000 -1.000000 0.000000
vn 0.000000 -1.000000 0.000000
vn 0.000000 -1.000000 0.000000
vn 0.000000 -1.000000 0.000000
vn 0.000000 -1.000000 0.000000
usemtl Plastique_-_Translucide_mat_(gris)
f 1/1/1 2/2/2 4/3/3
f 4/3/3 2/2/2 3/4/4
f 2/5/5 5/6/6 3/7/7
f 3/7/7 5/6/6 6/8/8
f 5/9/9 7/10/10 6/11/11
f 6/11/11 7/10/10 8/12/12
f 7/13/13 9/14/14 8/15/15
f 8/15/15 9/14/14 10/16/16
f 9/17/17 11/18/18 10/19/19
f 10/19/19 11/18/18 12/20/20
f 11/21/21 1/22/22 12/23/23
f 12/23/23 1/22/22 4/24/24
f 36/25/25 13/26/26 10/27/27
f 10/27/27 13/26/26 14/28/28
f 10/27/27 14/28/28 15/29/29
f 10/27/27 15/29/29 8/30/30
f 8/30/30 15/29/29 16/31/31
f 8/30/30 16/31/31 17/32/32
f 17/32/32 18/33/33 8/30/30
f 8/30/30 18/33/33 19/34/34
f 8/30/30 19/34/34 6/35/35
f 6/35/35 19/34/34 20/36/36
f 6/35/35 20/36/36 21/37/37
f 21/37/37 22/38/38 6/35/35
f 6/35/35 22/38/38 23/39/39
f 6/35/35 23/39/39 3/40/40
f 3/40/40 23/39/39 24/41/41
f 3/40/40 24/41/41 25/42/42
f 25/42/42 26/43/43 3/40/40
f 3/40/40 26/43/43 27/44/44
f 3/40/40 27/44/44 4/45/45
f 4/45/45 27/44/44 28/46/46
f 4/45/45 28/46/46 29/47/47
f 29/47/47 30/48/48 4/45/45
f 4/45/45 30/48/48 31/49/49
f 4/45/45 31/49/49 12/50/50
f 12/50/50 31/49/49 32/51/51
f 12/50/50 32/51/51 33/52/52
f 33/52/52 34/53/53 12/50/50
f 12/50/50 34/53/53 35/54/54
f 12/50/50 35/54/54 10/27/27
f 10/27/27 35/54/54 36/25/25
f 38/55/55 14/56/56 37/57/57
f 37/57/57 14/56/56 13/58/58
f 37/59/57 13/60/58 60/61/59
f 60/61/59 13/60/58 36/62/60
f 60/61/59 36/62/60 59/63/61
f 59/63/61 36/62/60 35/64/62
f 59/63/61 35/64/62 58/65/63
f 58/65/63 35/64/62 34/66/64
f 58/65/63 34/66/64 57/67/65
f 57/67/65 34/66/64 33/68/66
f 57/67/65 33/68/66 56/69/67
f 56/69/67 33/68/66 32/70/68
f 56/69/67 32/70/68 55/71/69
f 55/71/69 32/70/68 31/72/70
f 55/71/69 31/72/70 54/73/71
f 54/73/71 31/72/70 30/74/72
f 54/73/71 30/74/72 53/75/73
f 53/75/73 30/74/72 29/76/74
f 53/75/73 29/76/74 52/77/75
f 52/77/75 29/76/74 28/78/76
f 52/77/75 28/78/76 51/79/77
f 51/79/77 28/78/76 27/80/78
f 51/79/77 27/80/78 50/81/79
f 50/81/79 27/80/78 26/82/80
f 50/81/79 26/82/80 49/83/81
f 49/83/81 26/82/80 25/84/82
f 49/83/81 25/84/82 48/85/83
f 48/85/83 25/84/82 24/86/84
f 48/85/83 24/86/84 47/87/85
f 47/87/85 24/86/84 23/88/86
f 47/87/85 23/88/86 46/89/87
f 46/89/87 23/88/86 22/90/88
f 46/89/87 22/90/88 45/91/89
f 45/91/89 22/90/88 21/92/90
f 45/91/89 21/92/90 44/93/91
f 44/93/91 21/92/90 20/94/92
f 44/93/91 20/94/92 43/95/93
f 43/95/93 20/94/92 19/96/94
f 43/95/93 19/96/94 42/97/95
f 42/97/95 19/96/94 18/98/96
f 42/97/95 18/98/96 41/99/97
f 41/99/97 18/98/96 17/100/98
f 41/99/97 17/100/98 40/101/99
f 40/101/99 17/100/98 16/102/100
f 40/101/99 16/102/100 39/103/101
f 39/103/101 16/102/100 15/104/102
f 39/103/101 15/104/102 38/55/55
f 38/55/55 15/104/102 14/56/56
f 62/105/103 108/106/104 61/107/105
f 61/107/105 108/106/104 85/108/106
f 61/109/105 85/110/106 84/111/107
f 84/111/107 85/110/106 86/112/108
f 84/111/107 86/112/108 83/113/109
f 83/113/109 86/112/108 87/114/110
f 83/113/109 87/114/110 82/115/111
f 82/115/111 87/114/110 88/116/112
f 82/115/111 88/116/112 81/117/113
f 81/117/113 88/116/112 89/118/114
f 81/117/113 89/118/114 80/119/115
f 80/119/115 89/118/114 90/120/116
f 80/119/115 90/120/116 79/121/117
f 79/121/117 90/120/116 91/122/118
f 79/121/117 91/122/118 78/123/119
f 78/123/119 91/122/118 92/124/120
f 78/123/119 92/124/120 77/125/121
f 77/125/121 92/124/120 93/126/122
f 77/125/121 93/126/122 76/127/123
f 76/127/123 93/126/122 94/128/124
f 76/127/123 94/128/124 75/129/125
f 75/129/125 94/128/124 95/130/126
f 75/129/125 95/130/126 74/131/127
f 74/131/127 95/130/126 96/132/128
f 74/131/127 96/132/128 73/133/129
f 73/133/129 96/132/128 97/134/130
f 73/133/129 97/134/130 72/135/131
f 72/135/131 97/134/130 98/136/132
f 72/135/131 98/136/132 71/137/133
f 71/137/133 98/136/132 99/138/134
f 71/137/133 99/138/134 70/139/135
f 70/139/135 99/138/134 100/140/136
f 70/139/135 100/140/136 69/141/137
f 69/141/137 100/140/136 101/142/138
f 69/141/137 101/142/138 68/143/139
f 68/143/139 101/142/138 102/144/140
f 68/143/139 102/144/140 67/145/141
f 67/145/141 102/144/140 103/146/142
f 67/145/141 103/146/142 66/147/143
f 66/147/143 103/146/142 104/148/144
f 66/147/143 104/148/144 65/149/145
f 65/149/145 104/148/144 105/150/146
f 65/149/145 105/150/146 64/151/147
f 64/151/147 105/150/146 106/152/148
f 64/151/147 106/152/148 63/153/149
f 63/153/149 106/152/148 107/154/150
f 63/153/149 107/154/150 62/105/103
f 62/105/103 107/154/150 108/106/104
f 110/155/151 62/156/152 109/157/153
f 109/157/153 62/156/152 61/158/154
f 109/157/153 61/158/154 132/159/155
f 132/159/155 61/158/154 84/160/156
f 132/159/155 84/160/156 131/161/157
f 131/161/157 84/160/156 83/162/158
f 131/161/157 83/162/158 130/163/159
f 130/163/159 83/162/158 82/164/160
f 130/163/159 82/164/160 129/165/161
f 129/165/161 82/164/160 81/166/162
f 129/165/161 81/166/162 128/167/163
f 128/167/163 81/166/162 80/168/164
f 128/167/163 80/168/164 127/169/165
f 127/169/165 80/168/164 79/170/166
f 127/169/165 79/170/166 78/171/167
f 110/155/151 111/172/168 62/156/152
f 62/156/152 111/172/168 63/173/169
f 63/173/169 111/172/168 112/174/170
f 63/173/169 112/174/170 64/175/171
f 64/175/171 112/174/170 113/176/172
f 64/175/171 113/176/172 65/177/173
f 65/177/173 113/176/172 114/178/174
f 65/177/173 114/178/174 66/179/175
f 66/179/175 114/178/174 115/180/176
f 66/179/175 115/180/176 67/181/177
f 67/181/177 115/180/176 68/182/178
f 68/182/178 115/180/176 116/183/179
f 68/182/178 116/183/179 69/184/180
f 69/184/180 116/183/179 117/185/181
f 69/184/180 117/185/181 70/186/182
f 70/186/182 117/185/181 118/187/183
f 70/186/182 118/187/183 71/188/184
f 71/188/184 118/187/183 119/189/185
f 71/188/184 119/189/185 72/190/186
f 72/190/186 119/189/185 120/191/187
f 72/190/186 120/191/187 73/192/188
f 73/192/188 120/191/187 121/193/189
f 73/192/188 121/193/189 122/194/190
f 73/192/188 122/194/190 74/195/191
f 74/195/191 122/194/190 123/196/192
f 74/195/191 123/196/192 75/197/193
f 75/197/193 123/196/192 124/198/194
f 75/197/193 124/198/194 76/199/195
f 76/199/195 124/198/194 125/200/196
f 76/199/195 125/200/196 77/201/197
f 77/201/197 125/200/196 126/202/198
f 77/201/197 126/202/198 78/171/167
f 78/171/167 126/202/198 127/169/165
f 132/203/199 158/204/200 109/205/201
f 109/205/201 158/204/200 157/206/202
f 109/207/201 157/208/202 110/209/203
f 110/209/203 157/208/202 180/210/204
f 110/209/203 180/210/204 111/211/205
f 111/211/205 180/210/204 179/212/206
f 111/211/205 179/212/206 112/213/207
f 112/213/207 179/212/206 178/214/208
f 112/213/207 178/214/208 113/215/209
f 113/215/209 178/214/208 177/216/210
f 113/215/209 177/216/210 114/217/211
f 114/217/211 177/216/210 176/218/212
f 114/217/211 176/218/212 115/219/213
f 115/219/213 176/218/212 175/220/214
f 115/219/213 175/220/214 116/221/215
f 116/221/215 175/220/214 174/222/216
f 116/221/215 174/222/216 117/223/217
f 117/223/217 174/222/216 173/224/218
f 117/223/217 173/224/218 118/225/219
f 118/225/219 173/224/218 172/226/220
f 118/225/219 172/226/220 119/227/221
f 119/227/221 172/226/220 171/228/222
f 119/227/221 171/228/222 120/229/223
f 120/229/223 171/228/222 170/230/224
f 120/229/223 170/230/224 121/231/225
f 121/231/225 170/230/224 169/232/226
f 121/231/225 169/232/226 122/233/227
f 122/233/227 169/232/226 168/234/228
f 122/233/227 168/234/228 123/235/229
f 123/235/229 168/234/228 167/236/230
f 123/235/229 167/236/230 124/237/231
f 124/237/231 167/236/230 166/238/232
f 124/237/231 166/238/232 125/239/233
f 125/239/233 166/238/232 165/240/234
f 125/239/233 165/240/234 126/241/235
f 126/241/235 165/240/234 164/242/236
f 126/241/235 164/242/236 127/243/237
f 127/243/237 164/242/236 163/244/238
f 127/243/237 163/244/238 128/245/239
f 128/245/239 163/244/238 162/246/240
f 128/245/239 162/246/240 129/247/241
f 129/247/241 162/246/240 161/248/242
f 129/247/241 161/248/242 130/249/243
f 130/249/243 161/248/242 160/250/244
f 130/249/243 160/250/244 131/251/245
f 131/251/245 160/250/244 159/252/246
f 131/251/245 159/252/246 132/203/199
f 132/203/199 159/252/246 158/204/200
f 134/253/247 180/210/204 133/254/248
f 133/254/248 180/210/204 157/208/202
f 133/255/248 157/206/202 156/256/249
f 156/256/249 157/206/202 158/204/200
f 156/256/249 158/204/200 155/257/250
f 155/257/250 158/204/200 159/252/246
f 155/257/250 159/252/246 154/258/251
f 154/258/251 159/252/246 160/250/244
f 154/258/251 160/250/244 153/259/252
f 153/259/252 160/250/244 161/248/242
f 153/259/252 161/248/242 152/260/253
f 152/260/253 161/248/242 162/246/240
f 152/260/253 162/246/240 151/261/254
f 151/261/254 162/246/240 163/244/238
f 151/261/254 163/244/238 150/262/255
f 150/262/255 163/244/238 164/242/236
f 150/262/255 164/242/236 149/263/256
f 149/263/256 164/242/236 165/240/234
f 149/263/256 165/240/234 148/264/257
f 148/264/257 165/240/234 166/238/232
f 148/264/257 166/238/232 147/265/258
f 147/265/258 166/238/232 167/236/230
f 147/265/258 167/236/230 146/266/259
f 146/266/259 167/236/230 168/234/228
f 146/266/259 168/234/228 145/267/260
f 145/267/260 168/234/228 169/232/226
f 145/267/260 169/232/226 144/268/261
f 144/268/261 169/232/226 170/230/224
f 144/268/261 170/230/224 143/269/262
f 143/269/262 170/230/224 171/228/222
f 143/269/262 171/228/222 142/270/263
f 142/270/263 171/228/222 172/226/220
f 142/270/263 172/226/220 141/271/264
f 141/271/264 172/226/220 173/224/218
f 141/271/264 173/224/218 140/272/265
f 140/272/265 173/224/218 174/222/216
f 140/272/265 174/222/216 139/273/266
f 139/273/266 174/222/216 175/220/214
f 139/273/266 175/220/214 138/274/267
f 138/274/267 175/220/214 176/218/212
f 138/274/267 176/218/212 137/275/268
f 137/275/268 176/218/212 177/216/210
f 137/275/268 177/216/210 136/276/269
f 136/276/269 177/216/210 178/214/208
f 136/276/269 178/214/208 135/277/270
f 135/277/270 178/214/208 179/212/206
f 135/277/270 179/212/206 134/253/247
f 134/253/247 179/212/206 180/210/204
f 182/278/271 248/279/272 181/280/273
f 181/280/273 248/279/272 245/281/274
f 181/280/273 245/281/274 246/282/275
f 182/278/271 183/283/276 248/279/272
f 248/279/272 183/283/276 184/284/277
f 248/279/272 184/284/277 247/285/278
f 247/285/278 184/284/277 185/286/279
f 247/285/278 185/286/279 249/287/280
f 249/287/280 185/286/279 186/288/281
f 249/287/280 186/288/281 187/289/282
f 249/287/280 187/289/282 250/290/283
f 250/290/283 187/289/282 188/291/284
f 250/290/283 188/291/284 189/292/285
f 250/290/283 189/292/285 251/293/286
f 251/293/286 189/292/285 190/294/287
f 251/293/286 190/294/287 191/295/288
f 251/293/286 191/295/288 252/296/289
f 252/296/289 191/295/288 192/297/290
f 252/296/289 192/297/290 193/298/291
f 252/296/289 193/298/291 253/299/292
f 253/299/292 193/298/291 194/300/293
f 253/299/292 194/300/293 254/301/294
f 254/301/294 194/300/293 195/302/295
f 254/301/294 195/302/295 196/303/296
f 254/301/294 196/303/296 255/304/297
f 255/304/297 196/303/296 197/305/298
f 255/304/297 197/305/298 198/306/299
f 255/304/297 198/306/299 256/307/300
f 256/307/300 198/306/299 199/308/301
f 256/307/300 199/308/301 200/309/302
f 256/307/300 200/309/302 257/310/303
f 257/310/303 200/309/302 201/311/304
f 257/310/303 201/311/304 258/312/305
f 258/312/305 201/311/304 202/313/306
f 258/312/305 202/313/306 203/314/307
f 258/312/305 203/314/307 259/315/308
f 259/315/308 203/314/307 204/316/309
f 259/315/308 204/316/309 205/317/310
f 259/315/308 205/317/310 260/318/311
f 260/318/311 205/317/310 206/319/312
f 260/318/311 206/319/312 207/320/313
f 260/318/311 207/320/313 261/321/314
f 261/321/314 207/320/313 208/322/315
f 261/321/314 208/322/315 209/323/316
f 261/321/314 209/323/316 262/324/317
f 262/324/317 209/323/316 210/325/318
f 262/324/317 210/325/318 263/326/319
f 263/326/319 210/325/318 211/327/320
f 263/326/319 211/327/320 212/328/321
f 213/329/322 214/330/323 212/328/321
f 212/328/321 214/330/323 263/326/319
f 214/330/323 215/331/324 263/326/319
f 263/326/319 215/331/324 216/332/325
f 263/326/319 216/332/325 217/333/326
f 263/326/319 217/333/326 262/324/317
f 262/324/317 217/333/326 218/334/327
f 262/324/317 218/334/327 261/321/314
f 261/321/314 218/334/327 219/335/328
f 261/321/314 219/335/328 220/336/329
f 261/321/314 220/336/329 260/318/311
f 260/318/311 220/336/329 221/337/330
f 260/318/311 221/337/330 222/338/331
f 260/318/311 222/338/331 259/315/308
f 259/315/308 222/338/331 223/339/332
f 259/315/308 223/339/332 224/340/333
f 259/315/308 224/340/333 258/312/305
f 258/312/305 224/340/333 225/341/334
f 258/312/305 225/341/334 226/342/335
f 258/312/305 226/342/335 257/310/303
f 257/310/303 226/342/335 227/343/336
f 257/310/303 227/343/336 256/307/300
f 256/307/300 227/343/336 228/344/337
f 256/307/300 228/344/337 229/345/338
f 256/307/300 229/345/338 255/304/297
f 255/304/297 229/345/338 230/346/339
f 255/304/297 230/346/339 231/347/340
f 255/304/297 231/347/340 254/301/294
f 254/301/294 231/347/340 232/348/341
f 254/301/294 232/348/341 233/349/342
f 254/301/294 233/349/342 253/299/292
f 253/299/292 233/349/342 234/350/343
f 253/299/292 234/350/343 252/296/289
f 252/296/289 234/350/343 235/351/344
f 252/296/289 235/351/344 236/352/345
f 252/296/289 236/352/345 251/293/286
f 251/293/286 236/352/345 237/353/346
f 251/293/286 237/353/346 238/354/347
f 251/293/286 238/354/347 250/290/283
f 250/290/283 238/354/347 239/355/348
f 250/290/283 239/355/348 240/356/349
f 250/290/283 240/356/349 249/287/280
f 249/287/280 240/356/349 241/357/350
f 249/287/280 241/357/350 242/358/351
f 249/287/280 242/358/351 247/285/278
f 247/285/278 242/358/351 243/359/352
f 247/285/278 243/359/352 248/279/272
f 248/279/272 243/359/352 244/360/353
f 248/279/272 244/360/353 245/281/274
f 264/361/354 181/362/273 265/363/355
f 265/363/355 181/362/273 246/364/275
f 264/365/356 265/366/357 213/367/322
f 213/367/322 265/366/357 214/368/323
f 267/369/358 277/370/359 266/371/360
f 266/371/360 277/370/359 278/372/361
f 266/371/360 278/372/361 289/373/362
f 289/373/362 278/372/361 279/374/363
f 289/373/362 279/374/363 288/375/364
f 288/375/364 279/374/363 280/376/365
f 288/375/364 280/376/365 287/377/366
f 287/377/366 280/376/365 281/378/367
f 287/377/366 281/378/367 286/379/368
f 286/379/368 281/378/367 282/380/369
f 286/379/368 282/380/369 285/381/370
f 285/381/370 282/380/369 283/382/371
f 285/381/370 283/382/371 284/383/372
f 277/370/359 267/369/358 276/384/373
f 276/384/373 267/369/358 268/385/374
f 276/384/373 268/385/374 275/386/375
f 275/386/375 268/385/374 269/387/376
f 275/386/375 269/387/376 274/388/377
f 274/388/377 269/387/376 270/389/378
f 274/388/377 270/389/378 273/390/379
f 273/390/379 270/389/378 271/391/380
f 273/390/379 271/391/380 272/392/381
f 305/393/382 290/394/383 304/395/384
f 304/395/384 290/394/383 291/396/385
f 304/395/384 291/396/385 303/397/386
f 303/397/386 291/396/385 292/398/387
f 303/397/386 292/398/387 302/399/388
f 302/399/388 292/398/387 293/400/389
f 302/399/388 293/400/389 301/401/390
f 301/401/390 293/400/389 294/402/391
f 301/401/390 294/402/391 300/403/392
f 300/403/392 294/402/391 295/404/393
f 300/403/392 295/404/393 299/405/394
f 299/405/394 295/404/393 296/406/395
f 299/405/394 296/406/395 298/407/396
f 298/407/396 296/406/395 297/408/397
f 108/409/398 317/410/399 85/411/400
f 85/411/400 317/410/399 318/412/401
f 85/411/400 318/412/401 86/413/402
f 86/413/402 318/412/401 306/414/403
f 86/413/402 306/414/403 87/415/404
f 87/415/404 306/414/403 88/416/405
f 88/416/405 306/414/403 89/417/406
f 89/417/406 306/414/403 305/418/407
f 89/417/406 305/418/407 90/419/408
f 90/419/408 305/418/407 304/420/409
f 90/419/408 304/420/409 91/421/410
f 91/421/410 304/420/409 303/422/411
f 91/421/410 303/422/411 92/423/412
f 92/423/412 303/422/411 93/424/413
f 93/424/413 303/422/411 302/425/414
f 93/424/413 302/425/414 94/426/415
f 94/426/415 302/425/414 301/427/416
f 94/426/415 301/427/416 95/428/417
f 95/428/417 301/427/416 300/429/418
f 95/428/417 300/429/418 96/430/419
f 96/430/419 300/429/418 307/431/420
f 96/430/419 307/431/420 97/432/421
f 97/432/421 307/431/420 98/433/422
f 98/433/422 307/431/420 99/434/423
f 99/434/423 307/431/420 308/435/424
f 99/434/423 308/435/424 100/436/425
f 100/436/425 308/435/424 309/437/426
f 100/436/425 309/437/426 101/438/427
f 101/438/427 309/437/426 310/439/428
f 101/438/427 310/439/428 102/440/429
f 102/440/429 310/439/428 311/441/430
f 102/440/429 311/441/430 103/442/431
f 103/442/431 311/441/430 312/443/432
f 103/442/431 312/443/432 104/444/433
f 104/444/433 312/443/432 313/445/434
f 104/444/433 313/445/434 105/446/435
f 105/446/435 313/445/434 106/447/436
f 106/447/436 313/445/434 314/448/437
f 106/447/436 314/448/437 107/449/438
f 107/449/438 314/448/437 315/450/439
f 107/449/438 315/450/439 108/409/398
f 108/409/398 315/450/439 316/451/440
f 108/409/398 316/451/440 317/410/399
f 300/429/418 299/452/441 307/431/420
f 307/431/420 299/452/441 298/453/442
f 156/454/443 320/455/444 133/456/445
f 133/456/445 320/455/444 321/457/446
f 133/456/445 321/457/446 134/458/447
f 134/458/447 321/457/446 322/459/448
f 134/458/447 322/459/448 135/460/449
f 135/460/449 322/459/448 323/461/450
f 135/460/449 323/461/450 136/462/451
f 136/462/451 323/461/450 324/463/452
f 136/462/451 324/463/452 137/464/453
f 137/464/453 324/463/452 325/465/454
f 137/464/453 325/465/454 138/466/455
f 138/466/455 325/465/454 326/467/456
f 138/466/455 326/467/456 139/468/457
f 139/468/457 326/467/456 327/469/458
f 139/468/457 327/469/458 140/470/459
f 140/470/459 327/469/458 328/471/460
f 140/470/459 328/471/460 141/472/461
f 141/472/461 328/471/460 329/473/462
f 141/472/461 329/473/462 142/474/463
f 142/474/463 329/473/462 330/475/464
f 142/474/463 330/475/464 143/476/465
f 143/476/465 330/475/464 331/477/466
f 143/476/465 331/477/466 144/478/467
f 144/478/467 331/477/466 332/479/468
f 144/478/467 332/479/468 145/480/469
f 145/480/469 332/479/468 333/481/470
f 145/480/469 333/481/470 146/482/471
f 146/482/471 333/481/470 334/483/472
f 146/482/471 334/483/472 147/484/473
f 147/484/473 334/483/472 335/485/474
f 147/484/473 335/485/474 148/486/475
f 148/486/475 335/485/474 336/487/476
f 148/486/475 336/487/476 149/488/477
f 149/488/477 336/487/476 337/489/478
f 149/488/477 337/489/478 150/490/479
f 150/490/479 337/489/478 338/491/480
f 150/490/479 338/491/480 151/492/481
f 151/492/481 338/491/480 339/493/482
f 151/492/481 339/493/482 152/494/483
f 152/494/483 339/493/482 340/495/484
f 152/494/483 340/495/484 153/496/485
f 153/496/485 340/495/484 341/497/486
f 153/496/485 341/497/486 154/498/487
f 154/498/487 341/497/486 342/499/488
f 154/498/487 342/499/488 155/500/489
f 155/500/489 342/499/488 319/501/490
f 155/500/489 319/501/490 156/454/443
f 156/454/443 319/501/490 320/455/444
f 360/502/491 343/503/492 359/504/493
f 359/504/493 343/503/492 344/505/494
f 359/504/493 344/505/494 345/506/495
f 359/504/493 345/506/495 358/507/496
f 358/507/496 345/506/495 346/508/497
f 358/507/496 346/508/497 357/509/498
f 357/509/498 346/508/497 347/510/499
f 357/509/498 347/510/499 356/511/500
f 356/511/500 347/510/499 348/512/501
f 356/511/500 348/512/501 355/513/502
f 355/513/502 348/512/501 349/514/503
f 355/513/502 349/514/503 354/515/504
f 354/515/504 349/514/503 350/516/505
f 354/515/504 350/516/505 353/517/506
f 353/517/506 350/516/505 352/518/507
f 352/518/507 350/516/505 351/519/508
f 343/520/509 360/521/510 297/522/511
f 297/522/511 360/521/510 361/523/512
f 297/522/511 361/523/512 307/524/513
f 307/524/513 298/525/514 297/522/511
f 320/526/515 319/527/516 373/528/517
f 373/528/517 319/527/516 342/529/518
f 373/528/517 342/529/518 372/530/519
f 372/530/519 342/529/518 341/531/520
f 372/530/519 341/531/520 371/532/521
f 371/532/521 341/531/520 340/533/522
f 371/532/521 340/533/522 370/534/523
f 370/534/523 340/533/522 339/535/524
f 370/534/523 339/535/524 369/536/525
f 369/536/525 339/535/524 338/537/526
f 369/536/525 338/537/526 368/538/527
f 368/538/527 338/537/526 337/539/528
f 368/538/527 337/539/528 367/540/529
f 367/540/529 337/539/528 336/541/530
f 367/540/529 336/541/530 366/542/531
f 366/542/531 336/541/530 335/543/532
f 366/542/531 335/543/532 365/544/533
f 365/544/533 335/543/532 334/545/534
f 365/544/533 334/545/534 364/546/535
f 364/546/535 334/545/534 333/547/536
f 364/546/535 333/547/536 363/548/537
f 363/548/537 333/547/536 332/549/538
f 363/548/537 332/549/538 362/550/539
f 362/550/539 332/549/538 331/551/540
f 362/550/539 331/551/540 361/552/541
f 361/552/541 331/551/540 330/553/542
f 361/552/541 330/553/542 308/554/543
f 308/554/543 330/553/542 329/555/544
f 308/554/543 329/555/544 309/556/545
f 309/556/545 329/555/544 328/557/546
f 309/556/545 328/557/546 310/558/547
f 310/558/547 328/557/546 327/559/548
f 310/558/547 327/559/548 311/560/549
f 311/560/549 327/559/548 326/561/550
f 311/560/549 326/561/550 312/562/551
f 312/562/551 326/561/550 325/563/552
f 312/562/551 325/563/552 313/564/553
f 313/564/553 325/563/552 324/565/554
f 313/564/553 324/565/554 314/566/555
f 314/566/555 324/565/554 323/567/556
f 314/566/555 323/567/556 315/568/557
f 315/568/557 323/567/556 322/569/558
f 315/568/557 322/569/558 316/570/559
f 316/570/559 322/569/558 321/571/560
f 316/570/559 321/571/560 317/572/561
f 317/572/561 321/571/560 320/573/515
f 317/572/561 320/573/515 318/574/562
f 318/575/562 320/526/515 373/528/517
f 318/575/562 373/528/517 306/576/563
f 307/577/564 361/552/541 308/554/543
f 305/578/565 306/579/566 290/580/567
f 290/580/567 306/579/566 373/581/568
f 290/580/567 373/581/568 374/582/569
f 374/582/569 375/583/570 290/580/567
f 381/584/571 376/585/572 380/586/573
f 380/586/573 376/585/572 377/587/574
f 380/586/573 377/587/574 379/588/575
f 379/588/575 377/587/574 378/589/576
f 379/588/575 378/589/576 374/590/577
f 374/590/577 378/589/576 375/591/578
f 382/592/579 376/593/580 383/594/581
f 383/594/581 376/593/580 381/595/582
f 289/596/583 234/597/584 266/598/585
f 266/598/585 234/597/584 233/599/586
f 266/598/585 233/599/586 232/600/587
f 288/601/588 406/602/589 289/596/583
f 289/596/583 406/602/589 407/603/590
f 289/596/583 407/603/590 241/604/591
f 241/604/591 407/603/590 413/605/592
f 241/604/591 413/605/592 414/606/593
f 287/607/594 382/608/595 288/601/588
f 288/601/588 382/608/595 383/609/596
f 288/601/588 383/609/596 406/602/589
f 406/602/589 383/609/596 405/610/597
f 405/610/597 383/609/596 476/611/598
f 405/610/597 476/611/598 404/612/599
f 404/612/599 476/611/598 477/613/600
f 404/612/599 477/613/600 403/614/601
f 403/614/601 477/613/600 478/615/602
f 403/614/601 478/615/602 402/616/603
f 402/616/603 478/615/602 479/617/604
f 402/616/603 479/617/604 401/618/605
f 401/618/605 479/617/604 480/619/606
f 401/618/605 480/619/606 400/620/607
f 400/620/607 480/619/606 481/621/608
f 400/620/607 481/621/608 399/622/609
f 399/622/609 481/621/608 482/623/610
f 399/622/609 482/623/610 398/624/611
f 398/624/611 482/623/610 483/625/612
f 398/624/611 483/625/612 397/626/613
f 397/626/613 483/625/612 469/627/614
f 397/626/613 469/627/614 470/628/615
f 382/608/595 287/607/594 507/629/616
f 507/629/616 287/607/594 286/630/617
f 507/629/616 286/630/617 506/631/618
f 506/631/618 286/630/617 505/632/619
f 505/632/619 286/630/617 285/633/620
f 505/632/619 285/633/620 504/634/621
f 504/634/621 285/633/620 503/635/622
f 503/635/622 285/633/620 284/636/623
f 503/635/622 284/636/623 502/637/624
f 502/637/624 284/636/623 283/638/625
f 502/637/624 283/638/625 501/639/626
f 501/639/626 283/638/625 500/640/627
f 500/640/627 283/638/625 282/641/628
f 500/640/627 282/641/628 499/642/629
f 499/642/629 282/641/628 498/643/630
f 498/643/630 282/641/628 281/644/631
f 498/643/630 281/644/631 497/645/632
f 497/645/632 281/644/631 496/646/633
f 496/646/633 281/644/631 280/647/634
f 496/646/633 280/647/634 495/648/635
f 495/648/635 280/647/634 279/649/636
f 495/648/635 279/649/636 494/650/637
f 494/650/637 279/649/636 186/651/638
f 494/650/637 186/651/638 185/652/639
f 278/653/640 193/654/641 279/649/636
f 279/649/636 193/654/641 192/655/642
f 279/649/636 192/655/642 191/656/643
f 277/657/644 199/658/645 278/653/640
f 278/653/640 199/658/645 198/659/646
f 278/653/640 198/659/646 197/660/647
f 276/661/648 207/662/649 277/657/644
f 277/657/644 207/662/649 206/663/650
f 277/657/644 206/663/650 205/664/651
f 275/665/652 488/666/653 276/661/648
f 276/661/648 488/666/653 489/667/654
f 276/661/648 489/667/654 490/668/655
f 274/669/656 392/670/657 275/665/652
f 275/665/652 392/670/657 393/671/658
f 275/665/652 393/671/658 487/672/659
f 487/672/659 393/671/658 394/673/660
f 487/672/659 394/673/660 486/674/661
f 486/674/661 394/673/660 447/675/662
f 486/674/661 447/675/662 448/676/663
f 392/670/657 274/669/656 391/677/664
f 391/677/664 274/669/656 273/678/665
f 391/677/664 273/678/665 390/679/666
f 390/679/666 273/678/665 272/680/667
f 390/679/666 272/680/667 389/681/668
f 389/681/668 272/680/667 271/682/669
f 389/681/668 271/682/669 388/683/670
f 388/683/670 271/682/669 270/684/671
f 388/683/670 270/684/671 387/685/672
f 387/685/672 270/684/671 269/686/673
f 387/685/672 269/686/673 386/687/674
f 386/687/674 269/686/673 268/688/675
f 386/687/674 268/688/675 219/689/676
f 219/689/676 268/688/675 220/690/677
f 220/690/677 268/688/675 221/691/678
f 221/691/678 268/688/675 267/692/679
f 221/691/678 267/692/679 222/693/680
f 222/693/680 267/692/679 223/694/681
f 223/694/681 267/692/679 224/695/682
f 224/695/682 267/692/679 225/696/683
f 225/696/683 267/692/679 226/697/684
f 226/697/684 267/692/679 227/698/685
f 227/698/685 267/692/679 228/699/686
f 228/699/686 267/692/679 266/700/585
f 228/699/686 266/700/585 229/701/687
f 229/701/687 266/700/585 230/702/688
f 230/702/688 266/700/585 231/703/689
f 231/703/689 266/700/585 232/704/587
f 245/705/690 418/706/691 246/707/692
f 246/707/692 418/706/691 419/708/693
f 246/707/692 419/708/693 420/709/694
f 418/706/691 245/705/690 417/710/695
f 417/710/695 245/705/690 244/711/696
f 417/710/695 244/711/696 416/712/697
f 416/712/697 244/711/696 243/713/698
f 416/712/697 243/713/698 415/714/699
f 415/714/699 243/713/698 242/715/700
f 415/714/699 242/715/700 414/606/593
f 414/606/593 242/715/700 241/604/591
f 241/604/591 240/716/701 289/596/583
f 289/596/583 240/716/701 239/717/702
f 289/596/583 239/717/702 238/718/703
f 238/718/703 237/719/704 289/596/583
f 289/596/583 237/719/704 236/720/705
f 289/596/583 236/720/705 235/721/706
f 235/721/706 234/597/584 289/596/583
f 218/722/707 434/723/708 219/689/676
f 219/689/676 434/723/708 435/724/709
f 219/689/676 435/724/709 386/687/674
f 386/687/674 435/724/709 436/725/710
f 386/687/674 436/725/710 385/726/711
f 385/726/711 436/725/710 437/727/712
f 385/726/711 437/727/712 438/728/713
f 434/723/708 218/722/707 433/729/714
f 433/729/714 218/722/707 217/730/715
f 433/729/714 217/730/715 432/731/716
f 432/731/716 217/730/715 216/732/717
f 432/731/716 216/732/717 431/733/718
f 431/733/718 216/732/717 215/734/719
f 431/733/718 215/734/719 430/735/720
f 430/735/720 215/734/719 214/736/721
f 430/735/720 214/736/721 429/737/722
f 429/737/722 214/736/721 428/738/723
f 428/738/723 214/736/721 427/739/724
f 427/739/724 214/736/721 426/740/725
f 426/740/725 214/736/721 265/741/726
f 426/740/725 265/741/726 425/742/727
f 425/742/727 265/741/726 424/743/728
f 424/743/728 265/741/726 423/744/729
f 423/744/729 265/741/726 422/745/730
f 422/745/730 265/741/726 246/746/692
f 422/747/730 246/707/692 421/748/731
f 421/748/731 246/707/692 420/709/694
f 264/749/732 213/750/733 491/751/734
f 491/751/734 213/750/733 212/752/735
f 491/751/734 212/752/735 490/668/655
f 490/668/655 212/752/735 211/753/736
f 490/668/655 211/753/736 210/754/737
f 210/754/737 209/755/738 490/668/655
f 490/668/655 209/755/738 208/756/739
f 490/668/655 208/756/739 207/662/649
f 205/664/651 204/757/740 277/657/644
f 277/657/644 204/757/740 203/758/741
f 277/657/644 203/758/741 202/759/742
f 202/759/742 201/760/743 277/657/644
f 277/657/644 201/760/743 200/761/744
f 277/657/644 200/761/744 199/658/645
f 197/660/647 196/762/745 278/653/640
f 278/653/640 196/762/745 195/763/746
f 278/653/640 195/763/746 194/764/747
f 194/764/747 193/654/641 278/653/640
f 191/656/643 190/765/748 279/649/636
f 279/649/636 190/765/748 189/766/749
f 279/649/636 189/766/749 188/767/750
f 188/767/750 187/768/751 279/649/636
f 279/649/636 187/768/751 186/651/638
f 185/652/639 184/769/752 494/650/637
f 494/650/637 184/769/752 183/770/753
f 494/650/637 183/770/753 182/771/754
f 182/771/754 181/772/755 494/650/637
f 494/650/637 181/772/755 493/773/756
f 493/773/756 181/772/755 264/749/732
f 493/773/756 264/749/732 492/774/757
f 492/774/757 264/749/732 491/751/734
f 385/726/711 441/775/758 384/776/759
f 384/777/759 441/778/758 408/779/760
f 384/777/759 408/779/760 407/603/590
f 407/603/590 408/779/760 409/780/761
f 407/603/590 409/780/761 410/781/762
f 447/675/662 394/673/660 446/782/763
f 446/782/763 394/673/660 395/783/764
f 446/782/763 395/783/764 445/784/765
f 445/784/765 395/783/764 444/785/766
f 444/785/766 395/783/764 443/786/767
f 443/786/767 395/783/764 442/787/768
f 442/787/768 395/783/764 475/788/769
f 475/788/769 395/783/764 396/789/770
f 475/788/769 396/789/770 474/790/771
f 474/790/771 396/789/770 397/626/613
f 474/790/771 397/626/613 473/791/772
f 473/791/772 397/626/613 472/792/773
f 472/792/773 397/626/613 471/793/774
f 471/793/774 397/626/613 470/628/615
f 410/781/762 411/794/775 407/603/590
f 407/603/590 411/794/775 412/795/776
f 407/603/590 412/795/776 413/605/592
f 438/728/713 439/796/777 385/726/711
f 385/726/711 439/796/777 440/797/778
f 385/726/711 440/797/778 441/775/758
f 448/676/663 449/798/779 486/674/661
f 486/674/661 449/798/779 450/799/780
f 486/674/661 450/799/780 451/800/781
f 486/674/661 451/800/781 485/801/782
f 485/801/782 451/800/781 452/802/783
f 485/801/782 452/802/783 453/803/784
f 453/803/784 454/804/785 485/801/782
f 485/801/782 454/804/785 455/805/786
f 485/801/782 455/805/786 456/806/787
f 456/806/787 457/807/788 485/801/782
f 485/801/782 457/807/788 458/808/789
f 485/801/782 458/808/789 484/809/790
f 484/809/790 458/808/789 459/810/791
f 484/809/790 459/810/791 460/811/792
f 460/811/792 461/812/793 484/809/790
f 484/809/790 461/812/793 462/813/794
f 484/809/790 462/813/794 463/814/795
f 463/814/795 464/815/796 484/809/790
f 484/809/790 464/815/796 465/816/797
f 484/809/790 465/816/797 483/625/612
f 483/625/612 465/816/797 466/817/798
f 483/625/612 466/817/798 467/818/799
f 467/818/799 468/819/800 483/625/612
f 483/625/612 468/819/800 469/627/614
f 487/672/659 488/666/653 275/665/652
f 276/661/648 490/668/655 207/662/649
f 351/820/508 488/821/801 352/822/507
f 352/822/507 488/821/801 487/823/802
f 60/824/803 348/825/804 37/826/805
f 37/826/805 348/825/804 347/827/806
f 37/826/805 347/827/806 346/828/807
f 59/829/808 350/830/809 60/824/803
f 60/824/803 350/830/809 349/831/810
f 60/824/803 349/831/810 348/825/804
f 350/830/809 59/829/808 351/832/811
f 351/832/811 59/829/808 58/833/812
f 351/832/811 58/833/812 57/834/813
f 57/834/813 56/835/814 351/832/811
f 351/832/811 56/835/814 55/836/815
f 351/832/811 55/836/815 54/837/816
f 53/838/817 495/839/818 54/837/816
f 54/837/816 495/839/818 494/840/819
f 54/837/816 494/840/819 351/832/811
f 351/832/811 494/840/819 493/841/820
f 351/832/811 493/841/820 492/842/821
f 495/839/818 53/838/817 496/843/822
f 496/843/822 53/838/817 52/844/823
f 496/843/822 52/844/823 497/845/824
f 497/845/824 52/844/823 376/846/825
f 497/845/824 376/846/825 498/847/826
f 498/847/826 376/846/825 499/848/827
f 499/848/827 376/846/825 500/849/828
f 500/849/828 376/846/825 501/850/829
f 501/850/829 376/846/825 502/851/830
f 502/851/830 376/846/825 503/852/831
f 503/852/831 376/846/825 504/853/832
f 504/853/832 376/846/825 505/854/833
f 505/854/833 376/846/825 506/855/834
f 506/855/834 376/846/825 507/856/835
f 507/856/835 376/846/825 382/857/836
f 52/844/823 51/858/837 376/846/825
f 376/846/825 51/858/837 50/859/838
f 376/846/825 50/859/838 49/860/839
f 48/861/840 375/862/841 49/860/839
f 49/860/839 375/862/841 378/863/842
f 49/860/839 378/863/842 377/864/843
f 48/861/840 47/865/844 375/862/841
f 375/862/841 47/865/844 292/866/845
f 375/862/841 292/866/845 291/867/846
f 47/865/844 46/868/847 292/866/845
f 292/866/845 46/868/847 293/869/848
f 293/869/848 46/868/847 294/870/849
f 294/870/849 46/868/847 45/871/850
f 294/870/849 45/871/850 295/872/851
f 295/872/851 45/871/850 44/873/852
f 295/872/851 44/873/852 43/874/853
f 295/872/851 43/874/853 296/875/854
f 296/875/854 43/874/853 42/876/855
f 296/875/854 42/876/855 297/877/856
f 297/877/856 42/876/855 343/878/857
f 343/878/857 42/876/855 41/879/858
f 343/878/857 41/879/858 40/880/859
f 40/880/859 39/881/860 343/878/857
f 343/878/857 39/881/860 344/882/861
f 344/882/861 39/881/860 38/883/862
f 344/882/861 38/883/862 345/884/863
f 345/884/863 38/883/862 346/828/807
f 346/828/807 38/883/862 37/826/805
f 492/842/821 491/885/864 351/832/811
f 351/832/811 491/885/864 490/886/865
f 351/832/811 490/886/865 489/887/866
f 489/887/866 488/888/867 351/832/811
f 291/867/846 290/889/868 375/862/841
f 377/864/843 376/846/825 49/860/839
f 1/890/869 482/891/870 2/892/871
f 2/892/871 482/891/870 381/893/872
f 2/892/871 381/893/872 380/894/873
f 11/895/874 485/896/875 1/890/869
f 1/890/869 485/896/875 484/897/876
f 1/890/869 484/897/876 483/898/877
f 485/896/875 11/895/874 352/899/878
f 352/899/878 11/895/874 9/900/879
f 352/899/878 9/900/879 353/901/880
f 353/901/880 9/900/879 354/902/881
f 354/902/881 9/900/879 355/903/882
f 355/903/882 9/900/879 356/904/883
f 356/904/883 9/900/879 357/905/884
f 357/905/884 9/900/879 358/906/885
f 358/906/885 9/900/879 359/907/886
f 359/907/886 9/900/879 360/908/887
f 360/908/887 9/900/879 7/909/888
f 360/908/887 7/909/888 364/910/889
f 364/910/889 7/909/888 5/911/890
f 364/910/889 5/911/890 365/912/891
f 365/912/891 5/911/890 366/913/892
f 366/913/892 5/911/890 374/914/893
f 366/913/892 374/914/893 367/915/894
f 367/915/894 374/914/893 368/916/895
f 368/916/895 374/914/893 369/917/896
f 369/917/896 374/914/893 370/918/897
f 370/918/897 374/914/893 371/919/898
f 371/919/898 374/914/893 372/920/899
f 372/920/899 374/914/893 373/921/900
f 5/911/890 2/892/871 374/914/893
f 374/914/893 2/892/871 379/922/901
f 379/922/901 2/892/871 380/894/873
f 487/923/902 486/924/903 352/899/878
f 352/899/878 486/924/903 485/896/875
f 483/898/877 482/891/870 1/890/869
f 482/891/870 481/925/904 381/893/872
f 381/893/872 481/925/904 480/926/905
f 381/893/872 480/926/905 479/927/906
f 479/927/906 478/928/907 381/893/872
f 381/893/872 478/928/907 477/929/908
f 381/893/872 477/929/908 476/930/909
f 476/930/909 383/931/910 381/893/872
f 364/910/889 363/932/911 360/908/887
f 360/908/887 363/932/911 362/933/912
f 360/908/887 362/933/912 361/934/913
f 473/935/914 509/936/915 474/937/916
f 474/937/916 509/936/915 409/938/917
f 474/937/916 409/938/917 408/939/918
f 473/935/914 472/940/919 509/936/915
f 509/936/915 472/940/919 471/941/920
f 509/936/915 471/941/920 508/942/921
f 508/942/921 471/941/920 470/943/922
f 508/942/921 470/943/922 510/944/923
f 510/944/923 470/943/922 469/945/924
f 510/944/923 469/945/924 468/946/925
f 510/944/923 468/946/925 511/947/926
f 511/947/926 468/946/925 467/948/927
f 511/947/926 467/948/927 466/949/928
f 511/947/926 466/949/928 512/950/929
f 512/950/929 466/949/928 465/951/930
f 512/950/929 465/951/930 464/952/931
f 512/950/929 464/952/931 513/953/932
f 513/953/932 464/952/931 463/954/933
f 513/953/932 463/954/933 462/955/934
f 513/953/932 462/955/934 514/956/935
f 514/956/935 462/955/934 461/957/936
f 514/956/935 461/957/936 515/958/937
f 515/958/937 461/957/936 460/959/938
f 515/958/937 460/959/938 459/960/939
f 515/958/937 459/960/939 516/961/940
f 516/961/940 459/960/939 458/962/941
f 516/961/940 458/962/941 457/963/942
f 516/961/940 457/963/942 517/964/943
f 517/964/943 457/963/942 456/965/944
f 517/964/943 456/965/944 455/966/945
f 517/964/943 455/966/945 518/967/946
f 518/967/946 455/966/945 454/968/947
f 518/967/946 454/968/947 519/969/948
f 519/969/948 454/968/947 453/970/949
f 519/969/948 453/970/949 452/971/950
f 519/969/948 452/971/950 520/972/951
f 520/972/951 452/971/950 451/973/952
f 520/972/951 451/973/952 450/974/953
f 520/972/951 450/974/953 521/975/954
f 521/975/954 450/974/953 449/976/955
f 521/975/954 449/976/955 448/977/956
f 521/975/954 448/977/956 522/978/957
f 522/978/957 448/977/956 447/979/958
f 522/978/957 447/979/958 446/980/959
f 522/978/957 446/980/959 523/981/960
f 523/981/960 446/980/959 445/982/961
f 523/981/960 445/982/961 524/983/962
f 524/983/962 445/982/961 444/984/963
f 524/983/962 444/984/963 443/985/964
f 442/986/965 440/987/966 443/985/964
f 443/985/964 440/987/966 524/983/962
f 440/987/966 439/988/967 524/983/962
f 524/983/962 439/988/967 438/989/968
f 524/983/962 438/989/968 437/990/969
f 524/983/962 437/990/969 523/981/960
f 523/981/960 437/990/969 436/991/970
f 523/981/960 436/991/970 522/978/957
f 522/978/957 436/991/970 435/992/971
f 522/978/957 435/992/971 434/993/972
f 522/978/957 434/993/972 521/975/954
f 521/975/954 434/993/972 433/994/973
f 521/975/954 433/994/973 432/995/974
f 521/975/954 432/995/974 520/972/951
f 520/972/951 432/995/974 431/996/975
f 520/972/951 431/996/975 430/997/976
f 520/972/951 430/997/976 519/969/948
f 519/969/948 430/997/976 429/998/977
f 519/969/948 429/998/977 428/999/978
f 519/969/948 428/999/978 518/967/946
f 518/967/946 428/999/978 427/1000/979
f 518/967/946 427/1000/979 517/964/943
f 517/964/943 427/1000/979 426/1001/980
f 517/964/943 426/1001/980 425/1002/981
f 517/964/943 425/1002/981 516/961/940
f 516/961/940 425/1002/981 424/1003/982
f 516/961/940 424/1003/982 423/1004/983
f 516/961/940 423/1004/983 515/958/937
f 515/958/937 423/1004/983 422/1005/984
f 515/958/937 422/1005/984 421/1006/985
f 515/958/937 421/1006/985 514/956/935
f 514/956/935 421/1006/985 420/1007/986
f 514/956/935 420/1007/986 513/953/932
f 513/953/932 420/1007/986 419/1008/987
f 513/953/932 419/1008/987 418/1009/988
f 513/953/932 418/1009/988 512/950/929
f 512/950/929 418/1009/988 417/1010/989
f 512/950/929 417/1010/989 416/1011/990
f 512/950/929 416/1011/990 511/947/926
f 511/947/926 416/1011/990 415/1012/991
f 511/947/926 415/1012/991 414/1013/992
f 511/947/926 414/1013/992 510/944/923
f 510/944/923 414/1013/992 413/1014/993
f 510/944/923 413/1014/993 412/1015/994
f 510/944/923 412/1015/994 508/942/921
f 508/942/921 412/1015/994 411/1016/995
f 508/942/921 411/1016/995 509/936/915
f 509/936/915 411/1016/995 410/1017/996
f 509/936/915 410/1017/996 409/938/917
f 475/1018/997 474/1019/916 441/1020/998
f 441/1020/998 474/1019/916 408/1021/918
f 475/1022/999 441/1023/1000 442/1024/965
f 442/1024/965 441/1023/1000 440/1025/966
f 407/1026/1001 397/1027/1002 384/1028/1003
f 384/1028/1003 397/1027/1002 396/1029/1004
f 384/1028/1003 396/1029/1004 385/1030/1005
f 385/1030/1005 396/1029/1004 395/1031/1006
f 385/1030/1005 395/1031/1006 386/1032/1007
f 386/1032/1007 395/1031/1006 394/1033/1008
f 386/1032/1007 394/1033/1008 387/1034/1009
f 387/1034/1009 394/1033/1008 393/1035/1010
f 387/1034/1009 393/1035/1010 388/1036/1011
f 388/1036/1011 393/1035/1010 392/1037/1012
f 388/1036/1011 392/1037/1012 389/1038/1013
f 389/1038/1013 392/1037/1012 391/1039/1014
f 389/1038/1013 391/1039/1014 390/1040/1015
f 397/1027/1002 407/1026/1001 398/1041/1016
f 398/1041/1016 407/1026/1001 406/1042/1017
f 398/1041/1016 406/1042/1017 399/1043/1018
f 399/1043/1018 406/1042/1017 405/1044/1019
f 399/1043/1018 405/1044/1019 400/1045/1020
f 400/1045/1020 405/1044/1019 404/1046/1021
f 400/1045/1020 404/1046/1021 401/1047/1022
f 401/1047/1022 404/1046/1021 403/1048/1023
f 401/1047/1022 403/1048/1023 402/1049/1024
# 524 vertices
# 1049 texture params
# 1024 normals
# 1060 facets

# 1 groups
