# WaveFront *.obj file (generated by Autodesk ATF)

mtllib arbre_suspension_gauche.mtl

g arbre_susp_gauche

v -0.230940 0.900000 -0.000000
v -0.115470 0.900000 0.200000
v -0.115470 0.800000 0.200000
v -0.230940 0.800000 0.000000
v -0.115470 0.900000 -0.200000
v -0.115470 0.800000 -0.200000
v 0.115470 0.900000 -0.200000
v 0.115470 0.800000 -0.200000
v 0.230940 0.900000 -0.000000
v 0.230940 0.800000 -0.000000
v 0.115470 0.900000 0.200000
v 0.115470 0.800000 0.200000
v 0.100000 0.800000 0.000000
v 0.096593 0.800000 0.025882
v 0.086603 0.800000 0.050000
v 0.070711 0.800000 0.070711
v 0.050000 0.800000 0.086603
v 0.025882 0.800000 0.096593
v -0.000000 0.800000 0.100000
v -0.025882 0.800000 0.096593
v -0.050000 0.800000 0.086603
v -0.070711 0.800000 0.070711
v -0.086603 0.800000 0.050000
v -0.096593 0.800000 0.025882
v -0.100000 0.800000 0.000000
v -0.096593 0.800000 -0.025882
v -0.086603 0.800000 -0.050000
v -0.070711 0.800000 -0.070711
v -0.050000 0.800000 -0.086603
v -0.025882 0.800000 -0.096593
v -0.000000 0.800000 -0.100000
v 0.025882 0.800000 -0.096593
v 0.050000 0.800000 -0.086603
v 0.070711 0.800000 -0.070711
v 0.086603 0.800000 -0.050000
v 0.096593 0.800000 -0.025882
v 0.100000 0.700000 -0.000000
v 0.096593 0.700000 0.025882
v 0.086603 0.700000 0.050000
v 0.070711 0.700000 0.070711
v 0.050000 0.700000 0.086603
v 0.025882 0.700000 0.096593
v -0.000000 0.700000 0.100000
v -0.025882 0.700000 0.096593
v -0.050000 0.700000 0.086603
v -0.070711 0.700000 0.070711
v -0.086603 0.700000 0.050000
v -0.096593 0.700000 0.025882
v -0.100000 0.700000 0.000000
v -0.096593 0.700000 -0.025882
v -0.086603 0.700000 -0.050000
v -0.070711 0.700000 -0.070711
v -0.050000 0.700000 -0.086603
v -0.025882 0.700000 -0.096593
v -0.000000 0.700000 -0.100000
v 0.025882 0.700000 -0.096593
v 0.050000 0.700000 -0.086603
v 0.070711 0.700000 -0.070711
v 0.086603 0.700000 -0.050000
v 0.096593 0.700000 -0.025882
v -1.070237 0.550000 -1.812616
v -1.062570 0.550000 -1.754381
v -1.040092 0.550000 -1.700116
v -1.004336 0.550000 -1.653517
v -0.957737 0.550000 -1.617760
v -0.903471 0.550000 -1.595282
v -0.845237 0.550000 -1.587616
v -0.787002 0.550000 -1.595282
v -0.732737 0.550000 -1.617760
v -0.686137 0.550000 -1.653517
v -0.650381 0.550000 -1.700116
v -0.627903 0.550000 -1.754381
v -0.620237 0.550000 -1.812616
v -0.627903 0.550000 -1.870850
v -0.650381 0.550000 -1.925116
v -0.686137 0.550000 -1.971715
v -0.732737 0.550000 -2.007471
v -0.787002 0.550000 -2.029949
v -0.845237 0.550000 -2.037616
v -0.903471 0.550000 -2.029949
v -0.957737 0.550000 -2.007471
v -1.004336 0.550000 -1.971715
v -1.040092 0.550000 -1.925116
v -1.062570 0.550000 -1.870850
v -1.070237 0.350000 -1.812616
v -1.062570 0.350000 -1.870850
v -1.040092 0.350000 -1.925116
v -1.004336 0.350000 -1.971715
v -0.957737 0.350000 -2.007471
v -0.903471 0.350000 -2.029949
v -0.845237 0.350000 -2.037616
v -0.787002 0.350000 -2.029949
v -0.732737 0.350000 -2.007471
v -0.686137 0.350000 -1.971715
v -0.650381 0.350000 -1.925116
v -0.627903 0.350000 -1.870850
v -0.620237 0.350000 -1.812616
v -0.627903 0.350000 -1.754381
v -0.650381 0.350000 -1.700116
v -0.686137 0.350000 -1.653517
v -0.732737 0.350000 -1.617760
v -0.787002 0.350000 -1.595282
v -0.845237 0.350000 -1.587616
v -0.903471 0.350000 -1.595282
v -0.957737 0.350000 -1.617760
v -1.004336 0.350000 -1.653517
v -1.040092 0.350000 -1.700116
v -1.062570 0.350000 -1.754381
v -0.955237 0.550000 -1.812616
v -0.951488 0.550000 -1.784145
v -0.940499 0.550000 -1.757616
v -0.923018 0.550000 -1.734834
v -0.900237 0.550000 -1.717353
v -0.873707 0.550000 -1.706364
v -0.845237 0.550000 -1.702616
v -0.816766 0.550000 -1.706364
v -0.790237 0.550000 -1.717353
v -0.767455 0.550000 -1.734834
v -0.749974 0.550000 -1.757616
v -0.738985 0.550000 -1.784145
v -0.735237 0.550000 -1.812616
v -0.738985 0.550000 -1.841086
v -0.749974 0.550000 -1.867616
v -0.767455 0.550000 -1.890397
v -0.790237 0.550000 -1.907878
v -0.816766 0.550000 -1.918867
v -0.845237 0.550000 -1.922616
v -0.873707 0.550000 -1.918867
v -0.900237 0.550000 -1.907878
v -0.923018 0.550000 -1.890397
v -0.940499 0.550000 -1.867616
v -0.951488 0.550000 -1.841086
v -0.955237 1.600000 -1.812616
v -0.951488 1.600000 -1.784145
v -0.940499 1.600000 -1.757616
v -0.923018 1.600000 -1.734834
v -0.900237 1.600000 -1.717353
v -0.873707 1.600000 -1.706364
v -0.845237 1.600000 -1.702616
v -0.816766 1.600000 -1.706364
v -0.790237 1.600000 -1.717353
v -0.767455 1.600000 -1.734834
v -0.749974 1.600000 -1.757616
v -0.738985 1.600000 -1.784145
v -0.735237 1.600000 -1.812616
v -0.738985 1.600000 -1.841086
v -0.749974 1.600000 -1.867616
v -0.767455 1.600000 -1.890397
v -0.790237 1.600000 -1.907878
v -0.816766 1.600000 -1.918867
v -0.845237 1.600000 -1.922616
v -0.873707 1.600000 -1.918867
v -0.900237 1.600000 -1.907878
v -0.923018 1.600000 -1.890397
v -0.940499 1.600000 -1.867616
v -0.951488 1.600000 -1.841086
v -0.955237 1.075000 -1.812616
v -0.951488 1.075000 -1.841086
v -0.940499 1.075000 -1.867616
v -0.923018 1.075000 -1.890397
v -0.900237 1.075000 -1.907878
v -0.873707 1.075000 -1.918867
v -0.845237 1.075000 -1.922616
v -0.816766 1.075000 -1.918867
v -0.790237 1.075000 -1.907878
v -0.767455 1.075000 -1.890397
v -0.749974 1.075000 -1.867616
v -0.738985 1.075000 -1.841086
v -0.735237 1.075000 -1.812616
v -0.738985 1.075000 -1.784145
v -0.749974 1.075000 -1.757616
v -0.767455 1.075000 -1.734834
v -0.790237 1.075000 -1.717353
v -0.816766 1.075000 -1.706364
v -0.845237 1.075000 -1.702616
v -0.873707 1.075000 -1.706364
v -0.900237 1.075000 -1.717353
v -0.923018 1.075000 -1.734834
v -0.940499 1.075000 -1.757616
v -0.951488 1.075000 -1.784145
v -0.529618 0.643033 0.983033
v -0.531577 0.634924 0.990036
v -0.533415 0.625616 0.995991
v -0.534937 0.615400 1.000564
v -0.535977 0.604621 1.003540
v -0.536474 0.593719 1.004904
v -0.536382 0.582940 1.004656
v -0.535713 0.572028 1.002796
v -0.534514 0.561377 0.999323
v -0.532874 0.551409 0.994290
v -0.530978 0.542439 0.987976
v -0.529010 0.534719 0.980680
v -0.527015 0.528004 0.972174
v -0.525127 0.522445 0.962569
v -0.523525 0.518358 0.952156
v -0.522329 0.515877 0.941312
v -0.521597 0.515002 0.930477
v -0.521354 0.515736 0.919643
v -0.521573 0.518094 0.908724
v -0.522235 0.522087 0.898182
v -0.523258 0.527603 0.888423
v -0.524485 0.534319 0.879761
v -0.525787 0.542053 0.872342
v -0.527100 0.551043 0.865932
v -0.528271 0.561038 0.860818
v -0.529144 0.571715 0.857281
v -0.529642 0.582648 0.855373
v -0.529720 0.593436 0.855082
v -0.529369 0.604351 0.856406
v -0.528626 0.615172 0.859355
v -0.527546 0.625455 0.863922
v -0.526267 0.634842 0.869903
v -0.524947 0.643033 0.876967
v -1.017743 0.643033 0.876967
v -1.016424 0.634842 0.869903
v -1.015144 0.625455 0.863922
v -1.014064 0.615172 0.859355
v -1.013321 0.604351 0.856406
v -1.012970 0.593436 0.855082
v -1.013049 0.582648 0.855373
v -1.013546 0.571715 0.857281
v -1.014420 0.561038 0.860818
v -1.015590 0.551043 0.865932
v -1.016903 0.542053 0.872342
v -1.018205 0.534319 0.879761
v -1.019433 0.527603 0.888423
v -1.020455 0.522087 0.898182
v -1.021117 0.518094 0.908724
v -1.021336 0.515736 0.919643
v -1.021093 0.515002 0.930477
v -1.020361 0.515877 0.941312
v -1.019165 0.518358 0.952156
v -1.017563 0.522445 0.962569
v -1.015675 0.528004 0.972174
v -1.013680 0.534719 0.980680
v -1.011712 0.542439 0.987976
v -1.009816 0.551409 0.994290
v -1.008176 0.561377 0.999323
v -1.006977 0.572028 1.002796
v -1.006308 0.582940 1.004656
v -1.006216 0.593719 1.004904
v -1.006713 0.604621 1.003540
v -1.007754 0.615400 1.000564
v -1.009275 0.625616 0.995991
v -1.011113 0.634924 0.990036
v -1.013073 0.643033 0.983033
v -0.771345 0.627500 0.994952
v -0.771345 0.609411 1.002444
v -0.771345 0.590000 1.005000
v -0.771345 0.570589 1.002444
v -0.771345 0.552500 0.994952
v -0.771345 0.536967 0.983033
v -0.771345 0.525048 0.967500
v -0.771345 0.517556 0.949411
v -0.771345 0.515000 0.930000
v -0.771345 0.517556 0.910589
v -0.771345 0.525048 0.892500
v -0.771345 0.536967 0.876967
v -0.771345 0.552500 0.865048
v -0.771345 0.570589 0.857556
v -0.771345 0.590000 0.855000
v -0.771345 0.609411 0.857556
v -0.771345 0.627500 0.865048
v -0.521576 0.696066 0.930000
v -1.021114 0.696066 0.930000
v -1.021345 0.350000 0.919253
v -1.012827 0.350000 0.854549
v -0.987851 0.350000 0.794253
v -0.948122 0.350000 0.742477
v -0.896345 0.350000 0.702747
v -0.836050 0.350000 0.677772
v -0.771345 0.350000 0.669253
v -0.706640 0.350000 0.677772
v -0.646345 0.350000 0.702747
v -0.594568 0.350000 0.742477
v -0.554839 0.350000 0.794253
v -0.529864 0.350000 0.854549
v -0.521345 0.350000 0.919253
v -0.529864 0.350000 0.983958
v -0.554839 0.350000 1.044253
v -0.594568 0.350000 1.096030
v -0.646345 0.350000 1.135760
v -0.706640 0.350000 1.160735
v -0.771345 0.350000 1.169253
v -0.836050 0.350000 1.160735
v -0.896345 0.350000 1.135760
v -0.948122 0.350000 1.096030
v -0.987851 0.350000 1.044253
v -1.012827 0.350000 0.983958
v 0.158165 0.700000 -0.707537
v 0.024981 0.700000 -0.724569
v -0.109059 0.700000 -0.716750
v -0.239358 0.700000 -0.684348
v -0.361448 0.700000 -0.628475
v -0.471141 0.700000 -0.551045
v -0.564675 0.700000 -0.454717
v -0.638842 0.700000 -0.342792
v -0.638842 0.350000 -0.342792
v -0.564675 0.350000 -0.454717
v -0.471141 0.350000 -0.551045
v -0.361448 0.350000 -0.628475
v -0.239358 0.350000 -0.684348
v -0.109059 0.350000 -0.716750
v 0.024981 0.350000 -0.724569
v 0.158165 0.350000 -0.707537
v -1.207760 0.350000 -1.643568
v -1.239160 0.350000 -1.743156
v -1.243714 0.350000 -1.847478
v -1.221114 0.350000 -1.949424
v -1.172897 0.350000 -2.042046
v -1.102352 0.350000 -2.119033
v -1.014284 0.350000 -2.175139
v -0.914696 0.350000 -2.206539
v -0.810374 0.350000 -2.211093
v -0.708428 0.350000 -2.188493
v -0.615806 0.350000 -2.140276
v -0.538819 0.350000 -2.069731
v -0.482713 0.350000 -1.981663
v -1.207760 1.600000 -1.643568
v -1.151654 1.600000 -1.555501
v -1.074667 1.600000 -1.484955
v -0.982045 1.600000 -1.436739
v -0.880099 1.600000 -1.414138
v -0.775777 1.600000 -1.418692
v -0.676189 1.600000 -1.450092
v -0.588121 1.600000 -1.506198
v -0.517576 1.600000 -1.583185
v -0.469359 1.600000 -1.675808
v -0.446759 1.600000 -1.777753
v -0.451313 1.600000 -1.882075
v -0.482713 1.600000 -1.981663
v -0.538819 1.600000 -2.069731
v -0.615806 1.600000 -2.140276
v -0.708428 1.600000 -2.188493
v -0.810374 1.600000 -2.211093
v -0.914696 1.600000 -2.206539
v -1.014284 1.600000 -2.175139
v -1.102352 1.600000 -2.119033
v -1.172897 1.600000 -2.042046
v -1.221114 1.600000 -1.949424
v -1.243714 1.600000 -1.847478
v -1.239160 1.600000 -1.743156
v 0.305727 0.700000 0.395640
v 0.385717 0.700000 0.318154
v 0.446572 0.700000 0.224885
v 0.485273 0.700000 0.120459
v 0.499899 0.700000 0.010058
v 0.489725 0.700000 -0.100843
v 0.455256 0.700000 -0.206740
v 0.398202 0.700000 -0.302382
v 0.321394 0.700000 -0.383022
v 0.321394 0.900000 -0.383022
v 0.398202 0.900000 -0.302382
v 0.455256 0.900000 -0.206740
v 0.489725 0.900000 -0.100843
v 0.499899 0.900000 0.010058
v 0.485273 0.900000 0.120459
v 0.446572 0.900000 0.224885
v 0.385717 0.900000 0.318154
v 0.305727 0.900000 0.395640
v -0.482713 0.900000 -1.981663
v -1.207760 0.900000 -1.643568
v -1.151654 0.900000 -1.555501
v -1.074667 0.900000 -1.484955
v -0.982045 0.900000 -1.436739
v -0.880099 0.900000 -1.414138
v -0.775777 0.900000 -1.418692
v -0.676189 0.900000 -1.450092
v -0.588121 0.900000 -1.506198
v -0.517576 0.900000 -1.583185
v -0.469359 0.900000 -1.675808
v -0.446759 0.900000 -1.777753
v -0.451313 0.900000 -1.882075
v -0.499423 0.700000 -0.024023
v -0.499423 0.900000 -0.024023
v -0.499856 0.700000 -0.011999
v -0.500000 0.700000 0.000033
v -0.499854 0.700000 0.012064
v -0.499854 0.900000 0.012064
v -0.500000 0.900000 0.000033
v -0.499856 0.900000 -0.011999
v -0.962856 0.700000 0.758556
v -0.962856 0.900000 0.758556
v -1.021345 1.450000 0.919253
v -1.012827 1.450000 0.854549
v -0.987851 1.450000 0.794253
v -0.948122 1.450000 0.742477
v -0.896345 1.450000 0.702747
v -0.836050 1.450000 0.677772
v -0.771345 1.450000 0.669253
v -0.706640 1.450000 0.677772
v -0.646345 1.450000 0.702747
v -0.594568 1.450000 0.742477
v -0.554839 1.450000 0.794253
v -0.529864 1.450000 0.854549
v -0.521345 1.450000 0.919253
v -0.529864 1.450000 0.983958
v -0.554839 1.450000 1.044253
v -0.594568 1.450000 1.096030
v -0.646345 1.450000 1.135760
v -0.706640 1.450000 1.160735
v -0.771345 1.450000 1.169253
v -0.836050 1.450000 1.160735
v -0.896345 1.450000 1.135760
v -0.948122 1.450000 1.096030
v -0.987851 1.450000 1.044253
v -1.012827 1.450000 0.983958
v -1.013073 1.363033 0.983033
v -1.011113 1.354924 0.990036
v -1.009275 1.345616 0.995991
v -1.007754 1.335400 1.000564
v -1.006713 1.324621 1.003540
v -1.006216 1.313719 1.004904
v -1.006308 1.302940 1.004656
v -1.006977 1.292028 1.002796
v -1.008176 1.281377 0.999323
v -1.009816 1.271409 0.994290
v -1.011712 1.262439 0.987976
v -1.013680 1.254719 0.980680
v -1.015675 1.248004 0.972174
v -1.017563 1.242445 0.962569
v -1.019165 1.238358 0.952156
v -1.020361 1.235877 0.941312
v -1.021093 1.235002 0.930477
v -1.021336 1.235736 0.919643
v -1.021117 1.238094 0.908724
v -1.020455 1.242087 0.898182
v -1.019433 1.247603 0.888423
v -1.018205 1.254319 0.879761
v -1.016903 1.262053 0.872342
v -1.015590 1.271043 0.865932
v -1.014420 1.281038 0.860818
v -1.013546 1.291715 0.857281
v -1.013049 1.302648 0.855373
v -1.012970 1.313436 0.855082
v -1.013321 1.324351 0.856406
v -1.014064 1.335172 0.859355
v -1.015144 1.345455 0.863922
v -1.016424 1.354842 0.869903
v -1.017743 1.363033 0.876967
v -1.021114 1.416066 0.930000
v -0.524947 1.363033 0.876967
v -0.526267 1.354842 0.869903
v -0.527546 1.345455 0.863922
v -0.528626 1.335172 0.859355
v -0.529369 1.324351 0.856406
v -0.529720 1.313436 0.855082
v -0.529642 1.302648 0.855373
v -0.529144 1.291715 0.857281
v -0.528271 1.281038 0.860818
v -0.527100 1.271043 0.865932
v -0.525787 1.262053 0.872342
v -0.524485 1.254319 0.879761
v -0.523258 1.247603 0.888423
v -0.522235 1.242087 0.898182
v -0.521573 1.238094 0.908724
v -0.521354 1.235736 0.919643
v -0.521597 1.235002 0.930477
v -0.522329 1.235877 0.941312
v -0.523525 1.238358 0.952156
v -0.525127 1.242445 0.962569
v -0.527015 1.248004 0.972174
v -0.529010 1.254719 0.980680
v -0.530978 1.262439 0.987976
v -0.532874 1.271409 0.994290
v -0.534514 1.281377 0.999323
v -0.535713 1.292028 1.002796
v -0.536382 1.302940 1.004656
v -0.536474 1.313719 1.004904
v -0.535977 1.324621 1.003540
v -0.534937 1.335400 1.000564
v -0.533415 1.345616 0.995991
v -0.531577 1.354924 0.990036
v -0.529618 1.363033 0.983033
v -0.521576 1.416066 0.930000
v -0.935676 0.700000 0.730851
v -0.904535 0.700000 0.707687
v -0.870184 0.700000 0.689621
v -0.833450 0.700000 0.677090
v -0.795220 0.700000 0.670396
v -0.756414 0.700000 0.669700
v -0.717969 0.700000 0.675018
v -0.680809 0.700000 0.686223
v -0.645832 0.700000 0.703044
v -0.613880 0.700000 0.725076
v -0.585723 0.700000 0.751789
v -0.562040 0.700000 0.782537
v -0.543401 0.700000 0.816581
v -0.530257 0.700000 0.853099
v -0.522923 0.700000 0.891211
v -0.521576 0.700000 0.930000
v -0.526671 0.700000 0.970581
v -0.538314 0.700000 1.009789
v -0.556195 0.700000 1.046573
v -0.579834 0.700000 1.079950
v -0.579834 0.900000 1.079950
v -0.544768 0.900000 1.024908
v -0.525143 0.900000 0.962665
v -0.522296 0.900000 0.897464
v -0.536422 0.900000 0.833748
v -0.566557 0.900000 0.775859
v -0.610648 0.900000 0.727742
v -0.665691 0.900000 0.692676
v -0.727933 0.900000 0.673051
v -0.793134 0.900000 0.670205
v -0.856850 0.900000 0.684330
v -0.914739 0.900000 0.714465
v -0.771345 1.347500 0.994952
v -0.771345 1.329411 1.002444
v -0.771345 1.310000 1.005000
v -0.771345 1.290589 1.002444
v -0.771345 1.272500 0.994952
v -0.771345 1.256967 0.983033
v -0.771345 1.245048 0.967500
v -0.771345 1.237556 0.949411
v -0.771345 1.235000 0.930000
v -0.771345 1.237556 0.910589
v -0.771345 1.245048 0.892500
v -0.771345 1.256967 0.876967
v -0.771345 1.272500 0.865048
v -0.771345 1.290589 0.857556
v -0.771345 1.310000 0.855000
v -0.771345 1.329411 0.857556
v -0.771345 1.347500 0.865048
vt -0.000000 -0.000000 0.000000
vt 0.230940 0.000000 0.000000
vt 0.000000 0.100000 0.000000
vt 0.230940 0.100000 0.000000
vt 0.000000 0.000000 0.000000
vt 0.230940 0.000000 0.000000
vt 0.000000 0.100000 0.000000
vt 0.230940 0.100000 0.000000
vt 0.000000 0.000000 0.000000
vt 0.230940 0.000000 0.000000
vt 0.000000 0.100000 0.000000
vt 0.230940 0.100000 0.000000
vt 0.000000 0.000000 0.000000
vt 0.230940 0.000000 0.000000
vt -0.000000 0.100000 0.000000
vt 0.230940 0.100000 0.000000
vt 0.000000 0.000000 0.000000
vt 0.230940 0.000000 0.000000
vt 0.000000 0.100000 0.000000
vt 0.230940 0.100000 0.000000
vt 0.000000 0.000000 0.000000
vt 0.230940 0.000000 0.000000
vt 0.000000 0.100000 0.000000
vt 0.230940 0.100000 0.000000
vt -0.025882 0.096593 0.000000
vt 0.000000 0.100000 0.000000
vt -0.000000 0.230940 0.000000
vt 0.025882 0.096593 0.000000
vt 0.050000 0.086603 0.000000
vt 0.200000 0.115470 0.000000
vt 0.070711 0.070711 0.000000
vt 0.086603 0.050000 0.000000
vt 0.096593 0.025882 0.000000
vt 0.100000 -0.000000 0.000000
vt 0.200000 -0.115470 0.000000
vt 0.096593 -0.025882 0.000000
vt 0.086603 -0.050000 0.000000
vt 0.070711 -0.070711 0.000000
vt 0.050000 -0.086603 0.000000
vt 0.000000 -0.230940 0.000000
vt 0.025882 -0.096593 0.000000
vt 0.000000 -0.100000 0.000000
vt -0.025882 -0.096593 0.000000
vt -0.050000 -0.086603 0.000000
vt -0.200000 -0.115470 0.000000
vt -0.070711 -0.070711 0.000000
vt -0.086603 -0.050000 0.000000
vt -0.096593 -0.025882 0.000000
vt -0.100000 -0.000000 0.000000
vt -0.200000 0.115470 0.000000
vt -0.096593 0.025882 0.000000
vt -0.086603 0.050000 0.000000
vt -0.070711 0.070711 0.000000
vt -0.050000 0.086603 0.000000
vt -0.450000 -0.287979 0.000000
vt -0.550000 -0.287979 0.000000
vt -0.450000 -0.314159 0.000000
vt -0.550000 -0.314159 0.000000
vt -0.450000 0.314159 0.000000
vt -0.550000 0.314159 0.000000
vt -0.450000 0.287979 0.000000
vt -0.550000 0.287979 0.000000
vt -0.450000 0.261799 0.000000
vt -0.550000 0.261799 0.000000
vt -0.450000 0.235619 0.000000
vt -0.550000 0.235619 0.000000
vt -0.450000 0.209440 0.000000
vt -0.550000 0.209440 0.000000
vt -0.450000 0.183260 0.000000
vt -0.550000 0.183260 0.000000
vt -0.450000 0.157080 0.000000
vt -0.550000 0.157080 0.000000
vt -0.450000 0.130900 0.000000
vt -0.550000 0.130900 0.000000
vt -0.450000 0.104720 0.000000
vt -0.550000 0.104720 0.000000
vt -0.450000 0.078540 0.000000
vt -0.550000 0.078540 0.000000
vt -0.450000 0.052360 0.000000
vt -0.550000 0.052360 0.000000
vt -0.450000 0.026180 0.000000
vt -0.550000 0.026180 0.000000
vt -0.450000 0.000000 0.000000
vt -0.550000 0.000000 0.000000
vt -0.450000 -0.026180 0.000000
vt -0.550000 -0.026180 0.000000
vt -0.450000 -0.052360 0.000000
vt -0.550000 -0.052360 0.000000
vt -0.450000 -0.078540 0.000000
vt -0.550000 -0.078540 0.000000
vt -0.450000 -0.104720 0.000000
vt -0.550000 -0.104720 0.000000
vt -0.450000 -0.130900 0.000000
vt -0.550000 -0.130900 0.000000
vt -0.450000 -0.157080 0.000000
vt -0.550000 -0.157080 0.000000
vt -0.450000 -0.183260 0.000000
vt -0.550000 -0.183260 0.000000
vt -0.450000 -0.209440 0.000000
vt -0.550000 -0.209440 0.000000
vt -0.450000 -0.235619 0.000000
vt -0.550000 -0.235619 0.000000
vt -0.450000 -0.261799 0.000000
vt -0.550000 -0.261799 0.000000
vt -0.200000 0.647953 0.000000
vt 0.000000 0.647953 0.000000
vt -0.200000 0.706858 0.000000
vt 0.000000 0.706858 0.000000
vt -0.200000 -0.706858 0.000000
vt 0.000000 -0.706858 0.000000
vt -0.200000 -0.647953 0.000000
vt 0.000000 -0.647953 0.000000
vt -0.200000 -0.589049 0.000000
vt 0.000000 -0.589049 0.000000
vt -0.200000 -0.530144 0.000000
vt 0.000000 -0.530144 0.000000
vt -0.200000 -0.471239 0.000000
vt 0.000000 -0.471239 0.000000
vt -0.200000 -0.412334 0.000000
vt 0.000000 -0.412334 0.000000
vt -0.200000 -0.353429 0.000000
vt 0.000000 -0.353429 0.000000
vt -0.200000 -0.294524 0.000000
vt 0.000000 -0.294524 0.000000
vt -0.200000 -0.235619 0.000000
vt 0.000000 -0.235619 0.000000
vt -0.200000 -0.176715 0.000000
vt 0.000000 -0.176715 0.000000
vt -0.200000 -0.117810 0.000000
vt 0.000000 -0.117810 0.000000
vt -0.200000 -0.058905 0.000000
vt 0.000000 -0.058905 0.000000
vt -0.200000 0.000000 0.000000
vt 0.000000 0.000000 0.000000
vt -0.200000 0.058905 0.000000
vt 0.000000 0.058905 0.000000
vt -0.200000 0.117810 0.000000
vt -0.000000 0.117810 0.000000
vt -0.200000 0.176715 0.000000
vt 0.000000 0.176715 0.000000
vt -0.200000 0.235619 0.000000
vt 0.000000 0.235619 0.000000
vt -0.200000 0.294524 0.000000
vt -0.000000 0.294524 0.000000
vt -0.200000 0.353429 0.000000
vt -0.000000 0.353429 0.000000
vt -0.200000 0.412334 0.000000
vt 0.000000 0.412334 0.000000
vt -0.200000 0.471239 0.000000
vt 0.000000 0.471239 0.000000
vt -0.200000 0.530144 0.000000
vt 0.000000 0.530144 0.000000
vt -0.200000 0.589049 0.000000
vt 0.000000 0.589049 0.000000
vt -0.106252 -0.028470 0.000000
vt -0.110000 0.000000 0.000000
vt -0.225000 0.000000 0.000000
vt -0.106252 0.028470 0.000000
vt -0.217333 0.058234 0.000000
vt -0.095263 0.055000 0.000000
vt -0.194856 0.112500 0.000000
vt -0.077782 0.077782 0.000000
vt -0.159099 0.159099 0.000000
vt -0.055000 0.095263 0.000000
vt -0.112500 0.194856 0.000000
vt -0.028470 0.106252 0.000000
vt -0.058234 0.217333 0.000000
vt 0.000000 0.110000 0.000000
vt 0.000000 0.225000 0.000000
vt 0.058234 0.217333 0.000000
vt 0.028470 0.106252 0.000000
vt 0.112500 0.194856 0.000000
vt 0.055000 0.095263 0.000000
vt 0.159099 0.159099 0.000000
vt 0.077782 0.077782 0.000000
vt 0.194856 0.112500 0.000000
vt 0.095263 0.055000 0.000000
vt 0.217333 0.058234 0.000000
vt 0.106252 0.028470 0.000000
vt 0.225000 0.000000 0.000000
vt 0.110000 0.000000 0.000000
vt 0.217333 -0.058234 0.000000
vt 0.106252 -0.028470 0.000000
vt 0.095263 -0.055000 0.000000
vt 0.194856 -0.112500 0.000000
vt 0.077782 -0.077782 0.000000
vt 0.159099 -0.159099 0.000000
vt 0.055000 -0.095263 0.000000
vt 0.112500 -0.194856 0.000000
vt 0.028470 -0.106252 0.000000
vt 0.058234 -0.217333 0.000000
vt 0.000000 -0.110000 0.000000
vt 0.000000 -0.225000 0.000000
vt -0.058234 -0.217333 0.000000
vt -0.028470 -0.106252 0.000000
vt -0.112500 -0.194856 0.000000
vt -0.055000 -0.095263 0.000000
vt -0.159099 -0.159099 0.000000
vt -0.077782 -0.077782 0.000000
vt -0.194856 -0.112500 0.000000
vt -0.095263 -0.055000 0.000000
vt -0.217333 -0.058234 0.000000
vt -0.200000 -0.316777 0.000000
vt -0.725000 -0.316777 0.000000
vt -0.200000 -0.345575 0.000000
vt -0.725000 -0.345575 0.000000
vt -0.200000 0.345575 0.000000
vt -0.725000 0.345575 0.000000
vt -0.200000 0.316777 0.000000
vt -0.725000 0.316777 0.000000
vt -0.200000 0.287979 0.000000
vt -0.725000 0.287979 0.000000
vt -0.200000 0.259181 0.000000
vt -0.725000 0.259181 0.000000
vt -0.200000 0.230383 0.000000
vt -0.725000 0.230383 0.000000
vt -0.200000 0.201586 0.000000
vt -0.725000 0.201586 0.000000
vt -0.200000 0.172788 0.000000
vt -0.725000 0.172788 0.000000
vt -0.200000 0.143990 0.000000
vt -0.725000 0.143990 0.000000
vt -0.200000 0.115192 0.000000
vt -0.725000 0.115192 0.000000
vt -0.200000 0.086394 0.000000
vt -0.725000 0.086394 0.000000
vt -0.200000 0.057596 0.000000
vt -0.725000 0.057596 0.000000
vt -0.200000 0.028798 0.000000
vt -0.725000 0.028798 0.000000
vt -0.200000 0.000000 0.000000
vt -0.725000 0.000000 0.000000
vt -0.200000 -0.028798 0.000000
vt -0.725000 -0.028798 0.000000
vt -0.200000 -0.057596 0.000000
vt -0.725000 -0.057596 0.000000
vt -0.200000 -0.086394 0.000000
vt -0.725000 -0.086394 0.000000
vt -0.200000 -0.115192 0.000000
vt -0.725000 -0.115192 0.000000
vt -0.200000 -0.143990 0.000000
vt -0.725000 -0.143990 0.000000
vt -0.200000 -0.172788 0.000000
vt -0.725000 -0.172788 0.000000
vt -0.200000 -0.201586 0.000000
vt -0.725000 -0.201586 0.000000
vt -0.200000 -0.230383 0.000000
vt -0.725000 -0.230383 0.000000
vt -0.200000 -0.259181 0.000000
vt -0.725000 -0.259181 0.000000
vt -0.200000 -0.287979 0.000000
vt -0.725000 -0.287979 0.000000
vt -1.250000 0.316777 0.000000
vt -1.250000 0.345575 0.000000
vt -1.250000 -0.345575 0.000000
vt -1.250000 -0.316777 0.000000
vt -1.250000 -0.287979 0.000000
vt -1.250000 -0.259181 0.000000
vt -1.250000 -0.230383 0.000000
vt -1.250000 -0.201586 0.000000
vt -1.250000 -0.172788 0.000000
vt -1.250000 -0.143990 0.000000
vt -1.250000 -0.115192 0.000000
vt -1.250000 -0.086394 0.000000
vt -1.250000 -0.057596 0.000000
vt -1.250000 -0.028798 0.000000
vt -1.250000 0.000000 0.000000
vt -1.250000 0.028798 0.000000
vt -1.250000 0.057596 0.000000
vt -1.250000 0.086394 0.000000
vt -1.250000 0.115192 0.000000
vt -1.250000 0.143990 0.000000
vt -1.250000 0.172788 0.000000
vt -1.250000 0.201586 0.000000
vt -1.250000 0.230383 0.000000
vt -1.250000 0.259181 0.000000
vt -1.250000 0.287979 0.000000
vt -0.239723 0.165990 0.000000
vt 0.000045 0.157080 0.000000
vt -0.241682 0.176715 0.000000
vt 0.239813 0.165990 0.000000
vt 0.241773 0.176715 0.000000
vt -0.237885 0.154928 0.000000
vt -0.236363 0.143723 0.000000
vt 0.000045 0.137445 0.000000
vt -0.235323 0.132529 0.000000
vt 0.000045 0.117810 0.000000
vt -0.234826 0.121531 0.000000
vt -0.234918 0.110738 0.000000
vt 0.000045 0.098175 0.000000
vt -0.235587 0.099657 0.000000
vt -0.236786 0.088442 0.000000
vt 0.000045 0.078540 0.000000
vt -0.238426 0.077264 0.000000
vt -0.240322 0.066283 0.000000
vt 0.000045 0.058905 0.000000
vt -0.242290 0.055651 0.000000
vt -0.244285 0.044803 0.000000
vt 0.000045 0.039270 0.000000
vt -0.246173 0.033693 0.000000
vt 0.000045 0.019635 0.000000
vt -0.247775 0.022495 0.000000
vt -0.248971 0.011358 0.000000
vt 0.000045 -0.000000 0.000000
vt -0.249703 0.000477 0.000000
vt -0.249946 -0.010393 0.000000
vt 0.000045 -0.019635 0.000000
vt -0.249727 -0.021576 0.000000
vt -0.249065 -0.032861 0.000000
vt 0.000045 -0.039270 0.000000
vt -0.248042 -0.044082 0.000000
vt 0.000045 -0.058905 0.000000
vt -0.246815 -0.055054 0.000000
vt -0.245513 -0.065782 0.000000
vt 0.000045 -0.078540 0.000000
vt -0.244200 -0.076836 0.000000
vt -0.243029 -0.088075 0.000000
vt 0.000045 -0.098175 0.000000
vt -0.242156 -0.099334 0.000000
vt -0.241658 -0.110445 0.000000
vt 0.000045 -0.117810 0.000000
vt -0.241580 -0.121247 0.000000
vt -0.241931 -0.132253 0.000000
vt 0.000045 -0.137445 0.000000
vt -0.242674 -0.143482 0.000000
vt 0.000045 -0.157080 0.000000
vt -0.243754 -0.154744 0.000000
vt -0.245033 -0.165888 0.000000
vt -0.246353 -0.176715 0.000000
vt 0.246443 -0.176715 0.000000
vt 0.245124 -0.165888 0.000000
vt 0.243844 -0.154744 0.000000
vt 0.242764 -0.143482 0.000000
vt 0.242021 -0.132253 0.000000
vt 0.241670 -0.121247 0.000000
vt 0.241749 -0.110445 0.000000
vt 0.242246 -0.099334 0.000000
vt 0.243120 -0.088075 0.000000
vt 0.244290 -0.076836 0.000000
vt 0.245603 -0.065782 0.000000
vt 0.246905 -0.055054 0.000000
vt 0.248133 -0.044082 0.000000
vt 0.249155 -0.032861 0.000000
vt 0.249817 -0.021576 0.000000
vt 0.250036 -0.010393 0.000000
vt 0.249793 0.000477 0.000000
vt 0.249061 0.011358 0.000000
vt 0.247865 0.022495 0.000000
vt 0.246263 0.033693 0.000000
vt 0.244375 0.044803 0.000000
vt 0.242380 0.055651 0.000000
vt 0.240412 0.066283 0.000000
vt 0.238516 0.077264 0.000000
vt 0.236876 0.088442 0.000000
vt 0.235677 0.099657 0.000000
vt 0.235008 0.110738 0.000000
vt 0.234916 0.121531 0.000000
vt 0.235413 0.132529 0.000000
vt 0.236454 0.143723 0.000000
vt 0.237975 0.154928 0.000000
vt 0.000000 0.249724 0.000000
vt -0.000000 -0.249814 0.000000
vt 0.075000 0.246353 0.000000
vt 0.075000 -0.246443 0.000000
vt 0.075000 0.249724 0.000000
vt 0.000000 0.241682 0.000000
vt 0.075000 -0.249814 0.000000
vt 0.000000 -0.241773 0.000000
vt 0.241481 0.064705 0.000000
vt -0.241481 0.064705 0.000000
vt 0.250000 -0.000000 0.000000
vt -0.250000 0.000000 0.000000
vt 0.241481 -0.064705 0.000000
vt -0.241481 -0.064705 0.000000
vt 0.216506 -0.125000 0.000000
vt -0.216506 -0.125000 0.000000
vt 0.176777 -0.176777 0.000000
vt -0.176777 -0.176777 0.000000
vt 0.125000 -0.216506 0.000000
vt -0.125000 -0.216506 0.000000
vt 0.064705 -0.241481 0.000000
vt -0.064705 -0.241481 0.000000
vt -0.000000 -0.250000 0.000000
vt -0.216506 0.125000 0.000000
vt 0.216506 0.125000 0.000000
vt -0.176777 0.176777 0.000000
vt 0.176777 0.176777 0.000000
vt -0.125000 0.216506 0.000000
vt 0.125000 0.216506 0.000000
vt -0.064705 0.241481 0.000000
vt 0.064705 0.241481 0.000000
vt -0.000000 0.250000 0.000000
vt -0.350000 0.979381 0.000000
vt -0.000000 0.979381 0.000000
vt -0.350000 1.113841 0.000000
vt -0.000000 1.113841 0.000000
vt -0.350000 1.248301 0.000000
vt -0.000000 1.248301 0.000000
vt -0.350000 1.382762 0.000000
vt -0.000000 1.382762 0.000000
vt -0.350000 1.517222 0.000000
vt -0.000000 1.517222 0.000000
vt -0.350000 1.651683 0.000000
vt -0.000000 1.651683 0.000000
vt -0.350000 1.786143 0.000000
vt -0.000000 1.786143 0.000000
vt -0.350000 1.920604 0.000000
vt -0.000000 1.920604 0.000000
vt 0.519034 0.476678 0.000000
vt 0.695624 0.465453 0.000000
vt 0.526701 0.534912 0.000000
vt 0.700178 0.569774 0.000000
vt 0.519034 0.593146 0.000000
vt 0.677578 0.671720 0.000000
vt 0.629361 0.764342 0.000000
vt 0.664224 0.365865 0.000000
vt 0.496556 0.422412 0.000000
vt 0.460800 0.375813 0.000000
vt 0.414201 0.340056 0.000000
vt 0.095306 -0.934912 0.000000
vt 0.359935 0.317579 0.000000
vt 0.021139 -0.822987 0.000000
vt 0.301701 0.309912 0.000000
vt -0.072395 -0.726658 0.000000
vt 0.243466 0.317579 0.000000
vt 0.189201 0.340056 0.000000
vt -0.182088 -0.649229 0.000000
vt 0.142602 0.375813 0.000000
vt -0.304178 -0.593355 0.000000
vt 0.106845 0.422412 0.000000
vt -0.434477 -0.560953 0.000000
vt 0.084367 0.476678 0.000000
vt -0.060823 0.703959 0.000000
vt 0.076701 0.534912 0.000000
vt 0.084367 0.593146 0.000000
vt 0.106845 0.647412 0.000000
vt -0.004717 0.792027 0.000000
vt 0.142602 0.694011 0.000000
vt 0.072270 0.862573 0.000000
vt 0.189201 0.729768 0.000000
vt 0.164892 0.910789 0.000000
vt 0.243466 0.752245 0.000000
vt 0.266838 0.933390 0.000000
vt 0.301701 0.759912 0.000000
vt 0.371160 0.928835 0.000000
vt 0.359935 0.752245 0.000000
vt 0.470748 0.897435 0.000000
vt 0.414201 0.729768 0.000000
vt 0.460800 0.694011 0.000000
vt 0.558816 0.841330 0.000000
vt 0.496556 0.647412 0.000000
vt -0.701701 -0.570166 0.000000
vt -0.568517 -0.553134 0.000000
vt 0.106252 -0.028470 0.000000
vt 0.398478 -0.034862 0.000000
vt 0.110000 0.000000 0.000000
vt 0.393923 0.069459 0.000000
vt 0.106252 0.028470 0.000000
vt 0.362523 0.169047 0.000000
vt 0.095263 0.055000 0.000000
vt 0.306418 0.257115 0.000000
vt 0.077782 0.077782 0.000000
vt 0.229431 0.327661 0.000000
vt 0.055000 0.095263 0.000000
vt 0.136808 0.375877 0.000000
vt 0.028470 0.106252 0.000000
vt 0.034862 0.398478 0.000000
vt -0.000000 0.110000 0.000000
vt -0.069459 0.393923 0.000000
vt -0.028470 0.106252 0.000000
vt -0.169047 0.362523 0.000000
vt -0.055000 0.095263 0.000000
vt -0.257115 0.306418 0.000000
vt -0.077782 0.077782 0.000000
vt -0.327661 0.229431 0.000000
vt -0.095263 0.055000 0.000000
vt -0.375877 0.136808 0.000000
vt -0.106252 0.028470 0.000000
vt -0.398478 0.034862 0.000000
vt -0.110000 0.000000 0.000000
vt -0.393923 -0.069459 0.000000
vt -0.106252 -0.028470 0.000000
vt -0.362523 -0.169047 0.000000
vt -0.095263 -0.055000 0.000000
vt -0.306418 -0.257115 0.000000
vt -0.077782 -0.077782 0.000000
vt -0.229431 -0.327661 0.000000
vt -0.055000 -0.095263 0.000000
vt -0.136808 -0.375877 0.000000
vt -0.028470 -0.106252 0.000000
vt -0.034862 -0.398478 0.000000
vt -0.000000 -0.110000 0.000000
vt 0.069459 -0.393923 0.000000
vt 0.028470 -0.106252 0.000000
vt 0.169047 -0.362523 0.000000
vt 0.055000 -0.095263 0.000000
vt 0.257115 -0.306418 0.000000
vt 0.077782 -0.077782 0.000000
vt 0.327661 -0.229431 0.000000
vt 0.095263 -0.055000 0.000000
vt 0.375877 -0.136808 0.000000
vt 0.200000 0.456449 0.000000
vt 0.000000 0.456449 0.000000
vt 0.200000 0.344852 0.000000
vt -0.000000 0.344852 0.000000
vt -0.000000 0.233254 0.000000
vt 0.200000 0.233254 0.000000
vt -0.000000 0.121656 0.000000
vt 0.200000 0.121656 0.000000
vt -0.000000 0.010058 0.000000
vt 0.200000 0.010058 0.000000
vt -0.000000 -0.101539 0.000000
vt 0.200000 -0.101539 0.000000
vt -0.000000 -0.213137 0.000000
vt 0.200000 -0.213137 0.000000
vt -0.000000 -0.324735 0.000000
vt 0.200000 -0.324735 0.000000
vt 0.200000 -0.436332 0.000000
vt -0.000000 -0.436332 0.000000
vt -1.789480 0.000000 0.000000
vt -1.426226 0.000000 0.000000
vt -1.789480 0.200000 0.000000
vt -0.000000 0.200000 0.000000
vt -0.000000 -0.350000 0.000000
vt -1.426226 -0.350000 0.000000
vt 0.900000 1.186824 0.000000
vt 0.200000 1.082104 0.000000
vt 0.900000 1.082104 0.000000
vt 0.200000 0.977384 0.000000
vt 0.900000 0.977384 0.000000
vt 0.200000 0.872665 0.000000
vt 0.900000 0.872665 0.000000
vt 0.200000 0.767945 0.000000
vt 0.900000 0.767945 0.000000
vt 0.200000 0.663225 0.000000
vt 0.900000 0.663225 0.000000
vt 0.200000 0.558505 0.000000
vt 0.900000 0.558505 0.000000
vt 0.200000 0.453786 0.000000
vt 0.900000 0.453786 0.000000
vt 0.200000 0.349066 0.000000
vt 0.900000 0.349066 0.000000
vt 0.200000 0.244346 0.000000
vt 0.900000 0.244346 0.000000
vt 0.200000 0.139626 0.000000
vt 0.900000 0.139626 0.000000
vt 0.200000 0.034907 0.000000
vt 0.900000 0.034907 0.000000
vt 0.200000 -0.069813 0.000000
vt 0.900000 -0.069813 0.000000
vt 0.200000 -0.174533 0.000000
vt 0.900000 -0.174533 0.000000
vt 0.900000 -0.279253 0.000000
vt -0.350000 -0.279253 0.000000
vt -0.350000 -0.383972 0.000000
vt -0.350000 1.186824 0.000000
vt 0.900000 1.291544 0.000000
vt -0.350000 1.291544 0.000000
vt -0.350000 -1.221730 0.000000
vt 0.900000 -1.221730 0.000000
vt 0.900000 -1.117011 0.000000
vt -0.350000 -1.117011 0.000000
vt 0.900000 -1.012291 0.000000
vt -0.350000 -1.012291 0.000000
vt 0.900000 -0.907571 0.000000
vt -0.350000 -0.907571 0.000000
vt 0.900000 -0.802851 0.000000
vt -0.350000 -0.802851 0.000000
vt 0.900000 -0.698132 0.000000
vt -0.350000 -0.698132 0.000000
vt 0.900000 -0.593412 0.000000
vt -0.350000 -0.593412 0.000000
vt 0.900000 -0.488692 0.000000
vt -0.350000 -0.488692 0.000000
vt 0.900000 -0.383972 0.000000
vt -0.350000 -0.174533 0.000000
vt -0.350000 1.082104 0.000000
vt 0.000000 0.200000 0.000000
vt -1.767673 0.200000 0.000000
vt -0.347924 0.000000 0.000000
vt -1.767673 -0.350000 0.000000
vt -0.347924 -0.350000 0.000000
vt 0.000000 0.000000 0.000000
vt 0.200000 -1.546764 0.000000
vt -0.000000 -1.546764 0.000000
vt 0.200000 -1.558796 0.000000
vt -0.000000 -1.558796 0.000000
vt 0.200000 -1.570829 0.000000
vt -0.000000 -1.570829 0.000000
vt 0.200000 -1.582862 0.000000
vt -0.000000 -1.582862 0.000000
vt -0.878420 0.000000 0.000000
vt 0.000000 0.000000 0.000000
vt -0.878420 0.200000 0.000000
vt 0.000000 0.200000 0.000000
vt -0.350000 0.719948 0.000000
vt -0.181642 0.752399 0.000000
vt -0.350000 0.785398 0.000000
vt -0.184123 0.763310 0.000000
vt -0.184998 0.774170 0.000000
vt -0.350000 0.654498 0.000000
vt -0.127972 0.700218 0.000000
vt -0.138623 0.703892 0.000000
vt -0.148591 0.709186 0.000000
vt -0.350000 0.589049 0.000000
vt 0.750000 0.589049 0.000000
vt 0.750000 0.654498 0.000000
vt -0.106281 0.697978 0.000000
vt 0.613719 0.697978 0.000000
vt 0.602940 0.698242 0.000000
vt 0.750000 0.523599 0.000000
vt -0.350000 0.523599 0.000000
vt 0.750000 0.458149 0.000000
vt -0.350000 0.458149 0.000000
vt 0.750000 0.392699 0.000000
vt -0.350000 0.392699 0.000000
vt 0.750000 0.327249 0.000000
vt -0.350000 0.327249 0.000000
vt 0.750000 0.261799 0.000000
vt -0.350000 0.261799 0.000000
vt 0.750000 0.196350 0.000000
vt -0.350000 0.196350 0.000000
vt 0.200000 0.174533 0.000000
vt -0.000000 0.174533 0.000000
vt -0.350000 0.130900 0.000000
vt -0.000000 0.133587 0.000000
vt -0.000000 0.092641 0.000000
vt -0.117060 0.087156 0.000000
vt -0.106281 0.087421 0.000000
vt -0.350000 0.065450 0.000000
vt -0.127972 0.085180 0.000000
vt -0.138623 0.081506 0.000000
vt -0.148591 0.076212 0.000000
vt -0.157561 0.069620 0.000000
vt -0.165281 0.062063 0.000000
vt -0.171996 0.053325 0.000000
vt -0.177555 0.043536 0.000000
vt -0.181642 0.032999 0.000000
vt -0.350000 0.000000 0.000000
vt -0.184123 0.022088 0.000000
vt -0.184998 0.011228 0.000000
vt -0.184264 0.000389 0.000000
vt -0.181906 -0.010533 0.000000
vt -0.177913 -0.021096 0.000000
vt -0.172397 -0.030909 0.000000
vt -0.350000 -0.065450 0.000000
vt -0.165681 -0.039658 0.000000
vt -0.157947 -0.047191 0.000000
vt -0.148957 -0.053735 0.000000
vt -0.138962 -0.058981 0.000000
vt -0.128285 -0.062624 0.000000
vt -0.117352 -0.064596 0.000000
vt -0.106564 -0.064897 0.000000
vt -0.000000 -0.066952 0.000000
vt -0.095649 -0.063527 0.000000
vt -0.084828 -0.060487 0.000000
vt -0.074545 -0.055794 0.000000
vt -0.065158 -0.049677 0.000000
vt -0.000000 -0.028101 0.000000
vt -0.056967 -0.042491 0.000000
vt -0.003934 0.010750 0.000000
vt -0.000000 0.010750 0.000000
vt -0.000000 0.051696 0.000000
vt -0.000000 -0.105803 0.000000
vt -0.350000 -0.130900 0.000000
vt -0.000000 -0.144654 0.000000
vt -0.350000 -0.196350 0.000000
vt -0.000000 -0.183505 0.000000
vt -0.000000 -0.222356 0.000000
vt -0.350000 -0.261799 0.000000
vt -0.000000 -0.261207 0.000000
vt -0.000000 -0.300058 0.000000
vt -0.350000 -0.327249 0.000000
vt -0.000000 -0.338909 0.000000
vt -0.000000 -0.377760 0.000000
vt -0.350000 -0.392699 0.000000
vt -0.000000 -0.416610 0.000000
vt -0.350000 -0.458149 0.000000
vt -0.000000 -0.455461 0.000000
vt -0.000000 -0.494312 0.000000
vt -0.350000 -0.523599 0.000000
vt -0.000000 -0.533163 0.000000
vt -0.000000 -0.572014 0.000000
vt -0.350000 -0.589049 0.000000
vt -0.000000 -0.610865 0.000000
vt -0.350000 -0.654498 0.000000
vt 0.200000 -0.610865 0.000000
vt 0.750000 -0.654498 0.000000
vt 0.750000 -0.589049 0.000000
vt 0.750000 -0.719948 0.000000
vt -0.350000 -0.719948 0.000000
vt -0.106564 -0.720501 0.000000
vt -0.117352 -0.720802 0.000000
vt -0.128285 -0.722774 0.000000
vt -0.138962 -0.726417 0.000000
vt -0.148957 -0.731663 0.000000
vt -0.157947 -0.738207 0.000000
vt -0.165681 -0.745740 0.000000
vt -0.172397 -0.754489 0.000000
vt -0.350000 -0.785398 0.000000
vt -0.177913 -0.764302 0.000000
vt -0.181906 -0.774865 0.000000
vt -0.184264 -0.785787 0.000000
vt -0.184264 0.785009 0.000000
vt -0.065076 0.713633 0.000000
vt 0.562439 0.715778 0.000000
vt -0.056967 0.720906 0.000000
vt 0.554719 0.723335 0.000000
vt 0.548004 0.732073 0.000000
vt 0.571409 0.709186 0.000000
vt -0.074384 0.707401 0.000000
vt 0.581377 0.703892 0.000000
vt -0.084600 0.702581 0.000000
vt 0.592028 0.700218 0.000000
vt -0.095379 0.699428 0.000000
vt -0.117060 0.698242 0.000000
vt -0.157561 0.715778 0.000000
vt -0.165281 0.723335 0.000000
vt -0.171996 0.732073 0.000000
vt -0.177555 0.741862 0.000000
vt -0.095649 -0.721871 0.000000
vt 0.602648 -0.720802 0.000000
vt 0.613436 -0.720501 0.000000
vt 0.624351 -0.721871 0.000000
vt 0.635172 -0.724911 0.000000
vt 0.591715 -0.722774 0.000000
vt -0.084828 -0.724911 0.000000
vt 0.581038 -0.726417 0.000000
vt -0.074545 -0.729604 0.000000
vt 0.571043 -0.731663 0.000000
vt -0.065158 -0.735721 0.000000
vt 0.562053 -0.738207 0.000000
vt -0.056967 -0.742908 0.000000
vt 0.554319 -0.745740 0.000000
vt 0.554319 0.825057 0.000000
vt -0.056967 0.827889 0.000000
vt 0.547603 0.816307 0.000000
vt 0.542087 0.806495 0.000000
vt -0.003934 0.774648 0.000000
vt 0.538094 0.795931 0.000000
vt 0.535736 0.785009 0.000000
vt 0.535002 0.774170 0.000000
vt 0.535877 0.763310 0.000000
vt 0.538358 0.752399 0.000000
vt 0.542445 0.741862 0.000000
vt -0.095379 0.085970 0.000000
vt -0.084600 0.082817 0.000000
vt -0.074384 0.077997 0.000000
vt -0.065076 0.071765 0.000000
vt -0.056967 0.064493 0.000000
vt 0.663033 -0.742908 0.000000
vt 0.750000 -0.785398 0.000000
vt 0.750000 0.785398 0.000000
vt 0.663033 0.827889 0.000000
vt 0.716066 0.774648 0.000000
vt 0.750000 0.719948 0.000000
vt 0.663033 0.720906 0.000000
vt 0.654924 0.713633 0.000000
vt 0.200000 -0.545415 0.000000
vt 0.750000 -0.523599 0.000000
vt 0.200000 -0.479966 0.000000
vt 0.750000 -0.458149 0.000000
vt 0.200000 -0.414516 0.000000
vt 0.750000 -0.392699 0.000000
vt 0.200000 -0.349066 0.000000
vt 0.750000 -0.327249 0.000000
vt 0.200000 -0.283616 0.000000
vt 0.750000 -0.261799 0.000000
vt 0.200000 -0.218166 0.000000
vt 0.750000 -0.196350 0.000000
vt 0.200000 -0.152716 0.000000
vt 0.750000 -0.130900 0.000000
vt 0.200000 -0.087266 0.000000
vt 0.750000 -0.065450 0.000000
vt 0.613436 -0.064897 0.000000
vt 0.624351 -0.063527 0.000000
vt 0.635172 -0.060487 0.000000
vt 0.645455 -0.055794 0.000000
vt 0.654842 -0.049677 0.000000
vt 0.663033 -0.042491 0.000000
vt 0.750000 0.000000 0.000000
vt 0.716066 0.010750 0.000000
vt 0.750000 0.065450 0.000000
vt 0.663033 0.064493 0.000000
vt 0.654924 0.071765 0.000000
vt 0.645616 0.077997 0.000000
vt 0.635400 0.082817 0.000000
vt 0.624621 0.085970 0.000000
vt 0.750000 0.130900 0.000000
vt 0.613719 0.087421 0.000000
vt 0.200000 0.109083 0.000000
vt 0.602940 0.087156 0.000000
vt 0.592028 0.085180 0.000000
vt 0.581377 0.081506 0.000000
vt 0.571409 0.076212 0.000000
vt 0.200000 0.043633 0.000000
vt 0.562439 0.069620 0.000000
vt 0.554719 0.062063 0.000000
vt 0.548004 0.053325 0.000000
vt 0.542445 0.043536 0.000000
vt 0.538358 0.032999 0.000000
vt 0.535877 0.022088 0.000000
vt 0.535002 0.011228 0.000000
vt 0.200000 -0.021817 0.000000
vt 0.535736 0.000389 0.000000
vt 0.538094 -0.010533 0.000000
vt 0.542087 -0.021096 0.000000
vt 0.547603 -0.030909 0.000000
vt 0.554319 -0.039658 0.000000
vt 0.562053 -0.047191 0.000000
vt 0.571043 -0.053735 0.000000
vt 0.581038 -0.058981 0.000000
vt 0.591715 -0.062624 0.000000
vt 0.602648 -0.064596 0.000000
vt 0.624621 0.699428 0.000000
vt 0.635400 0.702581 0.000000
vt 0.645616 0.707401 0.000000
vt 0.645455 -0.729604 0.000000
vt 0.654842 -0.735721 0.000000
vt -1.119151 0.000000 0.000000
vt -0.000000 0.000000 0.000000
vt -1.119151 0.200000 0.000000
vt -0.000000 0.200000 0.000000
vt -0.332265 0.335509 0.000000
vt -0.725398 0.410469 0.000000
vt -0.335673 0.309627 0.000000
vt -0.735571 0.299569 0.000000
vt -0.720945 0.189167 0.000000
vt -0.322275 0.359627 0.000000
vt -0.633875 0.612009 0.000000
vt -0.690929 0.516367 0.000000
vt -0.557066 0.692649 0.000000
vt -0.306383 0.380337 0.000000
vt -0.285673 0.396229 0.000000
vt -0.261554 0.406219 0.000000
vt -0.393837 1.017164 0.000000
vt -0.260654 1.034196 0.000000
vt -0.235673 0.409627 0.000000
vt -0.126614 1.026377 0.000000
vt -0.209791 0.406219 0.000000
vt -0.185673 0.396229 0.000000
vt 0.003685 0.993975 0.000000
vt -0.164962 0.380337 0.000000
vt 0.125775 0.938101 0.000000
vt 0.235468 0.860672 0.000000
vt -0.149070 0.359627 0.000000
vt 0.263750 0.333650 0.000000
vt -0.139080 0.335509 0.000000
vt -0.135673 0.309627 0.000000
vt -0.139080 0.283745 0.000000
vt 0.264182 0.297562 0.000000
vt 0.264327 0.309594 0.000000
vt 0.264183 0.321625 0.000000
vt -0.149070 0.259627 0.000000
vt -0.164962 0.238916 0.000000
vt 0.350051 -0.442162 0.000000
vt 0.326367 -0.472910 0.000000
vt -0.185673 0.223024 0.000000
vt 0.307729 -0.506954 0.000000
vt -0.209791 0.213034 0.000000
vt 0.294584 -0.543472 0.000000
vt -0.541400 -0.086013 0.000000
vt 0.287250 -0.581585 0.000000
vt 0.285904 -0.620373 0.000000
vt 0.290998 -0.660955 0.000000
vt 0.302642 -0.700162 0.000000
vt 0.320522 -0.736947 0.000000
vt 0.344161 -0.770324 0.000000
vt -0.235673 0.209627 0.000000
vt -0.261554 0.213034 0.000000
vt -0.285673 0.223024 0.000000
vt -0.306383 0.238916 0.000000
vt -0.322275 0.259627 0.000000
vt -0.621390 -0.008527 0.000000
vt -0.332265 0.283745 0.000000
vt -0.682245 0.084742 0.000000
vt 0.378207 -0.415450 0.000000
vt 0.410160 -0.393417 0.000000
vt 0.445137 -0.376596 0.000000
vt 0.482296 -0.365391 0.000000
vt 0.520742 -0.360073 0.000000
vt 0.559548 -0.360769 0.000000
vt 0.597778 -0.367464 0.000000
vt 0.634511 -0.379994 0.000000
vt 0.668862 -0.398060 0.000000
vt 0.700003 -0.421224 0.000000
vt 0.727184 -0.448930 0.000000
vt 0.403169 0.652419 0.000000
vt 0.329002 0.764343 0.000000
vt 0.004732 0.309627 0.000000
vt -0.330885 -0.466233 0.000000
vt 0.120203 0.109627 0.000000
vt -0.300749 -0.524122 0.000000
vt -0.286624 -0.587838 0.000000
vt 0.120203 0.509627 0.000000
vt -0.263750 0.333650 0.000000
vt -0.264183 0.321625 0.000000
vt -0.264327 0.309594 0.000000
vt 0.351143 0.509627 0.000000
vt -0.233687 1.985434 0.000000
vt -0.281903 1.892812 0.000000
vt -0.352449 1.815824 0.000000
vt 0.557066 0.692649 0.000000
vt 0.466613 0.309627 0.000000
vt 0.633875 0.612009 0.000000
vt 0.690929 0.516367 0.000000
vt 0.725398 0.410469 0.000000
vt 0.735571 0.299569 0.000000
vt 0.720945 0.189167 0.000000
vt 0.682245 0.084742 0.000000
vt 0.621390 -0.008527 0.000000
vt 0.541400 -0.086013 0.000000
vt 0.351143 0.109627 0.000000
vt -0.289471 -0.653039 0.000000
vt -0.727184 -0.448930 0.000000
vt -0.679067 -0.404839 0.000000
vt -0.264182 0.297562 0.000000
vt -0.621178 -0.374704 0.000000
vt -0.557462 -0.360578 0.000000
vt -0.492261 -0.363425 0.000000
vt -0.430018 -0.383050 0.000000
vt -0.374976 -0.418116 0.000000
vt -0.309096 -0.715281 0.000000
vt -0.344161 -0.770324 0.000000
vt -0.247041 2.291290 0.000000
vt -0.215641 2.191702 0.000000
vt -0.211086 2.087380 0.000000
vt -0.440517 1.759719 0.000000
vt -0.540105 1.728319 0.000000
vt -0.644426 1.723764 0.000000
vt -0.746372 1.746365 0.000000
vt -0.838995 1.794581 0.000000
vt -0.915982 1.865127 0.000000
vt -0.972087 1.953195 0.000000
vt -0.239723 0.165990 0.000000
vt 0.000045 0.157080 0.000000
vt -0.241682 0.176715 0.000000
vt 0.239813 0.165990 0.000000
vt 0.241773 0.176715 0.000000
vt -0.237885 0.154928 0.000000
vt -0.236363 0.143723 0.000000
vt 0.000045 0.137445 0.000000
vt -0.235323 0.132529 0.000000
vt 0.000045 0.117810 0.000000
vt -0.234826 0.121531 0.000000
vt -0.234918 0.110738 0.000000
vt 0.000045 0.098175 0.000000
vt -0.235587 0.099657 0.000000
vt -0.236786 0.088442 0.000000
vt 0.000045 0.078540 0.000000
vt -0.238426 0.077264 0.000000
vt -0.240322 0.066283 0.000000
vt 0.000045 0.058905 0.000000
vt -0.242290 0.055651 0.000000
vt -0.244285 0.044803 0.000000
vt 0.000045 0.039270 0.000000
vt -0.246173 0.033693 0.000000
vt 0.000045 0.019635 0.000000
vt -0.247775 0.022495 0.000000
vt -0.248971 0.011358 0.000000
vt 0.000045 -0.000000 0.000000
vt -0.249703 0.000477 0.000000
vt -0.249946 -0.010393 0.000000
vt 0.000045 -0.019635 0.000000
vt -0.249727 -0.021576 0.000000
vt -0.249065 -0.032861 0.000000
vt 0.000045 -0.039270 0.000000
vt -0.248042 -0.044082 0.000000
vt 0.000045 -0.058905 0.000000
vt -0.246815 -0.055054 0.000000
vt -0.245513 -0.065782 0.000000
vt 0.000045 -0.078540 0.000000
vt -0.244200 -0.076836 0.000000
vt -0.243029 -0.088075 0.000000
vt 0.000045 -0.098175 0.000000
vt -0.242156 -0.099334 0.000000
vt -0.241658 -0.110445 0.000000
vt 0.000045 -0.117810 0.000000
vt -0.241580 -0.121247 0.000000
vt -0.241931 -0.132253 0.000000
vt 0.000045 -0.137445 0.000000
vt -0.242674 -0.143482 0.000000
vt 0.000045 -0.157080 0.000000
vt -0.243754 -0.154744 0.000000
vt -0.245033 -0.165888 0.000000
vt -0.246353 -0.176715 0.000000
vt 0.246443 -0.176715 0.000000
vt 0.245124 -0.165888 0.000000
vt 0.243844 -0.154744 0.000000
vt 0.242764 -0.143482 0.000000
vt 0.242021 -0.132253 0.000000
vt 0.241670 -0.121247 0.000000
vt 0.241749 -0.110445 0.000000
vt 0.242246 -0.099334 0.000000
vt 0.243120 -0.088075 0.000000
vt 0.244290 -0.076836 0.000000
vt 0.245603 -0.065782 0.000000
vt 0.246905 -0.055054 0.000000
vt 0.248133 -0.044082 0.000000
vt 0.249155 -0.032861 0.000000
vt 0.249817 -0.021576 0.000000
vt 0.250036 -0.010393 0.000000
vt 0.249793 0.000477 0.000000
vt 0.249061 0.011358 0.000000
vt 0.247865 0.022495 0.000000
vt 0.246263 0.033693 0.000000
vt 0.244375 0.044803 0.000000
vt 0.242380 0.055651 0.000000
vt 0.240412 0.066283 0.000000
vt 0.238516 0.077264 0.000000
vt 0.236876 0.088442 0.000000
vt 0.235677 0.099657 0.000000
vt 0.235008 0.110738 0.000000
vt 0.234916 0.121531 0.000000
vt 0.235413 0.132529 0.000000
vt 0.236454 0.143723 0.000000
vt 0.237975 0.154928 0.000000
vt 0.000000 0.249724 0.000000
vt -0.000000 -0.249814 0.000000
vt 0.075000 0.246353 0.000000
vt 0.075000 -0.246443 0.000000
vt 0.075000 0.249724 0.000000
vt 0.000000 0.241682 0.000000
vt 0.075000 -0.249814 0.000000
vt 0.000000 -0.241773 0.000000
vt -0.241481 -0.064705 0.000000
vt 0.241481 -0.064705 0.000000
vt -0.250000 0.000000 0.000000
vt 0.250000 0.000000 0.000000
vt -0.241481 0.064705 0.000000
vt 0.241481 0.064705 0.000000
vt -0.216506 0.125000 0.000000
vt 0.216506 0.125000 0.000000
vt -0.176777 0.176777 0.000000
vt 0.176777 0.176777 0.000000
vt -0.125000 0.216506 0.000000
vt 0.125000 0.216506 0.000000
vt -0.064705 0.241481 0.000000
vt 0.064705 0.241481 0.000000
vt 0.000000 0.250000 0.000000
vt 0.216506 -0.125000 0.000000
vt -0.216506 -0.125000 0.000000
vt 0.176777 -0.176777 0.000000
vt -0.176777 -0.176777 0.000000
vt 0.125000 -0.216506 0.000000
vt -0.125000 -0.216506 0.000000
vt 0.064705 -0.241481 0.000000
vt -0.064705 -0.241481 0.000000
vt 0.000000 -0.250000 0.000000
vn 0.866025 -0.000000 -0.500000
vn 0.866025 -0.000000 -0.500000
vn 0.866025 -0.000000 -0.500000
vn 0.866025 -0.000000 -0.500000
vn 0.866025 0.000000 0.500000
vn 0.866025 0.000000 0.500000
vn 0.866025 0.000000 0.500000
vn 0.866025 0.000000 0.500000
vn 0.000000 0.000000 1.000000
vn 0.000000 0.000000 1.000000
vn 0.000000 0.000000 1.000000
vn 0.000000 0.000000 1.000000
vn -0.866025 -0.000000 0.500000
vn -0.866025 -0.000000 0.500000
vn -0.866025 -0.000000 0.500000
vn -0.866025 -0.000000 0.500000
vn -0.866025 -0.000000 -0.500000
vn -0.866025 -0.000000 -0.500000
vn -0.866025 -0.000000 -0.500000
vn -0.866025 -0.000000 -0.500000
vn -0.000000 -0.000000 -1.000000
vn -0.000000 -0.000000 -1.000000
vn -0.000000 -0.000000 -1.000000
vn -0.000000 -0.000000 -1.000000
vn -0.000000 1.000000 -0.000000
vn -0.000000 1.000000 -0.000000
vn -0.000000 1.000000 -0.000000
vn -0.000000 1.000000 -0.000000
vn -0.000000 1.000000 -0.000000
vn -0.000000 1.000000 -0.000000
vn -0.000000 1.000000 -0.000000
vn -0.000000 1.000000 -0.000000
vn -0.000000 1.000000 -0.000000
vn -0.000000 1.000000 -0.000000
vn -0.000000 1.000000 -0.000000
vn -0.000000 1.000000 -0.000000
vn -0.000000 1.000000 -0.000000
vn -0.000000 1.000000 -0.000000
vn -0.000000 1.000000 -0.000000
vn -0.000000 1.000000 -0.000000
vn -0.000000 1.000000 -0.000000
vn -0.000000 1.000000 -0.000000
vn -0.000000 1.000000 -0.000000
vn -0.000000 1.000000 -0.000000
vn -0.000000 1.000000 -0.000000
vn -0.000000 1.000000 -0.000000
vn -0.000000 1.000000 -0.000000
vn -0.000000 1.000000 -0.000000
vn -0.000000 1.000000 -0.000000
vn -0.000000 1.000000 -0.000000
vn -0.000000 1.000000 -0.000000
vn -0.000000 1.000000 -0.000000
vn -0.000000 1.000000 -0.000000
vn -0.000000 1.000000 -0.000000
vn -0.965926 0.000000 -0.258819
vn -0.965926 0.000000 -0.258819
vn -1.000000 0.000000 -0.000000
vn -1.000000 0.000000 -0.000000
vn -0.965926 -0.000000 0.258819
vn -0.965926 -0.000000 0.258819
vn -0.866025 -0.000000 0.500000
vn -0.866025 -0.000000 0.500000
vn -0.707107 -0.000000 0.707107
vn -0.707107 -0.000000 0.707107
vn -0.500000 -0.000000 0.866025
vn -0.500000 -0.000000 0.866025
vn -0.258819 -0.000000 0.965926
vn -0.258819 -0.000000 0.965926
vn 0.000000 -0.000000 1.000000
vn 0.000000 -0.000000 1.000000
vn 0.258819 -0.000000 0.965926
vn 0.258819 -0.000000 0.965926
vn 0.500000 -0.000000 0.866025
vn 0.500000 -0.000000 0.866025
vn 0.707107 -0.000000 0.707107
vn 0.707107 -0.000000 0.707107
vn 0.866025 -0.000000 0.500000
vn 0.866025 -0.000000 0.500000
vn 0.965926 -0.000000 0.258819
vn 0.965926 -0.000000 0.258819
vn 1.000000 -0.000000 -0.000000
vn 1.000000 -0.000000 -0.000000
vn 0.965926 -0.000000 -0.258819
vn 0.965926 -0.000000 -0.258819
vn 0.866025 -0.000000 -0.500000
vn 0.866025 -0.000000 -0.500000
vn 0.707107 -0.000000 -0.707107
vn 0.707107 -0.000000 -0.707107
vn 0.500000 -0.000000 -0.866025
vn 0.500000 -0.000000 -0.866025
vn 0.258819 -0.000000 -0.965926
vn 0.258819 -0.000000 -0.965926
vn 0.000000 -0.000000 -1.000000
vn 0.000000 -0.000000 -1.000000
vn -0.258819 0.000000 -0.965926
vn -0.258819 0.000000 -0.965926
vn -0.500000 0.000000 -0.866025
vn -0.500000 0.000000 -0.866025
vn -0.707107 0.000000 -0.707107
vn -0.707107 0.000000 -0.707107
vn -0.866025 0.000000 -0.500000
vn -0.866025 0.000000 -0.500000
vn 0.965926 -0.000000 -0.258819
vn 0.965926 -0.000000 -0.258819
vn 1.000000 -0.000000 -0.000000
vn 1.000000 -0.000000 -0.000000
vn 0.965926 -0.000000 0.258819
vn 0.965926 -0.000000 0.258819
vn 0.866025 -0.000000 0.500000
vn 0.866025 -0.000000 0.500000
vn 0.707107 -0.000000 0.707107
vn 0.707107 -0.000000 0.707107
vn 0.500000 -0.000000 0.866025
vn 0.500000 -0.000000 0.866025
vn 0.258819 -0.000000 0.965926
vn 0.258819 -0.000000 0.965926
vn -0.000000 -0.000000 1.000000
vn -0.000000 -0.000000 1.000000
vn -0.258819 -0.000000 0.965926
vn -0.258819 -0.000000 0.965926
vn -0.500000 -0.000000 0.866025
vn -0.500000 -0.000000 0.866025
vn -0.707107 -0.000000 0.707107
vn -0.707107 -0.000000 0.707107
vn -0.866025 -0.000000 0.500000
vn -0.866025 -0.000000 0.500000
vn -0.965926 -0.000000 0.258819
vn -0.965926 -0.000000 0.258819
vn -1.000000 -0.000000 -0.000000
vn -1.000000 -0.000000 -0.000000
vn -0.965926 0.000000 -0.258819
vn -0.965926 0.000000 -0.258819
vn -0.866025 0.000000 -0.500000
vn -0.866025 0.000000 -0.500000
vn -0.707107 0.000000 -0.707107
vn -0.707107 0.000000 -0.707107
vn -0.500000 0.000000 -0.866025
vn -0.500000 0.000000 -0.866025
vn -0.258819 0.000000 -0.965926
vn -0.258819 0.000000 -0.965926
vn -0.000000 0.000000 -1.000000
vn -0.000000 0.000000 -1.000000
vn 0.258819 -0.000000 -0.965926
vn 0.258819 -0.000000 -0.965926
vn 0.500000 -0.000000 -0.866025
vn 0.500000 -0.000000 -0.866025
vn 0.707107 -0.000000 -0.707107
vn 0.707107 -0.000000 -0.707107
vn 0.866025 -0.000000 -0.500000
vn 0.866025 -0.000000 -0.500000
vn -0.000000 -1.000000 -0.000000
vn -0.000000 -1.000000 -0.000000
vn -0.000000 -1.000000 -0.000000
vn -0.000000 -1.000000 -0.000000
vn -0.000000 -1.000000 -0.000000
vn -0.000000 -1.000000 -0.000000
vn -0.000000 -1.000000 -0.000000
vn -0.000000 -1.000000 -0.000000
vn -0.000000 -1.000000 -0.000000
vn -0.000000 -1.000000 -0.000000
vn -0.000000 -1.000000 -0.000000
vn -0.000000 -1.000000 -0.000000
vn -0.000000 -1.000000 -0.000000
vn -0.000000 -1.000000 -0.000000
vn -0.000000 -1.000000 -0.000000
vn -0.000000 -1.000000 -0.000000
vn -0.000000 -1.000000 -0.000000
vn -0.000000 -1.000000 -0.000000
vn -0.000000 -1.000000 -0.000000
vn -0.000000 -1.000000 -0.000000
vn -0.000000 -1.000000 -0.000000
vn -0.000000 -1.000000 -0.000000
vn -0.000000 -1.000000 -0.000000
vn -0.000000 -1.000000 -0.000000
vn -0.000000 -1.000000 -0.000000
vn -0.000000 -1.000000 -0.000000
vn -0.000000 -1.000000 -0.000000
vn -0.000000 -1.000000 -0.000000
vn -0.000000 -1.000000 -0.000000
vn -0.000000 -1.000000 -0.000000
vn -0.000000 -1.000000 -0.000000
vn -0.000000 -1.000000 -0.000000
vn -0.000000 -1.000000 -0.000000
vn -0.000000 -1.000000 -0.000000
vn -0.000000 -1.000000 -0.000000
vn -0.000000 -1.000000 -0.000000
vn -0.000000 -1.000000 -0.000000
vn -0.000000 -1.000000 -0.000000
vn -0.000000 -1.000000 -0.000000
vn -0.000000 -1.000000 -0.000000
vn -0.000000 -1.000000 -0.000000
vn -0.000000 -1.000000 -0.000000
vn -0.000000 -1.000000 -0.000000
vn -0.000000 -1.000000 -0.000000
vn -0.000000 -1.000000 -0.000000
vn -0.000000 -1.000000 -0.000000
vn -0.000000 -1.000000 -0.000000
vn -0.000000 -1.000000 -0.000000
vn 0.965926 -0.000000 0.258819
vn 0.965926 -0.000000 0.258819
vn 1.000000 -0.000000 0.000000
vn 1.000000 -0.000000 0.000000
vn 0.965926 -0.000000 -0.258819
vn 0.965926 -0.000000 -0.258819
vn 0.866025 -0.000000 -0.500000
vn 0.866025 -0.000000 -0.500000
vn 0.707107 -0.000000 -0.707107
vn 0.707107 -0.000000 -0.707107
vn 0.500000 -0.000000 -0.866025
vn 0.500000 -0.000000 -0.866025
vn 0.258819 -0.000000 -0.965926
vn 0.258819 -0.000000 -0.965926
vn -0.000000 0.000000 -1.000000
vn -0.000000 0.000000 -1.000000
vn -0.258819 0.000000 -0.965926
vn -0.258819 0.000000 -0.965926
vn -0.500000 0.000000 -0.866025
vn -0.500000 0.000000 -0.866025
vn -0.707107 0.000000 -0.707107
vn -0.707107 0.000000 -0.707107
vn -0.866025 0.000000 -0.500000
vn -0.866025 0.000000 -0.500000
vn -0.965926 0.000000 -0.258819
vn -0.965926 0.000000 -0.258819
vn -1.000000 -0.000000 -0.000000
vn -1.000000 -0.000000 -0.000000
vn -0.965926 -0.000000 0.258819
vn -0.965926 -0.000000 0.258819
vn -0.866025 -0.000000 0.500000
vn -0.866025 -0.000000 0.500000
vn -0.707107 -0.000000 0.707107
vn -0.707107 -0.000000 0.707107
vn -0.500000 -0.000000 0.866025
vn -0.500000 -0.000000 0.866025
vn -0.258819 -0.000000 0.965926
vn -0.258819 -0.000000 0.965926
vn -0.000000 -0.000000 1.000000
vn -0.000000 -0.000000 1.000000
vn 0.258819 -0.000000 0.965926
vn 0.258819 -0.000000 0.965926
vn 0.500000 -0.000000 0.866025
vn 0.500000 -0.000000 0.866025
vn 0.707107 -0.000000 0.707107
vn 0.707107 -0.000000 0.707107
vn 0.866025 -0.000000 0.500000
vn 0.866025 -0.000000 0.500000
vn 0.965926 -0.000000 -0.258819
vn 1.000000 -0.000000 -0.000000
vn 0.965926 -0.000000 0.258819
vn 0.866025 -0.000000 0.500000
vn 0.707107 -0.000000 0.707107
vn 0.500000 -0.000000 0.866025
vn 0.258819 -0.000000 0.965926
vn -0.000000 -0.000000 1.000000
vn -0.258819 -0.000000 0.965926
vn -0.500000 -0.000000 0.866025
vn -0.707107 -0.000000 0.707107
vn -0.866025 -0.000000 0.500000
vn -0.965926 -0.000000 0.258819
vn -1.000000 -0.000000 -0.000000
vn -0.965926 0.000000 -0.258819
vn -0.866025 0.000000 -0.500000
vn -0.707107 0.000000 -0.707107
vn -0.500000 0.000000 -0.866025
vn -0.258819 0.000000 -0.965926
vn -0.000000 0.000000 -1.000000
vn 0.258819 -0.000000 -0.965926
vn 0.500000 -0.000000 -0.866025
vn 0.707107 -0.000000 -0.707107
vn 0.866025 -0.000000 -0.500000
vn 0.000000 -0.599123 -0.800657
vn 0.000000 -0.500000 -0.866025
vn 0.000000 -0.707107 -0.707107
vn 0.000000 -0.599123 -0.800657
vn 0.000000 -0.707107 -0.707107
vn 0.000000 -0.474953 -0.880011
vn 0.000000 -0.338683 -0.940901
vn 0.000000 -0.258819 -0.965926
vn 0.000000 -0.194994 -0.980804
vn -0.000000 0.000000 -1.000000
vn 0.000000 -0.049593 -0.998769
vn -0.000000 0.094150 -0.995558
vn -0.000000 0.258819 -0.965926
vn -0.000000 0.239685 -0.970851
vn -0.000000 0.381643 -0.924310
vn -0.000000 0.500000 -0.866025
vn -0.000000 0.514664 -0.857392
vn -0.000000 0.634241 -0.773135
vn -0.000000 0.707107 -0.707107
vn -0.000000 0.737113 -0.675769
vn -0.000000 0.826819 -0.562468
vn -0.000000 0.866025 -0.500000
vn -0.000000 0.900778 -0.434281
vn -0.000000 0.965926 -0.258819
vn -0.000000 0.955356 -0.295458
vn -0.000000 0.988555 -0.150860
vn -0.000000 1.000000 0.000000
vn -0.000000 0.999980 -0.006365
vn -0.000000 0.990414 0.138132
vn -0.000000 0.965926 0.258819
vn -0.000000 0.958904 0.283731
vn -0.000000 0.905542 0.424257
vn -0.000000 0.866025 0.500000
vn -0.000000 0.832182 0.554503
vn -0.000000 0.707107 0.707107
vn -0.000000 0.742462 0.669888
vn -0.000000 0.639389 0.768883
vn -0.000000 0.500000 0.866025
vn -0.000000 0.519546 0.854443
vn -0.000000 0.386163 0.922431
vn -0.000000 0.258819 0.965926
vn -0.000000 0.243862 0.969810
vn -0.000000 0.098039 0.995183
vn -0.000000 -0.000000 1.000000
vn -0.000000 -0.045814 0.998950
vn -0.000000 -0.191393 0.981513
vn -0.000000 -0.258819 0.965926
vn -0.000000 -0.335650 0.941987
vn -0.000000 -0.500000 0.866025
vn -0.000000 -0.472798 0.881171
vn -0.000000 -0.598028 0.801475
vn -0.000000 -0.707107 0.707107
vn -0.000000 -0.707107 0.707107
vn -0.000000 -0.598028 0.801475
vn -0.000000 -0.472798 0.881171
vn -0.000000 -0.335650 0.941987
vn -0.000000 -0.191393 0.981513
vn -0.000000 -0.045814 0.998950
vn -0.000000 0.098039 0.995183
vn -0.000000 0.243862 0.969810
vn -0.000000 0.386163 0.922431
vn -0.000000 0.519546 0.854443
vn -0.000000 0.639389 0.768883
vn -0.000000 0.742462 0.669888
vn -0.000000 0.832182 0.554503
vn -0.000000 0.905542 0.424257
vn -0.000000 0.958904 0.283731
vn -0.000000 0.990414 0.138132
vn -0.000000 0.999980 -0.006365
vn -0.000000 0.988555 -0.150860
vn -0.000000 0.955356 -0.295458
vn -0.000000 0.900778 -0.434281
vn -0.000000 0.826819 -0.562468
vn -0.000000 0.737113 -0.675769
vn -0.000000 0.634241 -0.773135
vn -0.000000 0.514664 -0.857392
vn -0.000000 0.381643 -0.924310
vn -0.000000 0.239685 -0.970851
vn -0.000000 0.094150 -0.995558
vn 0.000000 -0.049593 -0.998769
vn 0.000000 -0.194994 -0.980804
vn 0.000000 -0.338683 -0.940901
vn 0.000000 -0.474953 -0.880011
vn -0.000000 -0.707107 0.707107
vn -0.000000 -0.707107 0.707107
vn -0.000000 -0.707107 -0.707107
vn -0.000000 -0.707107 -0.707107
vn 0.000000 -1.000000 0.000000
vn 0.000000 -1.000000 0.000000
vn 0.000000 -1.000000 0.000000
vn 0.000000 -1.000000 0.000000
vn 0.000000 -1.000000 0.000000
vn 0.000000 -1.000000 0.000000
vn 0.000000 -1.000000 0.000000
vn 0.000000 -1.000000 0.000000
vn 0.000000 -1.000000 0.000000
vn 0.000000 -1.000000 0.000000
vn 0.000000 -1.000000 0.000000
vn 0.000000 -1.000000 0.000000
vn 0.000000 -1.000000 0.000000
vn 0.000000 -1.000000 0.000000
vn 0.000000 -1.000000 0.000000
vn 0.000000 -1.000000 0.000000
vn 0.000000 -1.000000 0.000000
vn 0.000000 -1.000000 0.000000
vn 0.000000 -1.000000 0.000000
vn 0.000000 -1.000000 0.000000
vn 0.000000 -1.000000 0.000000
vn 0.000000 -1.000000 0.000000
vn 0.000000 -1.000000 0.000000
vn 0.000000 -1.000000 0.000000
vn -0.218158 -0.000000 0.975913
vn -0.218158 -0.000000 0.975913
vn -0.034457 -0.000000 0.999406
vn -0.034457 -0.000000 0.999406
vn 0.150426 0.000000 0.988621
vn 0.150426 0.000000 0.988621
vn 0.330149 0.000000 0.943929
vn 0.330149 0.000000 0.943929
vn 0.498549 0.000000 0.866862
vn 0.498549 0.000000 0.866862
vn 0.649850 0.000000 0.760063
vn 0.649850 0.000000 0.760063
vn 0.778862 0.000000 0.627195
vn 0.778862 0.000000 0.627195
vn 0.881161 0.000000 0.472816
vn 0.881161 0.000000 0.472816
vn 0.000000 -1.000000 0.000000
vn 0.000000 -1.000000 0.000000
vn 0.000000 -1.000000 0.000000
vn 0.000000 -1.000000 0.000000
vn 0.000000 -1.000000 0.000000
vn 0.000000 -1.000000 0.000000
vn 0.000000 -1.000000 0.000000
vn 0.000000 -1.000000 0.000000
vn 0.000000 -1.000000 0.000000
vn 0.000000 -1.000000 0.000000
vn 0.000000 -1.000000 0.000000
vn 0.000000 -1.000000 0.000000
vn 0.000000 -1.000000 0.000000
vn 0.000000 -1.000000 0.000000
vn 0.000000 -1.000000 0.000000
vn 0.000000 -1.000000 0.000000
vn 0.000000 -1.000000 0.000000
vn 0.000000 -1.000000 0.000000
vn 0.000000 -1.000000 0.000000
vn 0.000000 -1.000000 0.000000
vn 0.000000 -1.000000 0.000000
vn 0.000000 -1.000000 0.000000
vn 0.000000 -1.000000 0.000000
vn 0.000000 -1.000000 0.000000
vn 0.000000 -1.000000 0.000000
vn 0.000000 -1.000000 0.000000
vn 0.000000 -1.000000 0.000000
vn 0.000000 -1.000000 0.000000
vn 0.000000 -1.000000 0.000000
vn 0.000000 -1.000000 0.000000
vn 0.000000 -1.000000 0.000000
vn 0.000000 -1.000000 0.000000
vn 0.000000 -1.000000 0.000000
vn 0.000000 -1.000000 0.000000
vn 0.000000 -1.000000 0.000000
vn 0.000000 -1.000000 0.000000
vn 0.000000 -1.000000 0.000000
vn 0.000000 -1.000000 0.000000
vn 0.000000 -1.000000 0.000000
vn 0.000000 -1.000000 0.000000
vn 0.000000 -1.000000 0.000000
vn 0.000000 -1.000000 0.000000
vn 0.000000 -1.000000 0.000000
vn 0.000000 -1.000000 0.000000
vn 0.000000 -1.000000 0.000000
vn 0.000000 1.000000 0.000000
vn 0.000000 1.000000 0.000000
vn 0.000000 1.000000 0.000000
vn 0.000000 1.000000 0.000000
vn 0.000000 1.000000 0.000000
vn 0.000000 1.000000 0.000000
vn 0.000000 1.000000 0.000000
vn 0.000000 1.000000 0.000000
vn 0.000000 1.000000 0.000000
vn 0.000000 1.000000 0.000000
vn 0.000000 1.000000 0.000000
vn 0.000000 1.000000 0.000000
vn 0.000000 1.000000 0.000000
vn 0.000000 1.000000 0.000000
vn 0.000000 1.000000 0.000000
vn 0.000000 1.000000 0.000000
vn 0.000000 1.000000 0.000000
vn 0.000000 1.000000 0.000000
vn 0.000000 1.000000 0.000000
vn 0.000000 1.000000 0.000000
vn 0.000000 1.000000 0.000000
vn 0.000000 1.000000 0.000000
vn 0.000000 1.000000 0.000000
vn 0.000000 1.000000 0.000000
vn 0.000000 1.000000 0.000000
vn 0.000000 1.000000 0.000000
vn 0.000000 1.000000 0.000000
vn 0.000000 1.000000 0.000000
vn 0.000000 1.000000 0.000000
vn 0.000000 1.000000 0.000000
vn 0.000000 1.000000 0.000000
vn 0.000000 1.000000 0.000000
vn 0.000000 1.000000 0.000000
vn 0.000000 1.000000 0.000000
vn 0.000000 1.000000 0.000000
vn 0.000000 1.000000 0.000000
vn 0.000000 1.000000 0.000000
vn 0.000000 1.000000 0.000000
vn 0.000000 1.000000 0.000000
vn 0.000000 1.000000 0.000000
vn 0.000000 1.000000 0.000000
vn 0.000000 1.000000 0.000000
vn 0.000000 1.000000 0.000000
vn 0.000000 1.000000 0.000000
vn 0.000000 1.000000 0.000000
vn 0.000000 1.000000 0.000000
vn 0.000000 1.000000 0.000000
vn 0.000000 1.000000 0.000000
vn 0.611455 -0.000000 0.791279
vn 0.611455 -0.000000 0.791279
vn 0.771435 -0.000000 0.636308
vn 0.771435 -0.000000 0.636308
vn 0.893144 -0.000000 0.449770
vn 0.893144 -0.000000 0.449770
vn 0.970545 -0.000000 0.240919
vn 0.970545 -0.000000 0.240919
vn 0.999798 -0.000000 0.020116
vn 0.999798 -0.000000 0.020116
vn 0.979450 0.000000 -0.201685
vn 0.979450 0.000000 -0.201685
vn 0.910513 0.000000 -0.413481
vn 0.910513 0.000000 -0.413481
vn 0.796405 0.000000 -0.604764
vn 0.796405 0.000000 -0.604764
vn 0.642788 0.000000 -0.766044
vn 0.642788 0.000000 -0.766044
vn 0.893355 0.000000 -0.449352
vn 0.893355 0.000000 -0.449352
vn 0.893355 0.000000 -0.449352
vn 0.893355 0.000000 -0.449352
vn 0.893355 0.000000 -0.449352
vn 0.893355 0.000000 -0.449352
vn -0.984808 0.000000 0.173648
vn -0.906308 0.000000 0.422618
vn -0.906308 0.000000 0.422618
vn -0.766044 0.000000 0.642788
vn -0.766044 0.000000 0.642788
vn -0.573576 0.000000 0.819152
vn -0.573576 0.000000 0.819152
vn -0.342020 0.000000 0.939693
vn -0.342020 0.000000 0.939693
vn -0.087156 0.000000 0.996195
vn -0.087156 0.000000 0.996195
vn 0.173648 -0.000000 0.984808
vn 0.173648 -0.000000 0.984808
vn 0.422618 -0.000000 0.906308
vn 0.422618 -0.000000 0.906308
vn 0.642788 -0.000000 0.766044
vn 0.642788 -0.000000 0.766044
vn 0.819152 -0.000000 0.573576
vn 0.819152 -0.000000 0.573576
vn 0.939693 -0.000000 0.342020
vn 0.939693 -0.000000 0.342020
vn 0.996195 -0.000000 0.087156
vn 0.996195 -0.000000 0.087156
vn 0.984808 0.000000 -0.173648
vn 0.984808 0.000000 -0.173648
vn 0.906308 0.000000 -0.422618
vn 0.906308 0.000000 -0.422618
vn 0.766044 0.000000 -0.642788
vn 0.766044 0.000000 -0.642788
vn 0.573576 0.000000 -0.819152
vn -0.984808 0.000000 0.173648
vn -0.996195 0.000000 -0.087156
vn -0.996195 0.000000 -0.087156
vn -0.939693 0.000000 -0.342020
vn -0.939693 0.000000 -0.342020
vn -0.819152 0.000000 -0.573576
vn -0.819152 0.000000 -0.573576
vn -0.642788 0.000000 -0.766044
vn -0.642788 0.000000 -0.766044
vn -0.422618 0.000000 -0.906308
vn -0.422618 0.000000 -0.906308
vn -0.173648 0.000000 -0.984808
vn -0.173648 0.000000 -0.984808
vn 0.087156 0.000000 -0.996195
vn 0.087156 0.000000 -0.996195
vn 0.342020 0.000000 -0.939693
vn 0.342020 0.000000 -0.939693
vn 0.573576 0.000000 -0.819152
vn 0.906308 0.000000 -0.422618
vn -0.906308 0.000000 0.422618
vn -0.916202 0.000000 0.400717
vn -0.916202 0.000000 0.400717
vn -0.916202 0.000000 0.400717
vn -0.916202 0.000000 0.400717
vn -0.916202 0.000000 0.400717
vn -0.916202 0.000000 0.400717
vn -0.998845 0.000000 -0.048047
vn -0.998845 0.000000 -0.048047
vn -0.999712 0.000000 -0.023998
vn -0.999712 0.000000 -0.023998
vn -1.000000 0.000000 0.000065
vn -1.000000 0.000000 0.000065
vn -0.999709 0.000000 0.024128
vn -0.999709 0.000000 0.024128
vn -0.849813 0.000000 -0.527085
vn -0.849813 0.000000 -0.527085
vn -0.849813 0.000000 -0.527085
vn -0.849813 0.000000 -0.527085
vn -0.965926 0.000000 0.258819
vn -0.991301 0.000000 0.131614
vn -1.000000 0.000000 0.000000
vn -0.996100 0.000000 0.088237
vn -0.998992 0.000000 0.044896
vn -0.866025 0.000000 0.500000
vn -0.942514 0.000000 0.334166
vn -0.947323 0.000000 0.320280
vn -0.953892 0.000000 0.300150
vn -0.707107 0.000000 0.707107
vn -0.707107 0.000000 0.707107
vn -0.866025 0.000000 0.500000
vn -0.939482 0.000000 0.342599
vn -0.939482 0.000000 0.342599
vn -0.939843 0.000000 0.341606
vn -0.500000 0.000000 0.866025
vn -0.500000 0.000000 0.866025
vn -0.258819 0.000000 0.965926
vn -0.258819 0.000000 0.965926
vn 0.000000 -0.000000 1.000000
vn 0.000000 -0.000000 1.000000
vn 0.258819 -0.000000 0.965926
vn 0.258819 -0.000000 0.965926
vn 0.500000 -0.000000 0.866025
vn 0.500000 -0.000000 0.866025
vn 0.707107 -0.000000 0.707107
vn 0.707107 -0.000000 0.707107
vn 0.766044 -0.000000 0.642788
vn 0.766044 -0.000000 0.642788
vn 0.866025 -0.000000 0.500000
vn 0.860600 -0.000000 0.509281
vn 0.932123 -0.000000 0.362143
vn 0.939843 -0.000000 0.341606
vn 0.939482 -0.000000 0.342599
vn 0.965926 -0.000000 0.258819
vn 0.942514 -0.000000 0.334166
vn 0.947323 -0.000000 0.320280
vn 0.953892 -0.000000 0.300150
vn 0.961474 -0.000000 0.274894
vn 0.969344 -0.000000 0.245709
vn 0.977337 -0.000000 0.211687
vn 0.984875 -0.000000 0.173264
vn 0.991301 -0.000000 0.131614
vn 1.000000 0.000000 0.000000
vn 0.996100 -0.000000 0.088237
vn 0.998992 -0.000000 0.044896
vn 0.999999 -0.000000 0.001557
vn 0.999113 0.000000 -0.042120
vn 0.996442 0.000000 -0.084285
vn 0.992367 0.000000 -0.123322
vn 0.965926 0.000000 -0.258819
vn 0.987444 0.000000 -0.157969
vn 0.982237 0.000000 -0.187647
vn 0.976989 0.000000 -0.213288
vn 0.972299 0.000000 -0.233743
vn 0.968790 0.000000 -0.247885
vn 0.966804 0.000000 -0.255519
vn 0.966496 0.000000 -0.256683
vn 0.964353 0.000000 -0.264618
vn 0.967888 0.000000 -0.251383
vn 0.970873 0.000000 -0.239593
vn 0.975199 0.000000 -0.221328
vn 0.980322 0.000000 -0.197403
vn 0.993689 0.000000 -0.112167
vn 0.985591 0.000000 -0.169145
vn 0.999076 -0.000000 0.042987
vn 0.999076 -0.000000 0.042987
vn 0.978697 -0.000000 0.205312
vn 0.911775 0.000000 -0.410691
vn 0.866025 0.000000 -0.500000
vn 0.837221 0.000000 -0.546865
vn 0.707107 0.000000 -0.707107
vn 0.742488 0.000000 -0.669859
vn 0.629860 0.000000 -0.776708
vn 0.500000 0.000000 -0.866025
vn 0.502052 0.000000 -0.864838
vn 0.362143 0.000000 -0.932123
vn 0.258819 0.000000 -0.965926
vn 0.213506 0.000000 -0.976942
vn 0.059723 0.000000 -0.998215
vn 0.000000 0.000000 -1.000000
vn -0.095500 0.000000 -0.995429
vn -0.258819 0.000000 -0.965926
vn -0.248421 0.000000 -0.968652
vn -0.395354 0.000000 -0.918529
vn -0.500000 0.000000 -0.866025
vn -0.532759 0.000000 -0.846267
vn -0.657323 0.000000 -0.753609
vn -0.707107 0.000000 -0.707107
vn -0.766044 0.000000 -0.642788
vn -0.866025 0.000000 -0.500000
vn -0.766044 0.000000 -0.642788
vn -0.866025 0.000000 -0.500000
vn -0.707107 0.000000 -0.707107
vn -0.965926 0.000000 -0.258819
vn -0.965926 0.000000 -0.258819
vn -0.966496 0.000000 -0.256683
vn -0.966804 0.000000 -0.255519
vn -0.968790 0.000000 -0.247885
vn -0.972299 0.000000 -0.233743
vn -0.976989 0.000000 -0.213288
vn -0.982237 0.000000 -0.187647
vn -0.987444 0.000000 -0.157969
vn -0.992367 0.000000 -0.123322
vn -0.996442 0.000000 -0.084285
vn -0.999113 0.000000 -0.042120
vn -0.999999 0.000000 0.001557
vn -0.959081 0.000000 0.283132
vn -0.961474 0.000000 0.274894
vn -0.966910 0.000000 0.255119
vn -0.969344 0.000000 0.245709
vn -0.977337 0.000000 0.211687
vn -0.953892 0.000000 0.300150
vn -0.951725 0.000000 0.306953
vn -0.947323 0.000000 0.320280
vn -0.945631 0.000000 0.325242
vn -0.942514 0.000000 0.334166
vn -0.941454 0.000000 0.337142
vn -0.939843 0.000000 0.341606
vn -0.961474 0.000000 0.274894
vn -0.969344 0.000000 0.245709
vn -0.977337 0.000000 0.211687
vn -0.984875 0.000000 0.173264
vn -0.967888 0.000000 -0.251383
vn -0.966804 0.000000 -0.255519
vn -0.966496 0.000000 -0.256683
vn -0.967888 0.000000 -0.251383
vn -0.970873 0.000000 -0.239593
vn -0.968790 0.000000 -0.247885
vn -0.970873 0.000000 -0.239593
vn -0.972299 0.000000 -0.233743
vn -0.975199 0.000000 -0.221328
vn -0.976989 0.000000 -0.213288
vn -0.980322 0.000000 -0.197403
vn -0.982237 0.000000 -0.187647
vn -0.985591 0.000000 -0.169145
vn -0.987444 0.000000 -0.157969
vn -0.992367 0.000000 -0.123322
vn -0.996442 0.000000 -0.084285
vn -0.999076 0.000000 0.042987
vn -0.999113 0.000000 -0.042120
vn -0.999999 0.000000 0.001557
vn -0.998992 0.000000 0.044896
vn -0.996100 0.000000 0.088237
vn -0.991301 0.000000 0.131614
vn -0.984875 0.000000 0.173264
vn 0.941454 -0.000000 0.337142
vn 0.945631 -0.000000 0.325242
vn 0.951725 -0.000000 0.306953
vn 0.959081 -0.000000 0.283132
vn 0.966910 -0.000000 0.255119
vn -0.985591 0.000000 -0.169145
vn -1.000000 0.000000 -0.000000
vn -0.999076 0.000000 0.042987
vn -0.965926 0.000000 0.258819
vn -0.966910 0.000000 0.255119
vn -0.959081 0.000000 0.283132
vn -0.573576 0.000000 -0.819152
vn -0.500000 0.000000 -0.866025
vn -0.342020 0.000000 -0.939693
vn -0.258819 0.000000 -0.965926
vn -0.087156 0.000000 -0.996195
vn 0.000000 0.000000 -1.000000
vn 0.173648 0.000000 -0.984808
vn 0.258819 0.000000 -0.965926
vn 0.422618 0.000000 -0.906308
vn 0.500000 0.000000 -0.866025
vn 0.642788 0.000000 -0.766044
vn 0.707107 0.000000 -0.707107
vn 0.819152 0.000000 -0.573576
vn 0.866025 0.000000 -0.500000
vn 0.939693 0.000000 -0.342020
vn 0.965926 0.000000 -0.258819
vn 0.966496 0.000000 -0.256683
vn 0.967888 0.000000 -0.251383
vn 0.970873 0.000000 -0.239593
vn 0.975199 0.000000 -0.221328
vn 0.980322 0.000000 -0.197403
vn 0.985591 0.000000 -0.169145
vn 1.000000 0.000000 0.000000
vn 0.999076 -0.000000 0.042987
vn 0.965926 -0.000000 0.258819
vn 0.966910 -0.000000 0.255119
vn 0.959081 -0.000000 0.283132
vn 0.951725 -0.000000 0.306953
vn 0.945631 -0.000000 0.325242
vn 0.941454 -0.000000 0.337142
vn 0.866025 -0.000000 0.500000
vn 0.939482 -0.000000 0.342599
vn 0.906308 -0.000000 0.422618
vn 0.939843 -0.000000 0.341606
vn 0.942514 -0.000000 0.334166
vn 0.947323 -0.000000 0.320280
vn 0.953892 -0.000000 0.300150
vn 0.984808 -0.000000 0.173648
vn 0.961474 -0.000000 0.274894
vn 0.969344 -0.000000 0.245709
vn 0.977337 -0.000000 0.211687
vn 0.984875 -0.000000 0.173264
vn 0.991301 -0.000000 0.131614
vn 0.996100 -0.000000 0.088237
vn 0.998992 -0.000000 0.044896
vn 0.996195 0.000000 -0.087156
vn 0.999999 -0.000000 0.001557
vn 0.999113 0.000000 -0.042120
vn 0.996442 0.000000 -0.084285
vn 0.992367 0.000000 -0.123322
vn 0.987444 0.000000 -0.157969
vn 0.982237 0.000000 -0.187647
vn 0.976989 0.000000 -0.213288
vn 0.972299 0.000000 -0.233743
vn 0.968790 0.000000 -0.247885
vn 0.966804 0.000000 -0.255519
vn -0.941454 0.000000 0.337142
vn -0.945631 0.000000 0.325242
vn -0.951725 0.000000 0.306953
vn -0.975199 0.000000 -0.221328
vn -0.980322 0.000000 -0.197403
vn 0.611455 0.000000 0.791279
vn 0.611455 0.000000 0.791279
vn 0.000000 -1.000000 0.000000
vn 0.000000 -1.000000 0.000000
vn 0.000000 -1.000000 0.000000
vn 0.000000 -1.000000 0.000000
vn 0.000000 -1.000000 0.000000
vn 0.000000 -1.000000 0.000000
vn 0.000000 -1.000000 0.000000
vn 0.000000 -1.000000 0.000000
vn 0.000000 -1.000000 0.000000
vn 0.000000 -1.000000 0.000000
vn 0.000000 -1.000000 0.000000
vn 0.000000 -1.000000 0.000000
vn 0.000000 -1.000000 0.000000
vn 0.000000 -1.000000 0.000000
vn 0.000000 -1.000000 0.000000
vn 0.000000 -1.000000 0.000000
vn 0.000000 -1.000000 0.000000
vn 0.000000 -1.000000 0.000000
vn 0.000000 -1.000000 0.000000
vn 0.000000 -1.000000 0.000000
vn 0.000000 -1.000000 0.000000
vn 0.000000 -1.000000 0.000000
vn 0.000000 -1.000000 0.000000
vn 0.000000 -1.000000 0.000000
vn 0.000000 -1.000000 0.000000
vn 0.000000 -1.000000 0.000000
vn 0.000000 -1.000000 0.000000
vn 0.000000 -1.000000 0.000000
vn 0.000000 -1.000000 0.000000
vn 0.000000 -1.000000 0.000000
vn 0.000000 -1.000000 0.000000
vn 0.000000 -1.000000 0.000000
vn 0.000000 -1.000000 0.000000
vn 0.000000 -1.000000 0.000000
vn 0.000000 -1.000000 0.000000
vn 0.000000 -1.000000 0.000000
vn 0.000000 -1.000000 0.000000
vn 0.000000 -1.000000 0.000000
vn 0.000000 -1.000000 0.000000
vn 0.000000 -1.000000 0.000000
vn 0.000000 -1.000000 0.000000
vn 0.000000 -1.000000 0.000000
vn 0.000000 -1.000000 0.000000
vn 0.000000 -1.000000 0.000000
vn 0.000000 -1.000000 0.000000
vn 0.000000 -1.000000 0.000000
vn 0.000000 -1.000000 0.000000
vn 0.000000 -1.000000 0.000000
vn 0.000000 -1.000000 0.000000
vn 0.000000 -1.000000 0.000000
vn 0.000000 -1.000000 0.000000
vn 0.000000 -1.000000 0.000000
vn 0.000000 -1.000000 0.000000
vn 0.000000 -1.000000 0.000000
vn 0.000000 -1.000000 0.000000
vn 0.000000 -1.000000 0.000000
vn 0.000000 -1.000000 0.000000
vn 0.000000 -1.000000 0.000000
vn 0.000000 -1.000000 0.000000
vn 0.000000 -1.000000 0.000000
vn 0.000000 -1.000000 0.000000
vn 0.000000 -1.000000 0.000000
vn 0.000000 -1.000000 0.000000
vn 0.000000 -1.000000 0.000000
vn 0.000000 -1.000000 0.000000
vn 0.000000 -1.000000 0.000000
vn -0.000000 1.000000 -0.000000
vn -0.000000 1.000000 -0.000000
vn -0.000000 1.000000 -0.000000
vn -0.000000 1.000000 -0.000000
vn -0.000000 1.000000 -0.000000
vn -0.000000 1.000000 -0.000000
vn -0.000000 1.000000 -0.000000
vn -0.000000 1.000000 -0.000000
vn -0.000000 1.000000 -0.000000
vn -0.000000 1.000000 -0.000000
vn -0.000000 1.000000 -0.000000
vn -0.000000 1.000000 -0.000000
vn -0.000000 1.000000 -0.000000
vn -0.000000 1.000000 -0.000000
vn -0.000000 1.000000 -0.000000
vn -0.000000 1.000000 -0.000000
vn -0.000000 1.000000 -0.000000
vn -0.000000 1.000000 -0.000000
vn -0.000000 1.000000 -0.000000
vn -0.000000 1.000000 -0.000000
vn -0.000000 1.000000 -0.000000
vn -0.000000 1.000000 -0.000000
vn -0.000000 1.000000 -0.000000
vn -0.000000 1.000000 -0.000000
vn -0.000000 1.000000 -0.000000
vn -0.000000 1.000000 -0.000000
vn -0.000000 1.000000 -0.000000
vn -0.000000 1.000000 -0.000000
vn -0.000000 1.000000 -0.000000
vn -0.000000 1.000000 -0.000000
vn -0.000000 1.000000 -0.000000
vn -0.000000 1.000000 -0.000000
vn -0.000000 1.000000 -0.000000
vn -0.000000 1.000000 -0.000000
vn -0.000000 1.000000 -0.000000
vn -0.000000 1.000000 -0.000000
vn -0.000000 1.000000 -0.000000
vn -0.000000 1.000000 -0.000000
vn -0.000000 1.000000 -0.000000
vn -0.000000 1.000000 -0.000000
vn -0.000000 1.000000 -0.000000
vn -0.000000 1.000000 -0.000000
vn -0.000000 1.000000 -0.000000
vn -0.000000 1.000000 -0.000000
vn -0.000000 1.000000 -0.000000
vn 0.000000 -0.599123 -0.800657
vn 0.000000 -0.500000 -0.866025
vn 0.000000 -0.707107 -0.707107
vn 0.000000 -0.599123 -0.800657
vn 0.000000 -0.707107 -0.707107
vn 0.000000 -0.474953 -0.880011
vn 0.000000 -0.338683 -0.940901
vn 0.000000 -0.258819 -0.965926
vn 0.000000 -0.194994 -0.980804
vn -0.000000 0.000000 -1.000000
vn 0.000000 -0.049593 -0.998769
vn -0.000000 0.094150 -0.995558
vn -0.000000 0.258819 -0.965926
vn -0.000000 0.239685 -0.970851
vn -0.000000 0.381643 -0.924310
vn -0.000000 0.500000 -0.866025
vn -0.000000 0.514664 -0.857392
vn -0.000000 0.634241 -0.773135
vn -0.000000 0.707107 -0.707107
vn -0.000000 0.737113 -0.675769
vn -0.000000 0.826819 -0.562468
vn -0.000000 0.866025 -0.500000
vn -0.000000 0.900778 -0.434281
vn -0.000000 0.965926 -0.258819
vn -0.000000 0.955356 -0.295458
vn -0.000000 0.988555 -0.150860
vn -0.000000 1.000000 0.000000
vn -0.000000 0.999980 -0.006365
vn -0.000000 0.990414 0.138132
vn -0.000000 0.965926 0.258819
vn -0.000000 0.958904 0.283731
vn -0.000000 0.905542 0.424257
vn -0.000000 0.866025 0.500000
vn -0.000000 0.832182 0.554503
vn -0.000000 0.707107 0.707107
vn -0.000000 0.742462 0.669888
vn -0.000000 0.639389 0.768883
vn -0.000000 0.500000 0.866025
vn -0.000000 0.519546 0.854443
vn -0.000000 0.386163 0.922431
vn -0.000000 0.258819 0.965926
vn -0.000000 0.243862 0.969810
vn -0.000000 0.098039 0.995183
vn -0.000000 -0.000000 1.000000
vn -0.000000 -0.045814 0.998950
vn -0.000000 -0.191393 0.981513
vn -0.000000 -0.258819 0.965926
vn -0.000000 -0.335650 0.941987
vn -0.000000 -0.500000 0.866025
vn -0.000000 -0.472798 0.881171
vn -0.000000 -0.598028 0.801475
vn -0.000000 -0.707107 0.707107
vn -0.000000 -0.707107 0.707107
vn -0.000000 -0.598028 0.801475
vn -0.000000 -0.472798 0.881171
vn -0.000000 -0.335650 0.941987
vn -0.000000 -0.191393 0.981513
vn -0.000000 -0.045814 0.998950
vn -0.000000 0.098039 0.995183
vn -0.000000 0.243862 0.969810
vn -0.000000 0.386163 0.922431
vn -0.000000 0.519546 0.854443
vn -0.000000 0.639389 0.768883
vn -0.000000 0.742462 0.669888
vn -0.000000 0.832182 0.554503
vn -0.000000 0.905542 0.424257
vn -0.000000 0.958904 0.283731
vn -0.000000 0.990414 0.138132
vn -0.000000 0.999980 -0.006365
vn -0.000000 0.988555 -0.150860
vn -0.000000 0.955356 -0.295458
vn -0.000000 0.900778 -0.434281
vn -0.000000 0.826819 -0.562468
vn -0.000000 0.737113 -0.675769
vn -0.000000 0.634241 -0.773135
vn -0.000000 0.514664 -0.857392
vn -0.000000 0.381643 -0.924310
vn -0.000000 0.239685 -0.970851
vn -0.000000 0.094150 -0.995558
vn 0.000000 -0.049593 -0.998769
vn 0.000000 -0.194994 -0.980804
vn 0.000000 -0.338683 -0.940901
vn 0.000000 -0.474953 -0.880011
vn -0.000000 -0.707107 0.707107
vn -0.000000 -0.707107 0.707107
vn -0.000000 -0.707107 -0.707107
vn -0.000000 -0.707107 -0.707107
vn 0.000000 1.000000 0.000000
vn 0.000000 1.000000 0.000000
vn 0.000000 1.000000 0.000000
vn 0.000000 1.000000 0.000000
vn 0.000000 1.000000 0.000000
vn 0.000000 1.000000 0.000000
vn 0.000000 1.000000 0.000000
vn 0.000000 1.000000 0.000000
vn 0.000000 1.000000 0.000000
vn 0.000000 1.000000 0.000000
vn 0.000000 1.000000 0.000000
vn 0.000000 1.000000 0.000000
vn 0.000000 1.000000 0.000000
vn 0.000000 1.000000 0.000000
vn 0.000000 1.000000 0.000000
vn 0.000000 1.000000 0.000000
vn 0.000000 1.000000 0.000000
vn 0.000000 1.000000 0.000000
vn 0.000000 1.000000 0.000000
vn 0.000000 1.000000 0.000000
vn 0.000000 1.000000 0.000000
vn 0.000000 1.000000 0.000000
vn 0.000000 1.000000 0.000000
vn 0.000000 1.000000 0.000000
usemtl Plastique_-_Translucide_mat_(gris)
f 1/1/1 2/2/2 4/3/3
f 4/3/3 2/2/2 3/4/4
f 5/5/5 1/6/6 6/7/7
f 6/7/7 1/6/6 4/8/8
f 7/9/9 5/10/10 8/11/11
f 8/11/11 5/10/10 6/12/12
f 9/13/13 7/14/14 10/15/15
f 10/15/15 7/14/14 8/16/16
f 11/17/17 9/18/18 12/19/19
f 12/19/19 9/18/18 10/20/20
f 2/21/21 11/22/22 3/23/23
f 3/23/23 11/22/22 12/24/24
f 36/25/25 13/26/26 10/27/27
f 10/27/27 13/26/26 14/28/28
f 10/27/27 14/28/28 15/29/29
f 10/27/27 15/29/29 12/30/30
f 12/30/30 15/29/29 16/31/31
f 12/30/30 16/31/31 17/32/32
f 17/32/32 18/33/33 12/30/30
f 12/30/30 18/33/33 19/34/34
f 12/30/30 19/34/34 3/35/35
f 3/35/35 19/34/34 20/36/36
f 3/35/35 20/36/36 21/37/37
f 21/37/37 22/38/38 3/35/35
f 3/35/35 22/38/38 23/39/39
f 3/35/35 23/39/39 4/40/40
f 4/40/40 23/39/39 24/41/41
f 4/40/40 24/41/41 25/42/42
f 25/42/42 26/43/43 4/40/40
f 4/40/40 26/43/43 27/44/44
f 4/40/40 27/44/44 6/45/45
f 6/45/45 27/44/44 28/46/46
f 6/45/45 28/46/46 29/47/47
f 29/47/47 30/48/48 6/45/45
f 6/45/45 30/48/48 31/49/49
f 6/45/45 31/49/49 8/50/50
f 8/50/50 31/49/49 32/51/51
f 8/50/50 32/51/51 33/52/52
f 33/52/52 34/53/53 8/50/50
f 8/50/50 34/53/53 35/54/54
f 8/50/50 35/54/54 10/27/27
f 10/27/27 35/54/54 36/25/25
f 38/55/55 14/56/56 37/57/57
f 37/57/57 14/56/56 13/58/58
f 37/59/57 13/60/58 60/61/59
f 60/61/59 13/60/58 36/62/60
f 60/61/59 36/62/60 59/63/61
f 59/63/61 36/62/60 35/64/62
f 59/63/61 35/64/62 58/65/63
f 58/65/63 35/64/62 34/66/64
f 58/65/63 34/66/64 57/67/65
f 57/67/65 34/66/64 33/68/66
f 57/67/65 33/68/66 56/69/67
f 56/69/67 33/68/66 32/70/68
f 56/69/67 32/70/68 55/71/69
f 55/71/69 32/70/68 31/72/70
f 55/71/69 31/72/70 54/73/71
f 54/73/71 31/72/70 30/74/72
f 54/73/71 30/74/72 53/75/73
f 53/75/73 30/74/72 29/76/74
f 53/75/73 29/76/74 52/77/75
f 52/77/75 29/76/74 28/78/76
f 52/77/75 28/78/76 51/79/77
f 51/79/77 28/78/76 27/80/78
f 51/79/77 27/80/78 50/81/79
f 50/81/79 27/80/78 26/82/80
f 50/81/79 26/82/80 49/83/81
f 49/83/81 26/82/80 25/84/82
f 49/83/81 25/84/82 48/85/83
f 48/85/83 25/84/82 24/86/84
f 48/85/83 24/86/84 47/87/85
f 47/87/85 24/86/84 23/88/86
f 47/87/85 23/88/86 46/89/87
f 46/89/87 23/88/86 22/90/88
f 46/89/87 22/90/88 45/91/89
f 45/91/89 22/90/88 21/92/90
f 45/91/89 21/92/90 44/93/91
f 44/93/91 21/92/90 20/94/92
f 44/93/91 20/94/92 43/95/93
f 43/95/93 20/94/92 19/96/94
f 43/95/93 19/96/94 42/97/95
f 42/97/95 19/96/94 18/98/96
f 42/97/95 18/98/96 41/99/97
f 41/99/97 18/98/96 17/100/98
f 41/99/97 17/100/98 40/101/99
f 40/101/99 17/100/98 16/102/100
f 40/101/99 16/102/100 39/103/101
f 39/103/101 16/102/100 15/104/102
f 39/103/101 15/104/102 38/55/55
f 38/55/55 15/104/102 14/56/56
f 62/105/103 108/106/104 61/107/105
f 61/107/105 108/106/104 85/108/106
f 61/109/105 85/110/106 84/111/107
f 84/111/107 85/110/106 86/112/108
f 84/111/107 86/112/108 83/113/109
f 83/113/109 86/112/108 87/114/110
f 83/113/109 87/114/110 82/115/111
f 82/115/111 87/114/110 88/116/112
f 82/115/111 88/116/112 81/117/113
f 81/117/113 88/116/112 89/118/114
f 81/117/113 89/118/114 80/119/115
f 80/119/115 89/118/114 90/120/116
f 80/119/115 90/120/116 79/121/117
f 79/121/117 90/120/116 91/122/118
f 79/121/117 91/122/118 78/123/119
f 78/123/119 91/122/118 92/124/120
f 78/123/119 92/124/120 77/125/121
f 77/125/121 92/124/120 93/126/122
f 77/125/121 93/126/122 76/127/123
f 76/127/123 93/126/122 94/128/124
f 76/127/123 94/128/124 75/129/125
f 75/129/125 94/128/124 95/130/126
f 75/129/125 95/130/126 74/131/127
f 74/131/127 95/130/126 96/132/128
f 74/131/127 96/132/128 73/133/129
f 73/133/129 96/132/128 97/134/130
f 73/133/129 97/134/130 72/135/131
f 72/135/131 97/134/130 98/136/132
f 72/135/131 98/136/132 71/137/133
f 71/137/133 98/136/132 99/138/134
f 71/137/133 99/138/134 70/139/135
f 70/139/135 99/138/134 100/140/136
f 70/139/135 100/140/136 69/141/137
f 69/141/137 100/140/136 101/142/138
f 69/141/137 101/142/138 68/143/139
f 68/143/139 101/142/138 102/144/140
f 68/143/139 102/144/140 67/145/141
f 67/145/141 102/144/140 103/146/142
f 67/145/141 103/146/142 66/147/143
f 66/147/143 103/146/142 104/148/144
f 66/147/143 104/148/144 65/149/145
f 65/149/145 104/148/144 105/150/146
f 65/149/145 105/150/146 64/151/147
f 64/151/147 105/150/146 106/152/148
f 64/151/147 106/152/148 63/153/149
f 63/153/149 106/152/148 107/154/150
f 63/153/149 107/154/150 62/105/103
f 62/105/103 107/154/150 108/106/104
f 132/155/151 109/156/152 61/157/153
f 61/157/153 109/156/152 110/158/154
f 61/157/153 110/158/154 62/159/155
f 62/159/155 110/158/154 111/160/156
f 62/159/155 111/160/156 63/161/157
f 63/161/157 111/160/156 112/162/158
f 63/161/157 112/162/158 64/163/159
f 64/163/159 112/162/158 113/164/160
f 64/163/159 113/164/160 65/165/161
f 65/165/161 113/164/160 114/166/162
f 65/165/161 114/166/162 66/167/163
f 66/167/163 114/166/162 115/168/164
f 66/167/163 115/168/164 67/169/165
f 67/169/165 115/168/164 68/170/166
f 68/170/166 115/168/164 116/171/167
f 68/170/166 116/171/167 69/172/168
f 69/172/168 116/171/167 117/173/169
f 69/172/168 117/173/169 70/174/170
f 70/174/170 117/173/169 118/175/171
f 70/174/170 118/175/171 71/176/172
f 71/176/172 118/175/171 119/177/173
f 71/176/172 119/177/173 72/178/174
f 72/178/174 119/177/173 120/179/175
f 72/178/174 120/179/175 73/180/176
f 73/180/176 120/179/175 121/181/177
f 73/180/176 121/181/177 74/182/178
f 74/182/178 121/181/177 122/183/179
f 74/182/178 122/183/179 123/184/180
f 74/182/178 123/184/180 75/185/181
f 75/185/181 123/184/180 124/186/182
f 75/185/181 124/186/182 76/187/183
f 76/187/183 124/186/182 125/188/184
f 76/187/183 125/188/184 77/189/185
f 77/189/185 125/188/184 126/190/186
f 77/189/185 126/190/186 78/191/187
f 78/191/187 126/190/186 127/192/188
f 78/191/187 127/192/188 79/193/189
f 79/193/189 127/192/188 80/194/190
f 80/194/190 127/192/188 128/195/191
f 80/194/190 128/195/191 81/196/192
f 81/196/192 128/195/191 129/197/193
f 81/196/192 129/197/193 82/198/194
f 82/198/194 129/197/193 130/199/195
f 82/198/194 130/199/195 83/200/196
f 83/200/196 130/199/195 131/201/197
f 83/200/196 131/201/197 84/202/198
f 84/202/198 131/201/197 132/155/151
f 84/202/198 132/155/151 61/157/153
f 132/203/199 158/204/200 109/205/201
f 109/205/201 158/204/200 157/206/202
f 109/207/201 157/208/202 110/209/203
f 110/209/203 157/208/202 180/210/204
f 110/209/203 180/210/204 111/211/205
f 111/211/205 180/210/204 179/212/206
f 111/211/205 179/212/206 112/213/207
f 112/213/207 179/212/206 178/214/208
f 112/213/207 178/214/208 113/215/209
f 113/215/209 178/214/208 177/216/210
f 113/215/209 177/216/210 114/217/211
f 114/217/211 177/216/210 176/218/212
f 114/217/211 176/218/212 115/219/213
f 115/219/213 176/218/212 175/220/214
f 115/219/213 175/220/214 116/221/215
f 116/221/215 175/220/214 174/222/216
f 116/221/215 174/222/216 117/223/217
f 117/223/217 174/222/216 173/224/218
f 117/223/217 173/224/218 118/225/219
f 118/225/219 173/224/218 172/226/220
f 118/225/219 172/226/220 119/227/221
f 119/227/221 172/226/220 171/228/222
f 119/227/221 171/228/222 120/229/223
f 120/229/223 171/228/222 170/230/224
f 120/229/223 170/230/224 121/231/225
f 121/231/225 170/230/224 169/232/226
f 121/231/225 169/232/226 122/233/227
f 122/233/227 169/232/226 168/234/228
f 122/233/227 168/234/228 123/235/229
f 123/235/229 168/234/228 167/236/230
f 123/235/229 167/236/230 124/237/231
f 124/237/231 167/236/230 166/238/232
f 124/237/231 166/238/232 125/239/233
f 125/239/233 166/238/232 165/240/234
f 125/239/233 165/240/234 126/241/235
f 126/241/235 165/240/234 164/242/236
f 126/241/235 164/242/236 127/243/237
f 127/243/237 164/242/236 163/244/238
f 127/243/237 163/244/238 128/245/239
f 128/245/239 163/244/238 162/246/240
f 128/245/239 162/246/240 129/247/241
f 129/247/241 162/246/240 161/248/242
f 129/247/241 161/248/242 130/249/243
f 130/249/243 161/248/242 160/250/244
f 130/249/243 160/250/244 131/251/245
f 131/251/245 160/250/244 159/252/246
f 131/251/245 159/252/246 132/203/199
f 132/203/199 159/252/246 158/204/200
f 134/253/247 180/210/204 133/254/248
f 133/254/248 180/210/204 157/208/202
f 133/255/248 157/206/202 156/256/249
f 156/256/249 157/206/202 158/204/200
f 156/256/249 158/204/200 155/257/250
f 155/257/250 158/204/200 159/252/246
f 155/257/250 159/252/246 154/258/251
f 154/258/251 159/252/246 160/250/244
f 154/258/251 160/250/244 153/259/252
f 153/259/252 160/250/244 161/248/242
f 153/259/252 161/248/242 152/260/253
f 152/260/253 161/248/242 162/246/240
f 152/260/253 162/246/240 151/261/254
f 151/261/254 162/246/240 163/244/238
f 151/261/254 163/244/238 150/262/255
f 150/262/255 163/244/238 164/242/236
f 150/262/255 164/242/236 149/263/256
f 149/263/256 164/242/236 165/240/234
f 149/263/256 165/240/234 148/264/257
f 148/264/257 165/240/234 166/238/232
f 148/264/257 166/238/232 147/265/258
f 147/265/258 166/238/232 167/236/230
f 147/265/258 167/236/230 146/266/259
f 146/266/259 167/236/230 168/234/228
f 146/266/259 168/234/228 145/267/260
f 145/267/260 168/234/228 169/232/226
f 145/267/260 169/232/226 144/268/261
f 144/268/261 169/232/226 170/230/224
f 144/268/261 170/230/224 143/269/262
f 143/269/262 170/230/224 171/228/222
f 143/269/262 171/228/222 142/270/263
f 142/270/263 171/228/222 172/226/220
f 142/270/263 172/226/220 141/271/264
f 141/271/264 172/226/220 173/224/218
f 141/271/264 173/224/218 140/272/265
f 140/272/265 173/224/218 174/222/216
f 140/272/265 174/222/216 139/273/266
f 139/273/266 174/222/216 175/220/214
f 139/273/266 175/220/214 138/274/267
f 138/274/267 175/220/214 176/218/212
f 138/274/267 176/218/212 137/275/268
f 137/275/268 176/218/212 177/216/210
f 137/275/268 177/216/210 136/276/269
f 136/276/269 177/216/210 178/214/208
f 136/276/269 178/214/208 135/277/270
f 135/277/270 178/214/208 179/212/206
f 135/277/270 179/212/206 134/253/247
f 134/253/247 179/212/206 180/210/204
f 182/278/271 247/279/272 181/280/273
f 181/280/273 247/279/272 245/281/274
f 181/280/273 245/281/274 246/282/275
f 182/278/271 183/283/276 247/279/272
f 247/279/272 183/283/276 184/284/277
f 247/279/272 184/284/277 248/285/278
f 248/285/278 184/284/277 185/286/279
f 248/285/278 185/286/279 249/287/280
f 249/287/280 185/286/279 186/288/281
f 249/287/280 186/288/281 187/289/282
f 249/287/280 187/289/282 250/290/283
f 250/290/283 187/289/282 188/291/284
f 250/290/283 188/291/284 189/292/285
f 250/290/283 189/292/285 251/293/286
f 251/293/286 189/292/285 190/294/287
f 251/293/286 190/294/287 191/295/288
f 251/293/286 191/295/288 252/296/289
f 252/296/289 191/295/288 192/297/290
f 252/296/289 192/297/290 193/298/291
f 252/296/289 193/298/291 253/299/292
f 253/299/292 193/298/291 194/300/293
f 253/299/292 194/300/293 254/301/294
f 254/301/294 194/300/293 195/302/295
f 254/301/294 195/302/295 196/303/296
f 254/301/294 196/303/296 255/304/297
f 255/304/297 196/303/296 197/305/298
f 255/304/297 197/305/298 198/306/299
f 255/304/297 198/306/299 256/307/300
f 256/307/300 198/306/299 199/308/301
f 256/307/300 199/308/301 200/309/302
f 256/307/300 200/309/302 257/310/303
f 257/310/303 200/309/302 201/311/304
f 257/310/303 201/311/304 258/312/305
f 258/312/305 201/311/304 202/313/306
f 258/312/305 202/313/306 203/314/307
f 258/312/305 203/314/307 259/315/308
f 259/315/308 203/314/307 204/316/309
f 259/315/308 204/316/309 205/317/310
f 259/315/308 205/317/310 260/318/311
f 260/318/311 205/317/310 206/319/312
f 260/318/311 206/319/312 207/320/313
f 260/318/311 207/320/313 261/321/314
f 261/321/314 207/320/313 208/322/315
f 261/321/314 208/322/315 209/323/316
f 261/321/314 209/323/316 262/324/317
f 262/324/317 209/323/316 210/325/318
f 262/324/317 210/325/318 263/326/319
f 263/326/319 210/325/318 211/327/320
f 263/326/319 211/327/320 212/328/321
f 213/329/322 214/330/323 212/328/321
f 212/328/321 214/330/323 263/326/319
f 214/330/323 215/331/324 263/326/319
f 263/326/319 215/331/324 216/332/325
f 263/326/319 216/332/325 217/333/326
f 263/326/319 217/333/326 262/324/317
f 262/324/317 217/333/326 218/334/327
f 262/324/317 218/334/327 261/321/314
f 261/321/314 218/334/327 219/335/328
f 261/321/314 219/335/328 220/336/329
f 261/321/314 220/336/329 260/318/311
f 260/318/311 220/336/329 221/337/330
f 260/318/311 221/337/330 222/338/331
f 260/318/311 222/338/331 259/315/308
f 259/315/308 222/338/331 223/339/332
f 259/315/308 223/339/332 224/340/333
f 259/315/308 224/340/333 258/312/305
f 258/312/305 224/340/333 225/341/334
f 258/312/305 225/341/334 226/342/335
f 258/312/305 226/342/335 257/310/303
f 257/310/303 226/342/335 227/343/336
f 257/310/303 227/343/336 256/307/300
f 256/307/300 227/343/336 228/344/337
f 256/307/300 228/344/337 229/345/338
f 256/307/300 229/345/338 255/304/297
f 255/304/297 229/345/338 230/346/339
f 255/304/297 230/346/339 231/347/340
f 255/304/297 231/347/340 254/301/294
f 254/301/294 231/347/340 232/348/341
f 254/301/294 232/348/341 233/349/342
f 254/301/294 233/349/342 253/299/292
f 253/299/292 233/349/342 234/350/343
f 253/299/292 234/350/343 252/296/289
f 252/296/289 234/350/343 235/351/344
f 252/296/289 235/351/344 236/352/345
f 252/296/289 236/352/345 251/293/286
f 251/293/286 236/352/345 237/353/346
f 251/293/286 237/353/346 238/354/347
f 251/293/286 238/354/347 250/290/283
f 250/290/283 238/354/347 239/355/348
f 250/290/283 239/355/348 240/356/349
f 250/290/283 240/356/349 249/287/280
f 249/287/280 240/356/349 241/357/350
f 249/287/280 241/357/350 242/358/351
f 249/287/280 242/358/351 248/285/278
f 248/285/278 242/358/351 243/359/352
f 248/285/278 243/359/352 247/279/272
f 247/279/272 243/359/352 244/360/353
f 247/279/272 244/360/353 245/281/274
f 264/361/354 265/362/355 213/363/322
f 213/363/322 265/362/355 214/364/323
f 264/365/356 181/366/273 265/367/357
f 265/367/357 181/366/273 246/368/275
f 267/369/358 277/370/359 266/371/360
f 266/371/360 277/370/359 278/372/361
f 266/371/360 278/372/361 289/373/362
f 289/373/362 278/372/361 279/374/363
f 289/373/362 279/374/363 288/375/364
f 288/375/364 279/374/363 280/376/365
f 288/375/364 280/376/365 287/377/366
f 287/377/366 280/376/365 281/378/367
f 287/377/366 281/378/367 286/379/368
f 286/379/368 281/378/367 282/380/369
f 286/379/368 282/380/369 285/381/370
f 285/381/370 282/380/369 283/382/371
f 285/381/370 283/382/371 284/383/372
f 277/370/359 267/369/358 276/384/373
f 276/384/373 267/369/358 268/385/374
f 276/384/373 268/385/374 275/386/375
f 275/386/375 268/385/374 269/387/376
f 275/386/375 269/387/376 274/388/377
f 274/388/377 269/387/376 270/389/378
f 274/388/377 270/389/378 273/390/379
f 273/390/379 270/389/378 271/391/380
f 273/390/379 271/391/380 272/392/381
f 305/393/382 290/394/383 304/395/384
f 304/395/384 290/394/383 291/396/385
f 304/395/384 291/396/385 303/397/386
f 303/397/386 291/396/385 292/398/387
f 303/397/386 292/398/387 302/399/388
f 302/399/388 292/398/387 293/400/389
f 302/399/388 293/400/389 301/401/390
f 301/401/390 293/400/389 294/402/391
f 301/401/390 294/402/391 300/403/392
f 300/403/392 294/402/391 295/404/393
f 300/403/392 295/404/393 299/405/394
f 299/405/394 295/404/393 296/406/395
f 299/405/394 296/406/395 298/407/396
f 298/407/396 296/406/395 297/408/397
f 108/409/398 307/410/399 85/411/400
f 85/411/400 307/410/399 308/412/401
f 85/411/400 308/412/401 86/413/402
f 86/413/402 308/412/401 309/414/403
f 86/413/402 309/414/403 310/415/404
f 307/410/399 108/409/398 306/416/405
f 306/416/405 108/409/398 107/417/406
f 306/416/405 107/417/406 106/418/407
f 106/418/407 105/419/408 306/416/405
f 306/416/405 105/419/408 298/420/409
f 298/420/409 105/419/408 104/421/410
f 298/420/409 104/421/410 299/422/411
f 299/422/411 104/421/410 103/423/412
f 299/422/411 103/423/412 300/424/413
f 300/424/413 103/423/412 102/425/414
f 300/424/413 102/425/414 101/426/415
f 300/424/413 101/426/415 301/427/416
f 301/427/416 101/426/415 100/428/417
f 301/427/416 100/428/417 302/429/418
f 302/429/418 100/428/417 99/430/419
f 302/429/418 99/430/419 303/431/420
f 303/431/420 99/430/419 98/432/421
f 303/431/420 98/432/421 318/433/422
f 318/433/422 98/432/421 97/434/423
f 318/433/422 97/434/423 96/435/424
f 96/435/424 95/436/425 318/433/422
f 318/433/422 95/436/425 317/437/426
f 317/437/426 95/436/425 94/438/427
f 317/437/426 94/438/427 316/439/428
f 316/439/428 94/438/427 93/440/429
f 316/439/428 93/440/429 315/441/430
f 315/441/430 93/440/429 92/442/431
f 315/441/430 92/442/431 314/443/432
f 314/443/432 92/442/431 91/444/433
f 314/443/432 91/444/433 313/445/434
f 313/445/434 91/444/433 90/446/435
f 313/445/434 90/446/435 312/447/436
f 312/447/436 90/446/435 89/448/437
f 312/447/436 89/448/437 88/449/438
f 312/447/436 88/449/438 311/450/439
f 311/450/439 88/449/438 87/451/440
f 311/450/439 87/451/440 310/415/404
f 310/415/404 87/451/440 86/413/402
f 305/452/441 304/453/442 318/433/422
f 318/433/422 304/453/442 303/431/420
f 156/454/443 341/455/444 133/456/445
f 133/456/445 341/455/444 342/457/446
f 133/456/445 342/457/446 134/458/447
f 134/458/447 342/457/446 319/459/448
f 134/458/447 319/459/448 135/460/449
f 135/460/449 319/459/448 320/461/450
f 135/460/449 320/461/450 136/462/451
f 136/462/451 320/461/450 321/463/452
f 136/462/451 321/463/452 137/464/453
f 137/464/453 321/463/452 322/465/454
f 137/464/453 322/465/454 138/466/455
f 138/466/455 322/465/454 323/467/456
f 138/466/455 323/467/456 139/468/457
f 139/468/457 323/467/456 324/469/458
f 139/468/457 324/469/458 140/470/459
f 140/470/459 324/469/458 325/471/460
f 140/470/459 325/471/460 141/472/461
f 141/472/461 325/471/460 326/473/462
f 141/472/461 326/473/462 142/474/463
f 142/474/463 326/473/462 327/475/464
f 142/474/463 327/475/464 143/476/465
f 143/476/465 327/475/464 328/477/466
f 143/476/465 328/477/466 144/478/467
f 144/478/467 328/477/466 329/479/468
f 144/478/467 329/479/468 145/480/469
f 145/480/469 329/479/468 330/481/470
f 145/480/469 330/481/470 146/482/471
f 146/482/471 330/481/470 331/483/472
f 146/482/471 331/483/472 147/484/473
f 147/484/473 331/483/472 332/485/474
f 147/484/473 332/485/474 148/486/475
f 148/486/475 332/485/474 333/487/476
f 148/486/475 333/487/476 149/488/477
f 149/488/477 333/487/476 334/489/478
f 149/488/477 334/489/478 150/490/479
f 150/490/479 334/489/478 335/491/480
f 150/490/479 335/491/480 151/492/481
f 151/492/481 335/491/480 336/493/482
f 151/492/481 336/493/482 152/494/483
f 152/494/483 336/493/482 337/495/484
f 152/494/483 337/495/484 153/496/485
f 153/496/485 337/495/484 338/497/486
f 153/496/485 338/497/486 154/498/487
f 154/498/487 338/497/486 339/499/488
f 154/498/487 339/499/488 155/500/489
f 155/500/489 339/499/488 340/501/490
f 155/500/489 340/501/490 156/454/443
f 156/454/443 340/501/490 341/455/444
f 360/502/491 343/503/492 359/504/493
f 359/504/493 343/503/492 344/505/494
f 359/504/493 344/505/494 345/506/495
f 359/504/493 345/506/495 358/507/496
f 358/507/496 345/506/495 346/508/497
f 358/507/496 346/508/497 357/509/498
f 357/509/498 346/508/497 347/510/499
f 357/509/498 347/510/499 356/511/500
f 356/511/500 347/510/499 348/512/501
f 356/511/500 348/512/501 355/513/502
f 355/513/502 348/512/501 349/514/503
f 355/513/502 349/514/503 354/515/504
f 354/515/504 349/514/503 350/516/505
f 354/515/504 350/516/505 353/517/506
f 353/517/506 350/516/505 352/518/507
f 352/518/507 350/516/505 351/519/508
f 351/520/509 290/521/510 352/522/511
f 352/522/511 290/521/510 361/523/512
f 361/523/512 290/521/510 318/524/513
f 318/524/513 290/521/510 305/525/514
f 342/526/515 362/527/516 319/528/517
f 319/528/517 362/527/516 363/529/518
f 319/528/517 363/529/518 320/530/519
f 320/530/519 363/529/518 364/531/520
f 320/530/519 364/531/520 321/532/521
f 321/532/521 364/531/520 365/533/522
f 321/532/521 365/533/522 322/534/523
f 322/534/523 365/533/522 366/535/524
f 322/534/523 366/535/524 323/536/525
f 323/536/525 366/535/524 367/537/526
f 323/536/525 367/537/526 324/538/527
f 324/538/527 367/537/526 368/539/528
f 324/538/527 368/539/528 325/540/529
f 325/540/529 368/539/528 369/541/530
f 325/540/529 369/541/530 326/542/531
f 326/542/531 369/541/530 370/543/532
f 326/542/531 370/543/532 327/544/533
f 327/544/533 370/543/532 371/545/534
f 327/544/533 371/545/534 328/546/535
f 328/546/535 371/545/534 372/547/536
f 328/546/535 372/547/536 329/548/537
f 329/548/537 372/547/536 373/549/538
f 329/548/537 373/549/538 330/550/539
f 330/550/539 373/549/538 361/551/540
f 330/550/539 361/551/540 331/552/541
f 331/552/541 361/551/540 332/553/542
f 332/553/542 361/551/540 317/554/543
f 332/553/542 317/554/543 316/555/544
f 362/527/516 342/526/515 307/556/545
f 307/556/545 342/526/515 341/557/546
f 307/556/545 341/557/546 308/558/547
f 308/559/547 341/560/546 340/561/548
f 308/559/547 340/561/548 309/562/549
f 309/562/549 340/561/548 339/563/550
f 309/562/549 339/563/550 310/564/551
f 310/564/551 339/563/550 338/565/552
f 310/564/551 338/565/552 311/566/553
f 311/566/553 338/565/552 337/567/554
f 311/566/553 337/567/554 312/568/555
f 312/568/555 337/567/554 336/569/556
f 312/568/555 336/569/556 313/570/557
f 313/570/557 336/569/556 335/571/558
f 313/570/557 335/571/558 314/572/559
f 314/572/559 335/571/558 334/573/560
f 314/572/559 334/573/560 315/574/561
f 315/574/561 334/573/560 333/575/562
f 315/574/561 333/575/562 316/555/544
f 316/555/544 333/575/562 332/553/542
f 361/551/540 318/576/563 317/554/543
f 307/556/545 306/577/564 362/527/516
f 375/578/565 362/579/566 297/580/567
f 297/580/567 362/579/566 306/581/568
f 297/580/567 306/581/568 298/582/569
f 297/580/567 374/583/570 375/578/565
f 375/584/571 374/585/572 381/586/573
f 381/586/573 374/585/572 376/587/574
f 381/586/573 376/587/574 380/588/575
f 380/588/575 376/587/574 377/589/576
f 380/588/575 377/589/576 379/590/577
f 379/590/577 377/589/576 378/591/578
f 378/592/579 382/593/580 379/594/581
f 379/594/581 382/593/580 383/595/582
f 289/596/583 232/597/584 266/598/585
f 266/598/585 232/597/584 231/599/586
f 266/598/585 231/599/586 230/600/587
f 288/601/588 239/602/589 289/596/583
f 289/596/583 239/602/589 238/603/590
f 289/596/583 238/603/590 237/604/591
f 287/605/592 405/606/593 288/601/588
f 288/601/588 405/606/593 406/607/594
f 288/601/588 406/607/594 241/608/595
f 241/608/595 406/607/594 413/609/596
f 241/608/595 413/609/596 414/610/597
f 405/606/593 287/605/592 404/611/598
f 404/611/598 287/605/592 286/612/599
f 404/611/598 286/612/599 403/613/600
f 403/613/600 286/612/599 285/614/601
f 403/613/600 285/614/601 402/615/602
f 402/615/602 285/614/601 284/616/603
f 402/615/602 284/616/603 401/617/604
f 401/617/604 284/616/603 283/618/605
f 401/617/604 283/618/605 400/619/606
f 400/619/606 283/618/605 282/620/607
f 400/619/606 282/620/607 399/621/608
f 399/621/608 282/620/607 281/622/609
f 399/621/608 281/622/609 496/623/610
f 496/623/610 281/622/609 495/624/611
f 495/624/611 281/622/609 280/625/612
f 495/624/611 280/625/612 494/626/613
f 494/626/613 280/625/612 493/627/614
f 493/627/614 280/625/612 187/628/615
f 493/627/614 187/628/615 186/629/616
f 280/625/612 279/630/617 187/628/615
f 187/628/615 279/630/617 188/631/618
f 188/631/618 279/630/617 189/632/619
f 189/632/619 279/630/617 190/633/620
f 190/633/620 279/630/617 191/634/621
f 191/634/621 279/630/617 192/635/622
f 192/635/622 279/630/617 193/636/623
f 193/636/623 279/630/617 194/637/624
f 194/637/624 279/630/617 195/638/625
f 195/638/625 279/630/617 278/639/626
f 195/638/625 278/639/626 196/640/627
f 196/640/627 278/639/626 197/641/628
f 197/641/628 278/639/626 198/642/629
f 198/642/629 278/639/626 199/643/630
f 199/643/630 278/639/626 200/644/631
f 200/644/631 278/639/626 201/645/632
f 201/645/632 278/639/626 277/646/633
f 201/645/632 277/646/633 202/647/634
f 202/647/634 277/646/633 203/648/635
f 203/648/635 277/646/633 204/649/636
f 204/649/636 277/646/633 205/650/637
f 205/650/637 277/646/633 206/651/638
f 206/651/638 277/646/633 207/652/639
f 207/652/639 277/646/633 208/653/640
f 208/653/640 277/646/633 489/654/641
f 208/653/640 489/654/641 209/655/642
f 209/655/642 489/654/641 210/656/643
f 210/656/643 489/654/641 211/657/644
f 211/657/644 489/654/641 212/658/645
f 212/658/645 489/654/641 490/659/646
f 212/658/645 490/659/646 213/660/647
f 213/660/647 490/659/646 264/661/648
f 264/661/648 490/659/646 491/662/649
f 264/661/648 491/662/649 492/663/650
f 489/654/641 277/646/633 488/664/651
f 488/664/651 277/646/633 276/665/652
f 488/664/651 276/665/652 487/666/653
f 487/666/653 276/665/652 275/667/654
f 487/666/653 275/667/654 486/668/655
f 486/668/655 275/667/654 485/669/656
f 485/669/656 275/667/654 274/670/657
f 485/669/656 274/670/657 484/671/658
f 484/671/658 274/670/657 483/672/659
f 483/672/659 274/670/657 273/673/660
f 483/672/659 273/673/660 482/674/661
f 482/674/661 273/673/660 481/675/662
f 481/675/662 273/673/660 272/676/663
f 481/675/662 272/676/663 480/677/664
f 480/677/664 272/676/663 271/678/665
f 480/677/664 271/678/665 479/679/666
f 479/679/666 271/678/665 478/680/667
f 478/680/667 271/678/665 270/681/668
f 478/680/667 270/681/668 477/682/669
f 477/682/669 270/681/668 476/683/670
f 476/683/670 270/681/668 269/684/671
f 476/683/670 269/684/671 382/685/672
f 382/685/672 269/684/671 268/686/673
f 382/685/672 268/686/673 383/687/674
f 383/687/674 268/686/673 386/688/675
f 383/687/674 386/688/675 387/689/676
f 386/688/675 268/686/673 385/690/677
f 385/690/677 268/686/673 267/691/678
f 385/690/677 267/691/678 219/692/679
f 219/692/679 267/691/678 220/693/680
f 220/693/680 267/691/678 221/694/681
f 221/694/681 267/691/678 222/695/682
f 222/695/682 267/691/678 223/696/683
f 223/696/683 267/691/678 224/697/684
f 224/697/684 267/691/678 225/698/685
f 225/698/685 267/691/678 226/699/686
f 226/699/686 267/691/678 266/700/585
f 226/699/686 266/700/585 227/701/687
f 227/701/687 266/700/585 228/702/688
f 228/702/688 266/700/585 229/703/689
f 229/704/689 266/598/585 230/600/587
f 245/705/690 418/706/691 246/707/692
f 246/707/692 418/706/691 419/708/693
f 246/707/692 419/708/693 420/709/694
f 418/706/691 245/705/690 417/710/695
f 417/710/695 245/705/690 244/711/696
f 417/710/695 244/711/696 416/712/697
f 416/712/697 244/711/696 243/713/698
f 416/712/697 243/713/698 415/714/699
f 415/714/699 243/713/698 242/715/700
f 415/714/699 242/715/700 414/610/597
f 414/610/597 242/715/700 241/608/595
f 241/608/595 240/716/701 288/601/588
f 288/601/588 240/716/701 239/602/589
f 237/604/591 236/717/702 289/596/583
f 289/596/583 236/717/702 235/718/703
f 289/596/583 235/718/703 234/719/704
f 234/719/704 233/720/705 289/596/583
f 289/596/583 233/720/705 232/597/584
f 218/721/706 434/722/707 219/692/679
f 219/692/679 434/722/707 435/723/708
f 219/692/679 435/723/708 385/690/677
f 385/690/677 435/723/708 436/724/709
f 385/690/677 436/724/709 437/725/710
f 434/722/707 218/721/706 433/726/711
f 433/726/711 218/721/706 217/727/712
f 433/726/711 217/727/712 432/728/713
f 432/728/713 217/727/712 216/729/714
f 432/728/713 216/729/714 431/730/715
f 431/730/715 216/729/714 215/731/716
f 431/730/715 215/731/716 430/732/717
f 430/732/717 215/731/716 214/733/718
f 430/732/717 214/733/718 429/734/719
f 429/735/719 214/736/718 428/737/720
f 428/737/720 214/736/718 427/738/721
f 427/738/721 214/736/718 265/739/722
f 427/738/721 265/739/722 426/740/723
f 426/740/723 265/739/722 425/741/724
f 425/741/724 265/739/722 424/742/725
f 424/742/725 265/739/722 423/743/726
f 423/743/726 265/739/722 422/744/727
f 422/744/727 265/739/722 246/707/692
f 422/744/727 246/707/692 421/745/728
f 421/745/728 246/707/692 420/709/694
f 186/629/616 185/746/729 493/627/614
f 493/627/614 185/746/729 184/747/730
f 493/627/614 184/747/730 183/748/731
f 183/748/731 182/749/732 493/627/614
f 493/627/614 182/749/732 181/750/733
f 493/627/614 181/750/733 492/663/650
f 492/663/650 181/750/733 264/661/648
f 385/690/677 440/751/734 384/752/735
f 384/753/735 440/754/734 441/755/736
f 384/753/735 441/755/736 407/756/737
f 407/756/737 441/755/736 408/757/738
f 407/756/737 408/757/738 409/758/739
f 383/687/674 387/689/676 507/759/740
f 507/759/740 387/689/676 388/760/741
f 507/759/740 388/760/741 506/761/742
f 506/761/742 388/760/741 389/762/743
f 506/761/742 389/762/743 505/763/744
f 505/763/744 389/762/743 390/764/745
f 505/763/744 390/764/745 504/765/746
f 504/765/746 390/764/745 391/766/747
f 504/765/746 391/766/747 503/767/748
f 503/767/748 391/766/747 392/768/749
f 503/767/748 392/768/749 502/769/750
f 502/769/750 392/768/749 393/770/751
f 502/769/750 393/770/751 501/771/752
f 501/771/752 393/770/751 394/772/753
f 501/771/752 394/772/753 500/773/754
f 500/773/754 394/772/753 395/774/755
f 500/773/754 395/774/755 447/775/756
f 447/775/756 395/774/755 446/776/757
f 446/776/757 395/774/755 445/777/758
f 445/777/758 395/774/755 444/778/759
f 444/778/759 395/774/755 443/779/760
f 443/779/760 395/774/755 442/780/761
f 442/780/761 395/774/755 396/781/762
f 442/780/761 396/781/762 475/782/763
f 475/782/763 396/781/762 397/783/764
f 475/782/763 397/783/764 474/784/765
f 474/784/765 397/783/764 473/785/766
f 473/785/766 397/783/764 472/786/767
f 472/786/767 397/783/764 471/787/768
f 471/787/768 397/783/764 470/788/769
f 470/788/769 397/783/764 398/789/770
f 470/788/769 398/789/770 469/790/771
f 469/790/771 398/789/770 497/791/772
f 469/790/771 497/791/772 468/792/773
f 468/792/773 497/791/772 467/793/774
f 467/793/774 497/791/772 466/794/775
f 466/794/775 497/791/772 465/795/776
f 465/795/776 497/791/772 498/796/777
f 465/795/776 498/796/777 464/797/778
f 464/797/778 498/796/777 463/798/779
f 463/798/779 498/796/777 462/799/780
f 462/799/780 498/796/777 461/800/781
f 461/800/781 498/796/777 460/801/782
f 460/801/782 498/796/777 459/802/783
f 459/802/783 498/796/777 458/803/784
f 458/803/784 498/796/777 499/804/785
f 458/803/784 499/804/785 457/805/786
f 457/805/786 499/804/785 456/806/787
f 456/806/787 499/804/785 455/807/788
f 455/807/788 499/804/785 454/808/789
f 454/808/789 499/804/785 453/809/790
f 453/809/790 499/804/785 452/810/791
f 452/810/791 499/804/785 451/811/792
f 451/811/792 499/804/785 500/773/754
f 451/811/792 500/773/754 450/812/793
f 450/812/793 500/773/754 449/813/794
f 449/813/794 500/773/754 448/814/795
f 448/814/795 500/773/754 447/775/756
f 497/791/772 398/789/770 496/623/610
f 496/623/610 398/789/770 399/621/608
f 413/609/596 406/607/594 412/815/796
f 412/815/796 406/607/594 407/756/737
f 412/815/796 407/756/737 411/816/797
f 411/816/797 407/756/737 410/817/798
f 410/817/798 407/756/737 409/758/739
f 437/725/710 438/818/799 385/690/677
f 385/690/677 438/818/799 439/819/800
f 385/690/677 439/819/800 440/751/734
f 495/820/801 343/821/492 496/822/802
f 496/822/802 343/821/492 360/823/491
f 60/824/803 348/825/804 37/826/805
f 37/826/805 348/825/804 347/827/806
f 37/826/805 347/827/806 346/828/807
f 59/829/808 350/830/809 60/824/803
f 60/824/803 350/830/809 349/831/810
f 60/824/803 349/831/810 348/825/804
f 350/830/809 59/829/808 351/832/811
f 351/832/811 59/829/808 58/833/812
f 351/832/811 58/833/812 57/834/813
f 57/834/813 56/835/814 351/832/811
f 351/832/811 56/835/814 290/836/815
f 290/836/815 56/835/814 291/837/816
f 291/837/816 56/835/814 55/838/817
f 291/837/816 55/838/817 292/839/818
f 292/839/818 55/838/817 54/840/819
f 292/839/818 54/840/819 53/841/820
f 292/839/818 53/841/820 293/842/821
f 293/842/821 53/841/820 52/843/822
f 293/842/821 52/843/822 294/844/823
f 294/844/823 52/843/822 295/845/824
f 295/845/824 52/843/822 51/846/825
f 295/845/824 51/846/825 374/847/826
f 374/847/826 51/846/825 50/848/827
f 374/847/826 50/848/827 49/849/828
f 48/850/829 378/851/830 49/849/828
f 49/849/828 378/851/830 377/852/831
f 49/849/828 377/852/831 376/853/832
f 48/850/829 47/854/833 378/851/830
f 378/851/830 47/854/833 46/855/834
f 378/851/830 46/855/834 486/856/835
f 486/856/835 46/855/834 487/857/836
f 487/857/836 46/855/834 45/858/837
f 487/857/836 45/858/837 488/859/838
f 488/859/838 45/858/837 44/860/839
f 488/859/838 44/860/839 489/861/840
f 489/861/840 44/860/839 343/862/841
f 489/861/840 343/862/841 490/863/842
f 490/863/842 343/862/841 491/864/843
f 491/864/843 343/862/841 492/865/844
f 492/865/844 343/862/841 493/866/845
f 493/866/845 343/862/841 494/867/846
f 494/867/846 343/862/841 495/868/847
f 44/860/839 43/869/848 343/862/841
f 343/862/841 43/869/848 42/870/849
f 343/862/841 42/870/849 41/871/850
f 41/871/850 40/872/851 343/862/841
f 343/862/841 40/872/851 39/873/852
f 343/862/841 39/873/852 344/874/853
f 344/874/853 39/873/852 38/875/854
f 344/874/853 38/875/854 345/876/855
f 345/876/855 38/875/854 346/828/807
f 346/828/807 38/875/854 37/826/805
f 486/856/835 485/877/856 378/851/830
f 378/851/830 485/877/856 484/878/857
f 378/851/830 484/878/857 483/879/858
f 483/879/858 482/880/859 378/851/830
f 378/851/830 482/880/859 481/881/860
f 378/851/830 481/881/860 480/882/861
f 480/882/861 479/883/862 378/851/830
f 378/851/830 479/883/862 478/884/863
f 378/851/830 478/884/863 477/885/864
f 477/885/864 476/886/865 378/851/830
f 378/851/830 476/886/865 382/887/866
f 376/853/832 374/847/826 49/849/828
f 297/888/867 296/889/868 374/847/826
f 374/847/826 296/889/868 295/845/824
f 1/890/869 501/891/870 2/892/871
f 2/892/871 501/891/870 500/893/872
f 2/892/871 500/893/872 499/894/873
f 5/895/874 375/896/875 1/890/869
f 1/890/869 375/896/875 381/897/876
f 1/890/869 381/897/876 380/898/877
f 7/899/878 371/900/879 5/895/874
f 5/895/874 371/900/879 370/901/880
f 5/895/874 370/901/880 369/902/881
f 371/900/879 7/899/878 352/903/882
f 352/903/882 7/899/878 9/904/883
f 352/903/882 9/904/883 353/905/884
f 353/905/884 9/904/883 354/906/885
f 354/906/885 9/904/883 355/907/886
f 355/907/886 9/904/883 356/908/887
f 356/908/887 9/904/883 357/909/888
f 357/909/888 9/904/883 358/910/889
f 358/910/889 9/904/883 359/911/890
f 359/911/890 9/904/883 360/912/891
f 360/912/891 9/904/883 11/913/892
f 360/912/891 11/913/892 498/914/893
f 498/914/893 11/913/892 2/892/871
f 498/914/893 2/892/871 499/894/873
f 383/915/894 507/916/895 379/917/896
f 379/917/896 507/916/895 506/918/897
f 379/917/896 506/918/897 505/919/898
f 505/919/898 504/920/899 379/917/896
f 379/917/896 504/920/899 503/921/900
f 379/917/896 503/921/900 502/922/901
f 502/922/901 501/891/870 379/917/896
f 379/917/896 501/891/870 1/890/869
f 379/917/896 1/890/869 380/898/877
f 498/914/893 497/923/902 360/912/891
f 360/912/891 497/923/902 496/924/903
f 361/925/904 373/926/905 352/903/882
f 352/903/882 373/926/905 372/927/906
f 352/903/882 372/927/906 371/900/879
f 5/895/874 369/902/881 375/896/875
f 375/896/875 369/902/881 368/928/907
f 375/896/875 368/928/907 367/929/908
f 367/929/908 366/930/909 375/896/875
f 375/896/875 366/930/909 365/931/910
f 375/896/875 365/931/910 364/932/911
f 364/932/911 363/933/912 375/896/875
f 375/896/875 363/933/912 362/934/913
f 473/935/914 508/936/915 474/937/916
f 474/937/916 508/936/915 409/938/917
f 474/937/916 409/938/917 408/939/918
f 473/935/914 472/940/919 508/936/915
f 508/936/915 472/940/919 471/941/920
f 508/936/915 471/941/920 509/942/921
f 509/942/921 471/941/920 470/943/922
f 509/942/921 470/943/922 510/944/923
f 510/944/923 470/943/922 469/945/924
f 510/944/923 469/945/924 468/946/925
f 510/944/923 468/946/925 511/947/926
f 511/947/926 468/946/925 467/948/927
f 511/947/926 467/948/927 466/949/928
f 511/947/926 466/949/928 512/950/929
f 512/950/929 466/949/928 465/951/930
f 512/950/929 465/951/930 464/952/931
f 512/950/929 464/952/931 513/953/932
f 513/953/932 464/952/931 463/954/933
f 513/953/932 463/954/933 462/955/934
f 513/953/932 462/955/934 514/956/935
f 514/956/935 462/955/934 461/957/936
f 514/956/935 461/957/936 515/958/937
f 515/958/937 461/957/936 460/959/938
f 515/958/937 460/959/938 459/960/939
f 515/958/937 459/960/939 516/961/940
f 516/961/940 459/960/939 458/962/941
f 516/961/940 458/962/941 457/963/942
f 516/961/940 457/963/942 517/964/943
f 517/964/943 457/963/942 456/965/944
f 517/964/943 456/965/944 455/966/945
f 517/964/943 455/966/945 518/967/946
f 518/967/946 455/966/945 454/968/947
f 518/967/946 454/968/947 519/969/948
f 519/969/948 454/968/947 453/970/949
f 519/969/948 453/970/949 452/971/950
f 519/969/948 452/971/950 520/972/951
f 520/972/951 452/971/950 451/973/952
f 520/972/951 451/973/952 450/974/953
f 520/972/951 450/974/953 521/975/954
f 521/975/954 450/974/953 449/976/955
f 521/975/954 449/976/955 448/977/956
f 521/975/954 448/977/956 522/978/957
f 522/978/957 448/977/956 447/979/958
f 522/978/957 447/979/958 446/980/959
f 522/978/957 446/980/959 523/981/960
f 523/981/960 446/980/959 445/982/961
f 523/981/960 445/982/961 524/983/962
f 524/983/962 445/982/961 444/984/963
f 524/983/962 444/984/963 443/985/964
f 442/986/965 440/987/966 443/985/964
f 443/985/964 440/987/966 524/983/962
f 440/987/966 439/988/967 524/983/962
f 524/983/962 439/988/967 438/989/968
f 524/983/962 438/989/968 437/990/969
f 524/983/962 437/990/969 523/981/960
f 523/981/960 437/990/969 436/991/970
f 523/981/960 436/991/970 522/978/957
f 522/978/957 436/991/970 435/992/971
f 522/978/957 435/992/971 434/993/972
f 522/978/957 434/993/972 521/975/954
f 521/975/954 434/993/972 433/994/973
f 521/975/954 433/994/973 432/995/974
f 521/975/954 432/995/974 520/972/951
f 520/972/951 432/995/974 431/996/975
f 520/972/951 431/996/975 430/997/976
f 520/972/951 430/997/976 519/969/948
f 519/969/948 430/997/976 429/998/977
f 519/969/948 429/998/977 428/999/978
f 519/969/948 428/999/978 518/967/946
f 518/967/946 428/999/978 427/1000/979
f 518/967/946 427/1000/979 517/964/943
f 517/964/943 427/1000/979 426/1001/980
f 517/964/943 426/1001/980 425/1002/981
f 517/964/943 425/1002/981 516/961/940
f 516/961/940 425/1002/981 424/1003/982
f 516/961/940 424/1003/982 423/1004/983
f 516/961/940 423/1004/983 515/958/937
f 515/958/937 423/1004/983 422/1005/984
f 515/958/937 422/1005/984 421/1006/985
f 515/958/937 421/1006/985 514/956/935
f 514/956/935 421/1006/985 420/1007/986
f 514/956/935 420/1007/986 513/953/932
f 513/953/932 420/1007/986 419/1008/987
f 513/953/932 419/1008/987 418/1009/988
f 513/953/932 418/1009/988 512/950/929
f 512/950/929 418/1009/988 417/1010/989
f 512/950/929 417/1010/989 416/1011/990
f 512/950/929 416/1011/990 511/947/926
f 511/947/926 416/1011/990 415/1012/991
f 511/947/926 415/1012/991 414/1013/992
f 511/947/926 414/1013/992 510/944/923
f 510/944/923 414/1013/992 413/1014/993
f 510/944/923 413/1014/993 412/1015/994
f 510/944/923 412/1015/994 509/942/921
f 509/942/921 412/1015/994 411/1016/995
f 509/942/921 411/1016/995 508/936/915
f 508/936/915 411/1016/995 410/1017/996
f 508/936/915 410/1017/996 409/938/917
f 475/1018/997 441/1019/998 442/1020/965
f 442/1020/965 441/1019/998 440/1021/966
f 475/1022/999 474/1023/916 441/1024/1000
f 441/1024/1000 474/1023/916 408/1025/918
f 407/1026/1001 397/1027/1002 384/1028/1003
f 384/1028/1003 397/1027/1002 396/1029/1004
f 384/1028/1003 396/1029/1004 385/1030/1005
f 385/1030/1005 396/1029/1004 395/1031/1006
f 385/1030/1005 395/1031/1006 386/1032/1007
f 386/1032/1007 395/1031/1006 394/1033/1008
f 386/1032/1007 394/1033/1008 387/1034/1009
f 387/1034/1009 394/1033/1008 393/1035/1010
f 387/1034/1009 393/1035/1010 388/1036/1011
f 388/1036/1011 393/1035/1010 392/1037/1012
f 388/1036/1011 392/1037/1012 389/1038/1013
f 389/1038/1013 392/1037/1012 391/1039/1014
f 389/1038/1013 391/1039/1014 390/1040/1015
f 397/1027/1002 407/1026/1001 398/1041/1016
f 398/1041/1016 407/1026/1001 406/1042/1017
f 398/1041/1016 406/1042/1017 399/1043/1018
f 399/1043/1018 406/1042/1017 405/1044/1019
f 399/1043/1018 405/1044/1019 400/1045/1020
f 400/1045/1020 405/1044/1019 404/1046/1021
f 400/1045/1020 404/1046/1021 401/1047/1022
f 401/1047/1022 404/1046/1021 403/1048/1023
f 401/1047/1022 403/1048/1023 402/1049/1024
# 524 vertices
# 1049 texture params
# 1024 normals
# 1060 facets

# 1 groups
