# WaveFront *.obj file (generated by Autodesk ATF)

mtllib bras_tourelle_guet.mtl

g Corps3

v -0.350000 -0.000000 0.475000
v -0.338074 0.090587 0.475000
v -0.303109 0.175000 0.475000
v -0.247487 0.247487 0.475000
v -0.175000 0.303109 0.475000
v -0.090587 0.338074 0.475000
v 0.000000 0.350000 0.475000
v 0.090587 0.338074 0.475000
v 0.175000 0.303109 0.475000
v 0.247487 0.247487 0.475000
v 0.303109 0.175000 0.475000
v 0.338074 0.090587 0.475000
v 0.350000 0.000000 0.475000
v 0.338074 -0.090587 0.475000
v 0.303109 -0.175000 0.475000
v 0.247487 -0.247487 0.475000
v 0.175000 -0.303109 0.475000
v 0.090587 -0.338074 0.475000
v 0.000000 -0.350000 0.475000
v -0.090587 -0.338074 0.475000
v -0.175000 -0.303109 0.475000
v -0.247487 -0.247487 0.475000
v -0.303109 -0.175000 0.475000
v -0.338074 -0.090587 0.475000
v -0.350000 -0.000000 0.150000
v -0.338074 -0.090587 0.150000
v -0.303109 -0.175000 0.150000
v -0.247487 -0.247487 0.150000
v -0.175000 -0.303109 0.150000
v -0.090587 -0.338074 0.150000
v 0.000000 -0.350000 0.150000
v 0.090587 -0.338074 0.150000
v 0.175000 -0.303109 0.150000
v 0.247487 -0.247487 0.150000
v 0.303109 -0.175000 0.150000
v 0.338074 -0.090587 0.150000
v 0.350000 0.000000 0.150000
v 0.338074 0.090587 0.150000
v 0.303109 0.175000 0.150000
v 0.247487 0.247487 0.150000
v 0.175000 0.303109 0.150000
v 0.090587 0.338074 0.150000
v 0.000000 0.350000 0.150000
v -0.090587 0.338074 0.150000
v -0.175000 0.303109 0.150000
v -0.247487 0.247487 0.150000
v -0.303109 0.175000 0.150000
v -0.338074 0.090587 0.150000
v -0.287500 -0.000000 0.475000
v -0.277704 -0.074410 0.475000
v -0.248982 -0.143750 0.475000
v -0.203293 -0.203293 0.475000
v -0.143750 -0.248982 0.475000
v -0.074410 -0.277704 0.475000
v 0.000000 -0.287500 0.475000
v 0.074410 -0.277704 0.475000
v 0.143750 -0.248982 0.475000
v 0.203293 -0.203293 0.475000
v 0.248982 -0.143750 0.475000
v 0.277704 -0.074410 0.475000
v 0.287500 0.000000 0.475000
v 0.277704 0.074410 0.475000
v 0.248982 0.143750 0.475000
v 0.203293 0.203293 0.475000
v 0.143750 0.248982 0.475000
v 0.074410 0.277704 0.475000
v 0.000000 0.287500 0.475000
v -0.074410 0.277704 0.475000
v -0.143750 0.248982 0.475000
v -0.203293 0.203293 0.475000
v -0.248982 0.143750 0.475000
v -0.277704 0.074410 0.475000
v -0.287500 -0.000000 0.150000
v -0.277704 0.074410 0.150000
v -0.248982 0.143750 0.150000
v -0.203293 0.203293 0.150000
v -0.143750 0.248982 0.150000
v -0.074410 0.277704 0.150000
v 0.000000 0.287500 0.150000
v 0.074410 0.277704 0.150000
v 0.143750 0.248982 0.150000
v 0.203293 0.203293 0.150000
v 0.248982 0.143750 0.150000
v 0.277704 0.074410 0.150000
v 0.287500 0.000000 0.150000
v 0.277704 -0.074410 0.150000
v 0.248982 -0.143750 0.150000
v 0.203293 -0.203293 0.150000
v 0.143750 -0.248982 0.150000
v 0.074410 -0.277704 0.150000
v 0.000000 -0.287500 0.150000
v -0.074410 -0.277704 0.150000
v -0.143750 -0.248982 0.150000
v -0.203293 -0.203293 0.150000
v -0.248982 -0.143750 0.150000
v -0.277704 -0.074410 0.150000
v -0.287500 -0.000000 0.000000
v -0.277704 -0.074410 0.000000
v -0.248982 -0.143750 0.000000
v -0.203293 -0.203293 0.000000
v -0.143750 -0.248982 0.000000
v -0.074410 -0.277704 0.000000
v 0.000000 -0.287500 0.000000
v 0.074410 -0.277704 0.000000
v 0.143750 -0.248982 0.000000
v 0.203293 -0.203293 0.000000
v 0.248982 -0.143750 0.000000
v 0.277704 -0.074410 0.000000
v 0.287500 0.000000 0.000000
v 0.277704 0.074410 0.000000
v 0.248982 0.143750 0.000000
v 0.203293 0.203293 0.000000
v 0.143750 0.248982 0.000000
v 0.074410 0.277704 0.000000
v 0.000000 0.287500 0.000000
v -0.074410 0.277704 0.000000
v -0.143750 0.248982 0.000000
v -0.203293 0.203293 0.000000
v -0.248982 0.143750 0.000000
v -0.277704 0.074410 0.000000
v -0.350000 -0.000000 0.000000
v -0.338074 0.090587 0.000000
v -0.303109 0.175000 0.000000
v -0.247487 0.247487 0.000000
v -0.175000 0.303109 0.000000
v -0.090587 0.338074 0.000000
v 0.000000 0.350000 0.000000
v 0.090587 0.338074 0.000000
v 0.175000 0.303109 0.000000
v 0.247487 0.247487 0.000000
v 0.303109 0.175000 0.000000
v 0.338074 0.090587 0.000000
v 0.350000 0.000000 0.000000
v 0.338074 -0.090587 0.000000
v 0.303109 -0.175000 0.000000
v 0.247487 -0.247487 0.000000
v 0.175000 -0.303109 0.000000
v 0.090587 -0.338074 0.000000
v 0.000000 -0.350000 0.000000
v -0.090587 -0.338074 0.000000
v -0.175000 -0.303109 0.000000
v -0.247487 -0.247487 0.000000
v -0.303109 -0.175000 0.000000
v -0.338074 -0.090587 0.000000
v -0.150000 -0.000000 0.130000
v -0.144889 -0.038823 0.130000
v -0.129904 -0.075000 0.130000
v -0.106066 -0.106066 0.130000
v -0.075000 -0.129904 0.130000
v -0.038823 -0.144889 0.130000
v 0.000000 -0.150000 0.130000
v 0.038823 -0.144889 0.130000
v 0.075000 -0.129904 0.130000
v 0.106066 -0.106066 0.130000
v 0.129904 -0.075000 0.130000
v 0.144889 -0.038823 0.130000
v 0.150000 0.000000 0.130000
v 0.144889 0.038823 0.130000
v 0.129904 0.075000 0.130000
v 0.106066 0.106066 0.130000
v 0.075000 0.129904 0.130000
v 0.038823 0.144889 0.130000
v 0.000000 0.150000 0.130000
v -0.038823 0.144889 0.130000
v -0.075000 0.129904 0.130000
v -0.106066 0.106066 0.130000
v -0.129904 0.075000 0.130000
v -0.144889 0.038823 0.130000
v -0.150000 -0.000000 0.000000
v -0.144889 0.038823 0.000000
v -0.129904 0.075000 0.000000
v -0.106066 0.106066 0.000000
v -0.075000 0.129904 0.000000
v -0.038823 0.144889 0.000000
v 0.000000 0.150000 0.000000
v 0.038823 0.144889 0.000000
v 0.075000 0.129904 0.000000
v 0.106066 0.106066 0.000000
v 0.129904 0.075000 0.000000
v 0.144889 0.038823 0.000000
v 0.150000 0.000000 0.000000
v 0.144889 -0.038823 0.000000
v 0.129904 -0.075000 0.000000
v 0.106066 -0.106066 0.000000
v 0.075000 -0.129904 0.000000
v 0.038823 -0.144889 0.000000
v 0.000000 -0.150000 0.000000
v -0.038823 -0.144889 0.000000
v -0.075000 -0.129904 0.000000
v -0.106066 -0.106066 0.000000
v -0.129904 -0.075000 0.000000
v -0.144889 -0.038823 0.000000
v -0.237500 -0.000000 0.130000
v -0.229407 -0.061470 0.130000
v -0.205681 -0.118750 0.130000
v -0.167938 -0.167938 0.130000
v -0.118750 -0.205681 0.130000
v -0.061470 -0.229407 0.130000
v 0.000000 -0.237500 0.130000
v 0.061470 -0.229407 0.130000
v 0.118750 -0.205681 0.130000
v 0.167938 -0.167938 0.130000
v 0.205681 -0.118750 0.130000
v 0.229407 -0.061470 0.130000
v 0.237500 0.000000 0.130000
v 0.229407 0.061470 0.130000
v 0.205681 0.118750 0.130000
v 0.167938 0.167938 0.130000
v 0.118750 0.205681 0.130000
v 0.061470 0.229407 0.130000
v 0.000000 0.237500 0.130000
v -0.061470 0.229407 0.130000
v -0.118750 0.205681 0.130000
v -0.167938 0.167938 0.130000
v -0.205681 0.118750 0.130000
v -0.229407 0.061470 0.130000
v -0.237500 -0.000000 0.000000
v -0.229407 0.061470 0.000000
v -0.205681 0.118750 0.000000
v -0.167938 0.167938 0.000000
v -0.118750 0.205681 0.000000
v -0.061470 0.229407 0.000000
v 0.000000 0.237500 0.000000
v 0.061470 0.229407 0.000000
v 0.118750 0.205681 0.000000
v 0.167938 0.167938 0.000000
v 0.205681 0.118750 0.000000
v 0.229407 0.061470 0.000000
v 0.237500 0.000000 0.000000
v 0.229407 -0.061470 0.000000
v 0.205681 -0.118750 0.000000
v 0.167938 -0.167938 0.000000
v 0.118750 -0.205681 0.000000
v 0.061470 -0.229407 0.000000
v 0.000000 -0.237500 0.000000
v -0.061470 -0.229407 0.000000
v -0.118750 -0.205681 0.000000
v -0.167938 -0.167938 0.000000
v -0.205681 -0.118750 0.000000
v -0.229407 -0.061470 0.000000
v -0.237500 -0.000000 -0.100000
v -0.229407 0.061470 -0.100000
v -0.205681 0.118750 -0.100000
v -0.167938 0.167938 -0.100000
v -0.118750 0.205681 -0.100000
v -0.061470 0.229407 -0.100000
v 0.000000 0.237500 -0.100000
v 0.061470 0.229407 -0.100000
v 0.118750 0.205681 -0.100000
v 0.167938 0.167938 -0.100000
v 0.205681 0.118750 -0.100000
v 0.229407 0.061470 -0.100000
v 0.237500 0.000000 -0.100000
v 0.229407 -0.061470 -0.100000
v 0.205681 -0.118750 -0.100000
v 0.167938 -0.167938 -0.100000
v 0.118750 -0.205681 -0.100000
v 0.061470 -0.229407 -0.100000
v 0.000000 -0.237500 -0.100000
v -0.061470 -0.229407 -0.100000
v -0.118750 -0.205681 -0.100000
v -0.167938 -0.167938 -0.100000
v -0.205681 -0.118750 -0.100000
v -0.229407 -0.061470 -0.100000
v -0.287500 -0.000000 -0.100000
v -0.277704 0.074410 -0.100000
v -0.248982 0.143750 -0.100000
v -0.203293 0.203293 -0.100000
v -0.143750 0.248982 -0.100000
v -0.074410 0.277704 -0.100000
v 0.000000 0.287500 -0.100000
v 0.074410 0.277704 -0.100000
v 0.143750 0.248982 -0.100000
v 0.203293 0.203293 -0.100000
v 0.248982 0.143750 -0.100000
v 0.277704 0.074410 -0.100000
v 0.287500 0.000000 -0.100000
v 0.277704 -0.074410 -0.100000
v 0.248982 -0.143750 -0.100000
v 0.203293 -0.203293 -0.100000
v 0.143750 -0.248982 -0.100000
v 0.074410 -0.277704 -0.100000
v 0.000000 -0.287500 -0.100000
v -0.074410 -0.277704 -0.100000
v -0.143750 -0.248982 -0.100000
v -0.203293 -0.203293 -0.100000
v -0.248982 -0.143750 -0.100000
v -0.277704 -0.074410 -0.100000
v -0.237500 -0.000000 0.150000
v -0.229407 -0.061470 0.150000
v -0.205681 -0.118750 0.150000
v -0.167938 -0.167938 0.150000
v -0.118750 -0.205681 0.150000
v -0.061470 -0.229407 0.150000
v 0.000000 -0.237500 0.150000
v 0.061470 -0.229407 0.150000
v 0.118750 -0.205681 0.150000
v 0.167938 -0.167938 0.150000
v 0.205681 -0.118750 0.150000
v 0.229407 -0.061470 0.150000
v 0.237500 0.000000 0.150000
v 0.229407 0.061470 0.150000
v 0.205681 0.118750 0.150000
v 0.167938 0.167938 0.150000
v 0.118750 0.205681 0.150000
v 0.061470 0.229407 0.150000
v 0.000000 0.237500 0.150000
v -0.061470 0.229407 0.150000
v -0.118750 0.205681 0.150000
v -0.167938 0.167938 0.150000
v -0.205681 0.118750 0.150000
v -0.229407 0.061470 0.150000
v 0.700000 -0.000000 -0.100000
v 0.701704 -0.012941 -0.100000
v 0.706699 -0.025000 -0.100000
v 0.714645 -0.035355 -0.100000
v 0.725000 -0.043301 -0.100000
v 0.737059 -0.048296 -0.100000
v 0.750000 -0.050000 -0.100000
v 0.762941 -0.048296 -0.100000
v 0.775000 -0.043301 -0.100000
v 0.785355 -0.035355 -0.100000
v 0.793301 -0.025000 -0.100000
v 0.798296 -0.012941 -0.100000
v 0.800000 -0.000000 -0.100000
v 0.798296 0.012941 -0.100000
v 0.793301 0.025000 -0.100000
v 0.785355 0.035355 -0.100000
v 0.775000 0.043301 -0.100000
v 0.762941 0.048296 -0.100000
v 0.750000 0.050000 -0.100000
v 0.737059 0.048296 -0.100000
v 0.725000 0.043301 -0.100000
v 0.714645 0.035355 -0.100000
v 0.706699 0.025000 -0.100000
v 0.701704 0.012941 -0.100000
v 0.250000 0.750000 -0.100000
v 0.251704 0.737059 -0.100000
v 0.256699 0.725000 -0.100000
v 0.264645 0.714645 -0.100000
v 0.275000 0.706699 -0.100000
v 0.287059 0.701704 -0.100000
v 0.300000 0.700000 -0.100000
v 0.312941 0.701704 -0.100000
v 0.325000 0.706699 -0.100000
v 0.335355 0.714645 -0.100000
v 0.343301 0.725000 -0.100000
v 0.348296 0.737059 -0.100000
v 0.350000 0.750000 -0.100000
v 0.348296 0.762941 -0.100000
v 0.343301 0.775000 -0.100000
v 0.335355 0.785355 -0.100000
v 0.325000 0.793301 -0.100000
v 0.312941 0.798296 -0.100000
v 0.300000 0.800000 -0.100000
v 0.287059 0.798296 -0.100000
v 0.275000 0.793301 -0.100000
v 0.264645 0.785355 -0.100000
v 0.256699 0.775000 -0.100000
v 0.251704 0.762941 -0.100000
v 0.700000 0.300000 -0.100000
v 0.701704 0.287059 -0.100000
v 0.706699 0.275000 -0.100000
v 0.714645 0.264645 -0.100000
v 0.725000 0.256699 -0.100000
v 0.737059 0.251704 -0.100000
v 0.750000 0.250000 -0.100000
v 0.762941 0.251704 -0.100000
v 0.775000 0.256699 -0.100000
v 0.785355 0.264645 -0.100000
v 0.793301 0.275000 -0.100000
v 0.798296 0.287059 -0.100000
v 0.800000 0.300000 -0.100000
v 0.798296 0.312941 -0.100000
v 0.793301 0.325000 -0.100000
v 0.785355 0.335355 -0.100000
v 0.775000 0.343301 -0.100000
v 0.762941 0.348296 -0.100000
v 0.750000 0.350000 -0.100000
v 0.737059 0.348296 -0.100000
v 0.725000 0.343301 -0.100000
v 0.714645 0.335355 -0.100000
v 0.706699 0.325000 -0.100000
v 0.701704 0.312941 -0.100000
v -0.800000 -0.000000 -0.100000
v -0.798296 -0.012941 -0.100000
v -0.793301 -0.025000 -0.100000
v -0.785355 -0.035355 -0.100000
v -0.775000 -0.043301 -0.100000
v -0.762941 -0.048296 -0.100000
v -0.750000 -0.050000 -0.100000
v -0.737059 -0.048296 -0.100000
v -0.725000 -0.043301 -0.100000
v -0.714645 -0.035355 -0.100000
v -0.706699 -0.025000 -0.100000
v -0.701704 -0.012941 -0.100000
v -0.700000 -0.000000 -0.100000
v -0.701704 0.012941 -0.100000
v -0.706699 0.025000 -0.100000
v -0.714645 0.035355 -0.100000
v -0.725000 0.043301 -0.100000
v -0.737059 0.048296 -0.100000
v -0.750000 0.050000 -0.100000
v -0.762941 0.048296 -0.100000
v -0.775000 0.043301 -0.100000
v -0.785355 0.035355 -0.100000
v -0.793301 0.025000 -0.100000
v -0.798296 0.012941 -0.100000
v -0.350000 -0.000000 -0.100000
v -0.338074 -0.090587 -0.100000
v -0.303109 -0.175000 -0.100000
v -0.247487 -0.247487 -0.100000
v -0.175000 -0.303109 -0.100000
v -0.090587 -0.338074 -0.100000
v 0.000000 -0.350000 -0.100000
v 0.090587 -0.338074 -0.100000
v 0.175000 -0.303109 -0.100000
v 0.247487 -0.247487 -0.100000
v 0.303109 -0.175000 -0.100000
v 0.338074 -0.090587 -0.100000
v 0.350000 0.000000 -0.100000
v 0.338074 0.090587 -0.100000
v 0.303109 0.175000 -0.100000
v 0.247487 0.247487 -0.100000
v 0.175000 0.303109 -0.100000
v 0.090587 0.338074 -0.100000
v 0.000000 0.350000 -0.100000
v -0.090587 0.338074 -0.100000
v -0.175000 0.303109 -0.100000
v -0.247487 0.247487 -0.100000
v -0.303109 0.175000 -0.100000
v -0.338074 0.090587 -0.100000
v -0.050000 0.750000 -0.100000
v -0.048296 0.737059 -0.100000
v -0.043301 0.725000 -0.100000
v -0.035355 0.714645 -0.100000
v -0.025000 0.706699 -0.100000
v -0.012941 0.701704 -0.100000
v 0.000000 0.700000 -0.100000
v 0.012941 0.701704 -0.100000
v 0.025000 0.706699 -0.100000
v 0.035355 0.714645 -0.100000
v 0.043301 0.725000 -0.100000
v 0.048296 0.737059 -0.100000
v 0.050000 0.750000 -0.100000
v 0.048296 0.762941 -0.100000
v 0.043301 0.775000 -0.100000
v 0.035355 0.785355 -0.100000
v 0.025000 0.793301 -0.100000
v 0.012941 0.798296 -0.100000
v 0.000000 0.800000 -0.100000
v -0.012941 0.798296 -0.100000
v -0.025000 0.793301 -0.100000
v -0.035355 0.785355 -0.100000
v -0.043301 0.775000 -0.100000
v -0.048296 0.762941 -0.100000
v -0.800000 -0.300000 -0.100000
v -0.798296 -0.312941 -0.100000
v -0.793301 -0.325000 -0.100000
v -0.785355 -0.335355 -0.100000
v -0.775000 -0.343301 -0.100000
v -0.762941 -0.348296 -0.100000
v -0.750000 -0.350000 -0.100000
v -0.737059 -0.348296 -0.100000
v -0.725000 -0.343301 -0.100000
v -0.714645 -0.335355 -0.100000
v -0.706699 -0.325000 -0.100000
v -0.701704 -0.312941 -0.100000
v -0.700000 -0.300000 -0.100000
v -0.701704 -0.287059 -0.100000
v -0.706699 -0.275000 -0.100000
v -0.714645 -0.264645 -0.100000
v -0.725000 -0.256699 -0.100000
v -0.737059 -0.251704 -0.100000
v -0.750000 -0.250000 -0.100000
v -0.762941 -0.251704 -0.100000
v -0.775000 -0.256699 -0.100000
v -0.785355 -0.264645 -0.100000
v -0.793301 -0.275000 -0.100000
v -0.798296 -0.287059 -0.100000
v 0.700000 -0.300000 -0.100000
v 0.701704 -0.312941 -0.100000
v 0.706699 -0.325000 -0.100000
v 0.714645 -0.335355 -0.100000
v 0.725000 -0.343301 -0.100000
v 0.737059 -0.348296 -0.100000
v 0.750000 -0.350000 -0.100000
v 0.762941 -0.348296 -0.100000
v 0.775000 -0.343301 -0.100000
v 0.785355 -0.335355 -0.100000
v 0.793301 -0.325000 -0.100000
v 0.798296 -0.312941 -0.100000
v 0.800000 -0.300000 -0.100000
v 0.798296 -0.287059 -0.100000
v 0.793301 -0.275000 -0.100000
v 0.785355 -0.264645 -0.100000
v 0.775000 -0.256699 -0.100000
v 0.762941 -0.251704 -0.100000
v 0.750000 -0.250000 -0.100000
v 0.737059 -0.251704 -0.100000
v 0.725000 -0.256699 -0.100000
v 0.714645 -0.264645 -0.100000
v 0.706699 -0.275000 -0.100000
v 0.701704 -0.287059 -0.100000
v -0.350000 0.750000 -0.100000
v -0.348296 0.737059 -0.100000
v -0.343301 0.725000 -0.100000
v -0.335355 0.714645 -0.100000
v -0.325000 0.706699 -0.100000
v -0.312941 0.701704 -0.100000
v -0.300000 0.700000 -0.100000
v -0.287059 0.701704 -0.100000
v -0.275000 0.706699 -0.100000
v -0.264645 0.714645 -0.100000
v -0.256699 0.725000 -0.100000
v -0.251704 0.737059 -0.100000
v -0.250000 0.750000 -0.100000
v -0.251704 0.762941 -0.100000
v -0.256699 0.775000 -0.100000
v -0.264645 0.785355 -0.100000
v -0.275000 0.793301 -0.100000
v -0.287059 0.798296 -0.100000
v -0.300000 0.800000 -0.100000
v -0.312941 0.798296 -0.100000
v -0.325000 0.793301 -0.100000
v -0.335355 0.785355 -0.100000
v -0.343301 0.775000 -0.100000
v -0.348296 0.762941 -0.100000
v -0.050000 -0.750000 -0.100000
v -0.048296 -0.762941 -0.100000
v -0.043301 -0.775000 -0.100000
v -0.035355 -0.785355 -0.100000
v -0.025000 -0.793301 -0.100000
v -0.012941 -0.798296 -0.100000
v -0.000000 -0.800000 -0.100000
v 0.012941 -0.798296 -0.100000
v 0.025000 -0.793301 -0.100000
v 0.035355 -0.785355 -0.100000
v 0.043301 -0.775000 -0.100000
v 0.048296 -0.762941 -0.100000
v 0.050000 -0.750000 -0.100000
v 0.048296 -0.737059 -0.100000
v 0.043301 -0.725000 -0.100000
v 0.035355 -0.714645 -0.100000
v 0.025000 -0.706699 -0.100000
v 0.012941 -0.701704 -0.100000
v -0.000000 -0.700000 -0.100000
v -0.012941 -0.701704 -0.100000
v -0.025000 -0.706699 -0.100000
v -0.035355 -0.714645 -0.100000
v -0.043301 -0.725000 -0.100000
v -0.048296 -0.737059 -0.100000
v -0.800000 0.300000 -0.100000
v -0.798296 0.287059 -0.100000
v -0.793301 0.275000 -0.100000
v -0.785355 0.264645 -0.100000
v -0.775000 0.256699 -0.100000
v -0.762941 0.251704 -0.100000
v -0.750000 0.250000 -0.100000
v -0.737059 0.251704 -0.100000
v -0.725000 0.256699 -0.100000
v -0.714645 0.264645 -0.100000
v -0.706699 0.275000 -0.100000
v -0.701704 0.287059 -0.100000
v -0.700000 0.300000 -0.100000
v -0.701704 0.312941 -0.100000
v -0.706699 0.325000 -0.100000
v -0.714645 0.335355 -0.100000
v -0.725000 0.343301 -0.100000
v -0.737059 0.348296 -0.100000
v -0.750000 0.350000 -0.100000
v -0.762941 0.348296 -0.100000
v -0.775000 0.343301 -0.100000
v -0.785355 0.335355 -0.100000
v -0.793301 0.325000 -0.100000
v -0.798296 0.312941 -0.100000
v 0.250000 -0.750000 -0.100000
v 0.251704 -0.762941 -0.100000
v 0.256699 -0.775000 -0.100000
v 0.264645 -0.785355 -0.100000
v 0.275000 -0.793301 -0.100000
v 0.287059 -0.798296 -0.100000
v 0.300000 -0.800000 -0.100000
v 0.312941 -0.798296 -0.100000
v 0.325000 -0.793301 -0.100000
v 0.335355 -0.785355 -0.100000
v 0.343301 -0.775000 -0.100000
v 0.348296 -0.762941 -0.100000
v 0.350000 -0.750000 -0.100000
v 0.348296 -0.737059 -0.100000
v 0.343301 -0.725000 -0.100000
v 0.335355 -0.714645 -0.100000
v 0.325000 -0.706699 -0.100000
v 0.312941 -0.701704 -0.100000
v 0.300000 -0.700000 -0.100000
v 0.287059 -0.701704 -0.100000
v 0.275000 -0.706699 -0.100000
v 0.264645 -0.714645 -0.100000
v 0.256699 -0.725000 -0.100000
v 0.251704 -0.737059 -0.100000
v -0.350000 -0.750000 -0.100000
v -0.348296 -0.762941 -0.100000
v -0.343301 -0.775000 -0.100000
v -0.335355 -0.785355 -0.100000
v -0.325000 -0.793301 -0.100000
v -0.312941 -0.798296 -0.100000
v -0.300000 -0.800000 -0.100000
v -0.287059 -0.798296 -0.100000
v -0.275000 -0.793301 -0.100000
v -0.264645 -0.785355 -0.100000
v -0.256699 -0.775000 -0.100000
v -0.251704 -0.762941 -0.100000
v -0.250000 -0.750000 -0.100000
v -0.251704 -0.737059 -0.100000
v -0.256699 -0.725000 -0.100000
v -0.264645 -0.714645 -0.100000
v -0.275000 -0.706699 -0.100000
v -0.287059 -0.701704 -0.100000
v -0.300000 -0.700000 -0.100000
v -0.312941 -0.701704 -0.100000
v -0.325000 -0.706699 -0.100000
v -0.335355 -0.714645 -0.100000
v -0.343301 -0.725000 -0.100000
v -0.348296 -0.737059 -0.100000
v -1.050000 -0.000000 -0.100000
v -1.038272 0.156494 -0.100000
v -1.003351 0.309493 -0.100000
v -0.946017 0.455578 -0.100000
v -0.867551 0.591486 -0.100000
v -0.769704 0.714181 -0.100000
v -0.654664 0.820923 -0.100000
v -0.525000 0.909327 -0.100000
v -0.383608 0.977417 -0.100000
v -0.233647 1.023674 -0.100000
v -0.078467 1.047064 -0.100000
v 0.078467 1.047064 -0.100000
v 0.233647 1.023674 -0.100000
v 0.383608 0.977417 -0.100000
v 0.525000 0.909327 -0.100000
v 0.654664 0.820923 -0.100000
v 0.769704 0.714181 -0.100000
v 0.867551 0.591486 -0.100000
v 0.946017 0.455578 -0.100000
v 1.003351 0.309493 -0.100000
v 1.038272 0.156494 -0.100000
v 1.050000 0.000000 -0.100000
v 1.038272 -0.156494 -0.100000
v 1.003351 -0.309493 -0.100000
v 0.946017 -0.455578 -0.100000
v 0.867551 -0.591486 -0.100000
v 0.769704 -0.714181 -0.100000
v 0.654664 -0.820923 -0.100000
v 0.525000 -0.909327 -0.100000
v 0.383608 -0.977417 -0.100000
v 0.233647 -1.023674 -0.100000
v 0.078467 -1.047064 -0.100000
v -0.078467 -1.047064 -0.100000
v -0.233647 -1.023674 -0.100000
v -0.383608 -0.977417 -0.100000
v -0.525000 -0.909327 -0.100000
v -0.654664 -0.820923 -0.100000
v -0.769704 -0.714181 -0.100000
v -0.867551 -0.591486 -0.100000
v -0.946017 -0.455578 -0.100000
v -1.003351 -0.309493 -0.100000
v -1.038272 -0.156494 -0.100000
v -0.350000 -0.750000 0.150000
v -0.348296 -0.762941 0.150000
v -0.343301 -0.775000 0.150000
v -0.335355 -0.785355 0.150000
v -0.325000 -0.793301 0.150000
v -0.312941 -0.798296 0.150000
v -0.300000 -0.800000 0.150000
v -0.287059 -0.798296 0.150000
v -0.275000 -0.793301 0.150000
v -0.264645 -0.785355 0.150000
v -0.256699 -0.775000 0.150000
v -0.251704 -0.762941 0.150000
v -0.250000 -0.750000 0.150000
v -0.251704 -0.737059 0.150000
v -0.256699 -0.725000 0.150000
v -0.264645 -0.714645 0.150000
v -0.275000 -0.706699 0.150000
v -0.287059 -0.701704 0.150000
v -0.300000 -0.700000 0.150000
v -0.312941 -0.701704 0.150000
v -0.325000 -0.706699 0.150000
v -0.335355 -0.714645 0.150000
v -0.343301 -0.725000 0.150000
v -0.348296 -0.737059 0.150000
v 0.250000 -0.750000 0.150000
v 0.251704 -0.762941 0.150000
v 0.256699 -0.775000 0.150000
v 0.264645 -0.785355 0.150000
v 0.275000 -0.793301 0.150000
v 0.287059 -0.798296 0.150000
v 0.300000 -0.800000 0.150000
v 0.312941 -0.798296 0.150000
v 0.325000 -0.793301 0.150000
v 0.335355 -0.785355 0.150000
v 0.343301 -0.775000 0.150000
v 0.348296 -0.762941 0.150000
v 0.350000 -0.750000 0.150000
v 0.348296 -0.737059 0.150000
v 0.343301 -0.725000 0.150000
v 0.335355 -0.714645 0.150000
v 0.325000 -0.706699 0.150000
v 0.312941 -0.701704 0.150000
v 0.300000 -0.700000 0.150000
v 0.287059 -0.701704 0.150000
v 0.275000 -0.706699 0.150000
v 0.264645 -0.714645 0.150000
v 0.256699 -0.725000 0.150000
v 0.251704 -0.737059 0.150000
v -0.800000 0.300000 0.150000
v -0.798296 0.287059 0.150000
v -0.793301 0.275000 0.150000
v -0.785355 0.264645 0.150000
v -0.775000 0.256699 0.150000
v -0.762941 0.251704 0.150000
v -0.750000 0.250000 0.150000
v -0.737059 0.251704 0.150000
v -0.725000 0.256699 0.150000
v -0.714645 0.264645 0.150000
v -0.706699 0.275000 0.150000
v -0.701704 0.287059 0.150000
v -0.700000 0.300000 0.150000
v -0.701704 0.312941 0.150000
v -0.706699 0.325000 0.150000
v -0.714645 0.335355 0.150000
v -0.725000 0.343301 0.150000
v -0.737059 0.348296 0.150000
v -0.750000 0.350000 0.150000
v -0.762941 0.348296 0.150000
v -0.775000 0.343301 0.150000
v -0.785355 0.335355 0.150000
v -0.793301 0.325000 0.150000
v -0.798296 0.312941 0.150000
v -0.050000 -0.750000 0.150000
v -0.048296 -0.762941 0.150000
v -0.043301 -0.775000 0.150000
v -0.035355 -0.785355 0.150000
v -0.025000 -0.793301 0.150000
v -0.012941 -0.798296 0.150000
v -0.000000 -0.800000 0.150000
v 0.012941 -0.798296 0.150000
v 0.025000 -0.793301 0.150000
v 0.035355 -0.785355 0.150000
v 0.043301 -0.775000 0.150000
v 0.048296 -0.762941 0.150000
v 0.050000 -0.750000 0.150000
v 0.048296 -0.737059 0.150000
v 0.043301 -0.725000 0.150000
v 0.035355 -0.714645 0.150000
v 0.025000 -0.706699 0.150000
v 0.012941 -0.701704 0.150000
v -0.000000 -0.700000 0.150000
v -0.012941 -0.701704 0.150000
v -0.025000 -0.706699 0.150000
v -0.035355 -0.714645 0.150000
v -0.043301 -0.725000 0.150000
v -0.048296 -0.737059 0.150000
v -0.350000 0.750000 0.150000
v -0.348296 0.737059 0.150000
v -0.343301 0.725000 0.150000
v -0.335355 0.714645 0.150000
v -0.325000 0.706699 0.150000
v -0.312941 0.701704 0.150000
v -0.300000 0.700000 0.150000
v -0.287059 0.701704 0.150000
v -0.275000 0.706699 0.150000
v -0.264645 0.714645 0.150000
v -0.256699 0.725000 0.150000
v -0.251704 0.737059 0.150000
v -0.250000 0.750000 0.150000
v -0.251704 0.762941 0.150000
v -0.256699 0.775000 0.150000
v -0.264645 0.785355 0.150000
v -0.275000 0.793301 0.150000
v -0.287059 0.798296 0.150000
v -0.300000 0.800000 0.150000
v -0.312941 0.798296 0.150000
v -0.325000 0.793301 0.150000
v -0.335355 0.785355 0.150000
v -0.343301 0.775000 0.150000
v -0.348296 0.762941 0.150000
v 0.700000 -0.300000 0.150000
v 0.701704 -0.312941 0.150000
v 0.706699 -0.325000 0.150000
v 0.714645 -0.335355 0.150000
v 0.725000 -0.343301 0.150000
v 0.737059 -0.348296 0.150000
v 0.750000 -0.350000 0.150000
v 0.762941 -0.348296 0.150000
v 0.775000 -0.343301 0.150000
v 0.785355 -0.335355 0.150000
v 0.793301 -0.325000 0.150000
v 0.798296 -0.312941 0.150000
v 0.800000 -0.300000 0.150000
v 0.798296 -0.287059 0.150000
v 0.793301 -0.275000 0.150000
v 0.785355 -0.264645 0.150000
v 0.775000 -0.256699 0.150000
v 0.762941 -0.251704 0.150000
v 0.750000 -0.250000 0.150000
v 0.737059 -0.251704 0.150000
v 0.725000 -0.256699 0.150000
v 0.714645 -0.264645 0.150000
v 0.706699 -0.275000 0.150000
v 0.701704 -0.287059 0.150000
v -0.800000 -0.300000 0.150000
v -0.798296 -0.312941 0.150000
v -0.793301 -0.325000 0.150000
v -0.785355 -0.335355 0.150000
v -0.775000 -0.343301 0.150000
v -0.762941 -0.348296 0.150000
v -0.750000 -0.350000 0.150000
v -0.737059 -0.348296 0.150000
v -0.725000 -0.343301 0.150000
v -0.714645 -0.335355 0.150000
v -0.706699 -0.325000 0.150000
v -0.701704 -0.312941 0.150000
v -0.700000 -0.300000 0.150000
v -0.701704 -0.287059 0.150000
v -0.706699 -0.275000 0.150000
v -0.714645 -0.264645 0.150000
v -0.725000 -0.256699 0.150000
v -0.737059 -0.251704 0.150000
v -0.750000 -0.250000 0.150000
v -0.762941 -0.251704 0.150000
v -0.775000 -0.256699 0.150000
v -0.785355 -0.264645 0.150000
v -0.793301 -0.275000 0.150000
v -0.798296 -0.287059 0.150000
v -0.050000 0.750000 0.150000
v -0.048296 0.737059 0.150000
v -0.043301 0.725000 0.150000
v -0.035355 0.714645 0.150000
v -0.025000 0.706699 0.150000
v -0.012941 0.701704 0.150000
v 0.000000 0.700000 0.150000
v 0.012941 0.701704 0.150000
v 0.025000 0.706699 0.150000
v 0.035355 0.714645 0.150000
v 0.043301 0.725000 0.150000
v 0.048296 0.737059 0.150000
v 0.050000 0.750000 0.150000
v 0.048296 0.762941 0.150000
v 0.043301 0.775000 0.150000
v 0.035355 0.785355 0.150000
v 0.025000 0.793301 0.150000
v 0.012941 0.798296 0.150000
v 0.000000 0.800000 0.150000
v -0.012941 0.798296 0.150000
v -0.025000 0.793301 0.150000
v -0.035355 0.785355 0.150000
v -0.043301 0.775000 0.150000
v -0.048296 0.762941 0.150000
v -0.800000 -0.000000 0.150000
v -0.798296 -0.012941 0.150000
v -0.793301 -0.025000 0.150000
v -0.785355 -0.035355 0.150000
v -0.775000 -0.043301 0.150000
v -0.762941 -0.048296 0.150000
v -0.750000 -0.050000 0.150000
v -0.737059 -0.048296 0.150000
v -0.725000 -0.043301 0.150000
v -0.714645 -0.035355 0.150000
v -0.706699 -0.025000 0.150000
v -0.701704 -0.012941 0.150000
v -0.700000 -0.000000 0.150000
v -0.701704 0.012941 0.150000
v -0.706699 0.025000 0.150000
v -0.714645 0.035355 0.150000
v -0.725000 0.043301 0.150000
v -0.737059 0.048296 0.150000
v -0.750000 0.050000 0.150000
v -0.762941 0.048296 0.150000
v -0.775000 0.043301 0.150000
v -0.785355 0.035355 0.150000
v -0.793301 0.025000 0.150000
v -0.798296 0.012941 0.150000
v 0.700000 0.300000 0.150000
v 0.701704 0.287059 0.150000
v 0.706699 0.275000 0.150000
v 0.714645 0.264645 0.150000
v 0.725000 0.256699 0.150000
v 0.737059 0.251704 0.150000
v 0.750000 0.250000 0.150000
v 0.762941 0.251704 0.150000
v 0.775000 0.256699 0.150000
v 0.785355 0.264645 0.150000
v 0.793301 0.275000 0.150000
v 0.798296 0.287059 0.150000
v 0.800000 0.300000 0.150000
v 0.798296 0.312941 0.150000
v 0.793301 0.325000 0.150000
v 0.785355 0.335355 0.150000
v 0.775000 0.343301 0.150000
v 0.762941 0.348296 0.150000
v 0.750000 0.350000 0.150000
v 0.737059 0.348296 0.150000
v 0.725000 0.343301 0.150000
v 0.714645 0.335355 0.150000
v 0.706699 0.325000 0.150000
v 0.701704 0.312941 0.150000
v 0.250000 0.750000 0.150000
v 0.251704 0.737059 0.150000
v 0.256699 0.725000 0.150000
v 0.264645 0.714645 0.150000
v 0.275000 0.706699 0.150000
v 0.287059 0.701704 0.150000
v 0.300000 0.700000 0.150000
v 0.312941 0.701704 0.150000
v 0.325000 0.706699 0.150000
v 0.335355 0.714645 0.150000
v 0.343301 0.725000 0.150000
v 0.348296 0.737059 0.150000
v 0.350000 0.750000 0.150000
v 0.348296 0.762941 0.150000
v 0.343301 0.775000 0.150000
v 0.335355 0.785355 0.150000
v 0.325000 0.793301 0.150000
v 0.312941 0.798296 0.150000
v 0.300000 0.800000 0.150000
v 0.287059 0.798296 0.150000
v 0.275000 0.793301 0.150000
v 0.264645 0.785355 0.150000
v 0.256699 0.775000 0.150000
v 0.251704 0.762941 0.150000
v 0.700000 -0.000000 0.150000
v 0.701704 -0.012941 0.150000
v 0.706699 -0.025000 0.150000
v 0.714645 -0.035355 0.150000
v 0.725000 -0.043301 0.150000
v 0.737059 -0.048296 0.150000
v 0.750000 -0.050000 0.150000
v 0.762941 -0.048296 0.150000
v 0.775000 -0.043301 0.150000
v 0.785355 -0.035355 0.150000
v 0.793301 -0.025000 0.150000
v 0.798296 -0.012941 0.150000
v 0.800000 -0.000000 0.150000
v 0.798296 0.012941 0.150000
v 0.793301 0.025000 0.150000
v 0.785355 0.035355 0.150000
v 0.775000 0.043301 0.150000
v 0.762941 0.048296 0.150000
v 0.750000 0.050000 0.150000
v 0.737059 0.048296 0.150000
v 0.725000 0.043301 0.150000
v 0.714645 0.035355 0.150000
v 0.706699 0.025000 0.150000
v 0.701704 0.012941 0.150000
v -1.050000 -0.000000 0.150000
v -1.038272 0.156494 0.150000
v -1.003351 0.309493 0.150000
v -0.946017 0.455578 0.150000
v -0.867551 0.591486 0.150000
v -0.769704 0.714181 0.150000
v -0.654664 0.820923 0.150000
v -0.525000 0.909327 0.150000
v -0.383608 0.977417 0.150000
v -0.233647 1.023674 0.150000
v -0.078467 1.047064 0.150000
v 0.078467 1.047064 0.150000
v 0.233647 1.023674 0.150000
v 0.383608 0.977417 0.150000
v 0.525000 0.909327 0.150000
v 0.654664 0.820923 0.150000
v 0.769704 0.714181 0.150000
v 0.867551 0.591486 0.150000
v 0.946017 0.455578 0.150000
v 1.003351 0.309493 0.150000
v 1.038272 0.156494 0.150000
v 1.050000 0.000000 0.150000
v 1.038272 -0.156494 0.150000
v 1.003351 -0.309493 0.150000
v 0.946017 -0.455578 0.150000
v 0.867551 -0.591486 0.150000
v 0.769704 -0.714181 0.150000
v 0.654664 -0.820923 0.150000
v 0.525000 -0.909327 0.150000
v 0.383608 -0.977417 0.150000
v 0.233647 -1.023674 0.150000
v 0.078467 -1.047064 0.150000
v -0.078467 -1.047064 0.150000
v -0.233647 -1.023674 0.150000
v -0.383608 -0.977417 0.150000
v -0.525000 -0.909327 0.150000
v -0.654664 -0.820923 0.150000
v -0.769704 -0.714181 0.150000
v -0.867551 -0.591486 0.150000
v -0.946017 -0.455578 0.150000
v -1.003351 -0.309493 0.150000
v -1.038272 -0.156494 0.150000
vt -0.475000 1.007928 0.000000
vt -0.150000 1.007928 0.000000
vt -0.475000 1.099557 0.000000
vt -0.150000 1.099557 0.000000
vt -0.475000 -1.099557 0.000000
vt -0.150000 -1.099557 0.000000
vt -0.475000 -1.007928 0.000000
vt -0.150000 -1.007928 0.000000
vt -0.475000 -0.916298 0.000000
vt -0.150000 -0.916298 0.000000
vt -0.475000 -0.824668 0.000000
vt -0.150000 -0.824668 0.000000
vt -0.475000 -0.733038 0.000000
vt -0.150000 -0.733038 0.000000
vt -0.475000 -0.641408 0.000000
vt -0.150000 -0.641408 0.000000
vt -0.475000 -0.549779 0.000000
vt -0.150000 -0.549779 0.000000
vt -0.475000 -0.458149 0.000000
vt -0.150000 -0.458149 0.000000
vt -0.475000 -0.366519 0.000000
vt -0.150000 -0.366519 0.000000
vt -0.475000 -0.274889 0.000000
vt -0.150000 -0.274889 0.000000
vt -0.475000 -0.183260 0.000000
vt -0.150000 -0.183260 0.000000
vt -0.475000 -0.091630 0.000000
vt -0.150000 -0.091630 0.000000
vt -0.475000 0.000000 0.000000
vt -0.150000 0.000000 0.000000
vt -0.475000 0.091630 0.000000
vt -0.150000 0.091630 0.000000
vt -0.475000 0.183260 0.000000
vt -0.150000 0.183260 0.000000
vt -0.475000 0.274889 0.000000
vt -0.150000 0.274889 0.000000
vt -0.475000 0.366519 0.000000
vt -0.150000 0.366519 0.000000
vt -0.475000 0.458149 0.000000
vt -0.150000 0.458149 0.000000
vt -0.475000 0.549779 0.000000
vt -0.150000 0.549779 0.000000
vt -0.475000 0.641408 0.000000
vt -0.150000 0.641408 0.000000
vt -0.475000 0.733038 0.000000
vt -0.150000 0.733038 0.000000
vt -0.475000 0.824668 0.000000
vt -0.150000 0.824668 0.000000
vt -0.475000 0.916298 0.000000
vt -0.150000 0.916298 0.000000
vt 0.475000 -0.827941 0.000000
vt 0.150000 -0.827941 0.000000
vt 0.475000 -0.903208 0.000000
vt 0.150000 -0.903208 0.000000
vt 0.475000 0.903208 0.000000
vt 0.150000 0.903208 0.000000
vt 0.475000 0.827941 0.000000
vt 0.150000 0.827941 0.000000
vt 0.475000 0.752673 0.000000
vt 0.150000 0.752673 0.000000
vt 0.475000 0.677406 0.000000
vt 0.150000 0.677406 0.000000
vt 0.475000 0.602139 0.000000
vt 0.150000 0.602139 0.000000
vt 0.475000 0.526871 0.000000
vt 0.150000 0.526871 0.000000
vt 0.475000 0.451604 0.000000
vt 0.150000 0.451604 0.000000
vt 0.475000 0.376337 0.000000
vt 0.150000 0.376337 0.000000
vt 0.475000 0.301069 0.000000
vt 0.150000 0.301069 0.000000
vt 0.475000 0.225802 0.000000
vt 0.150000 0.225802 0.000000
vt 0.475000 0.150535 0.000000
vt 0.150000 0.150535 0.000000
vt 0.475000 0.075267 0.000000
vt 0.150000 0.075267 0.000000
vt 0.475000 0.000000 0.000000
vt 0.150000 0.000000 0.000000
vt 0.475000 -0.075267 0.000000
vt 0.150000 -0.075267 0.000000
vt 0.475000 -0.150535 0.000000
vt 0.150000 -0.150535 0.000000
vt 0.475000 -0.225802 0.000000
vt 0.150000 -0.225802 0.000000
vt 0.475000 -0.301069 0.000000
vt 0.150000 -0.301069 0.000000
vt 0.475000 -0.376337 0.000000
vt 0.150000 -0.376337 0.000000
vt 0.475000 -0.451604 0.000000
vt 0.150000 -0.451604 0.000000
vt 0.475000 -0.526871 0.000000
vt 0.150000 -0.526871 0.000000
vt 0.475000 -0.602139 0.000000
vt 0.150000 -0.602139 0.000000
vt 0.475000 -0.677406 0.000000
vt 0.150000 -0.677406 0.000000
vt 0.475000 -0.752673 0.000000
vt 0.150000 -0.752673 0.000000
vt -0.277704 -0.074410 0.000000
vt -0.287500 -0.000000 0.000000
vt -0.350000 -0.000000 0.000000
vt -0.277704 0.074410 0.000000
vt -0.338074 0.090587 0.000000
vt -0.248982 0.143750 0.000000
vt -0.303109 0.175000 0.000000
vt -0.203293 0.203293 0.000000
vt -0.247487 0.247487 0.000000
vt -0.143750 0.248982 0.000000
vt -0.175000 0.303109 0.000000
vt -0.074410 0.277704 0.000000
vt -0.090587 0.338074 0.000000
vt 0.000000 0.287500 0.000000
vt 0.000000 0.350000 0.000000
vt 0.090587 0.338074 0.000000
vt 0.074410 0.277704 0.000000
vt 0.175000 0.303109 0.000000
vt 0.143750 0.248982 0.000000
vt 0.247487 0.247487 0.000000
vt 0.203293 0.203293 0.000000
vt 0.303109 0.175000 0.000000
vt 0.248982 0.143750 0.000000
vt 0.338074 0.090587 0.000000
vt 0.277704 0.074410 0.000000
vt 0.350000 0.000000 0.000000
vt 0.287500 0.000000 0.000000
vt 0.338074 -0.090587 0.000000
vt 0.277704 -0.074410 0.000000
vt 0.248982 -0.143750 0.000000
vt 0.303109 -0.175000 0.000000
vt 0.203293 -0.203293 0.000000
vt 0.247487 -0.247487 0.000000
vt 0.143750 -0.248982 0.000000
vt 0.175000 -0.303109 0.000000
vt 0.074410 -0.277704 0.000000
vt 0.090587 -0.338074 0.000000
vt 0.000000 -0.287500 0.000000
vt 0.000000 -0.350000 0.000000
vt -0.090587 -0.338074 0.000000
vt -0.074410 -0.277704 0.000000
vt -0.175000 -0.303109 0.000000
vt -0.143750 -0.248982 0.000000
vt -0.247487 -0.247487 0.000000
vt -0.203293 -0.203293 0.000000
vt -0.303109 -0.175000 0.000000
vt -0.248982 -0.143750 0.000000
vt -0.338074 -0.090587 0.000000
vt 0.277704 -0.074410 0.000000
vt 0.338074 -0.090587 0.000000
vt 0.287500 -0.000000 0.000000
vt 0.350000 -0.000000 0.000000
vt 0.277704 0.074410 0.000000
vt 0.338074 0.090587 0.000000
vt 0.248982 0.143750 0.000000
vt 0.303109 0.175000 0.000000
vt 0.203293 0.203293 0.000000
vt 0.247487 0.247487 0.000000
vt 0.143750 0.248982 0.000000
vt 0.175000 0.303109 0.000000
vt 0.074410 0.277704 0.000000
vt 0.090587 0.338074 0.000000
vt -0.000000 0.287500 0.000000
vt -0.000000 0.350000 0.000000
vt -0.090587 0.338074 0.000000
vt 0.248982 -0.143750 0.000000
vt 0.303109 -0.175000 0.000000
vt 0.203293 -0.203293 0.000000
vt 0.247487 -0.247487 0.000000
vt 0.143750 -0.248982 0.000000
vt 0.175000 -0.303109 0.000000
vt 0.074410 -0.277704 0.000000
vt 0.090587 -0.338074 0.000000
vt -0.000000 -0.287500 0.000000
vt -0.000000 -0.350000 0.000000
vt -0.090587 -0.338074 0.000000
vt -0.074410 -0.277704 0.000000
vt -0.175000 -0.303109 0.000000
vt -0.143750 -0.248982 0.000000
vt -0.247487 -0.247487 0.000000
vt -0.203293 -0.203293 0.000000
vt -0.303109 -0.175000 0.000000
vt -0.248982 -0.143750 0.000000
vt -0.338074 -0.090587 0.000000
vt -0.277704 -0.074410 0.000000
vt -0.350000 0.000000 0.000000
vt -0.287500 0.000000 0.000000
vt -0.277704 0.074410 0.000000
vt -0.338074 0.090587 0.000000
vt -0.248982 0.143750 0.000000
vt -0.303109 0.175000 0.000000
vt -0.203293 0.203293 0.000000
vt -0.247487 0.247487 0.000000
vt -0.143750 0.248982 0.000000
vt -0.175000 0.303109 0.000000
vt -0.074410 0.277704 0.000000
vt 0.130000 -0.431969 0.000000
vt 0.000000 -0.431969 0.000000
vt 0.130000 -0.471239 0.000000
vt 0.000000 -0.471239 0.000000
vt 0.130000 0.471239 0.000000
vt 0.000000 0.471239 0.000000
vt 0.130000 0.431969 0.000000
vt 0.000000 0.431969 0.000000
vt 0.130000 0.392699 0.000000
vt 0.000000 0.392699 0.000000
vt 0.130000 0.353429 0.000000
vt 0.000000 0.353429 0.000000
vt 0.130000 0.314159 0.000000
vt 0.000000 0.314159 0.000000
vt 0.130000 0.274889 0.000000
vt -0.000000 0.274889 0.000000
vt 0.130000 0.235619 0.000000
vt 0.000000 0.235619 0.000000
vt 0.130000 0.196350 0.000000
vt -0.000000 0.196350 0.000000
vt 0.130000 0.157080 0.000000
vt 0.000000 0.157080 0.000000
vt 0.130000 0.117810 0.000000
vt -0.000000 0.117810 0.000000
vt 0.130000 0.078540 0.000000
vt 0.000000 0.078540 0.000000
vt 0.130000 0.039270 0.000000
vt 0.000000 0.039270 0.000000
vt 0.130000 0.000000 0.000000
vt 0.000000 0.000000 0.000000
vt 0.130000 -0.039270 0.000000
vt 0.000000 -0.039270 0.000000
vt 0.130000 -0.078540 0.000000
vt 0.000000 -0.078540 0.000000
vt 0.130000 -0.117810 0.000000
vt 0.000000 -0.117810 0.000000
vt 0.130000 -0.157080 0.000000
vt 0.000000 -0.157080 0.000000
vt 0.130000 -0.196350 0.000000
vt 0.000000 -0.196350 0.000000
vt 0.130000 -0.235619 0.000000
vt 0.000000 -0.235619 0.000000
vt 0.130000 -0.274889 0.000000
vt 0.000000 -0.274889 0.000000
vt 0.130000 -0.314159 0.000000
vt 0.000000 -0.314159 0.000000
vt 0.130000 -0.353429 0.000000
vt 0.000000 -0.353429 0.000000
vt 0.130000 -0.392699 0.000000
vt 0.000000 -0.392699 0.000000
vt -0.144889 -0.038823 0.000000
vt -0.150000 -0.000000 0.000000
vt -0.237500 -0.000000 0.000000
vt -0.144889 0.038823 0.000000
vt -0.229407 0.061470 0.000000
vt -0.129904 0.075000 0.000000
vt -0.205681 0.118750 0.000000
vt -0.106066 0.106066 0.000000
vt -0.167938 0.167938 0.000000
vt -0.075000 0.129904 0.000000
vt -0.118750 0.205681 0.000000
vt -0.038823 0.144889 0.000000
vt -0.061470 0.229407 0.000000
vt 0.000000 0.150000 0.000000
vt 0.000000 0.237500 0.000000
vt 0.061470 0.229407 0.000000
vt 0.038823 0.144889 0.000000
vt 0.118750 0.205681 0.000000
vt 0.075000 0.129904 0.000000
vt 0.167938 0.167938 0.000000
vt 0.106066 0.106066 0.000000
vt 0.205681 0.118750 0.000000
vt 0.129904 0.075000 0.000000
vt 0.229407 0.061470 0.000000
vt 0.144889 0.038823 0.000000
vt 0.237500 0.000000 0.000000
vt 0.150000 0.000000 0.000000
vt 0.229407 -0.061470 0.000000
vt 0.144889 -0.038823 0.000000
vt 0.129904 -0.075000 0.000000
vt 0.205681 -0.118750 0.000000
vt 0.106066 -0.106066 0.000000
vt 0.167938 -0.167938 0.000000
vt 0.075000 -0.129904 0.000000
vt 0.118750 -0.205681 0.000000
vt 0.038823 -0.144889 0.000000
vt 0.061470 -0.229407 0.000000
vt 0.000000 -0.150000 0.000000
vt 0.000000 -0.237500 0.000000
vt -0.061470 -0.229407 0.000000
vt -0.038823 -0.144889 0.000000
vt -0.118750 -0.205681 0.000000
vt -0.075000 -0.129904 0.000000
vt -0.167938 -0.167938 0.000000
vt -0.106066 -0.106066 0.000000
vt -0.205681 -0.118750 0.000000
vt -0.129904 -0.075000 0.000000
vt -0.229407 -0.061470 0.000000
vt 0.144889 -0.038823 0.000000
vt 0.229407 -0.061470 0.000000
vt 0.150000 -0.000000 0.000000
vt 0.237500 -0.000000 0.000000
vt 0.144889 0.038823 0.000000
vt 0.229407 0.061470 0.000000
vt 0.129904 0.075000 0.000000
vt 0.205681 0.118750 0.000000
vt 0.106066 0.106066 0.000000
vt 0.167938 0.167938 0.000000
vt 0.075000 0.129904 0.000000
vt 0.118750 0.205681 0.000000
vt 0.038823 0.144889 0.000000
vt 0.061470 0.229407 0.000000
vt -0.000000 0.150000 0.000000
vt -0.000000 0.237500 0.000000
vt -0.061470 0.229407 0.000000
vt 0.129904 -0.075000 0.000000
vt 0.205681 -0.118750 0.000000
vt 0.106066 -0.106066 0.000000
vt 0.167938 -0.167938 0.000000
vt 0.075000 -0.129904 0.000000
vt 0.118750 -0.205681 0.000000
vt 0.038823 -0.144889 0.000000
vt 0.061470 -0.229407 0.000000
vt -0.000000 -0.150000 0.000000
vt -0.000000 -0.237500 0.000000
vt -0.061470 -0.229407 0.000000
vt -0.038823 -0.144889 0.000000
vt -0.118750 -0.205681 0.000000
vt -0.075000 -0.129904 0.000000
vt -0.167938 -0.167938 0.000000
vt -0.106066 -0.106066 0.000000
vt -0.205681 -0.118750 0.000000
vt -0.129904 -0.075000 0.000000
vt -0.229407 -0.061470 0.000000
vt -0.144889 -0.038823 0.000000
vt -0.237500 0.000000 0.000000
vt -0.150000 0.000000 0.000000
vt -0.144889 0.038823 0.000000
vt -0.229407 0.061470 0.000000
vt -0.129904 0.075000 0.000000
vt -0.205681 0.118750 0.000000
vt -0.106066 0.106066 0.000000
vt -0.167938 0.167938 0.000000
vt -0.075000 0.129904 0.000000
vt -0.118750 0.205681 0.000000
vt -0.038823 0.144889 0.000000
vt -0.100000 0.683951 0.000000
vt 0.000000 0.683951 0.000000
vt -0.100000 0.746128 0.000000
vt 0.000000 0.746128 0.000000
vt -0.100000 -0.746128 0.000000
vt 0.000000 -0.746128 0.000000
vt -0.100000 -0.683951 0.000000
vt 0.000000 -0.683951 0.000000
vt -0.100000 -0.621774 0.000000
vt 0.000000 -0.621774 0.000000
vt -0.100000 -0.559596 0.000000
vt 0.000000 -0.559596 0.000000
vt -0.100000 -0.497419 0.000000
vt 0.000000 -0.497419 0.000000
vt -0.100000 -0.435241 0.000000
vt -0.000000 -0.435241 0.000000
vt -0.100000 -0.373064 0.000000
vt 0.000000 -0.373064 0.000000
vt -0.100000 -0.310887 0.000000
vt 0.000000 -0.310887 0.000000
vt -0.100000 -0.248709 0.000000
vt 0.000000 -0.248709 0.000000
vt -0.100000 -0.186532 0.000000
vt 0.000000 -0.186532 0.000000
vt -0.100000 -0.124355 0.000000
vt 0.000000 -0.124355 0.000000
vt -0.100000 -0.062177 0.000000
vt 0.000000 -0.062177 0.000000
vt -0.100000 0.000000 0.000000
vt 0.000000 0.000000 0.000000
vt -0.100000 0.062177 0.000000
vt 0.000000 0.062177 0.000000
vt -0.100000 0.124355 0.000000
vt 0.000000 0.124355 0.000000
vt -0.100000 0.186532 0.000000
vt 0.000000 0.186532 0.000000
vt -0.100000 0.248709 0.000000
vt 0.000000 0.248709 0.000000
vt -0.100000 0.310887 0.000000
vt 0.000000 0.310887 0.000000
vt -0.100000 0.373064 0.000000
vt 0.000000 0.373064 0.000000
vt -0.100000 0.435241 0.000000
vt 0.000000 0.435241 0.000000
vt -0.100000 0.497419 0.000000
vt 0.000000 0.497419 0.000000
vt -0.100000 0.559596 0.000000
vt 0.000000 0.559596 0.000000
vt -0.100000 0.621774 0.000000
vt 0.000000 0.621774 0.000000
vt 0.229407 -0.061470 0.000000
vt 0.277704 -0.074410 0.000000
vt 0.237500 -0.000000 0.000000
vt 0.287500 -0.000000 0.000000
vt 0.229407 0.061470 0.000000
vt 0.277704 0.074410 0.000000
vt 0.205681 0.118750 0.000000
vt 0.248982 0.143750 0.000000
vt 0.167938 0.167938 0.000000
vt 0.203293 0.203293 0.000000
vt 0.118750 0.205681 0.000000
vt 0.143750 0.248982 0.000000
vt 0.061470 0.229407 0.000000
vt 0.074410 0.277704 0.000000
vt -0.000000 0.237500 0.000000
vt -0.000000 0.287500 0.000000
vt -0.074410 0.277704 0.000000
vt 0.205681 -0.118750 0.000000
vt 0.248982 -0.143750 0.000000
vt 0.167938 -0.167938 0.000000
vt 0.203293 -0.203293 0.000000
vt 0.118750 -0.205681 0.000000
vt 0.143750 -0.248982 0.000000
vt 0.061470 -0.229407 0.000000
vt 0.074410 -0.277704 0.000000
vt -0.000000 -0.237500 0.000000
vt -0.000000 -0.287500 0.000000
vt -0.074410 -0.277704 0.000000
vt -0.061470 -0.229407 0.000000
vt -0.143750 -0.248982 0.000000
vt -0.118750 -0.205681 0.000000
vt -0.203293 -0.203293 0.000000
vt -0.167938 -0.167938 0.000000
vt -0.248982 -0.143750 0.000000
vt -0.205681 -0.118750 0.000000
vt -0.277704 -0.074410 0.000000
vt -0.229407 -0.061470 0.000000
vt -0.287500 0.000000 0.000000
vt -0.237500 0.000000 0.000000
vt -0.229407 0.061470 0.000000
vt -0.277704 0.074410 0.000000
vt -0.205681 0.118750 0.000000
vt -0.248982 0.143750 0.000000
vt -0.167938 0.167938 0.000000
vt -0.203293 0.203293 0.000000
vt -0.118750 0.205681 0.000000
vt -0.143750 0.248982 0.000000
vt -0.061470 0.229407 0.000000
vt 0.130000 0.683951 0.000000
vt 0.150000 0.683951 0.000000
vt 0.130000 0.746128 0.000000
vt 0.150000 0.746128 0.000000
vt 0.130000 -0.746128 0.000000
vt 0.150000 -0.746128 0.000000
vt 0.130000 -0.683951 0.000000
vt 0.150000 -0.683951 0.000000
vt 0.130000 -0.621774 0.000000
vt 0.150000 -0.621774 0.000000
vt 0.130000 -0.559596 0.000000
vt 0.150000 -0.559596 0.000000
vt 0.130000 -0.497419 0.000000
vt 0.150000 -0.497419 0.000000
vt 0.130000 -0.435241 0.000000
vt 0.150000 -0.435241 0.000000
vt 0.130000 -0.373064 0.000000
vt 0.150000 -0.373064 0.000000
vt 0.130000 -0.310887 0.000000
vt 0.150000 -0.310887 0.000000
vt 0.130000 -0.248709 0.000000
vt 0.150000 -0.248709 0.000000
vt 0.130000 -0.186532 0.000000
vt 0.150000 -0.186532 0.000000
vt 0.130000 -0.124355 0.000000
vt 0.150000 -0.124355 0.000000
vt 0.130000 -0.062177 0.000000
vt 0.150000 -0.062177 0.000000
vt 0.130000 0.000000 0.000000
vt 0.150000 0.000000 0.000000
vt 0.130000 0.062177 0.000000
vt 0.150000 0.062177 0.000000
vt 0.130000 0.124355 0.000000
vt 0.150000 0.124355 0.000000
vt 0.130000 0.186532 0.000000
vt 0.150000 0.186532 0.000000
vt 0.130000 0.248709 0.000000
vt 0.150000 0.248709 0.000000
vt 0.130000 0.310887 0.000000
vt 0.150000 0.310887 0.000000
vt 0.130000 0.373064 0.000000
vt 0.150000 0.373064 0.000000
vt 0.130000 0.435241 0.000000
vt 0.150000 0.435241 0.000000
vt 0.130000 0.497419 0.000000
vt 0.150000 0.497419 0.000000
vt 0.130000 0.559596 0.000000
vt 0.150000 0.559596 0.000000
vt 0.130000 0.621774 0.000000
vt 0.150000 0.621774 0.000000
vt -0.000000 0.827941 0.000000
vt 0.100000 0.827941 0.000000
vt -0.000000 0.903208 0.000000
vt 0.100000 0.903208 0.000000
vt -0.000000 -0.903208 0.000000
vt 0.100000 -0.903208 0.000000
vt -0.000000 -0.827941 0.000000
vt 0.100000 -0.827941 0.000000
vt -0.000000 -0.752673 0.000000
vt 0.100000 -0.752673 0.000000
vt -0.000000 -0.677406 0.000000
vt 0.100000 -0.677406 0.000000
vt -0.000000 -0.602139 0.000000
vt 0.100000 -0.602139 0.000000
vt -0.000000 -0.526871 0.000000
vt 0.100000 -0.526871 0.000000
vt -0.000000 -0.451604 0.000000
vt 0.100000 -0.451604 0.000000
vt -0.000000 -0.376337 0.000000
vt 0.100000 -0.376337 0.000000
vt -0.000000 -0.301069 0.000000
vt 0.100000 -0.301069 0.000000
vt -0.000000 -0.225802 0.000000
vt 0.100000 -0.225802 0.000000
vt -0.000000 -0.150535 0.000000
vt 0.100000 -0.150535 0.000000
vt -0.000000 -0.075267 0.000000
vt 0.100000 -0.075267 0.000000
vt -0.000000 0.000000 0.000000
vt 0.100000 0.000000 0.000000
vt -0.000000 0.075267 0.000000
vt 0.100000 0.075267 0.000000
vt -0.000000 0.150535 0.000000
vt 0.100000 0.150535 0.000000
vt -0.000000 0.225802 0.000000
vt 0.100000 0.225802 0.000000
vt -0.000000 0.301069 0.000000
vt 0.100000 0.301069 0.000000
vt -0.000000 0.376337 0.000000
vt 0.100000 0.376337 0.000000
vt -0.000000 0.451604 0.000000
vt 0.100000 0.451604 0.000000
vt -0.000000 0.526871 0.000000
vt 0.100000 0.526871 0.000000
vt -0.000000 0.602139 0.000000
vt 0.100000 0.602139 0.000000
vt -0.000000 0.677406 0.000000
vt 0.100000 0.677406 0.000000
vt -0.000000 0.752673 0.000000
vt 0.100000 0.752673 0.000000
vt -0.229407 -0.061470 0.000000
vt -0.237500 -0.000000 0.000000
vt -0.287500 -0.000000 0.000000
vt -0.229407 0.061470 0.000000
vt -0.277704 0.074410 0.000000
vt -0.205681 0.118750 0.000000
vt -0.248982 0.143750 0.000000
vt -0.167938 0.167938 0.000000
vt -0.203293 0.203293 0.000000
vt -0.118750 0.205681 0.000000
vt -0.143750 0.248982 0.000000
vt -0.061470 0.229407 0.000000
vt -0.074410 0.277704 0.000000
vt 0.000000 0.237500 0.000000
vt 0.000000 0.287500 0.000000
vt 0.074410 0.277704 0.000000
vt 0.061470 0.229407 0.000000
vt 0.143750 0.248982 0.000000
vt 0.118750 0.205681 0.000000
vt 0.203293 0.203293 0.000000
vt 0.167938 0.167938 0.000000
vt 0.248982 0.143750 0.000000
vt 0.205681 0.118750 0.000000
vt 0.277704 0.074410 0.000000
vt 0.229407 0.061470 0.000000
vt 0.287500 0.000000 0.000000
vt 0.237500 0.000000 0.000000
vt 0.277704 -0.074410 0.000000
vt 0.229407 -0.061470 0.000000
vt 0.205681 -0.118750 0.000000
vt 0.248982 -0.143750 0.000000
vt 0.167938 -0.167938 0.000000
vt 0.203293 -0.203293 0.000000
vt 0.118750 -0.205681 0.000000
vt 0.143750 -0.248982 0.000000
vt 0.061470 -0.229407 0.000000
vt 0.074410 -0.277704 0.000000
vt 0.000000 -0.237500 0.000000
vt 0.000000 -0.287500 0.000000
vt -0.074410 -0.277704 0.000000
vt -0.061470 -0.229407 0.000000
vt -0.143750 -0.248982 0.000000
vt -0.118750 -0.205681 0.000000
vt -0.203293 -0.203293 0.000000
vt -0.167938 -0.167938 0.000000
vt -0.248982 -0.143750 0.000000
vt -0.205681 -0.118750 0.000000
vt -0.277704 -0.074410 0.000000
vt -0.701704 0.012941 0.000000
vt -0.700000 -0.000000 0.000000
vt -0.350000 0.000000 0.000000
vt -0.701704 -0.012941 0.000000
vt -0.338074 -0.090587 0.000000
vt -0.706699 -0.025000 0.000000
vt -0.706699 -0.275000 0.000000
vt -0.714645 -0.035355 0.000000
vt -0.714645 -0.264645 0.000000
vt -0.725000 -0.043301 0.000000
vt -0.725000 -0.256699 0.000000
vt -0.737059 -0.048296 0.000000
vt -0.737059 -0.251704 0.000000
vt -0.750000 -0.050000 0.000000
vt -0.750000 -0.250000 0.000000
vt -0.762941 -0.251704 0.000000
vt -0.762941 -0.048296 0.000000
vt -0.775000 -0.043301 0.000000
vt -0.775000 -0.256699 0.000000
vt -0.785355 -0.035355 0.000000
vt -0.785355 -0.264645 0.000000
vt -1.038272 -0.156494 0.000000
vt -0.793301 -0.275000 0.000000
vt -1.003351 -0.309493 0.000000
vt -0.798296 -0.287059 0.000000
vt -0.800000 -0.300000 0.000000
vt -0.798296 -0.312941 0.000000
vt -0.946017 -0.455578 0.000000
vt -0.793301 -0.325000 0.000000
vt -0.785355 -0.335355 0.000000
vt -0.775000 -0.343301 0.000000
vt -0.762941 -0.348296 0.000000
vt -0.867551 -0.591486 0.000000
vt -0.750000 -0.350000 0.000000
vt -0.737059 -0.348296 0.000000
vt -0.769704 -0.714181 0.000000
vt -0.725000 -0.343301 0.000000
vt -0.714645 -0.335355 0.000000
vt -0.335355 -0.714645 0.000000
vt -0.325000 -0.706699 0.000000
vt -0.793301 -0.025000 0.000000
vt -0.798296 -0.012941 0.000000
vt -1.050000 0.000000 0.000000
vt -0.800000 -0.000000 0.000000
vt -0.798296 0.012941 0.000000
vt -1.038272 0.156494 0.000000
vt -0.793301 0.025000 0.000000
vt -0.785355 0.035355 0.000000
vt -0.785355 0.264645 0.000000
vt -0.775000 0.043301 0.000000
vt -0.775000 0.256699 0.000000
vt -0.762941 0.048296 0.000000
vt -0.762941 0.251704 0.000000
vt -0.750000 0.050000 0.000000
vt -0.750000 0.250000 0.000000
vt -0.737059 0.048296 0.000000
vt -0.737059 0.251704 0.000000
vt -0.725000 0.043301 0.000000
vt -0.725000 0.256699 0.000000
vt -0.714645 0.035355 0.000000
vt -0.714645 0.264645 0.000000
vt -0.706699 0.025000 0.000000
vt -0.706699 0.275000 0.000000
vt -0.338074 0.090587 0.000000
vt -0.701704 0.287059 0.000000
vt -0.303109 0.175000 0.000000
vt -0.700000 0.300000 0.000000
vt -0.701704 0.312941 0.000000
vt -0.247487 0.247487 0.000000
vt -0.706699 0.325000 0.000000
vt -0.325000 0.706699 0.000000
vt -0.714645 0.335355 0.000000
vt -0.335355 0.714645 0.000000
vt -0.769704 0.714181 0.000000
vt -0.343301 0.725000 0.000000
vt -0.654664 0.820923 0.000000
vt -0.348296 0.737059 0.000000
vt -0.350000 0.750000 0.000000
vt -0.251704 0.737059 0.000000
vt -0.048296 0.737059 0.000000
vt -0.250000 0.750000 0.000000
vt -0.050000 0.750000 0.000000
vt -0.251704 0.762941 0.000000
vt -0.048296 0.762941 0.000000
vt -0.256699 0.775000 0.000000
vt -0.043301 0.775000 0.000000
vt -0.264645 0.785355 0.000000
vt -0.035355 0.785355 0.000000
vt -0.233647 1.023674 0.000000
vt -0.078467 1.047064 0.000000
vt -0.025000 0.793301 0.000000
vt -0.012941 0.798296 0.000000
vt -0.043301 0.725000 0.000000
vt -0.256699 0.725000 0.000000
vt -0.035355 0.714645 0.000000
vt -0.264645 0.714645 0.000000
vt -0.025000 0.706699 0.000000
vt -0.275000 0.706699 0.000000
vt -0.090587 0.338074 0.000000
vt -0.287059 0.701704 0.000000
vt -0.175000 0.303109 0.000000
vt -0.300000 0.700000 0.000000
vt -0.312941 0.701704 0.000000
vt -0.525000 0.909327 0.000000
vt -0.348296 0.762941 0.000000
vt -0.343301 0.775000 0.000000
vt -0.335355 0.785355 0.000000
vt -0.383608 0.977417 0.000000
vt -0.325000 0.793301 0.000000
vt -0.312941 0.798296 0.000000
vt -0.300000 0.800000 0.000000
vt -0.287059 0.798296 0.000000
vt -0.275000 0.793301 0.000000
vt -0.793301 0.275000 0.000000
vt -1.003351 0.309493 0.000000
vt -0.798296 0.287059 0.000000
vt -0.800000 0.300000 0.000000
vt -0.798296 0.312941 0.000000
vt -0.946017 0.455578 0.000000
vt -0.793301 0.325000 0.000000
vt -0.785355 0.335355 0.000000
vt -0.775000 0.343301 0.000000
vt -0.762941 0.348296 0.000000
vt -0.867551 0.591486 0.000000
vt -0.750000 0.350000 0.000000
vt -0.737059 0.348296 0.000000
vt -0.725000 0.343301 0.000000
vt 0.798296 0.012941 0.000000
vt 0.800000 -0.000000 0.000000
vt 1.050000 -0.000000 0.000000
vt 0.798296 -0.012941 0.000000
vt 1.038272 -0.156494 0.000000
vt 0.793301 -0.025000 0.000000
vt 0.785355 -0.035355 0.000000
vt 0.775000 -0.043301 0.000000
vt 0.775000 -0.256699 0.000000
vt 0.785355 -0.264645 0.000000
vt 0.793301 -0.275000 0.000000
vt 1.003351 -0.309493 0.000000
vt 0.798296 -0.287059 0.000000
vt 0.800000 -0.300000 0.000000
vt 0.762941 -0.251704 0.000000
vt 0.762941 -0.048296 0.000000
vt 0.750000 -0.050000 0.000000
vt 0.737059 -0.048296 0.000000
vt 0.737059 -0.251704 0.000000
vt 0.750000 -0.250000 0.000000
vt 0.725000 -0.256699 0.000000
vt 0.725000 -0.043301 0.000000
vt 0.714645 -0.264645 0.000000
vt 0.714645 -0.035355 0.000000
vt 0.706699 -0.025000 0.000000
vt 0.701704 -0.012941 0.000000
vt 0.338074 -0.090587 0.000000
vt 0.706699 -0.275000 0.000000
vt 0.350000 -0.000000 0.000000
vt 0.700000 -0.000000 0.000000
vt 0.701704 0.012941 0.000000
vt 0.338074 0.090587 0.000000
vt 0.706699 0.025000 0.000000
vt 0.706699 0.275000 0.000000
vt 0.714645 0.035355 0.000000
vt 0.714645 0.264645 0.000000
vt 0.725000 0.256699 0.000000
vt 0.725000 0.043301 0.000000
vt 0.737059 0.251704 0.000000
vt 0.737059 0.048296 0.000000
vt 0.750000 0.250000 0.000000
vt 0.750000 0.050000 0.000000
vt 0.762941 0.251704 0.000000
vt 0.762941 0.048296 0.000000
vt 0.775000 0.256699 0.000000
vt 0.775000 0.043301 0.000000
vt 0.785355 0.264645 0.000000
vt 0.785355 0.035355 0.000000
vt 1.038272 0.156494 0.000000
vt 0.793301 0.025000 0.000000
vt 0.701704 -0.287059 0.000000
vt 0.303109 -0.175000 0.000000
vt 0.700000 -0.300000 0.000000
vt 0.701704 -0.312941 0.000000
vt 0.247487 -0.247487 0.000000
vt 0.706699 -0.325000 0.000000
vt 0.325000 -0.706699 0.000000
vt 0.714645 -0.335355 0.000000
vt 0.335355 -0.714645 0.000000
vt 0.769704 -0.714181 0.000000
vt 0.343301 -0.725000 0.000000
vt 0.654664 -0.820923 0.000000
vt 0.348296 -0.737059 0.000000
vt 0.350000 -0.750000 0.000000
vt 0.312941 -0.701704 0.000000
vt 0.175000 -0.303109 0.000000
vt 0.300000 -0.700000 0.000000
vt 0.287059 -0.701704 0.000000
vt 0.090587 -0.338074 0.000000
vt 0.275000 -0.706699 0.000000
vt 0.025000 -0.706699 0.000000
vt 0.264645 -0.714645 0.000000
vt 0.035355 -0.714645 0.000000
vt 0.256699 -0.725000 0.000000
vt 0.043301 -0.725000 0.000000
vt 0.251704 -0.737059 0.000000
vt 0.048296 -0.737059 0.000000
vt 0.250000 -0.750000 0.000000
vt 0.050000 -0.750000 0.000000
vt 0.251704 -0.762941 0.000000
vt 0.048296 -0.762941 0.000000
vt 0.256699 -0.775000 0.000000
vt 0.043301 -0.775000 0.000000
vt 0.264645 -0.785355 0.000000
vt 0.035355 -0.785355 0.000000
vt 0.233647 -1.023674 0.000000
vt 0.078467 -1.047064 0.000000
vt 0.025000 -0.793301 0.000000
vt 0.012941 -0.798296 0.000000
vt 0.012941 -0.701704 0.000000
vt -0.000000 -0.350000 0.000000
vt 0.000000 -0.700000 0.000000
vt -0.012941 -0.701704 0.000000
vt -0.090587 -0.338074 0.000000
vt -0.025000 -0.706699 0.000000
vt -0.275000 -0.706699 0.000000
vt -0.035355 -0.714645 0.000000
vt -0.264645 -0.714645 0.000000
vt -0.043301 -0.725000 0.000000
vt -0.256699 -0.725000 0.000000
vt -0.048296 -0.737059 0.000000
vt -0.251704 -0.737059 0.000000
vt -0.050000 -0.750000 0.000000
vt -0.250000 -0.750000 0.000000
vt -0.048296 -0.762941 0.000000
vt -0.251704 -0.762941 0.000000
vt -0.043301 -0.775000 0.000000
vt -0.256699 -0.775000 0.000000
vt -0.035355 -0.785355 0.000000
vt -0.264645 -0.785355 0.000000
vt -0.233647 -1.023674 0.000000
vt -0.275000 -0.793301 0.000000
vt -0.287059 -0.798296 0.000000
vt -0.287059 -0.701704 0.000000
vt -0.175000 -0.303109 0.000000
vt -0.300000 -0.700000 0.000000
vt -0.312941 -0.701704 0.000000
vt -0.247487 -0.247487 0.000000
vt -0.706699 -0.325000 0.000000
vt -0.701704 -0.312941 0.000000
vt -0.303109 -0.175000 0.000000
vt -0.700000 -0.300000 0.000000
vt -0.701704 -0.287059 0.000000
vt -0.012941 0.701704 0.000000
vt -0.000000 0.350000 0.000000
vt -0.000000 0.700000 0.000000
vt 0.012941 0.701704 0.000000
vt 0.090587 0.338074 0.000000
vt 0.025000 0.706699 0.000000
vt 0.275000 0.706699 0.000000
vt 0.035355 0.714645 0.000000
vt 0.264645 0.714645 0.000000
vt 0.043301 0.725000 0.000000
vt 0.256699 0.725000 0.000000
vt 0.048296 0.737059 0.000000
vt 0.251704 0.737059 0.000000
vt 0.050000 0.750000 0.000000
vt 0.250000 0.750000 0.000000
vt 0.048296 0.762941 0.000000
vt 0.251704 0.762941 0.000000
vt 0.043301 0.775000 0.000000
vt 0.256699 0.775000 0.000000
vt 0.035355 0.785355 0.000000
vt 0.264645 0.785355 0.000000
vt 0.233647 1.023674 0.000000
vt 0.275000 0.793301 0.000000
vt 0.287059 0.798296 0.000000
vt 0.287059 0.701704 0.000000
vt 0.175000 0.303109 0.000000
vt 0.300000 0.700000 0.000000
vt 0.312941 0.701704 0.000000
vt 0.247487 0.247487 0.000000
vt 0.325000 0.706699 0.000000
vt 0.706699 0.325000 0.000000
vt 0.714645 0.335355 0.000000
vt 0.701704 0.312941 0.000000
vt 0.303109 0.175000 0.000000
vt 0.700000 0.300000 0.000000
vt 0.701704 0.287059 0.000000
vt -0.000000 0.800000 0.000000
vt 0.078467 1.047064 0.000000
vt 0.012941 0.798296 0.000000
vt 0.025000 0.793301 0.000000
vt 0.798296 -0.312941 0.000000
vt 0.946017 -0.455578 0.000000
vt 0.793301 -0.325000 0.000000
vt 0.785355 -0.335355 0.000000
vt 0.775000 -0.343301 0.000000
vt 0.762941 -0.348296 0.000000
vt 0.867551 -0.591486 0.000000
vt 0.750000 -0.350000 0.000000
vt 0.737059 -0.348296 0.000000
vt 0.725000 -0.343301 0.000000
vt 0.348296 0.737059 0.000000
vt 0.654664 0.820923 0.000000
vt 0.350000 0.750000 0.000000
vt 0.525000 0.909327 0.000000
vt 0.348296 0.762941 0.000000
vt 0.343301 0.775000 0.000000
vt 0.335355 0.785355 0.000000
vt 0.383608 0.977417 0.000000
vt 0.325000 0.793301 0.000000
vt 0.312941 0.798296 0.000000
vt 0.300000 0.800000 0.000000
vt 0.343301 0.725000 0.000000
vt 0.769704 0.714181 0.000000
vt 0.335355 0.714645 0.000000
vt 0.000000 -0.800000 0.000000
vt -0.078467 -1.047064 0.000000
vt -0.012941 -0.798296 0.000000
vt -0.025000 -0.793301 0.000000
vt 0.798296 0.312941 0.000000
vt 0.800000 0.300000 0.000000
vt 1.003351 0.309493 0.000000
vt 0.798296 0.287059 0.000000
vt 0.793301 0.275000 0.000000
vt 0.725000 0.343301 0.000000
vt 0.737059 0.348296 0.000000
vt 0.867551 0.591486 0.000000
vt 0.750000 0.350000 0.000000
vt 0.762941 0.348296 0.000000
vt 0.946017 0.455578 0.000000
vt 0.775000 0.343301 0.000000
vt 0.785355 0.335355 0.000000
vt 0.793301 0.325000 0.000000
vt -0.300000 -0.800000 0.000000
vt -0.383608 -0.977417 0.000000
vt -0.312941 -0.798296 0.000000
vt -0.325000 -0.793301 0.000000
vt -0.335355 -0.785355 0.000000
vt -0.525000 -0.909327 0.000000
vt -0.343301 -0.775000 0.000000
vt -0.348296 -0.762941 0.000000
vt -0.350000 -0.750000 0.000000
vt -0.654664 -0.820923 0.000000
vt -0.348296 -0.737059 0.000000
vt -0.343301 -0.725000 0.000000
vt 0.525000 -0.909327 0.000000
vt 0.348296 -0.762941 0.000000
vt 0.343301 -0.775000 0.000000
vt 0.335355 -0.785355 0.000000
vt 0.383608 -0.977417 0.000000
vt 0.325000 -0.793301 0.000000
vt 0.312941 -0.798296 0.000000
vt 0.300000 -0.800000 0.000000
vt 0.287059 -0.798296 0.000000
vt 0.275000 -0.793301 0.000000
vt -0.100000 0.143990 0.000000
vt 0.150000 0.143990 0.000000
vt -0.100000 0.157080 0.000000
vt 0.150000 0.157080 0.000000
vt -0.100000 -0.157080 0.000000
vt 0.150000 -0.157080 0.000000
vt -0.100000 -0.143990 0.000000
vt 0.150000 -0.143990 0.000000
vt -0.100000 -0.130900 0.000000
vt 0.150000 -0.130900 0.000000
vt -0.100000 -0.117810 0.000000
vt 0.150000 -0.117810 0.000000
vt -0.100000 -0.104720 0.000000
vt 0.150000 -0.104720 0.000000
vt -0.100000 -0.091630 0.000000
vt 0.150000 -0.091630 0.000000
vt -0.100000 -0.078540 0.000000
vt 0.150000 -0.078540 0.000000
vt -0.100000 -0.065450 0.000000
vt 0.150000 -0.065450 0.000000
vt -0.100000 -0.052360 0.000000
vt 0.150000 -0.052360 0.000000
vt -0.100000 -0.039270 0.000000
vt 0.150000 -0.039270 0.000000
vt -0.100000 -0.026180 0.000000
vt 0.150000 -0.026180 0.000000
vt -0.100000 -0.013090 0.000000
vt 0.150000 -0.013090 0.000000
vt -0.100000 0.000000 0.000000
vt 0.150000 0.000000 0.000000
vt -0.100000 0.013090 0.000000
vt 0.150000 0.013090 0.000000
vt -0.100000 0.026180 0.000000
vt 0.150000 0.026180 0.000000
vt -0.100000 0.039270 0.000000
vt 0.150000 0.039270 0.000000
vt -0.100000 0.052360 0.000000
vt 0.150000 0.052360 0.000000
vt -0.100000 0.065450 0.000000
vt 0.150000 0.065450 0.000000
vt -0.100000 0.078540 0.000000
vt 0.150000 0.078540 0.000000
vt -0.100000 0.091630 0.000000
vt 0.150000 0.091630 0.000000
vt -0.100000 0.104720 0.000000
vt 0.150000 0.104720 0.000000
vt -0.100000 0.117810 0.000000
vt 0.150000 0.117810 0.000000
vt -0.100000 0.130900 0.000000
vt 0.150000 0.130900 0.000000
vt -0.100000 0.143990 0.000000
vt 0.150000 0.143990 0.000000
vt -0.100000 0.157080 0.000000
vt 0.150000 0.157080 0.000000
vt -0.100000 -0.157080 0.000000
vt 0.150000 -0.157080 0.000000
vt -0.100000 -0.143990 0.000000
vt 0.150000 -0.143990 0.000000
vt -0.100000 -0.130900 0.000000
vt 0.150000 -0.130900 0.000000
vt -0.100000 -0.117810 0.000000
vt 0.150000 -0.117810 0.000000
vt -0.100000 -0.104720 0.000000
vt 0.150000 -0.104720 0.000000
vt -0.100000 -0.091630 0.000000
vt 0.150000 -0.091630 0.000000
vt -0.100000 -0.078540 0.000000
vt 0.150000 -0.078540 0.000000
vt -0.100000 -0.065450 0.000000
vt 0.150000 -0.065450 0.000000
vt -0.100000 -0.052360 0.000000
vt 0.150000 -0.052360 0.000000
vt -0.100000 -0.039270 0.000000
vt 0.150000 -0.039270 0.000000
vt -0.100000 -0.026180 0.000000
vt 0.150000 -0.026180 0.000000
vt -0.100000 -0.013090 0.000000
vt 0.150000 -0.013090 0.000000
vt -0.100000 0.000000 0.000000
vt 0.150000 0.000000 0.000000
vt -0.100000 0.013090 0.000000
vt 0.150000 0.013090 0.000000
vt -0.100000 0.026180 0.000000
vt 0.150000 0.026180 0.000000
vt -0.100000 0.039270 0.000000
vt 0.150000 0.039270 0.000000
vt -0.100000 0.052360 0.000000
vt 0.150000 0.052360 0.000000
vt -0.100000 0.065450 0.000000
vt 0.150000 0.065450 0.000000
vt -0.100000 0.078540 0.000000
vt 0.150000 0.078540 0.000000
vt -0.100000 0.091630 0.000000
vt 0.150000 0.091630 0.000000
vt -0.100000 0.104720 0.000000
vt 0.150000 0.104720 0.000000
vt -0.100000 0.117810 0.000000
vt 0.150000 0.117810 0.000000
vt -0.100000 0.130900 0.000000
vt 0.150000 0.130900 0.000000
vt -0.100000 0.143990 0.000000
vt 0.150000 0.143990 0.000000
vt -0.100000 0.157080 0.000000
vt 0.150000 0.157080 0.000000
vt -0.100000 -0.157080 0.000000
vt 0.150000 -0.157080 0.000000
vt -0.100000 -0.143990 0.000000
vt 0.150000 -0.143990 0.000000
vt -0.100000 -0.130900 0.000000
vt 0.150000 -0.130900 0.000000
vt -0.100000 -0.117810 0.000000
vt 0.150000 -0.117810 0.000000
vt -0.100000 -0.104720 0.000000
vt 0.150000 -0.104720 0.000000
vt -0.100000 -0.091630 0.000000
vt 0.150000 -0.091630 0.000000
vt -0.100000 -0.078540 0.000000
vt 0.150000 -0.078540 0.000000
vt -0.100000 -0.065450 0.000000
vt 0.150000 -0.065450 0.000000
vt -0.100000 -0.052360 0.000000
vt 0.150000 -0.052360 0.000000
vt -0.100000 -0.039270 0.000000
vt 0.150000 -0.039270 0.000000
vt -0.100000 -0.026180 0.000000
vt 0.150000 -0.026180 0.000000
vt -0.100000 -0.013090 0.000000
vt 0.150000 -0.013090 0.000000
vt -0.100000 0.000000 0.000000
vt 0.150000 0.000000 0.000000
vt -0.100000 0.013090 0.000000
vt 0.150000 0.013090 0.000000
vt -0.100000 0.026180 0.000000
vt 0.150000 0.026180 0.000000
vt -0.100000 0.039270 0.000000
vt 0.150000 0.039270 0.000000
vt -0.100000 0.052360 0.000000
vt 0.150000 0.052360 0.000000
vt -0.100000 0.065450 0.000000
vt 0.150000 0.065450 0.000000
vt -0.100000 0.078540 0.000000
vt 0.150000 0.078540 0.000000
vt -0.100000 0.091630 0.000000
vt 0.150000 0.091630 0.000000
vt -0.100000 0.104720 0.000000
vt 0.150000 0.104720 0.000000
vt -0.100000 0.117810 0.000000
vt 0.150000 0.117810 0.000000
vt -0.100000 0.130900 0.000000
vt 0.150000 0.130900 0.000000
vt -0.100000 0.143990 0.000000
vt 0.150000 0.143990 0.000000
vt -0.100000 0.157080 0.000000
vt 0.150000 0.157080 0.000000
vt -0.100000 -0.157080 0.000000
vt 0.150000 -0.157080 0.000000
vt -0.100000 -0.143990 0.000000
vt 0.150000 -0.143990 0.000000
vt -0.100000 -0.130900 0.000000
vt 0.150000 -0.130900 0.000000
vt -0.100000 -0.117810 0.000000
vt 0.150000 -0.117810 0.000000
vt -0.100000 -0.104720 0.000000
vt 0.150000 -0.104720 0.000000
vt -0.100000 -0.091630 0.000000
vt 0.150000 -0.091630 0.000000
vt -0.100000 -0.078540 0.000000
vt 0.150000 -0.078540 0.000000
vt -0.100000 -0.065450 0.000000
vt 0.150000 -0.065450 0.000000
vt -0.100000 -0.052360 0.000000
vt 0.150000 -0.052360 0.000000
vt -0.100000 -0.039270 0.000000
vt 0.150000 -0.039270 0.000000
vt -0.100000 -0.026180 0.000000
vt 0.150000 -0.026180 0.000000
vt -0.100000 -0.013090 0.000000
vt 0.150000 -0.013090 0.000000
vt -0.100000 0.000000 0.000000
vt 0.150000 0.000000 0.000000
vt -0.100000 0.013090 0.000000
vt 0.150000 0.013090 0.000000
vt -0.100000 0.026180 0.000000
vt 0.150000 0.026180 0.000000
vt -0.100000 0.039270 0.000000
vt 0.150000 0.039270 0.000000
vt -0.100000 0.052360 0.000000
vt 0.150000 0.052360 0.000000
vt -0.100000 0.065450 0.000000
vt 0.150000 0.065450 0.000000
vt -0.100000 0.078540 0.000000
vt 0.150000 0.078540 0.000000
vt -0.100000 0.091630 0.000000
vt 0.150000 0.091630 0.000000
vt -0.100000 0.104720 0.000000
vt 0.150000 0.104720 0.000000
vt -0.100000 0.117810 0.000000
vt 0.150000 0.117810 0.000000
vt -0.100000 0.130900 0.000000
vt 0.150000 0.130900 0.000000
vt -0.100000 0.143990 0.000000
vt 0.150000 0.143990 0.000000
vt -0.100000 0.157080 0.000000
vt 0.150000 0.157080 0.000000
vt -0.100000 -0.157080 0.000000
vt 0.150000 -0.157080 0.000000
vt -0.100000 -0.143990 0.000000
vt 0.150000 -0.143990 0.000000
vt -0.100000 -0.130900 0.000000
vt 0.150000 -0.130900 0.000000
vt -0.100000 -0.117810 0.000000
vt 0.150000 -0.117810 0.000000
vt -0.100000 -0.104720 0.000000
vt 0.150000 -0.104720 0.000000
vt -0.100000 -0.091630 0.000000
vt 0.150000 -0.091630 0.000000
vt -0.100000 -0.078540 0.000000
vt 0.150000 -0.078540 0.000000
vt -0.100000 -0.065450 0.000000
vt 0.150000 -0.065450 0.000000
vt -0.100000 -0.052360 0.000000
vt 0.150000 -0.052360 0.000000
vt -0.100000 -0.039270 0.000000
vt 0.150000 -0.039270 0.000000
vt -0.100000 -0.026180 0.000000
vt 0.150000 -0.026180 0.000000
vt -0.100000 -0.013090 0.000000
vt 0.150000 -0.013090 0.000000
vt -0.100000 0.000000 0.000000
vt 0.150000 0.000000 0.000000
vt -0.100000 0.013090 0.000000
vt 0.150000 0.013090 0.000000
vt -0.100000 0.026180 0.000000
vt 0.150000 0.026180 0.000000
vt -0.100000 0.039270 0.000000
vt 0.150000 0.039270 0.000000
vt -0.100000 0.052360 0.000000
vt 0.150000 0.052360 0.000000
vt -0.100000 0.065450 0.000000
vt 0.150000 0.065450 0.000000
vt -0.100000 0.078540 0.000000
vt 0.150000 0.078540 0.000000
vt -0.100000 0.091630 0.000000
vt 0.150000 0.091630 0.000000
vt -0.100000 0.104720 0.000000
vt 0.150000 0.104720 0.000000
vt -0.100000 0.117810 0.000000
vt 0.150000 0.117810 0.000000
vt -0.100000 0.130900 0.000000
vt 0.150000 0.130900 0.000000
vt -0.100000 0.143990 0.000000
vt 0.150000 0.143990 0.000000
vt -0.100000 0.157080 0.000000
vt 0.150000 0.157080 0.000000
vt -0.100000 -0.157080 0.000000
vt 0.150000 -0.157080 0.000000
vt -0.100000 -0.143990 0.000000
vt 0.150000 -0.143990 0.000000
vt -0.100000 -0.130900 0.000000
vt 0.150000 -0.130900 0.000000
vt -0.100000 -0.117810 0.000000
vt 0.150000 -0.117810 0.000000
vt -0.100000 -0.104720 0.000000
vt 0.150000 -0.104720 0.000000
vt -0.100000 -0.091630 0.000000
vt 0.150000 -0.091630 0.000000
vt -0.100000 -0.078540 0.000000
vt 0.150000 -0.078540 0.000000
vt -0.100000 -0.065450 0.000000
vt 0.150000 -0.065450 0.000000
vt -0.100000 -0.052360 0.000000
vt 0.150000 -0.052360 0.000000
vt -0.100000 -0.039270 0.000000
vt 0.150000 -0.039270 0.000000
vt -0.100000 -0.026180 0.000000
vt 0.150000 -0.026180 0.000000
vt -0.100000 -0.013090 0.000000
vt 0.150000 -0.013090 0.000000
vt -0.100000 0.000000 0.000000
vt 0.150000 0.000000 0.000000
vt -0.100000 0.013090 0.000000
vt 0.150000 0.013090 0.000000
vt -0.100000 0.026180 0.000000
vt 0.150000 0.026180 0.000000
vt -0.100000 0.039270 0.000000
vt 0.150000 0.039270 0.000000
vt -0.100000 0.052360 0.000000
vt 0.150000 0.052360 0.000000
vt -0.100000 0.065450 0.000000
vt 0.150000 0.065450 0.000000
vt -0.100000 0.078540 0.000000
vt 0.150000 0.078540 0.000000
vt -0.100000 0.091630 0.000000
vt 0.150000 0.091630 0.000000
vt -0.100000 0.104720 0.000000
vt 0.150000 0.104720 0.000000
vt -0.100000 0.117810 0.000000
vt 0.150000 0.117810 0.000000
vt -0.100000 0.130900 0.000000
vt 0.150000 0.130900 0.000000
vt -0.100000 0.143990 0.000000
vt 0.150000 0.143990 0.000000
vt -0.100000 0.157080 0.000000
vt 0.150000 0.157080 0.000000
vt -0.100000 -0.157080 0.000000
vt 0.150000 -0.157080 0.000000
vt -0.100000 -0.143990 0.000000
vt 0.150000 -0.143990 0.000000
vt -0.100000 -0.130900 0.000000
vt 0.150000 -0.130900 0.000000
vt -0.100000 -0.117810 0.000000
vt 0.150000 -0.117810 0.000000
vt -0.100000 -0.104720 0.000000
vt 0.150000 -0.104720 0.000000
vt -0.100000 -0.091630 0.000000
vt 0.150000 -0.091630 0.000000
vt -0.100000 -0.078540 0.000000
vt 0.150000 -0.078540 0.000000
vt -0.100000 -0.065450 0.000000
vt 0.150000 -0.065450 0.000000
vt -0.100000 -0.052360 0.000000
vt 0.150000 -0.052360 0.000000
vt -0.100000 -0.039270 0.000000
vt 0.150000 -0.039270 0.000000
vt -0.100000 -0.026180 0.000000
vt 0.150000 -0.026180 0.000000
vt -0.100000 -0.013090 0.000000
vt 0.150000 -0.013090 0.000000
vt -0.100000 0.000000 0.000000
vt 0.150000 0.000000 0.000000
vt -0.100000 0.013090 0.000000
vt 0.150000 0.013090 0.000000
vt -0.100000 0.026180 0.000000
vt 0.150000 0.026180 0.000000
vt -0.100000 0.039270 0.000000
vt 0.150000 0.039270 0.000000
vt -0.100000 0.052360 0.000000
vt 0.150000 0.052360 0.000000
vt -0.100000 0.065450 0.000000
vt 0.150000 0.065450 0.000000
vt -0.100000 0.078540 0.000000
vt 0.150000 0.078540 0.000000
vt -0.100000 0.091630 0.000000
vt 0.150000 0.091630 0.000000
vt -0.100000 0.104720 0.000000
vt 0.150000 0.104720 0.000000
vt -0.100000 0.117810 0.000000
vt 0.150000 0.117810 0.000000
vt -0.100000 0.130900 0.000000
vt 0.150000 0.130900 0.000000
vt -0.100000 0.143990 0.000000
vt 0.150000 0.143990 0.000000
vt -0.100000 0.157080 0.000000
vt 0.150000 0.157080 0.000000
vt -0.100000 -0.157080 0.000000
vt 0.150000 -0.157080 0.000000
vt -0.100000 -0.143990 0.000000
vt 0.150000 -0.143990 0.000000
vt -0.100000 -0.130900 0.000000
vt 0.150000 -0.130900 0.000000
vt -0.100000 -0.117810 0.000000
vt 0.150000 -0.117810 0.000000
vt -0.100000 -0.104720 0.000000
vt 0.150000 -0.104720 0.000000
vt -0.100000 -0.091630 0.000000
vt 0.150000 -0.091630 0.000000
vt -0.100000 -0.078540 0.000000
vt 0.150000 -0.078540 0.000000
vt -0.100000 -0.065450 0.000000
vt 0.150000 -0.065450 0.000000
vt -0.100000 -0.052360 0.000000
vt 0.150000 -0.052360 0.000000
vt -0.100000 -0.039270 0.000000
vt 0.150000 -0.039270 0.000000
vt -0.100000 -0.026180 0.000000
vt 0.150000 -0.026180 0.000000
vt -0.100000 -0.013090 0.000000
vt 0.150000 -0.013090 0.000000
vt -0.100000 0.000000 0.000000
vt 0.150000 0.000000 0.000000
vt -0.100000 0.013090 0.000000
vt 0.150000 0.013090 0.000000
vt -0.100000 0.026180 0.000000
vt 0.150000 0.026180 0.000000
vt -0.100000 0.039270 0.000000
vt 0.150000 0.039270 0.000000
vt -0.100000 0.052360 0.000000
vt 0.150000 0.052360 0.000000
vt -0.100000 0.065450 0.000000
vt 0.150000 0.065450 0.000000
vt -0.100000 0.078540 0.000000
vt 0.150000 0.078540 0.000000
vt -0.100000 0.091630 0.000000
vt 0.150000 0.091630 0.000000
vt -0.100000 0.104720 0.000000
vt 0.150000 0.104720 0.000000
vt -0.100000 0.117810 0.000000
vt 0.150000 0.117810 0.000000
vt -0.100000 0.130900 0.000000
vt 0.150000 0.130900 0.000000
vt 0.000000 -1.007928 0.000000
vt -0.100000 -1.007928 0.000000
vt 0.000000 -1.099557 0.000000
vt -0.100000 -1.099557 0.000000
vt 0.000000 1.099557 0.000000
vt -0.100000 1.099557 0.000000
vt 0.000000 1.007928 0.000000
vt -0.100000 1.007928 0.000000
vt 0.000000 0.916298 0.000000
vt -0.100000 0.916298 0.000000
vt 0.000000 0.824668 0.000000
vt -0.100000 0.824668 0.000000
vt 0.000000 0.733038 0.000000
vt -0.100000 0.733038 0.000000
vt 0.000000 0.641408 0.000000
vt -0.100000 0.641408 0.000000
vt 0.000000 0.549779 0.000000
vt -0.100000 0.549779 0.000000
vt 0.000000 0.458149 0.000000
vt -0.100000 0.458149 0.000000
vt 0.000000 0.366519 0.000000
vt -0.100000 0.366519 0.000000
vt 0.000000 0.274889 0.000000
vt -0.100000 0.274889 0.000000
vt 0.000000 0.183260 0.000000
vt -0.100000 0.183260 0.000000
vt 0.000000 0.091630 0.000000
vt -0.100000 0.091630 0.000000
vt 0.000000 0.000000 0.000000
vt -0.100000 0.000000 0.000000
vt 0.000000 -0.091630 0.000000
vt -0.100000 -0.091630 0.000000
vt 0.000000 -0.183260 0.000000
vt -0.100000 -0.183260 0.000000
vt 0.000000 -0.274889 0.000000
vt -0.100000 -0.274889 0.000000
vt 0.000000 -0.366519 0.000000
vt -0.100000 -0.366519 0.000000
vt -0.000000 -0.458149 0.000000
vt -0.100000 -0.458149 0.000000
vt 0.000000 -0.549779 0.000000
vt -0.100000 -0.549779 0.000000
vt -0.000000 -0.641408 0.000000
vt -0.100000 -0.641408 0.000000
vt -0.000000 -0.733038 0.000000
vt -0.100000 -0.733038 0.000000
vt 0.000000 -0.824668 0.000000
vt -0.100000 -0.824668 0.000000
vt 0.000000 -0.916298 0.000000
vt -0.100000 -0.916298 0.000000
vt -0.100000 0.143990 0.000000
vt 0.150000 0.143990 0.000000
vt -0.100000 0.157080 0.000000
vt 0.150000 0.157080 0.000000
vt -0.100000 -0.157080 0.000000
vt 0.150000 -0.157080 0.000000
vt -0.100000 -0.143990 0.000000
vt 0.150000 -0.143990 0.000000
vt -0.100000 -0.130900 0.000000
vt 0.150000 -0.130900 0.000000
vt -0.100000 -0.117810 0.000000
vt 0.150000 -0.117810 0.000000
vt -0.100000 -0.104720 0.000000
vt 0.150000 -0.104720 0.000000
vt -0.100000 -0.091630 0.000000
vt 0.150000 -0.091630 0.000000
vt -0.100000 -0.078540 0.000000
vt 0.150000 -0.078540 0.000000
vt -0.100000 -0.065450 0.000000
vt 0.150000 -0.065450 0.000000
vt -0.100000 -0.052360 0.000000
vt 0.150000 -0.052360 0.000000
vt -0.100000 -0.039270 0.000000
vt 0.150000 -0.039270 0.000000
vt -0.100000 -0.026180 0.000000
vt 0.150000 -0.026180 0.000000
vt -0.100000 -0.013090 0.000000
vt 0.150000 -0.013090 0.000000
vt -0.100000 0.000000 0.000000
vt 0.150000 0.000000 0.000000
vt -0.100000 0.013090 0.000000
vt 0.150000 0.013090 0.000000
vt -0.100000 0.026180 0.000000
vt 0.150000 0.026180 0.000000
vt -0.100000 0.039270 0.000000
vt 0.150000 0.039270 0.000000
vt -0.100000 0.052360 0.000000
vt 0.150000 0.052360 0.000000
vt -0.100000 0.065450 0.000000
vt 0.150000 0.065450 0.000000
vt -0.100000 0.078540 0.000000
vt 0.150000 0.078540 0.000000
vt -0.100000 0.091630 0.000000
vt 0.150000 0.091630 0.000000
vt -0.100000 0.104720 0.000000
vt 0.150000 0.104720 0.000000
vt -0.100000 0.117810 0.000000
vt 0.150000 0.117810 0.000000
vt -0.100000 0.130900 0.000000
vt 0.150000 0.130900 0.000000
vt -0.100000 0.143990 0.000000
vt 0.150000 0.143990 0.000000
vt -0.100000 0.157080 0.000000
vt 0.150000 0.157080 0.000000
vt -0.100000 -0.157080 0.000000
vt 0.150000 -0.157080 0.000000
vt -0.100000 -0.143990 0.000000
vt 0.150000 -0.143990 0.000000
vt -0.100000 -0.130900 0.000000
vt 0.150000 -0.130900 0.000000
vt -0.100000 -0.117810 0.000000
vt 0.150000 -0.117810 0.000000
vt -0.100000 -0.104720 0.000000
vt 0.150000 -0.104720 0.000000
vt -0.100000 -0.091630 0.000000
vt 0.150000 -0.091630 0.000000
vt -0.100000 -0.078540 0.000000
vt 0.150000 -0.078540 0.000000
vt -0.100000 -0.065450 0.000000
vt 0.150000 -0.065450 0.000000
vt -0.100000 -0.052360 0.000000
vt 0.150000 -0.052360 0.000000
vt -0.100000 -0.039270 0.000000
vt 0.150000 -0.039270 0.000000
vt -0.100000 -0.026180 0.000000
vt 0.150000 -0.026180 0.000000
vt -0.100000 -0.013090 0.000000
vt 0.150000 -0.013090 0.000000
vt -0.100000 0.000000 0.000000
vt 0.150000 0.000000 0.000000
vt -0.100000 0.013090 0.000000
vt 0.150000 0.013090 0.000000
vt -0.100000 0.026180 0.000000
vt 0.150000 0.026180 0.000000
vt -0.100000 0.039270 0.000000
vt 0.150000 0.039270 0.000000
vt -0.100000 0.052360 0.000000
vt 0.150000 0.052360 0.000000
vt -0.100000 0.065450 0.000000
vt 0.150000 0.065450 0.000000
vt -0.100000 0.078540 0.000000
vt 0.150000 0.078540 0.000000
vt -0.100000 0.091630 0.000000
vt 0.150000 0.091630 0.000000
vt -0.100000 0.104720 0.000000
vt 0.150000 0.104720 0.000000
vt -0.100000 0.117810 0.000000
vt 0.150000 0.117810 0.000000
vt -0.100000 0.130900 0.000000
vt 0.150000 0.130900 0.000000
vt -0.100000 0.143990 0.000000
vt 0.150000 0.143990 0.000000
vt -0.100000 0.157080 0.000000
vt 0.150000 0.157080 0.000000
vt -0.100000 -0.157080 0.000000
vt 0.150000 -0.157080 0.000000
vt -0.100000 -0.143990 0.000000
vt 0.150000 -0.143990 0.000000
vt -0.100000 -0.130900 0.000000
vt 0.150000 -0.130900 0.000000
vt -0.100000 -0.117810 0.000000
vt 0.150000 -0.117810 0.000000
vt -0.100000 -0.104720 0.000000
vt 0.150000 -0.104720 0.000000
vt -0.100000 -0.091630 0.000000
vt 0.150000 -0.091630 0.000000
vt -0.100000 -0.078540 0.000000
vt 0.150000 -0.078540 0.000000
vt -0.100000 -0.065450 0.000000
vt 0.150000 -0.065450 0.000000
vt -0.100000 -0.052360 0.000000
vt 0.150000 -0.052360 0.000000
vt -0.100000 -0.039270 0.000000
vt 0.150000 -0.039270 0.000000
vt -0.100000 -0.026180 0.000000
vt 0.150000 -0.026180 0.000000
vt -0.100000 -0.013090 0.000000
vt 0.150000 -0.013090 0.000000
vt -0.100000 0.000000 0.000000
vt 0.150000 0.000000 0.000000
vt -0.100000 0.013090 0.000000
vt 0.150000 0.013090 0.000000
vt -0.100000 0.026180 0.000000
vt 0.150000 0.026180 0.000000
vt -0.100000 0.039270 0.000000
vt 0.150000 0.039270 0.000000
vt -0.100000 0.052360 0.000000
vt 0.150000 0.052360 0.000000
vt -0.100000 0.065450 0.000000
vt 0.150000 0.065450 0.000000
vt -0.100000 0.078540 0.000000
vt 0.150000 0.078540 0.000000
vt -0.100000 0.091630 0.000000
vt 0.150000 0.091630 0.000000
vt -0.100000 0.104720 0.000000
vt 0.150000 0.104720 0.000000
vt -0.100000 0.117810 0.000000
vt 0.150000 0.117810 0.000000
vt -0.100000 0.130900 0.000000
vt 0.150000 0.130900 0.000000
vt -0.100000 0.143990 0.000000
vt 0.150000 0.143990 0.000000
vt -0.100000 0.157080 0.000000
vt 0.150000 0.157080 0.000000
vt -0.100000 -0.157080 0.000000
vt 0.150000 -0.157080 0.000000
vt -0.100000 -0.143990 0.000000
vt 0.150000 -0.143990 0.000000
vt -0.100000 -0.130900 0.000000
vt 0.150000 -0.130900 0.000000
vt -0.100000 -0.117810 0.000000
vt 0.150000 -0.117810 0.000000
vt -0.100000 -0.104720 0.000000
vt 0.150000 -0.104720 0.000000
vt -0.100000 -0.091630 0.000000
vt 0.150000 -0.091630 0.000000
vt -0.100000 -0.078540 0.000000
vt 0.150000 -0.078540 0.000000
vt -0.100000 -0.065450 0.000000
vt 0.150000 -0.065450 0.000000
vt -0.100000 -0.052360 0.000000
vt 0.150000 -0.052360 0.000000
vt -0.100000 -0.039270 0.000000
vt 0.150000 -0.039270 0.000000
vt -0.100000 -0.026180 0.000000
vt 0.150000 -0.026180 0.000000
vt -0.100000 -0.013090 0.000000
vt 0.150000 -0.013090 0.000000
vt -0.100000 0.000000 0.000000
vt 0.150000 0.000000 0.000000
vt -0.100000 0.013090 0.000000
vt 0.150000 0.013090 0.000000
vt -0.100000 0.026180 0.000000
vt 0.150000 0.026180 0.000000
vt -0.100000 0.039270 0.000000
vt 0.150000 0.039270 0.000000
vt -0.100000 0.052360 0.000000
vt 0.150000 0.052360 0.000000
vt -0.100000 0.065450 0.000000
vt 0.150000 0.065450 0.000000
vt -0.100000 0.078540 0.000000
vt 0.150000 0.078540 0.000000
vt -0.100000 0.091630 0.000000
vt 0.150000 0.091630 0.000000
vt -0.100000 0.104720 0.000000
vt 0.150000 0.104720 0.000000
vt -0.100000 0.117810 0.000000
vt 0.150000 0.117810 0.000000
vt -0.100000 0.130900 0.000000
vt 0.150000 0.130900 0.000000
vt 0.100000 -3.141593 0.000000
vt -0.150000 -3.141593 0.000000
vt 0.100000 -3.298672 0.000000
vt -0.150000 -3.298672 0.000000
vt 0.100000 3.298672 0.000000
vt -0.150000 3.298672 0.000000
vt 0.100000 3.141593 0.000000
vt -0.150000 3.141593 0.000000
vt 0.100000 2.984513 0.000000
vt -0.150000 2.984513 0.000000
vt 0.100000 2.827433 0.000000
vt -0.150000 2.827433 0.000000
vt 0.100000 2.670354 0.000000
vt -0.150000 2.670354 0.000000
vt 0.100000 2.513274 0.000000
vt -0.150000 2.513274 0.000000
vt 0.100000 2.356194 0.000000
vt -0.150000 2.356194 0.000000
vt 0.100000 2.199115 0.000000
vt -0.150000 2.199115 0.000000
vt 0.100000 2.042035 0.000000
vt -0.150000 2.042035 0.000000
vt 0.100000 1.884956 0.000000
vt -0.150000 1.884956 0.000000
vt 0.100000 1.727876 0.000000
vt -0.150000 1.727876 0.000000
vt 0.100000 1.570796 0.000000
vt -0.150000 1.570796 0.000000
vt 0.100000 1.413717 0.000000
vt -0.150000 1.413717 0.000000
vt 0.100000 1.256637 0.000000
vt -0.150000 1.256637 0.000000
vt 0.100000 1.099557 0.000000
vt -0.150000 1.099557 0.000000
vt 0.100000 0.942478 0.000000
vt -0.150000 0.942478 0.000000
vt 0.100000 0.785398 0.000000
vt -0.150000 0.785398 0.000000
vt 0.100000 0.628319 0.000000
vt -0.150000 0.628319 0.000000
vt 0.100000 0.471239 0.000000
vt -0.150000 0.471239 0.000000
vt 0.100000 0.314159 0.000000
vt -0.150000 0.314159 0.000000
vt 0.100000 0.157080 0.000000
vt -0.150000 0.157080 0.000000
vt 0.100000 0.000000 0.000000
vt -0.150000 0.000000 0.000000
vt 0.100000 -0.157080 0.000000
vt -0.150000 -0.157080 0.000000
vt 0.100000 -0.314159 0.000000
vt -0.150000 -0.314159 0.000000
vt 0.100000 -0.471239 0.000000
vt -0.150000 -0.471239 0.000000
vt 0.100000 -0.628319 0.000000
vt -0.150000 -0.628319 0.000000
vt 0.100000 -0.785398 0.000000
vt -0.150000 -0.785398 0.000000
vt 0.100000 -0.942478 0.000000
vt -0.150000 -0.942478 0.000000
vt 0.100000 -1.099557 0.000000
vt -0.150000 -1.099557 0.000000
vt 0.100000 -1.256637 0.000000
vt -0.150000 -1.256637 0.000000
vt 0.100000 -1.413717 0.000000
vt -0.150000 -1.413717 0.000000
vt 0.100000 -1.570796 0.000000
vt -0.150000 -1.570796 0.000000
vt 0.100000 -1.727876 0.000000
vt -0.150000 -1.727876 0.000000
vt 0.100000 -1.884956 0.000000
vt -0.150000 -1.884956 0.000000
vt 0.100000 -2.042035 0.000000
vt -0.150000 -2.042035 0.000000
vt 0.100000 -2.199115 0.000000
vt -0.150000 -2.199115 0.000000
vt 0.100000 -2.356194 0.000000
vt -0.150000 -2.356194 0.000000
vt 0.100000 -2.513274 0.000000
vt -0.150000 -2.513274 0.000000
vt 0.100000 -2.670354 0.000000
vt -0.150000 -2.670354 0.000000
vt 0.100000 -2.827433 0.000000
vt -0.150000 -2.827433 0.000000
vt 0.100000 -2.984513 0.000000
vt -0.150000 -2.984513 0.000000
vt 0.701704 -0.012941 0.000000
vt 0.700000 -0.000000 0.000000
vt 0.350000 0.000000 0.000000
vt 0.701704 0.012941 0.000000
vt 0.338074 0.090587 0.000000
vt 0.706699 0.025000 0.000000
vt 0.706699 0.275000 0.000000
vt 0.714645 0.035355 0.000000
vt 0.714645 0.264645 0.000000
vt 0.725000 0.256699 0.000000
vt 0.725000 0.043301 0.000000
vt 0.737059 0.251704 0.000000
vt 0.737059 0.048296 0.000000
vt 0.750000 0.250000 0.000000
vt 0.750000 0.050000 0.000000
vt 0.762941 0.251704 0.000000
vt 0.762941 0.048296 0.000000
vt 0.775000 0.256699 0.000000
vt 0.775000 0.043301 0.000000
vt 0.785355 0.264645 0.000000
vt 0.785355 0.035355 0.000000
vt 1.038272 0.156494 0.000000
vt 0.793301 0.025000 0.000000
vt 0.798296 0.012941 0.000000
vt 1.050000 0.000000 0.000000
vt 0.800000 -0.000000 0.000000
vt 0.798296 -0.012941 0.000000
vt 1.038272 -0.156494 0.000000
vt 0.793301 -0.025000 0.000000
vt 0.785355 -0.035355 0.000000
vt 0.775000 -0.043301 0.000000
vt 0.775000 -0.256699 0.000000
vt 0.785355 -0.264645 0.000000
vt 0.793301 -0.275000 0.000000
vt 1.003351 -0.309493 0.000000
vt 0.798296 -0.287059 0.000000
vt 0.800000 -0.300000 0.000000
vt 0.762941 -0.251704 0.000000
vt 0.762941 -0.048296 0.000000
vt 0.750000 -0.050000 0.000000
vt 0.737059 -0.048296 0.000000
vt 0.737059 -0.251704 0.000000
vt 0.750000 -0.250000 0.000000
vt 0.725000 -0.256699 0.000000
vt 0.725000 -0.043301 0.000000
vt 0.714645 -0.264645 0.000000
vt 0.714645 -0.035355 0.000000
vt 0.706699 -0.025000 0.000000
vt 0.338074 -0.090587 0.000000
vt 0.706699 -0.275000 0.000000
vt 0.251704 0.762941 0.000000
vt 0.048296 0.762941 0.000000
vt 0.250000 0.750000 0.000000
vt 0.050000 0.750000 0.000000
vt 0.251704 0.737059 0.000000
vt 0.048296 0.737059 0.000000
vt 0.256699 0.725000 0.000000
vt 0.043301 0.725000 0.000000
vt 0.264645 0.714645 0.000000
vt 0.035355 0.714645 0.000000
vt 0.275000 0.706699 0.000000
vt 0.025000 0.706699 0.000000
vt 0.090587 0.338074 0.000000
vt 0.012941 0.701704 0.000000
vt 0.000000 0.350000 0.000000
vt 0.000000 0.700000 0.000000
vt -0.012941 0.701704 0.000000
vt 0.043301 0.775000 0.000000
vt 0.256699 0.775000 0.000000
vt 0.035355 0.785355 0.000000
vt 0.264645 0.785355 0.000000
vt 0.233647 1.023674 0.000000
vt 0.275000 0.793301 0.000000
vt 0.287059 0.798296 0.000000
vt 0.300000 0.800000 0.000000
vt 0.383608 0.977417 0.000000
vt 0.312941 0.798296 0.000000
vt 0.325000 0.793301 0.000000
vt 0.335355 0.785355 0.000000
vt 0.525000 0.909327 0.000000
vt 0.343301 0.775000 0.000000
vt 0.348296 0.762941 0.000000
vt 0.350000 0.750000 0.000000
vt 0.654664 0.820923 0.000000
vt 0.348296 0.737059 0.000000
vt 0.343301 0.725000 0.000000
vt 0.769704 0.714181 0.000000
vt 0.335355 0.714645 0.000000
vt 0.714645 0.335355 0.000000
vt 0.325000 0.706699 0.000000
vt 0.706699 0.325000 0.000000
vt 0.247487 0.247487 0.000000
vt 0.701704 0.312941 0.000000
vt 0.303109 0.175000 0.000000
vt 0.700000 0.300000 0.000000
vt 0.701704 0.287059 0.000000
vt 0.312941 0.701704 0.000000
vt 0.175000 0.303109 0.000000
vt 0.300000 0.700000 0.000000
vt 0.287059 0.701704 0.000000
vt 0.725000 0.343301 0.000000
vt 0.737059 0.348296 0.000000
vt 0.867551 0.591486 0.000000
vt 0.750000 0.350000 0.000000
vt 0.762941 0.348296 0.000000
vt 0.946017 0.455578 0.000000
vt 0.775000 0.343301 0.000000
vt 0.785355 0.335355 0.000000
vt 0.793301 0.325000 0.000000
vt 0.798296 0.312941 0.000000
vt 1.003351 0.309493 0.000000
vt 0.800000 0.300000 0.000000
vt 0.798296 0.287059 0.000000
vt 0.793301 0.275000 0.000000
vt -0.798296 -0.012941 0.000000
vt -0.800000 -0.000000 0.000000
vt -1.050000 -0.000000 0.000000
vt -0.798296 0.012941 0.000000
vt -1.038272 0.156494 0.000000
vt -0.793301 0.025000 0.000000
vt -0.785355 0.035355 0.000000
vt -0.785355 0.264645 0.000000
vt -0.775000 0.043301 0.000000
vt -0.775000 0.256699 0.000000
vt -0.762941 0.048296 0.000000
vt -0.762941 0.251704 0.000000
vt -0.750000 0.050000 0.000000
vt -0.750000 0.250000 0.000000
vt -0.737059 0.048296 0.000000
vt -0.737059 0.251704 0.000000
vt -0.725000 0.043301 0.000000
vt -0.725000 0.256699 0.000000
vt -0.714645 0.035355 0.000000
vt -0.714645 0.264645 0.000000
vt -0.706699 0.025000 0.000000
vt -0.706699 0.275000 0.000000
vt -0.338074 0.090587 0.000000
vt -0.701704 0.287059 0.000000
vt -0.303109 0.175000 0.000000
vt -0.700000 0.300000 0.000000
vt -0.701704 0.312941 0.000000
vt -0.247487 0.247487 0.000000
vt -0.706699 0.325000 0.000000
vt -0.325000 0.706699 0.000000
vt -0.714645 0.335355 0.000000
vt -0.335355 0.714645 0.000000
vt -0.769704 0.714181 0.000000
vt -0.343301 0.725000 0.000000
vt -0.654664 0.820923 0.000000
vt -0.348296 0.737059 0.000000
vt -0.350000 0.750000 0.000000
vt -0.701704 0.012941 0.000000
vt -0.350000 -0.000000 0.000000
vt -0.700000 -0.000000 0.000000
vt -0.701704 -0.012941 0.000000
vt -0.338074 -0.090587 0.000000
vt -0.706699 -0.025000 0.000000
vt -0.706699 -0.275000 0.000000
vt -0.714645 -0.035355 0.000000
vt -0.714645 -0.264645 0.000000
vt -0.725000 -0.043301 0.000000
vt -0.725000 -0.256699 0.000000
vt -0.737059 -0.048296 0.000000
vt -0.737059 -0.251704 0.000000
vt -0.750000 -0.050000 0.000000
vt -0.750000 -0.250000 0.000000
vt -0.762941 -0.251704 0.000000
vt -0.762941 -0.048296 0.000000
vt -0.775000 -0.043301 0.000000
vt -0.775000 -0.256699 0.000000
vt -0.785355 -0.035355 0.000000
vt -0.785355 -0.264645 0.000000
vt -1.038272 -0.156494 0.000000
vt -0.793301 -0.275000 0.000000
vt -1.003351 -0.309493 0.000000
vt -0.798296 -0.287059 0.000000
vt -0.800000 -0.300000 0.000000
vt -0.798296 -0.312941 0.000000
vt -0.946017 -0.455578 0.000000
vt -0.793301 -0.325000 0.000000
vt -0.785355 -0.335355 0.000000
vt -0.775000 -0.343301 0.000000
vt -0.762941 -0.348296 0.000000
vt -0.867551 -0.591486 0.000000
vt -0.750000 -0.350000 0.000000
vt -0.737059 -0.348296 0.000000
vt -0.769704 -0.714181 0.000000
vt -0.725000 -0.343301 0.000000
vt -0.714645 -0.335355 0.000000
vt -0.335355 -0.714645 0.000000
vt -0.325000 -0.706699 0.000000
vt -0.793301 -0.025000 0.000000
vt -0.312941 0.701704 0.000000
vt -0.175000 0.303109 0.000000
vt -0.300000 0.700000 0.000000
vt -0.287059 0.701704 0.000000
vt -0.090587 0.338074 0.000000
vt -0.275000 0.706699 0.000000
vt -0.025000 0.706699 0.000000
vt -0.264645 0.714645 0.000000
vt -0.035355 0.714645 0.000000
vt -0.256699 0.725000 0.000000
vt -0.043301 0.725000 0.000000
vt -0.251704 0.737059 0.000000
vt -0.048296 0.737059 0.000000
vt -0.250000 0.750000 0.000000
vt -0.050000 0.750000 0.000000
vt -0.251704 0.762941 0.000000
vt -0.048296 0.762941 0.000000
vt -0.256699 0.775000 0.000000
vt -0.043301 0.775000 0.000000
vt -0.264645 0.785355 0.000000
vt -0.035355 0.785355 0.000000
vt -0.233647 1.023674 0.000000
vt -0.078467 1.047064 0.000000
vt -0.025000 0.793301 0.000000
vt -0.012941 0.798296 0.000000
vt 0.701704 -0.287059 0.000000
vt 0.303109 -0.175000 0.000000
vt 0.700000 -0.300000 0.000000
vt 0.701704 -0.312941 0.000000
vt 0.247487 -0.247487 0.000000
vt 0.706699 -0.325000 0.000000
vt 0.325000 -0.706699 0.000000
vt 0.714645 -0.335355 0.000000
vt 0.335355 -0.714645 0.000000
vt 0.769704 -0.714181 0.000000
vt 0.343301 -0.725000 0.000000
vt 0.654664 -0.820923 0.000000
vt 0.348296 -0.737059 0.000000
vt 0.350000 -0.750000 0.000000
vt 0.312941 -0.701704 0.000000
vt 0.175000 -0.303109 0.000000
vt 0.300000 -0.700000 0.000000
vt 0.287059 -0.701704 0.000000
vt 0.090587 -0.338074 0.000000
vt 0.275000 -0.706699 0.000000
vt 0.025000 -0.706699 0.000000
vt 0.264645 -0.714645 0.000000
vt 0.035355 -0.714645 0.000000
vt 0.256699 -0.725000 0.000000
vt 0.043301 -0.725000 0.000000
vt 0.251704 -0.737059 0.000000
vt 0.048296 -0.737059 0.000000
vt 0.250000 -0.750000 0.000000
vt 0.050000 -0.750000 0.000000
vt 0.251704 -0.762941 0.000000
vt 0.048296 -0.762941 0.000000
vt 0.256699 -0.775000 0.000000
vt 0.043301 -0.775000 0.000000
vt 0.264645 -0.785355 0.000000
vt 0.035355 -0.785355 0.000000
vt 0.233647 -1.023674 0.000000
vt 0.078467 -1.047064 0.000000
vt 0.025000 -0.793301 0.000000
vt 0.012941 -0.798296 0.000000
vt 0.012941 -0.701704 0.000000
vt 0.000000 -0.350000 0.000000
vt -0.000000 -0.700000 0.000000
vt -0.012941 -0.701704 0.000000
vt -0.090587 -0.338074 0.000000
vt -0.025000 -0.706699 0.000000
vt -0.275000 -0.706699 0.000000
vt -0.035355 -0.714645 0.000000
vt -0.264645 -0.714645 0.000000
vt -0.043301 -0.725000 0.000000
vt -0.256699 -0.725000 0.000000
vt -0.048296 -0.737059 0.000000
vt -0.251704 -0.737059 0.000000
vt -0.050000 -0.750000 0.000000
vt -0.250000 -0.750000 0.000000
vt -0.048296 -0.762941 0.000000
vt -0.251704 -0.762941 0.000000
vt -0.043301 -0.775000 0.000000
vt -0.256699 -0.775000 0.000000
vt -0.035355 -0.785355 0.000000
vt -0.264645 -0.785355 0.000000
vt -0.233647 -1.023674 0.000000
vt -0.275000 -0.793301 0.000000
vt -0.287059 -0.798296 0.000000
vt -0.287059 -0.701704 0.000000
vt -0.175000 -0.303109 0.000000
vt -0.300000 -0.700000 0.000000
vt -0.312941 -0.701704 0.000000
vt -0.247487 -0.247487 0.000000
vt -0.706699 -0.325000 0.000000
vt -0.701704 -0.312941 0.000000
vt -0.303109 -0.175000 0.000000
vt -0.700000 -0.300000 0.000000
vt -0.701704 -0.287059 0.000000
vt 0.000000 0.800000 0.000000
vt 0.078467 1.047064 0.000000
vt 0.012941 0.798296 0.000000
vt 0.025000 0.793301 0.000000
vt 0.798296 -0.312941 0.000000
vt 0.946017 -0.455578 0.000000
vt 0.793301 -0.325000 0.000000
vt 0.785355 -0.335355 0.000000
vt 0.775000 -0.343301 0.000000
vt 0.762941 -0.348296 0.000000
vt 0.867551 -0.591486 0.000000
vt 0.750000 -0.350000 0.000000
vt 0.737059 -0.348296 0.000000
vt 0.725000 -0.343301 0.000000
vt -0.525000 0.909327 0.000000
vt -0.348296 0.762941 0.000000
vt -0.343301 0.775000 0.000000
vt -0.335355 0.785355 0.000000
vt -0.383608 0.977417 0.000000
vt -0.325000 0.793301 0.000000
vt -0.312941 0.798296 0.000000
vt -0.300000 0.800000 0.000000
vt -0.287059 0.798296 0.000000
vt -0.275000 0.793301 0.000000
vt -0.000000 -0.800000 0.000000
vt -0.078467 -1.047064 0.000000
vt -0.012941 -0.798296 0.000000
vt -0.025000 -0.793301 0.000000
vt -0.798296 0.287059 0.000000
vt -0.800000 0.300000 0.000000
vt -1.003351 0.309493 0.000000
vt -0.798296 0.312941 0.000000
vt -0.946017 0.455578 0.000000
vt -0.793301 0.325000 0.000000
vt -0.785355 0.335355 0.000000
vt -0.775000 0.343301 0.000000
vt -0.762941 0.348296 0.000000
vt -0.867551 0.591486 0.000000
vt -0.750000 0.350000 0.000000
vt -0.737059 0.348296 0.000000
vt -0.725000 0.343301 0.000000
vt -0.793301 0.275000 0.000000
vt 0.525000 -0.909327 0.000000
vt 0.348296 -0.762941 0.000000
vt 0.343301 -0.775000 0.000000
vt 0.335355 -0.785355 0.000000
vt 0.383608 -0.977417 0.000000
vt 0.325000 -0.793301 0.000000
vt 0.312941 -0.798296 0.000000
vt 0.300000 -0.800000 0.000000
vt 0.287059 -0.798296 0.000000
vt 0.275000 -0.793301 0.000000
vt -0.348296 -0.737059 0.000000
vt -0.654664 -0.820923 0.000000
vt -0.350000 -0.750000 0.000000
vt -0.525000 -0.909327 0.000000
vt -0.348296 -0.762941 0.000000
vt -0.343301 -0.775000 0.000000
vt -0.335355 -0.785355 0.000000
vt -0.383608 -0.977417 0.000000
vt -0.325000 -0.793301 0.000000
vt -0.312941 -0.798296 0.000000
vt -0.300000 -0.800000 0.000000
vt -0.343301 -0.725000 0.000000
vn -0.965926 0.258819 -0.000000
vn -0.965926 0.258819 -0.000000
vn -1.000000 0.000000 -0.000000
vn -1.000000 0.000000 -0.000000
vn -0.965926 -0.258819 0.000000
vn -0.965926 -0.258819 0.000000
vn -0.866025 -0.500000 0.000000
vn -0.866025 -0.500000 0.000000
vn -0.707107 -0.707107 0.000000
vn -0.707107 -0.707107 0.000000
vn -0.500000 -0.866025 0.000000
vn -0.500000 -0.866025 0.000000
vn -0.258819 -0.965926 0.000000
vn -0.258819 -0.965926 0.000000
vn 0.000000 -1.000000 -0.000000
vn 0.000000 -1.000000 -0.000000
vn 0.258819 -0.965926 -0.000000
vn 0.258819 -0.965926 -0.000000
vn 0.500000 -0.866025 -0.000000
vn 0.500000 -0.866025 -0.000000
vn 0.707107 -0.707107 -0.000000
vn 0.707107 -0.707107 -0.000000
vn 0.866025 -0.500000 -0.000000
vn 0.866025 -0.500000 -0.000000
vn 0.965926 -0.258819 -0.000000
vn 0.965926 -0.258819 -0.000000
vn 1.000000 -0.000000 -0.000000
vn 1.000000 -0.000000 -0.000000
vn 0.965926 0.258819 -0.000000
vn 0.965926 0.258819 -0.000000
vn 0.866025 0.500000 -0.000000
vn 0.866025 0.500000 -0.000000
vn 0.707107 0.707107 -0.000000
vn 0.707107 0.707107 -0.000000
vn 0.500000 0.866025 -0.000000
vn 0.500000 0.866025 -0.000000
vn 0.258819 0.965926 -0.000000
vn 0.258819 0.965926 -0.000000
vn 0.000000 1.000000 -0.000000
vn 0.000000 1.000000 -0.000000
vn -0.258819 0.965926 -0.000000
vn -0.258819 0.965926 -0.000000
vn -0.500000 0.866025 -0.000000
vn -0.500000 0.866025 -0.000000
vn -0.707107 0.707107 -0.000000
vn -0.707107 0.707107 -0.000000
vn -0.866025 0.500000 -0.000000
vn -0.866025 0.500000 -0.000000
vn 0.965926 0.258819 -0.000000
vn 0.965926 0.258819 -0.000000
vn 1.000000 0.000000 -0.000000
vn 1.000000 0.000000 -0.000000
vn 0.965926 -0.258819 0.000000
vn 0.965926 -0.258819 0.000000
vn 0.866025 -0.500000 0.000000
vn 0.866025 -0.500000 0.000000
vn 0.707107 -0.707107 0.000000
vn 0.707107 -0.707107 0.000000
vn 0.500000 -0.866025 0.000000
vn 0.500000 -0.866025 0.000000
vn 0.258819 -0.965926 0.000000
vn 0.258819 -0.965926 0.000000
vn -0.000000 -1.000000 0.000000
vn -0.000000 -1.000000 0.000000
vn -0.258819 -0.965926 0.000000
vn -0.258819 -0.965926 0.000000
vn -0.500000 -0.866025 0.000000
vn -0.500000 -0.866025 0.000000
vn -0.707107 -0.707107 0.000000
vn -0.707107 -0.707107 0.000000
vn -0.866025 -0.500000 0.000000
vn -0.866025 -0.500000 0.000000
vn -0.965926 -0.258819 0.000000
vn -0.965926 -0.258819 0.000000
vn -1.000000 0.000000 0.000000
vn -1.000000 0.000000 0.000000
vn -0.965926 0.258819 0.000000
vn -0.965926 0.258819 0.000000
vn -0.866025 0.500000 0.000000
vn -0.866025 0.500000 0.000000
vn -0.707107 0.707107 0.000000
vn -0.707107 0.707107 0.000000
vn -0.500000 0.866025 0.000000
vn -0.500000 0.866025 0.000000
vn -0.258819 0.965926 0.000000
vn -0.258819 0.965926 0.000000
vn -0.000000 1.000000 0.000000
vn -0.000000 1.000000 0.000000
vn 0.258819 0.965926 -0.000000
vn 0.258819 0.965926 -0.000000
vn 0.500000 0.866025 -0.000000
vn 0.500000 0.866025 -0.000000
vn 0.707107 0.707107 -0.000000
vn 0.707107 0.707107 -0.000000
vn 0.866025 0.500000 -0.000000
vn 0.866025 0.500000 -0.000000
vn 0.000000 0.000000 1.000000
vn 0.000000 0.000000 1.000000
vn 0.000000 0.000000 1.000000
vn 0.000000 0.000000 1.000000
vn 0.000000 0.000000 1.000000
vn 0.000000 0.000000 1.000000
vn 0.000000 0.000000 1.000000
vn 0.000000 0.000000 1.000000
vn 0.000000 0.000000 1.000000
vn 0.000000 0.000000 1.000000
vn 0.000000 0.000000 1.000000
vn 0.000000 0.000000 1.000000
vn 0.000000 0.000000 1.000000
vn 0.000000 0.000000 1.000000
vn 0.000000 0.000000 1.000000
vn 0.000000 0.000000 1.000000
vn 0.000000 0.000000 1.000000
vn 0.000000 0.000000 1.000000
vn 0.000000 0.000000 1.000000
vn 0.000000 0.000000 1.000000
vn 0.000000 0.000000 1.000000
vn 0.000000 0.000000 1.000000
vn 0.000000 0.000000 1.000000
vn 0.000000 0.000000 1.000000
vn 0.000000 0.000000 1.000000
vn 0.000000 0.000000 1.000000
vn 0.000000 0.000000 1.000000
vn 0.000000 0.000000 1.000000
vn 0.000000 0.000000 1.000000
vn 0.000000 0.000000 1.000000
vn 0.000000 0.000000 1.000000
vn 0.000000 0.000000 1.000000
vn 0.000000 0.000000 1.000000
vn 0.000000 0.000000 1.000000
vn 0.000000 0.000000 1.000000
vn 0.000000 0.000000 1.000000
vn 0.000000 0.000000 1.000000
vn 0.000000 0.000000 1.000000
vn 0.000000 0.000000 1.000000
vn 0.000000 0.000000 1.000000
vn 0.000000 0.000000 1.000000
vn 0.000000 0.000000 1.000000
vn 0.000000 0.000000 1.000000
vn 0.000000 0.000000 1.000000
vn 0.000000 0.000000 1.000000
vn 0.000000 0.000000 1.000000
vn 0.000000 0.000000 1.000000
vn 0.000000 0.000000 1.000000
vn -0.000000 -0.000000 -1.000000
vn -0.000000 -0.000000 -1.000000
vn -0.000000 -0.000000 -1.000000
vn -0.000000 -0.000000 -1.000000
vn -0.000000 -0.000000 -1.000000
vn -0.000000 -0.000000 -1.000000
vn -0.000000 -0.000000 -1.000000
vn -0.000000 -0.000000 -1.000000
vn -0.000000 -0.000000 -1.000000
vn -0.000000 -0.000000 -1.000000
vn -0.000000 -0.000000 -1.000000
vn -0.000000 -0.000000 -1.000000
vn -0.000000 -0.000000 -1.000000
vn -0.000000 -0.000000 -1.000000
vn -0.000000 -0.000000 -1.000000
vn -0.000000 -0.000000 -1.000000
vn -0.000000 -0.000000 -1.000000
vn -0.000000 -0.000000 -1.000000
vn -0.000000 -0.000000 -1.000000
vn -0.000000 -0.000000 -1.000000
vn -0.000000 -0.000000 -1.000000
vn -0.000000 -0.000000 -1.000000
vn -0.000000 -0.000000 -1.000000
vn -0.000000 -0.000000 -1.000000
vn -0.000000 -0.000000 -1.000000
vn -0.000000 -0.000000 -1.000000
vn -0.000000 -0.000000 -1.000000
vn -0.000000 -0.000000 -1.000000
vn -0.000000 -0.000000 -1.000000
vn -0.000000 -0.000000 -1.000000
vn -0.000000 -0.000000 -1.000000
vn -0.000000 -0.000000 -1.000000
vn -0.000000 -0.000000 -1.000000
vn -0.000000 -0.000000 -1.000000
vn -0.000000 -0.000000 -1.000000
vn -0.000000 -0.000000 -1.000000
vn -0.000000 -0.000000 -1.000000
vn -0.000000 -0.000000 -1.000000
vn -0.000000 -0.000000 -1.000000
vn -0.000000 -0.000000 -1.000000
vn -0.000000 -0.000000 -1.000000
vn -0.000000 -0.000000 -1.000000
vn -0.000000 -0.000000 -1.000000
vn -0.000000 -0.000000 -1.000000
vn -0.000000 -0.000000 -1.000000
vn -0.000000 -0.000000 -1.000000
vn -0.000000 -0.000000 -1.000000
vn -0.000000 -0.000000 -1.000000
vn 0.965926 0.258819 -0.000000
vn 0.965926 0.258819 -0.000000
vn 1.000000 0.000000 -0.000000
vn 1.000000 0.000000 -0.000000
vn 0.965926 -0.258819 0.000000
vn 0.965926 -0.258819 0.000000
vn 0.866025 -0.500000 0.000000
vn 0.866025 -0.500000 0.000000
vn 0.707107 -0.707107 0.000000
vn 0.707107 -0.707107 0.000000
vn 0.500000 -0.866025 0.000000
vn 0.500000 -0.866025 0.000000
vn 0.258819 -0.965926 0.000000
vn 0.258819 -0.965926 0.000000
vn -0.000000 -1.000000 0.000000
vn -0.000000 -1.000000 0.000000
vn -0.258819 -0.965926 0.000000
vn -0.258819 -0.965926 0.000000
vn -0.500000 -0.866025 0.000000
vn -0.500000 -0.866025 0.000000
vn -0.707107 -0.707107 0.000000
vn -0.707107 -0.707107 0.000000
vn -0.866025 -0.500000 0.000000
vn -0.866025 -0.500000 0.000000
vn -0.965926 -0.258819 0.000000
vn -0.965926 -0.258819 0.000000
vn -1.000000 0.000000 0.000000
vn -1.000000 0.000000 0.000000
vn -0.965926 0.258819 0.000000
vn -0.965926 0.258819 0.000000
vn -0.866025 0.500000 0.000000
vn -0.866025 0.500000 0.000000
vn -0.707107 0.707107 0.000000
vn -0.707107 0.707107 0.000000
vn -0.500000 0.866025 0.000000
vn -0.500000 0.866025 0.000000
vn -0.258819 0.965926 0.000000
vn -0.258819 0.965926 0.000000
vn -0.000000 1.000000 0.000000
vn -0.000000 1.000000 0.000000
vn 0.258819 0.965926 -0.000000
vn 0.258819 0.965926 -0.000000
vn 0.500000 0.866025 -0.000000
vn 0.500000 0.866025 -0.000000
vn 0.707107 0.707107 -0.000000
vn 0.707107 0.707107 -0.000000
vn 0.866025 0.500000 -0.000000
vn 0.866025 0.500000 -0.000000
vn 0.000000 0.000000 1.000000
vn 0.000000 0.000000 1.000000
vn 0.000000 0.000000 1.000000
vn 0.000000 0.000000 1.000000
vn 0.000000 0.000000 1.000000
vn 0.000000 0.000000 1.000000
vn 0.000000 0.000000 1.000000
vn 0.000000 0.000000 1.000000
vn 0.000000 0.000000 1.000000
vn 0.000000 0.000000 1.000000
vn 0.000000 0.000000 1.000000
vn 0.000000 0.000000 1.000000
vn 0.000000 0.000000 1.000000
vn 0.000000 0.000000 1.000000
vn 0.000000 0.000000 1.000000
vn 0.000000 0.000000 1.000000
vn 0.000000 0.000000 1.000000
vn 0.000000 0.000000 1.000000
vn 0.000000 0.000000 1.000000
vn 0.000000 0.000000 1.000000
vn 0.000000 0.000000 1.000000
vn 0.000000 0.000000 1.000000
vn 0.000000 0.000000 1.000000
vn 0.000000 0.000000 1.000000
vn 0.000000 0.000000 1.000000
vn 0.000000 0.000000 1.000000
vn 0.000000 0.000000 1.000000
vn 0.000000 0.000000 1.000000
vn 0.000000 0.000000 1.000000
vn 0.000000 0.000000 1.000000
vn 0.000000 0.000000 1.000000
vn 0.000000 0.000000 1.000000
vn 0.000000 0.000000 1.000000
vn 0.000000 0.000000 1.000000
vn 0.000000 0.000000 1.000000
vn 0.000000 0.000000 1.000000
vn 0.000000 0.000000 1.000000
vn 0.000000 0.000000 1.000000
vn 0.000000 0.000000 1.000000
vn 0.000000 0.000000 1.000000
vn 0.000000 0.000000 1.000000
vn 0.000000 0.000000 1.000000
vn 0.000000 0.000000 1.000000
vn 0.000000 0.000000 1.000000
vn 0.000000 0.000000 1.000000
vn 0.000000 0.000000 1.000000
vn 0.000000 0.000000 1.000000
vn 0.000000 0.000000 1.000000
vn -0.000000 -0.000000 -1.000000
vn -0.000000 -0.000000 -1.000000
vn -0.000000 -0.000000 -1.000000
vn -0.000000 -0.000000 -1.000000
vn -0.000000 -0.000000 -1.000000
vn -0.000000 -0.000000 -1.000000
vn -0.000000 -0.000000 -1.000000
vn -0.000000 -0.000000 -1.000000
vn -0.000000 -0.000000 -1.000000
vn -0.000000 -0.000000 -1.000000
vn -0.000000 -0.000000 -1.000000
vn -0.000000 -0.000000 -1.000000
vn -0.000000 -0.000000 -1.000000
vn -0.000000 -0.000000 -1.000000
vn -0.000000 -0.000000 -1.000000
vn -0.000000 -0.000000 -1.000000
vn -0.000000 -0.000000 -1.000000
vn -0.000000 -0.000000 -1.000000
vn -0.000000 -0.000000 -1.000000
vn -0.000000 -0.000000 -1.000000
vn -0.000000 -0.000000 -1.000000
vn -0.000000 -0.000000 -1.000000
vn -0.000000 -0.000000 -1.000000
vn -0.000000 -0.000000 -1.000000
vn -0.000000 -0.000000 -1.000000
vn -0.000000 -0.000000 -1.000000
vn -0.000000 -0.000000 -1.000000
vn -0.000000 -0.000000 -1.000000
vn -0.000000 -0.000000 -1.000000
vn -0.000000 -0.000000 -1.000000
vn -0.000000 -0.000000 -1.000000
vn -0.000000 -0.000000 -1.000000
vn -0.000000 -0.000000 -1.000000
vn -0.000000 -0.000000 -1.000000
vn -0.000000 -0.000000 -1.000000
vn -0.000000 -0.000000 -1.000000
vn -0.000000 -0.000000 -1.000000
vn -0.000000 -0.000000 -1.000000
vn -0.000000 -0.000000 -1.000000
vn -0.000000 -0.000000 -1.000000
vn -0.000000 -0.000000 -1.000000
vn -0.000000 -0.000000 -1.000000
vn -0.000000 -0.000000 -1.000000
vn -0.000000 -0.000000 -1.000000
vn -0.000000 -0.000000 -1.000000
vn -0.000000 -0.000000 -1.000000
vn -0.000000 -0.000000 -1.000000
vn -0.000000 -0.000000 -1.000000
vn 0.965926 -0.258819 0.000000
vn 0.965926 -0.258819 0.000000
vn 1.000000 -0.000000 0.000000
vn 1.000000 -0.000000 0.000000
vn 0.965926 0.258819 -0.000000
vn 0.965926 0.258819 -0.000000
vn 0.866025 0.500000 -0.000000
vn 0.866025 0.500000 -0.000000
vn 0.707107 0.707107 -0.000000
vn 0.707107 0.707107 -0.000000
vn 0.500000 0.866025 -0.000000
vn 0.500000 0.866025 -0.000000
vn 0.258819 0.965926 -0.000000
vn 0.258819 0.965926 -0.000000
vn -0.000000 1.000000 0.000000
vn -0.000000 1.000000 0.000000
vn -0.258819 0.965926 0.000000
vn -0.258819 0.965926 0.000000
vn -0.500000 0.866025 0.000000
vn -0.500000 0.866025 0.000000
vn -0.707107 0.707107 0.000000
vn -0.707107 0.707107 0.000000
vn -0.866025 0.500000 0.000000
vn -0.866025 0.500000 0.000000
vn -0.965926 0.258819 0.000000
vn -0.965926 0.258819 0.000000
vn -1.000000 0.000000 0.000000
vn -1.000000 0.000000 0.000000
vn -0.965926 -0.258819 0.000000
vn -0.965926 -0.258819 0.000000
vn -0.866025 -0.500000 0.000000
vn -0.866025 -0.500000 0.000000
vn -0.707107 -0.707107 0.000000
vn -0.707107 -0.707107 0.000000
vn -0.500000 -0.866025 0.000000
vn -0.500000 -0.866025 0.000000
vn -0.258819 -0.965926 0.000000
vn -0.258819 -0.965926 0.000000
vn -0.000000 -1.000000 0.000000
vn -0.000000 -1.000000 0.000000
vn 0.258819 -0.965926 0.000000
vn 0.258819 -0.965926 0.000000
vn 0.500000 -0.866025 0.000000
vn 0.500000 -0.866025 0.000000
vn 0.707107 -0.707107 0.000000
vn 0.707107 -0.707107 0.000000
vn 0.866025 -0.500000 0.000000
vn 0.866025 -0.500000 0.000000
vn -0.000000 -0.000000 -1.000000
vn -0.000000 -0.000000 -1.000000
vn -0.000000 -0.000000 -1.000000
vn -0.000000 -0.000000 -1.000000
vn -0.000000 -0.000000 -1.000000
vn -0.000000 -0.000000 -1.000000
vn -0.000000 -0.000000 -1.000000
vn -0.000000 -0.000000 -1.000000
vn -0.000000 -0.000000 -1.000000
vn -0.000000 -0.000000 -1.000000
vn -0.000000 -0.000000 -1.000000
vn -0.000000 -0.000000 -1.000000
vn -0.000000 -0.000000 -1.000000
vn -0.000000 -0.000000 -1.000000
vn -0.000000 -0.000000 -1.000000
vn -0.000000 -0.000000 -1.000000
vn -0.000000 -0.000000 -1.000000
vn -0.000000 -0.000000 -1.000000
vn -0.000000 -0.000000 -1.000000
vn -0.000000 -0.000000 -1.000000
vn -0.000000 -0.000000 -1.000000
vn -0.000000 -0.000000 -1.000000
vn -0.000000 -0.000000 -1.000000
vn -0.000000 -0.000000 -1.000000
vn -0.000000 -0.000000 -1.000000
vn -0.000000 -0.000000 -1.000000
vn -0.000000 -0.000000 -1.000000
vn -0.000000 -0.000000 -1.000000
vn -0.000000 -0.000000 -1.000000
vn -0.000000 -0.000000 -1.000000
vn -0.000000 -0.000000 -1.000000
vn -0.000000 -0.000000 -1.000000
vn -0.000000 -0.000000 -1.000000
vn -0.000000 -0.000000 -1.000000
vn -0.000000 -0.000000 -1.000000
vn -0.000000 -0.000000 -1.000000
vn -0.000000 -0.000000 -1.000000
vn -0.000000 -0.000000 -1.000000
vn -0.000000 -0.000000 -1.000000
vn -0.000000 -0.000000 -1.000000
vn -0.000000 -0.000000 -1.000000
vn -0.000000 -0.000000 -1.000000
vn -0.000000 -0.000000 -1.000000
vn -0.000000 -0.000000 -1.000000
vn -0.000000 -0.000000 -1.000000
vn -0.000000 -0.000000 -1.000000
vn -0.000000 -0.000000 -1.000000
vn -0.000000 -0.000000 -1.000000
vn 0.965926 -0.258819 0.000000
vn 0.965926 -0.258819 0.000000
vn 1.000000 -0.000000 0.000000
vn 1.000000 -0.000000 0.000000
vn 0.965926 0.258819 -0.000000
vn 0.965926 0.258819 -0.000000
vn 0.866025 0.500000 -0.000000
vn 0.866025 0.500000 -0.000000
vn 0.707107 0.707107 -0.000000
vn 0.707107 0.707107 -0.000000
vn 0.500000 0.866025 -0.000000
vn 0.500000 0.866025 -0.000000
vn 0.258819 0.965926 -0.000000
vn 0.258819 0.965926 -0.000000
vn -0.000000 1.000000 0.000000
vn -0.000000 1.000000 0.000000
vn -0.258819 0.965926 0.000000
vn -0.258819 0.965926 0.000000
vn -0.500000 0.866025 0.000000
vn -0.500000 0.866025 0.000000
vn -0.707107 0.707107 0.000000
vn -0.707107 0.707107 0.000000
vn -0.866025 0.500000 0.000000
vn -0.866025 0.500000 0.000000
vn -0.965926 0.258819 0.000000
vn -0.965926 0.258819 0.000000
vn -1.000000 0.000000 0.000000
vn -1.000000 0.000000 0.000000
vn -0.965926 -0.258819 0.000000
vn -0.965926 -0.258819 0.000000
vn -0.866025 -0.500000 0.000000
vn -0.866025 -0.500000 0.000000
vn -0.707107 -0.707107 0.000000
vn -0.707107 -0.707107 0.000000
vn -0.500000 -0.866025 0.000000
vn -0.500000 -0.866025 0.000000
vn -0.258819 -0.965926 0.000000
vn -0.258819 -0.965926 0.000000
vn -0.000000 -1.000000 0.000000
vn -0.000000 -1.000000 0.000000
vn 0.258819 -0.965926 0.000000
vn 0.258819 -0.965926 0.000000
vn 0.500000 -0.866025 0.000000
vn 0.500000 -0.866025 0.000000
vn 0.707107 -0.707107 0.000000
vn 0.707107 -0.707107 0.000000
vn 0.866025 -0.500000 0.000000
vn 0.866025 -0.500000 0.000000
vn -0.965926 0.258819 -0.000000
vn -0.965926 0.258819 -0.000000
vn -1.000000 0.000000 -0.000000
vn -1.000000 0.000000 -0.000000
vn -0.965926 -0.258819 0.000000
vn -0.965926 -0.258819 0.000000
vn -0.866025 -0.500000 0.000000
vn -0.866025 -0.500000 0.000000
vn -0.707107 -0.707107 0.000000
vn -0.707107 -0.707107 0.000000
vn -0.500000 -0.866025 0.000000
vn -0.500000 -0.866025 0.000000
vn -0.258819 -0.965926 0.000000
vn -0.258819 -0.965926 0.000000
vn 0.000000 -1.000000 -0.000000
vn 0.000000 -1.000000 -0.000000
vn 0.258819 -0.965926 -0.000000
vn 0.258819 -0.965926 -0.000000
vn 0.500000 -0.866025 -0.000000
vn 0.500000 -0.866025 -0.000000
vn 0.707107 -0.707107 -0.000000
vn 0.707107 -0.707107 -0.000000
vn 0.866025 -0.500000 -0.000000
vn 0.866025 -0.500000 -0.000000
vn 0.965926 -0.258819 -0.000000
vn 0.965926 -0.258819 -0.000000
vn 1.000000 -0.000000 -0.000000
vn 1.000000 -0.000000 -0.000000
vn 0.965926 0.258819 -0.000000
vn 0.965926 0.258819 -0.000000
vn 0.866025 0.500000 -0.000000
vn 0.866025 0.500000 -0.000000
vn 0.707107 0.707107 -0.000000
vn 0.707107 0.707107 -0.000000
vn 0.500000 0.866025 -0.000000
vn 0.500000 0.866025 -0.000000
vn 0.258819 0.965926 -0.000000
vn 0.258819 0.965926 -0.000000
vn 0.000000 1.000000 -0.000000
vn 0.000000 1.000000 -0.000000
vn -0.258819 0.965926 -0.000000
vn -0.258819 0.965926 -0.000000
vn -0.500000 0.866025 -0.000000
vn -0.500000 0.866025 -0.000000
vn -0.707107 0.707107 -0.000000
vn -0.707107 0.707107 -0.000000
vn -0.866025 0.500000 -0.000000
vn -0.866025 0.500000 -0.000000
vn 0.000000 0.000000 1.000000
vn 0.000000 0.000000 1.000000
vn 0.000000 0.000000 1.000000
vn 0.000000 0.000000 1.000000
vn 0.000000 0.000000 1.000000
vn 0.000000 0.000000 1.000000
vn 0.000000 0.000000 1.000000
vn 0.000000 0.000000 1.000000
vn 0.000000 0.000000 1.000000
vn 0.000000 0.000000 1.000000
vn 0.000000 0.000000 1.000000
vn 0.000000 0.000000 1.000000
vn 0.000000 0.000000 1.000000
vn 0.000000 0.000000 1.000000
vn 0.000000 0.000000 1.000000
vn 0.000000 0.000000 1.000000
vn 0.000000 0.000000 1.000000
vn 0.000000 0.000000 1.000000
vn 0.000000 0.000000 1.000000
vn 0.000000 0.000000 1.000000
vn 0.000000 0.000000 1.000000
vn 0.000000 0.000000 1.000000
vn 0.000000 0.000000 1.000000
vn 0.000000 0.000000 1.000000
vn 0.000000 0.000000 1.000000
vn 0.000000 0.000000 1.000000
vn 0.000000 0.000000 1.000000
vn 0.000000 0.000000 1.000000
vn 0.000000 0.000000 1.000000
vn 0.000000 0.000000 1.000000
vn 0.000000 0.000000 1.000000
vn 0.000000 0.000000 1.000000
vn 0.000000 0.000000 1.000000
vn 0.000000 0.000000 1.000000
vn 0.000000 0.000000 1.000000
vn 0.000000 0.000000 1.000000
vn 0.000000 0.000000 1.000000
vn 0.000000 0.000000 1.000000
vn 0.000000 0.000000 1.000000
vn 0.000000 0.000000 1.000000
vn 0.000000 0.000000 1.000000
vn 0.000000 0.000000 1.000000
vn 0.000000 0.000000 1.000000
vn 0.000000 0.000000 1.000000
vn 0.000000 0.000000 1.000000
vn 0.000000 0.000000 1.000000
vn 0.000000 0.000000 1.000000
vn 0.000000 0.000000 1.000000
vn -0.000000 -0.000000 -1.000000
vn -0.000000 -0.000000 -1.000000
vn -0.000000 -0.000000 -1.000000
vn -0.000000 -0.000000 -1.000000
vn -0.000000 -0.000000 -1.000000
vn -0.000000 -0.000000 -1.000000
vn -0.000000 -0.000000 -1.000000
vn -0.000000 -0.000000 -1.000000
vn -0.000000 -0.000000 -1.000000
vn -0.000000 -0.000000 -1.000000
vn -0.000000 -0.000000 -1.000000
vn -0.000000 -0.000000 -1.000000
vn -0.000000 -0.000000 -1.000000
vn -0.000000 -0.000000 -1.000000
vn -0.000000 -0.000000 -1.000000
vn -0.000000 -0.000000 -1.000000
vn -0.000000 -0.000000 -1.000000
vn -0.000000 -0.000000 -1.000000
vn -0.000000 -0.000000 -1.000000
vn -0.000000 -0.000000 -1.000000
vn -0.000000 -0.000000 -1.000000
vn -0.000000 -0.000000 -1.000000
vn -0.000000 -0.000000 -1.000000
vn -0.000000 -0.000000 -1.000000
vn -0.000000 -0.000000 -1.000000
vn -0.000000 -0.000000 -1.000000
vn -0.000000 -0.000000 -1.000000
vn -0.000000 -0.000000 -1.000000
vn -0.000000 -0.000000 -1.000000
vn -0.000000 -0.000000 -1.000000
vn -0.000000 -0.000000 -1.000000
vn -0.000000 -0.000000 -1.000000
vn -0.000000 -0.000000 -1.000000
vn -0.000000 -0.000000 -1.000000
vn -0.000000 -0.000000 -1.000000
vn -0.000000 -0.000000 -1.000000
vn -0.000000 -0.000000 -1.000000
vn -0.000000 -0.000000 -1.000000
vn -0.000000 -0.000000 -1.000000
vn -0.000000 -0.000000 -1.000000
vn -0.000000 -0.000000 -1.000000
vn -0.000000 -0.000000 -1.000000
vn -0.000000 -0.000000 -1.000000
vn -0.000000 -0.000000 -1.000000
vn -0.000000 -0.000000 -1.000000
vn -0.000000 -0.000000 -1.000000
vn -0.000000 -0.000000 -1.000000
vn -0.000000 -0.000000 -1.000000
vn -0.000000 -0.000000 -1.000000
vn -0.000000 -0.000000 -1.000000
vn -0.000000 -0.000000 -1.000000
vn -0.000000 -0.000000 -1.000000
vn -0.000000 -0.000000 -1.000000
vn -0.000000 -0.000000 -1.000000
vn -0.000000 -0.000000 -1.000000
vn -0.000000 -0.000000 -1.000000
vn -0.000000 -0.000000 -1.000000
vn -0.000000 -0.000000 -1.000000
vn -0.000000 -0.000000 -1.000000
vn -0.000000 -0.000000 -1.000000
vn -0.000000 -0.000000 -1.000000
vn -0.000000 -0.000000 -1.000000
vn -0.000000 -0.000000 -1.000000
vn -0.000000 -0.000000 -1.000000
vn -0.000000 -0.000000 -1.000000
vn -0.000000 -0.000000 -1.000000
vn -0.000000 -0.000000 -1.000000
vn -0.000000 -0.000000 -1.000000
vn -0.000000 -0.000000 -1.000000
vn -0.000000 -0.000000 -1.000000
vn -0.000000 -0.000000 -1.000000
vn -0.000000 -0.000000 -1.000000
vn -0.000000 -0.000000 -1.000000
vn -0.000000 -0.000000 -1.000000
vn -0.000000 -0.000000 -1.000000
vn -0.000000 -0.000000 -1.000000
vn -0.000000 -0.000000 -1.000000
vn -0.000000 -0.000000 -1.000000
vn -0.000000 -0.000000 -1.000000
vn -0.000000 -0.000000 -1.000000
vn -0.000000 -0.000000 -1.000000
vn -0.000000 -0.000000 -1.000000
vn -0.000000 -0.000000 -1.000000
vn -0.000000 -0.000000 -1.000000
vn -0.000000 -0.000000 -1.000000
vn -0.000000 -0.000000 -1.000000
vn -0.000000 -0.000000 -1.000000
vn -0.000000 -0.000000 -1.000000
vn -0.000000 -0.000000 -1.000000
vn -0.000000 -0.000000 -1.000000
vn -0.000000 -0.000000 -1.000000
vn -0.000000 -0.000000 -1.000000
vn -0.000000 -0.000000 -1.000000
vn -0.000000 -0.000000 -1.000000
vn -0.000000 -0.000000 -1.000000
vn -0.000000 -0.000000 -1.000000
vn -0.000000 -0.000000 -1.000000
vn -0.000000 -0.000000 -1.000000
vn -0.000000 -0.000000 -1.000000
vn -0.000000 -0.000000 -1.000000
vn -0.000000 -0.000000 -1.000000
vn -0.000000 -0.000000 -1.000000
vn -0.000000 -0.000000 -1.000000
vn -0.000000 -0.000000 -1.000000
vn -0.000000 -0.000000 -1.000000
vn -0.000000 -0.000000 -1.000000
vn -0.000000 -0.000000 -1.000000
vn -0.000000 -0.000000 -1.000000
vn -0.000000 -0.000000 -1.000000
vn -0.000000 -0.000000 -1.000000
vn -0.000000 -0.000000 -1.000000
vn -0.000000 -0.000000 -1.000000
vn -0.000000 -0.000000 -1.000000
vn -0.000000 -0.000000 -1.000000
vn -0.000000 -0.000000 -1.000000
vn -0.000000 -0.000000 -1.000000
vn -0.000000 -0.000000 -1.000000
vn -0.000000 -0.000000 -1.000000
vn -0.000000 -0.000000 -1.000000
vn -0.000000 -0.000000 -1.000000
vn -0.000000 -0.000000 -1.000000
vn -0.000000 -0.000000 -1.000000
vn -0.000000 -0.000000 -1.000000
vn -0.000000 -0.000000 -1.000000
vn -0.000000 -0.000000 -1.000000
vn -0.000000 -0.000000 -1.000000
vn -0.000000 -0.000000 -1.000000
vn -0.000000 -0.000000 -1.000000
vn -0.000000 -0.000000 -1.000000
vn -0.000000 -0.000000 -1.000000
vn -0.000000 -0.000000 -1.000000
vn -0.000000 -0.000000 -1.000000
vn -0.000000 -0.000000 -1.000000
vn -0.000000 -0.000000 -1.000000
vn -0.000000 -0.000000 -1.000000
vn -0.000000 -0.000000 -1.000000
vn -0.000000 -0.000000 -1.000000
vn -0.000000 -0.000000 -1.000000
vn -0.000000 -0.000000 -1.000000
vn -0.000000 -0.000000 -1.000000
vn -0.000000 -0.000000 -1.000000
vn -0.000000 -0.000000 -1.000000
vn -0.000000 -0.000000 -1.000000
vn -0.000000 -0.000000 -1.000000
vn -0.000000 -0.000000 -1.000000
vn -0.000000 -0.000000 -1.000000
vn -0.000000 -0.000000 -1.000000
vn -0.000000 -0.000000 -1.000000
vn -0.000000 -0.000000 -1.000000
vn -0.000000 -0.000000 -1.000000
vn -0.000000 -0.000000 -1.000000
vn -0.000000 -0.000000 -1.000000
vn -0.000000 -0.000000 -1.000000
vn -0.000000 -0.000000 -1.000000
vn -0.000000 -0.000000 -1.000000
vn -0.000000 -0.000000 -1.000000
vn -0.000000 -0.000000 -1.000000
vn -0.000000 -0.000000 -1.000000
vn -0.000000 -0.000000 -1.000000
vn -0.000000 -0.000000 -1.000000
vn -0.000000 -0.000000 -1.000000
vn -0.000000 -0.000000 -1.000000
vn -0.000000 -0.000000 -1.000000
vn -0.000000 -0.000000 -1.000000
vn -0.000000 -0.000000 -1.000000
vn -0.000000 -0.000000 -1.000000
vn -0.000000 -0.000000 -1.000000
vn -0.000000 -0.000000 -1.000000
vn -0.000000 -0.000000 -1.000000
vn -0.000000 -0.000000 -1.000000
vn -0.000000 -0.000000 -1.000000
vn -0.000000 -0.000000 -1.000000
vn -0.000000 -0.000000 -1.000000
vn -0.000000 -0.000000 -1.000000
vn -0.000000 -0.000000 -1.000000
vn -0.000000 -0.000000 -1.000000
vn -0.000000 -0.000000 -1.000000
vn -0.000000 -0.000000 -1.000000
vn -0.000000 -0.000000 -1.000000
vn -0.000000 -0.000000 -1.000000
vn -0.000000 -0.000000 -1.000000
vn -0.000000 -0.000000 -1.000000
vn -0.000000 -0.000000 -1.000000
vn -0.000000 -0.000000 -1.000000
vn -0.000000 -0.000000 -1.000000
vn -0.000000 -0.000000 -1.000000
vn -0.000000 -0.000000 -1.000000
vn -0.000000 -0.000000 -1.000000
vn -0.000000 -0.000000 -1.000000
vn -0.000000 -0.000000 -1.000000
vn -0.000000 -0.000000 -1.000000
vn -0.000000 -0.000000 -1.000000
vn -0.000000 -0.000000 -1.000000
vn -0.000000 -0.000000 -1.000000
vn -0.000000 -0.000000 -1.000000
vn -0.000000 -0.000000 -1.000000
vn -0.000000 -0.000000 -1.000000
vn -0.000000 -0.000000 -1.000000
vn -0.000000 -0.000000 -1.000000
vn -0.000000 -0.000000 -1.000000
vn -0.000000 -0.000000 -1.000000
vn -0.000000 -0.000000 -1.000000
vn -0.000000 -0.000000 -1.000000
vn -0.000000 -0.000000 -1.000000
vn -0.000000 -0.000000 -1.000000
vn -0.000000 -0.000000 -1.000000
vn -0.000000 -0.000000 -1.000000
vn -0.000000 -0.000000 -1.000000
vn -0.000000 -0.000000 -1.000000
vn -0.000000 -0.000000 -1.000000
vn -0.000000 -0.000000 -1.000000
vn -0.000000 -0.000000 -1.000000
vn -0.000000 -0.000000 -1.000000
vn -0.000000 -0.000000 -1.000000
vn -0.000000 -0.000000 -1.000000
vn -0.000000 -0.000000 -1.000000
vn -0.000000 -0.000000 -1.000000
vn -0.000000 -0.000000 -1.000000
vn -0.000000 -0.000000 -1.000000
vn -0.000000 -0.000000 -1.000000
vn -0.000000 -0.000000 -1.000000
vn -0.000000 -0.000000 -1.000000
vn -0.000000 -0.000000 -1.000000
vn -0.000000 -0.000000 -1.000000
vn -0.000000 -0.000000 -1.000000
vn -0.000000 -0.000000 -1.000000
vn -0.000000 -0.000000 -1.000000
vn -0.000000 -0.000000 -1.000000
vn -0.000000 -0.000000 -1.000000
vn -0.000000 -0.000000 -1.000000
vn -0.000000 -0.000000 -1.000000
vn -0.000000 -0.000000 -1.000000
vn -0.000000 -0.000000 -1.000000
vn -0.000000 -0.000000 -1.000000
vn -0.000000 -0.000000 -1.000000
vn -0.000000 -0.000000 -1.000000
vn -0.000000 -0.000000 -1.000000
vn -0.000000 -0.000000 -1.000000
vn -0.000000 -0.000000 -1.000000
vn -0.000000 -0.000000 -1.000000
vn -0.000000 -0.000000 -1.000000
vn -0.000000 -0.000000 -1.000000
vn -0.000000 -0.000000 -1.000000
vn -0.000000 -0.000000 -1.000000
vn -0.000000 -0.000000 -1.000000
vn -0.000000 -0.000000 -1.000000
vn -0.000000 -0.000000 -1.000000
vn -0.000000 -0.000000 -1.000000
vn -0.000000 -0.000000 -1.000000
vn -0.000000 -0.000000 -1.000000
vn -0.000000 -0.000000 -1.000000
vn -0.000000 -0.000000 -1.000000
vn -0.000000 -0.000000 -1.000000
vn -0.000000 -0.000000 -1.000000
vn -0.000000 -0.000000 -1.000000
vn -0.000000 -0.000000 -1.000000
vn -0.000000 -0.000000 -1.000000
vn -0.000000 -0.000000 -1.000000
vn -0.000000 -0.000000 -1.000000
vn -0.000000 -0.000000 -1.000000
vn -0.000000 -0.000000 -1.000000
vn -0.000000 -0.000000 -1.000000
vn -0.000000 -0.000000 -1.000000
vn -0.000000 -0.000000 -1.000000
vn -0.000000 -0.000000 -1.000000
vn -0.000000 -0.000000 -1.000000
vn -0.000000 -0.000000 -1.000000
vn -0.000000 -0.000000 -1.000000
vn -0.000000 -0.000000 -1.000000
vn -0.000000 -0.000000 -1.000000
vn -0.000000 -0.000000 -1.000000
vn -0.000000 -0.000000 -1.000000
vn -0.000000 -0.000000 -1.000000
vn -0.000000 -0.000000 -1.000000
vn -0.000000 -0.000000 -1.000000
vn -0.000000 -0.000000 -1.000000
vn -0.000000 -0.000000 -1.000000
vn -0.000000 -0.000000 -1.000000
vn -0.000000 -0.000000 -1.000000
vn -0.000000 -0.000000 -1.000000
vn -0.000000 -0.000000 -1.000000
vn -0.000000 -0.000000 -1.000000
vn -0.000000 -0.000000 -1.000000
vn -0.000000 -0.000000 -1.000000
vn -0.000000 -0.000000 -1.000000
vn -0.000000 -0.000000 -1.000000
vn -0.000000 -0.000000 -1.000000
vn -0.000000 -0.000000 -1.000000
vn -0.000000 -0.000000 -1.000000
vn -0.000000 -0.000000 -1.000000
vn -0.000000 -0.000000 -1.000000
vn -0.000000 -0.000000 -1.000000
vn -0.000000 -0.000000 -1.000000
vn -0.000000 -0.000000 -1.000000
vn -0.000000 -0.000000 -1.000000
vn -0.000000 -0.000000 -1.000000
vn -0.000000 -0.000000 -1.000000
vn -0.000000 -0.000000 -1.000000
vn -0.000000 -0.000000 -1.000000
vn -0.000000 -0.000000 -1.000000
vn -0.000000 -0.000000 -1.000000
vn -0.000000 -0.000000 -1.000000
vn -0.000000 -0.000000 -1.000000
vn -0.000000 -0.000000 -1.000000
vn -0.000000 -0.000000 -1.000000
vn -0.000000 -0.000000 -1.000000
vn -0.000000 -0.000000 -1.000000
vn -0.000000 -0.000000 -1.000000
vn -0.000000 -0.000000 -1.000000
vn -0.000000 -0.000000 -1.000000
vn -0.000000 -0.000000 -1.000000
vn -0.000000 -0.000000 -1.000000
vn -0.000000 -0.000000 -1.000000
vn -0.000000 -0.000000 -1.000000
vn -0.000000 -0.000000 -1.000000
vn -0.000000 -0.000000 -1.000000
vn -0.000000 -0.000000 -1.000000
vn -0.000000 -0.000000 -1.000000
vn -0.000000 -0.000000 -1.000000
vn -0.000000 -0.000000 -1.000000
vn -0.000000 -0.000000 -1.000000
vn -0.000000 -0.000000 -1.000000
vn -0.000000 -0.000000 -1.000000
vn -0.000000 -0.000000 -1.000000
vn -0.000000 -0.000000 -1.000000
vn -0.000000 -0.000000 -1.000000
vn -0.000000 -0.000000 -1.000000
vn -0.000000 -0.000000 -1.000000
vn -0.000000 -0.000000 -1.000000
vn -0.000000 -0.000000 -1.000000
vn -0.000000 -0.000000 -1.000000
vn -0.000000 -0.000000 -1.000000
vn -0.000000 -0.000000 -1.000000
vn -0.000000 -0.000000 -1.000000
vn -0.000000 -0.000000 -1.000000
vn -0.000000 -0.000000 -1.000000
vn -0.000000 -0.000000 -1.000000
vn -0.000000 -0.000000 -1.000000
vn -0.000000 -0.000000 -1.000000
vn -0.000000 -0.000000 -1.000000
vn -0.000000 -0.000000 -1.000000
vn -0.000000 -0.000000 -1.000000
vn -0.000000 -0.000000 -1.000000
vn -0.000000 -0.000000 -1.000000
vn -0.000000 -0.000000 -1.000000
vn -0.000000 -0.000000 -1.000000
vn -0.000000 -0.000000 -1.000000
vn -0.000000 -0.000000 -1.000000
vn -0.000000 -0.000000 -1.000000
vn -0.000000 -0.000000 -1.000000
vn -0.000000 -0.000000 -1.000000
vn -0.000000 -0.000000 -1.000000
vn -0.000000 -0.000000 -1.000000
vn -0.000000 -0.000000 -1.000000
vn 0.965926 -0.258819 0.000000
vn 0.965926 -0.258819 0.000000
vn 1.000000 -0.000000 0.000000
vn 1.000000 -0.000000 0.000000
vn 0.965926 0.258819 -0.000000
vn 0.965926 0.258819 -0.000000
vn 0.866025 0.500000 -0.000000
vn 0.866025 0.500000 -0.000000
vn 0.707107 0.707107 -0.000000
vn 0.707107 0.707107 -0.000000
vn 0.500000 0.866025 -0.000000
vn 0.500000 0.866025 -0.000000
vn 0.258819 0.965926 -0.000000
vn 0.258819 0.965926 -0.000000
vn -0.000000 1.000000 0.000000
vn -0.000000 1.000000 0.000000
vn -0.258819 0.965926 0.000000
vn -0.258819 0.965926 0.000000
vn -0.500000 0.866025 0.000000
vn -0.500000 0.866025 0.000000
vn -0.707107 0.707107 0.000000
vn -0.707107 0.707107 0.000000
vn -0.866025 0.500000 0.000000
vn -0.866025 0.500000 0.000000
vn -0.965926 0.258819 0.000000
vn -0.965926 0.258819 0.000000
vn -1.000000 0.000000 0.000000
vn -1.000000 0.000000 0.000000
vn -0.965926 -0.258819 0.000000
vn -0.965926 -0.258819 0.000000
vn -0.866025 -0.500000 0.000000
vn -0.866025 -0.500000 0.000000
vn -0.707107 -0.707107 0.000000
vn -0.707107 -0.707107 0.000000
vn -0.500000 -0.866025 0.000000
vn -0.500000 -0.866025 0.000000
vn -0.258819 -0.965926 0.000000
vn -0.258819 -0.965926 0.000000
vn -0.000000 -1.000000 0.000000
vn -0.000000 -1.000000 0.000000
vn 0.258819 -0.965926 0.000000
vn 0.258819 -0.965926 0.000000
vn 0.500000 -0.866025 0.000000
vn 0.500000 -0.866025 0.000000
vn 0.707107 -0.707107 0.000000
vn 0.707107 -0.707107 0.000000
vn 0.866025 -0.500000 0.000000
vn 0.866025 -0.500000 0.000000
vn 0.965926 -0.258819 0.000000
vn 0.965926 -0.258819 0.000000
vn 1.000000 -0.000000 0.000000
vn 1.000000 -0.000000 0.000000
vn 0.965926 0.258819 -0.000000
vn 0.965926 0.258819 -0.000000
vn 0.866025 0.500000 -0.000000
vn 0.866025 0.500000 -0.000000
vn 0.707107 0.707107 -0.000000
vn 0.707107 0.707107 -0.000000
vn 0.500000 0.866025 -0.000000
vn 0.500000 0.866025 -0.000000
vn 0.258819 0.965926 -0.000000
vn 0.258819 0.965926 -0.000000
vn -0.000000 1.000000 0.000000
vn -0.000000 1.000000 0.000000
vn -0.258819 0.965926 0.000000
vn -0.258819 0.965926 0.000000
vn -0.500000 0.866025 0.000000
vn -0.500000 0.866025 0.000000
vn -0.707107 0.707107 0.000000
vn -0.707107 0.707107 0.000000
vn -0.866025 0.500000 0.000000
vn -0.866025 0.500000 0.000000
vn -0.965926 0.258819 0.000000
vn -0.965926 0.258819 0.000000
vn -1.000000 0.000000 0.000000
vn -1.000000 0.000000 0.000000
vn -0.965926 -0.258819 0.000000
vn -0.965926 -0.258819 0.000000
vn -0.866025 -0.500000 0.000000
vn -0.866025 -0.500000 0.000000
vn -0.707107 -0.707107 0.000000
vn -0.707107 -0.707107 0.000000
vn -0.500000 -0.866025 0.000000
vn -0.500000 -0.866025 0.000000
vn -0.258819 -0.965926 0.000000
vn -0.258819 -0.965926 0.000000
vn -0.000000 -1.000000 0.000000
vn -0.000000 -1.000000 0.000000
vn 0.258819 -0.965926 0.000000
vn 0.258819 -0.965926 0.000000
vn 0.500000 -0.866025 0.000000
vn 0.500000 -0.866025 0.000000
vn 0.707107 -0.707107 0.000000
vn 0.707107 -0.707107 0.000000
vn 0.866025 -0.500000 0.000000
vn 0.866025 -0.500000 0.000000
vn 0.965926 -0.258819 0.000000
vn 0.965926 -0.258819 0.000000
vn 1.000000 -0.000000 0.000000
vn 1.000000 -0.000000 0.000000
vn 0.965926 0.258819 -0.000000
vn 0.965926 0.258819 -0.000000
vn 0.866025 0.500000 -0.000000
vn 0.866025 0.500000 -0.000000
vn 0.707107 0.707107 -0.000000
vn 0.707107 0.707107 -0.000000
vn 0.500000 0.866025 -0.000000
vn 0.500000 0.866025 -0.000000
vn 0.258819 0.965926 -0.000000
vn 0.258819 0.965926 -0.000000
vn -0.000000 1.000000 0.000000
vn -0.000000 1.000000 0.000000
vn -0.258819 0.965926 0.000000
vn -0.258819 0.965926 0.000000
vn -0.500000 0.866025 0.000000
vn -0.500000 0.866025 0.000000
vn -0.707107 0.707107 0.000000
vn -0.707107 0.707107 0.000000
vn -0.866025 0.500000 0.000000
vn -0.866025 0.500000 0.000000
vn -0.965926 0.258819 0.000000
vn -0.965926 0.258819 0.000000
vn -1.000000 0.000000 0.000000
vn -1.000000 0.000000 0.000000
vn -0.965926 -0.258819 0.000000
vn -0.965926 -0.258819 0.000000
vn -0.866025 -0.500000 0.000000
vn -0.866025 -0.500000 0.000000
vn -0.707107 -0.707107 0.000000
vn -0.707107 -0.707107 0.000000
vn -0.500000 -0.866025 0.000000
vn -0.500000 -0.866025 0.000000
vn -0.258819 -0.965926 0.000000
vn -0.258819 -0.965926 0.000000
vn -0.000000 -1.000000 0.000000
vn -0.000000 -1.000000 0.000000
vn 0.258819 -0.965926 0.000000
vn 0.258819 -0.965926 0.000000
vn 0.500000 -0.866025 0.000000
vn 0.500000 -0.866025 0.000000
vn 0.707107 -0.707107 0.000000
vn 0.707107 -0.707107 0.000000
vn 0.866025 -0.500000 0.000000
vn 0.866025 -0.500000 0.000000
vn 0.965926 -0.258819 0.000000
vn 0.965926 -0.258819 0.000000
vn 1.000000 -0.000000 0.000000
vn 1.000000 -0.000000 0.000000
vn 0.965926 0.258819 -0.000000
vn 0.965926 0.258819 -0.000000
vn 0.866025 0.500000 -0.000000
vn 0.866025 0.500000 -0.000000
vn 0.707107 0.707107 -0.000000
vn 0.707107 0.707107 -0.000000
vn 0.500000 0.866025 -0.000000
vn 0.500000 0.866025 -0.000000
vn 0.258819 0.965926 -0.000000
vn 0.258819 0.965926 -0.000000
vn -0.000000 1.000000 0.000000
vn -0.000000 1.000000 0.000000
vn -0.258819 0.965926 0.000000
vn -0.258819 0.965926 0.000000
vn -0.500000 0.866025 0.000000
vn -0.500000 0.866025 0.000000
vn -0.707107 0.707107 0.000000
vn -0.707107 0.707107 0.000000
vn -0.866025 0.500000 0.000000
vn -0.866025 0.500000 0.000000
vn -0.965926 0.258819 0.000000
vn -0.965926 0.258819 0.000000
vn -1.000000 0.000000 0.000000
vn -1.000000 0.000000 0.000000
vn -0.965926 -0.258819 0.000000
vn -0.965926 -0.258819 0.000000
vn -0.866025 -0.500000 0.000000
vn -0.866025 -0.500000 0.000000
vn -0.707107 -0.707107 0.000000
vn -0.707107 -0.707107 0.000000
vn -0.500000 -0.866025 0.000000
vn -0.500000 -0.866025 0.000000
vn -0.258819 -0.965926 0.000000
vn -0.258819 -0.965926 0.000000
vn -0.000000 -1.000000 0.000000
vn -0.000000 -1.000000 0.000000
vn 0.258819 -0.965926 0.000000
vn 0.258819 -0.965926 0.000000
vn 0.500000 -0.866025 0.000000
vn 0.500000 -0.866025 0.000000
vn 0.707107 -0.707107 0.000000
vn 0.707107 -0.707107 0.000000
vn 0.866025 -0.500000 0.000000
vn 0.866025 -0.500000 0.000000
vn 0.965926 -0.258819 0.000000
vn 0.965926 -0.258819 0.000000
vn 1.000000 -0.000000 0.000000
vn 1.000000 -0.000000 0.000000
vn 0.965926 0.258819 -0.000000
vn 0.965926 0.258819 -0.000000
vn 0.866025 0.500000 -0.000000
vn 0.866025 0.500000 -0.000000
vn 0.707107 0.707107 -0.000000
vn 0.707107 0.707107 -0.000000
vn 0.500000 0.866025 -0.000000
vn 0.500000 0.866025 -0.000000
vn 0.258819 0.965926 -0.000000
vn 0.258819 0.965926 -0.000000
vn -0.000000 1.000000 0.000000
vn -0.000000 1.000000 0.000000
vn -0.258819 0.965926 0.000000
vn -0.258819 0.965926 0.000000
vn -0.500000 0.866025 0.000000
vn -0.500000 0.866025 0.000000
vn -0.707107 0.707107 0.000000
vn -0.707107 0.707107 0.000000
vn -0.866025 0.500000 0.000000
vn -0.866025 0.500000 0.000000
vn -0.965926 0.258819 0.000000
vn -0.965926 0.258819 0.000000
vn -1.000000 0.000000 0.000000
vn -1.000000 0.000000 0.000000
vn -0.965926 -0.258819 0.000000
vn -0.965926 -0.258819 0.000000
vn -0.866025 -0.500000 0.000000
vn -0.866025 -0.500000 0.000000
vn -0.707107 -0.707107 0.000000
vn -0.707107 -0.707107 0.000000
vn -0.500000 -0.866025 0.000000
vn -0.500000 -0.866025 0.000000
vn -0.258819 -0.965926 0.000000
vn -0.258819 -0.965926 0.000000
vn -0.000000 -1.000000 0.000000
vn -0.000000 -1.000000 0.000000
vn 0.258819 -0.965926 0.000000
vn 0.258819 -0.965926 0.000000
vn 0.500000 -0.866025 0.000000
vn 0.500000 -0.866025 0.000000
vn 0.707107 -0.707107 0.000000
vn 0.707107 -0.707107 0.000000
vn 0.866025 -0.500000 0.000000
vn 0.866025 -0.500000 0.000000
vn 0.965926 -0.258819 0.000000
vn 0.965926 -0.258819 0.000000
vn 1.000000 -0.000000 0.000000
vn 1.000000 -0.000000 0.000000
vn 0.965926 0.258819 -0.000000
vn 0.965926 0.258819 -0.000000
vn 0.866025 0.500000 -0.000000
vn 0.866025 0.500000 -0.000000
vn 0.707107 0.707107 -0.000000
vn 0.707107 0.707107 -0.000000
vn 0.500000 0.866025 -0.000000
vn 0.500000 0.866025 -0.000000
vn 0.258819 0.965926 -0.000000
vn 0.258819 0.965926 -0.000000
vn -0.000000 1.000000 0.000000
vn -0.000000 1.000000 0.000000
vn -0.258819 0.965926 0.000000
vn -0.258819 0.965926 0.000000
vn -0.500000 0.866025 0.000000
vn -0.500000 0.866025 0.000000
vn -0.707107 0.707107 0.000000
vn -0.707107 0.707107 0.000000
vn -0.866025 0.500000 0.000000
vn -0.866025 0.500000 0.000000
vn -0.965926 0.258819 0.000000
vn -0.965926 0.258819 0.000000
vn -1.000000 0.000000 0.000000
vn -1.000000 0.000000 0.000000
vn -0.965926 -0.258819 0.000000
vn -0.965926 -0.258819 0.000000
vn -0.866025 -0.500000 0.000000
vn -0.866025 -0.500000 0.000000
vn -0.707107 -0.707107 0.000000
vn -0.707107 -0.707107 0.000000
vn -0.500000 -0.866025 0.000000
vn -0.500000 -0.866025 0.000000
vn -0.258819 -0.965926 0.000000
vn -0.258819 -0.965926 0.000000
vn -0.000000 -1.000000 0.000000
vn -0.000000 -1.000000 0.000000
vn 0.258819 -0.965926 0.000000
vn 0.258819 -0.965926 0.000000
vn 0.500000 -0.866025 0.000000
vn 0.500000 -0.866025 0.000000
vn 0.707107 -0.707107 0.000000
vn 0.707107 -0.707107 0.000000
vn 0.866025 -0.500000 0.000000
vn 0.866025 -0.500000 0.000000
vn 0.965926 -0.258819 0.000000
vn 0.965926 -0.258819 0.000000
vn 1.000000 -0.000000 0.000000
vn 1.000000 -0.000000 0.000000
vn 0.965926 0.258819 -0.000000
vn 0.965926 0.258819 -0.000000
vn 0.866025 0.500000 -0.000000
vn 0.866025 0.500000 -0.000000
vn 0.707107 0.707107 -0.000000
vn 0.707107 0.707107 -0.000000
vn 0.500000 0.866025 -0.000000
vn 0.500000 0.866025 -0.000000
vn 0.258819 0.965926 -0.000000
vn 0.258819 0.965926 -0.000000
vn -0.000000 1.000000 0.000000
vn -0.000000 1.000000 0.000000
vn -0.258819 0.965926 0.000000
vn -0.258819 0.965926 0.000000
vn -0.500000 0.866025 0.000000
vn -0.500000 0.866025 0.000000
vn -0.707107 0.707107 0.000000
vn -0.707107 0.707107 0.000000
vn -0.866025 0.500000 0.000000
vn -0.866025 0.500000 0.000000
vn -0.965926 0.258819 0.000000
vn -0.965926 0.258819 0.000000
vn -1.000000 0.000000 0.000000
vn -1.000000 0.000000 0.000000
vn -0.965926 -0.258819 0.000000
vn -0.965926 -0.258819 0.000000
vn -0.866025 -0.500000 0.000000
vn -0.866025 -0.500000 0.000000
vn -0.707107 -0.707107 0.000000
vn -0.707107 -0.707107 0.000000
vn -0.500000 -0.866025 0.000000
vn -0.500000 -0.866025 0.000000
vn -0.258819 -0.965926 0.000000
vn -0.258819 -0.965926 0.000000
vn -0.000000 -1.000000 0.000000
vn -0.000000 -1.000000 0.000000
vn 0.258819 -0.965926 0.000000
vn 0.258819 -0.965926 0.000000
vn 0.500000 -0.866025 0.000000
vn 0.500000 -0.866025 0.000000
vn 0.707107 -0.707107 0.000000
vn 0.707107 -0.707107 0.000000
vn 0.866025 -0.500000 0.000000
vn 0.866025 -0.500000 0.000000
vn 0.965926 -0.258819 0.000000
vn 0.965926 -0.258819 0.000000
vn 1.000000 -0.000000 0.000000
vn 1.000000 -0.000000 0.000000
vn 0.965926 0.258819 -0.000000
vn 0.965926 0.258819 -0.000000
vn 0.866025 0.500000 -0.000000
vn 0.866025 0.500000 -0.000000
vn 0.707107 0.707107 -0.000000
vn 0.707107 0.707107 -0.000000
vn 0.500000 0.866025 -0.000000
vn 0.500000 0.866025 -0.000000
vn 0.258819 0.965926 -0.000000
vn 0.258819 0.965926 -0.000000
vn -0.000000 1.000000 0.000000
vn -0.000000 1.000000 0.000000
vn -0.258819 0.965926 0.000000
vn -0.258819 0.965926 0.000000
vn -0.500000 0.866025 0.000000
vn -0.500000 0.866025 0.000000
vn -0.707107 0.707107 0.000000
vn -0.707107 0.707107 0.000000
vn -0.866025 0.500000 0.000000
vn -0.866025 0.500000 0.000000
vn -0.965926 0.258819 0.000000
vn -0.965926 0.258819 0.000000
vn -1.000000 0.000000 0.000000
vn -1.000000 0.000000 0.000000
vn -0.965926 -0.258819 0.000000
vn -0.965926 -0.258819 0.000000
vn -0.866025 -0.500000 0.000000
vn -0.866025 -0.500000 0.000000
vn -0.707107 -0.707107 0.000000
vn -0.707107 -0.707107 0.000000
vn -0.500000 -0.866025 0.000000
vn -0.500000 -0.866025 0.000000
vn -0.258819 -0.965926 0.000000
vn -0.258819 -0.965926 0.000000
vn -0.000000 -1.000000 0.000000
vn -0.000000 -1.000000 0.000000
vn 0.258819 -0.965926 0.000000
vn 0.258819 -0.965926 0.000000
vn 0.500000 -0.866025 0.000000
vn 0.500000 -0.866025 0.000000
vn 0.707107 -0.707107 0.000000
vn 0.707107 -0.707107 0.000000
vn 0.866025 -0.500000 0.000000
vn 0.866025 -0.500000 0.000000
vn 0.965926 0.258819 -0.000000
vn 0.965926 0.258819 -0.000000
vn 1.000000 0.000000 -0.000000
vn 1.000000 0.000000 -0.000000
vn 0.965926 -0.258819 0.000000
vn 0.965926 -0.258819 0.000000
vn 0.866025 -0.500000 0.000000
vn 0.866025 -0.500000 0.000000
vn 0.707107 -0.707107 0.000000
vn 0.707107 -0.707107 0.000000
vn 0.500000 -0.866025 0.000000
vn 0.500000 -0.866025 0.000000
vn 0.258819 -0.965926 0.000000
vn 0.258819 -0.965926 0.000000
vn -0.000000 -1.000000 0.000000
vn -0.000000 -1.000000 0.000000
vn -0.258819 -0.965926 0.000000
vn -0.258819 -0.965926 0.000000
vn -0.500000 -0.866025 0.000000
vn -0.500000 -0.866025 0.000000
vn -0.707107 -0.707107 0.000000
vn -0.707107 -0.707107 0.000000
vn -0.866025 -0.500000 0.000000
vn -0.866025 -0.500000 0.000000
vn -0.965926 -0.258819 0.000000
vn -0.965926 -0.258819 0.000000
vn -1.000000 0.000000 0.000000
vn -1.000000 0.000000 0.000000
vn -0.965926 0.258819 0.000000
vn -0.965926 0.258819 0.000000
vn -0.866025 0.500000 0.000000
vn -0.866025 0.500000 0.000000
vn -0.707107 0.707107 0.000000
vn -0.707107 0.707107 0.000000
vn -0.500000 0.866025 0.000000
vn -0.500000 0.866025 0.000000
vn -0.258819 0.965926 0.000000
vn -0.258819 0.965926 0.000000
vn -0.000000 1.000000 0.000000
vn -0.000000 1.000000 0.000000
vn 0.258819 0.965926 -0.000000
vn 0.258819 0.965926 -0.000000
vn 0.500000 0.866025 -0.000000
vn 0.500000 0.866025 -0.000000
vn 0.707107 0.707107 -0.000000
vn 0.707107 0.707107 -0.000000
vn 0.866025 0.500000 -0.000000
vn 0.866025 0.500000 -0.000000
vn 0.965926 -0.258819 0.000000
vn 0.965926 -0.258819 0.000000
vn 1.000000 -0.000000 0.000000
vn 1.000000 -0.000000 0.000000
vn 0.965926 0.258819 -0.000000
vn 0.965926 0.258819 -0.000000
vn 0.866025 0.500000 -0.000000
vn 0.866025 0.500000 -0.000000
vn 0.707107 0.707107 -0.000000
vn 0.707107 0.707107 -0.000000
vn 0.500000 0.866025 -0.000000
vn 0.500000 0.866025 -0.000000
vn 0.258819 0.965926 -0.000000
vn 0.258819 0.965926 -0.000000
vn -0.000000 1.000000 0.000000
vn -0.000000 1.000000 0.000000
vn -0.258819 0.965926 0.000000
vn -0.258819 0.965926 0.000000
vn -0.500000 0.866025 0.000000
vn -0.500000 0.866025 0.000000
vn -0.707107 0.707107 0.000000
vn -0.707107 0.707107 0.000000
vn -0.866025 0.500000 0.000000
vn -0.866025 0.500000 0.000000
vn -0.965926 0.258819 0.000000
vn -0.965926 0.258819 0.000000
vn -1.000000 0.000000 0.000000
vn -1.000000 0.000000 0.000000
vn -0.965926 -0.258819 0.000000
vn -0.965926 -0.258819 0.000000
vn -0.866025 -0.500000 0.000000
vn -0.866025 -0.500000 0.000000
vn -0.707107 -0.707107 0.000000
vn -0.707107 -0.707107 0.000000
vn -0.500000 -0.866025 0.000000
vn -0.500000 -0.866025 0.000000
vn -0.258819 -0.965926 0.000000
vn -0.258819 -0.965926 0.000000
vn -0.000000 -1.000000 0.000000
vn -0.000000 -1.000000 0.000000
vn 0.258819 -0.965926 0.000000
vn 0.258819 -0.965926 0.000000
vn 0.500000 -0.866025 0.000000
vn 0.500000 -0.866025 0.000000
vn 0.707107 -0.707107 0.000000
vn 0.707107 -0.707107 0.000000
vn 0.866025 -0.500000 0.000000
vn 0.866025 -0.500000 0.000000
vn 0.965926 -0.258819 0.000000
vn 0.965926 -0.258819 0.000000
vn 1.000000 -0.000000 0.000000
vn 1.000000 -0.000000 0.000000
vn 0.965926 0.258819 -0.000000
vn 0.965926 0.258819 -0.000000
vn 0.866025 0.500000 -0.000000
vn 0.866025 0.500000 -0.000000
vn 0.707107 0.707107 -0.000000
vn 0.707107 0.707107 -0.000000
vn 0.500000 0.866025 -0.000000
vn 0.500000 0.866025 -0.000000
vn 0.258819 0.965926 -0.000000
vn 0.258819 0.965926 -0.000000
vn -0.000000 1.000000 0.000000
vn -0.000000 1.000000 0.000000
vn -0.258819 0.965926 0.000000
vn -0.258819 0.965926 0.000000
vn -0.500000 0.866025 0.000000
vn -0.500000 0.866025 0.000000
vn -0.707107 0.707107 0.000000
vn -0.707107 0.707107 0.000000
vn -0.866025 0.500000 0.000000
vn -0.866025 0.500000 0.000000
vn -0.965926 0.258819 0.000000
vn -0.965926 0.258819 0.000000
vn -1.000000 0.000000 0.000000
vn -1.000000 0.000000 0.000000
vn -0.965926 -0.258819 0.000000
vn -0.965926 -0.258819 0.000000
vn -0.866025 -0.500000 0.000000
vn -0.866025 -0.500000 0.000000
vn -0.707107 -0.707107 0.000000
vn -0.707107 -0.707107 0.000000
vn -0.500000 -0.866025 0.000000
vn -0.500000 -0.866025 0.000000
vn -0.258819 -0.965926 0.000000
vn -0.258819 -0.965926 0.000000
vn -0.000000 -1.000000 0.000000
vn -0.000000 -1.000000 0.000000
vn 0.258819 -0.965926 0.000000
vn 0.258819 -0.965926 0.000000
vn 0.500000 -0.866025 0.000000
vn 0.500000 -0.866025 0.000000
vn 0.707107 -0.707107 0.000000
vn 0.707107 -0.707107 0.000000
vn 0.866025 -0.500000 0.000000
vn 0.866025 -0.500000 0.000000
vn 0.965926 -0.258819 0.000000
vn 0.965926 -0.258819 0.000000
vn 1.000000 -0.000000 0.000000
vn 1.000000 -0.000000 0.000000
vn 0.965926 0.258819 -0.000000
vn 0.965926 0.258819 -0.000000
vn 0.866025 0.500000 -0.000000
vn 0.866025 0.500000 -0.000000
vn 0.707107 0.707107 -0.000000
vn 0.707107 0.707107 -0.000000
vn 0.500000 0.866025 -0.000000
vn 0.500000 0.866025 -0.000000
vn 0.258819 0.965926 -0.000000
vn 0.258819 0.965926 -0.000000
vn -0.000000 1.000000 0.000000
vn -0.000000 1.000000 0.000000
vn -0.258819 0.965926 0.000000
vn -0.258819 0.965926 0.000000
vn -0.500000 0.866025 0.000000
vn -0.500000 0.866025 0.000000
vn -0.707107 0.707107 0.000000
vn -0.707107 0.707107 0.000000
vn -0.866025 0.500000 0.000000
vn -0.866025 0.500000 0.000000
vn -0.965926 0.258819 0.000000
vn -0.965926 0.258819 0.000000
vn -1.000000 0.000000 0.000000
vn -1.000000 0.000000 0.000000
vn -0.965926 -0.258819 0.000000
vn -0.965926 -0.258819 0.000000
vn -0.866025 -0.500000 0.000000
vn -0.866025 -0.500000 0.000000
vn -0.707107 -0.707107 0.000000
vn -0.707107 -0.707107 0.000000
vn -0.500000 -0.866025 0.000000
vn -0.500000 -0.866025 0.000000
vn -0.258819 -0.965926 0.000000
vn -0.258819 -0.965926 0.000000
vn -0.000000 -1.000000 0.000000
vn -0.000000 -1.000000 0.000000
vn 0.258819 -0.965926 0.000000
vn 0.258819 -0.965926 0.000000
vn 0.500000 -0.866025 0.000000
vn 0.500000 -0.866025 0.000000
vn 0.707107 -0.707107 0.000000
vn 0.707107 -0.707107 0.000000
vn 0.866025 -0.500000 0.000000
vn 0.866025 -0.500000 0.000000
vn 0.965926 -0.258819 0.000000
vn 0.965926 -0.258819 0.000000
vn 1.000000 -0.000000 0.000000
vn 1.000000 -0.000000 0.000000
vn 0.965926 0.258819 -0.000000
vn 0.965926 0.258819 -0.000000
vn 0.866025 0.500000 -0.000000
vn 0.866025 0.500000 -0.000000
vn 0.707107 0.707107 -0.000000
vn 0.707107 0.707107 -0.000000
vn 0.500000 0.866025 -0.000000
vn 0.500000 0.866025 -0.000000
vn 0.258819 0.965926 -0.000000
vn 0.258819 0.965926 -0.000000
vn -0.000000 1.000000 0.000000
vn -0.000000 1.000000 0.000000
vn -0.258819 0.965926 0.000000
vn -0.258819 0.965926 0.000000
vn -0.500000 0.866025 0.000000
vn -0.500000 0.866025 0.000000
vn -0.707107 0.707107 0.000000
vn -0.707107 0.707107 0.000000
vn -0.866025 0.500000 0.000000
vn -0.866025 0.500000 0.000000
vn -0.965926 0.258819 0.000000
vn -0.965926 0.258819 0.000000
vn -1.000000 0.000000 0.000000
vn -1.000000 0.000000 0.000000
vn -0.965926 -0.258819 0.000000
vn -0.965926 -0.258819 0.000000
vn -0.866025 -0.500000 0.000000
vn -0.866025 -0.500000 0.000000
vn -0.707107 -0.707107 0.000000
vn -0.707107 -0.707107 0.000000
vn -0.500000 -0.866025 0.000000
vn -0.500000 -0.866025 0.000000
vn -0.258819 -0.965926 0.000000
vn -0.258819 -0.965926 0.000000
vn -0.000000 -1.000000 0.000000
vn -0.000000 -1.000000 0.000000
vn 0.258819 -0.965926 0.000000
vn 0.258819 -0.965926 0.000000
vn 0.500000 -0.866025 0.000000
vn 0.500000 -0.866025 0.000000
vn 0.707107 -0.707107 0.000000
vn 0.707107 -0.707107 0.000000
vn 0.866025 -0.500000 0.000000
vn 0.866025 -0.500000 0.000000
vn -0.988831 -0.149042 0.000000
vn -0.988831 -0.149042 0.000000
vn -1.000000 -0.000000 0.000000
vn -1.000000 -0.000000 0.000000
vn -0.988831 0.149042 -0.000000
vn -0.988831 0.149042 -0.000000
vn -0.955573 0.294755 -0.000000
vn -0.955573 0.294755 -0.000000
vn -0.900969 0.433884 -0.000000
vn -0.900969 0.433884 -0.000000
vn -0.826239 0.563320 -0.000000
vn -0.826239 0.563320 -0.000000
vn -0.733052 0.680173 -0.000000
vn -0.733052 0.680173 -0.000000
vn -0.623490 0.781831 -0.000000
vn -0.623490 0.781831 -0.000000
vn -0.500000 0.866025 -0.000000
vn -0.500000 0.866025 -0.000000
vn -0.365341 0.930874 -0.000000
vn -0.365341 0.930874 -0.000000
vn -0.222521 0.974928 -0.000000
vn -0.222521 0.974928 -0.000000
vn -0.074730 0.997204 -0.000000
vn -0.074730 0.997204 -0.000000
vn 0.074730 0.997204 -0.000000
vn 0.074730 0.997204 -0.000000
vn 0.222521 0.974928 -0.000000
vn 0.222521 0.974928 -0.000000
vn 0.365341 0.930874 -0.000000
vn 0.365341 0.930874 -0.000000
vn 0.500000 0.866025 -0.000000
vn 0.500000 0.866025 -0.000000
vn 0.623490 0.781831 -0.000000
vn 0.623490 0.781831 -0.000000
vn 0.733052 0.680173 -0.000000
vn 0.733052 0.680173 -0.000000
vn 0.826239 0.563320 -0.000000
vn 0.826239 0.563320 -0.000000
vn 0.900969 0.433884 -0.000000
vn 0.900969 0.433884 -0.000000
vn 0.955573 0.294755 -0.000000
vn 0.955573 0.294755 -0.000000
vn 0.988831 0.149042 -0.000000
vn 0.988831 0.149042 -0.000000
vn 1.000000 -0.000000 -0.000000
vn 1.000000 -0.000000 -0.000000
vn 0.988831 -0.149042 -0.000000
vn 0.988831 -0.149042 -0.000000
vn 0.955573 -0.294755 -0.000000
vn 0.955573 -0.294755 -0.000000
vn 0.900969 -0.433884 -0.000000
vn 0.900969 -0.433884 -0.000000
vn 0.826239 -0.563320 -0.000000
vn 0.826239 -0.563320 -0.000000
vn 0.733052 -0.680173 -0.000000
vn 0.733052 -0.680173 -0.000000
vn 0.623490 -0.781831 -0.000000
vn 0.623490 -0.781831 -0.000000
vn 0.500000 -0.866025 -0.000000
vn 0.500000 -0.866025 -0.000000
vn 0.365341 -0.930874 -0.000000
vn 0.365341 -0.930874 -0.000000
vn 0.222521 -0.974928 -0.000000
vn 0.222521 -0.974928 -0.000000
vn 0.074730 -0.997204 -0.000000
vn 0.074730 -0.997204 -0.000000
vn -0.074730 -0.997204 0.000000
vn -0.074730 -0.997204 0.000000
vn -0.222521 -0.974928 0.000000
vn -0.222521 -0.974928 0.000000
vn -0.365341 -0.930874 0.000000
vn -0.365341 -0.930874 0.000000
vn -0.500000 -0.866025 0.000000
vn -0.500000 -0.866025 0.000000
vn -0.623490 -0.781831 0.000000
vn -0.623490 -0.781831 0.000000
vn -0.733052 -0.680173 0.000000
vn -0.733052 -0.680173 0.000000
vn -0.826239 -0.563320 0.000000
vn -0.826239 -0.563320 0.000000
vn -0.900969 -0.433884 0.000000
vn -0.900969 -0.433884 0.000000
vn -0.955573 -0.294755 0.000000
vn -0.955573 -0.294755 0.000000
vn 0.000000 0.000000 1.000000
vn 0.000000 0.000000 1.000000
vn 0.000000 0.000000 1.000000
vn 0.000000 0.000000 1.000000
vn 0.000000 0.000000 1.000000
vn 0.000000 0.000000 1.000000
vn 0.000000 0.000000 1.000000
vn 0.000000 0.000000 1.000000
vn 0.000000 0.000000 1.000000
vn 0.000000 0.000000 1.000000
vn 0.000000 0.000000 1.000000
vn 0.000000 0.000000 1.000000
vn 0.000000 0.000000 1.000000
vn 0.000000 0.000000 1.000000
vn 0.000000 0.000000 1.000000
vn 0.000000 0.000000 1.000000
vn 0.000000 0.000000 1.000000
vn 0.000000 0.000000 1.000000
vn 0.000000 0.000000 1.000000
vn 0.000000 0.000000 1.000000
vn 0.000000 0.000000 1.000000
vn 0.000000 0.000000 1.000000
vn 0.000000 0.000000 1.000000
vn 0.000000 0.000000 1.000000
vn 0.000000 0.000000 1.000000
vn 0.000000 0.000000 1.000000
vn 0.000000 0.000000 1.000000
vn 0.000000 0.000000 1.000000
vn 0.000000 0.000000 1.000000
vn 0.000000 0.000000 1.000000
vn 0.000000 0.000000 1.000000
vn 0.000000 0.000000 1.000000
vn 0.000000 0.000000 1.000000
vn 0.000000 0.000000 1.000000
vn 0.000000 0.000000 1.000000
vn 0.000000 0.000000 1.000000
vn 0.000000 0.000000 1.000000
vn 0.000000 0.000000 1.000000
vn 0.000000 0.000000 1.000000
vn 0.000000 0.000000 1.000000
vn 0.000000 0.000000 1.000000
vn 0.000000 0.000000 1.000000
vn 0.000000 0.000000 1.000000
vn 0.000000 0.000000 1.000000
vn 0.000000 0.000000 1.000000
vn 0.000000 0.000000 1.000000
vn 0.000000 0.000000 1.000000
vn 0.000000 0.000000 1.000000
vn 0.000000 0.000000 1.000000
vn 0.000000 0.000000 1.000000
vn 0.000000 0.000000 1.000000
vn 0.000000 0.000000 1.000000
vn 0.000000 0.000000 1.000000
vn 0.000000 0.000000 1.000000
vn 0.000000 0.000000 1.000000
vn 0.000000 0.000000 1.000000
vn 0.000000 0.000000 1.000000
vn 0.000000 0.000000 1.000000
vn 0.000000 0.000000 1.000000
vn 0.000000 0.000000 1.000000
vn 0.000000 0.000000 1.000000
vn 0.000000 0.000000 1.000000
vn 0.000000 0.000000 1.000000
vn 0.000000 0.000000 1.000000
vn 0.000000 0.000000 1.000000
vn 0.000000 0.000000 1.000000
vn 0.000000 0.000000 1.000000
vn 0.000000 0.000000 1.000000
vn 0.000000 0.000000 1.000000
vn 0.000000 0.000000 1.000000
vn 0.000000 0.000000 1.000000
vn 0.000000 0.000000 1.000000
vn 0.000000 0.000000 1.000000
vn 0.000000 0.000000 1.000000
vn 0.000000 0.000000 1.000000
vn 0.000000 0.000000 1.000000
vn 0.000000 0.000000 1.000000
vn 0.000000 0.000000 1.000000
vn 0.000000 0.000000 1.000000
vn 0.000000 0.000000 1.000000
vn 0.000000 0.000000 1.000000
vn 0.000000 0.000000 1.000000
vn 0.000000 0.000000 1.000000
vn 0.000000 0.000000 1.000000
vn 0.000000 0.000000 1.000000
vn 0.000000 0.000000 1.000000
vn 0.000000 0.000000 1.000000
vn 0.000000 0.000000 1.000000
vn 0.000000 0.000000 1.000000
vn 0.000000 0.000000 1.000000
vn 0.000000 0.000000 1.000000
vn 0.000000 0.000000 1.000000
vn 0.000000 0.000000 1.000000
vn 0.000000 0.000000 1.000000
vn 0.000000 0.000000 1.000000
vn 0.000000 0.000000 1.000000
vn 0.000000 0.000000 1.000000
vn 0.000000 0.000000 1.000000
vn 0.000000 0.000000 1.000000
vn 0.000000 0.000000 1.000000
vn 0.000000 0.000000 1.000000
vn 0.000000 0.000000 1.000000
vn 0.000000 0.000000 1.000000
vn 0.000000 0.000000 1.000000
vn 0.000000 0.000000 1.000000
vn 0.000000 0.000000 1.000000
vn 0.000000 0.000000 1.000000
vn 0.000000 0.000000 1.000000
vn 0.000000 0.000000 1.000000
vn 0.000000 0.000000 1.000000
vn 0.000000 0.000000 1.000000
vn 0.000000 0.000000 1.000000
vn 0.000000 0.000000 1.000000
vn 0.000000 0.000000 1.000000
vn 0.000000 0.000000 1.000000
vn 0.000000 0.000000 1.000000
vn 0.000000 0.000000 1.000000
vn 0.000000 0.000000 1.000000
vn 0.000000 0.000000 1.000000
vn 0.000000 0.000000 1.000000
vn 0.000000 0.000000 1.000000
vn 0.000000 0.000000 1.000000
vn 0.000000 0.000000 1.000000
vn 0.000000 0.000000 1.000000
vn 0.000000 0.000000 1.000000
vn 0.000000 0.000000 1.000000
vn 0.000000 0.000000 1.000000
vn 0.000000 0.000000 1.000000
vn 0.000000 0.000000 1.000000
vn 0.000000 0.000000 1.000000
vn 0.000000 0.000000 1.000000
vn 0.000000 0.000000 1.000000
vn 0.000000 0.000000 1.000000
vn 0.000000 0.000000 1.000000
vn 0.000000 0.000000 1.000000
vn 0.000000 0.000000 1.000000
vn 0.000000 0.000000 1.000000
vn 0.000000 0.000000 1.000000
vn 0.000000 0.000000 1.000000
vn 0.000000 0.000000 1.000000
vn 0.000000 0.000000 1.000000
vn 0.000000 0.000000 1.000000
vn 0.000000 0.000000 1.000000
vn 0.000000 0.000000 1.000000
vn 0.000000 0.000000 1.000000
vn 0.000000 0.000000 1.000000
vn 0.000000 0.000000 1.000000
vn 0.000000 0.000000 1.000000
vn 0.000000 0.000000 1.000000
vn 0.000000 0.000000 1.000000
vn 0.000000 0.000000 1.000000
vn 0.000000 0.000000 1.000000
vn 0.000000 0.000000 1.000000
vn 0.000000 0.000000 1.000000
vn 0.000000 0.000000 1.000000
vn 0.000000 0.000000 1.000000
vn 0.000000 0.000000 1.000000
vn 0.000000 0.000000 1.000000
vn 0.000000 0.000000 1.000000
vn 0.000000 0.000000 1.000000
vn 0.000000 0.000000 1.000000
vn 0.000000 0.000000 1.000000
vn 0.000000 0.000000 1.000000
vn 0.000000 0.000000 1.000000
vn 0.000000 0.000000 1.000000
vn 0.000000 0.000000 1.000000
vn 0.000000 0.000000 1.000000
vn 0.000000 0.000000 1.000000
vn 0.000000 0.000000 1.000000
vn 0.000000 0.000000 1.000000
vn 0.000000 0.000000 1.000000
vn 0.000000 0.000000 1.000000
vn 0.000000 0.000000 1.000000
vn 0.000000 0.000000 1.000000
vn 0.000000 0.000000 1.000000
vn 0.000000 0.000000 1.000000
vn 0.000000 0.000000 1.000000
vn 0.000000 0.000000 1.000000
vn 0.000000 0.000000 1.000000
vn 0.000000 0.000000 1.000000
vn 0.000000 0.000000 1.000000
vn 0.000000 0.000000 1.000000
vn 0.000000 0.000000 1.000000
vn 0.000000 0.000000 1.000000
vn 0.000000 0.000000 1.000000
vn 0.000000 0.000000 1.000000
vn 0.000000 0.000000 1.000000
vn 0.000000 0.000000 1.000000
vn 0.000000 0.000000 1.000000
vn 0.000000 0.000000 1.000000
vn 0.000000 0.000000 1.000000
vn 0.000000 0.000000 1.000000
vn 0.000000 0.000000 1.000000
vn 0.000000 0.000000 1.000000
vn 0.000000 0.000000 1.000000
vn 0.000000 0.000000 1.000000
vn 0.000000 0.000000 1.000000
vn 0.000000 0.000000 1.000000
vn 0.000000 0.000000 1.000000
vn 0.000000 0.000000 1.000000
vn 0.000000 0.000000 1.000000
vn 0.000000 0.000000 1.000000
vn 0.000000 0.000000 1.000000
vn 0.000000 0.000000 1.000000
vn 0.000000 0.000000 1.000000
vn 0.000000 0.000000 1.000000
vn 0.000000 0.000000 1.000000
vn 0.000000 0.000000 1.000000
vn 0.000000 0.000000 1.000000
vn 0.000000 0.000000 1.000000
vn 0.000000 0.000000 1.000000
vn 0.000000 0.000000 1.000000
vn 0.000000 0.000000 1.000000
vn 0.000000 0.000000 1.000000
vn 0.000000 0.000000 1.000000
vn 0.000000 0.000000 1.000000
vn 0.000000 0.000000 1.000000
vn 0.000000 0.000000 1.000000
vn 0.000000 0.000000 1.000000
vn 0.000000 0.000000 1.000000
vn 0.000000 0.000000 1.000000
vn 0.000000 0.000000 1.000000
vn 0.000000 0.000000 1.000000
vn 0.000000 0.000000 1.000000
vn 0.000000 0.000000 1.000000
vn 0.000000 0.000000 1.000000
vn 0.000000 0.000000 1.000000
vn 0.000000 0.000000 1.000000
vn 0.000000 0.000000 1.000000
vn 0.000000 0.000000 1.000000
vn 0.000000 0.000000 1.000000
vn 0.000000 0.000000 1.000000
vn 0.000000 0.000000 1.000000
vn 0.000000 0.000000 1.000000
vn 0.000000 0.000000 1.000000
vn 0.000000 0.000000 1.000000
vn 0.000000 0.000000 1.000000
vn 0.000000 0.000000 1.000000
vn 0.000000 0.000000 1.000000
vn 0.000000 0.000000 1.000000
vn 0.000000 0.000000 1.000000
vn 0.000000 0.000000 1.000000
vn 0.000000 0.000000 1.000000
vn 0.000000 0.000000 1.000000
vn 0.000000 0.000000 1.000000
vn 0.000000 0.000000 1.000000
vn 0.000000 0.000000 1.000000
vn 0.000000 0.000000 1.000000
vn 0.000000 0.000000 1.000000
vn 0.000000 0.000000 1.000000
vn 0.000000 0.000000 1.000000
vn 0.000000 0.000000 1.000000
vn 0.000000 0.000000 1.000000
vn 0.000000 0.000000 1.000000
vn 0.000000 0.000000 1.000000
vn 0.000000 0.000000 1.000000
vn 0.000000 0.000000 1.000000
vn 0.000000 0.000000 1.000000
vn 0.000000 0.000000 1.000000
vn 0.000000 0.000000 1.000000
vn 0.000000 0.000000 1.000000
vn 0.000000 0.000000 1.000000
vn 0.000000 0.000000 1.000000
vn 0.000000 0.000000 1.000000
vn 0.000000 0.000000 1.000000
vn 0.000000 0.000000 1.000000
vn 0.000000 0.000000 1.000000
vn 0.000000 0.000000 1.000000
vn 0.000000 0.000000 1.000000
vn 0.000000 0.000000 1.000000
vn 0.000000 0.000000 1.000000
vn 0.000000 0.000000 1.000000
vn 0.000000 0.000000 1.000000
vn 0.000000 0.000000 1.000000
vn 0.000000 0.000000 1.000000
vn 0.000000 0.000000 1.000000
vn 0.000000 0.000000 1.000000
vn 0.000000 0.000000 1.000000
vn 0.000000 0.000000 1.000000
vn 0.000000 0.000000 1.000000
vn 0.000000 0.000000 1.000000
vn 0.000000 0.000000 1.000000
vn 0.000000 0.000000 1.000000
vn 0.000000 0.000000 1.000000
vn 0.000000 0.000000 1.000000
vn 0.000000 0.000000 1.000000
vn 0.000000 0.000000 1.000000
vn 0.000000 0.000000 1.000000
vn 0.000000 0.000000 1.000000
vn 0.000000 0.000000 1.000000
vn 0.000000 0.000000 1.000000
vn 0.000000 0.000000 1.000000
vn 0.000000 0.000000 1.000000
vn 0.000000 0.000000 1.000000
vn 0.000000 0.000000 1.000000
vn 0.000000 0.000000 1.000000
vn 0.000000 0.000000 1.000000
vn 0.000000 0.000000 1.000000
vn 0.000000 0.000000 1.000000
vn 0.000000 0.000000 1.000000
vn 0.000000 0.000000 1.000000
vn 0.000000 0.000000 1.000000
vn 0.000000 0.000000 1.000000
vn 0.000000 0.000000 1.000000
vn 0.000000 0.000000 1.000000
vn 0.000000 0.000000 1.000000
vn 0.000000 0.000000 1.000000
vn 0.000000 0.000000 1.000000
vn 0.000000 0.000000 1.000000
vn 0.000000 0.000000 1.000000
vn 0.000000 0.000000 1.000000
vn 0.000000 0.000000 1.000000
vn 0.000000 0.000000 1.000000
vn 0.000000 0.000000 1.000000
vn 0.000000 0.000000 1.000000
vn 0.000000 0.000000 1.000000
vn 0.000000 0.000000 1.000000
vn 0.000000 0.000000 1.000000
vn 0.000000 0.000000 1.000000
vn 0.000000 0.000000 1.000000
vn 0.000000 0.000000 1.000000
vn 0.000000 0.000000 1.000000
vn 0.000000 0.000000 1.000000
vn 0.000000 0.000000 1.000000
vn 0.000000 0.000000 1.000000
vn 0.000000 0.000000 1.000000
vn 0.000000 0.000000 1.000000
vn 0.000000 0.000000 1.000000
vn 0.000000 0.000000 1.000000
vn 0.000000 0.000000 1.000000
vn 0.000000 0.000000 1.000000
vn 0.000000 0.000000 1.000000
vn 0.000000 0.000000 1.000000
vn 0.000000 0.000000 1.000000
vn 0.000000 0.000000 1.000000
vn 0.000000 0.000000 1.000000
vn 0.000000 0.000000 1.000000
vn 0.000000 0.000000 1.000000
vn 0.000000 0.000000 1.000000
vn 0.000000 0.000000 1.000000
vn 0.000000 0.000000 1.000000
vn 0.000000 0.000000 1.000000
vn 0.000000 0.000000 1.000000
vn 0.000000 0.000000 1.000000
vn 0.000000 0.000000 1.000000
vn 0.000000 0.000000 1.000000
vn 0.000000 0.000000 1.000000
vn 0.000000 0.000000 1.000000
vn 0.000000 0.000000 1.000000
vn 0.000000 0.000000 1.000000
vn 0.000000 0.000000 1.000000
vn 0.000000 0.000000 1.000000
vn 0.000000 0.000000 1.000000
vn 0.000000 0.000000 1.000000
usemtl Acier_-_Satiné
f 2/1/1 48/2/2 1/3/3
f 1/3/3 48/2/2 25/4/4
f 1/5/3 25/6/4 24/7/5
f 24/7/5 25/6/4 26/8/6
f 24/7/5 26/8/6 23/9/7
f 23/9/7 26/8/6 27/10/8
f 23/9/7 27/10/8 22/11/9
f 22/11/9 27/10/8 28/12/10
f 22/11/9 28/12/10 21/13/11
f 21/13/11 28/12/10 29/14/12
f 21/13/11 29/14/12 20/15/13
f 20/15/13 29/14/12 30/16/14
f 20/15/13 30/16/14 19/17/15
f 19/17/15 30/16/14 31/18/16
f 19/17/15 31/18/16 18/19/17
f 18/19/17 31/18/16 32/20/18
f 18/19/17 32/20/18 17/21/19
f 17/21/19 32/20/18 33/22/20
f 17/21/19 33/22/20 16/23/21
f 16/23/21 33/22/20 34/24/22
f 16/23/21 34/24/22 15/25/23
f 15/25/23 34/24/22 35/26/24
f 15/25/23 35/26/24 14/27/25
f 14/27/25 35/26/24 36/28/26
f 14/27/25 36/28/26 13/29/27
f 13/29/27 36/28/26 37/30/28
f 13/29/27 37/30/28 12/31/29
f 12/31/29 37/30/28 38/32/30
f 12/31/29 38/32/30 11/33/31
f 11/33/31 38/32/30 39/34/32
f 11/33/31 39/34/32 10/35/33
f 10/35/33 39/34/32 40/36/34
f 10/35/33 40/36/34 9/37/35
f 9/37/35 40/36/34 41/38/36
f 9/37/35 41/38/36 8/39/37
f 8/39/37 41/38/36 42/40/38
f 8/39/37 42/40/38 7/41/39
f 7/41/39 42/40/38 43/42/40
f 7/41/39 43/42/40 6/43/41
f 6/43/41 43/42/40 44/44/42
f 6/43/41 44/44/42 5/45/43
f 5/45/43 44/44/42 45/46/44
f 5/45/43 45/46/44 4/47/45
f 4/47/45 45/46/44 46/48/46
f 4/47/45 46/48/46 3/49/47
f 3/49/47 46/48/46 47/50/48
f 3/49/47 47/50/48 2/1/1
f 2/1/1 47/50/48 48/2/2
f 50/51/49 96/52/50 49/53/51
f 49/53/51 96/52/50 73/54/52
f 49/55/51 73/56/52 72/57/53
f 72/57/53 73/56/52 74/58/54
f 72/57/53 74/58/54 71/59/55
f 71/59/55 74/58/54 75/60/56
f 71/59/55 75/60/56 70/61/57
f 70/61/57 75/60/56 76/62/58
f 70/61/57 76/62/58 69/63/59
f 69/63/59 76/62/58 77/64/60
f 69/63/59 77/64/60 68/65/61
f 68/65/61 77/64/60 78/66/62
f 68/65/61 78/66/62 67/67/63
f 67/67/63 78/66/62 79/68/64
f 67/67/63 79/68/64 66/69/65
f 66/69/65 79/68/64 80/70/66
f 66/69/65 80/70/66 65/71/67
f 65/71/67 80/70/66 81/72/68
f 65/71/67 81/72/68 64/73/69
f 64/73/69 81/72/68 82/74/70
f 64/73/69 82/74/70 63/75/71
f 63/75/71 82/74/70 83/76/72
f 63/75/71 83/76/72 62/77/73
f 62/77/73 83/76/72 84/78/74
f 62/77/73 84/78/74 61/79/75
f 61/79/75 84/78/74 85/80/76
f 61/79/75 85/80/76 60/81/77
f 60/81/77 85/80/76 86/82/78
f 60/81/77 86/82/78 59/83/79
f 59/83/79 86/82/78 87/84/80
f 59/83/79 87/84/80 58/85/81
f 58/85/81 87/84/80 88/86/82
f 58/85/81 88/86/82 57/87/83
f 57/87/83 88/86/82 89/88/84
f 57/87/83 89/88/84 56/89/85
f 56/89/85 89/88/84 90/90/86
f 56/89/85 90/90/86 55/91/87
f 55/91/87 90/90/86 91/92/88
f 55/91/87 91/92/88 54/93/89
f 54/93/89 91/92/88 92/94/90
f 54/93/89 92/94/90 53/95/91
f 53/95/91 92/94/90 93/96/92
f 53/95/91 93/96/92 52/97/93
f 52/97/93 93/96/92 94/98/94
f 52/97/93 94/98/94 51/99/95
f 51/99/95 94/98/94 95/100/96
f 51/99/95 95/100/96 50/51/49
f 50/51/49 95/100/96 96/52/50
f 50/101/97 49/102/98 1/103/99
f 1/103/99 49/102/98 72/104/100
f 1/103/99 72/104/100 2/105/101
f 2/105/101 72/104/100 71/106/102
f 2/105/101 71/106/102 3/107/103
f 3/107/103 71/106/102 70/108/104
f 3/107/103 70/108/104 4/109/105
f 4/109/105 70/108/104 69/110/106
f 4/109/105 69/110/106 5/111/107
f 5/111/107 69/110/106 68/112/108
f 5/111/107 68/112/108 6/113/109
f 6/113/109 68/112/108 67/114/110
f 6/113/109 67/114/110 7/115/111
f 7/115/111 67/114/110 8/116/112
f 8/116/112 67/114/110 66/117/113
f 8/116/112 66/117/113 9/118/114
f 9/118/114 66/117/113 65/119/115
f 9/118/114 65/119/115 10/120/116
f 10/120/116 65/119/115 64/121/117
f 10/120/116 64/121/117 11/122/118
f 11/122/118 64/121/117 63/123/119
f 11/122/118 63/123/119 12/124/120
f 12/124/120 63/123/119 62/125/121
f 12/124/120 62/125/121 13/126/122
f 13/126/122 62/125/121 61/127/123
f 13/126/122 61/127/123 14/128/124
f 14/128/124 61/127/123 60/129/125
f 14/128/124 60/129/125 59/130/126
f 14/128/124 59/130/126 15/131/127
f 15/131/127 59/130/126 58/132/128
f 15/131/127 58/132/128 16/133/129
f 16/133/129 58/132/128 57/134/130
f 16/133/129 57/134/130 17/135/131
f 17/135/131 57/134/130 56/136/132
f 17/135/131 56/136/132 18/137/133
f 18/137/133 56/136/132 55/138/134
f 18/137/133 55/138/134 19/139/135
f 19/139/135 55/138/134 20/140/136
f 20/140/136 55/138/134 54/141/137
f 20/140/136 54/141/137 21/142/138
f 21/142/138 54/141/137 53/143/139
f 21/142/138 53/143/139 22/144/140
f 22/144/140 53/143/139 52/145/141
f 22/144/140 52/145/141 23/146/142
f 23/146/142 52/145/141 51/147/143
f 23/146/142 51/147/143 24/148/144
f 24/148/144 51/147/143 50/101/97
f 24/148/144 50/101/97 1/103/99
f 98/149/145 144/150/146 97/151/147
f 97/151/147 144/150/146 121/152/148
f 97/151/147 121/152/148 120/153/149
f 120/153/149 121/152/148 122/154/150
f 120/153/149 122/154/150 119/155/151
f 119/155/151 122/154/150 123/156/152
f 119/155/151 123/156/152 118/157/153
f 118/157/153 123/156/152 124/158/154
f 118/157/153 124/158/154 117/159/155
f 117/159/155 124/158/154 125/160/156
f 117/159/155 125/160/156 116/161/157
f 116/161/157 125/160/156 126/162/158
f 116/161/157 126/162/158 115/163/159
f 115/163/159 126/162/158 127/164/160
f 115/163/159 127/164/160 128/165/161
f 98/149/145 99/166/162 144/150/146
f 144/150/146 99/166/162 143/167/163
f 143/167/163 99/166/162 100/168/164
f 143/167/163 100/168/164 142/169/165
f 142/169/165 100/168/164 101/170/166
f 142/169/165 101/170/166 141/171/167
f 141/171/167 101/170/166 102/172/168
f 141/171/167 102/172/168 140/173/169
f 140/173/169 102/172/168 103/174/170
f 140/173/169 103/174/170 139/175/171
f 139/175/171 103/174/170 138/176/172
f 138/176/172 103/174/170 104/177/173
f 138/176/172 104/177/173 137/178/174
f 137/178/174 104/177/173 105/179/175
f 137/178/174 105/179/175 136/180/176
f 136/180/176 105/179/175 106/181/177
f 136/180/176 106/181/177 135/182/178
f 135/182/178 106/181/177 107/183/179
f 135/182/178 107/183/179 134/184/180
f 134/184/180 107/183/179 108/185/181
f 134/184/180 108/185/181 133/186/182
f 133/186/182 108/185/181 109/187/183
f 133/186/182 109/187/183 110/188/184
f 133/186/182 110/188/184 132/189/185
f 132/189/185 110/188/184 111/190/186
f 132/189/185 111/190/186 131/191/187
f 131/191/187 111/190/186 112/192/188
f 131/191/187 112/192/188 130/193/189
f 130/193/189 112/192/188 113/194/190
f 130/193/189 113/194/190 129/195/191
f 129/195/191 113/194/190 114/196/192
f 129/195/191 114/196/192 128/165/161
f 128/165/161 114/196/192 115/163/159
f 146/197/193 192/198/194 145/199/195
f 145/199/195 192/198/194 169/200/196
f 145/201/195 169/202/196 168/203/197
f 168/203/197 169/202/196 170/204/198
f 168/203/197 170/204/198 167/205/199
f 167/205/199 170/204/198 171/206/200
f 167/205/199 171/206/200 166/207/201
f 166/207/201 171/206/200 172/208/202
f 166/207/201 172/208/202 165/209/203
f 165/209/203 172/208/202 173/210/204
f 165/209/203 173/210/204 164/211/205
f 164/211/205 173/210/204 174/212/206
f 164/211/205 174/212/206 163/213/207
f 163/213/207 174/212/206 175/214/208
f 163/213/207 175/214/208 162/215/209
f 162/215/209 175/214/208 176/216/210
f 162/215/209 176/216/210 161/217/211
f 161/217/211 176/216/210 177/218/212
f 161/217/211 177/218/212 160/219/213
f 160/219/213 177/218/212 178/220/214
f 160/219/213 178/220/214 159/221/215
f 159/221/215 178/220/214 179/222/216
f 159/221/215 179/222/216 158/223/217
f 158/223/217 179/222/216 180/224/218
f 158/223/217 180/224/218 157/225/219
f 157/225/219 180/224/218 181/226/220
f 157/225/219 181/226/220 156/227/221
f 156/227/221 181/226/220 182/228/222
f 156/227/221 182/228/222 155/229/223
f 155/229/223 182/228/222 183/230/224
f 155/229/223 183/230/224 154/231/225
f 154/231/225 183/230/224 184/232/226
f 154/231/225 184/232/226 153/233/227
f 153/233/227 184/232/226 185/234/228
f 153/233/227 185/234/228 152/235/229
f 152/235/229 185/234/228 186/236/230
f 152/235/229 186/236/230 151/237/231
f 151/237/231 186/236/230 187/238/232
f 151/237/231 187/238/232 150/239/233
f 150/239/233 187/238/232 188/240/234
f 150/239/233 188/240/234 149/241/235
f 149/241/235 188/240/234 189/242/236
f 149/241/235 189/242/236 148/243/237
f 148/243/237 189/242/236 190/244/238
f 148/243/237 190/244/238 147/245/239
f 147/245/239 190/244/238 191/246/240
f 147/245/239 191/246/240 146/197/193
f 146/197/193 191/246/240 192/198/194
f 146/247/241 145/248/242 193/249/243
f 193/249/243 145/248/242 168/250/244
f 193/249/243 168/250/244 216/251/245
f 216/251/245 168/250/244 167/252/246
f 216/251/245 167/252/246 215/253/247
f 215/253/247 167/252/246 166/254/248
f 215/253/247 166/254/248 214/255/249
f 214/255/249 166/254/248 165/256/250
f 214/255/249 165/256/250 213/257/251
f 213/257/251 165/256/250 164/258/252
f 213/257/251 164/258/252 212/259/253
f 212/259/253 164/258/252 163/260/254
f 212/259/253 163/260/254 211/261/255
f 211/261/255 163/260/254 210/262/256
f 210/262/256 163/260/254 162/263/257
f 210/262/256 162/263/257 209/264/258
f 209/264/258 162/263/257 161/265/259
f 209/264/258 161/265/259 208/266/260
f 208/266/260 161/265/259 160/267/261
f 208/266/260 160/267/261 207/268/262
f 207/268/262 160/267/261 159/269/263
f 207/268/262 159/269/263 206/270/264
f 206/270/264 159/269/263 158/271/265
f 206/270/264 158/271/265 205/272/266
f 205/272/266 158/271/265 157/273/267
f 205/272/266 157/273/267 204/274/268
f 204/274/268 157/273/267 156/275/269
f 204/274/268 156/275/269 155/276/270
f 204/274/268 155/276/270 203/277/271
f 203/277/271 155/276/270 154/278/272
f 203/277/271 154/278/272 202/279/273
f 202/279/273 154/278/272 153/280/274
f 202/279/273 153/280/274 201/281/275
f 201/281/275 153/280/274 152/282/276
f 201/281/275 152/282/276 200/283/277
f 200/283/277 152/282/276 151/284/278
f 200/283/277 151/284/278 199/285/279
f 199/285/279 151/284/278 198/286/280
f 198/286/280 151/284/278 150/287/281
f 198/286/280 150/287/281 197/288/282
f 197/288/282 150/287/281 149/289/283
f 197/288/282 149/289/283 196/290/284
f 196/290/284 149/289/283 148/291/285
f 196/290/284 148/291/285 195/292/286
f 195/292/286 148/291/285 147/293/287
f 195/292/286 147/293/287 194/294/288
f 194/294/288 147/293/287 146/247/241
f 194/294/288 146/247/241 193/249/243
f 192/295/289 240/296/290 169/297/291
f 169/297/291 240/296/290 217/298/292
f 169/297/291 217/298/292 170/299/293
f 170/299/293 217/298/292 218/300/294
f 170/299/293 218/300/294 171/301/295
f 171/301/295 218/300/294 219/302/296
f 171/301/295 219/302/296 172/303/297
f 172/303/297 219/302/296 220/304/298
f 172/303/297 220/304/298 173/305/299
f 173/305/299 220/304/298 221/306/300
f 173/305/299 221/306/300 174/307/301
f 174/307/301 221/306/300 222/308/302
f 174/307/301 222/308/302 175/309/303
f 175/309/303 222/308/302 223/310/304
f 175/309/303 223/310/304 224/311/305
f 192/295/289 191/312/306 240/296/290
f 240/296/290 191/312/306 239/313/307
f 239/313/307 191/312/306 190/314/308
f 239/313/307 190/314/308 238/315/309
f 238/315/309 190/314/308 189/316/310
f 238/315/309 189/316/310 237/317/311
f 237/317/311 189/316/310 188/318/312
f 237/317/311 188/318/312 236/319/313
f 236/319/313 188/318/312 187/320/314
f 236/319/313 187/320/314 235/321/315
f 235/321/315 187/320/314 234/322/316
f 234/322/316 187/320/314 186/323/317
f 234/322/316 186/323/317 233/324/318
f 233/324/318 186/323/317 185/325/319
f 233/324/318 185/325/319 232/326/320
f 232/326/320 185/325/319 184/327/321
f 232/326/320 184/327/321 231/328/322
f 231/328/322 184/327/321 183/329/323
f 231/328/322 183/329/323 230/330/324
f 230/330/324 183/329/323 182/331/325
f 230/330/324 182/331/325 229/332/326
f 229/332/326 182/331/325 181/333/327
f 229/332/326 181/333/327 180/334/328
f 229/332/326 180/334/328 228/335/329
f 228/335/329 180/334/328 179/336/330
f 228/335/329 179/336/330 227/337/331
f 227/337/331 179/336/330 178/338/332
f 227/337/331 178/338/332 226/339/333
f 226/339/333 178/338/332 177/340/334
f 226/339/333 177/340/334 225/341/335
f 225/341/335 177/340/334 176/342/336
f 225/341/335 176/342/336 224/311/305
f 224/311/305 176/342/336 175/309/303
f 242/343/337 218/344/338 241/345/339
f 241/345/339 218/344/338 217/346/340
f 241/347/339 217/348/340 264/349/341
f 264/349/341 217/348/340 240/350/342
f 264/349/341 240/350/342 263/351/343
f 263/351/343 240/350/342 239/352/344
f 263/351/343 239/352/344 262/353/345
f 262/353/345 239/352/344 238/354/346
f 262/353/345 238/354/346 261/355/347
f 261/355/347 238/354/346 237/356/348
f 261/355/347 237/356/348 260/357/349
f 260/357/349 237/356/348 236/358/350
f 260/357/349 236/358/350 259/359/351
f 259/359/351 236/358/350 235/360/352
f 259/359/351 235/360/352 258/361/353
f 258/361/353 235/360/352 234/362/354
f 258/361/353 234/362/354 257/363/355
f 257/363/355 234/362/354 233/364/356
f 257/363/355 233/364/356 256/365/357
f 256/365/357 233/364/356 232/366/358
f 256/365/357 232/366/358 255/367/359
f 255/367/359 232/366/358 231/368/360
f 255/367/359 231/368/360 254/369/361
f 254/369/361 231/368/360 230/370/362
f 254/369/361 230/370/362 253/371/363
f 253/371/363 230/370/362 229/372/364
f 253/371/363 229/372/364 252/373/365
f 252/373/365 229/372/364 228/374/366
f 252/373/365 228/374/366 251/375/367
f 251/375/367 228/374/366 227/376/368
f 251/375/367 227/376/368 250/377/369
f 250/377/369 227/376/368 226/378/370
f 250/377/369 226/378/370 249/379/371
f 249/379/371 226/378/370 225/380/372
f 249/379/371 225/380/372 248/381/373
f 248/381/373 225/380/372 224/382/374
f 248/381/373 224/382/374 247/383/375
f 247/383/375 224/382/374 223/384/376
f 247/383/375 223/384/376 246/385/377
f 246/385/377 223/384/376 222/386/378
f 246/385/377 222/386/378 245/387/379
f 245/387/379 222/386/378 221/388/380
f 245/387/379 221/388/380 244/389/381
f 244/389/381 221/388/380 220/390/382
f 244/389/381 220/390/382 243/391/383
f 243/391/383 220/390/382 219/392/384
f 243/391/383 219/392/384 242/343/337
f 242/343/337 219/392/384 218/344/338
f 264/393/385 288/394/386 241/395/387
f 241/395/387 288/394/386 265/396/388
f 241/395/387 265/396/388 242/397/389
f 242/397/389 265/396/388 266/398/390
f 242/397/389 266/398/390 243/399/391
f 243/399/391 266/398/390 267/400/392
f 243/399/391 267/400/392 244/401/393
f 244/401/393 267/400/392 268/402/394
f 244/401/393 268/402/394 245/403/395
f 245/403/395 268/402/394 269/404/396
f 245/403/395 269/404/396 246/405/397
f 246/405/397 269/404/396 270/406/398
f 246/405/397 270/406/398 247/407/399
f 247/407/399 270/406/398 271/408/400
f 247/407/399 271/408/400 272/409/401
f 264/393/385 263/410/402 288/394/386
f 288/394/386 263/410/402 287/411/403
f 287/411/403 263/410/402 262/412/404
f 287/411/403 262/412/404 286/413/405
f 286/413/405 262/412/404 261/414/406
f 286/413/405 261/414/406 285/415/407
f 285/415/407 261/414/406 260/416/408
f 285/415/407 260/416/408 284/417/409
f 284/417/409 260/416/408 259/418/410
f 284/417/409 259/418/410 283/419/411
f 283/419/411 259/418/410 282/420/412
f 282/420/412 259/418/410 258/421/413
f 282/420/412 258/421/413 281/422/414
f 281/422/414 258/421/413 257/423/415
f 281/422/414 257/423/415 280/424/416
f 280/424/416 257/423/415 256/425/417
f 280/424/416 256/425/417 279/426/418
f 279/426/418 256/425/417 255/427/419
f 279/426/418 255/427/419 278/428/420
f 278/428/420 255/427/419 254/429/421
f 278/428/420 254/429/421 277/430/422
f 277/430/422 254/429/421 253/431/423
f 277/430/422 253/431/423 252/432/424
f 277/430/422 252/432/424 276/433/425
f 276/433/425 252/432/424 251/434/426
f 276/433/425 251/434/426 275/435/427
f 275/435/427 251/434/426 250/436/428
f 275/435/427 250/436/428 274/437/429
f 274/437/429 250/436/428 249/438/430
f 274/437/429 249/438/430 273/439/431
f 273/439/431 249/438/430 248/440/432
f 273/439/431 248/440/432 272/409/401
f 272/409/401 248/440/432 247/407/399
f 216/441/433 312/442/434 193/443/435
f 193/443/435 312/442/434 289/444/436
f 193/445/435 289/446/436 194/447/437
f 194/447/437 289/446/436 290/448/438
f 194/447/437 290/448/438 195/449/439
f 195/449/439 290/448/438 291/450/440
f 195/449/439 291/450/440 196/451/441
f 196/451/441 291/450/440 292/452/442
f 196/451/441 292/452/442 197/453/443
f 197/453/443 292/452/442 293/454/444
f 197/453/443 293/454/444 198/455/445
f 198/455/445 293/454/444 294/456/446
f 198/455/445 294/456/446 199/457/447
f 199/457/447 294/456/446 295/458/448
f 199/457/447 295/458/448 200/459/449
f 200/459/449 295/458/448 296/460/450
f 200/459/449 296/460/450 201/461/451
f 201/461/451 296/460/450 297/462/452
f 201/461/451 297/462/452 202/463/453
f 202/463/453 297/462/452 298/464/454
f 202/463/453 298/464/454 203/465/455
f 203/465/455 298/464/454 299/466/456
f 203/465/455 299/466/456 204/467/457
f 204/467/457 299/466/456 300/468/458
f 204/467/457 300/468/458 205/469/459
f 205/469/459 300/468/458 301/470/460
f 205/469/459 301/470/460 206/471/461
f 206/471/461 301/470/460 302/472/462
f 206/471/461 302/472/462 207/473/463
f 207/473/463 302/472/462 303/474/464
f 207/473/463 303/474/464 208/475/465
f 208/475/465 303/474/464 304/476/466
f 208/475/465 304/476/466 209/477/467
f 209/477/467 304/476/466 305/478/468
f 209/477/467 305/478/468 210/479/469
f 210/479/469 305/478/468 306/480/470
f 210/479/469 306/480/470 211/481/471
f 211/481/471 306/480/470 307/482/472
f 211/481/471 307/482/472 212/483/473
f 212/483/473 307/482/472 308/484/474
f 212/483/473 308/484/474 213/485/475
f 213/485/475 308/484/474 309/486/476
f 213/485/475 309/486/476 214/487/477
f 214/487/477 309/486/476 310/488/478
f 214/487/477 310/488/478 215/489/479
f 215/489/479 310/488/478 311/490/480
f 215/489/479 311/490/480 216/441/433
f 216/441/433 311/490/480 312/442/434
f 120/491/481 266/492/482 97/493/483
f 97/493/483 266/492/482 265/494/484
f 97/495/483 265/496/484 98/497/485
f 98/497/485 265/496/484 288/498/486
f 98/497/485 288/498/486 99/499/487
f 99/499/487 288/498/486 287/500/488
f 99/499/487 287/500/488 100/501/489
f 100/501/489 287/500/488 286/502/490
f 100/501/489 286/502/490 101/503/491
f 101/503/491 286/502/490 285/504/492
f 101/503/491 285/504/492 102/505/493
f 102/505/493 285/504/492 284/506/494
f 102/505/493 284/506/494 103/507/495
f 103/507/495 284/506/494 283/508/496
f 103/507/495 283/508/496 104/509/497
f 104/509/497 283/508/496 282/510/498
f 104/509/497 282/510/498 105/511/499
f 105/511/499 282/510/498 281/512/500
f 105/511/499 281/512/500 106/513/501
f 106/513/501 281/512/500 280/514/502
f 106/513/501 280/514/502 107/515/503
f 107/515/503 280/514/502 279/516/504
f 107/515/503 279/516/504 108/517/505
f 108/517/505 279/516/504 278/518/506
f 108/517/505 278/518/506 109/519/507
f 109/519/507 278/518/506 277/520/508
f 109/519/507 277/520/508 110/521/509
f 110/521/509 277/520/508 276/522/510
f 110/521/509 276/522/510 111/523/511
f 111/523/511 276/522/510 275/524/512
f 111/523/511 275/524/512 112/525/513
f 112/525/513 275/524/512 274/526/514
f 112/525/513 274/526/514 113/527/515
f 113/527/515 274/526/514 273/528/516
f 113/527/515 273/528/516 114/529/517
f 114/529/517 273/528/516 272/530/518
f 114/529/517 272/530/518 115/531/519
f 115/531/519 272/530/518 271/532/520
f 115/531/519 271/532/520 116/533/521
f 116/533/521 271/532/520 270/534/522
f 116/533/521 270/534/522 117/535/523
f 117/535/523 270/534/522 269/536/524
f 117/535/523 269/536/524 118/537/525
f 118/537/525 269/536/524 268/538/526
f 118/537/525 268/538/526 119/539/527
f 119/539/527 268/538/526 267/540/528
f 119/539/527 267/540/528 120/491/481
f 120/491/481 267/540/528 266/492/482
f 290/541/529 289/542/530 73/543/531
f 73/543/531 289/542/530 312/544/532
f 73/543/531 312/544/532 74/545/533
f 74/545/533 312/544/532 311/546/534
f 74/545/533 311/546/534 75/547/535
f 75/547/535 311/546/534 310/548/536
f 75/547/535 310/548/536 76/549/537
f 76/549/537 310/548/536 309/550/538
f 76/549/537 309/550/538 77/551/539
f 77/551/539 309/550/538 308/552/540
f 77/551/539 308/552/540 78/553/541
f 78/553/541 308/552/540 307/554/542
f 78/553/541 307/554/542 79/555/543
f 79/555/543 307/554/542 80/556/544
f 80/556/544 307/554/542 306/557/545
f 80/556/544 306/557/545 81/558/546
f 81/558/546 306/557/545 305/559/547
f 81/558/546 305/559/547 82/560/548
f 82/560/548 305/559/547 304/561/549
f 82/560/548 304/561/549 83/562/550
f 83/562/550 304/561/549 303/563/551
f 83/562/550 303/563/551 84/564/552
f 84/564/552 303/563/551 302/565/553
f 84/564/552 302/565/553 85/566/554
f 85/566/554 302/565/553 301/567/555
f 85/566/554 301/567/555 86/568/556
f 86/568/556 301/567/555 300/569/557
f 86/568/556 300/569/557 299/570/558
f 86/568/556 299/570/558 87/571/559
f 87/571/559 299/570/558 298/572/560
f 87/571/559 298/572/560 88/573/561
f 88/573/561 298/572/560 297/574/562
f 88/573/561 297/574/562 89/575/563
f 89/575/563 297/574/562 296/576/564
f 89/575/563 296/576/564 90/577/565
f 90/577/565 296/576/564 295/578/566
f 90/577/565 295/578/566 91/579/567
f 91/579/567 295/578/566 92/580/568
f 92/580/568 295/578/566 294/581/569
f 92/580/568 294/581/569 93/582/570
f 93/582/570 294/581/569 293/583/571
f 93/582/570 293/583/571 94/584/572
f 94/584/572 293/583/571 292/585/573
f 94/584/572 292/585/573 95/586/574
f 95/586/574 292/585/573 291/587/575
f 95/586/574 291/587/575 96/588/576
f 96/588/576 291/587/575 290/541/529
f 96/588/576 290/541/529 73/543/531
f 336/589/577 313/590/578 421/591/579
f 421/591/579 313/590/578 314/592/580
f 421/591/579 314/592/580 420/593/581
f 420/593/581 314/592/580 315/594/582
f 420/593/581 315/594/582 503/595/583
f 503/595/583 315/594/582 316/596/584
f 503/595/583 316/596/584 502/597/585
f 502/597/585 316/596/584 317/598/586
f 502/597/585 317/598/586 501/599/587
f 501/599/587 317/598/586 318/600/588
f 501/599/587 318/600/588 500/601/589
f 500/601/589 318/600/588 319/602/590
f 500/601/589 319/602/590 499/603/591
f 499/603/591 319/602/590 498/604/592
f 498/604/592 319/602/590 320/605/593
f 498/604/592 320/605/593 321/606/594
f 498/604/592 321/606/594 497/607/595
f 497/607/595 321/606/594 322/608/596
f 497/607/595 322/608/596 496/609/597
f 496/609/597 322/608/596 647/610/598
f 496/609/597 647/610/598 495/611/599
f 495/611/599 647/610/598 648/612/600
f 495/611/599 648/612/600 494/613/601
f 494/613/601 648/612/600 493/614/602
f 493/614/602 648/612/600 492/615/603
f 492/615/603 648/612/600 649/616/604
f 492/615/603 649/616/604 491/617/605
f 491/617/605 649/616/604 490/618/606
f 490/618/606 649/616/604 489/619/607
f 489/619/607 649/616/604 488/620/608
f 488/620/608 649/616/604 650/621/609
f 488/620/608 650/621/609 487/622/610
f 487/622/610 650/621/609 486/623/611
f 486/623/611 650/621/609 651/624/612
f 486/623/611 651/624/612 485/625/613
f 485/625/613 651/624/612 484/626/614
f 484/626/614 651/624/612 592/627/615
f 484/626/614 592/627/615 593/628/616
f 322/608/596 323/629/617 647/610/598
f 647/610/598 323/629/617 324/630/618
f 647/610/598 324/630/618 646/631/619
f 646/631/619 324/630/618 325/632/620
f 646/631/619 325/632/620 326/633/621
f 646/631/619 326/633/621 645/634/622
f 645/634/622 326/633/621 327/635/623
f 645/634/622 327/635/623 328/636/624
f 645/634/622 328/636/624 370/637/625
f 370/637/625 328/636/624 329/638/626
f 370/637/625 329/638/626 369/639/627
f 369/639/627 329/638/626 330/640/628
f 369/639/627 330/640/628 368/641/629
f 368/641/629 330/640/628 331/642/630
f 368/641/629 331/642/630 367/643/631
f 367/643/631 331/642/630 332/644/632
f 367/643/631 332/644/632 366/645/633
f 366/645/633 332/644/632 333/646/634
f 366/645/633 333/646/634 365/647/635
f 365/647/635 333/646/634 334/648/636
f 365/647/635 334/648/636 364/649/637
f 364/649/637 334/648/636 335/650/638
f 364/649/637 335/650/638 363/651/639
f 363/651/639 335/650/638 422/652/640
f 363/651/639 422/652/640 362/653/641
f 362/653/641 422/652/640 423/654/642
f 362/653/641 423/654/642 361/655/643
f 361/655/643 423/654/642 384/656/644
f 384/656/644 423/654/642 424/657/645
f 384/656/644 424/657/645 383/658/646
f 383/658/646 424/657/645 345/659/647
f 383/658/646 345/659/647 382/660/648
f 382/660/648 345/659/647 346/661/649
f 382/660/648 346/661/649 641/662/650
f 641/662/650 346/661/649 347/663/651
f 641/662/650 347/663/651 640/664/652
f 640/664/652 347/663/651 348/665/653
f 640/664/652 348/665/653 349/666/654
f 335/650/638 336/589/577 422/652/640
f 422/652/640 336/589/577 421/591/579
f 338/667/655 444/668/656 337/669/657
f 337/669/657 444/668/656 445/670/658
f 337/669/657 445/670/658 360/671/659
f 360/671/659 445/670/658 446/672/660
f 360/671/659 446/672/660 359/673/661
f 359/673/661 446/672/660 447/674/662
f 359/673/661 447/674/662 358/675/663
f 358/675/663 447/674/662 448/676/664
f 358/675/663 448/676/664 637/677/665
f 637/677/665 448/676/664 636/678/666
f 636/678/666 448/676/664 449/679/667
f 636/678/666 449/679/667 450/680/668
f 444/668/656 338/667/655 443/681/669
f 443/681/669 338/667/655 339/682/670
f 443/681/669 339/682/670 442/683/671
f 442/683/671 339/682/670 340/684/672
f 442/683/671 340/684/672 441/685/673
f 441/685/673 340/684/672 341/686/674
f 441/685/673 341/686/674 426/687/675
f 426/687/675 341/686/674 342/688/676
f 426/687/675 342/688/676 425/689/677
f 425/689/677 342/688/676 343/690/678
f 425/689/677 343/690/678 344/691/679
f 425/689/677 344/691/679 424/657/645
f 424/657/645 344/691/679 345/659/647
f 640/664/652 349/666/654 639/692/680
f 639/692/680 349/666/654 350/693/681
f 639/692/680 350/693/681 351/694/682
f 351/694/682 352/695/683 639/692/680
f 639/692/680 352/695/683 638/696/684
f 638/696/684 352/695/683 353/697/685
f 638/696/684 353/697/685 354/698/686
f 354/698/686 355/699/687 638/696/684
f 638/696/684 355/699/687 637/677/665
f 637/677/665 355/699/687 356/700/688
f 637/677/665 356/700/688 357/701/689
f 357/701/689 358/675/663 637/677/665
f 370/637/625 371/702/690 645/634/622
f 645/634/622 371/702/690 644/703/691
f 644/703/691 371/702/690 372/704/692
f 644/703/691 372/704/692 373/705/693
f 373/705/693 374/706/694 644/703/691
f 644/703/691 374/706/694 643/707/695
f 643/707/695 374/706/694 375/708/696
f 643/707/695 375/708/696 376/709/697
f 376/709/697 377/710/698 643/707/695
f 643/707/695 377/710/698 378/711/699
f 643/707/695 378/711/699 642/712/700
f 642/712/700 378/711/699 379/713/701
f 642/712/700 379/713/701 380/714/702
f 642/712/700 380/714/702 641/662/650
f 641/662/650 380/714/702 381/715/703
f 641/662/650 381/715/703 382/660/648
f 408/716/704 385/717/705 625/718/706
f 625/718/706 385/717/705 386/719/707
f 625/718/706 386/719/707 666/720/708
f 666/720/708 386/719/707 387/721/709
f 666/720/708 387/721/709 388/722/710
f 389/723/711 477/724/712 388/722/710
f 388/722/710 477/724/712 478/725/713
f 388/722/710 478/725/713 666/720/708
f 666/720/708 478/725/713 479/726/714
f 666/720/708 479/726/714 665/727/715
f 665/727/715 479/726/714 480/728/716
f 665/727/715 480/728/716 457/729/717
f 477/724/712 389/723/711 476/730/718
f 476/730/718 389/723/711 390/731/719
f 476/730/718 390/731/719 391/732/720
f 392/733/721 474/734/722 391/732/720
f 391/732/720 474/734/722 475/735/723
f 391/732/720 475/735/723 476/730/718
f 474/734/722 392/733/721 473/736/724
f 473/736/724 392/733/721 393/737/725
f 473/736/724 393/737/725 472/738/726
f 472/738/726 393/737/725 394/739/727
f 472/738/726 394/739/727 395/740/728
f 396/741/729 410/742/730 395/740/728
f 395/740/728 410/742/730 471/743/731
f 395/740/728 471/743/731 472/738/726
f 410/742/730 396/741/729 409/744/732
f 409/744/732 396/741/729 397/745/733
f 409/744/732 397/745/733 398/746/734
f 409/744/732 398/746/734 432/747/735
f 432/747/735 398/746/734 399/748/736
f 432/747/735 399/748/736 563/749/737
f 563/749/737 399/748/736 400/750/738
f 563/749/737 400/750/738 562/751/739
f 562/751/739 400/750/738 561/752/740
f 561/752/740 400/750/738 401/753/741
f 561/752/740 401/753/741 560/754/742
f 560/754/742 401/753/741 402/755/743
f 560/754/742 402/755/743 559/756/744
f 559/756/744 402/755/743 403/757/745
f 559/756/744 403/757/745 558/758/746
f 558/758/746 403/757/745 404/759/747
f 558/758/746 404/759/747 557/760/748
f 557/760/748 404/759/747 405/761/749
f 557/760/748 405/761/749 556/762/750
f 556/762/750 405/761/749 406/763/751
f 556/762/750 406/763/751 626/764/752
f 626/764/752 406/763/751 407/765/753
f 626/764/752 407/765/753 408/716/704
f 626/764/752 408/716/704 625/718/706
f 471/743/731 410/742/730 470/766/754
f 470/766/754 410/742/730 411/767/755
f 470/766/754 411/767/755 469/768/756
f 469/768/756 411/767/755 468/769/757
f 468/769/757 411/767/755 412/770/758
f 468/769/757 412/770/758 467/771/759
f 467/771/759 412/770/758 621/772/760
f 467/771/759 621/772/760 466/773/761
f 466/773/761 621/772/760 622/774/762
f 466/773/761 622/774/762 662/775/763
f 662/775/763 622/774/762 623/776/764
f 662/775/763 623/776/764 661/777/765
f 661/777/765 623/776/764 624/778/766
f 661/777/765 624/778/766 601/779/767
f 621/772/760 412/770/758 620/780/768
f 620/780/768 412/770/758 413/781/769
f 620/780/768 413/781/769 619/782/770
f 619/782/770 413/781/769 618/783/771
f 618/783/771 413/781/769 414/784/772
f 618/783/771 414/784/772 617/785/773
f 617/785/773 414/784/772 549/786/774
f 617/785/773 549/786/774 616/787/775
f 616/787/775 549/786/774 550/788/776
f 616/787/775 550/788/776 615/789/777
f 615/789/777 550/788/776 551/790/778
f 615/789/777 551/790/778 614/791/779
f 614/791/779 551/790/778 552/792/780
f 614/791/779 552/792/780 613/793/781
f 613/793/781 552/792/780 529/794/782
f 613/793/781 529/794/782 612/795/783
f 612/795/783 529/794/782 530/796/784
f 612/795/783 530/796/784 611/797/785
f 611/797/785 530/796/784 531/798/786
f 611/797/785 531/798/786 610/799/787
f 610/799/787 531/798/786 532/800/788
f 610/799/787 532/800/788 658/801/789
f 658/801/789 532/800/788 657/802/790
f 657/802/790 532/800/788 533/803/791
f 657/802/790 533/803/791 534/804/792
f 549/786/774 414/784/772 548/805/793
f 548/805/793 414/784/772 415/806/794
f 548/805/793 415/806/794 547/807/795
f 547/807/795 415/806/794 546/808/796
f 546/808/796 415/806/794 416/809/797
f 546/808/796 416/809/797 545/810/798
f 545/810/798 416/809/797 597/811/799
f 545/810/798 597/811/799 544/812/800
f 544/812/800 597/811/799 598/813/801
f 544/812/800 598/813/801 543/814/802
f 543/814/802 598/813/801 599/815/803
f 543/814/802 599/815/803 542/816/804
f 542/816/804 599/815/803 600/817/805
f 542/816/804 600/817/805 541/818/806
f 541/818/806 600/817/805 577/819/807
f 541/818/806 577/819/807 540/820/808
f 540/820/808 577/819/807 578/821/809
f 540/820/808 578/821/809 539/822/810
f 539/822/810 578/821/809 579/823/811
f 539/822/810 579/823/811 538/824/812
f 538/824/812 579/823/811 580/825/813
f 538/824/812 580/825/813 655/826/814
f 655/826/814 580/825/813 581/827/815
f 655/826/814 581/827/815 582/828/816
f 597/811/799 416/809/797 596/829/817
f 596/829/817 416/809/797 417/830/818
f 596/829/817 417/830/818 595/831/819
f 595/831/819 417/830/818 594/832/820
f 594/832/820 417/830/818 418/833/821
f 594/832/820 418/833/821 593/628/616
f 593/628/616 418/833/821 483/834/822
f 593/628/616 483/834/822 484/626/614
f 483/834/822 418/833/821 482/835/823
f 482/835/823 418/833/821 419/836/824
f 482/835/823 419/836/824 481/837/825
f 481/837/825 419/836/824 504/838/826
f 504/838/826 419/836/824 420/593/581
f 504/838/826 420/593/581 503/595/583
f 441/685/673 426/687/675 440/839/827
f 440/839/827 426/687/675 427/840/828
f 440/839/827 427/840/828 439/841/829
f 439/841/829 427/840/828 438/842/830
f 438/842/830 427/840/828 428/843/831
f 438/842/830 428/843/831 437/844/832
f 437/844/832 428/843/831 513/845/833
f 437/844/832 513/845/833 436/846/834
f 436/846/834 513/845/833 514/847/835
f 436/846/834 514/847/835 435/848/836
f 435/848/836 514/847/835 515/849/837
f 435/848/836 515/849/837 434/850/838
f 434/850/838 515/849/837 516/851/839
f 434/850/838 516/851/839 433/852/840
f 433/852/840 516/851/839 517/853/841
f 433/852/840 517/853/841 456/854/842
f 456/854/842 517/853/841 518/855/843
f 456/854/842 518/855/843 455/856/844
f 455/856/844 518/855/843 519/857/845
f 455/856/844 519/857/845 454/858/846
f 454/858/846 519/857/845 520/859/847
f 454/858/846 520/859/847 634/860/848
f 634/860/848 520/859/847 521/861/849
f 634/860/848 521/861/849 522/862/850
f 513/845/833 428/843/831 512/863/851
f 512/863/851 428/843/831 429/864/852
f 512/863/851 429/864/852 511/865/853
f 511/865/853 429/864/852 510/866/854
f 510/866/854 429/864/852 430/867/855
f 510/866/854 430/867/855 509/868/856
f 509/868/856 430/867/855 567/869/857
f 509/868/856 567/869/857 568/870/858
f 567/869/857 430/867/855 566/871/859
f 566/871/859 430/867/855 431/872/860
f 566/871/859 431/872/860 565/873/861
f 565/873/861 431/872/860 564/874/862
f 564/874/862 431/872/860 432/747/735
f 564/874/862 432/747/735 563/749/737
f 450/680/668 451/875/863 636/678/666
f 636/678/666 451/875/863 635/876/864
f 635/876/864 451/875/863 452/877/865
f 635/876/864 452/877/865 453/878/866
f 453/878/866 454/858/846 635/876/864
f 635/876/864 454/858/846 634/860/848
f 457/729/717 458/879/867 665/727/715
f 665/727/715 458/879/867 664/880/868
f 664/880/868 458/879/867 459/881/869
f 664/880/868 459/881/869 460/882/870
f 460/882/870 461/883/871 664/880/868
f 664/880/868 461/883/871 462/884/872
f 664/880/868 462/884/872 663/885/873
f 663/885/873 462/884/872 463/886/874
f 663/885/873 463/886/874 464/887/875
f 663/885/873 464/887/875 662/775/763
f 662/775/763 464/887/875 465/888/876
f 662/775/763 465/888/876 466/773/761
f 506/889/877 631/890/878 505/891/879
f 505/891/879 631/890/878 632/892/880
f 505/891/879 632/892/880 528/893/881
f 528/893/881 632/892/880 527/894/882
f 527/894/882 632/892/880 526/895/883
f 526/895/883 632/892/880 633/896/884
f 526/895/883 633/896/884 525/897/885
f 525/897/885 633/896/884 524/898/886
f 524/898/886 633/896/884 523/899/887
f 523/899/887 633/896/884 634/860/848
f 523/899/887 634/860/848 522/862/850
f 506/889/877 507/900/888 631/890/878
f 631/890/878 507/900/888 630/901/889
f 630/901/889 507/900/888 508/902/890
f 630/901/889 508/902/890 568/870/858
f 568/870/858 508/902/890 509/868/856
f 534/804/792 535/903/891 657/802/790
f 657/802/790 535/903/891 656/904/892
f 656/904/892 535/903/891 536/905/893
f 656/904/892 536/905/893 537/906/894
f 537/906/894 538/824/812 656/904/892
f 656/904/892 538/824/812 655/826/814
f 576/907/895 553/908/896 627/909/897
f 627/909/897 553/908/896 554/910/898
f 627/909/897 554/910/898 555/911/899
f 627/909/897 555/911/899 626/764/752
f 626/764/752 555/911/899 556/762/750
f 568/870/858 569/912/900 630/901/889
f 630/901/889 569/912/900 570/913/901
f 630/901/889 570/913/901 629/914/902
f 629/914/902 570/913/901 571/915/903
f 629/914/902 571/915/903 572/916/904
f 629/914/902 572/916/904 628/917/905
f 628/917/905 572/916/904 573/918/906
f 628/917/905 573/918/906 574/919/907
f 574/919/907 575/920/908 628/917/905
f 628/917/905 575/920/908 576/907/895
f 628/917/905 576/907/895 627/909/897
f 582/828/816 583/921/909 655/826/814
f 655/826/814 583/921/909 654/922/910
f 654/922/910 583/921/909 584/923/911
f 654/922/910 584/923/911 585/924/912
f 585/924/912 586/925/913 654/922/910
f 654/922/910 586/925/913 653/926/914
f 653/926/914 586/925/913 587/927/915
f 653/926/914 587/927/915 588/928/916
f 588/928/916 589/929/917 653/926/914
f 653/926/914 589/929/917 652/930/918
f 652/930/918 589/929/917 590/931/919
f 652/930/918 590/931/919 591/932/920
f 652/930/918 591/932/920 651/624/612
f 651/624/612 591/932/920 592/627/615
f 661/777/765 601/779/767 660/933/921
f 660/933/921 601/779/767 602/934/922
f 660/933/921 602/934/922 603/935/923
f 603/935/923 604/936/924 660/933/921
f 660/933/921 604/936/924 659/937/925
f 659/937/925 604/936/924 605/938/926
f 659/937/925 605/938/926 606/939/927
f 606/939/927 607/940/928 659/937/925
f 659/937/925 607/940/928 658/801/789
f 658/801/789 607/940/928 608/941/929
f 658/801/789 608/941/929 609/942/930
f 609/942/930 610/799/787 658/801/789
f 624/943/931 690/944/932 601/945/933
f 601/945/933 690/944/932 667/946/934
f 601/947/933 667/948/934 602/949/935
f 602/949/935 667/948/934 668/950/936
f 602/949/935 668/950/936 603/951/937
f 603/951/937 668/950/936 669/952/938
f 603/951/937 669/952/938 604/953/939
f 604/953/939 669/952/938 670/954/940
f 604/953/939 670/954/940 605/955/941
f 605/955/941 670/954/940 671/956/942
f 605/955/941 671/956/942 606/957/943
f 606/957/943 671/956/942 672/958/944
f 606/957/943 672/958/944 607/959/945
f 607/959/945 672/958/944 673/960/946
f 607/959/945 673/960/946 608/961/947
f 608/961/947 673/960/946 674/962/948
f 608/961/947 674/962/948 609/963/949
f 609/963/949 674/962/948 675/964/950
f 609/963/949 675/964/950 610/965/951
f 610/965/951 675/964/950 676/966/952
f 610/965/951 676/966/952 611/967/953
f 611/967/953 676/966/952 677/968/954
f 611/967/953 677/968/954 612/969/955
f 612/969/955 677/968/954 678/970/956
f 612/969/955 678/970/956 613/971/957
f 613/971/957 678/970/956 679/972/958
f 613/971/957 679/972/958 614/973/959
f 614/973/959 679/972/958 680/974/960
f 614/973/959 680/974/960 615/975/961
f 615/975/961 680/974/960 681/976/962
f 615/975/961 681/976/962 616/977/963
f 616/977/963 681/976/962 682/978/964
f 616/977/963 682/978/964 617/979/965
f 617/979/965 682/978/964 683/980/966
f 617/979/965 683/980/966 618/981/967
f 618/981/967 683/980/966 684/982/968
f 618/981/967 684/982/968 619/983/969
f 619/983/969 684/982/968 685/984/970
f 619/983/969 685/984/970 620/985/971
f 620/985/971 685/984/970 686/986/972
f 620/985/971 686/986/972 621/987/973
f 621/987/973 686/986/972 687/988/974
f 621/987/973 687/988/974 622/989/975
f 622/989/975 687/988/974 688/990/976
f 622/989/975 688/990/976 623/991/977
f 623/991/977 688/990/976 689/992/978
f 623/991/977 689/992/978 624/943/931
f 624/943/931 689/992/978 690/944/932
f 600/993/979 714/994/980 577/995/981
f 577/995/981 714/994/980 691/996/982
f 577/997/981 691/998/982 578/999/983
f 578/999/983 691/998/982 692/1000/984
f 578/999/983 692/1000/984 579/1001/985
f 579/1001/985 692/1000/984 693/1002/986
f 579/1001/985 693/1002/986 580/1003/987
f 580/1003/987 693/1002/986 694/1004/988
f 580/1003/987 694/1004/988 581/1005/989
f 581/1005/989 694/1004/988 695/1006/990
f 581/1005/989 695/1006/990 582/1007/991
f 582/1007/991 695/1006/990 696/1008/992
f 582/1007/991 696/1008/992 583/1009/993
f 583/1009/993 696/1008/992 697/1010/994
f 583/1009/993 697/1010/994 584/1011/995
f 584/1011/995 697/1010/994 698/1012/996
f 584/1011/995 698/1012/996 585/1013/997
f 585/1013/997 698/1012/996 699/1014/998
f 585/1013/997 699/1014/998 586/1015/999
f 586/1015/999 699/1014/998 700/1016/1000
f 586/1015/999 700/1016/1000 587/1017/1001
f 587/1017/1001 700/1016/1000 701/1018/1002
f 587/1017/1001 701/1018/1002 588/1019/1003
f 588/1019/1003 701/1018/1002 702/1020/1004
f 588/1019/1003 702/1020/1004 589/1021/1005
f 589/1021/1005 702/1020/1004 703/1022/1006
f 589/1021/1005 703/1022/1006 590/1023/1007
f 590/1023/1007 703/1022/1006 704/1024/1008
f 590/1023/1007 704/1024/1008 591/1025/1009
f 591/1025/1009 704/1024/1008 705/1026/1010
f 591/1025/1009 705/1026/1010 592/1027/1011
f 592/1027/1011 705/1026/1010 706/1028/1012
f 592/1027/1011 706/1028/1012 593/1029/1013
f 593/1029/1013 706/1028/1012 707/1030/1014
f 593/1029/1013 707/1030/1014 594/1031/1015
f 594/1031/1015 707/1030/1014 708/1032/1016
f 594/1031/1015 708/1032/1016 595/1033/1017
f 595/1033/1017 708/1032/1016 709/1034/1018
f 595/1033/1017 709/1034/1018 596/1035/1019
f 596/1035/1019 709/1034/1018 710/1036/1020
f 596/1035/1019 710/1036/1020 597/1037/1021
f 597/1037/1021 710/1036/1020 711/1038/1022
f 597/1037/1021 711/1038/1022 598/1039/1023
f 598/1039/1023 711/1038/1022 712/1040/1024
f 598/1039/1023 712/1040/1024 599/1041/1025
f 599/1041/1025 712/1040/1024 713/1042/1026
f 599/1041/1025 713/1042/1026 600/993/979
f 600/993/979 713/1042/1026 714/994/980
f 576/1043/1027 738/1044/1028 553/1045/1029
f 553/1045/1029 738/1044/1028 715/1046/1030
f 553/1047/1029 715/1048/1030 554/1049/1031
f 554/1049/1031 715/1048/1030 716/1050/1032
f 554/1049/1031 716/1050/1032 555/1051/1033
f 555/1051/1033 716/1050/1032 717/1052/1034
f 555/1051/1033 717/1052/1034 556/1053/1035
f 556/1053/1035 717/1052/1034 718/1054/1036
f 556/1053/1035 718/1054/1036 557/1055/1037
f 557/1055/1037 718/1054/1036 719/1056/1038
f 557/1055/1037 719/1056/1038 558/1057/1039
f 558/1057/1039 719/1056/1038 720/1058/1040
f 558/1057/1039 720/1058/1040 559/1059/1041
f 559/1059/1041 720/1058/1040 721/1060/1042
f 559/1059/1041 721/1060/1042 560/1061/1043
f 560/1061/1043 721/1060/1042 722/1062/1044
f 560/1061/1043 722/1062/1044 561/1063/1045
f 561/1063/1045 722/1062/1044 723/1064/1046
f 561/1063/1045 723/1064/1046 562/1065/1047
f 562/1065/1047 723/1064/1046 724/1066/1048
f 562/1065/1047 724/1066/1048 563/1067/1049
f 563/1067/1049 724/1066/1048 725/1068/1050
f 563/1067/1049 725/1068/1050 564/1069/1051
f 564/1069/1051 725/1068/1050 726/1070/1052
f 564/1069/1051 726/1070/1052 565/1071/1053
f 565/1071/1053 726/1070/1052 727/1072/1054
f 565/1071/1053 727/1072/1054 566/1073/1055
f 566/1073/1055 727/1072/1054 728/1074/1056
f 566/1073/1055 728/1074/1056 567/1075/1057
f 567/1075/1057 728/1074/1056 729/1076/1058
f 567/1075/1057 729/1076/1058 568/1077/1059
f 568/1077/1059 729/1076/1058 730/1078/1060
f 568/1077/1059 730/1078/1060 569/1079/1061
f 569/1079/1061 730/1078/1060 731/1080/1062
f 569/1079/1061 731/1080/1062 570/1081/1063
f 570/1081/1063 731/1080/1062 732/1082/1064
f 570/1081/1063 732/1082/1064 571/1083/1065
f 571/1083/1065 732/1082/1064 733/1084/1066
f 571/1083/1065 733/1084/1066 572/1085/1067
f 572/1085/1067 733/1084/1066 734/1086/1068
f 572/1085/1067 734/1086/1068 573/1087/1069
f 573/1087/1069 734/1086/1068 735/1088/1070
f 573/1087/1069 735/1088/1070 574/1089/1071
f 574/1089/1071 735/1088/1070 736/1090/1072
f 574/1089/1071 736/1090/1072 575/1091/1073
f 575/1091/1073 736/1090/1072 737/1092/1074
f 575/1091/1073 737/1092/1074 576/1043/1027
f 576/1043/1027 737/1092/1074 738/1044/1028
f 552/1093/1075 762/1094/1076 529/1095/1077
f 529/1095/1077 762/1094/1076 739/1096/1078
f 529/1097/1077 739/1098/1078 530/1099/1079
f 530/1099/1079 739/1098/1078 740/1100/1080
f 530/1099/1079 740/1100/1080 531/1101/1081
f 531/1101/1081 740/1100/1080 741/1102/1082
f 531/1101/1081 741/1102/1082 532/1103/1083
f 532/1103/1083 741/1102/1082 742/1104/1084
f 532/1103/1083 742/1104/1084 533/1105/1085
f 533/1105/1085 742/1104/1084 743/1106/1086
f 533/1105/1085 743/1106/1086 534/1107/1087
f 534/1107/1087 743/1106/1086 744/1108/1088
f 534/1107/1087 744/1108/1088 535/1109/1089
f 535/1109/1089 744/1108/1088 745/1110/1090
f 535/1109/1089 745/1110/1090 536/1111/1091
f 536/1111/1091 745/1110/1090 746/1112/1092
f 536/1111/1091 746/1112/1092 537/1113/1093
f 537/1113/1093 746/1112/1092 747/1114/1094
f 537/1113/1093 747/1114/1094 538/1115/1095
f 538/1115/1095 747/1114/1094 748/1116/1096
f 538/1115/1095 748/1116/1096 539/1117/1097
f 539/1117/1097 748/1116/1096 749/1118/1098
f 539/1117/1097 749/1118/1098 540/1119/1099
f 540/1119/1099 749/1118/1098 750/1120/1100
f 540/1119/1099 750/1120/1100 541/1121/1101
f 541/1121/1101 750/1120/1100 751/1122/1102
f 541/1121/1101 751/1122/1102 542/1123/1103
f 542/1123/1103 751/1122/1102 752/1124/1104
f 542/1123/1103 752/1124/1104 543/1125/1105
f 543/1125/1105 752/1124/1104 753/1126/1106
f 543/1125/1105 753/1126/1106 544/1127/1107
f 544/1127/1107 753/1126/1106 754/1128/1108
f 544/1127/1107 754/1128/1108 545/1129/1109
f 545/1129/1109 754/1128/1108 755/1130/1110
f 545/1129/1109 755/1130/1110 546/1131/1111
f 546/1131/1111 755/1130/1110 756/1132/1112
f 546/1131/1111 756/1132/1112 547/1133/1113
f 547/1133/1113 756/1132/1112 757/1134/1114
f 547/1133/1113 757/1134/1114 548/1135/1115
f 548/1135/1115 757/1134/1114 758/1136/1116
f 548/1135/1115 758/1136/1116 549/1137/1117
f 549/1137/1117 758/1136/1116 759/1138/1118
f 549/1137/1117 759/1138/1118 550/1139/1119
f 550/1139/1119 759/1138/1118 760/1140/1120
f 550/1139/1119 760/1140/1120 551/1141/1121
f 551/1141/1121 760/1140/1120 761/1142/1122
f 551/1141/1121 761/1142/1122 552/1093/1075
f 552/1093/1075 761/1142/1122 762/1094/1076
f 528/1143/1123 786/1144/1124 505/1145/1125
f 505/1145/1125 786/1144/1124 763/1146/1126
f 505/1147/1125 763/1148/1126 506/1149/1127
f 506/1149/1127 763/1148/1126 764/1150/1128
f 506/1149/1127 764/1150/1128 507/1151/1129
f 507/1151/1129 764/1150/1128 765/1152/1130
f 507/1151/1129 765/1152/1130 508/1153/1131
f 508/1153/1131 765/1152/1130 766/1154/1132
f 508/1153/1131 766/1154/1132 509/1155/1133
f 509/1155/1133 766/1154/1132 767/1156/1134
f 509/1155/1133 767/1156/1134 510/1157/1135
f 510/1157/1135 767/1156/1134 768/1158/1136
f 510/1157/1135 768/1158/1136 511/1159/1137
f 511/1159/1137 768/1158/1136 769/1160/1138
f 511/1159/1137 769/1160/1138 512/1161/1139
f 512/1161/1139 769/1160/1138 770/1162/1140
f 512/1161/1139 770/1162/1140 513/1163/1141
f 513/1163/1141 770/1162/1140 771/1164/1142
f 513/1163/1141 771/1164/1142 514/1165/1143
f 514/1165/1143 771/1164/1142 772/1166/1144
f 514/1165/1143 772/1166/1144 515/1167/1145
f 515/1167/1145 772/1166/1144 773/1168/1146
f 515/1167/1145 773/1168/1146 516/1169/1147
f 516/1169/1147 773/1168/1146 774/1170/1148
f 516/1169/1147 774/1170/1148 517/1171/1149
f 517/1171/1149 774/1170/1148 775/1172/1150
f 517/1171/1149 775/1172/1150 518/1173/1151
f 518/1173/1151 775/1172/1150 776/1174/1152
f 518/1173/1151 776/1174/1152 519/1175/1153
f 519/1175/1153 776/1174/1152 777/1176/1154
f 519/1175/1153 777/1176/1154 520/1177/1155
f 520/1177/1155 777/1176/1154 778/1178/1156
f 520/1177/1155 778/1178/1156 521/1179/1157
f 521/1179/1157 778/1178/1156 779/1180/1158
f 521/1179/1157 779/1180/1158 522/1181/1159
f 522/1181/1159 779/1180/1158 780/1182/1160
f 522/1181/1159 780/1182/1160 523/1183/1161
f 523/1183/1161 780/1182/1160 781/1184/1162
f 523/1183/1161 781/1184/1162 524/1185/1163
f 524/1185/1163 781/1184/1162 782/1186/1164
f 524/1185/1163 782/1186/1164 525/1187/1165
f 525/1187/1165 782/1186/1164 783/1188/1166
f 525/1187/1165 783/1188/1166 526/1189/1167
f 526/1189/1167 783/1188/1166 784/1190/1168
f 526/1189/1167 784/1190/1168 527/1191/1169
f 527/1191/1169 784/1190/1168 785/1192/1170
f 527/1191/1169 785/1192/1170 528/1143/1123
f 528/1143/1123 785/1192/1170 786/1144/1124
f 504/1193/1171 810/1194/1172 481/1195/1173
f 481/1195/1173 810/1194/1172 787/1196/1174
f 481/1197/1173 787/1198/1174 482/1199/1175
f 482/1199/1175 787/1198/1174 788/1200/1176
f 482/1199/1175 788/1200/1176 483/1201/1177
f 483/1201/1177 788/1200/1176 789/1202/1178
f 483/1201/1177 789/1202/1178 484/1203/1179
f 484/1203/1179 789/1202/1178 790/1204/1180
f 484/1203/1179 790/1204/1180 485/1205/1181
f 485/1205/1181 790/1204/1180 791/1206/1182
f 485/1205/1181 791/1206/1182 486/1207/1183
f 486/1207/1183 791/1206/1182 792/1208/1184
f 486/1207/1183 792/1208/1184 487/1209/1185
f 487/1209/1185 792/1208/1184 793/1210/1186
f 487/1209/1185 793/1210/1186 488/1211/1187
f 488/1211/1187 793/1210/1186 794/1212/1188
f 488/1211/1187 794/1212/1188 489/1213/1189
f 489/1213/1189 794/1212/1188 795/1214/1190
f 489/1213/1189 795/1214/1190 490/1215/1191
f 490/1215/1191 795/1214/1190 796/1216/1192
f 490/1215/1191 796/1216/1192 491/1217/1193
f 491/1217/1193 796/1216/1192 797/1218/1194
f 491/1217/1193 797/1218/1194 492/1219/1195
f 492/1219/1195 797/1218/1194 798/1220/1196
f 492/1219/1195 798/1220/1196 493/1221/1197
f 493/1221/1197 798/1220/1196 799/1222/1198
f 493/1221/1197 799/1222/1198 494/1223/1199
f 494/1223/1199 799/1222/1198 800/1224/1200
f 494/1223/1199 800/1224/1200 495/1225/1201
f 495/1225/1201 800/1224/1200 801/1226/1202
f 495/1225/1201 801/1226/1202 496/1227/1203
f 496/1227/1203 801/1226/1202 802/1228/1204
f 496/1227/1203 802/1228/1204 497/1229/1205
f 497/1229/1205 802/1228/1204 803/1230/1206
f 497/1229/1205 803/1230/1206 498/1231/1207
f 498/1231/1207 803/1230/1206 804/1232/1208
f 498/1231/1207 804/1232/1208 499/1233/1209
f 499/1233/1209 804/1232/1208 805/1234/1210
f 499/1233/1209 805/1234/1210 500/1235/1211
f 500/1235/1211 805/1234/1210 806/1236/1212
f 500/1235/1211 806/1236/1212 501/1237/1213
f 501/1237/1213 806/1236/1212 807/1238/1214
f 501/1237/1213 807/1238/1214 502/1239/1215
f 502/1239/1215 807/1238/1214 808/1240/1216
f 502/1239/1215 808/1240/1216 503/1241/1217
f 503/1241/1217 808/1240/1216 809/1242/1218
f 503/1241/1217 809/1242/1218 504/1193/1171
f 504/1193/1171 809/1242/1218 810/1194/1172
f 480/1243/1219 834/1244/1220 457/1245/1221
f 457/1245/1221 834/1244/1220 811/1246/1222
f 457/1247/1221 811/1248/1222 458/1249/1223
f 458/1249/1223 811/1248/1222 812/1250/1224
f 458/1249/1223 812/1250/1224 459/1251/1225
f 459/1251/1225 812/1250/1224 813/1252/1226
f 459/1251/1225 813/1252/1226 460/1253/1227
f 460/1253/1227 813/1252/1226 814/1254/1228
f 460/1253/1227 814/1254/1228 461/1255/1229
f 461/1255/1229 814/1254/1228 815/1256/1230
f 461/1255/1229 815/1256/1230 462/1257/1231
f 462/1257/1231 815/1256/1230 816/1258/1232
f 462/1257/1231 816/1258/1232 463/1259/1233
f 463/1259/1233 816/1258/1232 817/1260/1234
f 463/1259/1233 817/1260/1234 464/1261/1235
f 464/1261/1235 817/1260/1234 818/1262/1236
f 464/1261/1235 818/1262/1236 465/1263/1237
f 465/1263/1237 818/1262/1236 819/1264/1238
f 465/1263/1237 819/1264/1238 466/1265/1239
f 466/1265/1239 819/1264/1238 820/1266/1240
f 466/1265/1239 820/1266/1240 467/1267/1241
f 467/1267/1241 820/1266/1240 821/1268/1242
f 467/1267/1241 821/1268/1242 468/1269/1243
f 468/1269/1243 821/1268/1242 822/1270/1244
f 468/1269/1243 822/1270/1244 469/1271/1245
f 469/1271/1245 822/1270/1244 823/1272/1246
f 469/1271/1245 823/1272/1246 470/1273/1247
f 470/1273/1247 823/1272/1246 824/1274/1248
f 470/1273/1247 824/1274/1248 471/1275/1249
f 471/1275/1249 824/1274/1248 825/1276/1250
f 471/1275/1249 825/1276/1250 472/1277/1251
f 472/1277/1251 825/1276/1250 826/1278/1252
f 472/1277/1251 826/1278/1252 473/1279/1253
f 473/1279/1253 826/1278/1252 827/1280/1254
f 473/1279/1253 827/1280/1254 474/1281/1255
f 474/1281/1255 827/1280/1254 828/1282/1256
f 474/1281/1255 828/1282/1256 475/1283/1257
f 475/1283/1257 828/1282/1256 829/1284/1258
f 475/1283/1257 829/1284/1258 476/1285/1259
f 476/1285/1259 829/1284/1258 830/1286/1260
f 476/1285/1259 830/1286/1260 477/1287/1261
f 477/1287/1261 830/1286/1260 831/1288/1262
f 477/1287/1261 831/1288/1262 478/1289/1263
f 478/1289/1263 831/1288/1262 832/1290/1264
f 478/1289/1263 832/1290/1264 479/1291/1265
f 479/1291/1265 832/1290/1264 833/1292/1266
f 479/1291/1265 833/1292/1266 480/1243/1219
f 480/1243/1219 833/1292/1266 834/1244/1220
f 456/1293/1267 858/1294/1268 433/1295/1269
f 433/1295/1269 858/1294/1268 835/1296/1270
f 433/1297/1269 835/1298/1270 434/1299/1271
f 434/1299/1271 835/1298/1270 836/1300/1272
f 434/1299/1271 836/1300/1272 435/1301/1273
f 435/1301/1273 836/1300/1272 837/1302/1274
f 435/1301/1273 837/1302/1274 436/1303/1275
f 436/1303/1275 837/1302/1274 838/1304/1276
f 436/1303/1275 838/1304/1276 437/1305/1277
f 437/1305/1277 838/1304/1276 839/1306/1278
f 437/1305/1277 839/1306/1278 438/1307/1279
f 438/1307/1279 839/1306/1278 840/1308/1280
f 438/1307/1279 840/1308/1280 439/1309/1281
f 439/1309/1281 840/1308/1280 841/1310/1282
f 439/1309/1281 841/1310/1282 440/1311/1283
f 440/1311/1283 841/1310/1282 842/1312/1284
f 440/1311/1283 842/1312/1284 441/1313/1285
f 441/1313/1285 842/1312/1284 843/1314/1286
f 441/1313/1285 843/1314/1286 442/1315/1287
f 442/1315/1287 843/1314/1286 844/1316/1288
f 442/1315/1287 844/1316/1288 443/1317/1289
f 443/1317/1289 844/1316/1288 845/1318/1290
f 443/1317/1289 845/1318/1290 444/1319/1291
f 444/1319/1291 845/1318/1290 846/1320/1292
f 444/1319/1291 846/1320/1292 445/1321/1293
f 445/1321/1293 846/1320/1292 847/1322/1294
f 445/1321/1293 847/1322/1294 446/1323/1295
f 446/1323/1295 847/1322/1294 848/1324/1296
f 446/1323/1295 848/1324/1296 447/1325/1297
f 447/1325/1297 848/1324/1296 849/1326/1298
f 447/1325/1297 849/1326/1298 448/1327/1299
f 448/1327/1299 849/1326/1298 850/1328/1300
f 448/1327/1299 850/1328/1300 449/1329/1301
f 449/1329/1301 850/1328/1300 851/1330/1302
f 449/1329/1301 851/1330/1302 450/1331/1303
f 450/1331/1303 851/1330/1302 852/1332/1304
f 450/1331/1303 852/1332/1304 451/1333/1305
f 451/1333/1305 852/1332/1304 853/1334/1306
f 451/1333/1305 853/1334/1306 452/1335/1307
f 452/1335/1307 853/1334/1306 854/1336/1308
f 452/1335/1307 854/1336/1308 453/1337/1309
f 453/1337/1309 854/1336/1308 855/1338/1310
f 453/1337/1309 855/1338/1310 454/1339/1311
f 454/1339/1311 855/1338/1310 856/1340/1312
f 454/1339/1311 856/1340/1312 455/1341/1313
f 455/1341/1313 856/1340/1312 857/1342/1314
f 455/1341/1313 857/1342/1314 456/1293/1267
f 456/1293/1267 857/1342/1314 858/1294/1268
f 144/1343/1315 410/1344/1316 121/1345/1317
f 121/1345/1317 410/1344/1316 409/1346/1318
f 121/1347/1317 409/1348/1318 122/1349/1319
f 122/1349/1319 409/1348/1318 432/1350/1320
f 122/1349/1319 432/1350/1320 123/1351/1321
f 123/1351/1321 432/1350/1320 431/1352/1322
f 123/1351/1321 431/1352/1322 124/1353/1323
f 124/1353/1323 431/1352/1322 430/1354/1324
f 124/1353/1323 430/1354/1324 125/1355/1325
f 125/1355/1325 430/1354/1324 429/1356/1326
f 125/1355/1325 429/1356/1326 126/1357/1327
f 126/1357/1327 429/1356/1326 428/1358/1328
f 126/1357/1327 428/1358/1328 127/1359/1329
f 127/1359/1329 428/1358/1328 427/1360/1330
f 127/1359/1329 427/1360/1330 128/1361/1331
f 128/1361/1331 427/1360/1330 426/1362/1332
f 128/1361/1331 426/1362/1332 129/1363/1333
f 129/1363/1333 426/1362/1332 425/1364/1334
f 129/1363/1333 425/1364/1334 130/1365/1335
f 130/1365/1335 425/1364/1334 424/1366/1336
f 130/1365/1335 424/1366/1336 131/1367/1337
f 131/1367/1337 424/1366/1336 423/1368/1338
f 131/1367/1337 423/1368/1338 132/1369/1339
f 132/1369/1339 423/1368/1338 422/1370/1340
f 132/1369/1339 422/1370/1340 133/1371/1341
f 133/1371/1341 422/1370/1340 421/1372/1342
f 133/1371/1341 421/1372/1342 134/1373/1343
f 134/1373/1343 421/1372/1342 420/1374/1344
f 134/1373/1343 420/1374/1344 135/1375/1345
f 135/1375/1345 420/1374/1344 419/1376/1346
f 135/1375/1345 419/1376/1346 136/1377/1347
f 136/1377/1347 419/1376/1346 418/1378/1348
f 136/1377/1347 418/1378/1348 137/1379/1349
f 137/1379/1349 418/1378/1348 417/1380/1350
f 137/1379/1349 417/1380/1350 138/1381/1351
f 138/1381/1351 417/1380/1350 416/1382/1352
f 138/1381/1351 416/1382/1352 139/1383/1353
f 139/1383/1353 416/1382/1352 415/1384/1354
f 139/1383/1353 415/1384/1354 140/1385/1355
f 140/1385/1355 415/1384/1354 414/1386/1356
f 140/1385/1355 414/1386/1356 141/1387/1357
f 141/1387/1357 414/1386/1356 413/1388/1358
f 141/1387/1357 413/1388/1358 142/1389/1359
f 142/1389/1359 413/1388/1358 412/1390/1360
f 142/1389/1359 412/1390/1360 143/1391/1361
f 143/1391/1361 412/1390/1360 411/1392/1362
f 143/1391/1361 411/1392/1362 144/1343/1315
f 144/1343/1315 411/1392/1362 410/1344/1316
f 408/1393/1363 882/1394/1364 385/1395/1365
f 385/1395/1365 882/1394/1364 859/1396/1366
f 385/1397/1365 859/1398/1366 386/1399/1367
f 386/1399/1367 859/1398/1366 860/1400/1368
f 386/1399/1367 860/1400/1368 387/1401/1369
f 387/1401/1369 860/1400/1368 861/1402/1370
f 387/1401/1369 861/1402/1370 388/1403/1371
f 388/1403/1371 861/1402/1370 862/1404/1372
f 388/1403/1371 862/1404/1372 389/1405/1373
f 389/1405/1373 862/1404/1372 863/1406/1374
f 389/1405/1373 863/1406/1374 390/1407/1375
f 390/1407/1375 863/1406/1374 864/1408/1376
f 390/1407/1375 864/1408/1376 391/1409/1377
f 391/1409/1377 864/1408/1376 865/1410/1378
f 391/1409/1377 865/1410/1378 392/1411/1379
f 392/1411/1379 865/1410/1378 866/1412/1380
f 392/1411/1379 866/1412/1380 393/1413/1381
f 393/1413/1381 866/1412/1380 867/1414/1382
f 393/1413/1381 867/1414/1382 394/1415/1383
f 394/1415/1383 867/1414/1382 868/1416/1384
f 394/1415/1383 868/1416/1384 395/1417/1385
f 395/1417/1385 868/1416/1384 869/1418/1386
f 395/1417/1385 869/1418/1386 396/1419/1387
f 396/1419/1387 869/1418/1386 870/1420/1388
f 396/1419/1387 870/1420/1388 397/1421/1389
f 397/1421/1389 870/1420/1388 871/1422/1390
f 397/1421/1389 871/1422/1390 398/1423/1391
f 398/1423/1391 871/1422/1390 872/1424/1392
f 398/1423/1391 872/1424/1392 399/1425/1393
f 399/1425/1393 872/1424/1392 873/1426/1394
f 399/1425/1393 873/1426/1394 400/1427/1395
f 400/1427/1395 873/1426/1394 874/1428/1396
f 400/1427/1395 874/1428/1396 401/1429/1397
f 401/1429/1397 874/1428/1396 875/1430/1398
f 401/1429/1397 875/1430/1398 402/1431/1399
f 402/1431/1399 875/1430/1398 876/1432/1400
f 402/1431/1399 876/1432/1400 403/1433/1401
f 403/1433/1401 876/1432/1400 877/1434/1402
f 403/1433/1401 877/1434/1402 404/1435/1403
f 404/1435/1403 877/1434/1402 878/1436/1404
f 404/1435/1403 878/1436/1404 405/1437/1405
f 405/1437/1405 878/1436/1404 879/1438/1406
f 405/1437/1405 879/1438/1406 406/1439/1407
f 406/1439/1407 879/1438/1406 880/1440/1408
f 406/1439/1407 880/1440/1408 407/1441/1409
f 407/1441/1409 880/1440/1408 881/1442/1410
f 407/1441/1409 881/1442/1410 408/1393/1363
f 408/1393/1363 881/1442/1410 882/1394/1364
f 384/1443/1411 906/1444/1412 361/1445/1413
f 361/1445/1413 906/1444/1412 883/1446/1414
f 361/1447/1413 883/1448/1414 362/1449/1415
f 362/1449/1415 883/1448/1414 884/1450/1416
f 362/1449/1415 884/1450/1416 363/1451/1417
f 363/1451/1417 884/1450/1416 885/1452/1418
f 363/1451/1417 885/1452/1418 364/1453/1419
f 364/1453/1419 885/1452/1418 886/1454/1420
f 364/1453/1419 886/1454/1420 365/1455/1421
f 365/1455/1421 886/1454/1420 887/1456/1422
f 365/1455/1421 887/1456/1422 366/1457/1423
f 366/1457/1423 887/1456/1422 888/1458/1424
f 366/1457/1423 888/1458/1424 367/1459/1425
f 367/1459/1425 888/1458/1424 889/1460/1426
f 367/1459/1425 889/1460/1426 368/1461/1427
f 368/1461/1427 889/1460/1426 890/1462/1428
f 368/1461/1427 890/1462/1428 369/1463/1429
f 369/1463/1429 890/1462/1428 891/1464/1430
f 369/1463/1429 891/1464/1430 370/1465/1431
f 370/1465/1431 891/1464/1430 892/1466/1432
f 370/1465/1431 892/1466/1432 371/1467/1433
f 371/1467/1433 892/1466/1432 893/1468/1434
f 371/1467/1433 893/1468/1434 372/1469/1435
f 372/1469/1435 893/1468/1434 894/1470/1436
f 372/1469/1435 894/1470/1436 373/1471/1437
f 373/1471/1437 894/1470/1436 895/1472/1438
f 373/1471/1437 895/1472/1438 374/1473/1439
f 374/1473/1439 895/1472/1438 896/1474/1440
f 374/1473/1439 896/1474/1440 375/1475/1441
f 375/1475/1441 896/1474/1440 897/1476/1442
f 375/1475/1441 897/1476/1442 376/1477/1443
f 376/1477/1443 897/1476/1442 898/1478/1444
f 376/1477/1443 898/1478/1444 377/1479/1445
f 377/1479/1445 898/1478/1444 899/1480/1446
f 377/1479/1445 899/1480/1446 378/1481/1447
f 378/1481/1447 899/1480/1446 900/1482/1448
f 378/1481/1447 900/1482/1448 379/1483/1449
f 379/1483/1449 900/1482/1448 901/1484/1450
f 379/1483/1449 901/1484/1450 380/1485/1451
f 380/1485/1451 901/1484/1450 902/1486/1452
f 380/1485/1451 902/1486/1452 381/1487/1453
f 381/1487/1453 902/1486/1452 903/1488/1454
f 381/1487/1453 903/1488/1454 382/1489/1455
f 382/1489/1455 903/1488/1454 904/1490/1456
f 382/1489/1455 904/1490/1456 383/1491/1457
f 383/1491/1457 904/1490/1456 905/1492/1458
f 383/1491/1457 905/1492/1458 384/1443/1411
f 384/1443/1411 905/1492/1458 906/1444/1412
f 360/1493/1459 930/1494/1460 337/1495/1461
f 337/1495/1461 930/1494/1460 907/1496/1462
f 337/1497/1461 907/1498/1462 338/1499/1463
f 338/1499/1463 907/1498/1462 908/1500/1464
f 338/1499/1463 908/1500/1464 339/1501/1465
f 339/1501/1465 908/1500/1464 909/1502/1466
f 339/1501/1465 909/1502/1466 340/1503/1467
f 340/1503/1467 909/1502/1466 910/1504/1468
f 340/1503/1467 910/1504/1468 341/1505/1469
f 341/1505/1469 910/1504/1468 911/1506/1470
f 341/1505/1469 911/1506/1470 342/1507/1471
f 342/1507/1471 911/1506/1470 912/1508/1472
f 342/1507/1471 912/1508/1472 343/1509/1473
f 343/1509/1473 912/1508/1472 913/1510/1474
f 343/1509/1473 913/1510/1474 344/1511/1475
f 344/1511/1475 913/1510/1474 914/1512/1476
f 344/1511/1475 914/1512/1476 345/1513/1477
f 345/1513/1477 914/1512/1476 915/1514/1478
f 345/1513/1477 915/1514/1478 346/1515/1479
f 346/1515/1479 915/1514/1478 916/1516/1480
f 346/1515/1479 916/1516/1480 347/1517/1481
f 347/1517/1481 916/1516/1480 917/1518/1482
f 347/1517/1481 917/1518/1482 348/1519/1483
f 348/1519/1483 917/1518/1482 918/1520/1484
f 348/1519/1483 918/1520/1484 349/1521/1485
f 349/1521/1485 918/1520/1484 919/1522/1486
f 349/1521/1485 919/1522/1486 350/1523/1487
f 350/1523/1487 919/1522/1486 920/1524/1488
f 350/1523/1487 920/1524/1488 351/1525/1489
f 351/1525/1489 920/1524/1488 921/1526/1490
f 351/1525/1489 921/1526/1490 352/1527/1491
f 352/1527/1491 921/1526/1490 922/1528/1492
f 352/1527/1491 922/1528/1492 353/1529/1493
f 353/1529/1493 922/1528/1492 923/1530/1494
f 353/1529/1493 923/1530/1494 354/1531/1495
f 354/1531/1495 923/1530/1494 924/1532/1496
f 354/1531/1495 924/1532/1496 355/1533/1497
f 355/1533/1497 924/1532/1496 925/1534/1498
f 355/1533/1497 925/1534/1498 356/1535/1499
f 356/1535/1499 925/1534/1498 926/1536/1500
f 356/1535/1499 926/1536/1500 357/1537/1501
f 357/1537/1501 926/1536/1500 927/1538/1502
f 357/1537/1501 927/1538/1502 358/1539/1503
f 358/1539/1503 927/1538/1502 928/1540/1504
f 358/1539/1503 928/1540/1504 359/1541/1505
f 359/1541/1505 928/1540/1504 929/1542/1506
f 359/1541/1505 929/1542/1506 360/1493/1459
f 360/1493/1459 929/1542/1506 930/1494/1460
f 336/1543/1507 954/1544/1508 313/1545/1509
f 313/1545/1509 954/1544/1508 931/1546/1510
f 313/1547/1509 931/1548/1510 314/1549/1511
f 314/1549/1511 931/1548/1510 932/1550/1512
f 314/1549/1511 932/1550/1512 315/1551/1513
f 315/1551/1513 932/1550/1512 933/1552/1514
f 315/1551/1513 933/1552/1514 316/1553/1515
f 316/1553/1515 933/1552/1514 934/1554/1516
f 316/1553/1515 934/1554/1516 317/1555/1517
f 317/1555/1517 934/1554/1516 935/1556/1518
f 317/1555/1517 935/1556/1518 318/1557/1519
f 318/1557/1519 935/1556/1518 936/1558/1520
f 318/1557/1519 936/1558/1520 319/1559/1521
f 319/1559/1521 936/1558/1520 937/1560/1522
f 319/1559/1521 937/1560/1522 320/1561/1523
f 320/1561/1523 937/1560/1522 938/1562/1524
f 320/1561/1523 938/1562/1524 321/1563/1525
f 321/1563/1525 938/1562/1524 939/1564/1526
f 321/1563/1525 939/1564/1526 322/1565/1527
f 322/1565/1527 939/1564/1526 940/1566/1528
f 322/1565/1527 940/1566/1528 323/1567/1529
f 323/1567/1529 940/1566/1528 941/1568/1530
f 323/1567/1529 941/1568/1530 324/1569/1531
f 324/1569/1531 941/1568/1530 942/1570/1532
f 324/1569/1531 942/1570/1532 325/1571/1533
f 325/1571/1533 942/1570/1532 943/1572/1534
f 325/1571/1533 943/1572/1534 326/1573/1535
f 326/1573/1535 943/1572/1534 944/1574/1536
f 326/1573/1535 944/1574/1536 327/1575/1537
f 327/1575/1537 944/1574/1536 945/1576/1538
f 327/1575/1537 945/1576/1538 328/1577/1539
f 328/1577/1539 945/1576/1538 946/1578/1540
f 328/1577/1539 946/1578/1540 329/1579/1541
f 329/1579/1541 946/1578/1540 947/1580/1542
f 329/1579/1541 947/1580/1542 330/1581/1543
f 330/1581/1543 947/1580/1542 948/1582/1544
f 330/1581/1543 948/1582/1544 331/1583/1545
f 331/1583/1545 948/1582/1544 949/1584/1546
f 331/1583/1545 949/1584/1546 332/1585/1547
f 332/1585/1547 949/1584/1546 950/1586/1548
f 332/1585/1547 950/1586/1548 333/1587/1549
f 333/1587/1549 950/1586/1548 951/1588/1550
f 333/1587/1549 951/1588/1550 334/1589/1551
f 334/1589/1551 951/1588/1550 952/1590/1552
f 334/1589/1551 952/1590/1552 335/1591/1553
f 335/1591/1553 952/1590/1552 953/1592/1554
f 335/1591/1553 953/1592/1554 336/1543/1507
f 336/1543/1507 953/1592/1554 954/1544/1508
f 666/1593/1555 996/1594/1556 625/1595/1557
f 625/1595/1557 996/1594/1556 955/1596/1558
f 625/1597/1557 955/1598/1558 626/1599/1559
f 626/1599/1559 955/1598/1558 956/1600/1560
f 626/1599/1559 956/1600/1560 627/1601/1561
f 627/1601/1561 956/1600/1560 957/1602/1562
f 627/1601/1561 957/1602/1562 628/1603/1563
f 628/1603/1563 957/1602/1562 958/1604/1564
f 628/1603/1563 958/1604/1564 629/1605/1565
f 629/1605/1565 958/1604/1564 959/1606/1566
f 629/1605/1565 959/1606/1566 630/1607/1567
f 630/1607/1567 959/1606/1566 960/1608/1568
f 630/1607/1567 960/1608/1568 631/1609/1569
f 631/1609/1569 960/1608/1568 961/1610/1570
f 631/1609/1569 961/1610/1570 632/1611/1571
f 632/1611/1571 961/1610/1570 962/1612/1572
f 632/1611/1571 962/1612/1572 633/1613/1573
f 633/1613/1573 962/1612/1572 963/1614/1574
f 633/1613/1573 963/1614/1574 634/1615/1575
f 634/1615/1575 963/1614/1574 964/1616/1576
f 634/1615/1575 964/1616/1576 635/1617/1577
f 635/1617/1577 964/1616/1576 965/1618/1578
f 635/1617/1577 965/1618/1578 636/1619/1579
f 636/1619/1579 965/1618/1578 966/1620/1580
f 636/1619/1579 966/1620/1580 637/1621/1581
f 637/1621/1581 966/1620/1580 967/1622/1582
f 637/1621/1581 967/1622/1582 638/1623/1583
f 638/1623/1583 967/1622/1582 968/1624/1584
f 638/1623/1583 968/1624/1584 639/1625/1585
f 639/1625/1585 968/1624/1584 969/1626/1586
f 639/1625/1585 969/1626/1586 640/1627/1587
f 640/1627/1587 969/1626/1586 970/1628/1588
f 640/1627/1587 970/1628/1588 641/1629/1589
f 641/1629/1589 970/1628/1588 971/1630/1590
f 641/1629/1589 971/1630/1590 642/1631/1591
f 642/1631/1591 971/1630/1590 972/1632/1592
f 642/1631/1591 972/1632/1592 643/1633/1593
f 643/1633/1593 972/1632/1592 973/1634/1594
f 643/1633/1593 973/1634/1594 644/1635/1595
f 644/1635/1595 973/1634/1594 974/1636/1596
f 644/1635/1595 974/1636/1596 645/1637/1597
f 645/1637/1597 974/1636/1596 975/1638/1598
f 645/1637/1597 975/1638/1598 646/1639/1599
f 646/1639/1599 975/1638/1598 976/1640/1600
f 646/1639/1599 976/1640/1600 647/1641/1601
f 647/1641/1601 976/1640/1600 977/1642/1602
f 647/1641/1601 977/1642/1602 648/1643/1603
f 648/1643/1603 977/1642/1602 978/1644/1604
f 648/1643/1603 978/1644/1604 649/1645/1605
f 649/1645/1605 978/1644/1604 979/1646/1606
f 649/1645/1605 979/1646/1606 650/1647/1607
f 650/1647/1607 979/1646/1606 980/1648/1608
f 650/1647/1607 980/1648/1608 651/1649/1609
f 651/1649/1609 980/1648/1608 981/1650/1610
f 651/1649/1609 981/1650/1610 652/1651/1611
f 652/1651/1611 981/1650/1610 982/1652/1612
f 652/1651/1611 982/1652/1612 653/1653/1613
f 653/1653/1613 982/1652/1612 983/1654/1614
f 653/1653/1613 983/1654/1614 654/1655/1615
f 654/1655/1615 983/1654/1614 984/1656/1616
f 654/1655/1615 984/1656/1616 655/1657/1617
f 655/1657/1617 984/1656/1616 985/1658/1618
f 655/1657/1617 985/1658/1618 656/1659/1619
f 656/1659/1619 985/1658/1618 986/1660/1620
f 656/1659/1619 986/1660/1620 657/1661/1621
f 657/1661/1621 986/1660/1620 987/1662/1622
f 657/1661/1621 987/1662/1622 658/1663/1623
f 658/1663/1623 987/1662/1622 988/1664/1624
f 658/1663/1623 988/1664/1624 659/1665/1625
f 659/1665/1625 988/1664/1624 989/1666/1626
f 659/1665/1625 989/1666/1626 660/1667/1627
f 660/1667/1627 989/1666/1626 990/1668/1628
f 660/1667/1627 990/1668/1628 661/1669/1629
f 661/1669/1629 990/1668/1628 991/1670/1630
f 661/1669/1629 991/1670/1630 662/1671/1631
f 662/1671/1631 991/1670/1630 992/1672/1632
f 662/1671/1631 992/1672/1632 663/1673/1633
f 663/1673/1633 992/1672/1632 993/1674/1634
f 663/1673/1633 993/1674/1634 664/1675/1635
f 664/1675/1635 993/1674/1634 994/1676/1636
f 664/1675/1635 994/1676/1636 665/1677/1637
f 665/1677/1637 994/1676/1636 995/1678/1638
f 665/1677/1637 995/1678/1638 666/1593/1555
f 666/1593/1555 995/1678/1638 996/1594/1556
f 932/1679/1639 931/1680/1640 37/1681/1641
f 37/1681/1641 931/1680/1640 954/1682/1642
f 37/1681/1641 954/1682/1642 38/1683/1643
f 38/1683/1643 954/1682/1642 953/1684/1644
f 38/1683/1643 953/1684/1644 885/1685/1645
f 885/1685/1645 953/1684/1644 952/1686/1646
f 885/1685/1645 952/1686/1646 886/1687/1647
f 886/1687/1647 952/1686/1646 887/1688/1648
f 887/1688/1648 952/1686/1646 951/1689/1649
f 887/1688/1648 951/1689/1649 888/1690/1650
f 888/1690/1650 951/1689/1649 950/1691/1651
f 888/1690/1650 950/1691/1651 889/1692/1652
f 889/1692/1652 950/1691/1651 949/1693/1653
f 889/1692/1652 949/1693/1653 890/1694/1654
f 890/1694/1654 949/1693/1653 948/1695/1655
f 890/1694/1654 948/1695/1655 891/1696/1656
f 891/1696/1656 948/1695/1655 947/1697/1657
f 891/1696/1656 947/1697/1657 892/1698/1658
f 892/1698/1658 947/1697/1657 946/1699/1659
f 892/1698/1658 946/1699/1659 975/1700/1660
f 975/1700/1660 946/1699/1659 945/1701/1661
f 975/1700/1660 945/1701/1661 944/1702/1662
f 975/1700/1660 944/1702/1662 976/1703/1663
f 976/1703/1663 944/1702/1662 943/1704/1664
f 976/1703/1663 943/1704/1664 942/1705/1665
f 976/1703/1663 942/1705/1665 977/1706/1666
f 977/1706/1666 942/1705/1665 941/1707/1667
f 977/1706/1666 941/1707/1667 940/1708/1668
f 939/1709/1669 803/1710/1670 940/1708/1668
f 940/1708/1668 803/1710/1670 802/1711/1671
f 940/1708/1668 802/1711/1671 977/1706/1666
f 977/1706/1666 802/1711/1671 801/1712/1672
f 977/1706/1666 801/1712/1672 978/1713/1673
f 978/1713/1673 801/1712/1672 800/1714/1674
f 978/1713/1673 800/1714/1674 799/1715/1675
f 803/1710/1670 939/1709/1669 804/1716/1676
f 804/1716/1676 939/1709/1669 938/1717/1677
f 804/1716/1676 938/1717/1677 937/1718/1678
f 936/1719/1679 806/1720/1680 937/1718/1678
f 937/1718/1678 806/1720/1680 805/1721/1681
f 937/1718/1678 805/1721/1681 804/1716/1676
f 806/1720/1680 936/1719/1679 807/1722/1682
f 807/1722/1682 936/1719/1679 935/1723/1683
f 807/1722/1682 935/1723/1683 808/1724/1684
f 808/1724/1684 935/1723/1683 934/1725/1685
f 808/1724/1684 934/1725/1685 933/1726/1686
f 932/1679/1639 36/1727/1687 933/1726/1686
f 933/1726/1686 36/1727/1687 809/1728/1688
f 933/1726/1686 809/1728/1688 808/1724/1684
f 36/1727/1687 932/1679/1639 37/1681/1641
f 930/1729/1689 848/1730/1690 907/1731/1691
f 907/1731/1691 848/1730/1690 847/1732/1692
f 907/1731/1691 847/1732/1692 908/1733/1693
f 908/1733/1693 847/1732/1692 846/1734/1694
f 908/1733/1693 846/1734/1694 909/1735/1695
f 909/1735/1695 846/1734/1694 845/1736/1696
f 909/1735/1695 845/1736/1696 910/1737/1697
f 910/1737/1697 845/1736/1696 844/1738/1698
f 910/1737/1697 844/1738/1698 911/1739/1699
f 911/1739/1699 844/1738/1698 843/1740/1700
f 911/1739/1699 843/1740/1700 42/1741/1701
f 42/1741/1701 843/1740/1700 842/1742/1702
f 42/1741/1701 842/1742/1702 43/1743/1703
f 43/1743/1703 842/1742/1702 841/1744/1704
f 43/1743/1703 841/1744/1704 840/1745/1705
f 848/1730/1690 930/1729/1689 849/1746/1706
f 849/1746/1706 930/1729/1689 929/1747/1707
f 849/1746/1706 929/1747/1707 850/1748/1708
f 850/1748/1708 929/1747/1707 928/1749/1709
f 850/1748/1708 928/1749/1709 967/1750/1710
f 967/1750/1710 928/1749/1709 927/1751/1711
f 967/1750/1710 927/1751/1711 926/1752/1712
f 926/1752/1712 925/1753/1713 967/1750/1710
f 967/1750/1710 925/1753/1713 968/1754/1714
f 968/1754/1714 925/1753/1713 924/1755/1715
f 968/1754/1714 924/1755/1715 923/1756/1716
f 923/1756/1716 922/1757/1717 968/1754/1714
f 968/1754/1714 922/1757/1717 969/1758/1718
f 969/1758/1718 922/1757/1717 921/1759/1719
f 969/1758/1718 921/1759/1719 920/1760/1720
f 920/1760/1720 919/1761/1721 969/1758/1718
f 969/1758/1718 919/1761/1721 970/1762/1722
f 970/1762/1722 919/1761/1721 918/1763/1723
f 970/1762/1722 918/1763/1723 917/1764/1724
f 970/1762/1722 917/1764/1724 971/1765/1725
f 971/1765/1725 917/1764/1724 916/1766/1726
f 971/1765/1725 916/1766/1726 904/1767/1727
f 904/1767/1727 916/1766/1726 915/1768/1728
f 904/1767/1727 915/1768/1728 905/1769/1729
f 905/1769/1729 915/1768/1728 40/1770/1730
f 905/1769/1729 40/1770/1730 906/1771/1731
f 906/1771/1731 40/1770/1730 39/1772/1732
f 906/1771/1731 39/1772/1732 883/1773/1733
f 883/1773/1733 39/1772/1732 884/1774/1734
f 884/1774/1734 39/1772/1732 38/1683/1643
f 884/1774/1734 38/1683/1643 885/1685/1645
f 915/1768/1728 914/1775/1735 40/1770/1730
f 40/1770/1730 914/1775/1735 41/1776/1736
f 41/1776/1736 914/1775/1735 913/1777/1737
f 41/1776/1736 913/1777/1737 912/1778/1738
f 41/1776/1736 912/1778/1738 42/1741/1701
f 42/1741/1701 912/1778/1738 911/1739/1699
f 904/1767/1727 903/1779/1739 971/1765/1725
f 971/1765/1725 903/1779/1739 902/1780/1740
f 971/1765/1725 902/1780/1740 972/1781/1741
f 972/1781/1741 902/1780/1740 901/1782/1742
f 972/1781/1741 901/1782/1742 900/1783/1743
f 972/1781/1741 900/1783/1743 973/1784/1744
f 973/1784/1744 900/1783/1743 899/1785/1745
f 973/1784/1744 899/1785/1745 898/1786/1746
f 898/1786/1746 897/1787/1747 973/1784/1744
f 973/1784/1744 897/1787/1747 896/1788/1748
f 973/1784/1744 896/1788/1748 974/1789/1749
f 974/1789/1749 896/1788/1748 895/1790/1750
f 974/1789/1749 895/1790/1750 894/1791/1751
f 894/1791/1751 893/1792/1752 974/1789/1749
f 974/1789/1749 893/1792/1752 975/1700/1660
f 975/1700/1660 893/1792/1752 892/1698/1658
f 860/1793/1753 859/1794/1754 955/1795/1755
f 955/1795/1755 859/1794/1754 882/1796/1756
f 955/1795/1755 882/1796/1756 956/1797/1757
f 956/1797/1757 882/1796/1756 881/1798/1758
f 956/1797/1757 881/1798/1758 880/1799/1759
f 956/1797/1757 880/1799/1759 718/1800/1760
f 718/1800/1760 880/1799/1759 879/1801/1761
f 718/1800/1760 879/1801/1761 719/1802/1762
f 719/1802/1762 879/1801/1761 878/1803/1763
f 719/1802/1762 878/1803/1763 720/1804/1764
f 720/1804/1764 878/1803/1763 877/1805/1765
f 720/1804/1764 877/1805/1765 721/1806/1766
f 721/1806/1766 877/1805/1765 876/1807/1767
f 721/1806/1766 876/1807/1767 722/1808/1768
f 722/1808/1768 876/1807/1767 875/1809/1769
f 722/1808/1768 875/1809/1769 723/1810/1770
f 723/1810/1770 875/1809/1769 874/1811/1771
f 723/1810/1770 874/1811/1771 724/1812/1772
f 724/1812/1772 874/1811/1771 873/1813/1773
f 724/1812/1772 873/1813/1773 725/1814/1774
f 725/1814/1774 873/1813/1773 48/1815/1775
f 725/1814/1774 48/1815/1775 726/1816/1776
f 726/1816/1776 48/1815/1775 47/1817/1777
f 726/1816/1776 47/1817/1777 727/1818/1778
f 727/1818/1778 47/1817/1777 728/1819/1779
f 728/1819/1779 47/1817/1777 46/1820/1780
f 728/1819/1779 46/1820/1780 729/1821/1781
f 729/1821/1781 46/1820/1780 767/1822/1782
f 729/1821/1781 767/1822/1782 730/1823/1783
f 730/1823/1783 767/1822/1782 766/1824/1784
f 730/1823/1783 766/1824/1784 960/1825/1785
f 960/1825/1785 766/1824/1784 765/1826/1786
f 960/1825/1785 765/1826/1786 961/1827/1787
f 961/1827/1787 765/1826/1786 764/1828/1788
f 961/1827/1787 764/1828/1788 763/1829/1789
f 873/1813/1773 872/1830/1790 48/1815/1775
f 48/1815/1775 872/1830/1790 25/1831/1791
f 25/1831/1791 872/1830/1790 871/1832/1792
f 25/1831/1791 871/1832/1792 870/1833/1793
f 25/1831/1791 870/1833/1793 26/1834/1794
f 26/1834/1794 870/1833/1793 869/1835/1795
f 26/1834/1794 869/1835/1795 825/1836/1796
f 825/1836/1796 869/1835/1795 868/1837/1797
f 825/1836/1796 868/1837/1797 826/1838/1798
f 826/1838/1798 868/1837/1797 867/1839/1799
f 826/1838/1798 867/1839/1799 827/1840/1800
f 827/1840/1800 867/1839/1799 866/1841/1801
f 827/1840/1800 866/1841/1801 828/1842/1802
f 828/1842/1802 866/1841/1801 865/1843/1803
f 828/1842/1802 865/1843/1803 829/1844/1804
f 829/1844/1804 865/1843/1803 830/1845/1805
f 830/1845/1805 865/1843/1803 864/1846/1806
f 830/1845/1805 864/1846/1806 863/1847/1807
f 830/1845/1805 863/1847/1807 831/1848/1808
f 831/1848/1808 863/1847/1807 862/1849/1809
f 831/1848/1808 862/1849/1809 832/1850/1810
f 832/1850/1810 862/1849/1809 996/1851/1811
f 832/1850/1810 996/1851/1811 833/1852/1812
f 833/1852/1812 996/1851/1811 995/1853/1813
f 833/1852/1812 995/1853/1813 834/1854/1814
f 834/1854/1814 995/1853/1813 811/1855/1815
f 811/1855/1815 995/1853/1813 812/1856/1816
f 812/1856/1816 995/1853/1813 994/1857/1817
f 812/1856/1816 994/1857/1817 813/1858/1818
f 813/1858/1818 994/1857/1817 814/1859/1819
f 814/1859/1819 994/1857/1817 815/1860/1820
f 815/1860/1820 994/1857/1817 816/1861/1821
f 816/1861/1821 994/1857/1817 993/1862/1822
f 816/1861/1821 993/1862/1822 817/1863/1823
f 817/1863/1823 993/1862/1822 818/1864/1824
f 818/1864/1824 993/1862/1822 992/1865/1825
f 818/1864/1824 992/1865/1825 819/1866/1826
f 819/1866/1826 992/1865/1825 820/1867/1827
f 820/1867/1827 992/1865/1825 688/1868/1828
f 820/1867/1827 688/1868/1828 687/1869/1829
f 862/1849/1809 861/1870/1830 996/1851/1811
f 996/1851/1811 861/1870/1830 860/1793/1753
f 996/1851/1811 860/1793/1753 955/1795/1755
f 767/1822/1782 46/1820/1780 768/1871/1831
f 768/1871/1831 46/1820/1780 45/1872/1832
f 768/1871/1831 45/1872/1832 769/1873/1833
f 769/1873/1833 45/1872/1832 770/1874/1834
f 770/1874/1834 45/1872/1832 44/1875/1835
f 770/1874/1834 44/1875/1835 771/1876/1836
f 771/1876/1836 44/1875/1835 839/1877/1837
f 771/1876/1836 839/1877/1837 772/1878/1838
f 772/1878/1838 839/1877/1837 838/1879/1839
f 772/1878/1838 838/1879/1839 773/1880/1840
f 773/1880/1840 838/1879/1839 837/1881/1841
f 773/1880/1840 837/1881/1841 774/1882/1842
f 774/1882/1842 837/1881/1841 836/1883/1843
f 774/1882/1842 836/1883/1843 775/1884/1844
f 775/1884/1844 836/1883/1843 835/1885/1845
f 775/1884/1844 835/1885/1845 776/1886/1846
f 776/1886/1846 835/1885/1845 858/1887/1847
f 776/1886/1846 858/1887/1847 777/1888/1848
f 777/1888/1848 858/1887/1847 857/1889/1849
f 777/1888/1848 857/1889/1849 778/1890/1850
f 778/1890/1850 857/1889/1849 856/1891/1851
f 778/1890/1850 856/1891/1851 964/1892/1852
f 964/1892/1852 856/1891/1851 965/1893/1853
f 965/1893/1853 856/1891/1851 855/1894/1854
f 965/1893/1853 855/1894/1854 854/1895/1855
f 839/1877/1837 44/1875/1835 840/1745/1705
f 840/1745/1705 44/1875/1835 43/1743/1703
f 809/1728/1688 36/1727/1687 810/1896/1856
f 810/1896/1856 36/1727/1687 35/1897/1857
f 810/1896/1856 35/1897/1857 787/1898/1858
f 787/1898/1858 35/1897/1857 788/1899/1859
f 788/1899/1859 35/1897/1857 34/1900/1860
f 788/1899/1859 34/1900/1860 789/1901/1861
f 789/1901/1861 34/1900/1860 707/1902/1862
f 789/1901/1861 707/1902/1862 790/1903/1863
f 790/1903/1863 707/1902/1862 706/1904/1864
f 790/1903/1863 706/1904/1864 981/1905/1865
f 981/1905/1865 706/1904/1864 705/1906/1866
f 981/1905/1865 705/1906/1866 982/1907/1867
f 982/1907/1867 705/1906/1866 704/1908/1868
f 982/1907/1867 704/1908/1868 703/1909/1869
f 707/1902/1862 34/1900/1860 708/1910/1870
f 708/1910/1870 34/1900/1860 33/1911/1871
f 708/1910/1870 33/1911/1871 709/1912/1872
f 709/1912/1872 33/1911/1871 710/1913/1873
f 710/1913/1873 33/1911/1871 32/1914/1874
f 710/1913/1873 32/1914/1874 711/1915/1875
f 711/1915/1875 32/1914/1874 755/1916/1876
f 711/1915/1875 755/1916/1876 712/1917/1877
f 712/1917/1877 755/1916/1876 754/1918/1878
f 712/1917/1877 754/1918/1878 713/1919/1879
f 713/1919/1879 754/1918/1878 753/1920/1880
f 713/1919/1879 753/1920/1880 714/1921/1881
f 714/1921/1881 753/1920/1880 752/1922/1882
f 714/1921/1881 752/1922/1882 691/1923/1883
f 691/1923/1883 752/1922/1882 751/1924/1884
f 691/1923/1883 751/1924/1884 692/1925/1885
f 692/1925/1885 751/1924/1884 750/1926/1886
f 692/1925/1885 750/1926/1886 693/1927/1887
f 693/1927/1887 750/1926/1886 749/1928/1888
f 693/1927/1887 749/1928/1888 694/1929/1889
f 694/1929/1889 749/1928/1888 748/1930/1890
f 694/1929/1889 748/1930/1890 985/1931/1891
f 985/1931/1891 748/1930/1890 986/1932/1892
f 986/1932/1892 748/1930/1890 747/1933/1893
f 986/1932/1892 747/1933/1893 746/1934/1894
f 755/1916/1876 32/1914/1874 756/1935/1895
f 756/1935/1895 32/1914/1874 31/1936/1896
f 756/1935/1895 31/1936/1896 757/1937/1897
f 757/1937/1897 31/1936/1896 758/1938/1898
f 758/1938/1898 31/1936/1896 30/1939/1899
f 758/1938/1898 30/1939/1899 759/1940/1900
f 759/1940/1900 30/1939/1899 683/1941/1901
f 759/1940/1900 683/1941/1901 760/1942/1902
f 760/1942/1902 683/1941/1901 682/1943/1903
f 760/1942/1902 682/1943/1903 761/1944/1904
f 761/1944/1904 682/1943/1903 681/1945/1905
f 761/1944/1904 681/1945/1905 762/1946/1906
f 762/1946/1906 681/1945/1905 680/1947/1907
f 762/1946/1906 680/1947/1907 739/1948/1908
f 739/1948/1908 680/1947/1907 679/1949/1909
f 739/1948/1908 679/1949/1909 740/1950/1910
f 740/1950/1910 679/1949/1909 678/1951/1911
f 740/1950/1910 678/1951/1911 741/1952/1912
f 741/1952/1912 678/1951/1911 677/1953/1913
f 741/1952/1912 677/1953/1913 742/1954/1914
f 742/1954/1914 677/1953/1913 676/1955/1915
f 742/1954/1914 676/1955/1915 988/1956/1916
f 988/1956/1916 676/1955/1915 675/1957/1917
f 988/1956/1916 675/1957/1917 674/1958/1918
f 683/1941/1901 30/1939/1899 684/1959/1919
f 684/1959/1919 30/1939/1899 29/1960/1920
f 684/1959/1919 29/1960/1920 685/1961/1921
f 685/1961/1921 29/1960/1920 686/1962/1922
f 686/1962/1922 29/1960/1920 28/1963/1923
f 686/1962/1922 28/1963/1923 687/1869/1829
f 687/1869/1829 28/1963/1923 821/1964/1924
f 687/1869/1829 821/1964/1924 820/1867/1827
f 821/1964/1924 28/1963/1923 822/1965/1925
f 822/1965/1925 28/1963/1923 27/1966/1926
f 822/1965/1925 27/1966/1926 823/1967/1927
f 823/1967/1927 27/1966/1926 824/1968/1928
f 824/1968/1928 27/1966/1926 26/1834/1794
f 824/1968/1928 26/1834/1794 825/1836/1796
f 854/1895/1855 853/1969/1929 965/1893/1853
f 965/1893/1853 853/1969/1929 966/1970/1930
f 966/1970/1930 853/1969/1929 852/1971/1931
f 966/1970/1930 852/1971/1931 851/1972/1932
f 851/1972/1932 850/1748/1708 966/1970/1930
f 966/1970/1930 850/1748/1708 967/1750/1710
f 799/1715/1675 798/1973/1933 978/1713/1673
f 978/1713/1673 798/1973/1933 979/1974/1934
f 979/1974/1934 798/1973/1933 797/1975/1935
f 979/1974/1934 797/1975/1935 796/1976/1936
f 796/1976/1936 795/1977/1937 979/1974/1934
f 979/1974/1934 795/1977/1937 794/1978/1938
f 979/1974/1934 794/1978/1938 980/1979/1939
f 980/1979/1939 794/1978/1938 793/1980/1940
f 980/1979/1939 793/1980/1940 792/1981/1941
f 980/1979/1939 792/1981/1941 981/1905/1865
f 981/1905/1865 792/1981/1941 791/1982/1942
f 981/1905/1865 791/1982/1942 790/1903/1863
f 961/1827/1787 763/1829/1789 962/1983/1943
f 962/1983/1943 763/1829/1789 786/1984/1944
f 962/1983/1943 786/1984/1944 785/1985/1945
f 785/1985/1945 784/1986/1946 962/1983/1943
f 962/1983/1943 784/1986/1946 963/1987/1947
f 963/1987/1947 784/1986/1946 783/1988/1948
f 963/1987/1947 783/1988/1948 782/1989/1949
f 782/1989/1949 781/1990/1950 963/1987/1947
f 963/1987/1947 781/1990/1950 964/1892/1852
f 964/1892/1852 781/1990/1950 780/1991/1951
f 964/1892/1852 780/1991/1951 779/1992/1952
f 779/1992/1952 778/1890/1850 964/1892/1852
f 746/1934/1894 745/1993/1953 986/1932/1892
f 986/1932/1892 745/1993/1953 987/1994/1954
f 987/1994/1954 745/1993/1953 744/1995/1955
f 987/1994/1954 744/1995/1955 743/1996/1956
f 743/1996/1956 742/1954/1914 987/1994/1954
f 987/1994/1954 742/1954/1914 988/1956/1916
f 716/1997/1957 715/1998/1958 957/1999/1959
f 957/1999/1959 715/1998/1958 738/2000/1960
f 957/1999/1959 738/2000/1960 958/2001/1961
f 958/2001/1961 738/2000/1960 737/2002/1962
f 958/2001/1961 737/2002/1962 736/2003/1963
f 736/2003/1963 735/2004/1964 958/2001/1961
f 958/2001/1961 735/2004/1964 734/2005/1965
f 958/2001/1961 734/2005/1965 959/2006/1966
f 959/2006/1966 734/2005/1965 733/2007/1967
f 959/2006/1966 733/2007/1967 732/2008/1968
f 959/2006/1966 732/2008/1968 960/1825/1785
f 960/1825/1785 732/2008/1968 731/2009/1969
f 960/1825/1785 731/2009/1969 730/1823/1783
f 718/1800/1760 717/2010/1970 956/1797/1757
f 956/1797/1757 717/2010/1970 957/1999/1959
f 957/1999/1959 717/2010/1970 716/1997/1957
f 982/1907/1867 703/1909/1869 983/2011/1971
f 983/2011/1971 703/1909/1869 702/2012/1972
f 983/2011/1971 702/2012/1972 701/2013/1973
f 701/2013/1973 700/2014/1974 983/2011/1971
f 983/2011/1971 700/2014/1974 984/2015/1975
f 984/2015/1975 700/2014/1974 699/2016/1976
f 984/2015/1975 699/2016/1976 698/2017/1977
f 698/2017/1977 697/2018/1978 984/2015/1975
f 984/2015/1975 697/2018/1978 985/1931/1891
f 985/1931/1891 697/2018/1978 696/2019/1979
f 985/1931/1891 696/2019/1979 695/2020/1980
f 695/2020/1980 694/1929/1889 985/1931/1891
f 690/2021/1981 991/2022/1982 667/2023/1983
f 667/2023/1983 991/2022/1982 990/2024/1984
f 667/2023/1983 990/2024/1984 668/2025/1985
f 668/2025/1985 990/2024/1984 669/2026/1986
f 669/2026/1986 990/2024/1984 670/2027/1987
f 670/2027/1987 990/2024/1984 989/2028/1988
f 670/2027/1987 989/2028/1988 671/2029/1989
f 671/2029/1989 989/2028/1988 672/2030/1990
f 672/2030/1990 989/2028/1988 673/2031/1991
f 673/2031/1991 989/2028/1988 988/1956/1916
f 673/2031/1991 988/1956/1916 674/1958/1918
f 690/2021/1981 689/2032/1992 991/2022/1982
f 991/2022/1982 689/2032/1992 992/1865/1825
f 992/1865/1825 689/2032/1992 688/1868/1828
g bras_tete_cam

v -0.000000 -0.150000 -0.450000
v 0.038823 -0.144889 -0.450000
v 0.075000 -0.129904 -0.450000
v 0.106066 -0.106066 -0.450000
v 0.129904 -0.075000 -0.450000
v 0.144889 -0.038823 -0.450000
v 0.150000 -0.000000 -0.450000
v 0.144889 0.038823 -0.450000
v 0.129904 0.075000 -0.450000
v 0.106066 0.106066 -0.450000
v 0.075000 0.129904 -0.450000
v 0.038823 0.144889 -0.450000
v 0.000000 0.150000 -0.450000
v -0.038823 0.144889 -0.450000
v -0.075000 0.129904 -0.450000
v -0.106066 0.106066 -0.450000
v -0.129904 0.075000 -0.450000
v -0.144889 0.038823 -0.450000
v -0.150000 0.000000 -0.450000
v -0.144889 -0.038823 -0.450000
v -0.129904 -0.075000 -0.450000
v -0.106066 -0.106066 -0.450000
v -0.075000 -0.129904 -0.450000
v -0.038823 -0.144889 -0.450000
v -0.000000 -0.250000 -0.550000
v -0.064705 -0.241481 -0.550000
v -0.125000 -0.216506 -0.550000
v -0.176777 -0.176777 -0.550000
v -0.216506 -0.125000 -0.550000
v -0.241481 -0.064705 -0.550000
v -0.250000 0.000000 -0.550000
v -0.241481 0.064705 -0.550000
v -0.216506 0.125000 -0.550000
v -0.176777 0.176777 -0.550000
v -0.125000 0.216506 -0.550000
v -0.064705 0.241481 -0.550000
v 0.000000 0.250000 -0.550000
v 0.064705 0.241481 -0.550000
v 0.125000 0.216506 -0.550000
v 0.176777 0.176777 -0.550000
v 0.216506 0.125000 -0.550000
v 0.241481 0.064705 -0.550000
v 0.250000 -0.000000 -0.550000
v 0.241481 -0.064705 -0.550000
v 0.216506 -0.125000 -0.550000
v 0.176777 -0.176777 -0.550000
v 0.125000 -0.216506 -0.550000
v 0.064705 -0.241481 -0.550000
v 0.600000 0.981071 -0.550000
v 0.789174 0.836483 -0.550000
v 0.944518 0.656038 -0.550000
v 1.059373 0.447470 -0.550000
v 1.128815 0.219720 -0.550000
v 1.149868 -0.017449 -0.550000
v 1.121628 -0.253870 -0.550000
v 1.045308 -0.479408 -0.550000
v 0.924177 -0.684395 -0.550000
v 0.763429 -0.860044 -0.550000
v 0.569955 -0.998825 -0.550000
v 0.352049 -1.094788 -0.550000
v 0.119051 -1.143821 -0.550000
v -0.119051 -1.143821 -0.550000
v -0.352049 -1.094788 -0.550000
v -0.569955 -0.998825 -0.550000
v -0.763429 -0.860044 -0.550000
v -0.924177 -0.684395 -0.550000
v -1.045308 -0.479408 -0.550000
v -1.121628 -0.253870 -0.550000
v -1.149868 -0.017449 -0.550000
v -1.128815 0.219720 -0.550000
v -1.059373 0.447470 -0.550000
v -0.944518 0.656038 -0.550000
v -0.789174 0.836483 -0.550000
v -0.600000 0.981071 -0.550000
v -0.600000 4.861684 -0.550000
v 0.600000 4.861684 -0.550000
v 0.712500 -0.087500 -0.550000
v 0.735147 -0.084519 -0.550000
v 0.756250 -0.075777 -0.550000
v 0.774372 -0.061872 -0.550000
v 0.788277 -0.043750 -0.550000
v 0.797019 -0.022647 -0.550000
v 0.800000 -0.000000 -0.550000
v 0.797019 0.022647 -0.550000
v 0.788277 0.043750 -0.550000
v 0.774372 0.061872 -0.550000
v 0.756250 0.075777 -0.550000
v 0.735147 0.084519 -0.550000
v 0.712500 0.087500 -0.550000
v 0.689853 0.084519 -0.550000
v 0.668750 0.075777 -0.550000
v 0.650628 0.061872 -0.550000
v 0.636723 0.043750 -0.550000
v 0.627981 0.022647 -0.550000
v 0.625000 -0.000000 -0.550000
v 0.627981 -0.022647 -0.550000
v 0.636723 -0.043750 -0.550000
v 0.650628 -0.061872 -0.550000
v 0.668750 -0.075777 -0.550000
v 0.689853 -0.084519 -0.550000
v -0.712500 -0.087500 -0.550000
v -0.689853 -0.084519 -0.550000
v -0.668750 -0.075777 -0.550000
v -0.650628 -0.061872 -0.550000
v -0.636723 -0.043750 -0.550000
v -0.627981 -0.022647 -0.550000
v -0.625000 0.000000 -0.550000
v -0.627981 0.022647 -0.550000
v -0.636723 0.043750 -0.550000
v -0.650628 0.061872 -0.550000
v -0.668750 0.075777 -0.550000
v -0.689853 0.084519 -0.550000
v -0.712500 0.087500 -0.550000
v -0.735147 0.084519 -0.550000
v -0.756250 0.075777 -0.550000
v -0.774372 0.061872 -0.550000
v -0.788277 0.043750 -0.550000
v -0.797019 0.022647 -0.550000
v -0.800000 0.000000 -0.550000
v -0.797019 -0.022647 -0.550000
v -0.788277 -0.043750 -0.550000
v -0.774372 -0.061872 -0.550000
v -0.756250 -0.075777 -0.550000
v -0.735147 -0.084519 -0.550000
v -0.000000 -0.150000 -0.100000
v 0.038823 -0.144889 -0.100000
v 0.075000 -0.129904 -0.100000
v 0.106066 -0.106066 -0.100000
v 0.129904 -0.075000 -0.100000
v 0.144889 -0.038823 -0.100000
v 0.150000 -0.000000 -0.100000
v 0.144889 0.038823 -0.100000
v 0.129904 0.075000 -0.100000
v 0.106066 0.106066 -0.100000
v 0.075000 0.129904 -0.100000
v 0.038823 0.144889 -0.100000
v 0.000000 0.150000 -0.100000
v -0.038823 0.144889 -0.100000
v -0.075000 0.129904 -0.100000
v -0.106066 0.106066 -0.100000
v -0.129904 0.075000 -0.100000
v -0.144889 0.038823 -0.100000
v -0.150000 0.000000 -0.100000
v -0.144889 -0.038823 -0.100000
v -0.129904 -0.075000 -0.100000
v -0.106066 -0.106066 -0.100000
v -0.075000 -0.129904 -0.100000
v -0.038823 -0.144889 -0.100000
v -0.600000 3.661684 -0.100000
v 0.600000 3.661684 -0.100000
v 0.600000 3.661684 0.150000
v -0.600000 3.661684 0.150000
v 0.600000 4.861684 0.150000
v -0.600000 4.861684 0.150000
v -0.249010 3.861684 -0.100000
v -0.218395 3.861684 -0.117457
v -0.193341 3.861684 -0.142242
v -0.175556 3.861684 -0.172667
v -0.166252 3.861684 -0.206659
v -0.166062 3.861684 -0.241900
v -0.175000 3.861684 -0.275990
v -0.192457 3.861684 -0.306605
v -0.217242 3.861684 -0.331659
v -0.247667 3.861684 -0.349444
v -0.281659 3.861684 -0.358748
v -0.316900 3.861684 -0.358938
v -0.350990 3.861684 -0.350000
v -0.381605 3.861684 -0.332543
v -0.406659 3.861684 -0.307758
v -0.424444 3.861684 -0.277333
v -0.433748 3.861684 -0.243341
v -0.433938 3.861684 -0.208100
v -0.425000 3.861684 -0.174010
v -0.407543 3.861684 -0.143395
v -0.382758 3.861684 -0.118341
v -0.352333 3.861684 -0.100556
v -0.318341 3.861684 -0.091252
v -0.283100 3.861684 -0.091062
v -0.249010 4.861684 -0.100000
v -0.218395 4.861684 -0.117457
v -0.193341 4.861684 -0.142242
v -0.175556 4.861684 -0.172667
v -0.166252 4.861684 -0.206659
v -0.166062 4.861684 -0.241900
v -0.175000 4.861684 -0.275990
v -0.192457 4.861684 -0.306605
v -0.217242 4.861684 -0.331659
v -0.247667 4.861684 -0.349444
v -0.281659 4.861684 -0.358748
v -0.316900 4.861684 -0.358938
v -0.350990 4.861684 -0.350000
v -0.381605 4.861684 -0.332543
v -0.406659 4.861684 -0.307758
v -0.424444 4.861684 -0.277333
v -0.433748 4.861684 -0.243341
v -0.433938 4.861684 -0.208100
v -0.425000 4.861684 -0.174010
v -0.407543 4.861684 -0.143395
v -0.382758 4.861684 -0.118341
v -0.352333 4.861684 -0.100556
v -0.318341 4.861684 -0.091252
v -0.283100 4.861684 -0.091062
v -0.265059 4.361684 -0.094600
v -0.232500 4.361684 -0.108087
v -0.204541 4.361684 -0.129541
v -0.183087 4.361684 -0.157500
v -0.169600 4.361684 -0.190059
v -0.165000 4.361684 -0.225000
v -0.169600 4.361684 -0.259941
v -0.183087 4.361684 -0.292500
v -0.204541 4.361684 -0.320459
v -0.232500 4.361684 -0.341913
v -0.265059 4.361684 -0.355400
v -0.300000 4.361684 -0.360000
v -0.334941 4.361684 -0.355400
v -0.367500 4.361684 -0.341913
v -0.395459 4.361684 -0.320459
v -0.416913 4.361684 -0.292500
v -0.430400 4.361684 -0.259941
v -0.435000 4.361684 -0.225000
v -0.430400 4.361684 -0.190059
v -0.416913 4.361684 -0.157500
v -0.395459 4.361684 -0.129541
v -0.367500 4.361684 -0.108087
v -0.334941 4.361684 -0.094600
v -0.300000 4.361684 -0.090000
v 0.249010 3.861684 -0.100000
v 0.283100 3.861684 -0.091062
v 0.318341 3.861684 -0.091252
v 0.352333 3.861684 -0.100556
v 0.382758 3.861684 -0.118341
v 0.407543 3.861684 -0.143395
v 0.425000 3.861684 -0.174010
v 0.433938 3.861684 -0.208100
v 0.433748 3.861684 -0.243341
v 0.424444 3.861684 -0.277333
v 0.406659 3.861684 -0.307758
v 0.381605 3.861684 -0.332543
v 0.350990 3.861684 -0.350000
v 0.316900 3.861684 -0.358938
v 0.281659 3.861684 -0.358748
v 0.247667 3.861684 -0.349444
v 0.217242 3.861684 -0.331659
v 0.192457 3.861684 -0.306605
v 0.175000 3.861684 -0.275990
v 0.166062 3.861684 -0.241900
v 0.166252 3.861684 -0.206659
v 0.175556 3.861684 -0.172667
v 0.193341 3.861684 -0.142242
v 0.218395 3.861684 -0.117457
v 0.249010 4.861684 -0.100000
v 0.283100 4.861684 -0.091062
v 0.318341 4.861684 -0.091252
v 0.352333 4.861684 -0.100556
v 0.382758 4.861684 -0.118341
v 0.407543 4.861684 -0.143395
v 0.425000 4.861684 -0.174010
v 0.433938 4.861684 -0.208100
v 0.433748 4.861684 -0.243341
v 0.424444 4.861684 -0.277333
v 0.406659 4.861684 -0.307758
v 0.381605 4.861684 -0.332543
v 0.350990 4.861684 -0.350000
v 0.316900 4.861684 -0.358938
v 0.281659 4.861684 -0.358748
v 0.247667 4.861684 -0.349444
v 0.217242 4.861684 -0.331659
v 0.192457 4.861684 -0.306605
v 0.175000 4.861684 -0.275990
v 0.166062 4.861684 -0.241900
v 0.166252 4.861684 -0.206659
v 0.175556 4.861684 -0.172667
v 0.193341 4.861684 -0.142242
v 0.218395 4.861684 -0.117457
v 0.232500 4.361684 -0.108087
v 0.265059 4.361684 -0.094600
v 0.204541 4.361684 -0.129541
v 0.183087 4.361684 -0.157500
v 0.169600 4.361684 -0.190059
v 0.165000 4.361684 -0.225000
v 0.169600 4.361684 -0.259941
v 0.183087 4.361684 -0.292500
v 0.204541 4.361684 -0.320459
v 0.232500 4.361684 -0.341913
v 0.265059 4.361684 -0.355400
v 0.300000 4.361684 -0.360000
v 0.334941 4.361684 -0.355400
v 0.367500 4.361684 -0.341913
v 0.395459 4.361684 -0.320459
v 0.416913 4.361684 -0.292500
v 0.430400 4.361684 -0.259941
v 0.435000 4.361684 -0.225000
v 0.430400 4.361684 -0.190059
v 0.416913 4.361684 -0.157500
v 0.395459 4.361684 -0.129541
v 0.367500 4.361684 -0.108087
v 0.334941 4.361684 -0.094600
v 0.300000 4.361684 -0.090000
v -0.600000 0.981071 -0.100000
v -0.789174 0.836483 -0.100000
v -0.944518 0.656038 -0.100000
v -1.059373 0.447470 -0.100000
v -1.128815 0.219720 -0.100000
v -1.149868 -0.017449 -0.100000
v -1.121628 -0.253870 -0.100000
v -1.045308 -0.479408 -0.100000
v -0.924177 -0.684395 -0.100000
v -0.763429 -0.860044 -0.100000
v -0.569955 -0.998825 -0.100000
v -0.352049 -1.094788 -0.100000
v -0.119051 -1.143821 -0.100000
v 0.119051 -1.143821 -0.100000
v 0.352049 -1.094788 -0.100000
v 0.569955 -0.998825 -0.100000
v 0.763429 -0.860044 -0.100000
v 0.924177 -0.684395 -0.100000
v 1.045308 -0.479408 -0.100000
v 1.121628 -0.253870 -0.100000
v 1.149868 -0.017449 -0.100000
v 1.128815 0.219720 -0.100000
v 1.059373 0.447470 -0.100000
v 0.944518 0.656038 -0.100000
v 0.789174 0.836483 -0.100000
v 0.600000 0.981071 -0.100000
v 0.712500 -0.087500 -0.100000
v 0.689853 -0.084519 -0.100000
v 0.668750 -0.075777 -0.100000
v 0.650628 -0.061872 -0.100000
v 0.636723 -0.043750 -0.100000
v 0.627981 -0.022647 -0.100000
v 0.625000 -0.000000 -0.100000
v 0.627981 0.022647 -0.100000
v 0.636723 0.043750 -0.100000
v 0.650628 0.061872 -0.100000
v 0.668750 0.075777 -0.100000
v 0.689853 0.084519 -0.100000
v 0.712500 0.087500 -0.100000
v 0.735147 0.084519 -0.100000
v 0.756250 0.075777 -0.100000
v 0.774372 0.061872 -0.100000
v 0.788277 0.043750 -0.100000
v 0.797019 0.022647 -0.100000
v 0.800000 -0.000000 -0.100000
v 0.797019 -0.022647 -0.100000
v 0.788277 -0.043750 -0.100000
v 0.774372 -0.061872 -0.100000
v 0.756250 -0.075777 -0.100000
v 0.735147 -0.084519 -0.100000
v -0.712500 -0.087500 -0.100000
v -0.735147 -0.084519 -0.100000
v -0.756250 -0.075777 -0.100000
v -0.774372 -0.061872 -0.100000
v -0.788277 -0.043750 -0.100000
v -0.797019 -0.022647 -0.100000
v -0.800000 0.000000 -0.100000
v -0.797019 0.022647 -0.100000
v -0.788277 0.043750 -0.100000
v -0.774372 0.061872 -0.100000
v -0.756250 0.075777 -0.100000
v -0.735147 0.084519 -0.100000
v -0.712500 0.087500 -0.100000
v -0.689853 0.084519 -0.100000
v -0.668750 0.075777 -0.100000
v -0.650628 0.061872 -0.100000
v -0.636723 0.043750 -0.100000
v -0.627981 0.022647 -0.100000
v -0.625000 0.000000 -0.100000
v -0.627981 -0.022647 -0.100000
v -0.636723 -0.043750 -0.100000
v -0.650628 -0.061872 -0.100000
v -0.668750 -0.075777 -0.100000
v -0.689853 -0.084519 -0.100000
vt -0.070711 0.575959 0.000000
vt 0.070711 0.575959 0.000000
vt -0.070711 0.628319 0.000000
vt 0.070711 0.628319 0.000000
vt -0.070711 -0.628319 0.000000
vt 0.070711 -0.628319 0.000000
vt -0.070711 -0.575959 0.000000
vt 0.070711 -0.575959 0.000000
vt -0.070711 -0.523599 0.000000
vt 0.070711 -0.523599 0.000000
vt -0.070711 -0.471239 0.000000
vt 0.070711 -0.471239 0.000000
vt -0.070711 -0.418879 0.000000
vt 0.070711 -0.418879 0.000000
vt -0.070711 -0.366519 0.000000
vt 0.070711 -0.366519 0.000000
vt -0.070711 -0.314159 0.000000
vt 0.070711 -0.314159 0.000000
vt -0.070711 -0.261799 0.000000
vt 0.070711 -0.261799 0.000000
vt -0.070711 -0.209440 0.000000
vt 0.070711 -0.209440 0.000000
vt -0.070711 -0.157080 0.000000
vt 0.070711 -0.157080 0.000000
vt -0.070711 -0.104720 0.000000
vt 0.070711 -0.104720 0.000000
vt -0.070711 -0.052360 0.000000
vt 0.070711 -0.052360 0.000000
vt -0.070711 0.000000 0.000000
vt 0.070711 0.000000 0.000000
vt -0.070711 0.052360 0.000000
vt 0.070711 0.052360 0.000000
vt -0.070711 0.104720 0.000000
vt 0.070711 0.104720 0.000000
vt -0.070711 0.157080 0.000000
vt 0.070711 0.157080 0.000000
vt -0.070711 0.209440 0.000000
vt 0.070711 0.209440 0.000000
vt -0.070711 0.261799 0.000000
vt 0.070711 0.261799 0.000000
vt -0.070711 0.314159 0.000000
vt 0.070711 0.314159 0.000000
vt -0.070711 0.366519 0.000000
vt 0.070711 0.366519 0.000000
vt -0.070711 0.418879 0.000000
vt 0.070711 0.418879 0.000000
vt -0.070711 0.471239 0.000000
vt 0.070711 0.471239 0.000000
vt -0.070711 0.523599 0.000000
vt 0.070711 0.523599 0.000000
vt -1.019359 0.789174 0.000000
vt -1.771324 0.689853 0.000000
vt -0.874771 0.600000 0.000000
vt -1.780065 0.668750 0.000000
vt -1.793970 0.650628 0.000000
vt -1.199804 0.944518 0.000000
vt -1.793970 0.774372 0.000000
vt -1.780065 0.756250 0.000000
vt -1.771324 0.735147 0.000000
vt -1.408372 1.059373 0.000000
vt -1.833196 0.797019 0.000000
vt -1.812092 0.788277 0.000000
vt -1.855842 0.800000 0.000000
vt -1.636122 1.128815 0.000000
vt -1.873291 1.149868 0.000000
vt -2.109712 1.121628 0.000000
vt -2.335250 1.045308 0.000000
vt -1.878489 0.797019 0.000000
vt -2.540237 0.924177 0.000000
vt -1.899592 0.788277 0.000000
vt -1.917714 0.774372 0.000000
vt -1.931619 0.756250 0.000000
vt -2.715886 0.763429 0.000000
vt -1.940361 0.735147 0.000000
vt -1.943342 0.712500 0.000000
vt -1.940361 0.689853 0.000000
vt -1.931619 0.668750 0.000000
vt -2.854667 0.569955 0.000000
vt -1.917714 0.650628 0.000000
vt -1.899592 0.636723 0.000000
vt -1.878489 0.627981 0.000000
vt -1.920547 0.241481 0.000000
vt -1.855842 0.250000 0.000000
vt -2.950631 0.352049 0.000000
vt -1.980842 0.216506 0.000000
vt -2.032619 0.176777 0.000000
vt -2.999663 0.119051 0.000000
vt -2.072349 0.125000 0.000000
vt -2.097324 0.064705 0.000000
vt -2.105842 -0.000000 0.000000
vt -2.999663 -0.119051 0.000000
vt -2.097324 -0.064705 0.000000
vt -2.072349 -0.125000 0.000000
vt -2.032619 -0.176777 0.000000
vt -2.950631 -0.352049 0.000000
vt -1.980842 -0.216506 0.000000
vt -1.920547 -0.241481 0.000000
vt -2.854667 -0.569955 0.000000
vt -1.878489 -0.627981 0.000000
vt -1.899592 -0.636723 0.000000
vt -1.917714 -0.650628 0.000000
vt -1.931619 -0.668750 0.000000
vt -2.715886 -0.763429 0.000000
vt -1.940361 -0.689853 0.000000
vt -1.943342 -0.712500 0.000000
vt -1.940361 -0.735147 0.000000
vt -1.931619 -0.756250 0.000000
vt -2.540237 -0.924177 0.000000
vt -1.917714 -0.774372 0.000000
vt -1.899592 -0.788277 0.000000
vt -1.878489 -0.797019 0.000000
vt -2.335250 -1.045308 0.000000
vt -1.855842 -0.800000 0.000000
vt -2.109712 -1.121628 0.000000
vt -1.873291 -1.149868 0.000000
vt -1.636122 -1.128815 0.000000
vt -1.408372 -1.059373 0.000000
vt -1.833196 -0.797019 0.000000
vt -1.199804 -0.944518 0.000000
vt -1.812092 -0.788277 0.000000
vt -1.793970 -0.774372 0.000000
vt -1.019359 -0.789174 0.000000
vt -1.780065 -0.756250 0.000000
vt -1.771324 -0.735147 0.000000
vt -1.768342 -0.712500 0.000000
vt -1.771324 -0.689853 0.000000
vt -0.874771 -0.600000 0.000000
vt -1.780065 -0.668750 0.000000
vt -1.793970 -0.650628 0.000000
vt -1.812092 -0.636723 0.000000
vt -1.833196 -0.627981 0.000000
vt -1.791137 -0.241481 0.000000
vt -1.855842 -0.250000 0.000000
vt 3.005842 -0.600000 0.000000
vt -1.605842 0.000000 0.000000
vt -1.614361 -0.064705 0.000000
vt -1.639336 -0.125000 0.000000
vt 3.005842 0.600000 0.000000
vt -1.768342 0.712500 0.000000
vt -1.812092 0.636723 0.000000
vt -1.833196 0.627981 0.000000
vt -1.791137 0.241481 0.000000
vt -1.855842 0.625000 0.000000
vt -1.855842 -0.625000 0.000000
vt -1.730842 0.216506 0.000000
vt -1.679066 0.176777 0.000000
vt -1.639336 0.125000 0.000000
vt -1.614361 0.064705 0.000000
vt -1.679066 -0.176777 0.000000
vt -1.730842 -0.216506 0.000000
vt 0.000000 0.431969 0.000000
vt 0.350000 0.431969 0.000000
vt 0.000000 0.471239 0.000000
vt 0.350000 0.471239 0.000000
vt 0.000000 -0.471239 0.000000
vt 0.350000 -0.471239 0.000000
vt 0.000000 -0.431969 0.000000
vt 0.350000 -0.431969 0.000000
vt 0.000000 -0.392699 0.000000
vt 0.350000 -0.392699 0.000000
vt 0.000000 -0.353429 0.000000
vt 0.350000 -0.353429 0.000000
vt 0.000000 -0.314159 0.000000
vt 0.350000 -0.314159 0.000000
vt 0.000000 -0.274889 0.000000
vt 0.350000 -0.274889 0.000000
vt 0.000000 -0.235619 0.000000
vt 0.350000 -0.235619 0.000000
vt 0.000000 -0.196350 0.000000
vt 0.350000 -0.196350 0.000000
vt 0.000000 -0.157080 0.000000
vt 0.350000 -0.157080 0.000000
vt 0.000000 -0.117810 0.000000
vt 0.350000 -0.117810 0.000000
vt 0.000000 -0.078540 0.000000
vt 0.350000 -0.078540 0.000000
vt 0.000000 -0.039270 0.000000
vt 0.350000 -0.039270 0.000000
vt 0.000000 0.000000 0.000000
vt 0.350000 0.000000 0.000000
vt 0.000000 0.039270 0.000000
vt 0.350000 0.039270 0.000000
vt 0.000000 0.078540 0.000000
vt 0.350000 0.078540 0.000000
vt -0.000000 0.117810 0.000000
vt 0.350000 0.117810 0.000000
vt 0.000000 0.157080 0.000000
vt 0.350000 0.157080 0.000000
vt -0.000000 0.196350 0.000000
vt 0.350000 0.196350 0.000000
vt 0.000000 0.235619 0.000000
vt 0.350000 0.235619 0.000000
vt -0.000000 0.274889 0.000000
vt 0.350000 0.274889 0.000000
vt 0.000000 0.314159 0.000000
vt 0.350000 0.314159 0.000000
vt 0.000000 0.353429 0.000000
vt 0.350000 0.353429 0.000000
vt 0.000000 0.392699 0.000000
vt 0.350000 0.392699 0.000000
vt 0.000000 0.000000 0.000000
vt 1.200000 0.000000 0.000000
vt 0.000000 0.250000 0.000000
vt 1.200000 0.250000 0.000000
vt 0.600000 0.600000 0.000000
vt -0.600000 0.600000 0.000000
vt 0.600000 -0.600000 0.000000
vt -0.600000 -0.600000 0.000000
vt 0.107543 0.081605 0.000000
vt -0.124444 0.052333 0.000000
vt 0.125000 0.050990 0.000000
vt -0.133748 0.018341 0.000000
vt 0.133938 0.016900 0.000000
vt -0.133938 -0.016900 0.000000
vt 0.133748 -0.018341 0.000000
vt -0.125000 -0.050990 0.000000
vt 0.124444 -0.052333 0.000000
vt -0.107543 -0.081605 0.000000
vt 0.106659 -0.082758 0.000000
vt -0.082758 -0.106659 0.000000
vt 0.081605 -0.107543 0.000000
vt -0.052333 -0.124444 0.000000
vt 0.050990 -0.125000 0.000000
vt -0.018341 -0.133748 0.000000
vt 0.016900 -0.133938 0.000000
vt -0.106659 0.082758 0.000000
vt 0.082758 0.106659 0.000000
vt -0.081605 0.107543 0.000000
vt 0.052333 0.124444 0.000000
vt -0.050990 0.125000 0.000000
vt 0.018341 0.133748 0.000000
vt -0.016900 0.133938 0.000000
vt 0.000000 -0.087631 0.000000
vt 0.500000 -0.070686 0.000000
vt 0.000000 -0.052288 0.000000
vt 0.500000 -0.035343 0.000000
vt 0.000000 -0.016945 0.000000
vt 0.500000 0.000000 0.000000
vt 0.000000 0.018398 0.000000
vt 0.500000 0.035343 0.000000
vt -0.000000 0.053741 0.000000
vt 0.500000 0.070686 0.000000
vt -0.000000 0.089084 0.000000
vt 0.500000 0.106029 0.000000
vt -0.000000 0.124427 0.000000
vt 0.500000 0.141372 0.000000
vt -0.000000 0.159770 0.000000
vt 0.500000 0.176715 0.000000
vt -0.000000 0.195113 0.000000
vt 0.500000 0.212058 0.000000
vt 0.000000 0.230456 0.000000
vt 0.500000 0.247400 0.000000
vt 0.000000 0.265799 0.000000
vt 0.500000 0.282743 0.000000
vt 0.000000 0.301141 0.000000
vt 0.500000 0.318086 0.000000
vt 0.000000 0.336484 0.000000
vt 0.500000 0.353429 0.000000
vt 0.000000 0.371827 0.000000
vt 0.500000 0.388772 0.000000
vt 0.000000 0.407170 0.000000
vt 0.500000 0.424115 0.000000
vt 0.000000 0.442513 0.000000
vt 0.000000 -0.405717 0.000000
vt 0.500000 -0.424115 0.000000
vt 0.500000 -0.388772 0.000000
vt 0.000000 -0.370374 0.000000
vt 0.500000 -0.353429 0.000000
vt 0.000000 -0.335031 0.000000
vt 0.500000 -0.318086 0.000000
vt 0.000000 -0.299688 0.000000
vt 0.500000 -0.282743 0.000000
vt 0.000000 -0.264345 0.000000
vt 0.500000 -0.247400 0.000000
vt 0.000000 -0.229002 0.000000
vt 0.500000 -0.212058 0.000000
vt 0.000000 -0.193659 0.000000
vt 0.500000 -0.176715 0.000000
vt 0.000000 -0.158316 0.000000
vt 0.500000 -0.141372 0.000000
vt 0.000000 -0.122974 0.000000
vt 0.500000 -0.106029 0.000000
vt 1.000000 -0.016945 0.000000
vt 1.000000 -0.052288 0.000000
vt 1.000000 -0.087631 0.000000
vt 1.000000 -0.122974 0.000000
vt 1.000000 -0.158316 0.000000
vt 1.000000 -0.193659 0.000000
vt 1.000000 -0.229002 0.000000
vt 1.000000 -0.264345 0.000000
vt 1.000000 -0.299688 0.000000
vt 1.000000 -0.335031 0.000000
vt 1.000000 -0.370374 0.000000
vt 1.000000 -0.405717 0.000000
vt 1.000000 -0.441060 0.000000
vt 1.000000 0.407170 0.000000
vt 1.000000 0.371827 0.000000
vt 1.000000 0.336484 0.000000
vt 1.000000 0.301141 0.000000
vt 1.000000 0.265799 0.000000
vt 1.000000 0.230456 0.000000
vt 1.000000 0.195113 0.000000
vt 1.000000 0.159770 0.000000
vt 1.000000 0.124427 0.000000
vt 1.000000 0.089084 0.000000
vt 1.000000 0.053741 0.000000
vt 1.000000 0.018398 0.000000
vt 0.133938 -0.016900 0.000000
vt -0.133748 -0.018341 0.000000
vt 0.125000 -0.050990 0.000000
vt -0.124444 -0.052333 0.000000
vt 0.107543 -0.081605 0.000000
vt -0.106659 -0.082758 0.000000
vt 0.082758 -0.106659 0.000000
vt -0.081605 -0.107543 0.000000
vt 0.052333 -0.124444 0.000000
vt -0.050990 -0.125000 0.000000
vt 0.018341 -0.133748 0.000000
vt -0.016900 -0.133938 0.000000
vt -0.133938 0.016900 0.000000
vt 0.133748 0.018341 0.000000
vt -0.125000 0.050990 0.000000
vt 0.124444 0.052333 0.000000
vt -0.107543 0.081605 0.000000
vt 0.106659 0.082758 0.000000
vt -0.082758 0.106659 0.000000
vt 0.081605 0.107543 0.000000
vt -0.052333 0.124444 0.000000
vt 0.050990 0.125000 0.000000
vt -0.018341 0.133748 0.000000
vt 0.016900 0.133938 0.000000
vt 1.000000 0.087631 0.000000
vt 0.500000 0.070686 0.000000
vt 1.000000 0.052288 0.000000
vt 0.500000 0.035343 0.000000
vt 1.000000 0.016945 0.000000
vt 0.500000 0.000000 0.000000
vt 1.000000 -0.018398 0.000000
vt 0.500000 -0.035343 0.000000
vt 1.000000 -0.053741 0.000000
vt 0.500000 -0.070686 0.000000
vt 1.000000 -0.089084 0.000000
vt 0.500000 -0.106029 0.000000
vt 1.000000 -0.124427 0.000000
vt 0.500000 -0.141372 0.000000
vt 1.000000 -0.159770 0.000000
vt 0.500000 -0.176715 0.000000
vt 1.000000 -0.195113 0.000000
vt 0.500000 -0.212058 0.000000
vt 1.000000 -0.230456 0.000000
vt 0.500000 -0.247400 0.000000
vt 1.000000 -0.265799 0.000000
vt 0.500000 -0.282743 0.000000
vt 1.000000 -0.301141 0.000000
vt 0.500000 -0.318086 0.000000
vt 1.000000 -0.336484 0.000000
vt 0.500000 -0.353429 0.000000
vt 1.000000 -0.371827 0.000000
vt 0.500000 -0.388772 0.000000
vt 1.000000 -0.407170 0.000000
vt 0.500000 -0.424115 0.000000
vt 1.000000 -0.442513 0.000000
vt 1.000000 0.405717 0.000000
vt 0.500000 0.424115 0.000000
vt 0.500000 0.388772 0.000000
vt 1.000000 0.370374 0.000000
vt 0.500000 0.353429 0.000000
vt 1.000000 0.335031 0.000000
vt 0.500000 0.318086 0.000000
vt 1.000000 0.299688 0.000000
vt 0.500000 0.282743 0.000000
vt 1.000000 0.264345 0.000000
vt 0.500000 0.247400 0.000000
vt 1.000000 0.229002 0.000000
vt 0.500000 0.212058 0.000000
vt 1.000000 0.193659 0.000000
vt 0.500000 0.176715 0.000000
vt 1.000000 0.158316 0.000000
vt 0.500000 0.141372 0.000000
vt 1.000000 0.122974 0.000000
vt 0.500000 0.106029 0.000000
vt -0.000000 0.016945 0.000000
vt -0.000000 0.052288 0.000000
vt -0.000000 0.087631 0.000000
vt 0.000000 0.122974 0.000000
vt -0.000000 0.158316 0.000000
vt -0.000000 0.193659 0.000000
vt 0.000000 0.229002 0.000000
vt 0.000000 0.264345 0.000000
vt 0.000000 0.299688 0.000000
vt 0.000000 0.335031 0.000000
vt 0.000000 0.370374 0.000000
vt 0.000000 0.405717 0.000000
vt 0.000000 0.441060 0.000000
vt 0.000000 -0.407170 0.000000
vt 0.000000 -0.371827 0.000000
vt 0.000000 -0.336484 0.000000
vt 0.000000 -0.301141 0.000000
vt 0.000000 -0.265799 0.000000
vt 0.000000 -0.230456 0.000000
vt 0.000000 -0.195113 0.000000
vt 0.000000 -0.159770 0.000000
vt 0.000000 -0.124427 0.000000
vt 0.000000 -0.089084 0.000000
vt 0.000000 -0.053741 0.000000
vt 0.000000 -0.018398 0.000000
vt -1.805842 0.600000 0.000000
vt -1.805842 -0.600000 0.000000
vt 0.874771 0.600000 0.000000
vt 0.874771 -0.600000 0.000000
vt 1.705842 0.000000 0.000000
vt 1.710953 -0.038823 0.000000
vt 1.725938 -0.075000 0.000000
vt 1.749776 -0.106066 0.000000
vt 1.780842 -0.129904 0.000000
vt 1.817019 -0.144889 0.000000
vt 1.812092 -0.636723 0.000000
vt 1.833196 -0.627981 0.000000
vt 1.019359 -0.789174 0.000000
vt 1.780065 -0.668750 0.000000
vt 1.793970 -0.650628 0.000000
vt 1.199804 -0.944518 0.000000
vt 1.780065 -0.756250 0.000000
vt 1.771324 -0.735147 0.000000
vt 1.768342 -0.712500 0.000000
vt 1.408372 -1.059373 0.000000
vt 1.812092 -0.788277 0.000000
vt 1.793970 -0.774372 0.000000
vt 1.833196 -0.797019 0.000000
vt 1.636122 -1.128815 0.000000
vt 1.855842 -0.800000 0.000000
vt 1.873291 -1.149868 0.000000
vt 2.109712 -1.121628 0.000000
vt 1.878489 -0.797019 0.000000
vt 2.335250 -1.045308 0.000000
vt 1.899592 -0.788277 0.000000
vt 2.540237 -0.924177 0.000000
vt 1.917714 -0.774372 0.000000
vt 1.931619 -0.756250 0.000000
vt 1.940361 -0.735147 0.000000
vt 2.715886 -0.763429 0.000000
vt 1.943342 -0.712500 0.000000
vt 1.940361 -0.689853 0.000000
vt 1.931619 -0.668750 0.000000
vt 2.854667 -0.569955 0.000000
vt 1.917714 -0.650628 0.000000
vt 1.899592 -0.636723 0.000000
vt 2.950631 -0.352049 0.000000
vt 1.878489 -0.627981 0.000000
vt 1.894665 -0.144889 0.000000
vt 1.855842 -0.150000 0.000000
vt 2.999663 -0.119051 0.000000
vt 1.961908 -0.106066 0.000000
vt 1.930842 -0.129904 0.000000
vt 2.999663 0.119051 0.000000
vt 2.005842 -0.000000 0.000000
vt 2.000731 -0.038823 0.000000
vt 1.985746 -0.075000 0.000000
vt 2.950631 0.352049 0.000000
vt 1.961908 0.106066 0.000000
vt 1.985746 0.075000 0.000000
vt 2.000731 0.038823 0.000000
vt 2.854667 0.569955 0.000000
vt 1.899592 0.636723 0.000000
vt 1.878489 0.627981 0.000000
vt 1.894665 0.144889 0.000000
vt 1.855842 0.150000 0.000000
vt 1.855842 0.625000 0.000000
vt 1.833196 0.627981 0.000000
vt 2.715886 0.763429 0.000000
vt 1.931619 0.668750 0.000000
vt 1.917714 0.650628 0.000000
vt 2.540237 0.924177 0.000000
vt 1.940361 0.735147 0.000000
vt 1.943342 0.712500 0.000000
vt 1.940361 0.689853 0.000000
vt 2.335250 1.045308 0.000000
vt 1.899592 0.788277 0.000000
vt 1.917714 0.774372 0.000000
vt 1.931619 0.756250 0.000000
vt 1.878489 0.797019 0.000000
vt 2.109712 1.121628 0.000000
vt 1.855842 0.800000 0.000000
vt 1.873291 1.149868 0.000000
vt 1.636122 1.128815 0.000000
vt 1.833196 0.797019 0.000000
vt 1.408372 1.059373 0.000000
vt 1.812092 0.788277 0.000000
vt 1.199804 0.944518 0.000000
vt 1.793970 0.774372 0.000000
vt 1.780065 0.756250 0.000000
vt 1.019359 0.789174 0.000000
vt 1.771324 0.735147 0.000000
vt 1.768342 0.712500 0.000000
vt 1.771324 0.689853 0.000000
vt 1.780065 0.668750 0.000000
vt 1.793970 0.650628 0.000000
vt 1.812092 0.636723 0.000000
vt 1.817019 0.144889 0.000000
vt 1.855842 -0.625000 0.000000
vt 1.710953 0.038823 0.000000
vt 1.725938 0.075000 0.000000
vt 1.749776 0.106066 0.000000
vt 1.780842 0.129904 0.000000
vt 1.930842 0.129904 0.000000
vt 1.771324 -0.689853 0.000000
vt 0.450000 -0.251982 0.000000
vt 0.000000 -0.251982 0.000000
vt 0.450000 -0.274889 0.000000
vt 0.000000 -0.274889 0.000000
vt 0.450000 0.274889 0.000000
vt 0.000000 0.274889 0.000000
vt 0.450000 0.251982 0.000000
vt 0.000000 0.251982 0.000000
vt 0.450000 0.229074 0.000000
vt 0.000000 0.229074 0.000000
vt 0.450000 0.206167 0.000000
vt 0.000000 0.206167 0.000000
vt 0.450000 0.183260 0.000000
vt -0.000000 0.183260 0.000000
vt 0.450000 0.160352 0.000000
vt -0.000000 0.160352 0.000000
vt 0.450000 0.137445 0.000000
vt -0.000000 0.137445 0.000000
vt 0.450000 0.114537 0.000000
vt -0.000000 0.114537 0.000000
vt 0.450000 0.091630 0.000000
vt -0.000000 0.091630 0.000000
vt 0.450000 0.068722 0.000000
vt 0.000000 0.068722 0.000000
vt 0.450000 0.045815 0.000000
vt -0.000000 0.045815 0.000000
vt 0.450000 0.022907 0.000000
vt 0.000000 0.022907 0.000000
vt 0.450000 0.000000 0.000000
vt 0.000000 0.000000 0.000000
vt 0.450000 -0.022907 0.000000
vt 0.000000 -0.022907 0.000000
vt 0.450000 -0.045815 0.000000
vt 0.000000 -0.045815 0.000000
vt 0.450000 -0.068722 0.000000
vt 0.000000 -0.068722 0.000000
vt 0.450000 -0.091630 0.000000
vt -0.000000 -0.091630 0.000000
vt 0.450000 -0.114537 0.000000
vt -0.000000 -0.114537 0.000000
vt 0.450000 -0.137445 0.000000
vt -0.000000 -0.137445 0.000000
vt 0.450000 -0.160352 0.000000
vt -0.000000 -0.160352 0.000000
vt 0.450000 -0.183260 0.000000
vt 0.000000 -0.183260 0.000000
vt 0.450000 -0.206167 0.000000
vt 0.000000 -0.206167 0.000000
vt 0.450000 -0.229074 0.000000
vt -0.000000 -0.229074 0.000000
vt 0.450000 -0.251982 0.000000
vt 0.000000 -0.251982 0.000000
vt 0.450000 -0.274889 0.000000
vt 0.000000 -0.274889 0.000000
vt 0.450000 0.274889 0.000000
vt 0.000000 0.274889 0.000000
vt 0.450000 0.251982 0.000000
vt 0.000000 0.251982 0.000000
vt 0.450000 0.229074 0.000000
vt 0.000000 0.229074 0.000000
vt 0.450000 0.206167 0.000000
vt 0.000000 0.206167 0.000000
vt 0.450000 0.183260 0.000000
vt -0.000000 0.183260 0.000000
vt 0.450000 0.160352 0.000000
vt -0.000000 0.160352 0.000000
vt 0.450000 0.137445 0.000000
vt -0.000000 0.137445 0.000000
vt 0.450000 0.114537 0.000000
vt -0.000000 0.114537 0.000000
vt 0.450000 0.091630 0.000000
vt -0.000000 0.091630 0.000000
vt 0.450000 0.068722 0.000000
vt 0.000000 0.068722 0.000000
vt 0.450000 0.045815 0.000000
vt -0.000000 0.045815 0.000000
vt 0.450000 0.022907 0.000000
vt 0.000000 0.022907 0.000000
vt 0.450000 0.000000 0.000000
vt 0.000000 0.000000 0.000000
vt 0.450000 -0.022907 0.000000
vt 0.000000 -0.022907 0.000000
vt 0.450000 -0.045815 0.000000
vt 0.000000 -0.045815 0.000000
vt 0.450000 -0.068722 0.000000
vt 0.000000 -0.068722 0.000000
vt 0.450000 -0.091630 0.000000
vt -0.000000 -0.091630 0.000000
vt 0.450000 -0.114537 0.000000
vt -0.000000 -0.114537 0.000000
vt 0.450000 -0.137445 0.000000
vt -0.000000 -0.137445 0.000000
vt 0.450000 -0.160352 0.000000
vt -0.000000 -0.160352 0.000000
vt 0.450000 -0.183260 0.000000
vt 0.000000 -0.183260 0.000000
vt 0.450000 -0.206167 0.000000
vt 0.000000 -0.206167 0.000000
vt 0.450000 -0.229074 0.000000
vt -0.000000 -0.229074 0.000000
vt 3.880614 0.000000 0.000000
vt 3.880614 0.450000 0.000000
vt 1.200000 0.000000 0.000000
vt -0.000000 0.450000 0.000000
vt 0.000000 -0.250000 0.000000
vt 1.200000 -0.250000 0.000000
vt 0.818395 0.017457 0.000000
vt 0.381605 0.017457 0.000000
vt 0.849010 0.000000 0.000000
vt 0.350990 0.000000 0.000000
vt 1.200000 -0.250000 0.000000
vt 0.000000 -0.250000 0.000000
vt 0.316900 -0.008938 0.000000
vt 0.281659 -0.008748 0.000000
vt 0.406659 0.042242 0.000000
vt 0.793341 0.042242 0.000000
vt 0.424444 0.072667 0.000000
vt 0.775556 0.072667 0.000000
vt 0.433748 0.106659 0.000000
vt 0.766252 0.106659 0.000000
vt 0.433938 0.141900 0.000000
vt 0.766062 0.141900 0.000000
vt 0.425000 0.175990 0.000000
vt 0.775000 0.175990 0.000000
vt 0.407543 0.206605 0.000000
vt 0.792457 0.206605 0.000000
vt 0.382758 0.231659 0.000000
vt 0.817242 0.231659 0.000000
vt 0.352333 0.249444 0.000000
vt 0.847667 0.249444 0.000000
vt 0.318341 0.258748 0.000000
vt 0.881659 0.258748 0.000000
vt 0.000000 0.450000 0.000000
vt 1.200000 0.450000 0.000000
vt 0.916900 0.258938 0.000000
vt 0.950990 0.250000 0.000000
vt 0.981605 0.232543 0.000000
vt 1.006659 0.207758 0.000000
vt 1.024444 0.177333 0.000000
vt 1.033748 0.143341 0.000000
vt 1.033938 0.108100 0.000000
vt 1.025000 0.074010 0.000000
vt 1.007543 0.043395 0.000000
vt 0.982758 0.018341 0.000000
vt 0.952333 0.000556 0.000000
vt 0.918341 -0.008748 0.000000
vt 0.883100 -0.008938 0.000000
vt 0.247667 0.000556 0.000000
vt 0.217242 0.018341 0.000000
vt 0.192457 0.043395 0.000000
vt 0.175000 0.074010 0.000000
vt 0.166062 0.108100 0.000000
vt 0.166252 0.143341 0.000000
vt 0.175556 0.177333 0.000000
vt 0.193341 0.207758 0.000000
vt 0.218395 0.232543 0.000000
vt 0.249010 0.250000 0.000000
vt 0.283100 0.258938 0.000000
vt 2.680614 -0.250000 0.000000
vt 3.880614 -0.250000 0.000000
vt 2.680614 0.000000 0.000000
vt 3.880614 0.450000 0.000000
vt 0.000000 0.450000 0.000000
vt 0.000000 0.000000 0.000000
vt -0.450000 0.631222 0.000000
vt -0.000000 0.631222 0.000000
vt -0.450000 0.869750 0.000000
vt -0.000000 0.869750 0.000000
vt -0.450000 1.108279 0.000000
vt -0.000000 1.108279 0.000000
vt -0.450000 1.346808 0.000000
vt -0.000000 1.346808 0.000000
vt -0.450000 1.585337 0.000000
vt -0.000000 1.585337 0.000000
vt -0.450000 1.823866 0.000000
vt -0.000000 1.823866 0.000000
vt -0.450000 2.062394 0.000000
vt -0.000000 2.062394 0.000000
vt -0.450000 2.300923 0.000000
vt -0.000000 2.300923 0.000000
vt -0.450000 2.539452 0.000000
vt -0.000000 2.539452 0.000000
vt -0.450000 2.777981 0.000000
vt -0.000000 2.777981 0.000000
vt -0.450000 3.016510 0.000000
vt -0.000000 3.016510 0.000000
vt -0.450000 3.255038 0.000000
vt -0.000000 3.255038 0.000000
vt -0.450000 3.493567 0.000000
vt -0.000000 3.493567 0.000000
vt -0.450000 3.732096 0.000000
vt -0.000000 3.732096 0.000000
vt -0.450000 3.970625 0.000000
vt -0.000000 3.970625 0.000000
vt -0.450000 4.209154 0.000000
vt -0.000000 4.209154 0.000000
vt -0.450000 4.447682 0.000000
vt -0.000000 4.447682 0.000000
vt -0.450000 4.686211 0.000000
vt -0.000000 4.686211 0.000000
vt -0.450000 4.924740 0.000000
vt -0.000000 4.924740 0.000000
vt -0.450000 5.163269 0.000000
vt -0.000000 5.163269 0.000000
vt -0.450000 5.401798 0.000000
vt -0.000000 5.401798 0.000000
vt -0.450000 5.640326 0.000000
vt -0.000000 5.640326 0.000000
vt -0.450000 5.878855 0.000000
vt -0.000000 5.878855 0.000000
vt -0.450000 6.117384 0.000000
vt -0.000000 6.117384 0.000000
vt -0.450000 6.355913 0.000000
vt -0.000000 6.355913 0.000000
vt -0.450000 6.594442 0.000000
vt -0.000000 6.594442 0.000000
vn -0.183013 0.683013 -0.707107
vn -0.183013 0.683013 -0.707107
vn 0.000000 0.707107 -0.707107
vn 0.000000 0.707107 -0.707107
vn 0.183013 0.683013 -0.707107
vn 0.183013 0.683013 -0.707107
vn 0.353553 0.612372 -0.707107
vn 0.353553 0.612372 -0.707107
vn 0.500000 0.500000 -0.707107
vn 0.500000 0.500000 -0.707107
vn 0.612372 0.353553 -0.707107
vn 0.612372 0.353553 -0.707107
vn 0.683013 0.183013 -0.707107
vn 0.683013 0.183013 -0.707107
vn 0.707107 -0.000000 -0.707107
vn 0.707107 -0.000000 -0.707107
vn 0.683013 -0.183013 -0.707107
vn 0.683013 -0.183013 -0.707107
vn 0.612372 -0.353553 -0.707107
vn 0.612372 -0.353553 -0.707107
vn 0.500000 -0.500000 -0.707107
vn 0.500000 -0.500000 -0.707107
vn 0.353553 -0.612372 -0.707107
vn 0.353553 -0.612372 -0.707107
vn 0.183013 -0.683013 -0.707107
vn 0.183013 -0.683013 -0.707107
vn -0.000000 -0.707107 -0.707107
vn -0.000000 -0.707107 -0.707107
vn -0.183013 -0.683013 -0.707107
vn -0.183013 -0.683013 -0.707107
vn -0.353553 -0.612372 -0.707107
vn -0.353553 -0.612372 -0.707107
vn -0.500000 -0.500000 -0.707107
vn -0.500000 -0.500000 -0.707107
vn -0.612372 -0.353553 -0.707107
vn -0.612372 -0.353553 -0.707107
vn -0.683013 -0.183013 -0.707107
vn -0.683013 -0.183013 -0.707107
vn -0.707107 0.000000 -0.707107
vn -0.707107 0.000000 -0.707107
vn -0.683013 0.183013 -0.707107
vn -0.683013 0.183013 -0.707107
vn -0.612372 0.353553 -0.707107
vn -0.612372 0.353553 -0.707107
vn -0.500000 0.500000 -0.707107
vn -0.500000 0.500000 -0.707107
vn -0.353553 0.612372 -0.707107
vn -0.353553 0.612372 -0.707107
vn 0.000000 -0.000000 -1.000000
vn 0.000000 -0.000000 -1.000000
vn 0.000000 -0.000000 -1.000000
vn 0.000000 -0.000000 -1.000000
vn 0.000000 -0.000000 -1.000000
vn 0.000000 -0.000000 -1.000000
vn 0.000000 -0.000000 -1.000000
vn 0.000000 -0.000000 -1.000000
vn 0.000000 -0.000000 -1.000000
vn 0.000000 -0.000000 -1.000000
vn 0.000000 -0.000000 -1.000000
vn 0.000000 -0.000000 -1.000000
vn 0.000000 -0.000000 -1.000000
vn 0.000000 -0.000000 -1.000000
vn 0.000000 -0.000000 -1.000000
vn 0.000000 -0.000000 -1.000000
vn 0.000000 -0.000000 -1.000000
vn 0.000000 -0.000000 -1.000000
vn 0.000000 -0.000000 -1.000000
vn 0.000000 -0.000000 -1.000000
vn 0.000000 -0.000000 -1.000000
vn 0.000000 -0.000000 -1.000000
vn 0.000000 -0.000000 -1.000000
vn 0.000000 -0.000000 -1.000000
vn 0.000000 -0.000000 -1.000000
vn 0.000000 -0.000000 -1.000000
vn 0.000000 -0.000000 -1.000000
vn 0.000000 -0.000000 -1.000000
vn 0.000000 -0.000000 -1.000000
vn 0.000000 -0.000000 -1.000000
vn 0.000000 -0.000000 -1.000000
vn 0.000000 -0.000000 -1.000000
vn 0.000000 -0.000000 -1.000000
vn 0.000000 -0.000000 -1.000000
vn 0.000000 -0.000000 -1.000000
vn 0.000000 -0.000000 -1.000000
vn 0.000000 -0.000000 -1.000000
vn 0.000000 -0.000000 -1.000000
vn 0.000000 -0.000000 -1.000000
vn 0.000000 -0.000000 -1.000000
vn 0.000000 -0.000000 -1.000000
vn 0.000000 -0.000000 -1.000000
vn 0.000000 -0.000000 -1.000000
vn 0.000000 -0.000000 -1.000000
vn 0.000000 -0.000000 -1.000000
vn 0.000000 -0.000000 -1.000000
vn 0.000000 -0.000000 -1.000000
vn 0.000000 -0.000000 -1.000000
vn 0.000000 -0.000000 -1.000000
vn 0.000000 -0.000000 -1.000000
vn 0.000000 -0.000000 -1.000000
vn 0.000000 -0.000000 -1.000000
vn 0.000000 -0.000000 -1.000000
vn 0.000000 -0.000000 -1.000000
vn 0.000000 -0.000000 -1.000000
vn 0.000000 -0.000000 -1.000000
vn 0.000000 -0.000000 -1.000000
vn 0.000000 -0.000000 -1.000000
vn 0.000000 -0.000000 -1.000000
vn 0.000000 -0.000000 -1.000000
vn 0.000000 -0.000000 -1.000000
vn 0.000000 -0.000000 -1.000000
vn 0.000000 -0.000000 -1.000000
vn 0.000000 -0.000000 -1.000000
vn 0.000000 -0.000000 -1.000000
vn 0.000000 -0.000000 -1.000000
vn 0.000000 -0.000000 -1.000000
vn 0.000000 -0.000000 -1.000000
vn 0.000000 -0.000000 -1.000000
vn 0.000000 -0.000000 -1.000000
vn 0.000000 -0.000000 -1.000000
vn 0.000000 -0.000000 -1.000000
vn 0.000000 -0.000000 -1.000000
vn 0.000000 -0.000000 -1.000000
vn 0.000000 -0.000000 -1.000000
vn 0.000000 -0.000000 -1.000000
vn 0.000000 -0.000000 -1.000000
vn 0.000000 -0.000000 -1.000000
vn 0.000000 -0.000000 -1.000000
vn 0.000000 -0.000000 -1.000000
vn 0.000000 -0.000000 -1.000000
vn 0.000000 -0.000000 -1.000000
vn 0.000000 -0.000000 -1.000000
vn 0.000000 -0.000000 -1.000000
vn 0.000000 -0.000000 -1.000000
vn 0.000000 -0.000000 -1.000000
vn 0.000000 -0.000000 -1.000000
vn 0.000000 -0.000000 -1.000000
vn 0.000000 -0.000000 -1.000000
vn 0.000000 -0.000000 -1.000000
vn 0.000000 -0.000000 -1.000000
vn 0.000000 -0.000000 -1.000000
vn 0.000000 -0.000000 -1.000000
vn 0.000000 -0.000000 -1.000000
vn 0.000000 -0.000000 -1.000000
vn 0.000000 -0.000000 -1.000000
vn 0.000000 -0.000000 -1.000000
vn 0.000000 -0.000000 -1.000000
vn 0.000000 -0.000000 -1.000000
vn 0.000000 -0.000000 -1.000000
vn -0.258819 0.965926 0.000000
vn -0.258819 0.965926 0.000000
vn 0.000000 1.000000 -0.000000
vn 0.000000 1.000000 -0.000000
vn 0.258819 0.965926 -0.000000
vn 0.258819 0.965926 -0.000000
vn 0.500000 0.866025 -0.000000
vn 0.500000 0.866025 -0.000000
vn 0.707107 0.707107 -0.000000
vn 0.707107 0.707107 -0.000000
vn 0.866025 0.500000 -0.000000
vn 0.866025 0.500000 -0.000000
vn 0.965926 0.258819 -0.000000
vn 0.965926 0.258819 -0.000000
vn 1.000000 -0.000000 -0.000000
vn 1.000000 -0.000000 -0.000000
vn 0.965926 -0.258819 -0.000000
vn 0.965926 -0.258819 -0.000000
vn 0.866025 -0.500000 -0.000000
vn 0.866025 -0.500000 -0.000000
vn 0.707107 -0.707107 -0.000000
vn 0.707107 -0.707107 -0.000000
vn 0.500000 -0.866025 -0.000000
vn 0.500000 -0.866025 -0.000000
vn 0.258819 -0.965926 -0.000000
vn 0.258819 -0.965926 -0.000000
vn -0.000000 -1.000000 0.000000
vn -0.000000 -1.000000 0.000000
vn -0.258819 -0.965926 0.000000
vn -0.258819 -0.965926 0.000000
vn -0.500000 -0.866025 0.000000
vn -0.500000 -0.866025 0.000000
vn -0.707107 -0.707107 0.000000
vn -0.707107 -0.707107 0.000000
vn -0.866025 -0.500000 0.000000
vn -0.866025 -0.500000 0.000000
vn -0.965926 -0.258819 0.000000
vn -0.965926 -0.258819 0.000000
vn -1.000000 0.000000 0.000000
vn -1.000000 0.000000 0.000000
vn -0.965926 0.258819 0.000000
vn -0.965926 0.258819 0.000000
vn -0.866025 0.500000 0.000000
vn -0.866025 0.500000 0.000000
vn -0.707107 0.707107 0.000000
vn -0.707107 0.707107 0.000000
vn -0.500000 0.866025 0.000000
vn -0.500000 0.866025 0.000000
vn -0.000000 -1.000000 0.000000
vn -0.000000 -1.000000 0.000000
vn -0.000000 -1.000000 0.000000
vn -0.000000 -1.000000 0.000000
vn -0.000000 0.000000 1.000000
vn -0.000000 0.000000 1.000000
vn -0.000000 0.000000 1.000000
vn -0.000000 0.000000 1.000000
vn 0.000000 1.000000 -0.000000
vn 0.000000 1.000000 -0.000000
vn 0.000000 1.000000 -0.000000
vn 0.000000 1.000000 -0.000000
vn 0.000000 1.000000 -0.000000
vn 0.000000 1.000000 -0.000000
vn 0.000000 1.000000 -0.000000
vn 0.000000 1.000000 -0.000000
vn 0.000000 1.000000 -0.000000
vn 0.000000 1.000000 -0.000000
vn 0.000000 1.000000 -0.000000
vn 0.000000 1.000000 -0.000000
vn 0.000000 1.000000 -0.000000
vn 0.000000 1.000000 -0.000000
vn 0.000000 1.000000 -0.000000
vn 0.000000 1.000000 -0.000000
vn 0.000000 1.000000 -0.000000
vn 0.000000 1.000000 -0.000000
vn 0.000000 1.000000 -0.000000
vn 0.000000 1.000000 -0.000000
vn 0.000000 1.000000 -0.000000
vn 0.000000 1.000000 -0.000000
vn 0.000000 1.000000 -0.000000
vn 0.000000 1.000000 -0.000000
vn -0.604482 -0.000000 -0.796618
vn -0.500000 -0.000000 -0.866025
vn -0.377705 -0.000000 -0.925926
vn -0.258819 -0.000000 -0.965926
vn -0.125188 -0.000000 -0.992133
vn 0.000000 -0.000000 -1.000000
vn 0.135861 -0.000000 -0.990728
vn 0.258819 -0.000000 -0.965926
vn 0.387651 -0.000000 -0.921806
vn 0.500000 -0.000000 -0.866025
vn 0.613023 -0.000000 -0.790065
vn 0.707107 -0.000000 -0.707107
vn 0.796618 -0.000000 -0.604482
vn 0.866025 -0.000000 -0.500000
vn 0.925926 -0.000000 -0.377705
vn 0.965926 -0.000000 -0.258819
vn 0.992133 -0.000000 -0.125188
vn 1.000000 -0.000000 -0.000000
vn 0.990728 -0.000000 0.135861
vn 0.965926 -0.000000 0.258819
vn 0.921806 -0.000000 0.387651
vn 0.866025 -0.000000 0.500000
vn 0.790065 -0.000000 0.613023
vn 0.707107 -0.000000 0.707107
vn 0.604482 0.000000 0.796618
vn 0.500000 0.000000 0.866025
vn 0.377705 0.000000 0.925926
vn 0.258819 0.000000 0.965926
vn 0.125188 0.000000 0.992133
vn -0.000000 0.000000 1.000000
vn -0.135861 0.000000 0.990728
vn -0.258819 0.000000 0.965926
vn -0.387651 0.000000 0.921806
vn -0.500000 0.000000 0.866025
vn -0.613023 0.000000 0.790065
vn -0.707107 0.000000 0.707107
vn -0.796618 0.000000 0.604482
vn -0.866025 0.000000 0.500000
vn -0.925926 0.000000 0.377705
vn -0.965926 0.000000 0.258819
vn -0.992133 0.000000 0.125188
vn -1.000000 0.000000 -0.000000
vn -0.990728 0.000000 -0.135861
vn -0.965926 0.000000 -0.258819
vn -0.921806 0.000000 -0.387651
vn -0.866025 0.000000 -0.500000
vn -0.790065 0.000000 -0.613023
vn -0.707107 0.000000 -0.707107
vn -0.125188 -0.000000 -0.992133
vn -0.377705 -0.000000 -0.925926
vn -0.604482 -0.000000 -0.796618
vn -0.790065 0.000000 -0.613023
vn -0.921806 0.000000 -0.387651
vn -0.990728 0.000000 -0.135861
vn -0.992133 0.000000 0.125188
vn -0.925926 0.000000 0.377705
vn -0.796618 0.000000 0.604482
vn -0.613023 0.000000 0.790065
vn -0.387651 0.000000 0.921806
vn -0.135861 0.000000 0.990728
vn 0.125188 0.000000 0.992133
vn 0.377705 0.000000 0.925926
vn 0.604482 0.000000 0.796618
vn 0.790065 -0.000000 0.613023
vn 0.921806 -0.000000 0.387651
vn 0.990728 -0.000000 0.135861
vn 0.992133 -0.000000 -0.125188
vn 0.925926 -0.000000 -0.377705
vn 0.796618 -0.000000 -0.604482
vn 0.613023 -0.000000 -0.790065
vn 0.387651 -0.000000 -0.921806
vn 0.135861 -0.000000 -0.990728
vn 0.000000 1.000000 -0.000000
vn 0.000000 1.000000 -0.000000
vn 0.000000 1.000000 -0.000000
vn 0.000000 1.000000 -0.000000
vn 0.000000 1.000000 -0.000000
vn 0.000000 1.000000 -0.000000
vn 0.000000 1.000000 -0.000000
vn 0.000000 1.000000 -0.000000
vn 0.000000 1.000000 -0.000000
vn 0.000000 1.000000 -0.000000
vn 0.000000 1.000000 -0.000000
vn 0.000000 1.000000 -0.000000
vn 0.000000 1.000000 -0.000000
vn 0.000000 1.000000 -0.000000
vn 0.000000 1.000000 -0.000000
vn 0.000000 1.000000 -0.000000
vn 0.000000 1.000000 -0.000000
vn 0.000000 1.000000 -0.000000
vn 0.000000 1.000000 -0.000000
vn 0.000000 1.000000 -0.000000
vn 0.000000 1.000000 -0.000000
vn 0.000000 1.000000 -0.000000
vn 0.000000 1.000000 -0.000000
vn 0.000000 1.000000 -0.000000
vn 0.604482 -0.000000 -0.796618
vn 0.500000 -0.000000 -0.866025
vn 0.377705 -0.000000 -0.925926
vn 0.258819 -0.000000 -0.965926
vn 0.125188 -0.000000 -0.992133
vn 0.000000 -0.000000 -1.000000
vn -0.135861 -0.000000 -0.990728
vn -0.258819 -0.000000 -0.965926
vn -0.387651 -0.000000 -0.921806
vn -0.500000 -0.000000 -0.866025
vn -0.613023 0.000000 -0.790065
vn -0.707107 0.000000 -0.707107
vn -0.796618 0.000000 -0.604482
vn -0.866025 0.000000 -0.500000
vn -0.925926 0.000000 -0.377705
vn -0.965926 0.000000 -0.258819
vn -0.992133 0.000000 -0.125188
vn -1.000000 0.000000 -0.000000
vn -0.990728 0.000000 0.135861
vn -0.965926 0.000000 0.258819
vn -0.921806 0.000000 0.387651
vn -0.866025 0.000000 0.500000
vn -0.790065 0.000000 0.613023
vn -0.707107 0.000000 0.707107
vn -0.604482 0.000000 0.796618
vn -0.500000 0.000000 0.866025
vn -0.377705 0.000000 0.925926
vn -0.258819 0.000000 0.965926
vn -0.125188 0.000000 0.992133
vn -0.000000 0.000000 1.000000
vn 0.135861 0.000000 0.990728
vn 0.258819 0.000000 0.965926
vn 0.387651 0.000000 0.921806
vn 0.500000 0.000000 0.866025
vn 0.613023 -0.000000 0.790065
vn 0.707107 -0.000000 0.707107
vn 0.796618 -0.000000 0.604482
vn 0.866025 -0.000000 0.500000
vn 0.925926 -0.000000 0.377705
vn 0.965926 -0.000000 0.258819
vn 0.992133 -0.000000 0.125188
vn 1.000000 -0.000000 -0.000000
vn 0.990728 -0.000000 -0.135861
vn 0.965926 -0.000000 -0.258819
vn 0.921806 -0.000000 -0.387651
vn 0.866025 -0.000000 -0.500000
vn 0.790065 -0.000000 -0.613023
vn 0.707107 -0.000000 -0.707107
vn 0.125188 -0.000000 -0.992133
vn 0.377705 -0.000000 -0.925926
vn 0.604482 -0.000000 -0.796618
vn 0.790065 -0.000000 -0.613023
vn 0.921806 -0.000000 -0.387651
vn 0.990728 -0.000000 -0.135861
vn 0.992133 -0.000000 0.125188
vn 0.925926 -0.000000 0.377705
vn 0.796618 -0.000000 0.604482
vn 0.613023 -0.000000 0.790065
vn 0.387651 0.000000 0.921806
vn 0.135861 0.000000 0.990728
vn -0.125188 0.000000 0.992133
vn -0.377705 0.000000 0.925926
vn -0.604482 0.000000 0.796618
vn -0.790065 0.000000 0.613023
vn -0.921806 0.000000 0.387651
vn -0.990728 0.000000 0.135861
vn -0.992133 0.000000 -0.125188
vn -0.925926 0.000000 -0.377705
vn -0.796618 0.000000 -0.604482
vn -0.613023 0.000000 -0.790065
vn -0.387651 -0.000000 -0.921806
vn -0.135861 -0.000000 -0.990728
vn -0.000000 0.000000 1.000000
vn -0.000000 0.000000 1.000000
vn -0.000000 0.000000 1.000000
vn -0.000000 0.000000 1.000000
vn -0.000000 0.000000 1.000000
vn -0.000000 0.000000 1.000000
vn -0.000000 0.000000 1.000000
vn -0.000000 0.000000 1.000000
vn -0.000000 0.000000 1.000000
vn -0.000000 0.000000 1.000000
vn -0.000000 0.000000 1.000000
vn -0.000000 0.000000 1.000000
vn -0.000000 0.000000 1.000000
vn -0.000000 0.000000 1.000000
vn -0.000000 0.000000 1.000000
vn -0.000000 0.000000 1.000000
vn -0.000000 0.000000 1.000000
vn -0.000000 0.000000 1.000000
vn -0.000000 0.000000 1.000000
vn -0.000000 0.000000 1.000000
vn -0.000000 0.000000 1.000000
vn -0.000000 0.000000 1.000000
vn -0.000000 0.000000 1.000000
vn -0.000000 0.000000 1.000000
vn -0.000000 0.000000 1.000000
vn -0.000000 0.000000 1.000000
vn -0.000000 0.000000 1.000000
vn -0.000000 0.000000 1.000000
vn -0.000000 0.000000 1.000000
vn -0.000000 0.000000 1.000000
vn -0.000000 0.000000 1.000000
vn -0.000000 0.000000 1.000000
vn -0.000000 0.000000 1.000000
vn -0.000000 0.000000 1.000000
vn -0.000000 0.000000 1.000000
vn -0.000000 0.000000 1.000000
vn -0.000000 0.000000 1.000000
vn -0.000000 0.000000 1.000000
vn -0.000000 0.000000 1.000000
vn -0.000000 0.000000 1.000000
vn -0.000000 0.000000 1.000000
vn -0.000000 0.000000 1.000000
vn -0.000000 0.000000 1.000000
vn -0.000000 0.000000 1.000000
vn -0.000000 0.000000 1.000000
vn -0.000000 0.000000 1.000000
vn -0.000000 0.000000 1.000000
vn -0.000000 0.000000 1.000000
vn -0.000000 0.000000 1.000000
vn -0.000000 0.000000 1.000000
vn -0.000000 0.000000 1.000000
vn -0.000000 0.000000 1.000000
vn -0.000000 0.000000 1.000000
vn -0.000000 0.000000 1.000000
vn -0.000000 0.000000 1.000000
vn -0.000000 0.000000 1.000000
vn -0.000000 0.000000 1.000000
vn -0.000000 0.000000 1.000000
vn -0.000000 0.000000 1.000000
vn -0.000000 0.000000 1.000000
vn -0.000000 0.000000 1.000000
vn -0.000000 0.000000 1.000000
vn -0.000000 0.000000 1.000000
vn -0.000000 0.000000 1.000000
vn -0.000000 0.000000 1.000000
vn -0.000000 0.000000 1.000000
vn -0.000000 0.000000 1.000000
vn -0.000000 0.000000 1.000000
vn -0.000000 0.000000 1.000000
vn -0.000000 0.000000 1.000000
vn -0.000000 0.000000 1.000000
vn -0.000000 0.000000 1.000000
vn -0.000000 0.000000 1.000000
vn -0.000000 0.000000 1.000000
vn -0.000000 0.000000 1.000000
vn -0.000000 0.000000 1.000000
vn -0.000000 0.000000 1.000000
vn -0.000000 0.000000 1.000000
vn -0.000000 0.000000 1.000000
vn -0.000000 0.000000 1.000000
vn -0.000000 0.000000 1.000000
vn -0.000000 0.000000 1.000000
vn -0.000000 0.000000 1.000000
vn -0.000000 0.000000 1.000000
vn -0.000000 0.000000 1.000000
vn -0.000000 0.000000 1.000000
vn -0.000000 0.000000 1.000000
vn -0.000000 0.000000 1.000000
vn -0.000000 0.000000 1.000000
vn -0.000000 0.000000 1.000000
vn -0.000000 0.000000 1.000000
vn -0.000000 0.000000 1.000000
vn -0.000000 0.000000 1.000000
vn -0.000000 0.000000 1.000000
vn -0.000000 0.000000 1.000000
vn -0.000000 0.000000 1.000000
vn -0.000000 0.000000 1.000000
vn -0.000000 0.000000 1.000000
vn -0.000000 0.000000 1.000000
vn -0.000000 0.000000 1.000000
vn 0.258819 0.965926 -0.000000
vn 0.258819 0.965926 -0.000000
vn 0.000000 1.000000 -0.000000
vn 0.000000 1.000000 -0.000000
vn -0.258819 0.965926 0.000000
vn -0.258819 0.965926 0.000000
vn -0.500000 0.866025 0.000000
vn -0.500000 0.866025 0.000000
vn -0.707107 0.707107 0.000000
vn -0.707107 0.707107 0.000000
vn -0.866025 0.500000 0.000000
vn -0.866025 0.500000 0.000000
vn -0.965926 0.258819 0.000000
vn -0.965926 0.258819 0.000000
vn -1.000000 0.000000 0.000000
vn -1.000000 0.000000 0.000000
vn -0.965926 -0.258819 0.000000
vn -0.965926 -0.258819 0.000000
vn -0.866025 -0.500000 0.000000
vn -0.866025 -0.500000 0.000000
vn -0.707107 -0.707107 0.000000
vn -0.707107 -0.707107 0.000000
vn -0.500000 -0.866025 0.000000
vn -0.500000 -0.866025 0.000000
vn -0.258819 -0.965926 0.000000
vn -0.258819 -0.965926 0.000000
vn -0.000000 -1.000000 0.000000
vn -0.000000 -1.000000 0.000000
vn 0.258819 -0.965926 -0.000000
vn 0.258819 -0.965926 -0.000000
vn 0.500000 -0.866025 -0.000000
vn 0.500000 -0.866025 -0.000000
vn 0.707107 -0.707107 -0.000000
vn 0.707107 -0.707107 -0.000000
vn 0.866025 -0.500000 -0.000000
vn 0.866025 -0.500000 -0.000000
vn 0.965926 -0.258819 -0.000000
vn 0.965926 -0.258819 -0.000000
vn 1.000000 -0.000000 -0.000000
vn 1.000000 -0.000000 -0.000000
vn 0.965926 0.258819 -0.000000
vn 0.965926 0.258819 -0.000000
vn 0.866025 0.500000 -0.000000
vn 0.866025 0.500000 -0.000000
vn 0.707107 0.707107 -0.000000
vn 0.707107 0.707107 -0.000000
vn 0.500000 0.866025 -0.000000
vn 0.500000 0.866025 -0.000000
vn 0.258819 0.965926 -0.000000
vn 0.258819 0.965926 -0.000000
vn 0.000000 1.000000 -0.000000
vn 0.000000 1.000000 -0.000000
vn -0.258819 0.965926 0.000000
vn -0.258819 0.965926 0.000000
vn -0.500000 0.866025 0.000000
vn -0.500000 0.866025 0.000000
vn -0.707107 0.707107 0.000000
vn -0.707107 0.707107 0.000000
vn -0.866025 0.500000 0.000000
vn -0.866025 0.500000 0.000000
vn -0.965926 0.258819 0.000000
vn -0.965926 0.258819 0.000000
vn -1.000000 0.000000 0.000000
vn -1.000000 0.000000 0.000000
vn -0.965926 -0.258819 0.000000
vn -0.965926 -0.258819 0.000000
vn -0.866025 -0.500000 0.000000
vn -0.866025 -0.500000 0.000000
vn -0.707107 -0.707107 0.000000
vn -0.707107 -0.707107 0.000000
vn -0.500000 -0.866025 0.000000
vn -0.500000 -0.866025 0.000000
vn -0.258819 -0.965926 0.000000
vn -0.258819 -0.965926 0.000000
vn -0.000000 -1.000000 0.000000
vn -0.000000 -1.000000 0.000000
vn 0.258819 -0.965926 -0.000000
vn 0.258819 -0.965926 -0.000000
vn 0.500000 -0.866025 -0.000000
vn 0.500000 -0.866025 -0.000000
vn 0.707107 -0.707107 -0.000000
vn 0.707107 -0.707107 -0.000000
vn 0.866025 -0.500000 -0.000000
vn 0.866025 -0.500000 -0.000000
vn 0.965926 -0.258819 -0.000000
vn 0.965926 -0.258819 -0.000000
vn 1.000000 -0.000000 -0.000000
vn 1.000000 -0.000000 -0.000000
vn 0.965926 0.258819 -0.000000
vn 0.965926 0.258819 -0.000000
vn 0.866025 0.500000 -0.000000
vn 0.866025 0.500000 -0.000000
vn 0.707107 0.707107 -0.000000
vn 0.707107 0.707107 -0.000000
vn 0.500000 0.866025 -0.000000
vn 0.500000 0.866025 -0.000000
vn 1.000000 -0.000000 -0.000000
vn 1.000000 -0.000000 -0.000000
vn 1.000000 -0.000000 -0.000000
vn 1.000000 -0.000000 -0.000000
vn 1.000000 -0.000000 -0.000000
vn 1.000000 -0.000000 -0.000000
vn 0.000000 1.000000 -0.000000
vn 0.000000 1.000000 -0.000000
vn 0.000000 1.000000 -0.000000
vn 0.000000 1.000000 -0.000000
vn 0.000000 1.000000 -0.000000
vn 0.000000 1.000000 -0.000000
vn 0.000000 1.000000 -0.000000
vn 0.000000 1.000000 -0.000000
vn 0.000000 1.000000 -0.000000
vn 0.000000 1.000000 -0.000000
vn 0.000000 1.000000 -0.000000
vn 0.000000 1.000000 -0.000000
vn 0.000000 1.000000 -0.000000
vn 0.000000 1.000000 -0.000000
vn 0.000000 1.000000 -0.000000
vn 0.000000 1.000000 -0.000000
vn 0.000000 1.000000 -0.000000
vn 0.000000 1.000000 -0.000000
vn 0.000000 1.000000 -0.000000
vn 0.000000 1.000000 -0.000000
vn 0.000000 1.000000 -0.000000
vn 0.000000 1.000000 -0.000000
vn 0.000000 1.000000 -0.000000
vn 0.000000 1.000000 -0.000000
vn 0.000000 1.000000 -0.000000
vn 0.000000 1.000000 -0.000000
vn 0.000000 1.000000 -0.000000
vn 0.000000 1.000000 -0.000000
vn 0.000000 1.000000 -0.000000
vn 0.000000 1.000000 -0.000000
vn 0.000000 1.000000 -0.000000
vn 0.000000 1.000000 -0.000000
vn 0.000000 1.000000 -0.000000
vn 0.000000 1.000000 -0.000000
vn 0.000000 1.000000 -0.000000
vn 0.000000 1.000000 -0.000000
vn 0.000000 1.000000 -0.000000
vn 0.000000 1.000000 -0.000000
vn 0.000000 1.000000 -0.000000
vn 0.000000 1.000000 -0.000000
vn 0.000000 1.000000 -0.000000
vn 0.000000 1.000000 -0.000000
vn 0.000000 1.000000 -0.000000
vn 0.000000 1.000000 -0.000000
vn 0.000000 1.000000 -0.000000
vn 0.000000 1.000000 -0.000000
vn 0.000000 1.000000 -0.000000
vn 0.000000 1.000000 -0.000000
vn 0.000000 1.000000 -0.000000
vn 0.000000 1.000000 -0.000000
vn 0.000000 1.000000 -0.000000
vn 0.000000 1.000000 -0.000000
vn -1.000000 0.000000 0.000000
vn -1.000000 0.000000 0.000000
vn -1.000000 0.000000 0.000000
vn -1.000000 0.000000 0.000000
vn -1.000000 0.000000 0.000000
vn -1.000000 0.000000 0.000000
vn 0.521739 0.853105 -0.000000
vn 0.521739 0.853105 -0.000000
vn 0.686238 0.727377 -0.000000
vn 0.686238 0.727377 -0.000000
vn 0.821320 0.570468 -0.000000
vn 0.821320 0.570468 -0.000000
vn 0.921194 0.389104 -0.000000
vn 0.921194 0.389104 -0.000000
vn 0.981578 0.191061 -0.000000
vn 0.981578 0.191061 -0.000000
vn 0.999885 -0.015173 -0.000000
vn 0.999885 -0.015173 -0.000000
vn 0.975329 -0.220757 -0.000000
vn 0.975329 -0.220757 -0.000000
vn 0.908963 -0.416877 -0.000000
vn 0.908963 -0.416877 -0.000000
vn 0.803632 -0.595126 -0.000000
vn 0.803632 -0.595126 -0.000000
vn 0.663852 -0.747864 -0.000000
vn 0.663852 -0.747864 -0.000000
vn 0.495613 -0.868543 -0.000000
vn 0.495613 -0.868543 -0.000000
vn 0.306129 -0.951990 -0.000000
vn 0.306129 -0.951990 -0.000000
vn 0.103522 -0.994627 -0.000000
vn 0.103522 -0.994627 -0.000000
vn -0.103522 -0.994627 0.000000
vn -0.103522 -0.994627 0.000000
vn -0.306129 -0.951990 0.000000
vn -0.306129 -0.951990 0.000000
vn -0.495613 -0.868543 0.000000
vn -0.495613 -0.868543 0.000000
vn -0.663852 -0.747864 0.000000
vn -0.663852 -0.747864 0.000000
vn -0.803632 -0.595126 0.000000
vn -0.803632 -0.595126 0.000000
vn -0.908963 -0.416877 0.000000
vn -0.908963 -0.416877 0.000000
vn -0.975329 -0.220757 0.000000
vn -0.975329 -0.220757 0.000000
vn -0.999885 -0.015173 0.000000
vn -0.999885 -0.015173 0.000000
vn -0.981578 0.191061 0.000000
vn -0.981578 0.191061 0.000000
vn -0.921194 0.389104 0.000000
vn -0.921194 0.389104 0.000000
vn -0.821320 0.570468 0.000000
vn -0.821320 0.570468 0.000000
vn -0.686238 0.727377 0.000000
vn -0.686238 0.727377 0.000000
vn -0.521739 0.853105 0.000000
vn -0.521739 0.853105 0.000000
usemtl Plastique_-_Translucide_mat_(gris)
f 998/2033/1993 1044/2034/1994 997/2035/1995
f 997/2035/1995 1044/2034/1994 1021/2036/1996
f 997/2037/1995 1021/2038/1996 1020/2039/1997
f 1020/2039/1997 1021/2038/1996 1022/2040/1998
f 1020/2039/1997 1022/2040/1998 1019/2041/1999
f 1019/2041/1999 1022/2040/1998 1023/2042/2000
f 1019/2041/1999 1023/2042/2000 1018/2043/2001
f 1018/2043/2001 1023/2042/2000 1024/2044/2002
f 1018/2043/2001 1024/2044/2002 1017/2045/2003
f 1017/2045/2003 1024/2044/2002 1025/2046/2004
f 1017/2045/2003 1025/2046/2004 1016/2047/2005
f 1016/2047/2005 1025/2046/2004 1026/2048/2006
f 1016/2047/2005 1026/2048/2006 1015/2049/2007
f 1015/2049/2007 1026/2048/2006 1027/2050/2008
f 1015/2049/2007 1027/2050/2008 1014/2051/2009
f 1014/2051/2009 1027/2050/2008 1028/2052/2010
f 1014/2051/2009 1028/2052/2010 1013/2053/2011
f 1013/2053/2011 1028/2052/2010 1029/2054/2012
f 1013/2053/2011 1029/2054/2012 1012/2055/2013
f 1012/2055/2013 1029/2054/2012 1030/2056/2014
f 1012/2055/2013 1030/2056/2014 1011/2057/2015
f 1011/2057/2015 1030/2056/2014 1031/2058/2016
f 1011/2057/2015 1031/2058/2016 1010/2059/2017
f 1010/2059/2017 1031/2058/2016 1032/2060/2018
f 1010/2059/2017 1032/2060/2018 1009/2061/2019
f 1009/2061/2019 1032/2060/2018 1033/2062/2020
f 1009/2061/2019 1033/2062/2020 1008/2063/2021
f 1008/2063/2021 1033/2062/2020 1034/2064/2022
f 1008/2063/2021 1034/2064/2022 1007/2065/2023
f 1007/2065/2023 1034/2064/2022 1035/2066/2024
f 1007/2065/2023 1035/2066/2024 1006/2067/2025
f 1006/2067/2025 1035/2066/2024 1036/2068/2026
f 1006/2067/2025 1036/2068/2026 1005/2069/2027
f 1005/2069/2027 1036/2068/2026 1037/2070/2028
f 1005/2069/2027 1037/2070/2028 1004/2071/2029
f 1004/2071/2029 1037/2070/2028 1038/2072/2030
f 1004/2071/2029 1038/2072/2030 1003/2073/2031
f 1003/2073/2031 1038/2072/2030 1039/2074/2032
f 1003/2073/2031 1039/2074/2032 1002/2075/2033
f 1002/2075/2033 1039/2074/2032 1040/2076/2034
f 1002/2075/2033 1040/2076/2034 1001/2077/2035
f 1001/2077/2035 1040/2076/2034 1041/2078/2036
f 1001/2077/2035 1041/2078/2036 1000/2079/2037
f 1000/2079/2037 1041/2078/2036 1042/2080/2038
f 1000/2079/2037 1042/2080/2038 999/2081/2039
f 999/2081/2039 1042/2080/2038 1043/2082/2040
f 999/2081/2039 1043/2082/2040 998/2033/1993
f 998/2033/1993 1043/2082/2040 1044/2034/1994
f 1046/2083/2041 1086/2084/2042 1045/2085/2043
f 1045/2085/2043 1086/2084/2042 1087/2086/2044
f 1045/2085/2043 1087/2086/2044 1088/2087/2045
f 1047/2088/2046 1082/2089/2047 1046/2083/2041
f 1046/2083/2041 1082/2089/2047 1083/2090/2048
f 1046/2083/2041 1083/2090/2048 1084/2091/2049
f 1048/2092/2050 1080/2093/2051 1047/2088/2046
f 1047/2088/2046 1080/2093/2051 1081/2094/2052
f 1047/2088/2046 1081/2094/2052 1082/2089/2047
f 1080/2093/2051 1048/2092/2050 1079/2095/2053
f 1079/2095/2053 1048/2092/2050 1049/2096/2054
f 1079/2095/2053 1049/2096/2054 1050/2097/2055
f 1050/2097/2055 1051/2098/2056 1079/2095/2053
f 1079/2095/2053 1051/2098/2056 1052/2099/2057
f 1079/2095/2053 1052/2099/2057 1078/2100/2058
f 1078/2100/2058 1052/2099/2057 1053/2101/2059
f 1078/2100/2058 1053/2101/2059 1077/2102/2060
f 1077/2102/2060 1053/2101/2059 1076/2103/2061
f 1076/2103/2061 1053/2101/2059 1075/2104/2062
f 1075/2104/2062 1053/2101/2059 1054/2105/2063
f 1075/2104/2062 1054/2105/2063 1074/2106/2064
f 1074/2106/2064 1054/2105/2063 1073/2107/2065
f 1073/2107/2065 1054/2105/2063 1096/2108/2066
f 1096/2108/2066 1054/2105/2063 1095/2109/2067
f 1095/2109/2067 1054/2105/2063 1055/2110/2068
f 1095/2109/2067 1055/2110/2068 1094/2111/2069
f 1094/2111/2069 1055/2110/2068 1093/2112/2070
f 1093/2112/2070 1055/2110/2068 1092/2113/2071
f 1092/2113/2071 1055/2110/2068 1040/2114/2072
f 1092/2113/2071 1040/2114/2072 1039/2115/2073
f 1055/2110/2068 1056/2116/2074 1040/2114/2072
f 1040/2114/2072 1056/2116/2074 1041/2117/2075
f 1041/2117/2075 1056/2116/2074 1042/2118/2076
f 1042/2118/2076 1056/2116/2074 1057/2119/2077
f 1042/2118/2076 1057/2119/2077 1043/2120/2078
f 1043/2120/2078 1057/2119/2077 1044/2121/2079
f 1044/2121/2079 1057/2119/2077 1021/2122/2080
f 1021/2122/2080 1057/2119/2077 1058/2123/2081
f 1021/2122/2080 1058/2123/2081 1022/2124/2082
f 1022/2124/2082 1058/2123/2081 1023/2125/2083
f 1023/2125/2083 1058/2123/2081 1024/2126/2084
f 1024/2126/2084 1058/2123/2081 1059/2127/2085
f 1024/2126/2084 1059/2127/2085 1025/2128/2086
f 1025/2128/2086 1059/2127/2085 1026/2129/2087
f 1026/2129/2087 1059/2127/2085 1060/2130/2088
f 1026/2129/2087 1060/2130/2088 1102/2131/2089
f 1102/2131/2089 1060/2130/2088 1101/2132/2090
f 1101/2132/2090 1060/2130/2088 1100/2133/2091
f 1100/2133/2091 1060/2130/2088 1099/2134/2092
f 1099/2134/2092 1060/2130/2088 1061/2135/2093
f 1099/2134/2092 1061/2135/2093 1098/2136/2094
f 1098/2136/2094 1061/2135/2093 1097/2137/2095
f 1097/2137/2095 1061/2135/2093 1120/2138/2096
f 1120/2138/2096 1061/2135/2093 1119/2139/2097
f 1119/2139/2097 1061/2135/2093 1062/2140/2098
f 1119/2139/2097 1062/2140/2098 1118/2141/2099
f 1118/2141/2099 1062/2140/2098 1117/2142/2100
f 1117/2142/2100 1062/2140/2098 1116/2143/2101
f 1116/2143/2101 1062/2140/2098 1063/2144/2102
f 1116/2143/2101 1063/2144/2102 1115/2145/2103
f 1115/2145/2103 1063/2144/2102 1064/2146/2104
f 1115/2145/2103 1064/2146/2104 1065/2147/2105
f 1065/2147/2105 1066/2148/2106 1115/2145/2103
f 1115/2145/2103 1066/2148/2106 1067/2149/2107
f 1115/2145/2103 1067/2149/2107 1114/2150/2108
f 1114/2150/2108 1067/2149/2107 1068/2151/2109
f 1114/2150/2108 1068/2151/2109 1113/2152/2110
f 1113/2152/2110 1068/2151/2109 1112/2153/2111
f 1112/2153/2111 1068/2151/2109 1069/2154/2112
f 1112/2153/2111 1069/2154/2112 1111/2155/2113
f 1111/2155/2113 1069/2154/2112 1110/2156/2114
f 1110/2156/2114 1069/2154/2112 1109/2157/2115
f 1109/2157/2115 1069/2154/2112 1108/2158/2116
f 1108/2158/2116 1069/2154/2112 1070/2159/2117
f 1108/2158/2116 1070/2159/2117 1107/2160/2118
f 1107/2160/2118 1070/2159/2117 1106/2161/2119
f 1106/2161/2119 1070/2159/2117 1105/2162/2120
f 1105/2162/2120 1070/2159/2117 1104/2163/2121
f 1104/2163/2121 1070/2159/2117 1028/2164/2122
f 1104/2163/2121 1028/2164/2122 1027/2165/2123
f 1071/2166/2124 1033/2167/2125 1070/2159/2117
f 1070/2159/2117 1033/2167/2125 1032/2168/2126
f 1070/2159/2117 1032/2168/2126 1031/2169/2127
f 1072/2170/2128 1045/2085/2043 1071/2166/2124
f 1071/2166/2124 1045/2085/2043 1033/2167/2125
f 1084/2091/2049 1085/2171/2129 1046/2083/2041
f 1046/2083/2041 1085/2171/2129 1086/2084/2042
f 1088/2087/2045 1089/2172/2130 1045/2085/2043
f 1045/2085/2043 1089/2172/2130 1090/2173/2131
f 1045/2085/2043 1090/2173/2131 1038/2174/2132
f 1038/2174/2132 1090/2173/2131 1039/2115/2073
f 1039/2115/2073 1090/2173/2131 1091/2175/2133
f 1039/2115/2073 1091/2175/2133 1092/2113/2071
f 1026/2129/2087 1102/2131/2089 1027/2165/2123
f 1027/2165/2123 1102/2131/2089 1103/2176/2134
f 1027/2165/2123 1103/2176/2134 1104/2163/2121
f 1038/2174/2132 1037/2177/2135 1045/2085/2043
f 1045/2085/2043 1037/2177/2135 1036/2178/2136
f 1045/2085/2043 1036/2178/2136 1035/2179/2137
f 1035/2179/2137 1034/2180/2138 1045/2085/2043
f 1045/2085/2043 1034/2180/2138 1033/2167/2125
f 1031/2169/2127 1030/2181/2139 1070/2159/2117
f 1070/2159/2117 1030/2181/2139 1029/2182/2140
f 1070/2159/2117 1029/2182/2140 1028/2164/2122
f 1122/2183/2141 998/2184/2142 1121/2185/2143
f 1121/2185/2143 998/2184/2142 997/2186/2144
f 1121/2187/2143 997/2188/2144 1144/2189/2145
f 1144/2189/2145 997/2188/2144 1020/2190/2146
f 1144/2189/2145 1020/2190/2146 1143/2191/2147
f 1143/2191/2147 1020/2190/2146 1019/2192/2148
f 1143/2191/2147 1019/2192/2148 1142/2193/2149
f 1142/2193/2149 1019/2192/2148 1018/2194/2150
f 1142/2193/2149 1018/2194/2150 1141/2195/2151
f 1141/2195/2151 1018/2194/2150 1017/2196/2152
f 1141/2195/2151 1017/2196/2152 1140/2197/2153
f 1140/2197/2153 1017/2196/2152 1016/2198/2154
f 1140/2197/2153 1016/2198/2154 1139/2199/2155
f 1139/2199/2155 1016/2198/2154 1015/2200/2156
f 1139/2199/2155 1015/2200/2156 1138/2201/2157
f 1138/2201/2157 1015/2200/2156 1014/2202/2158
f 1138/2201/2157 1014/2202/2158 1137/2203/2159
f 1137/2203/2159 1014/2202/2158 1013/2204/2160
f 1137/2203/2159 1013/2204/2160 1136/2205/2161
f 1136/2205/2161 1013/2204/2160 1012/2206/2162
f 1136/2205/2161 1012/2206/2162 1135/2207/2163
f 1135/2207/2163 1012/2206/2162 1011/2208/2164
f 1135/2207/2163 1011/2208/2164 1134/2209/2165
f 1134/2209/2165 1011/2208/2164 1010/2210/2166
f 1134/2209/2165 1010/2210/2166 1133/2211/2167
f 1133/2211/2167 1010/2210/2166 1009/2212/2168
f 1133/2211/2167 1009/2212/2168 1132/2213/2169
f 1132/2213/2169 1009/2212/2168 1008/2214/2170
f 1132/2213/2169 1008/2214/2170 1131/2215/2171
f 1131/2215/2171 1008/2214/2170 1007/2216/2172
f 1131/2215/2171 1007/2216/2172 1130/2217/2173
f 1130/2217/2173 1007/2216/2172 1006/2218/2174
f 1130/2217/2173 1006/2218/2174 1129/2219/2175
f 1129/2219/2175 1006/2218/2174 1005/2220/2176
f 1129/2219/2175 1005/2220/2176 1128/2221/2177
f 1128/2221/2177 1005/2220/2176 1004/2222/2178
f 1128/2221/2177 1004/2222/2178 1127/2223/2179
f 1127/2223/2179 1004/2222/2178 1003/2224/2180
f 1127/2223/2179 1003/2224/2180 1126/2225/2181
f 1126/2225/2181 1003/2224/2180 1002/2226/2182
f 1126/2225/2181 1002/2226/2182 1125/2227/2183
f 1125/2227/2183 1002/2226/2182 1001/2228/2184
f 1125/2227/2183 1001/2228/2184 1124/2229/2185
f 1124/2229/2185 1001/2228/2184 1000/2230/2186
f 1124/2229/2185 1000/2230/2186 1123/2231/2187
f 1123/2231/2187 1000/2230/2186 999/2232/2188
f 1123/2231/2187 999/2232/2188 1122/2183/2141
f 1122/2183/2141 999/2232/2188 998/2184/2142
f 1145/2233/2189 1146/2234/2190 1148/2235/2191
f 1148/2235/2191 1146/2234/2190 1147/2236/2192
f 1149/2237/2193 1150/2238/2194 1147/2239/2195
f 1147/2239/2195 1150/2238/2194 1148/2240/2196
f 1152/2241/2197 1160/2242/2198 1151/2243/2199
f 1151/2243/2199 1160/2242/2198 1161/2244/2200
f 1151/2243/2199 1161/2244/2200 1174/2245/2201
f 1174/2245/2201 1161/2244/2200 1162/2246/2202
f 1174/2245/2201 1162/2246/2202 1173/2247/2203
f 1173/2247/2203 1162/2246/2202 1163/2248/2204
f 1173/2247/2203 1163/2248/2204 1172/2249/2205
f 1172/2249/2205 1163/2248/2204 1164/2250/2206
f 1172/2249/2205 1164/2250/2206 1171/2251/2207
f 1171/2251/2207 1164/2250/2206 1165/2252/2208
f 1171/2251/2207 1165/2252/2208 1170/2253/2209
f 1170/2253/2209 1165/2252/2208 1166/2254/2210
f 1170/2253/2209 1166/2254/2210 1169/2255/2211
f 1169/2255/2211 1166/2254/2210 1167/2256/2212
f 1169/2255/2211 1167/2256/2212 1168/2257/2213
f 1160/2242/2198 1152/2241/2197 1159/2258/2214
f 1159/2258/2214 1152/2241/2197 1153/2259/2215
f 1159/2258/2214 1153/2259/2215 1158/2260/2216
f 1158/2260/2216 1153/2259/2215 1154/2261/2217
f 1158/2260/2216 1154/2261/2217 1157/2262/2218
f 1157/2262/2218 1154/2261/2217 1155/2263/2219
f 1157/2262/2218 1155/2263/2219 1156/2264/2220
f 1176/2265/2221 1200/2266/2222 1175/2267/2223
f 1175/2267/2223 1200/2266/2222 1199/2268/2224
f 1175/2267/2223 1199/2268/2224 1198/2269/2225
f 1198/2269/2225 1199/2268/2224 1222/2270/2226
f 1198/2269/2225 1222/2270/2226 1197/2271/2227
f 1197/2271/2227 1222/2270/2226 1221/2272/2228
f 1197/2271/2227 1221/2272/2228 1196/2273/2229
f 1196/2273/2229 1221/2272/2228 1220/2274/2230
f 1196/2273/2229 1220/2274/2230 1195/2275/2231
f 1195/2275/2231 1220/2274/2230 1219/2276/2232
f 1195/2275/2231 1219/2276/2232 1194/2277/2233
f 1194/2277/2233 1219/2276/2232 1218/2278/2234
f 1194/2277/2233 1218/2278/2234 1193/2279/2235
f 1193/2279/2235 1218/2278/2234 1217/2280/2236
f 1193/2279/2235 1217/2280/2236 1192/2281/2237
f 1192/2281/2237 1217/2280/2236 1216/2282/2238
f 1192/2281/2237 1216/2282/2238 1191/2283/2239
f 1191/2283/2239 1216/2282/2238 1215/2284/2240
f 1191/2283/2239 1215/2284/2240 1190/2285/2241
f 1190/2285/2241 1215/2284/2240 1214/2286/2242
f 1190/2285/2241 1214/2286/2242 1189/2287/2243
f 1189/2287/2243 1214/2286/2242 1213/2288/2244
f 1189/2287/2243 1213/2288/2244 1188/2289/2245
f 1188/2289/2245 1213/2288/2244 1212/2290/2246
f 1188/2289/2245 1212/2290/2246 1187/2291/2247
f 1187/2291/2247 1212/2290/2246 1211/2292/2248
f 1187/2291/2247 1211/2292/2248 1186/2293/2249
f 1186/2293/2249 1211/2292/2248 1210/2294/2250
f 1186/2293/2249 1210/2294/2250 1185/2295/2251
f 1185/2296/2251 1210/2297/2250 1209/2298/2252
f 1185/2296/2251 1209/2298/2252 1184/2299/2253
f 1184/2299/2253 1209/2298/2252 1208/2300/2254
f 1184/2299/2253 1208/2300/2254 1183/2301/2255
f 1183/2301/2255 1208/2300/2254 1207/2302/2256
f 1183/2301/2255 1207/2302/2256 1182/2303/2257
f 1182/2303/2257 1207/2302/2256 1206/2304/2258
f 1182/2303/2257 1206/2304/2258 1181/2305/2259
f 1181/2305/2259 1206/2304/2258 1205/2306/2260
f 1181/2305/2259 1205/2306/2260 1180/2307/2261
f 1180/2307/2261 1205/2306/2260 1204/2308/2262
f 1180/2307/2261 1204/2308/2262 1179/2309/2263
f 1179/2309/2263 1204/2308/2262 1203/2310/2264
f 1179/2309/2263 1203/2310/2264 1178/2311/2265
f 1178/2311/2265 1203/2310/2264 1202/2312/2266
f 1178/2311/2265 1202/2312/2266 1177/2313/2267
f 1177/2313/2267 1202/2312/2266 1201/2314/2268
f 1177/2313/2267 1201/2314/2268 1176/2265/2221
f 1176/2265/2221 1201/2314/2268 1200/2266/2222
f 1174/2315/2269 1199/2268/2224 1151/2316/2270
f 1151/2316/2270 1199/2268/2224 1200/2266/2222
f 1151/2316/2270 1200/2266/2222 1152/2317/2271
f 1152/2317/2271 1200/2266/2222 1201/2314/2268
f 1152/2317/2271 1201/2314/2268 1153/2318/2272
f 1153/2318/2272 1201/2314/2268 1202/2312/2266
f 1153/2318/2272 1202/2312/2266 1154/2319/2273
f 1154/2319/2273 1202/2312/2266 1203/2310/2264
f 1154/2319/2273 1203/2310/2264 1155/2320/2274
f 1155/2320/2274 1203/2310/2264 1204/2308/2262
f 1155/2320/2274 1204/2308/2262 1156/2321/2275
f 1156/2321/2275 1204/2308/2262 1205/2306/2260
f 1156/2321/2275 1205/2306/2260 1157/2322/2276
f 1157/2322/2276 1205/2306/2260 1206/2304/2258
f 1157/2322/2276 1206/2304/2258 1158/2323/2277
f 1158/2323/2277 1206/2304/2258 1207/2302/2256
f 1158/2323/2277 1207/2302/2256 1159/2324/2278
f 1159/2324/2278 1207/2302/2256 1208/2300/2254
f 1159/2324/2278 1208/2300/2254 1160/2325/2279
f 1160/2325/2279 1208/2300/2254 1209/2298/2252
f 1160/2325/2279 1209/2298/2252 1161/2326/2280
f 1161/2326/2280 1209/2298/2252 1210/2297/2250
f 1161/2326/2280 1210/2297/2250 1162/2327/2281
f 1162/2328/2281 1210/2294/2250 1211/2292/2248
f 1162/2328/2281 1211/2292/2248 1163/2329/2282
f 1163/2329/2282 1211/2292/2248 1212/2290/2246
f 1163/2329/2282 1212/2290/2246 1164/2330/2283
f 1164/2330/2283 1212/2290/2246 1213/2288/2244
f 1164/2330/2283 1213/2288/2244 1165/2331/2284
f 1165/2331/2284 1213/2288/2244 1214/2286/2242
f 1165/2331/2284 1214/2286/2242 1166/2332/2285
f 1166/2332/2285 1214/2286/2242 1215/2284/2240
f 1166/2332/2285 1215/2284/2240 1167/2333/2286
f 1167/2333/2286 1215/2284/2240 1216/2282/2238
f 1167/2333/2286 1216/2282/2238 1168/2334/2287
f 1168/2334/2287 1216/2282/2238 1217/2280/2236
f 1168/2334/2287 1217/2280/2236 1169/2335/2288
f 1169/2335/2288 1217/2280/2236 1218/2278/2234
f 1169/2335/2288 1218/2278/2234 1170/2336/2289
f 1170/2336/2289 1218/2278/2234 1219/2276/2232
f 1170/2336/2289 1219/2276/2232 1171/2337/2290
f 1171/2337/2290 1219/2276/2232 1220/2274/2230
f 1171/2337/2290 1220/2274/2230 1172/2338/2291
f 1172/2338/2291 1220/2274/2230 1221/2272/2228
f 1172/2338/2291 1221/2272/2228 1173/2339/2292
f 1173/2339/2292 1221/2272/2228 1222/2270/2226
f 1173/2339/2292 1222/2270/2226 1174/2315/2269
f 1174/2315/2269 1222/2270/2226 1199/2268/2224
f 1224/2340/2293 1237/2341/2294 1223/2342/2295
f 1223/2342/2295 1237/2341/2294 1238/2343/2296
f 1223/2342/2295 1238/2343/2296 1246/2344/2297
f 1246/2344/2297 1238/2343/2296 1239/2345/2298
f 1246/2344/2297 1239/2345/2298 1245/2346/2299
f 1245/2346/2299 1239/2345/2298 1240/2347/2300
f 1245/2346/2299 1240/2347/2300 1244/2348/2301
f 1244/2348/2301 1240/2347/2300 1241/2349/2302
f 1244/2348/2301 1241/2349/2302 1243/2350/2303
f 1243/2350/2303 1241/2349/2302 1242/2351/2304
f 1237/2341/2294 1224/2340/2293 1236/2352/2305
f 1236/2352/2305 1224/2340/2293 1225/2353/2306
f 1236/2352/2305 1225/2353/2306 1235/2354/2307
f 1235/2354/2307 1225/2353/2306 1226/2355/2308
f 1235/2354/2307 1226/2355/2308 1234/2356/2309
f 1234/2356/2309 1226/2355/2308 1227/2357/2310
f 1234/2356/2309 1227/2357/2310 1233/2358/2311
f 1233/2358/2311 1227/2357/2310 1228/2359/2312
f 1233/2358/2311 1228/2359/2312 1232/2360/2313
f 1232/2360/2313 1228/2359/2312 1229/2361/2314
f 1232/2360/2313 1229/2361/2314 1231/2362/2315
f 1231/2362/2315 1229/2361/2314 1230/2363/2316
f 1246/2364/2317 1271/2365/2318 1223/2366/2319
f 1223/2366/2319 1271/2365/2318 1272/2367/2320
f 1223/2366/2319 1272/2367/2320 1224/2368/2321
f 1224/2368/2321 1272/2367/2320 1294/2369/2322
f 1224/2368/2321 1294/2369/2322 1225/2370/2323
f 1225/2370/2323 1294/2369/2322 1293/2371/2324
f 1225/2370/2323 1293/2371/2324 1226/2372/2325
f 1226/2372/2325 1293/2371/2324 1292/2373/2326
f 1226/2372/2325 1292/2373/2326 1227/2374/2327
f 1227/2374/2327 1292/2373/2326 1291/2375/2328
f 1227/2374/2327 1291/2375/2328 1228/2376/2329
f 1228/2376/2329 1291/2375/2328 1290/2377/2330
f 1228/2376/2329 1290/2377/2330 1229/2378/2331
f 1229/2378/2331 1290/2377/2330 1289/2379/2332
f 1229/2378/2331 1289/2379/2332 1230/2380/2333
f 1230/2380/2333 1289/2379/2332 1288/2381/2334
f 1230/2380/2333 1288/2381/2334 1231/2382/2335
f 1231/2382/2335 1288/2381/2334 1287/2383/2336
f 1231/2382/2335 1287/2383/2336 1232/2384/2337
f 1232/2384/2337 1287/2383/2336 1286/2385/2338
f 1232/2384/2337 1286/2385/2338 1233/2386/2339
f 1233/2386/2339 1286/2385/2338 1285/2387/2340
f 1233/2386/2339 1285/2387/2340 1234/2388/2341
f 1234/2388/2341 1285/2387/2340 1284/2389/2342
f 1234/2388/2341 1284/2389/2342 1235/2390/2343
f 1235/2390/2343 1284/2389/2342 1283/2391/2344
f 1235/2390/2343 1283/2391/2344 1236/2392/2345
f 1236/2392/2345 1283/2391/2344 1282/2393/2346
f 1236/2392/2345 1282/2393/2346 1237/2394/2347
f 1237/2395/2347 1282/2396/2346 1281/2397/2348
f 1237/2395/2347 1281/2397/2348 1238/2398/2349
f 1238/2398/2349 1281/2397/2348 1280/2399/2350
f 1238/2398/2349 1280/2399/2350 1239/2400/2351
f 1239/2400/2351 1280/2399/2350 1279/2401/2352
f 1239/2400/2351 1279/2401/2352 1240/2402/2353
f 1240/2402/2353 1279/2401/2352 1278/2403/2354
f 1240/2402/2353 1278/2403/2354 1241/2404/2355
f 1241/2404/2355 1278/2403/2354 1277/2405/2356
f 1241/2404/2355 1277/2405/2356 1242/2406/2357
f 1242/2406/2357 1277/2405/2356 1276/2407/2358
f 1242/2406/2357 1276/2407/2358 1243/2408/2359
f 1243/2408/2359 1276/2407/2358 1275/2409/2360
f 1243/2408/2359 1275/2409/2360 1244/2410/2361
f 1244/2410/2361 1275/2409/2360 1274/2411/2362
f 1244/2410/2361 1274/2411/2362 1245/2412/2363
f 1245/2412/2363 1274/2411/2362 1273/2413/2364
f 1245/2412/2363 1273/2413/2364 1246/2364/2317
f 1246/2364/2317 1273/2413/2364 1271/2365/2318
f 1248/2414/2365 1272/2367/2320 1247/2415/2366
f 1247/2415/2366 1272/2367/2320 1271/2365/2318
f 1247/2415/2366 1271/2365/2318 1270/2416/2367
f 1270/2416/2367 1271/2365/2318 1273/2413/2364
f 1270/2416/2367 1273/2413/2364 1269/2417/2368
f 1269/2417/2368 1273/2413/2364 1274/2411/2362
f 1269/2417/2368 1274/2411/2362 1268/2418/2369
f 1268/2418/2369 1274/2411/2362 1275/2409/2360
f 1268/2418/2369 1275/2409/2360 1267/2419/2370
f 1267/2419/2370 1275/2409/2360 1276/2407/2358
f 1267/2419/2370 1276/2407/2358 1266/2420/2371
f 1266/2420/2371 1276/2407/2358 1277/2405/2356
f 1266/2420/2371 1277/2405/2356 1265/2421/2372
f 1265/2421/2372 1277/2405/2356 1278/2403/2354
f 1265/2421/2372 1278/2403/2354 1264/2422/2373
f 1264/2422/2373 1278/2403/2354 1279/2401/2352
f 1264/2422/2373 1279/2401/2352 1263/2423/2374
f 1263/2423/2374 1279/2401/2352 1280/2399/2350
f 1263/2423/2374 1280/2399/2350 1262/2424/2375
f 1262/2424/2375 1280/2399/2350 1281/2397/2348
f 1262/2424/2375 1281/2397/2348 1261/2425/2376
f 1261/2425/2376 1281/2397/2348 1282/2396/2346
f 1261/2425/2376 1282/2396/2346 1260/2426/2377
f 1260/2427/2377 1282/2393/2346 1283/2391/2344
f 1260/2427/2377 1283/2391/2344 1259/2428/2378
f 1259/2428/2378 1283/2391/2344 1284/2389/2342
f 1259/2428/2378 1284/2389/2342 1258/2429/2379
f 1258/2429/2379 1284/2389/2342 1285/2387/2340
f 1258/2429/2379 1285/2387/2340 1257/2430/2380
f 1257/2430/2380 1285/2387/2340 1286/2385/2338
f 1257/2430/2380 1286/2385/2338 1256/2431/2381
f 1256/2431/2381 1286/2385/2338 1287/2383/2336
f 1256/2431/2381 1287/2383/2336 1255/2432/2382
f 1255/2432/2382 1287/2383/2336 1288/2381/2334
f 1255/2432/2382 1288/2381/2334 1254/2433/2383
f 1254/2433/2383 1288/2381/2334 1289/2379/2332
f 1254/2433/2383 1289/2379/2332 1253/2434/2384
f 1253/2434/2384 1289/2379/2332 1290/2377/2330
f 1253/2434/2384 1290/2377/2330 1252/2435/2385
f 1252/2435/2385 1290/2377/2330 1291/2375/2328
f 1252/2435/2385 1291/2375/2328 1251/2436/2386
f 1251/2436/2386 1291/2375/2328 1292/2373/2326
f 1251/2436/2386 1292/2373/2326 1250/2437/2387
f 1250/2437/2387 1292/2373/2326 1293/2371/2324
f 1250/2437/2387 1293/2371/2324 1249/2438/2388
f 1249/2438/2388 1293/2371/2324 1294/2369/2322
f 1249/2438/2388 1294/2369/2322 1248/2414/2365
f 1248/2414/2365 1294/2369/2322 1272/2367/2320
f 1146/2439/2389 1145/2440/2390 1320/2441/2391
f 1320/2441/2391 1145/2440/2390 1295/2442/2392
f 1320/2441/2391 1295/2442/2392 1133/2443/2393
f 1133/2443/2393 1295/2442/2392 1134/2444/2394
f 1134/2444/2394 1295/2442/2392 1135/2445/2395
f 1135/2445/2395 1295/2442/2392 1136/2446/2396
f 1136/2446/2396 1295/2442/2392 1137/2447/2397
f 1137/2447/2397 1295/2442/2392 1138/2448/2398
f 1138/2448/2398 1295/2442/2392 1361/2449/2399
f 1138/2448/2398 1361/2449/2399 1362/2450/2400
f 1296/2451/2401 1359/2452/2402 1295/2442/2392
f 1295/2442/2392 1359/2452/2402 1360/2453/2403
f 1295/2442/2392 1360/2453/2403 1361/2449/2399
f 1297/2454/2404 1355/2455/2405 1296/2451/2401
f 1296/2451/2401 1355/2455/2405 1356/2456/2406
f 1296/2451/2401 1356/2456/2406 1357/2457/2407
f 1298/2458/2408 1353/2459/2409 1297/2454/2404
f 1297/2454/2404 1353/2459/2409 1354/2460/2410
f 1297/2454/2404 1354/2460/2410 1355/2455/2405
f 1353/2459/2409 1298/2458/2408 1352/2461/2411
f 1352/2461/2411 1298/2458/2408 1299/2462/2412
f 1352/2461/2411 1299/2462/2412 1351/2463/2413
f 1351/2463/2413 1299/2462/2412 1300/2464/2414
f 1351/2463/2413 1300/2464/2414 1301/2465/2415
f 1351/2463/2413 1301/2465/2415 1350/2466/2416
f 1350/2466/2416 1301/2465/2415 1302/2467/2417
f 1350/2466/2416 1302/2467/2417 1349/2468/2418
f 1349/2468/2418 1302/2467/2417 1303/2469/2419
f 1349/2468/2418 1303/2469/2419 1348/2470/2420
f 1348/2470/2420 1303/2469/2419 1347/2471/2421
f 1347/2471/2421 1303/2469/2419 1346/2472/2422
f 1346/2472/2422 1303/2469/2419 1304/2473/2423
f 1346/2472/2422 1304/2473/2423 1345/2474/2424
f 1345/2474/2424 1304/2473/2423 1368/2475/2425
f 1368/2475/2425 1304/2473/2423 1367/2476/2426
f 1367/2476/2426 1304/2473/2423 1305/2477/2427
f 1367/2476/2426 1305/2477/2427 1366/2478/2428
f 1366/2478/2428 1305/2477/2427 1365/2479/2429
f 1365/2479/2429 1305/2477/2427 1306/2480/2430
f 1365/2479/2429 1306/2480/2430 1364/2481/2431
f 1364/2481/2431 1306/2480/2430 1140/2482/2432
f 1364/2481/2431 1140/2482/2432 1139/2483/2433
f 1307/2484/2434 1142/2485/2435 1306/2480/2430
f 1306/2480/2430 1142/2485/2435 1141/2486/2436
f 1306/2480/2430 1141/2486/2436 1140/2482/2432
f 1308/2487/2437 1121/2488/2438 1307/2484/2434
f 1307/2484/2434 1121/2488/2438 1144/2489/2439
f 1307/2484/2434 1144/2489/2439 1143/2490/2440
f 1309/2491/2441 1124/2492/2442 1308/2487/2437
f 1308/2487/2437 1124/2492/2442 1123/2493/2443
f 1308/2487/2437 1123/2493/2443 1122/2494/2444
f 1310/2495/2445 1325/2496/2446 1309/2491/2441
f 1309/2491/2441 1325/2496/2446 1326/2497/2447
f 1309/2491/2441 1326/2497/2447 1126/2498/2448
f 1126/2498/2448 1326/2497/2447 1127/2499/2449
f 1127/2499/2449 1326/2497/2447 1327/2500/2450
f 1127/2499/2449 1327/2500/2450 1328/2501/2451
f 1311/2502/2452 1323/2503/2453 1310/2495/2445
f 1310/2495/2445 1323/2503/2453 1324/2504/2454
f 1310/2495/2445 1324/2504/2454 1325/2496/2446
f 1312/2505/2455 1344/2506/2456 1311/2502/2452
f 1311/2502/2452 1344/2506/2456 1321/2507/2457
f 1311/2502/2452 1321/2507/2457 1322/2508/2458
f 1313/2509/2459 1341/2510/2460 1312/2505/2455
f 1312/2505/2455 1341/2510/2460 1342/2511/2461
f 1312/2505/2455 1342/2511/2461 1343/2512/2462
f 1341/2510/2460 1313/2509/2459 1340/2513/2463
f 1340/2513/2463 1313/2509/2459 1314/2514/2464
f 1340/2513/2463 1314/2514/2464 1339/2515/2465
f 1339/2515/2465 1314/2514/2464 1315/2516/2466
f 1339/2515/2465 1315/2516/2466 1316/2517/2467
f 1339/2515/2465 1316/2517/2467 1338/2518/2468
f 1338/2518/2468 1316/2517/2467 1317/2519/2469
f 1338/2518/2468 1317/2519/2469 1337/2520/2470
f 1337/2520/2470 1317/2519/2469 1318/2521/2471
f 1337/2520/2470 1318/2521/2471 1336/2522/2472
f 1336/2522/2472 1318/2521/2471 1335/2523/2473
f 1335/2523/2473 1318/2521/2471 1319/2524/2474
f 1335/2523/2473 1319/2524/2474 1334/2525/2475
f 1334/2525/2475 1319/2524/2474 1333/2526/2476
f 1333/2526/2476 1319/2524/2474 1332/2527/2477
f 1332/2527/2477 1319/2524/2474 1331/2528/2478
f 1331/2528/2478 1319/2524/2474 1320/2441/2391
f 1331/2528/2478 1320/2441/2391 1330/2529/2479
f 1330/2529/2479 1320/2441/2391 1329/2530/2480
f 1329/2530/2480 1320/2441/2391 1128/2531/2481
f 1329/2530/2480 1128/2531/2481 1328/2501/2451
f 1328/2501/2451 1128/2531/2481 1127/2499/2449
f 1322/2508/2458 1323/2503/2453 1311/2502/2452
f 1343/2512/2462 1344/2506/2456 1312/2505/2455
f 1143/2490/2440 1142/2485/2435 1307/2484/2434
f 1138/2448/2398 1362/2450/2400 1139/2483/2433
f 1139/2483/2433 1362/2450/2400 1363/2532/2482
f 1139/2483/2433 1363/2532/2482 1364/2481/2431
f 1133/2443/2393 1132/2533/2483 1320/2441/2391
f 1320/2441/2391 1132/2533/2483 1131/2534/2484
f 1320/2441/2391 1131/2534/2484 1130/2535/2485
f 1130/2535/2485 1129/2536/2486 1320/2441/2391
f 1320/2441/2391 1129/2536/2486 1128/2531/2481
f 1126/2498/2448 1125/2537/2487 1309/2491/2441
f 1309/2491/2441 1125/2537/2487 1124/2492/2442
f 1122/2494/2444 1121/2488/2438 1308/2487/2437
f 1357/2457/2407 1358/2538/2488 1296/2451/2401
f 1296/2451/2401 1358/2538/2488 1359/2452/2402
f 1096/2539/2489 1322/2540/2490 1073/2541/2491
f 1073/2541/2491 1322/2540/2490 1321/2542/2492
f 1073/2543/2491 1321/2544/2492 1074/2545/2493
f 1074/2545/2493 1321/2544/2492 1344/2546/2494
f 1074/2545/2493 1344/2546/2494 1075/2547/2495
f 1075/2547/2495 1344/2546/2494 1343/2548/2496
f 1075/2547/2495 1343/2548/2496 1076/2549/2497
f 1076/2549/2497 1343/2548/2496 1342/2550/2498
f 1076/2549/2497 1342/2550/2498 1077/2551/2499
f 1077/2551/2499 1342/2550/2498 1341/2552/2500
f 1077/2551/2499 1341/2552/2500 1078/2553/2501
f 1078/2553/2501 1341/2552/2500 1340/2554/2502
f 1078/2553/2501 1340/2554/2502 1079/2555/2503
f 1079/2555/2503 1340/2554/2502 1339/2556/2504
f 1079/2555/2503 1339/2556/2504 1080/2557/2505
f 1080/2557/2505 1339/2556/2504 1338/2558/2506
f 1080/2557/2505 1338/2558/2506 1081/2559/2507
f 1081/2559/2507 1338/2558/2506 1337/2560/2508
f 1081/2559/2507 1337/2560/2508 1082/2561/2509
f 1082/2561/2509 1337/2560/2508 1336/2562/2510
f 1082/2561/2509 1336/2562/2510 1083/2563/2511
f 1083/2563/2511 1336/2562/2510 1335/2564/2512
f 1083/2563/2511 1335/2564/2512 1084/2565/2513
f 1084/2565/2513 1335/2564/2512 1334/2566/2514
f 1084/2565/2513 1334/2566/2514 1085/2567/2515
f 1085/2567/2515 1334/2566/2514 1333/2568/2516
f 1085/2567/2515 1333/2568/2516 1086/2569/2517
f 1086/2569/2517 1333/2568/2516 1332/2570/2518
f 1086/2569/2517 1332/2570/2518 1087/2571/2519
f 1087/2571/2519 1332/2570/2518 1331/2572/2520
f 1087/2571/2519 1331/2572/2520 1088/2573/2521
f 1088/2573/2521 1331/2572/2520 1330/2574/2522
f 1088/2573/2521 1330/2574/2522 1089/2575/2523
f 1089/2575/2523 1330/2574/2522 1329/2576/2524
f 1089/2575/2523 1329/2576/2524 1090/2577/2525
f 1090/2577/2525 1329/2576/2524 1328/2578/2526
f 1090/2577/2525 1328/2578/2526 1091/2579/2527
f 1091/2579/2527 1328/2578/2526 1327/2580/2528
f 1091/2579/2527 1327/2580/2528 1092/2581/2529
f 1092/2581/2529 1327/2580/2528 1326/2582/2530
f 1092/2581/2529 1326/2582/2530 1093/2583/2531
f 1093/2583/2531 1326/2582/2530 1325/2584/2532
f 1093/2583/2531 1325/2584/2532 1094/2585/2533
f 1094/2585/2533 1325/2584/2532 1324/2586/2534
f 1094/2585/2533 1324/2586/2534 1095/2587/2535
f 1095/2587/2535 1324/2586/2534 1323/2588/2536
f 1095/2587/2535 1323/2588/2536 1096/2539/2489
f 1096/2539/2489 1323/2588/2536 1322/2540/2490
f 1120/2589/2537 1346/2590/2538 1097/2591/2539
f 1097/2591/2539 1346/2590/2538 1345/2592/2540
f 1097/2593/2539 1345/2594/2540 1098/2595/2541
f 1098/2595/2541 1345/2594/2540 1368/2596/2542
f 1098/2595/2541 1368/2596/2542 1099/2597/2543
f 1099/2597/2543 1368/2596/2542 1367/2598/2544
f 1099/2597/2543 1367/2598/2544 1100/2599/2545
f 1100/2599/2545 1367/2598/2544 1366/2600/2546
f 1100/2599/2545 1366/2600/2546 1101/2601/2547
f 1101/2601/2547 1366/2600/2546 1365/2602/2548
f 1101/2601/2547 1365/2602/2548 1102/2603/2549
f 1102/2603/2549 1365/2602/2548 1364/2604/2550
f 1102/2603/2549 1364/2604/2550 1103/2605/2551
f 1103/2605/2551 1364/2604/2550 1363/2606/2552
f 1103/2605/2551 1363/2606/2552 1104/2607/2553
f 1104/2607/2553 1363/2606/2552 1362/2608/2554
f 1104/2607/2553 1362/2608/2554 1105/2609/2555
f 1105/2609/2555 1362/2608/2554 1361/2610/2556
f 1105/2609/2555 1361/2610/2556 1106/2611/2557
f 1106/2611/2557 1361/2610/2556 1360/2612/2558
f 1106/2611/2557 1360/2612/2558 1107/2613/2559
f 1107/2613/2559 1360/2612/2558 1359/2614/2560
f 1107/2613/2559 1359/2614/2560 1108/2615/2561
f 1108/2615/2561 1359/2614/2560 1358/2616/2562
f 1108/2615/2561 1358/2616/2562 1109/2617/2563
f 1109/2617/2563 1358/2616/2562 1357/2618/2564
f 1109/2617/2563 1357/2618/2564 1110/2619/2565
f 1110/2619/2565 1357/2618/2564 1356/2620/2566
f 1110/2619/2565 1356/2620/2566 1111/2621/2567
f 1111/2621/2567 1356/2620/2566 1355/2622/2568
f 1111/2621/2567 1355/2622/2568 1112/2623/2569
f 1112/2623/2569 1355/2622/2568 1354/2624/2570
f 1112/2623/2569 1354/2624/2570 1113/2625/2571
f 1113/2625/2571 1354/2624/2570 1353/2626/2572
f 1113/2625/2571 1353/2626/2572 1114/2627/2573
f 1114/2627/2573 1353/2626/2572 1352/2628/2574
f 1114/2627/2573 1352/2628/2574 1115/2629/2575
f 1115/2629/2575 1352/2628/2574 1351/2630/2576
f 1115/2629/2575 1351/2630/2576 1116/2631/2577
f 1116/2631/2577 1351/2630/2576 1350/2632/2578
f 1116/2631/2577 1350/2632/2578 1117/2633/2579
f 1117/2633/2579 1350/2632/2578 1349/2634/2580
f 1117/2633/2579 1349/2634/2580 1118/2635/2581
f 1118/2635/2581 1349/2634/2580 1348/2636/2582
f 1118/2635/2581 1348/2636/2582 1119/2637/2583
f 1119/2637/2583 1348/2636/2582 1347/2638/2584
f 1119/2637/2583 1347/2638/2584 1120/2589/2537
f 1120/2589/2537 1347/2638/2584 1346/2590/2538
f 1320/2639/2585 1045/2640/2586 1146/2641/2587
f 1146/2641/2587 1045/2640/2586 1072/2642/2588
f 1146/2641/2587 1072/2642/2588 1149/2643/2589
f 1149/2643/2589 1147/2644/2590 1146/2641/2587
f 1270/2645/2591 1176/2646/2592 1247/2647/2593
f 1247/2647/2593 1176/2646/2592 1175/2648/2594
f 1247/2647/2593 1175/2648/2594 1149/2649/2595
f 1149/2649/2595 1175/2648/2594 1150/2650/2596
f 1150/2650/2596 1175/2648/2594 1198/2651/2597
f 1150/2650/2596 1198/2651/2597 1197/2652/2598
f 1176/2646/2592 1270/2645/2591 1177/2653/2599
f 1177/2653/2599 1270/2645/2591 1269/2654/2600
f 1177/2653/2599 1269/2654/2600 1178/2655/2601
f 1178/2655/2601 1269/2654/2600 1268/2656/2602
f 1178/2655/2601 1268/2656/2602 1179/2657/2603
f 1179/2657/2603 1268/2656/2602 1267/2658/2604
f 1179/2657/2603 1267/2658/2604 1180/2659/2605
f 1180/2659/2605 1267/2658/2604 1266/2660/2606
f 1180/2659/2605 1266/2660/2606 1181/2661/2607
f 1181/2661/2607 1266/2660/2606 1265/2662/2608
f 1181/2661/2607 1265/2662/2608 1182/2663/2609
f 1182/2663/2609 1265/2662/2608 1264/2664/2610
f 1182/2663/2609 1264/2664/2610 1183/2665/2611
f 1183/2665/2611 1264/2664/2610 1263/2666/2612
f 1183/2665/2611 1263/2666/2612 1184/2667/2613
f 1184/2667/2613 1263/2666/2612 1262/2668/2614
f 1184/2667/2613 1262/2668/2614 1185/2669/2615
f 1185/2669/2615 1262/2668/2614 1261/2670/2616
f 1185/2669/2615 1261/2670/2616 1071/2671/2617
f 1071/2671/2617 1261/2670/2616 1072/2672/2618
f 1072/2672/2618 1261/2670/2616 1260/2673/2619
f 1072/2672/2618 1260/2673/2619 1259/2674/2620
f 1259/2674/2620 1258/2675/2621 1072/2672/2618
f 1072/2672/2618 1258/2675/2621 1257/2676/2622
f 1072/2672/2618 1257/2676/2622 1256/2677/2623
f 1256/2677/2623 1255/2678/2624 1072/2672/2618
f 1072/2672/2618 1255/2678/2624 1254/2679/2625
f 1072/2672/2618 1254/2679/2625 1149/2649/2595
f 1149/2649/2595 1254/2679/2625 1253/2680/2626
f 1149/2649/2595 1253/2680/2626 1252/2681/2627
f 1252/2681/2627 1251/2682/2628 1149/2649/2595
f 1149/2649/2595 1251/2682/2628 1250/2683/2629
f 1149/2649/2595 1250/2683/2629 1249/2684/2630
f 1249/2684/2630 1248/2685/2631 1149/2649/2595
f 1149/2649/2595 1248/2685/2631 1247/2647/2593
f 1197/2652/2598 1196/2686/2632 1150/2650/2596
f 1150/2650/2596 1196/2686/2632 1195/2687/2633
f 1150/2650/2596 1195/2687/2633 1194/2688/2634
f 1194/2688/2634 1193/2689/2635 1150/2650/2596
f 1150/2650/2596 1193/2689/2635 1192/2690/2636
f 1150/2650/2596 1192/2690/2636 1071/2671/2617
f 1071/2671/2617 1192/2690/2636 1191/2691/2637
f 1071/2671/2617 1191/2691/2637 1190/2692/2638
f 1190/2692/2638 1189/2693/2639 1071/2671/2617
f 1071/2671/2617 1189/2693/2639 1188/2694/2640
f 1071/2671/2617 1188/2694/2640 1187/2695/2641
f 1187/2695/2641 1186/2696/2642 1071/2671/2617
f 1071/2671/2617 1186/2696/2642 1185/2669/2615
f 1148/2697/2643 1150/2698/2644 1145/2699/2645
f 1145/2699/2645 1150/2698/2644 1071/2700/2646
f 1145/2699/2645 1071/2700/2646 1070/2701/2647
f 1070/2701/2647 1295/2702/2648 1145/2699/2645
f 1045/2703/2649 1320/2704/2650 1046/2705/2651
f 1046/2705/2651 1320/2704/2650 1319/2706/2652
f 1046/2705/2651 1319/2706/2652 1047/2707/2653
f 1047/2707/2653 1319/2706/2652 1318/2708/2654
f 1047/2707/2653 1318/2708/2654 1048/2709/2655
f 1048/2709/2655 1318/2708/2654 1317/2710/2656
f 1048/2709/2655 1317/2710/2656 1049/2711/2657
f 1049/2711/2657 1317/2710/2656 1316/2712/2658
f 1049/2711/2657 1316/2712/2658 1050/2713/2659
f 1050/2713/2659 1316/2712/2658 1315/2714/2660
f 1050/2713/2659 1315/2714/2660 1051/2715/2661
f 1051/2715/2661 1315/2714/2660 1314/2716/2662
f 1051/2715/2661 1314/2716/2662 1052/2717/2663
f 1052/2717/2663 1314/2716/2662 1313/2718/2664
f 1052/2717/2663 1313/2718/2664 1053/2719/2665
f 1053/2719/2665 1313/2718/2664 1312/2720/2666
f 1053/2719/2665 1312/2720/2666 1054/2721/2667
f 1054/2721/2667 1312/2720/2666 1311/2722/2668
f 1054/2721/2667 1311/2722/2668 1055/2723/2669
f 1055/2723/2669 1311/2722/2668 1310/2724/2670
f 1055/2723/2669 1310/2724/2670 1056/2725/2671
f 1056/2725/2671 1310/2724/2670 1309/2726/2672
f 1056/2725/2671 1309/2726/2672 1057/2727/2673
f 1057/2727/2673 1309/2726/2672 1308/2728/2674
f 1057/2727/2673 1308/2728/2674 1058/2729/2675
f 1058/2729/2675 1308/2728/2674 1307/2730/2676
f 1058/2729/2675 1307/2730/2676 1059/2731/2677
f 1059/2731/2677 1307/2730/2676 1306/2732/2678
f 1059/2731/2677 1306/2732/2678 1060/2733/2679
f 1060/2733/2679 1306/2732/2678 1305/2734/2680
f 1060/2733/2679 1305/2734/2680 1061/2735/2681
f 1061/2735/2681 1305/2734/2680 1304/2736/2682
f 1061/2735/2681 1304/2736/2682 1062/2737/2683
f 1062/2737/2683 1304/2736/2682 1303/2738/2684
f 1062/2737/2683 1303/2738/2684 1063/2739/2685
f 1063/2739/2685 1303/2738/2684 1302/2740/2686
f 1063/2739/2685 1302/2740/2686 1064/2741/2687
f 1064/2741/2687 1302/2740/2686 1301/2742/2688
f 1064/2741/2687 1301/2742/2688 1065/2743/2689
f 1065/2743/2689 1301/2742/2688 1300/2744/2690
f 1065/2743/2689 1300/2744/2690 1066/2745/2691
f 1066/2745/2691 1300/2744/2690 1299/2746/2692
f 1066/2745/2691 1299/2746/2692 1067/2747/2693
f 1067/2747/2693 1299/2746/2692 1298/2748/2694
f 1067/2747/2693 1298/2748/2694 1068/2749/2695
f 1068/2749/2695 1298/2748/2694 1297/2750/2696
f 1068/2749/2695 1297/2750/2696 1069/2751/2697
f 1069/2751/2697 1297/2750/2696 1296/2752/2698
f 1069/2751/2697 1296/2752/2698 1070/2753/2699
f 1070/2753/2699 1296/2752/2698 1295/2754/2700
g plateforme_logi

v 0.525000 5.361684 5.800000
v 0.576764 5.361684 5.806815
v 0.625000 5.361684 5.826795
v 0.666421 5.361684 5.858579
v 0.698205 5.361684 5.900000
v 0.718185 5.361684 5.948236
v 0.725000 5.361684 6.000000
v 0.718185 5.361684 6.051764
v 0.698205 5.361684 6.100000
v 0.666421 5.361684 6.141421
v 0.625000 5.361684 6.173205
v 0.576764 5.361684 6.193185
v 0.525000 5.361684 6.200000
v 0.473236 5.361684 6.193185
v 0.425000 5.361684 6.173205
v 0.383579 5.361684 6.141421
v 0.351795 5.361684 6.100000
v 0.331815 5.361684 6.051764
v 0.325000 5.361684 6.000000
v 0.331815 5.361684 5.948236
v 0.351795 5.361684 5.900000
v 0.383579 5.361684 5.858579
v 0.425000 5.361684 5.826795
v 0.473236 5.361684 5.806815
v 0.525000 5.061684 5.800000
v 0.473236 5.061684 5.806815
v 0.425000 5.061684 5.826795
v 0.383579 5.061684 5.858579
v 0.351795 5.061684 5.900000
v 0.331815 5.061684 5.948236
v 0.325000 5.061684 6.000000
v 0.331815 5.061684 6.051764
v 0.351795 5.061684 6.100000
v 0.383579 5.061684 6.141421
v 0.425000 5.061684 6.173205
v 0.473236 5.061684 6.193185
v 0.525000 5.061684 6.200000
v 0.576764 5.061684 6.193185
v 0.625000 5.061684 6.173205
v 0.666421 5.061684 6.141421
v 0.698205 5.061684 6.100000
v 0.718185 5.061684 6.051764
v 0.725000 5.061684 6.000000
v 0.718185 5.061684 5.948236
v 0.698205 5.061684 5.900000
v 0.666421 5.061684 5.858579
v 0.625000 5.061684 5.826795
v 0.576764 5.061684 5.806815
v 0.525000 5.361684 5.925000
v 0.544411 5.361684 5.927556
v 0.562500 5.361684 5.935048
v 0.578033 5.361684 5.946967
v 0.589952 5.361684 5.962500
v 0.597444 5.361684 5.980589
v 0.600000 5.361684 6.000000
v 0.597444 5.361684 6.019411
v 0.589952 5.361684 6.037500
v 0.578033 5.361684 6.053033
v 0.562500 5.361684 6.064952
v 0.544411 5.361684 6.072444
v 0.525000 5.361684 6.075000
v 0.505589 5.361684 6.072444
v 0.487500 5.361684 6.064952
v 0.471967 5.361684 6.053033
v 0.460048 5.361684 6.037500
v 0.452556 5.361684 6.019411
v 0.450000 5.361684 6.000000
v 0.452556 5.361684 5.980589
v 0.460048 5.361684 5.962500
v 0.471967 5.361684 5.946967
v 0.487500 5.361684 5.935048
v 0.505589 5.361684 5.927556
v -0.525000 5.361684 0.700000
v -0.473236 5.361684 0.706815
v -0.425000 5.361684 0.726795
v -0.383579 5.361684 0.758579
v -0.351795 5.361684 0.800000
v -0.331815 5.361684 0.848236
v -0.325000 5.361684 0.900000
v -0.331815 5.361684 0.951764
v -0.351795 5.361684 1.000000
v -0.383579 5.361684 1.041421
v -0.425000 5.361684 1.073205
v -0.473236 5.361684 1.093185
v -0.525000 5.361684 1.100000
v -0.576764 5.361684 1.093185
v -0.625000 5.361684 1.073205
v -0.666421 5.361684 1.041421
v -0.698205 5.361684 1.000000
v -0.718185 5.361684 0.951764
v -0.725000 5.361684 0.900000
v -0.718185 5.361684 0.848236
v -0.698205 5.361684 0.800000
v -0.666421 5.361684 0.758579
v -0.625000 5.361684 0.726795
v -0.576764 5.361684 0.706815
v -0.525000 5.061684 0.700000
v -0.576764 5.061684 0.706815
v -0.625000 5.061684 0.726795
v -0.666421 5.061684 0.758579
v -0.698205 5.061684 0.800000
v -0.718185 5.061684 0.848236
v -0.725000 5.061684 0.900000
v -0.718185 5.061684 0.951764
v -0.698205 5.061684 1.000000
v -0.666421 5.061684 1.041421
v -0.625000 5.061684 1.073205
v -0.576764 5.061684 1.093185
v -0.525000 5.061684 1.100000
v -0.473236 5.061684 1.093185
v -0.425000 5.061684 1.073205
v -0.383579 5.061684 1.041421
v -0.351795 5.061684 1.000000
v -0.331815 5.061684 0.951764
v -0.325000 5.061684 0.900000
v -0.331815 5.061684 0.848236
v -0.351795 5.061684 0.800000
v -0.383579 5.061684 0.758579
v -0.425000 5.061684 0.726795
v -0.473236 5.061684 0.706815
v -0.525000 5.361684 0.825000
v -0.505589 5.361684 0.827556
v -0.487500 5.361684 0.835048
v -0.471967 5.361684 0.846967
v -0.460048 5.361684 0.862500
v -0.452556 5.361684 0.880589
v -0.450000 5.361684 0.900000
v -0.452556 5.361684 0.919411
v -0.460048 5.361684 0.937500
v -0.471967 5.361684 0.953033
v -0.487500 5.361684 0.964952
v -0.505589 5.361684 0.972444
v -0.525000 5.361684 0.975000
v -0.544411 5.361684 0.972444
v -0.562500 5.361684 0.964952
v -0.578033 5.361684 0.953033
v -0.589952 5.361684 0.937500
v -0.597444 5.361684 0.919411
v -0.600000 5.361684 0.900000
v -0.597444 5.361684 0.880589
v -0.589952 5.361684 0.862500
v -0.578033 5.361684 0.846967
v -0.562500 5.361684 0.835048
v -0.544411 5.361684 0.827556
v -1.275000 5.061684 2.995000
v -1.625000 5.061684 2.995000
v -1.625000 4.861684 2.995000
v -1.275000 4.861684 2.995000
v -1.625000 5.061684 3.405000
v -1.625000 4.861684 3.405000
v -1.275000 5.061684 3.405000
v -1.275000 4.861684 3.405000
v -0.525000 4.861684 0.825000
v -0.505589 4.861684 0.827556
v -0.487500 4.861684 0.835048
v -0.471967 4.861684 0.846967
v -0.460048 4.861684 0.862500
v -0.452556 4.861684 0.880589
v -0.450000 4.861684 0.900000
v -0.452556 4.861684 0.919411
v -0.460048 4.861684 0.937500
v -0.471967 4.861684 0.953033
v -0.487500 4.861684 0.964952
v -0.505589 4.861684 0.972444
v -0.525000 4.861684 0.975000
v -0.544411 4.861684 0.972444
v -0.562500 4.861684 0.964952
v -0.578033 4.861684 0.953033
v -0.589952 4.861684 0.937500
v -0.597444 4.861684 0.919411
v -0.600000 4.861684 0.900000
v -0.597444 4.861684 0.880589
v -0.589952 4.861684 0.862500
v -0.578033 4.861684 0.846967
v -0.562500 4.861684 0.835048
v -0.544411 4.861684 0.827556
v -0.525000 5.111684 0.825000
v -0.544411 5.111684 0.827556
v -0.562500 5.111684 0.835048
v -0.578033 5.111684 0.846967
v -0.589952 5.111684 0.862500
v -0.597444 5.111684 0.880589
v -0.600000 5.111684 0.900000
v -0.597444 5.111684 0.919411
v -0.589952 5.111684 0.937500
v -0.578033 5.111684 0.953033
v -0.562500 5.111684 0.964952
v -0.544411 5.111684 0.972444
v -0.525000 5.111684 0.975000
v -0.505589 5.111684 0.972444
v -0.487500 5.111684 0.964952
v -0.471967 5.111684 0.953033
v -0.460048 5.111684 0.937500
v -0.452556 5.111684 0.919411
v -0.450000 5.111684 0.900000
v -0.452556 5.111684 0.880589
v -0.460048 5.111684 0.862500
v -0.471967 5.111684 0.846967
v -0.487500 5.111684 0.835048
v -0.505589 5.111684 0.827556
v -0.230000 5.061684 6.650000
v 0.180000 5.061684 6.650000
v 0.180000 4.861684 6.650000
v -0.230000 4.861684 6.650000
v 0.180000 5.061684 6.300000
v 0.180000 4.861684 6.300000
v -0.230000 5.061684 6.300000
v -0.230000 4.861684 6.300000
v 1.225000 5.061684 3.405000
v 1.575000 5.061684 3.405000
v 1.575000 4.861684 3.405000
v 1.225000 4.861684 3.405000
v 1.575000 5.061684 2.995000
v 1.575000 4.861684 2.995000
v 1.225000 5.061684 2.995000
v 1.225000 4.861684 2.995000
v 0.525000 4.861684 5.925000
v 0.544411 4.861684 5.927556
v 0.562500 4.861684 5.935048
v 0.578033 4.861684 5.946967
v 0.589952 4.861684 5.962500
v 0.597444 4.861684 5.980589
v 0.600000 4.861684 6.000000
v 0.597444 4.861684 6.019411
v 0.589952 4.861684 6.037500
v 0.578033 4.861684 6.053033
v 0.562500 4.861684 6.064952
v 0.544411 4.861684 6.072444
v 0.525000 4.861684 6.075000
v 0.505589 4.861684 6.072444
v 0.487500 4.861684 6.064952
v 0.471967 4.861684 6.053033
v 0.460048 4.861684 6.037500
v 0.452556 4.861684 6.019411
v 0.450000 4.861684 6.000000
v 0.452556 4.861684 5.980589
v 0.460048 4.861684 5.962500
v 0.471967 4.861684 5.946967
v 0.487500 4.861684 5.935048
v 0.505589 4.861684 5.927556
v 0.525000 5.111684 5.925000
v 0.505589 5.111684 5.927556
v 0.487500 5.111684 5.935048
v 0.471967 5.111684 5.946967
v 0.460048 5.111684 5.962500
v 0.452556 5.111684 5.980589
v 0.450000 5.111684 6.000000
v 0.452556 5.111684 6.019411
v 0.460048 5.111684 6.037500
v 0.471967 5.111684 6.053033
v 0.487500 5.111684 6.064952
v 0.505589 5.111684 6.072444
v 0.525000 5.111684 6.075000
v 0.544411 5.111684 6.072444
v 0.562500 5.111684 6.064952
v 0.578033 5.111684 6.053033
v 0.589952 5.111684 6.037500
v 0.597444 5.111684 6.019411
v 0.600000 5.111684 6.000000
v 0.597444 5.111684 5.980589
v 0.589952 5.111684 5.962500
v 0.578033 5.111684 5.946967
v 0.562500 5.111684 5.935048
v 0.544411 5.111684 5.927556
v -0.300000 4.961684 -0.125000
v -0.325882 4.961684 -0.128407
v -0.350000 4.961684 -0.138397
v -0.370711 4.961684 -0.154289
v -0.386603 4.961684 -0.175000
v -0.396593 4.961684 -0.199118
v -0.400000 4.961684 -0.225000
v -0.396593 4.961684 -0.250882
v -0.386603 4.961684 -0.275000
v -0.370711 4.961684 -0.295711
v -0.350000 4.961684 -0.311603
v -0.325882 4.961684 -0.321593
v -0.300000 4.961684 -0.325000
v -0.274118 4.961684 -0.321593
v -0.250000 4.961684 -0.311603
v -0.229289 4.961684 -0.295711
v -0.213397 4.961684 -0.275000
v -0.203407 4.961684 -0.250882
v -0.200000 4.961684 -0.225000
v -0.203407 4.961684 -0.199118
v -0.213397 4.961684 -0.175000
v -0.229289 4.961684 -0.154289
v -0.250000 4.961684 -0.138397
v -0.274118 4.961684 -0.128407
v -0.300000 5.061684 -0.025000
v -0.248236 5.061684 -0.031815
v -0.200000 5.061684 -0.051795
v -0.158579 5.061684 -0.083579
v -0.126795 5.061684 -0.125000
v -0.106815 5.061684 -0.173236
v -0.100000 5.061684 -0.225000
v -0.106815 5.061684 -0.276764
v -0.126795 5.061684 -0.325000
v -0.158579 5.061684 -0.366421
v -0.200000 5.061684 -0.398205
v -0.248236 5.061684 -0.418185
v -0.300000 5.061684 -0.425000
v -0.351764 5.061684 -0.418185
v -0.400000 5.061684 -0.398205
v -0.441421 5.061684 -0.366421
v -0.473205 5.061684 -0.325000
v -0.493185 5.061684 -0.276764
v -0.500000 5.061684 -0.225000
v -0.493185 5.061684 -0.173236
v -0.473205 5.061684 -0.125000
v -0.441421 5.061684 -0.083579
v -0.400000 5.061684 -0.051795
v -0.351764 5.061684 -0.031815
v 1.500000 5.061684 6.900000
v 1.758819 5.061684 6.865926
v 2.000000 5.061684 6.766025
v 2.207107 5.061684 6.607107
v 2.366025 5.061684 6.400000
v 2.465926 5.061684 6.158819
v 2.500000 5.061684 5.900000
v 2.500000 5.061684 0.450000
v 2.465926 5.061684 0.191181
v 2.366025 5.061684 -0.050000
v 2.207107 5.061684 -0.257107
v 2.000000 5.061684 -0.416025
v 1.758819 5.061684 -0.515926
v 1.500000 5.061684 -0.550000
v -1.500000 5.061684 -0.550000
v -1.758819 5.061684 -0.515926
v -2.000000 5.061684 -0.416025
v -2.207107 5.061684 -0.257107
v -2.366025 5.061684 -0.050000
v -2.465926 5.061684 0.191181
v -2.500000 5.061684 0.450000
v -2.500000 5.061684 5.900000
v -2.465926 5.061684 6.158819
v -2.366025 5.061684 6.400000
v -2.207107 5.061684 6.607107
v -2.000000 5.061684 6.766025
v -1.758819 5.061684 6.865926
v -1.500000 5.061684 6.900000
v 0.300000 5.061684 -0.025000
v 0.248236 5.061684 -0.031815
v 0.200000 5.061684 -0.051795
v 0.158579 5.061684 -0.083579
v 0.126795 5.061684 -0.125000
v 0.106815 5.061684 -0.173236
v 0.100000 5.061684 -0.225000
v 0.106815 5.061684 -0.276764
v 0.126795 5.061684 -0.325000
v 0.158579 5.061684 -0.366421
v 0.200000 5.061684 -0.398205
v 0.248236 5.061684 -0.418185
v 0.300000 5.061684 -0.425000
v 0.351764 5.061684 -0.418185
v 0.400000 5.061684 -0.398205
v 0.441421 5.061684 -0.366421
v 0.473205 5.061684 -0.325000
v 0.493185 5.061684 -0.276764
v 0.500000 5.061684 -0.225000
v 0.493185 5.061684 -0.173236
v 0.473205 5.061684 -0.125000
v 0.441421 5.061684 -0.083579
v 0.400000 5.061684 -0.051795
v 0.351764 5.061684 -0.031815
v -0.300000 4.861684 -0.125000
v -0.325882 4.861684 -0.128407
v -0.350000 4.861684 -0.138397
v -0.370711 4.861684 -0.154289
v -0.386603 4.861684 -0.175000
v -0.396593 4.861684 -0.199118
v -0.400000 4.861684 -0.225000
v -0.396593 4.861684 -0.250882
v -0.386603 4.861684 -0.275000
v -0.370711 4.861684 -0.295711
v -0.350000 4.861684 -0.311603
v -0.325882 4.861684 -0.321593
v -0.300000 4.861684 -0.325000
v -0.274118 4.861684 -0.321593
v -0.250000 4.861684 -0.311603
v -0.229289 4.861684 -0.295711
v -0.213397 4.861684 -0.275000
v -0.203407 4.861684 -0.250882
v -0.200000 4.861684 -0.225000
v -0.203407 4.861684 -0.199118
v -0.213397 4.861684 -0.175000
v -0.229289 4.861684 -0.154289
v -0.250000 4.861684 -0.138397
v -0.274118 4.861684 -0.128407
v 0.300000 4.961684 -0.125000
v 0.274118 4.961684 -0.128407
v 0.250000 4.961684 -0.138397
v 0.229289 4.961684 -0.154289
v 0.213397 4.961684 -0.175000
v 0.203407 4.961684 -0.199118
v 0.200000 4.961684 -0.225000
v 0.203407 4.961684 -0.250882
v 0.213397 4.961684 -0.275000
v 0.229289 4.961684 -0.295711
v 0.250000 4.961684 -0.311603
v 0.274118 4.961684 -0.321593
v 0.300000 4.961684 -0.325000
v 0.325882 4.961684 -0.321593
v 0.350000 4.961684 -0.311603
v 0.370711 4.961684 -0.295711
v 0.386603 4.961684 -0.275000
v 0.396593 4.961684 -0.250882
v 0.400000 4.961684 -0.225000
v 0.396593 4.961684 -0.199118
v 0.386603 4.961684 -0.175000
v 0.370711 4.961684 -0.154289
v 0.350000 4.961684 -0.138397
v 0.325882 4.961684 -0.128407
v 0.300000 4.861684 -0.125000
v 0.274118 4.861684 -0.128407
v 0.250000 4.861684 -0.138397
v 0.229289 4.861684 -0.154289
v 0.213397 4.861684 -0.175000
v 0.203407 4.861684 -0.199118
v 0.200000 4.861684 -0.225000
v 0.203407 4.861684 -0.250882
v 0.213397 4.861684 -0.275000
v 0.229289 4.861684 -0.295711
v 0.250000 4.861684 -0.311603
v 0.274118 4.861684 -0.321593
v 0.300000 4.861684 -0.325000
v 0.325882 4.861684 -0.321593
v 0.350000 4.861684 -0.311603
v 0.370711 4.861684 -0.295711
v 0.386603 4.861684 -0.275000
v 0.396593 4.861684 -0.250882
v 0.400000 4.861684 -0.225000
v 0.396593 4.861684 -0.199118
v 0.386603 4.861684 -0.175000
v 0.370711 4.861684 -0.154289
v 0.350000 4.861684 -0.138397
v 0.325882 4.861684 -0.128407
v 1.500000 4.861684 6.900000
v 1.758819 4.861684 6.865926
v 2.000000 4.861684 6.766025
v 2.207107 4.861684 6.607107
v 2.366025 4.861684 6.400000
v 2.465926 4.861684 6.158819
v 2.500000 4.861684 5.900000
v -1.500000 4.861684 6.900000
v -1.758819 4.861684 6.865926
v -2.000000 4.861684 6.766025
v -2.207107 4.861684 6.607107
v -2.366025 4.861684 6.400000
v -2.465926 4.861684 6.158819
v -2.500000 4.861684 5.900000
v -2.500000 4.861684 0.450000
v -2.465926 4.861684 0.191181
v -2.366025 4.861684 -0.050000
v -2.207107 4.861684 -0.257107
v -2.000000 4.861684 -0.416025
v -1.758819 4.861684 -0.515926
v -1.500000 4.861684 -0.550000
v 1.500000 4.861684 -0.550000
v 1.758819 4.861684 -0.515926
v 2.000000 4.861684 -0.416025
v 2.207107 4.861684 -0.257107
v 2.366025 4.861684 -0.050000
v 2.465926 4.861684 0.191181
v 2.500000 4.861684 0.450000
vt -0.300000 0.575959 0.000000
vt -0.000000 0.575959 0.000000
vt -0.300000 0.628319 0.000000
vt -0.000000 0.628319 0.000000
vt -0.300000 -0.628319 0.000000
vt -0.000000 -0.628319 0.000000
vt -0.300000 -0.575959 0.000000
vt -0.000000 -0.575959 0.000000
vt -0.300000 -0.523599 0.000000
vt -0.000000 -0.523599 0.000000
vt -0.300000 -0.471239 0.000000
vt -0.000000 -0.471239 0.000000
vt -0.300000 -0.418879 0.000000
vt -0.000000 -0.418879 0.000000
vt -0.300000 -0.366519 0.000000
vt -0.000000 -0.366519 0.000000
vt -0.300000 -0.314159 0.000000
vt -0.000000 -0.314159 0.000000
vt -0.300000 -0.261799 0.000000
vt -0.000000 -0.261799 0.000000
vt -0.300000 -0.209440 0.000000
vt -0.000000 -0.209440 0.000000
vt -0.300000 -0.157080 0.000000
vt -0.000000 -0.157080 0.000000
vt -0.300000 -0.104720 0.000000
vt -0.000000 -0.104720 0.000000
vt -0.300000 -0.052360 0.000000
vt -0.000000 -0.052360 0.000000
vt -0.300000 0.000000 0.000000
vt -0.000000 0.000000 0.000000
vt -0.300000 0.052360 0.000000
vt -0.000000 0.052360 0.000000
vt -0.300000 0.104720 0.000000
vt -0.000000 0.104720 0.000000
vt -0.300000 0.157080 0.000000
vt -0.000000 0.157080 0.000000
vt -0.300000 0.209440 0.000000
vt -0.000000 0.209440 0.000000
vt -0.300000 0.261799 0.000000
vt -0.000000 0.261799 0.000000
vt -0.300000 0.314159 0.000000
vt -0.000000 0.314159 0.000000
vt -0.300000 0.366519 0.000000
vt -0.000000 0.366519 0.000000
vt -0.300000 0.418879 0.000000
vt -0.000000 0.418879 0.000000
vt -0.300000 0.471239 0.000000
vt -0.000000 0.471239 0.000000
vt -0.300000 0.523599 0.000000
vt -0.000000 0.523599 0.000000
vt -0.072444 -0.019411 0.000000
vt -0.075000 0.000000 0.000000
vt -0.200000 0.000000 0.000000
vt -0.072444 0.019411 0.000000
vt -0.193185 0.051764 0.000000
vt -0.064952 0.037500 0.000000
vt -0.173205 0.100000 0.000000
vt -0.053033 0.053033 0.000000
vt -0.141421 0.141421 0.000000
vt -0.037500 0.064952 0.000000
vt -0.100000 0.173205 0.000000
vt -0.019411 0.072444 0.000000
vt -0.051764 0.193185 0.000000
vt 0.000000 0.075000 0.000000
vt 0.000000 0.200000 0.000000
vt 0.051764 0.193185 0.000000
vt 0.019411 0.072444 0.000000
vt 0.100000 0.173205 0.000000
vt 0.037500 0.064952 0.000000
vt 0.141421 0.141421 0.000000
vt 0.053033 0.053033 0.000000
vt 0.173205 0.100000 0.000000
vt 0.064952 0.037500 0.000000
vt 0.193185 0.051764 0.000000
vt 0.072444 0.019411 0.000000
vt 0.200000 0.000000 0.000000
vt 0.075000 0.000000 0.000000
vt 0.193185 -0.051764 0.000000
vt 0.072444 -0.019411 0.000000
vt 0.064952 -0.037500 0.000000
vt 0.173205 -0.100000 0.000000
vt 0.053033 -0.053033 0.000000
vt 0.141421 -0.141421 0.000000
vt 0.037500 -0.064952 0.000000
vt 0.100000 -0.173205 0.000000
vt 0.019411 -0.072444 0.000000
vt 0.051764 -0.193185 0.000000
vt 0.000000 -0.075000 0.000000
vt 0.000000 -0.200000 0.000000
vt -0.051764 -0.193185 0.000000
vt -0.019411 -0.072444 0.000000
vt -0.100000 -0.173205 0.000000
vt -0.037500 -0.064952 0.000000
vt -0.141421 -0.141421 0.000000
vt -0.053033 -0.053033 0.000000
vt -0.173205 -0.100000 0.000000
vt -0.064952 -0.037500 0.000000
vt -0.193185 -0.051764 0.000000
vt -0.300000 0.575959 0.000000
vt -0.000000 0.575959 0.000000
vt -0.300000 0.628319 0.000000
vt -0.000000 0.628319 0.000000
vt -0.300000 -0.628319 0.000000
vt -0.000000 -0.628319 0.000000
vt -0.300000 -0.575959 0.000000
vt -0.000000 -0.575959 0.000000
vt -0.300000 -0.523599 0.000000
vt -0.000000 -0.523599 0.000000
vt -0.300000 -0.471239 0.000000
vt -0.000000 -0.471239 0.000000
vt -0.300000 -0.418879 0.000000
vt -0.000000 -0.418879 0.000000
vt -0.300000 -0.366519 0.000000
vt -0.000000 -0.366519 0.000000
vt -0.300000 -0.314159 0.000000
vt -0.000000 -0.314159 0.000000
vt -0.300000 -0.261799 0.000000
vt -0.000000 -0.261799 0.000000
vt -0.300000 -0.209440 0.000000
vt -0.000000 -0.209440 0.000000
vt -0.300000 -0.157080 0.000000
vt -0.000000 -0.157080 0.000000
vt -0.300000 -0.104720 0.000000
vt -0.000000 -0.104720 0.000000
vt -0.300000 -0.052360 0.000000
vt -0.000000 -0.052360 0.000000
vt -0.300000 0.000000 0.000000
vt -0.000000 0.000000 0.000000
vt -0.300000 0.052360 0.000000
vt -0.000000 0.052360 0.000000
vt -0.300000 0.104720 0.000000
vt -0.000000 0.104720 0.000000
vt -0.300000 0.157080 0.000000
vt -0.000000 0.157080 0.000000
vt -0.300000 0.209440 0.000000
vt -0.000000 0.209440 0.000000
vt -0.300000 0.261799 0.000000
vt -0.000000 0.261799 0.000000
vt -0.300000 0.314159 0.000000
vt -0.000000 0.314159 0.000000
vt -0.300000 0.366519 0.000000
vt -0.000000 0.366519 0.000000
vt -0.300000 0.418879 0.000000
vt -0.000000 0.418879 0.000000
vt -0.300000 0.471239 0.000000
vt -0.000000 0.471239 0.000000
vt -0.300000 0.523599 0.000000
vt -0.000000 0.523599 0.000000
vt -0.072444 -0.019411 0.000000
vt -0.075000 0.000000 0.000000
vt -0.200000 0.000000 0.000000
vt -0.072444 0.019411 0.000000
vt -0.193185 0.051764 0.000000
vt -0.064952 0.037500 0.000000
vt -0.173205 0.100000 0.000000
vt -0.053033 0.053033 0.000000
vt -0.141421 0.141421 0.000000
vt -0.037500 0.064952 0.000000
vt -0.100000 0.173205 0.000000
vt -0.019411 0.072444 0.000000
vt -0.051764 0.193185 0.000000
vt 0.000000 0.075000 0.000000
vt 0.000000 0.200000 0.000000
vt 0.051764 0.193185 0.000000
vt 0.019411 0.072444 0.000000
vt 0.100000 0.173205 0.000000
vt 0.037500 0.064952 0.000000
vt 0.141421 0.141421 0.000000
vt 0.053033 0.053033 0.000000
vt 0.173205 0.100000 0.000000
vt 0.064952 0.037500 0.000000
vt 0.193185 0.051764 0.000000
vt 0.072444 0.019411 0.000000
vt 0.200000 0.000000 0.000000
vt 0.075000 0.000000 0.000000
vt 0.193185 -0.051764 0.000000
vt 0.072444 -0.019411 0.000000
vt 0.064952 -0.037500 0.000000
vt 0.173205 -0.100000 0.000000
vt 0.053033 -0.053033 0.000000
vt 0.141421 -0.141421 0.000000
vt 0.037500 -0.064952 0.000000
vt 0.100000 -0.173205 0.000000
vt 0.019411 -0.072444 0.000000
vt 0.051764 -0.193185 0.000000
vt 0.000000 -0.075000 0.000000
vt 0.000000 -0.200000 0.000000
vt -0.051764 -0.193185 0.000000
vt -0.019411 -0.072444 0.000000
vt -0.100000 -0.173205 0.000000
vt -0.037500 -0.064952 0.000000
vt -0.141421 -0.141421 0.000000
vt -0.053033 -0.053033 0.000000
vt -0.173205 -0.100000 0.000000
vt -0.064952 -0.037500 0.000000
vt -0.193185 -0.051764 0.000000
vt -0.350000 0.000000 0.000000
vt -0.000000 0.000000 0.000000
vt -0.350000 0.200000 0.000000
vt -0.000000 0.200000 0.000000
vt -0.410000 0.000000 0.000000
vt -0.000000 0.000000 0.000000
vt -0.410000 0.200000 0.000000
vt -0.000000 0.200000 0.000000
vt -0.350000 0.000000 0.000000
vt 0.000000 0.000000 0.000000
vt -0.350000 0.200000 0.000000
vt 0.000000 0.200000 0.000000
vt -0.410000 0.000000 0.000000
vt 0.000000 0.000000 0.000000
vt -0.410000 0.200000 0.000000
vt -0.000000 0.200000 0.000000
vt -0.300000 0.215984 0.000000
vt -0.050000 0.215984 0.000000
vt -0.300000 0.235619 0.000000
vt -0.050000 0.235619 0.000000
vt -0.300000 -0.235619 0.000000
vt -0.050000 -0.235619 0.000000
vt -0.300000 -0.215984 0.000000
vt -0.050000 -0.215984 0.000000
vt -0.300000 -0.196350 0.000000
vt -0.050000 -0.196350 0.000000
vt -0.300000 -0.176715 0.000000
vt -0.050000 -0.176715 0.000000
vt -0.300000 -0.157080 0.000000
vt -0.050000 -0.157080 0.000000
vt -0.300000 -0.137445 0.000000
vt -0.050000 -0.137445 0.000000
vt -0.300000 -0.117810 0.000000
vt -0.050000 -0.117810 0.000000
vt -0.300000 -0.098175 0.000000
vt -0.050000 -0.098175 0.000000
vt -0.300000 -0.078540 0.000000
vt -0.050000 -0.078540 0.000000
vt -0.300000 -0.058905 0.000000
vt -0.050000 -0.058905 0.000000
vt -0.300000 -0.039270 0.000000
vt -0.050000 -0.039270 0.000000
vt -0.300000 -0.019635 0.000000
vt -0.050000 -0.019635 0.000000
vt -0.300000 0.000000 0.000000
vt -0.050000 0.000000 0.000000
vt -0.300000 0.019635 0.000000
vt -0.050000 0.019635 0.000000
vt -0.300000 0.039270 0.000000
vt -0.050000 0.039270 0.000000
vt -0.300000 0.058905 0.000000
vt -0.050000 0.058905 0.000000
vt -0.300000 0.078540 0.000000
vt -0.050000 0.078540 0.000000
vt -0.300000 0.098175 0.000000
vt -0.050000 0.098175 0.000000
vt -0.300000 0.117810 0.000000
vt -0.050000 0.117810 0.000000
vt -0.300000 0.137445 0.000000
vt -0.050000 0.137445 0.000000
vt -0.300000 0.157080 0.000000
vt -0.050000 0.157080 0.000000
vt -0.300000 0.176715 0.000000
vt -0.050000 0.176715 0.000000
vt -0.300000 0.196350 0.000000
vt -0.050000 0.196350 0.000000
vt 0.200000 -0.215984 0.000000
vt 0.200000 -0.235619 0.000000
vt 0.200000 0.235619 0.000000
vt 0.200000 0.215984 0.000000
vt 0.200000 0.196350 0.000000
vt 0.200000 0.176715 0.000000
vt 0.200000 0.157080 0.000000
vt 0.200000 0.137445 0.000000
vt 0.200000 0.117810 0.000000
vt 0.200000 0.098175 0.000000
vt 0.200000 0.078540 0.000000
vt 0.200000 0.058905 0.000000
vt 0.200000 0.039270 0.000000
vt 0.200000 0.019635 0.000000
vt 0.200000 0.000000 0.000000
vt 0.200000 -0.019635 0.000000
vt 0.200000 -0.039270 0.000000
vt 0.200000 -0.058905 0.000000
vt 0.200000 -0.078540 0.000000
vt 0.200000 -0.098175 0.000000
vt 0.200000 -0.117810 0.000000
vt 0.200000 -0.137445 0.000000
vt 0.200000 -0.157080 0.000000
vt 0.200000 -0.176715 0.000000
vt 0.200000 -0.196350 0.000000
vt -0.410000 0.000000 0.000000
vt -0.000000 0.000000 0.000000
vt -0.410000 0.200000 0.000000
vt -0.000000 0.200000 0.000000
vt -0.350000 0.000000 0.000000
vt -0.000000 0.000000 0.000000
vt -0.350000 0.200000 0.000000
vt -0.000000 0.200000 0.000000
vt -0.410000 0.000000 0.000000
vt -0.000000 0.000000 0.000000
vt -0.410000 0.200000 0.000000
vt -0.000000 0.200000 0.000000
vt -0.350000 0.000000 0.000000
vt -0.000000 0.000000 0.000000
vt -0.350000 0.200000 0.000000
vt -0.000000 0.200000 0.000000
vt -0.350000 0.000000 0.000000
vt -0.000000 0.000000 0.000000
vt -0.350000 0.200000 0.000000
vt -0.000000 0.200000 0.000000
vt -0.410000 0.000000 0.000000
vt -0.000000 0.000000 0.000000
vt -0.410000 0.200000 0.000000
vt -0.000000 0.200000 0.000000
vt -0.350000 0.000000 0.000000
vt -0.000000 0.000000 0.000000
vt -0.350000 0.200000 0.000000
vt -0.000000 0.200000 0.000000
vt -0.410000 0.000000 0.000000
vt -0.000000 0.000000 0.000000
vt -0.410000 0.200000 0.000000
vt -0.000000 0.200000 0.000000
vt -0.300000 0.215984 0.000000
vt -0.050000 0.215984 0.000000
vt -0.300000 0.235619 0.000000
vt -0.050000 0.235619 0.000000
vt -0.300000 -0.235619 0.000000
vt -0.050000 -0.235619 0.000000
vt -0.300000 -0.215984 0.000000
vt -0.050000 -0.215984 0.000000
vt -0.300000 -0.196350 0.000000
vt -0.050000 -0.196350 0.000000
vt -0.300000 -0.176715 0.000000
vt -0.050000 -0.176715 0.000000
vt -0.300000 -0.157080 0.000000
vt -0.050000 -0.157080 0.000000
vt -0.300000 -0.137445 0.000000
vt -0.050000 -0.137445 0.000000
vt -0.300000 -0.117810 0.000000
vt -0.050000 -0.117810 0.000000
vt -0.300000 -0.098175 0.000000
vt -0.050000 -0.098175 0.000000
vt -0.300000 -0.078540 0.000000
vt -0.050000 -0.078540 0.000000
vt -0.300000 -0.058905 0.000000
vt -0.050000 -0.058905 0.000000
vt -0.300000 -0.039270 0.000000
vt -0.050000 -0.039270 0.000000
vt -0.300000 -0.019635 0.000000
vt -0.050000 -0.019635 0.000000
vt -0.300000 0.000000 0.000000
vt -0.050000 0.000000 0.000000
vt -0.300000 0.019635 0.000000
vt -0.050000 0.019635 0.000000
vt -0.300000 0.039270 0.000000
vt -0.050000 0.039270 0.000000
vt -0.300000 0.058905 0.000000
vt -0.050000 0.058905 0.000000
vt -0.300000 0.078540 0.000000
vt -0.050000 0.078540 0.000000
vt -0.300000 0.098175 0.000000
vt -0.050000 0.098175 0.000000
vt -0.300000 0.117810 0.000000
vt -0.050000 0.117810 0.000000
vt -0.300000 0.137445 0.000000
vt -0.050000 0.137445 0.000000
vt -0.300000 0.157080 0.000000
vt -0.050000 0.157080 0.000000
vt -0.300000 0.176715 0.000000
vt -0.050000 0.176715 0.000000
vt -0.300000 0.196350 0.000000
vt -0.050000 0.196350 0.000000
vt 0.200000 -0.215984 0.000000
vt 0.200000 -0.235619 0.000000
vt 0.200000 0.235619 0.000000
vt 0.200000 0.215984 0.000000
vt 0.200000 0.196350 0.000000
vt 0.200000 0.176715 0.000000
vt 0.200000 0.157080 0.000000
vt 0.200000 0.137445 0.000000
vt 0.200000 0.117810 0.000000
vt 0.200000 0.098175 0.000000
vt 0.200000 0.078540 0.000000
vt 0.200000 0.058905 0.000000
vt 0.200000 0.039270 0.000000
vt 0.200000 0.019635 0.000000
vt 0.200000 0.000000 0.000000
vt 0.200000 -0.019635 0.000000
vt 0.200000 -0.039270 0.000000
vt 0.200000 -0.058905 0.000000
vt 0.200000 -0.078540 0.000000
vt 0.200000 -0.098175 0.000000
vt 0.200000 -0.117810 0.000000
vt 0.200000 -0.137445 0.000000
vt 0.200000 -0.157080 0.000000
vt 0.200000 -0.176715 0.000000
vt 0.200000 -0.196350 0.000000
vt -0.070711 0.431969 0.000000
vt 0.070711 0.431969 0.000000
vt -0.070711 0.471239 0.000000
vt 0.070711 0.471239 0.000000
vt -0.070711 -0.471239 0.000000
vt 0.070711 -0.471239 0.000000
vt -0.070711 -0.431969 0.000000
vt 0.070711 -0.431969 0.000000
vt -0.070711 -0.392699 0.000000
vt 0.070711 -0.392699 0.000000
vt -0.070711 -0.353429 0.000000
vt 0.070711 -0.353429 0.000000
vt -0.070711 -0.314159 0.000000
vt 0.070711 -0.314159 0.000000
vt -0.070711 -0.274889 0.000000
vt 0.070711 -0.274889 0.000000
vt -0.070711 -0.235619 0.000000
vt 0.070711 -0.235619 0.000000
vt -0.070711 -0.196350 0.000000
vt 0.070711 -0.196350 0.000000
vt -0.070711 -0.157080 0.000000
vt 0.070711 -0.157080 0.000000
vt -0.070711 -0.117810 0.000000
vt 0.070711 -0.117810 0.000000
vt -0.070711 -0.078540 0.000000
vt 0.070711 -0.078540 0.000000
vt -0.070711 -0.039270 0.000000
vt 0.070711 -0.039270 0.000000
vt -0.070711 0.000000 0.000000
vt 0.070711 0.000000 0.000000
vt -0.070711 0.039270 0.000000
vt 0.070711 0.039270 0.000000
vt -0.070711 0.078540 0.000000
vt 0.070711 0.078540 0.000000
vt -0.070711 0.117810 0.000000
vt 0.070711 0.117810 0.000000
vt -0.070711 0.157080 0.000000
vt 0.070711 0.157080 0.000000
vt -0.070711 0.196350 0.000000
vt 0.070711 0.196350 0.000000
vt -0.070711 0.235619 0.000000
vt 0.070711 0.235619 0.000000
vt -0.070711 0.274889 0.000000
vt 0.070711 0.274889 0.000000
vt -0.070711 0.314159 0.000000
vt 0.070711 0.314159 0.000000
vt -0.070711 0.353429 0.000000
vt 0.070711 0.353429 0.000000
vt -0.070711 0.392699 0.000000
vt 0.070711 0.392699 0.000000
vt 2.026764 -0.806815 0.000000
vt 2.100000 -0.048205 0.000000
vt 1.975000 -0.800000 0.000000
vt 2.058579 -0.016421 0.000000
vt 1.923236 -0.806815 0.000000
vt 2.026795 0.025000 0.000000
vt 1.875000 -0.826795 0.000000
vt 1.833579 -0.858579 0.000000
vt 2.006815 0.073236 0.000000
vt 1.000000 0.450000 0.000000
vt 2.000000 0.125000 0.000000
vt 2.006815 0.176764 0.000000
vt 2.148236 -0.068185 0.000000
vt 2.075000 -0.826795 0.000000
vt 2.200000 -0.075000 0.000000
vt 2.116421 -0.858579 0.000000
vt 2.251764 -0.068185 0.000000
vt 2.148205 -0.900000 0.000000
vt 2.300000 -0.048205 0.000000
vt 2.700000 -0.048205 0.000000
vt 2.341421 -0.016421 0.000000
vt 2.658579 -0.016421 0.000000
vt 2.373205 0.025000 0.000000
vt 2.626795 0.025000 0.000000
vt 2.393185 0.073236 0.000000
vt 2.606815 0.073236 0.000000
vt 2.400000 0.125000 0.000000
vt 2.600000 0.125000 0.000000
vt 2.393185 0.176764 0.000000
vt 2.606815 0.176764 0.000000
vt 2.373205 0.225000 0.000000
vt 2.626795 0.225000 0.000000
vt 2.341421 0.266421 0.000000
vt 2.658579 0.266421 0.000000
vt 2.300000 0.298205 0.000000
vt 2.700000 0.298205 0.000000
vt 2.251764 0.318185 0.000000
vt 2.748236 0.318185 0.000000
vt 2.200000 0.325000 0.000000
vt 2.800000 0.325000 0.000000
vt 4.000000 0.450000 0.000000
vt 2.851764 0.318185 0.000000
vt 2.900000 0.298205 0.000000
vt 2.168185 -0.948236 0.000000
vt 2.748236 -0.068185 0.000000
vt 2.175000 -1.000000 0.000000
vt 2.800000 -0.075000 0.000000
vt 2.851764 -0.068185 0.000000
vt 2.168185 -1.051764 0.000000
vt 2.900000 -0.048205 0.000000
vt 3.725000 -3.095000 0.000000
vt 2.941421 -0.016421 0.000000
vt 2.973205 0.025000 0.000000
vt 2.993185 0.073236 0.000000
vt 3.000000 0.125000 0.000000
vt 2.993185 0.176764 0.000000
vt 2.973205 0.225000 0.000000
vt 2.941421 0.266421 0.000000
vt 2.148205 -1.100000 0.000000
vt 2.116421 -1.141421 0.000000
vt 2.075000 -1.173205 0.000000
vt 1.225000 -3.095000 0.000000
vt 2.026764 -1.193185 0.000000
vt 1.975000 -1.200000 0.000000
vt 1.923236 -1.193185 0.000000
vt 1.875000 -1.173205 0.000000
vt 1.833579 -1.141421 0.000000
vt 1.801795 -1.100000 0.000000
vt 0.875000 -3.095000 0.000000
vt 1.781815 -1.051764 0.000000
vt 0.000000 -0.550000 0.000000
vt 1.775000 -1.000000 0.000000
vt 0.500000 0.316025 0.000000
vt 0.741181 0.415926 0.000000
vt 1.781815 -0.948236 0.000000
vt 1.801795 -0.900000 0.000000
vt 2.026795 0.225000 0.000000
vt 2.058579 0.266421 0.000000
vt 2.100000 0.298205 0.000000
vt 2.148236 0.318185 0.000000
vt 4.258819 -6.965926 0.000000
vt 3.218185 -6.048236 0.000000
vt 4.000000 -7.000000 0.000000
vt 3.225000 -6.100000 0.000000
vt 3.218185 -6.151764 0.000000
vt 5.000000 -6.000000 0.000000
vt 4.500000 -6.866025 0.000000
vt 4.707107 -6.707107 0.000000
vt 4.866025 -6.500000 0.000000
vt 4.965926 -6.258819 0.000000
vt 5.000000 -0.550000 0.000000
vt 4.075000 -3.095000 0.000000
vt 4.075000 -3.505000 0.000000
vt 3.198205 -6.000000 0.000000
vt 3.725000 -3.505000 0.000000
vt 3.166421 -5.958579 0.000000
vt 3.125000 -5.926795 0.000000
vt 3.076764 -5.906815 0.000000
vt 3.025000 -5.900000 0.000000
vt 2.973236 -5.906815 0.000000
vt 2.925000 -5.926795 0.000000
vt 1.225000 -3.505000 0.000000
vt 2.883579 -5.958579 0.000000
vt 2.851795 -6.000000 0.000000
vt 2.270000 -6.400000 0.000000
vt 2.831815 -6.048236 0.000000
vt 2.680000 -6.400000 0.000000
vt 2.825000 -6.100000 0.000000
vt 2.831815 -6.151764 0.000000
vt 2.851795 -6.200000 0.000000
vt 2.883579 -6.241421 0.000000
vt 2.925000 -6.273205 0.000000
vt 2.680000 -6.750000 0.000000
vt 2.973236 -6.293185 0.000000
vt 3.025000 -6.300000 0.000000
vt 3.076764 -6.293185 0.000000
vt 3.125000 -6.273205 0.000000
vt 3.166421 -6.241421 0.000000
vt 3.198205 -6.200000 0.000000
vt 4.965926 -0.291181 0.000000
vt 4.866025 -0.050000 0.000000
vt 4.707107 0.157107 0.000000
vt 4.500000 0.316025 0.000000
vt 4.258819 0.415926 0.000000
vt 0.292893 0.157107 0.000000
vt 0.133975 -0.050000 0.000000
vt 0.034074 -0.291181 0.000000
vt 0.000000 -6.000000 0.000000
vt 0.875000 -3.505000 0.000000
vt 1.000000 -7.000000 0.000000
vt 0.034074 -6.258819 0.000000
vt 0.133975 -6.500000 0.000000
vt 0.292893 -6.707107 0.000000
vt 0.500000 -6.866025 0.000000
vt 0.741181 -6.965926 0.000000
vt 2.270000 -6.750000 0.000000
vt 0.000000 0.287979 0.000000
vt 0.100000 0.287979 0.000000
vt 0.000000 0.314159 0.000000
vt 0.100000 0.314159 0.000000
vt 0.000000 -0.314159 0.000000
vt 0.100000 -0.314159 0.000000
vt 0.000000 -0.287979 0.000000
vt 0.100000 -0.287979 0.000000
vt 0.000000 -0.261799 0.000000
vt 0.100000 -0.261799 0.000000
vt 0.000000 -0.235619 0.000000
vt 0.100000 -0.235619 0.000000
vt 0.000000 -0.209440 0.000000
vt 0.100000 -0.209440 0.000000
vt 0.000000 -0.183260 0.000000
vt 0.100000 -0.183260 0.000000
vt 0.000000 -0.157080 0.000000
vt 0.100000 -0.157080 0.000000
vt 0.000000 -0.130900 0.000000
vt 0.100000 -0.130900 0.000000
vt 0.000000 -0.104720 0.000000
vt 0.100000 -0.104720 0.000000
vt 0.000000 -0.078540 0.000000
vt 0.100000 -0.078540 0.000000
vt 0.000000 -0.052360 0.000000
vt 0.100000 -0.052360 0.000000
vt 0.000000 -0.026180 0.000000
vt 0.100000 -0.026180 0.000000
vt 0.000000 0.000000 0.000000
vt 0.100000 0.000000 0.000000
vt 0.000000 0.026180 0.000000
vt 0.100000 0.026180 0.000000
vt 0.000000 0.052360 0.000000
vt 0.100000 0.052360 0.000000
vt 0.000000 0.078540 0.000000
vt 0.100000 0.078540 0.000000
vt 0.000000 0.104720 0.000000
vt 0.100000 0.104720 0.000000
vt 0.000000 0.130900 0.000000
vt 0.100000 0.130900 0.000000
vt 0.000000 0.157080 0.000000
vt 0.100000 0.157080 0.000000
vt 0.000000 0.183260 0.000000
vt 0.100000 0.183260 0.000000
vt 0.000000 0.209440 0.000000
vt 0.100000 0.209440 0.000000
vt 0.000000 0.235619 0.000000
vt 0.100000 0.235619 0.000000
vt 0.000000 0.261799 0.000000
vt 0.100000 0.261799 0.000000
vt -0.070711 0.431969 0.000000
vt 0.070711 0.431969 0.000000
vt -0.070711 0.471239 0.000000
vt 0.070711 0.471239 0.000000
vt -0.070711 -0.471239 0.000000
vt 0.070711 -0.471239 0.000000
vt -0.070711 -0.431969 0.000000
vt 0.070711 -0.431969 0.000000
vt -0.070711 -0.392699 0.000000
vt 0.070711 -0.392699 0.000000
vt -0.070711 -0.353429 0.000000
vt 0.070711 -0.353429 0.000000
vt -0.070711 -0.314159 0.000000
vt 0.070711 -0.314159 0.000000
vt -0.070711 -0.274889 0.000000
vt 0.070711 -0.274889 0.000000
vt -0.070711 -0.235619 0.000000
vt 0.070711 -0.235619 0.000000
vt -0.070711 -0.196350 0.000000
vt 0.070711 -0.196350 0.000000
vt -0.070711 -0.157080 0.000000
vt 0.070711 -0.157080 0.000000
vt -0.070711 -0.117810 0.000000
vt 0.070711 -0.117810 0.000000
vt -0.070711 -0.078540 0.000000
vt 0.070711 -0.078540 0.000000
vt -0.070711 -0.039270 0.000000
vt 0.070711 -0.039270 0.000000
vt -0.070711 0.000000 0.000000
vt 0.070711 0.000000 0.000000
vt -0.070711 0.039270 0.000000
vt 0.070711 0.039270 0.000000
vt -0.070711 0.078540 0.000000
vt 0.070711 0.078540 0.000000
vt -0.070711 0.117810 0.000000
vt 0.070711 0.117810 0.000000
vt -0.070711 0.157080 0.000000
vt 0.070711 0.157080 0.000000
vt -0.070711 0.196350 0.000000
vt 0.070711 0.196350 0.000000
vt -0.070711 0.235619 0.000000
vt 0.070711 0.235619 0.000000
vt -0.070711 0.274889 0.000000
vt 0.070711 0.274889 0.000000
vt -0.070711 0.314159 0.000000
vt 0.070711 0.314159 0.000000
vt -0.070711 0.353429 0.000000
vt 0.070711 0.353429 0.000000
vt -0.070711 0.392699 0.000000
vt 0.070711 0.392699 0.000000
vt 0.000000 0.287979 0.000000
vt 0.100000 0.287979 0.000000
vt 0.000000 0.314159 0.000000
vt 0.100000 0.314159 0.000000
vt 0.000000 -0.314159 0.000000
vt 0.100000 -0.314159 0.000000
vt 0.000000 -0.287979 0.000000
vt 0.100000 -0.287979 0.000000
vt 0.000000 -0.261799 0.000000
vt 0.100000 -0.261799 0.000000
vt 0.000000 -0.235619 0.000000
vt 0.100000 -0.235619 0.000000
vt 0.000000 -0.209440 0.000000
vt 0.100000 -0.209440 0.000000
vt 0.000000 -0.183260 0.000000
vt 0.100000 -0.183260 0.000000
vt 0.000000 -0.157080 0.000000
vt 0.100000 -0.157080 0.000000
vt 0.000000 -0.130900 0.000000
vt 0.100000 -0.130900 0.000000
vt 0.000000 -0.104720 0.000000
vt 0.100000 -0.104720 0.000000
vt 0.000000 -0.078540 0.000000
vt 0.100000 -0.078540 0.000000
vt 0.000000 -0.052360 0.000000
vt 0.100000 -0.052360 0.000000
vt 0.000000 -0.026180 0.000000
vt 0.100000 -0.026180 0.000000
vt 0.000000 0.000000 0.000000
vt 0.100000 0.000000 0.000000
vt 0.000000 0.026180 0.000000
vt 0.100000 0.026180 0.000000
vt 0.000000 0.052360 0.000000
vt 0.100000 0.052360 0.000000
vt 0.000000 0.078540 0.000000
vt 0.100000 0.078540 0.000000
vt 0.000000 0.104720 0.000000
vt 0.100000 0.104720 0.000000
vt 0.000000 0.130900 0.000000
vt 0.100000 0.130900 0.000000
vt 0.000000 0.157080 0.000000
vt 0.100000 0.157080 0.000000
vt 0.000000 0.183260 0.000000
vt 0.100000 0.183260 0.000000
vt 0.000000 0.209440 0.000000
vt 0.100000 0.209440 0.000000
vt 0.000000 0.235619 0.000000
vt 0.100000 0.235619 0.000000
vt 0.000000 0.261799 0.000000
vt 0.100000 0.261799 0.000000
vt 0.150000 0.785398 0.000000
vt -0.050000 0.785398 0.000000
vt 0.150000 0.523599 0.000000
vt -0.050000 0.523599 0.000000
vt 0.150000 0.261799 0.000000
vt -0.050000 0.261799 0.000000
vt 0.150000 -0.000000 0.000000
vt -0.050000 -0.000000 0.000000
vt 0.150000 -0.261799 0.000000
vt -0.050000 -0.261799 0.000000
vt 0.150000 -0.523599 0.000000
vt -0.050000 -0.523599 0.000000
vt 0.150000 -0.785398 0.000000
vt -0.050000 -0.785398 0.000000
vt 0.034074 -6.258819 0.000000
vt 0.133975 -6.500000 0.000000
vt 0.000000 -6.000000 0.000000
vt 0.292893 -6.707107 0.000000
vt 0.500000 -6.866025 0.000000
vt 0.741181 -6.965926 0.000000
vt 1.902556 -6.080589 0.000000
vt 1.910048 -6.062500 0.000000
vt 1.000000 -7.000000 0.000000
vt 1.900000 -6.100000 0.000000
vt 1.902556 -6.119411 0.000000
vt 1.910048 -6.137500 0.000000
vt 1.921967 -6.153033 0.000000
vt 1.937500 -6.164952 0.000000
vt 2.320000 -6.750000 0.000000
vt 1.955589 -6.172444 0.000000
vt 1.975000 -6.175000 0.000000
vt 1.994411 -6.172444 0.000000
vt 2.320000 -6.400000 0.000000
vt 2.012500 -6.164952 0.000000
vt 2.028033 -6.153033 0.000000
vt 2.039952 -6.137500 0.000000
vt 2.047444 -6.119411 0.000000
vt 2.050000 -6.100000 0.000000
vt 2.047444 -6.080589 0.000000
vt 2.039952 -6.062500 0.000000
vt 2.730000 -6.400000 0.000000
vt 2.028033 -6.046967 0.000000
vt 3.775000 -3.505000 0.000000
vt 2.012500 -6.035048 0.000000
vt 1.275000 -3.505000 0.000000
vt 1.994411 -6.027556 0.000000
vt 1.975000 -6.025000 0.000000
vt 1.955589 -6.027556 0.000000
vt 1.937500 -6.035048 0.000000
vt 1.921967 -6.046967 0.000000
vt 0.925000 -3.505000 0.000000
vt 0.925000 -3.095000 0.000000
vt 0.000000 -0.550000 0.000000
vt 1.000000 0.450000 0.000000
vt 0.741181 0.415926 0.000000
vt 4.000000 -7.000000 0.000000
vt 2.730000 -6.750000 0.000000
vt 4.258819 -6.965926 0.000000
vt 5.000000 -6.000000 0.000000
vt 4.125000 -3.505000 0.000000
vt 4.500000 -6.866025 0.000000
vt 4.707107 -6.707107 0.000000
vt 4.866025 -6.500000 0.000000
vt 4.965926 -6.258819 0.000000
vt 4.125000 -3.095000 0.000000
vt 5.000000 -0.550000 0.000000
vt 3.097444 -1.019411 0.000000
vt 3.100000 -1.000000 0.000000
vt 4.258819 0.415926 0.000000
vt 4.000000 0.450000 0.000000
vt 4.965926 -0.291181 0.000000
vt 4.866025 -0.050000 0.000000
vt 4.707107 0.157107 0.000000
vt 4.500000 0.316025 0.000000
vt 2.800000 0.225000 0.000000
vt 2.825882 0.221593 0.000000
vt 2.850000 0.211603 0.000000
vt 0.500000 0.316025 0.000000
vt 0.292893 0.157107 0.000000
vt 0.133975 -0.050000 0.000000
vt 0.034074 -0.291181 0.000000
vt 2.774118 0.028407 0.000000
vt 2.971967 -0.946967 0.000000
vt 2.800000 0.025000 0.000000
vt 2.987500 -0.935048 0.000000
vt 2.825882 0.028407 0.000000
vt 3.005589 -0.927556 0.000000
vt 2.850000 0.038397 0.000000
vt 3.025000 -0.925000 0.000000
vt 2.870711 0.054289 0.000000
vt 3.044411 -0.927556 0.000000
vt 2.886603 0.075000 0.000000
vt 3.062500 -0.935048 0.000000
vt 3.078033 -0.946967 0.000000
vt 2.960048 -0.962500 0.000000
vt 2.750000 0.038397 0.000000
vt 2.952556 -0.980589 0.000000
vt 2.729289 0.054289 0.000000
vt 2.270711 0.054289 0.000000
vt 2.286603 0.075000 0.000000
vt 2.713397 0.075000 0.000000
vt 2.296593 0.099118 0.000000
vt 2.703407 0.099118 0.000000
vt 2.300000 0.125000 0.000000
vt 2.700000 0.125000 0.000000
vt 2.296593 0.150882 0.000000
vt 2.703407 0.150882 0.000000
vt 2.286603 0.175000 0.000000
vt 2.713397 0.175000 0.000000
vt 2.270711 0.195711 0.000000
vt 2.729289 0.195711 0.000000
vt 2.250000 0.211603 0.000000
vt 2.750000 0.211603 0.000000
vt 2.225882 0.221593 0.000000
vt 2.774118 0.221593 0.000000
vt 2.200000 0.225000 0.000000
vt 2.870711 0.195711 0.000000
vt 2.886603 0.175000 0.000000
vt 2.896593 0.150882 0.000000
vt 2.900000 0.125000 0.000000
vt 2.896593 0.099118 0.000000
vt 3.089952 -0.962500 0.000000
vt 2.225882 0.028407 0.000000
vt 2.200000 0.025000 0.000000
vt 2.950000 -1.000000 0.000000
vt 2.174118 0.028407 0.000000
vt 2.952556 -1.019411 0.000000
vt 1.275000 -3.095000 0.000000
vt 2.960048 -1.037500 0.000000
vt 2.971967 -1.053033 0.000000
vt 2.987500 -1.064952 0.000000
vt 3.775000 -3.095000 0.000000
vt 3.005589 -1.072444 0.000000
vt 3.025000 -1.075000 0.000000
vt 3.044411 -1.072444 0.000000
vt 3.062500 -1.064952 0.000000
vt 3.078033 -1.053033 0.000000
vt 3.089952 -1.037500 0.000000
vt 2.150000 0.038397 0.000000
vt 2.129289 0.054289 0.000000
vt 2.113397 0.075000 0.000000
vt 2.103407 0.099118 0.000000
vt 2.100000 0.125000 0.000000
vt 2.103407 0.150882 0.000000
vt 2.113397 0.175000 0.000000
vt 2.129289 0.195711 0.000000
vt 2.150000 0.211603 0.000000
vt 2.174118 0.221593 0.000000
vt 2.250000 0.038397 0.000000
vt 3.097444 -0.980589 0.000000
vt 1.500000 0.100000 0.000000
vt -1.500000 0.100000 0.000000
vt 1.500000 -0.100000 0.000000
vt -1.500000 -0.100000 0.000000
vt 0.150000 0.785398 0.000000
vt -0.050000 0.785398 0.000000
vt 0.150000 0.523599 0.000000
vt -0.050000 0.523599 0.000000
vt 0.150000 0.261799 0.000000
vt -0.050000 0.261799 0.000000
vt 0.150000 -0.000000 0.000000
vt -0.050000 0.000000 0.000000
vt 0.150000 -0.261799 0.000000
vt -0.050000 -0.261799 0.000000
vt 0.150000 -0.523599 0.000000
vt -0.050000 -0.523599 0.000000
vt 0.150000 -0.785398 0.000000
vt -0.050000 -0.785398 0.000000
vt 0.050000 0.785398 0.000000
vt -0.150000 0.785398 0.000000
vt 0.050000 0.523599 0.000000
vt -0.150000 0.523599 0.000000
vt 0.050000 0.261799 0.000000
vt -0.150000 0.261799 0.000000
vt 0.050000 -0.000000 0.000000
vt -0.150000 0.000000 0.000000
vt 0.050000 -0.261799 0.000000
vt -0.150000 -0.261799 0.000000
vt 0.050000 -0.523599 0.000000
vt -0.150000 -0.523599 0.000000
vt 0.050000 -0.785398 0.000000
vt -0.150000 -0.785398 0.000000
vt -1.500000 -0.100000 0.000000
vt 1.500000 -0.100000 0.000000
vt -1.500000 0.100000 0.000000
vt 1.500000 0.100000 0.000000
vt 0.050000 0.785398 0.000000
vt -0.150000 0.785398 0.000000
vt 0.050000 0.523599 0.000000
vt -0.150000 0.523599 0.000000
vt 0.050000 0.261799 0.000000
vt -0.150000 0.261799 0.000000
vt 0.050000 0.000000 0.000000
vt -0.150000 0.000000 0.000000
vt 0.050000 -0.261799 0.000000
vt -0.150000 -0.261799 0.000000
vt 0.050000 -0.523599 0.000000
vt -0.150000 -0.523599 0.000000
vt 0.050000 -0.785398 0.000000
vt -0.150000 -0.785398 0.000000
vt 0.000000 -6.000000 0.000000
vt 0.200000 -6.000000 0.000000
vt 0.000000 -0.550000 0.000000
vt 0.200000 -0.550000 0.000000
vt 0.000000 -6.000000 0.000000
vt 0.200000 -6.000000 0.000000
vt 0.000000 -0.550000 0.000000
vt 0.200000 -0.550000 0.000000
vn 0.258819 -0.000000 -0.965926
vn 0.258819 -0.000000 -0.965926
vn 0.000000 -0.000000 -1.000000
vn 0.000000 -0.000000 -1.000000
vn -0.258819 -0.000000 -0.965926
vn -0.258819 -0.000000 -0.965926
vn -0.500000 -0.000000 -0.866025
vn -0.500000 -0.000000 -0.866025
vn -0.707107 0.000000 -0.707107
vn -0.707107 0.000000 -0.707107
vn -0.866025 0.000000 -0.500000
vn -0.866025 0.000000 -0.500000
vn -0.965926 0.000000 -0.258819
vn -0.965926 0.000000 -0.258819
vn -1.000000 0.000000 0.000000
vn -1.000000 0.000000 0.000000
vn -0.965926 0.000000 0.258819
vn -0.965926 0.000000 0.258819
vn -0.866025 0.000000 0.500000
vn -0.866025 0.000000 0.500000
vn -0.707107 0.000000 0.707107
vn -0.707107 0.000000 0.707107
vn -0.500000 0.000000 0.866025
vn -0.500000 0.000000 0.866025
vn -0.258819 0.000000 0.965926
vn -0.258819 0.000000 0.965926
vn -0.000000 0.000000 1.000000
vn -0.000000 0.000000 1.000000
vn 0.258819 0.000000 0.965926
vn 0.258819 0.000000 0.965926
vn 0.500000 0.000000 0.866025
vn 0.500000 0.000000 0.866025
vn 0.707107 -0.000000 0.707107
vn 0.707107 -0.000000 0.707107
vn 0.866025 -0.000000 0.500000
vn 0.866025 -0.000000 0.500000
vn 0.965926 -0.000000 0.258819
vn 0.965926 -0.000000 0.258819
vn 1.000000 -0.000000 0.000000
vn 1.000000 -0.000000 0.000000
vn 0.965926 -0.000000 -0.258819
vn 0.965926 -0.000000 -0.258819
vn 0.866025 -0.000000 -0.500000
vn 0.866025 -0.000000 -0.500000
vn 0.707107 -0.000000 -0.707107
vn 0.707107 -0.000000 -0.707107
vn 0.500000 -0.000000 -0.866025
vn 0.500000 -0.000000 -0.866025
vn 0.000000 1.000000 -0.000000
vn 0.000000 1.000000 -0.000000
vn 0.000000 1.000000 -0.000000
vn 0.000000 1.000000 -0.000000
vn 0.000000 1.000000 -0.000000
vn 0.000000 1.000000 -0.000000
vn 0.000000 1.000000 -0.000000
vn 0.000000 1.000000 -0.000000
vn 0.000000 1.000000 -0.000000
vn 0.000000 1.000000 -0.000000
vn 0.000000 1.000000 -0.000000
vn 0.000000 1.000000 -0.000000
vn 0.000000 1.000000 -0.000000
vn 0.000000 1.000000 -0.000000
vn 0.000000 1.000000 -0.000000
vn 0.000000 1.000000 -0.000000
vn 0.000000 1.000000 -0.000000
vn 0.000000 1.000000 -0.000000
vn 0.000000 1.000000 -0.000000
vn 0.000000 1.000000 -0.000000
vn 0.000000 1.000000 -0.000000
vn 0.000000 1.000000 -0.000000
vn 0.000000 1.000000 -0.000000
vn 0.000000 1.000000 -0.000000
vn 0.000000 1.000000 -0.000000
vn 0.000000 1.000000 -0.000000
vn 0.000000 1.000000 -0.000000
vn 0.000000 1.000000 -0.000000
vn 0.000000 1.000000 -0.000000
vn 0.000000 1.000000 -0.000000
vn 0.000000 1.000000 -0.000000
vn 0.000000 1.000000 -0.000000
vn 0.000000 1.000000 -0.000000
vn 0.000000 1.000000 -0.000000
vn 0.000000 1.000000 -0.000000
vn 0.000000 1.000000 -0.000000
vn 0.000000 1.000000 -0.000000
vn 0.000000 1.000000 -0.000000
vn 0.000000 1.000000 -0.000000
vn 0.000000 1.000000 -0.000000
vn 0.000000 1.000000 -0.000000
vn 0.000000 1.000000 -0.000000
vn 0.000000 1.000000 -0.000000
vn 0.000000 1.000000 -0.000000
vn 0.000000 1.000000 -0.000000
vn 0.000000 1.000000 -0.000000
vn 0.000000 1.000000 -0.000000
vn 0.000000 1.000000 -0.000000
vn 0.258819 -0.000000 -0.965926
vn 0.258819 -0.000000 -0.965926
vn 0.000000 -0.000000 -1.000000
vn 0.000000 -0.000000 -1.000000
vn -0.258819 -0.000000 -0.965926
vn -0.258819 -0.000000 -0.965926
vn -0.500000 -0.000000 -0.866025
vn -0.500000 -0.000000 -0.866025
vn -0.707107 0.000000 -0.707107
vn -0.707107 0.000000 -0.707107
vn -0.866025 0.000000 -0.500000
vn -0.866025 0.000000 -0.500000
vn -0.965926 0.000000 -0.258819
vn -0.965926 0.000000 -0.258819
vn -1.000000 0.000000 0.000000
vn -1.000000 0.000000 0.000000
vn -0.965926 0.000000 0.258819
vn -0.965926 0.000000 0.258819
vn -0.866025 0.000000 0.500000
vn -0.866025 0.000000 0.500000
vn -0.707107 0.000000 0.707107
vn -0.707107 0.000000 0.707107
vn -0.500000 0.000000 0.866025
vn -0.500000 0.000000 0.866025
vn -0.258819 0.000000 0.965926
vn -0.258819 0.000000 0.965926
vn -0.000000 0.000000 1.000000
vn -0.000000 0.000000 1.000000
vn 0.258819 0.000000 0.965926
vn 0.258819 0.000000 0.965926
vn 0.500000 0.000000 0.866025
vn 0.500000 0.000000 0.866025
vn 0.707107 -0.000000 0.707107
vn 0.707107 -0.000000 0.707107
vn 0.866025 -0.000000 0.500000
vn 0.866025 -0.000000 0.500000
vn 0.965926 -0.000000 0.258819
vn 0.965926 -0.000000 0.258819
vn 1.000000 -0.000000 0.000000
vn 1.000000 -0.000000 0.000000
vn 0.965926 -0.000000 -0.258819
vn 0.965926 -0.000000 -0.258819
vn 0.866025 -0.000000 -0.500000
vn 0.866025 -0.000000 -0.500000
vn 0.707107 -0.000000 -0.707107
vn 0.707107 -0.000000 -0.707107
vn 0.500000 -0.000000 -0.866025
vn 0.500000 -0.000000 -0.866025
vn 0.000000 1.000000 -0.000000
vn 0.000000 1.000000 -0.000000
vn 0.000000 1.000000 -0.000000
vn 0.000000 1.000000 -0.000000
vn 0.000000 1.000000 -0.000000
vn 0.000000 1.000000 -0.000000
vn 0.000000 1.000000 -0.000000
vn 0.000000 1.000000 -0.000000
vn 0.000000 1.000000 -0.000000
vn 0.000000 1.000000 -0.000000
vn 0.000000 1.000000 -0.000000
vn 0.000000 1.000000 -0.000000
vn 0.000000 1.000000 -0.000000
vn 0.000000 1.000000 -0.000000
vn 0.000000 1.000000 -0.000000
vn 0.000000 1.000000 -0.000000
vn 0.000000 1.000000 -0.000000
vn 0.000000 1.000000 -0.000000
vn 0.000000 1.000000 -0.000000
vn 0.000000 1.000000 -0.000000
vn 0.000000 1.000000 -0.000000
vn 0.000000 1.000000 -0.000000
vn 0.000000 1.000000 -0.000000
vn 0.000000 1.000000 -0.000000
vn 0.000000 1.000000 -0.000000
vn 0.000000 1.000000 -0.000000
vn 0.000000 1.000000 -0.000000
vn 0.000000 1.000000 -0.000000
vn 0.000000 1.000000 -0.000000
vn 0.000000 1.000000 -0.000000
vn 0.000000 1.000000 -0.000000
vn 0.000000 1.000000 -0.000000
vn 0.000000 1.000000 -0.000000
vn 0.000000 1.000000 -0.000000
vn 0.000000 1.000000 -0.000000
vn 0.000000 1.000000 -0.000000
vn 0.000000 1.000000 -0.000000
vn 0.000000 1.000000 -0.000000
vn 0.000000 1.000000 -0.000000
vn 0.000000 1.000000 -0.000000
vn 0.000000 1.000000 -0.000000
vn 0.000000 1.000000 -0.000000
vn 0.000000 1.000000 -0.000000
vn 0.000000 1.000000 -0.000000
vn 0.000000 1.000000 -0.000000
vn 0.000000 1.000000 -0.000000
vn 0.000000 1.000000 -0.000000
vn 0.000000 1.000000 -0.000000
vn -0.000000 0.000000 1.000000
vn -0.000000 0.000000 1.000000
vn -0.000000 0.000000 1.000000
vn -0.000000 0.000000 1.000000
vn 1.000000 -0.000000 -0.000000
vn 1.000000 -0.000000 -0.000000
vn 1.000000 -0.000000 -0.000000
vn 1.000000 -0.000000 -0.000000
vn 0.000000 -0.000000 -1.000000
vn 0.000000 -0.000000 -1.000000
vn 0.000000 -0.000000 -1.000000
vn 0.000000 -0.000000 -1.000000
vn -1.000000 0.000000 0.000000
vn -1.000000 0.000000 0.000000
vn -1.000000 0.000000 0.000000
vn -1.000000 0.000000 0.000000
vn 0.258819 0.000000 0.965926
vn 0.258819 0.000000 0.965926
vn -0.000000 0.000000 1.000000
vn -0.000000 0.000000 1.000000
vn -0.258819 0.000000 0.965926
vn -0.258819 0.000000 0.965926
vn -0.500000 0.000000 0.866025
vn -0.500000 0.000000 0.866025
vn -0.707107 0.000000 0.707107
vn -0.707107 0.000000 0.707107
vn -0.866025 0.000000 0.500000
vn -0.866025 0.000000 0.500000
vn -0.965926 0.000000 0.258819
vn -0.965926 0.000000 0.258819
vn -1.000000 0.000000 -0.000000
vn -1.000000 0.000000 -0.000000
vn -0.965926 0.000000 -0.258819
vn -0.965926 0.000000 -0.258819
vn -0.866025 0.000000 -0.500000
vn -0.866025 0.000000 -0.500000
vn -0.707107 0.000000 -0.707107
vn -0.707107 0.000000 -0.707107
vn -0.500000 -0.000000 -0.866025
vn -0.500000 -0.000000 -0.866025
vn -0.258819 -0.000000 -0.965926
vn -0.258819 -0.000000 -0.965926
vn 0.000000 -0.000000 -1.000000
vn 0.000000 -0.000000 -1.000000
vn 0.258819 -0.000000 -0.965926
vn 0.258819 -0.000000 -0.965926
vn 0.500000 -0.000000 -0.866025
vn 0.500000 -0.000000 -0.866025
vn 0.707107 -0.000000 -0.707107
vn 0.707107 -0.000000 -0.707107
vn 0.866025 -0.000000 -0.500000
vn 0.866025 -0.000000 -0.500000
vn 0.965926 -0.000000 -0.258819
vn 0.965926 -0.000000 -0.258819
vn 1.000000 -0.000000 -0.000000
vn 1.000000 -0.000000 -0.000000
vn 0.965926 -0.000000 0.258819
vn 0.965926 -0.000000 0.258819
vn 0.866025 -0.000000 0.500000
vn 0.866025 -0.000000 0.500000
vn 0.707107 -0.000000 0.707107
vn 0.707107 -0.000000 0.707107
vn 0.500000 0.000000 0.866025
vn 0.500000 0.000000 0.866025
vn -0.258819 0.000000 0.965926
vn -0.000000 0.000000 1.000000
vn 0.258819 0.000000 0.965926
vn 0.500000 0.000000 0.866025
vn 0.707107 -0.000000 0.707107
vn 0.866025 -0.000000 0.500000
vn 0.965926 -0.000000 0.258819
vn 1.000000 -0.000000 -0.000000
vn 0.965926 -0.000000 -0.258819
vn 0.866025 -0.000000 -0.500000
vn 0.707107 -0.000000 -0.707107
vn 0.500000 -0.000000 -0.866025
vn 0.258819 -0.000000 -0.965926
vn 0.000000 -0.000000 -1.000000
vn -0.258819 -0.000000 -0.965926
vn -0.500000 -0.000000 -0.866025
vn -0.707107 0.000000 -0.707107
vn -0.866025 0.000000 -0.500000
vn -0.965926 0.000000 -0.258819
vn -1.000000 0.000000 -0.000000
vn -0.965926 0.000000 0.258819
vn -0.866025 0.000000 0.500000
vn -0.707107 0.000000 0.707107
vn -0.500000 0.000000 0.866025
vn 0.000000 -0.000000 -1.000000
vn 0.000000 -0.000000 -1.000000
vn 0.000000 -0.000000 -1.000000
vn 0.000000 -0.000000 -1.000000
vn -1.000000 0.000000 0.000000
vn -1.000000 0.000000 0.000000
vn -1.000000 0.000000 0.000000
vn -1.000000 0.000000 0.000000
vn -0.000000 0.000000 1.000000
vn -0.000000 0.000000 1.000000
vn -0.000000 0.000000 1.000000
vn -0.000000 0.000000 1.000000
vn 1.000000 -0.000000 -0.000000
vn 1.000000 -0.000000 -0.000000
vn 1.000000 -0.000000 -0.000000
vn 1.000000 -0.000000 -0.000000
vn 0.000000 -0.000000 -1.000000
vn 0.000000 -0.000000 -1.000000
vn 0.000000 -0.000000 -1.000000
vn 0.000000 -0.000000 -1.000000
vn -1.000000 0.000000 0.000000
vn -1.000000 0.000000 0.000000
vn -1.000000 0.000000 0.000000
vn -1.000000 0.000000 0.000000
vn -0.000000 0.000000 1.000000
vn -0.000000 0.000000 1.000000
vn -0.000000 0.000000 1.000000
vn -0.000000 0.000000 1.000000
vn 1.000000 -0.000000 -0.000000
vn 1.000000 -0.000000 -0.000000
vn 1.000000 -0.000000 -0.000000
vn 1.000000 -0.000000 -0.000000
vn 0.258819 0.000000 0.965926
vn 0.258819 0.000000 0.965926
vn -0.000000 0.000000 1.000000
vn -0.000000 0.000000 1.000000
vn -0.258819 0.000000 0.965926
vn -0.258819 0.000000 0.965926
vn -0.500000 0.000000 0.866025
vn -0.500000 0.000000 0.866025
vn -0.707107 0.000000 0.707107
vn -0.707107 0.000000 0.707107
vn -0.866025 0.000000 0.500000
vn -0.866025 0.000000 0.500000
vn -0.965926 0.000000 0.258819
vn -0.965926 0.000000 0.258819
vn -1.000000 0.000000 -0.000000
vn -1.000000 0.000000 -0.000000
vn -0.965926 0.000000 -0.258819
vn -0.965926 0.000000 -0.258819
vn -0.866025 0.000000 -0.500000
vn -0.866025 0.000000 -0.500000
vn -0.707107 0.000000 -0.707107
vn -0.707107 0.000000 -0.707107
vn -0.500000 -0.000000 -0.866025
vn -0.500000 -0.000000 -0.866025
vn -0.258819 -0.000000 -0.965926
vn -0.258819 -0.000000 -0.965926
vn 0.000000 -0.000000 -1.000000
vn 0.000000 -0.000000 -1.000000
vn 0.258819 -0.000000 -0.965926
vn 0.258819 -0.000000 -0.965926
vn 0.500000 -0.000000 -0.866025
vn 0.500000 -0.000000 -0.866025
vn 0.707107 -0.000000 -0.707107
vn 0.707107 -0.000000 -0.707107
vn 0.866025 -0.000000 -0.500000
vn 0.866025 -0.000000 -0.500000
vn 0.965926 -0.000000 -0.258819
vn 0.965926 -0.000000 -0.258819
vn 1.000000 -0.000000 -0.000000
vn 1.000000 -0.000000 -0.000000
vn 0.965926 -0.000000 0.258819
vn 0.965926 -0.000000 0.258819
vn 0.866025 -0.000000 0.500000
vn 0.866025 -0.000000 0.500000
vn 0.707107 -0.000000 0.707107
vn 0.707107 -0.000000 0.707107
vn 0.500000 0.000000 0.866025
vn 0.500000 0.000000 0.866025
vn -0.258819 0.000000 0.965926
vn -0.000000 0.000000 1.000000
vn 0.258819 0.000000 0.965926
vn 0.500000 0.000000 0.866025
vn 0.707107 -0.000000 0.707107
vn 0.866025 -0.000000 0.500000
vn 0.965926 -0.000000 0.258819
vn 1.000000 -0.000000 -0.000000
vn 0.965926 -0.000000 -0.258819
vn 0.866025 -0.000000 -0.500000
vn 0.707107 -0.000000 -0.707107
vn 0.500000 -0.000000 -0.866025
vn 0.258819 -0.000000 -0.965926
vn 0.000000 -0.000000 -1.000000
vn -0.258819 -0.000000 -0.965926
vn -0.500000 -0.000000 -0.866025
vn -0.707107 0.000000 -0.707107
vn -0.866025 0.000000 -0.500000
vn -0.965926 0.000000 -0.258819
vn -1.000000 0.000000 -0.000000
vn -0.965926 0.000000 0.258819
vn -0.866025 0.000000 0.500000
vn -0.707107 0.000000 0.707107
vn -0.500000 0.000000 0.866025
vn 0.183013 0.707107 -0.683013
vn 0.183013 0.707107 -0.683013
vn 0.000000 0.707107 -0.707107
vn 0.000000 0.707107 -0.707107
vn -0.183013 0.707107 -0.683013
vn -0.183013 0.707107 -0.683013
vn -0.353553 0.707107 -0.612372
vn -0.353553 0.707107 -0.612372
vn -0.500000 0.707107 -0.500000
vn -0.500000 0.707107 -0.500000
vn -0.612372 0.707107 -0.353553
vn -0.612372 0.707107 -0.353553
vn -0.683013 0.707107 -0.183013
vn -0.683013 0.707107 -0.183013
vn -0.707107 0.707107 0.000000
vn -0.707107 0.707107 0.000000
vn -0.683013 0.707107 0.183013
vn -0.683013 0.707107 0.183013
vn -0.612372 0.707107 0.353553
vn -0.612372 0.707107 0.353553
vn -0.500000 0.707107 0.500000
vn -0.500000 0.707107 0.500000
vn -0.353553 0.707107 0.612372
vn -0.353553 0.707107 0.612372
vn -0.183013 0.707107 0.683013
vn -0.183013 0.707107 0.683013
vn 0.000000 0.707107 0.707107
vn 0.000000 0.707107 0.707107
vn 0.183013 0.707107 0.683013
vn 0.183013 0.707107 0.683013
vn 0.353553 0.707107 0.612372
vn 0.353553 0.707107 0.612372
vn 0.500000 0.707107 0.500000
vn 0.500000 0.707107 0.500000
vn 0.612372 0.707107 0.353553
vn 0.612372 0.707107 0.353553
vn 0.683013 0.707107 0.183013
vn 0.683013 0.707107 0.183013
vn 0.707107 0.707107 0.000000
vn 0.707107 0.707107 0.000000
vn 0.683013 0.707107 -0.183013
vn 0.683013 0.707107 -0.183013
vn 0.612372 0.707107 -0.353553
vn 0.612372 0.707107 -0.353553
vn 0.500000 0.707107 -0.500000
vn 0.500000 0.707107 -0.500000
vn 0.353553 0.707107 -0.612372
vn 0.353553 0.707107 -0.612372
vn 0.000000 1.000000 -0.000000
vn 0.000000 1.000000 -0.000000
vn 0.000000 1.000000 -0.000000
vn 0.000000 1.000000 -0.000000
vn 0.000000 1.000000 -0.000000
vn 0.000000 1.000000 -0.000000
vn 0.000000 1.000000 -0.000000
vn 0.000000 1.000000 -0.000000
vn 0.000000 1.000000 -0.000000
vn 0.000000 1.000000 -0.000000
vn 0.000000 1.000000 -0.000000
vn 0.000000 1.000000 -0.000000
vn 0.000000 1.000000 -0.000000
vn 0.000000 1.000000 -0.000000
vn 0.000000 1.000000 -0.000000
vn 0.000000 1.000000 -0.000000
vn 0.000000 1.000000 -0.000000
vn 0.000000 1.000000 -0.000000
vn 0.000000 1.000000 -0.000000
vn 0.000000 1.000000 -0.000000
vn 0.000000 1.000000 -0.000000
vn 0.000000 1.000000 -0.000000
vn 0.000000 1.000000 -0.000000
vn 0.000000 1.000000 -0.000000
vn 0.000000 1.000000 -0.000000
vn 0.000000 1.000000 -0.000000
vn 0.000000 1.000000 -0.000000
vn 0.000000 1.000000 -0.000000
vn 0.000000 1.000000 -0.000000
vn 0.000000 1.000000 -0.000000
vn 0.000000 1.000000 -0.000000
vn 0.000000 1.000000 -0.000000
vn 0.000000 1.000000 -0.000000
vn 0.000000 1.000000 -0.000000
vn 0.000000 1.000000 -0.000000
vn 0.000000 1.000000 -0.000000
vn 0.000000 1.000000 -0.000000
vn 0.000000 1.000000 -0.000000
vn 0.000000 1.000000 -0.000000
vn 0.000000 1.000000 -0.000000
vn 0.000000 1.000000 -0.000000
vn 0.000000 1.000000 -0.000000
vn 0.000000 1.000000 -0.000000
vn 0.000000 1.000000 -0.000000
vn 0.000000 1.000000 -0.000000
vn 0.000000 1.000000 -0.000000
vn 0.000000 1.000000 -0.000000
vn 0.000000 1.000000 -0.000000
vn 0.000000 1.000000 -0.000000
vn 0.000000 1.000000 -0.000000
vn 0.000000 1.000000 -0.000000
vn 0.000000 1.000000 -0.000000
vn 0.000000 1.000000 -0.000000
vn 0.000000 1.000000 -0.000000
vn 0.000000 1.000000 -0.000000
vn 0.000000 1.000000 -0.000000
vn 0.000000 1.000000 -0.000000
vn 0.000000 1.000000 -0.000000
vn 0.000000 1.000000 -0.000000
vn 0.000000 1.000000 -0.000000
vn 0.000000 1.000000 -0.000000
vn 0.000000 1.000000 -0.000000
vn 0.000000 1.000000 -0.000000
vn 0.000000 1.000000 -0.000000
vn 0.000000 1.000000 -0.000000
vn 0.000000 1.000000 -0.000000
vn 0.000000 1.000000 -0.000000
vn 0.000000 1.000000 -0.000000
vn 0.000000 1.000000 -0.000000
vn 0.000000 1.000000 -0.000000
vn 0.000000 1.000000 -0.000000
vn 0.000000 1.000000 -0.000000
vn 0.000000 1.000000 -0.000000
vn 0.000000 1.000000 -0.000000
vn 0.000000 1.000000 -0.000000
vn 0.000000 1.000000 -0.000000
vn 0.000000 1.000000 -0.000000
vn 0.000000 1.000000 -0.000000
vn 0.000000 1.000000 -0.000000
vn 0.000000 1.000000 -0.000000
vn 0.000000 1.000000 -0.000000
vn 0.000000 1.000000 -0.000000
vn 0.000000 1.000000 -0.000000
vn 0.000000 1.000000 -0.000000
vn 0.000000 1.000000 -0.000000
vn 0.000000 1.000000 -0.000000
vn 0.000000 1.000000 -0.000000
vn 0.000000 1.000000 -0.000000
vn 0.000000 1.000000 -0.000000
vn 0.000000 1.000000 -0.000000
vn 0.000000 1.000000 -0.000000
vn 0.000000 1.000000 -0.000000
vn 0.000000 1.000000 -0.000000
vn 0.000000 1.000000 -0.000000
vn 0.000000 1.000000 -0.000000
vn 0.000000 1.000000 -0.000000
vn 0.000000 1.000000 -0.000000
vn 0.000000 1.000000 -0.000000
vn 0.000000 1.000000 -0.000000
vn 0.000000 1.000000 -0.000000
vn 0.000000 1.000000 -0.000000
vn 0.000000 1.000000 -0.000000
vn 0.000000 1.000000 -0.000000
vn 0.000000 1.000000 -0.000000
vn 0.000000 1.000000 -0.000000
vn 0.000000 1.000000 -0.000000
vn 0.000000 1.000000 -0.000000
vn 0.000000 1.000000 -0.000000
vn 0.000000 1.000000 -0.000000
vn 0.000000 1.000000 -0.000000
vn 0.000000 1.000000 -0.000000
vn 0.000000 1.000000 -0.000000
vn 0.000000 1.000000 -0.000000
vn 0.000000 1.000000 -0.000000
vn 0.000000 1.000000 -0.000000
vn 0.000000 1.000000 -0.000000
vn 0.000000 1.000000 -0.000000
vn 0.000000 1.000000 -0.000000
vn 0.000000 1.000000 -0.000000
vn 0.000000 1.000000 -0.000000
vn 0.000000 1.000000 -0.000000
vn 0.000000 1.000000 -0.000000
vn 0.000000 1.000000 -0.000000
vn 0.000000 1.000000 -0.000000
vn 0.000000 1.000000 -0.000000
vn 0.000000 1.000000 -0.000000
vn 0.000000 1.000000 -0.000000
vn 0.000000 1.000000 -0.000000
vn 0.000000 1.000000 -0.000000
vn 0.000000 1.000000 -0.000000
vn 0.000000 1.000000 -0.000000
vn 0.000000 1.000000 -0.000000
vn 0.000000 1.000000 -0.000000
vn 0.000000 1.000000 -0.000000
vn 0.000000 1.000000 -0.000000
vn 0.000000 1.000000 -0.000000
vn 0.258819 -0.000000 -0.965926
vn 0.258819 -0.000000 -0.965926
vn 0.000000 -0.000000 -1.000000
vn 0.000000 -0.000000 -1.000000
vn -0.258819 -0.000000 -0.965926
vn -0.258819 -0.000000 -0.965926
vn -0.500000 -0.000000 -0.866025
vn -0.500000 -0.000000 -0.866025
vn -0.707107 0.000000 -0.707107
vn -0.707107 0.000000 -0.707107
vn -0.866025 0.000000 -0.500000
vn -0.866025 0.000000 -0.500000
vn -0.965926 0.000000 -0.258819
vn -0.965926 0.000000 -0.258819
vn -1.000000 0.000000 0.000000
vn -1.000000 0.000000 0.000000
vn -0.965926 0.000000 0.258819
vn -0.965926 0.000000 0.258819
vn -0.866025 0.000000 0.500000
vn -0.866025 0.000000 0.500000
vn -0.707107 0.000000 0.707107
vn -0.707107 0.000000 0.707107
vn -0.500000 0.000000 0.866025
vn -0.500000 0.000000 0.866025
vn -0.258819 0.000000 0.965926
vn -0.258819 0.000000 0.965926
vn -0.000000 0.000000 1.000000
vn -0.000000 0.000000 1.000000
vn 0.258819 0.000000 0.965926
vn 0.258819 0.000000 0.965926
vn 0.500000 0.000000 0.866025
vn 0.500000 0.000000 0.866025
vn 0.707107 -0.000000 0.707107
vn 0.707107 -0.000000 0.707107
vn 0.866025 -0.000000 0.500000
vn 0.866025 -0.000000 0.500000
vn 0.965926 -0.000000 0.258819
vn 0.965926 -0.000000 0.258819
vn 1.000000 -0.000000 0.000000
vn 1.000000 -0.000000 0.000000
vn 0.965926 -0.000000 -0.258819
vn 0.965926 -0.000000 -0.258819
vn 0.866025 -0.000000 -0.500000
vn 0.866025 -0.000000 -0.500000
vn 0.707107 -0.000000 -0.707107
vn 0.707107 -0.000000 -0.707107
vn 0.500000 -0.000000 -0.866025
vn 0.500000 -0.000000 -0.866025
vn 0.183013 0.707107 -0.683013
vn 0.183013 0.707107 -0.683013
vn 0.000000 0.707107 -0.707107
vn 0.000000 0.707107 -0.707107
vn -0.183013 0.707107 -0.683013
vn -0.183013 0.707107 -0.683013
vn -0.353553 0.707107 -0.612372
vn -0.353553 0.707107 -0.612372
vn -0.500000 0.707107 -0.500000
vn -0.500000 0.707107 -0.500000
vn -0.612372 0.707107 -0.353553
vn -0.612372 0.707107 -0.353553
vn -0.683013 0.707107 -0.183013
vn -0.683013 0.707107 -0.183013
vn -0.707107 0.707107 0.000000
vn -0.707107 0.707107 0.000000
vn -0.683013 0.707107 0.183013
vn -0.683013 0.707107 0.183013
vn -0.612372 0.707107 0.353553
vn -0.612372 0.707107 0.353553
vn -0.500000 0.707107 0.500000
vn -0.500000 0.707107 0.500000
vn -0.353553 0.707107 0.612372
vn -0.353553 0.707107 0.612372
vn -0.183013 0.707107 0.683013
vn -0.183013 0.707107 0.683013
vn 0.000000 0.707107 0.707107
vn 0.000000 0.707107 0.707107
vn 0.183013 0.707107 0.683013
vn 0.183013 0.707107 0.683013
vn 0.353553 0.707107 0.612372
vn 0.353553 0.707107 0.612372
vn 0.500000 0.707107 0.500000
vn 0.500000 0.707107 0.500000
vn 0.612372 0.707107 0.353553
vn 0.612372 0.707107 0.353553
vn 0.683013 0.707107 0.183013
vn 0.683013 0.707107 0.183013
vn 0.707107 0.707107 0.000000
vn 0.707107 0.707107 0.000000
vn 0.683013 0.707107 -0.183013
vn 0.683013 0.707107 -0.183013
vn 0.612372 0.707107 -0.353553
vn 0.612372 0.707107 -0.353553
vn 0.500000 0.707107 -0.500000
vn 0.500000 0.707107 -0.500000
vn 0.353553 0.707107 -0.612372
vn 0.353553 0.707107 -0.612372
vn 0.258819 -0.000000 -0.965926
vn 0.258819 -0.000000 -0.965926
vn 0.000000 -0.000000 -1.000000
vn 0.000000 -0.000000 -1.000000
vn -0.258819 -0.000000 -0.965926
vn -0.258819 -0.000000 -0.965926
vn -0.500000 -0.000000 -0.866025
vn -0.500000 -0.000000 -0.866025
vn -0.707107 0.000000 -0.707107
vn -0.707107 0.000000 -0.707107
vn -0.866025 0.000000 -0.500000
vn -0.866025 0.000000 -0.500000
vn -0.965926 0.000000 -0.258819
vn -0.965926 0.000000 -0.258819
vn -1.000000 0.000000 0.000000
vn -1.000000 0.000000 0.000000
vn -0.965926 0.000000 0.258819
vn -0.965926 0.000000 0.258819
vn -0.866025 0.000000 0.500000
vn -0.866025 0.000000 0.500000
vn -0.707107 0.000000 0.707107
vn -0.707107 0.000000 0.707107
vn -0.500000 0.000000 0.866025
vn -0.500000 0.000000 0.866025
vn -0.258819 0.000000 0.965926
vn -0.258819 0.000000 0.965926
vn -0.000000 0.000000 1.000000
vn -0.000000 0.000000 1.000000
vn 0.258819 0.000000 0.965926
vn 0.258819 0.000000 0.965926
vn 0.500000 0.000000 0.866025
vn 0.500000 0.000000 0.866025
vn 0.707107 -0.000000 0.707107
vn 0.707107 -0.000000 0.707107
vn 0.866025 -0.000000 0.500000
vn 0.866025 -0.000000 0.500000
vn 0.965926 -0.000000 0.258819
vn 0.965926 -0.000000 0.258819
vn 1.000000 -0.000000 0.000000
vn 1.000000 -0.000000 0.000000
vn 0.965926 -0.000000 -0.258819
vn 0.965926 -0.000000 -0.258819
vn 0.866025 -0.000000 -0.500000
vn 0.866025 -0.000000 -0.500000
vn 0.707107 -0.000000 -0.707107
vn 0.707107 -0.000000 -0.707107
vn 0.500000 -0.000000 -0.866025
vn 0.500000 -0.000000 -0.866025
vn 1.000000 -0.000000 -0.000000
vn 1.000000 -0.000000 -0.000000
vn 0.965926 -0.000000 0.258819
vn 0.965926 -0.000000 0.258819
vn 0.866025 -0.000000 0.500000
vn 0.866025 -0.000000 0.500000
vn 0.707107 -0.000000 0.707107
vn 0.707107 -0.000000 0.707107
vn 0.500000 0.000000 0.866025
vn 0.500000 0.000000 0.866025
vn 0.258819 0.000000 0.965926
vn 0.258819 0.000000 0.965926
vn -0.000000 0.000000 1.000000
vn -0.000000 0.000000 1.000000
vn -0.000000 -1.000000 0.000000
vn -0.000000 -1.000000 0.000000
vn -0.000000 -1.000000 0.000000
vn -0.000000 -1.000000 0.000000
vn -0.000000 -1.000000 0.000000
vn -0.000000 -1.000000 0.000000
vn -0.000000 -1.000000 0.000000
vn -0.000000 -1.000000 0.000000
vn -0.000000 -1.000000 0.000000
vn -0.000000 -1.000000 0.000000
vn -0.000000 -1.000000 0.000000
vn -0.000000 -1.000000 0.000000
vn -0.000000 -1.000000 0.000000
vn -0.000000 -1.000000 0.000000
vn -0.000000 -1.000000 0.000000
vn -0.000000 -1.000000 0.000000
vn -0.000000 -1.000000 0.000000
vn -0.000000 -1.000000 0.000000
vn -0.000000 -1.000000 0.000000
vn -0.000000 -1.000000 0.000000
vn -0.000000 -1.000000 0.000000
vn -0.000000 -1.000000 0.000000
vn -0.000000 -1.000000 0.000000
vn -0.000000 -1.000000 0.000000
vn -0.000000 -1.000000 0.000000
vn -0.000000 -1.000000 0.000000
vn -0.000000 -1.000000 0.000000
vn -0.000000 -1.000000 0.000000
vn -0.000000 -1.000000 0.000000
vn -0.000000 -1.000000 0.000000
vn -0.000000 -1.000000 0.000000
vn -0.000000 -1.000000 0.000000
vn -0.000000 -1.000000 0.000000
vn -0.000000 -1.000000 0.000000
vn -0.000000 -1.000000 0.000000
vn -0.000000 -1.000000 0.000000
vn -0.000000 -1.000000 0.000000
vn -0.000000 -1.000000 0.000000
vn -0.000000 -1.000000 0.000000
vn -0.000000 -1.000000 0.000000
vn -0.000000 -1.000000 0.000000
vn -0.000000 -1.000000 0.000000
vn -0.000000 -1.000000 0.000000
vn -0.000000 -1.000000 0.000000
vn -0.000000 -1.000000 0.000000
vn -0.000000 -1.000000 0.000000
vn -0.000000 -1.000000 0.000000
vn -0.000000 -1.000000 0.000000
vn -0.000000 -1.000000 0.000000
vn -0.000000 -1.000000 0.000000
vn -0.000000 -1.000000 0.000000
vn -0.000000 -1.000000 0.000000
vn -0.000000 -1.000000 0.000000
vn -0.000000 -1.000000 0.000000
vn -0.000000 -1.000000 0.000000
vn -0.000000 -1.000000 0.000000
vn -0.000000 -1.000000 0.000000
vn -0.000000 -1.000000 0.000000
vn -0.000000 -1.000000 0.000000
vn -0.000000 -1.000000 0.000000
vn -0.000000 -1.000000 0.000000
vn -0.000000 -1.000000 0.000000
vn -0.000000 -1.000000 0.000000
vn -0.000000 -1.000000 0.000000
vn -0.000000 -1.000000 0.000000
vn -0.000000 -1.000000 0.000000
vn -0.000000 -1.000000 0.000000
vn -0.000000 -1.000000 0.000000
vn -0.000000 -1.000000 0.000000
vn -0.000000 -1.000000 0.000000
vn -0.000000 -1.000000 0.000000
vn -0.000000 -1.000000 0.000000
vn -0.000000 -1.000000 0.000000
vn -0.000000 -1.000000 0.000000
vn -0.000000 -1.000000 0.000000
vn -0.000000 -1.000000 0.000000
vn -0.000000 -1.000000 0.000000
vn -0.000000 -1.000000 0.000000
vn -0.000000 -1.000000 0.000000
vn -0.000000 -1.000000 0.000000
vn -0.000000 -1.000000 0.000000
vn -0.000000 -1.000000 0.000000
vn -0.000000 -1.000000 0.000000
vn -0.000000 -1.000000 0.000000
vn -0.000000 -1.000000 0.000000
vn -0.000000 -1.000000 0.000000
vn -0.000000 -1.000000 0.000000
vn -0.000000 -1.000000 0.000000
vn -0.000000 -1.000000 0.000000
vn -0.000000 -1.000000 0.000000
vn -0.000000 -1.000000 0.000000
vn -0.000000 -1.000000 0.000000
vn -0.000000 -1.000000 0.000000
vn -0.000000 -1.000000 0.000000
vn -0.000000 -1.000000 0.000000
vn -0.000000 -1.000000 0.000000
vn -0.000000 -1.000000 0.000000
vn -0.000000 -1.000000 0.000000
vn -0.000000 -1.000000 0.000000
vn -0.000000 -1.000000 0.000000
vn -0.000000 -1.000000 0.000000
vn -0.000000 -1.000000 0.000000
vn -0.000000 -1.000000 0.000000
vn -0.000000 -1.000000 0.000000
vn -0.000000 -1.000000 0.000000
vn -0.000000 -1.000000 0.000000
vn -0.000000 -1.000000 0.000000
vn -0.000000 -1.000000 0.000000
vn -0.000000 -1.000000 0.000000
vn -0.000000 -1.000000 0.000000
vn -0.000000 -1.000000 0.000000
vn -0.000000 -1.000000 0.000000
vn -0.000000 -1.000000 0.000000
vn -0.000000 -1.000000 0.000000
vn -0.000000 -1.000000 0.000000
vn -0.000000 -1.000000 0.000000
vn -0.000000 -1.000000 0.000000
vn -0.000000 -1.000000 0.000000
vn -0.000000 -1.000000 0.000000
vn -0.000000 -1.000000 0.000000
vn -0.000000 -1.000000 0.000000
vn -0.000000 -1.000000 0.000000
vn -0.000000 -1.000000 0.000000
vn -0.000000 -1.000000 0.000000
vn -0.000000 -1.000000 0.000000
vn -0.000000 -1.000000 0.000000
vn -0.000000 -1.000000 0.000000
vn -0.000000 -1.000000 0.000000
vn -0.000000 -1.000000 0.000000
vn -0.000000 -1.000000 0.000000
vn -0.000000 -1.000000 0.000000
vn -0.000000 -1.000000 0.000000
vn -0.000000 -1.000000 0.000000
vn -0.000000 -1.000000 0.000000
vn -0.000000 -1.000000 0.000000
vn -0.000000 -1.000000 0.000000
vn -0.000000 0.000000 1.000000
vn -0.000000 0.000000 1.000000
vn -1.000000 0.000000 -0.000000
vn -1.000000 0.000000 -0.000000
vn -0.965926 0.000000 0.258819
vn -0.965926 0.000000 0.258819
vn -0.866025 0.000000 0.500000
vn -0.866025 0.000000 0.500000
vn -0.707107 0.000000 0.707107
vn -0.707107 0.000000 0.707107
vn -0.500000 0.000000 0.866025
vn -0.500000 0.000000 0.866025
vn -0.258819 0.000000 0.965926
vn -0.258819 0.000000 0.965926
vn 1.000000 -0.000000 -0.000000
vn 1.000000 -0.000000 -0.000000
vn 0.965926 -0.000000 -0.258819
vn 0.965926 -0.000000 -0.258819
vn 0.866025 -0.000000 -0.500000
vn 0.866025 -0.000000 -0.500000
vn 0.707107 -0.000000 -0.707107
vn 0.707107 -0.000000 -0.707107
vn 0.500000 -0.000000 -0.866025
vn 0.500000 -0.000000 -0.866025
vn 0.258819 -0.000000 -0.965926
vn 0.258819 -0.000000 -0.965926
vn 0.000000 -0.000000 -1.000000
vn 0.000000 -0.000000 -1.000000
vn 0.000000 -0.000000 -1.000000
vn 0.000000 -0.000000 -1.000000
vn -1.000000 0.000000 0.000000
vn -1.000000 0.000000 0.000000
vn -0.965926 0.000000 -0.258819
vn -0.965926 0.000000 -0.258819
vn -0.866025 0.000000 -0.500000
vn -0.866025 0.000000 -0.500000
vn -0.707107 0.000000 -0.707107
vn -0.707107 0.000000 -0.707107
vn -0.500000 0.000000 -0.866025
vn -0.500000 0.000000 -0.866025
vn -0.258819 -0.000000 -0.965926
vn -0.258819 -0.000000 -0.965926
f 1370/2755/2701 1416/2756/2702 1369/2757/2703
f 1369/2757/2703 1416/2756/2702 1393/2758/2704
f 1369/2759/2703 1393/2760/2704 1392/2761/2705
f 1392/2761/2705 1393/2760/2704 1394/2762/2706
f 1392/2761/2705 1394/2762/2706 1391/2763/2707
f 1391/2763/2707 1394/2762/2706 1395/2764/2708
f 1391/2763/2707 1395/2764/2708 1390/2765/2709
f 1390/2765/2709 1395/2764/2708 1396/2766/2710
f 1390/2765/2709 1396/2766/2710 1389/2767/2711
f 1389/2767/2711 1396/2766/2710 1397/2768/2712
f 1389/2767/2711 1397/2768/2712 1388/2769/2713
f 1388/2769/2713 1397/2768/2712 1398/2770/2714
f 1388/2769/2713 1398/2770/2714 1387/2771/2715
f 1387/2771/2715 1398/2770/2714 1399/2772/2716
f 1387/2771/2715 1399/2772/2716 1386/2773/2717
f 1386/2773/2717 1399/2772/2716 1400/2774/2718
f 1386/2773/2717 1400/2774/2718 1385/2775/2719
f 1385/2775/2719 1400/2774/2718 1401/2776/2720
f 1385/2775/2719 1401/2776/2720 1384/2777/2721
f 1384/2777/2721 1401/2776/2720 1402/2778/2722
f 1384/2777/2721 1402/2778/2722 1383/2779/2723
f 1383/2779/2723 1402/2778/2722 1403/2780/2724
f 1383/2779/2723 1403/2780/2724 1382/2781/2725
f 1382/2781/2725 1403/2780/2724 1404/2782/2726
f 1382/2781/2725 1404/2782/2726 1381/2783/2727
f 1381/2783/2727 1404/2782/2726 1405/2784/2728
f 1381/2783/2727 1405/2784/2728 1380/2785/2729
f 1380/2785/2729 1405/2784/2728 1406/2786/2730
f 1380/2785/2729 1406/2786/2730 1379/2787/2731
f 1379/2787/2731 1406/2786/2730 1407/2788/2732
f 1379/2787/2731 1407/2788/2732 1378/2789/2733
f 1378/2789/2733 1407/2788/2732 1408/2790/2734
f 1378/2789/2733 1408/2790/2734 1377/2791/2735
f 1377/2791/2735 1408/2790/2734 1409/2792/2736
f 1377/2791/2735 1409/2792/2736 1376/2793/2737
f 1376/2793/2737 1409/2792/2736 1410/2794/2738
f 1376/2793/2737 1410/2794/2738 1375/2795/2739
f 1375/2795/2739 1410/2794/2738 1411/2796/2740
f 1375/2795/2739 1411/2796/2740 1374/2797/2741
f 1374/2797/2741 1411/2796/2740 1412/2798/2742
f 1374/2797/2741 1412/2798/2742 1373/2799/2743
f 1373/2799/2743 1412/2798/2742 1413/2800/2744
f 1373/2799/2743 1413/2800/2744 1372/2801/2745
f 1372/2801/2745 1413/2800/2744 1414/2802/2746
f 1372/2801/2745 1414/2802/2746 1371/2803/2747
f 1371/2803/2747 1414/2802/2746 1415/2804/2748
f 1371/2803/2747 1415/2804/2748 1370/2755/2701
f 1370/2755/2701 1415/2804/2748 1416/2756/2702
f 1440/2805/2749 1417/2806/2750 1369/2807/2751
f 1369/2807/2751 1417/2806/2750 1418/2808/2752
f 1369/2807/2751 1418/2808/2752 1370/2809/2753
f 1370/2809/2753 1418/2808/2752 1419/2810/2754
f 1370/2809/2753 1419/2810/2754 1371/2811/2755
f 1371/2811/2755 1419/2810/2754 1420/2812/2756
f 1371/2811/2755 1420/2812/2756 1372/2813/2757
f 1372/2813/2757 1420/2812/2756 1421/2814/2758
f 1372/2813/2757 1421/2814/2758 1373/2815/2759
f 1373/2815/2759 1421/2814/2758 1422/2816/2760
f 1373/2815/2759 1422/2816/2760 1374/2817/2761
f 1374/2817/2761 1422/2816/2760 1423/2818/2762
f 1374/2817/2761 1423/2818/2762 1375/2819/2763
f 1375/2819/2763 1423/2818/2762 1376/2820/2764
f 1376/2820/2764 1423/2818/2762 1424/2821/2765
f 1376/2820/2764 1424/2821/2765 1377/2822/2766
f 1377/2822/2766 1424/2821/2765 1425/2823/2767
f 1377/2822/2766 1425/2823/2767 1378/2824/2768
f 1378/2824/2768 1425/2823/2767 1426/2825/2769
f 1378/2824/2768 1426/2825/2769 1379/2826/2770
f 1379/2826/2770 1426/2825/2769 1427/2827/2771
f 1379/2826/2770 1427/2827/2771 1380/2828/2772
f 1380/2828/2772 1427/2827/2771 1428/2829/2773
f 1380/2828/2772 1428/2829/2773 1381/2830/2774
f 1381/2830/2774 1428/2829/2773 1429/2831/2775
f 1381/2830/2774 1429/2831/2775 1382/2832/2776
f 1382/2832/2776 1429/2831/2775 1430/2833/2777
f 1382/2832/2776 1430/2833/2777 1431/2834/2778
f 1382/2832/2776 1431/2834/2778 1383/2835/2779
f 1383/2835/2779 1431/2834/2778 1432/2836/2780
f 1383/2835/2779 1432/2836/2780 1384/2837/2781
f 1384/2837/2781 1432/2836/2780 1433/2838/2782
f 1384/2837/2781 1433/2838/2782 1385/2839/2783
f 1385/2839/2783 1433/2838/2782 1434/2840/2784
f 1385/2839/2783 1434/2840/2784 1386/2841/2785
f 1386/2841/2785 1434/2840/2784 1435/2842/2786
f 1386/2841/2785 1435/2842/2786 1387/2843/2787
f 1387/2843/2787 1435/2842/2786 1388/2844/2788
f 1388/2844/2788 1435/2842/2786 1436/2845/2789
f 1388/2844/2788 1436/2845/2789 1389/2846/2790
f 1389/2846/2790 1436/2845/2789 1437/2847/2791
f 1389/2846/2790 1437/2847/2791 1390/2848/2792
f 1390/2848/2792 1437/2847/2791 1438/2849/2793
f 1390/2848/2792 1438/2849/2793 1391/2850/2794
f 1391/2850/2794 1438/2849/2793 1439/2851/2795
f 1391/2850/2794 1439/2851/2795 1392/2852/2796
f 1392/2852/2796 1439/2851/2795 1440/2805/2749
f 1392/2852/2796 1440/2805/2749 1369/2807/2751
f 1442/2853/2797 1488/2854/2798 1441/2855/2799
f 1441/2855/2799 1488/2854/2798 1465/2856/2800
f 1441/2857/2799 1465/2858/2800 1464/2859/2801
f 1464/2859/2801 1465/2858/2800 1466/2860/2802
f 1464/2859/2801 1466/2860/2802 1463/2861/2803
f 1463/2861/2803 1466/2860/2802 1467/2862/2804
f 1463/2861/2803 1467/2862/2804 1462/2863/2805
f 1462/2863/2805 1467/2862/2804 1468/2864/2806
f 1462/2863/2805 1468/2864/2806 1461/2865/2807
f 1461/2865/2807 1468/2864/2806 1469/2866/2808
f 1461/2865/2807 1469/2866/2808 1460/2867/2809
f 1460/2867/2809 1469/2866/2808 1470/2868/2810
f 1460/2867/2809 1470/2868/2810 1459/2869/2811
f 1459/2869/2811 1470/2868/2810 1471/2870/2812
f 1459/2869/2811 1471/2870/2812 1458/2871/2813
f 1458/2871/2813 1471/2870/2812 1472/2872/2814
f 1458/2871/2813 1472/2872/2814 1457/2873/2815
f 1457/2873/2815 1472/2872/2814 1473/2874/2816
f 1457/2873/2815 1473/2874/2816 1456/2875/2817
f 1456/2875/2817 1473/2874/2816 1474/2876/2818
f 1456/2875/2817 1474/2876/2818 1455/2877/2819
f 1455/2877/2819 1474/2876/2818 1475/2878/2820
f 1455/2877/2819 1475/2878/2820 1454/2879/2821
f 1454/2879/2821 1475/2878/2820 1476/2880/2822
f 1454/2879/2821 1476/2880/2822 1453/2881/2823
f 1453/2881/2823 1476/2880/2822 1477/2882/2824
f 1453/2881/2823 1477/2882/2824 1452/2883/2825
f 1452/2883/2825 1477/2882/2824 1478/2884/2826
f 1452/2883/2825 1478/2884/2826 1451/2885/2827
f 1451/2885/2827 1478/2884/2826 1479/2886/2828
f 1451/2885/2827 1479/2886/2828 1450/2887/2829
f 1450/2887/2829 1479/2886/2828 1480/2888/2830
f 1450/2887/2829 1480/2888/2830 1449/2889/2831
f 1449/2889/2831 1480/2888/2830 1481/2890/2832
f 1449/2889/2831 1481/2890/2832 1448/2891/2833
f 1448/2891/2833 1481/2890/2832 1482/2892/2834
f 1448/2891/2833 1482/2892/2834 1447/2893/2835
f 1447/2893/2835 1482/2892/2834 1483/2894/2836
f 1447/2893/2835 1483/2894/2836 1446/2895/2837
f 1446/2895/2837 1483/2894/2836 1484/2896/2838
f 1446/2895/2837 1484/2896/2838 1445/2897/2839
f 1445/2897/2839 1484/2896/2838 1485/2898/2840
f 1445/2897/2839 1485/2898/2840 1444/2899/2841
f 1444/2899/2841 1485/2898/2840 1486/2900/2842
f 1444/2899/2841 1486/2900/2842 1443/2901/2843
f 1443/2901/2843 1486/2900/2842 1487/2902/2844
f 1443/2901/2843 1487/2902/2844 1442/2853/2797
f 1442/2853/2797 1487/2902/2844 1488/2854/2798
f 1512/2903/2845 1489/2904/2846 1441/2905/2847
f 1441/2905/2847 1489/2904/2846 1490/2906/2848
f 1441/2905/2847 1490/2906/2848 1442/2907/2849
f 1442/2907/2849 1490/2906/2848 1491/2908/2850
f 1442/2907/2849 1491/2908/2850 1443/2909/2851
f 1443/2909/2851 1491/2908/2850 1492/2910/2852
f 1443/2909/2851 1492/2910/2852 1444/2911/2853
f 1444/2911/2853 1492/2910/2852 1493/2912/2854
f 1444/2911/2853 1493/2912/2854 1445/2913/2855
f 1445/2913/2855 1493/2912/2854 1494/2914/2856
f 1445/2913/2855 1494/2914/2856 1446/2915/2857
f 1446/2915/2857 1494/2914/2856 1495/2916/2858
f 1446/2915/2857 1495/2916/2858 1447/2917/2859
f 1447/2917/2859 1495/2916/2858 1448/2918/2860
f 1448/2918/2860 1495/2916/2858 1496/2919/2861
f 1448/2918/2860 1496/2919/2861 1449/2920/2862
f 1449/2920/2862 1496/2919/2861 1497/2921/2863
f 1449/2920/2862 1497/2921/2863 1450/2922/2864
f 1450/2922/2864 1497/2921/2863 1498/2923/2865
f 1450/2922/2864 1498/2923/2865 1451/2924/2866
f 1451/2924/2866 1498/2923/2865 1499/2925/2867
f 1451/2924/2866 1499/2925/2867 1452/2926/2868
f 1452/2926/2868 1499/2925/2867 1500/2927/2869
f 1452/2926/2868 1500/2927/2869 1453/2928/2870
f 1453/2928/2870 1500/2927/2869 1501/2929/2871
f 1453/2928/2870 1501/2929/2871 1454/2930/2872
f 1454/2930/2872 1501/2929/2871 1502/2931/2873
f 1454/2930/2872 1502/2931/2873 1503/2932/2874
f 1454/2930/2872 1503/2932/2874 1455/2933/2875
f 1455/2933/2875 1503/2932/2874 1504/2934/2876
f 1455/2933/2875 1504/2934/2876 1456/2935/2877
f 1456/2935/2877 1504/2934/2876 1505/2936/2878
f 1456/2935/2877 1505/2936/2878 1457/2937/2879
f 1457/2937/2879 1505/2936/2878 1506/2938/2880
f 1457/2937/2879 1506/2938/2880 1458/2939/2881
f 1458/2939/2881 1506/2938/2880 1507/2940/2882
f 1458/2939/2881 1507/2940/2882 1459/2941/2883
f 1459/2941/2883 1507/2940/2882 1460/2942/2884
f 1460/2942/2884 1507/2940/2882 1508/2943/2885
f 1460/2942/2884 1508/2943/2885 1461/2944/2886
f 1461/2944/2886 1508/2943/2885 1509/2945/2887
f 1461/2944/2886 1509/2945/2887 1462/2946/2888
f 1462/2946/2888 1509/2945/2887 1510/2947/2889
f 1462/2946/2888 1510/2947/2889 1463/2948/2890
f 1463/2948/2890 1510/2947/2889 1511/2949/2891
f 1463/2948/2890 1511/2949/2891 1464/2950/2892
f 1464/2950/2892 1511/2949/2891 1512/2903/2845
f 1464/2950/2892 1512/2903/2845 1441/2905/2847
f 1513/2951/2893 1514/2952/2894 1516/2953/2895
f 1516/2953/2895 1514/2952/2894 1515/2954/2896
f 1514/2955/2897 1517/2956/2898 1515/2957/2899
f 1515/2957/2899 1517/2956/2898 1518/2958/2900
f 1517/2959/2901 1519/2960/2902 1518/2961/2903
f 1518/2961/2903 1519/2960/2902 1520/2962/2904
f 1519/2963/2905 1513/2964/2906 1520/2965/2907
f 1520/2965/2907 1513/2964/2906 1516/2966/2908
f 1512/2967/2909 1546/2968/2910 1489/2969/2911
f 1489/2969/2911 1546/2968/2910 1545/2970/2912
f 1489/2971/2911 1545/2972/2912 1490/2973/2913
f 1490/2973/2913 1545/2972/2912 1568/2974/2914
f 1490/2973/2913 1568/2974/2914 1491/2975/2915
f 1491/2975/2915 1568/2974/2914 1567/2976/2916
f 1491/2975/2915 1567/2976/2916 1492/2977/2917
f 1492/2977/2917 1567/2976/2916 1566/2978/2918
f 1492/2977/2917 1566/2978/2918 1493/2979/2919
f 1493/2979/2919 1566/2978/2918 1565/2980/2920
f 1493/2979/2919 1565/2980/2920 1494/2981/2921
f 1494/2981/2921 1565/2980/2920 1564/2982/2922
f 1494/2981/2921 1564/2982/2922 1495/2983/2923
f 1495/2983/2923 1564/2982/2922 1563/2984/2924
f 1495/2983/2923 1563/2984/2924 1496/2985/2925
f 1496/2985/2925 1563/2984/2924 1562/2986/2926
f 1496/2985/2925 1562/2986/2926 1497/2987/2927
f 1497/2987/2927 1562/2986/2926 1561/2988/2928
f 1497/2987/2927 1561/2988/2928 1498/2989/2929
f 1498/2989/2929 1561/2988/2928 1560/2990/2930
f 1498/2989/2929 1560/2990/2930 1499/2991/2931
f 1499/2991/2931 1560/2990/2930 1559/2992/2932
f 1499/2991/2931 1559/2992/2932 1500/2993/2933
f 1500/2993/2933 1559/2992/2932 1558/2994/2934
f 1500/2993/2933 1558/2994/2934 1501/2995/2935
f 1501/2995/2935 1558/2994/2934 1557/2996/2936
f 1501/2995/2935 1557/2996/2936 1502/2997/2937
f 1502/2997/2937 1557/2996/2936 1556/2998/2938
f 1502/2997/2937 1556/2998/2938 1503/2999/2939
f 1503/2999/2939 1556/2998/2938 1555/3000/2940
f 1503/2999/2939 1555/3000/2940 1504/3001/2941
f 1504/3001/2941 1555/3000/2940 1554/3002/2942
f 1504/3001/2941 1554/3002/2942 1505/3003/2943
f 1505/3003/2943 1554/3002/2942 1553/3004/2944
f 1505/3003/2943 1553/3004/2944 1506/3005/2945
f 1506/3005/2945 1553/3004/2944 1552/3006/2946
f 1506/3005/2945 1552/3006/2946 1507/3007/2947
f 1507/3007/2947 1552/3006/2946 1551/3008/2948
f 1507/3007/2947 1551/3008/2948 1508/3009/2949
f 1508/3009/2949 1551/3008/2948 1550/3010/2950
f 1508/3009/2949 1550/3010/2950 1509/3011/2951
f 1509/3011/2951 1550/3010/2950 1549/3012/2952
f 1509/3011/2951 1549/3012/2952 1510/3013/2953
f 1510/3013/2953 1549/3012/2952 1548/3014/2954
f 1510/3013/2953 1548/3014/2954 1511/3015/2955
f 1511/3015/2955 1548/3014/2954 1547/3016/2956
f 1511/3015/2955 1547/3016/2956 1512/2967/2909
f 1512/2967/2909 1547/3016/2956 1546/2968/2910
f 1522/3017/2957 1568/2974/2914 1521/3018/2958
f 1521/3018/2958 1568/2974/2914 1545/2972/2912
f 1521/3019/2958 1545/2970/2912 1544/3020/2959
f 1544/3020/2959 1545/2970/2912 1546/2968/2910
f 1544/3020/2959 1546/2968/2910 1543/3021/2960
f 1543/3021/2960 1546/2968/2910 1547/3016/2956
f 1543/3021/2960 1547/3016/2956 1542/3022/2961
f 1542/3022/2961 1547/3016/2956 1548/3014/2954
f 1542/3022/2961 1548/3014/2954 1541/3023/2962
f 1541/3023/2962 1548/3014/2954 1549/3012/2952
f 1541/3023/2962 1549/3012/2952 1540/3024/2963
f 1540/3024/2963 1549/3012/2952 1550/3010/2950
f 1540/3024/2963 1550/3010/2950 1539/3025/2964
f 1539/3025/2964 1550/3010/2950 1551/3008/2948
f 1539/3025/2964 1551/3008/2948 1538/3026/2965
f 1538/3026/2965 1551/3008/2948 1552/3006/2946
f 1538/3026/2965 1552/3006/2946 1537/3027/2966
f 1537/3027/2966 1552/3006/2946 1553/3004/2944
f 1537/3027/2966 1553/3004/2944 1536/3028/2967
f 1536/3028/2967 1553/3004/2944 1554/3002/2942
f 1536/3028/2967 1554/3002/2942 1535/3029/2968
f 1535/3029/2968 1554/3002/2942 1555/3000/2940
f 1535/3029/2968 1555/3000/2940 1534/3030/2969
f 1534/3030/2969 1555/3000/2940 1556/2998/2938
f 1534/3030/2969 1556/2998/2938 1533/3031/2970
f 1533/3031/2970 1556/2998/2938 1557/2996/2936
f 1533/3031/2970 1557/2996/2936 1532/3032/2971
f 1532/3032/2971 1557/2996/2936 1558/2994/2934
f 1532/3032/2971 1558/2994/2934 1531/3033/2972
f 1531/3033/2972 1558/2994/2934 1559/2992/2932
f 1531/3033/2972 1559/2992/2932 1530/3034/2973
f 1530/3034/2973 1559/2992/2932 1560/2990/2930
f 1530/3034/2973 1560/2990/2930 1529/3035/2974
f 1529/3035/2974 1560/2990/2930 1561/2988/2928
f 1529/3035/2974 1561/2988/2928 1528/3036/2975
f 1528/3036/2975 1561/2988/2928 1562/2986/2926
f 1528/3036/2975 1562/2986/2926 1527/3037/2976
f 1527/3037/2976 1562/2986/2926 1563/2984/2924
f 1527/3037/2976 1563/2984/2924 1526/3038/2977
f 1526/3038/2977 1563/2984/2924 1564/2982/2922
f 1526/3038/2977 1564/2982/2922 1525/3039/2978
f 1525/3039/2978 1564/2982/2922 1565/2980/2920
f 1525/3039/2978 1565/2980/2920 1524/3040/2979
f 1524/3040/2979 1565/2980/2920 1566/2978/2918
f 1524/3040/2979 1566/2978/2918 1523/3041/2980
f 1523/3041/2980 1566/2978/2918 1567/2976/2916
f 1523/3041/2980 1567/2976/2916 1522/3017/2957
f 1522/3017/2957 1567/2976/2916 1568/2974/2914
f 1569/3042/2981 1570/3043/2982 1572/3044/2983
f 1572/3044/2983 1570/3043/2982 1571/3045/2984
f 1570/3046/2985 1573/3047/2986 1571/3048/2987
f 1571/3048/2987 1573/3047/2986 1574/3049/2988
f 1573/3050/2989 1575/3051/2990 1574/3052/2991
f 1574/3052/2991 1575/3051/2990 1576/3053/2992
f 1575/3054/2993 1569/3055/2994 1576/3056/2995
f 1576/3056/2995 1569/3055/2994 1572/3057/2996
f 1577/3058/2997 1578/3059/2998 1580/3060/2999
f 1580/3060/2999 1578/3059/2998 1579/3061/3000
f 1578/3062/3001 1581/3063/3002 1579/3064/3003
f 1579/3064/3003 1581/3063/3002 1582/3065/3004
f 1581/3066/3005 1583/3067/3006 1582/3068/3007
f 1582/3068/3007 1583/3067/3006 1584/3069/3008
f 1583/3070/3009 1577/3071/3010 1584/3072/3011
f 1584/3072/3011 1577/3071/3010 1580/3073/3012
f 1440/3074/3013 1610/3075/3014 1417/3076/3015
f 1417/3076/3015 1610/3075/3014 1609/3077/3016
f 1417/3078/3015 1609/3079/3016 1418/3080/3017
f 1418/3080/3017 1609/3079/3016 1632/3081/3018
f 1418/3080/3017 1632/3081/3018 1419/3082/3019
f 1419/3082/3019 1632/3081/3018 1631/3083/3020
f 1419/3082/3019 1631/3083/3020 1420/3084/3021
f 1420/3084/3021 1631/3083/3020 1630/3085/3022
f 1420/3084/3021 1630/3085/3022 1421/3086/3023
f 1421/3086/3023 1630/3085/3022 1629/3087/3024
f 1421/3086/3023 1629/3087/3024 1422/3088/3025
f 1422/3088/3025 1629/3087/3024 1628/3089/3026
f 1422/3088/3025 1628/3089/3026 1423/3090/3027
f 1423/3090/3027 1628/3089/3026 1627/3091/3028
f 1423/3090/3027 1627/3091/3028 1424/3092/3029
f 1424/3092/3029 1627/3091/3028 1626/3093/3030
f 1424/3092/3029 1626/3093/3030 1425/3094/3031
f 1425/3094/3031 1626/3093/3030 1625/3095/3032
f 1425/3094/3031 1625/3095/3032 1426/3096/3033
f 1426/3096/3033 1625/3095/3032 1624/3097/3034
f 1426/3096/3033 1624/3097/3034 1427/3098/3035
f 1427/3098/3035 1624/3097/3034 1623/3099/3036
f 1427/3098/3035 1623/3099/3036 1428/3100/3037
f 1428/3100/3037 1623/3099/3036 1622/3101/3038
f 1428/3100/3037 1622/3101/3038 1429/3102/3039
f 1429/3102/3039 1622/3101/3038 1621/3103/3040
f 1429/3102/3039 1621/3103/3040 1430/3104/3041
f 1430/3104/3041 1621/3103/3040 1620/3105/3042
f 1430/3104/3041 1620/3105/3042 1431/3106/3043
f 1431/3106/3043 1620/3105/3042 1619/3107/3044
f 1431/3106/3043 1619/3107/3044 1432/3108/3045
f 1432/3108/3045 1619/3107/3044 1618/3109/3046
f 1432/3108/3045 1618/3109/3046 1433/3110/3047
f 1433/3110/3047 1618/3109/3046 1617/3111/3048
f 1433/3110/3047 1617/3111/3048 1434/3112/3049
f 1434/3112/3049 1617/3111/3048 1616/3113/3050
f 1434/3112/3049 1616/3113/3050 1435/3114/3051
f 1435/3114/3051 1616/3113/3050 1615/3115/3052
f 1435/3114/3051 1615/3115/3052 1436/3116/3053
f 1436/3116/3053 1615/3115/3052 1614/3117/3054
f 1436/3116/3053 1614/3117/3054 1437/3118/3055
f 1437/3118/3055 1614/3117/3054 1613/3119/3056
f 1437/3118/3055 1613/3119/3056 1438/3120/3057
f 1438/3120/3057 1613/3119/3056 1612/3121/3058
f 1438/3120/3057 1612/3121/3058 1439/3122/3059
f 1439/3122/3059 1612/3121/3058 1611/3123/3060
f 1439/3122/3059 1611/3123/3060 1440/3074/3013
f 1440/3074/3013 1611/3123/3060 1610/3075/3014
f 1586/3124/3061 1632/3081/3018 1585/3125/3062
f 1585/3125/3062 1632/3081/3018 1609/3079/3016
f 1585/3126/3062 1609/3077/3016 1608/3127/3063
f 1608/3127/3063 1609/3077/3016 1610/3075/3014
f 1608/3127/3063 1610/3075/3014 1607/3128/3064
f 1607/3128/3064 1610/3075/3014 1611/3123/3060
f 1607/3128/3064 1611/3123/3060 1606/3129/3065
f 1606/3129/3065 1611/3123/3060 1612/3121/3058
f 1606/3129/3065 1612/3121/3058 1605/3130/3066
f 1605/3130/3066 1612/3121/3058 1613/3119/3056
f 1605/3130/3066 1613/3119/3056 1604/3131/3067
f 1604/3131/3067 1613/3119/3056 1614/3117/3054
f 1604/3131/3067 1614/3117/3054 1603/3132/3068
f 1603/3132/3068 1614/3117/3054 1615/3115/3052
f 1603/3132/3068 1615/3115/3052 1602/3133/3069
f 1602/3133/3069 1615/3115/3052 1616/3113/3050
f 1602/3133/3069 1616/3113/3050 1601/3134/3070
f 1601/3134/3070 1616/3113/3050 1617/3111/3048
f 1601/3134/3070 1617/3111/3048 1600/3135/3071
f 1600/3135/3071 1617/3111/3048 1618/3109/3046
f 1600/3135/3071 1618/3109/3046 1599/3136/3072
f 1599/3136/3072 1618/3109/3046 1619/3107/3044
f 1599/3136/3072 1619/3107/3044 1598/3137/3073
f 1598/3137/3073 1619/3107/3044 1620/3105/3042
f 1598/3137/3073 1620/3105/3042 1597/3138/3074
f 1597/3138/3074 1620/3105/3042 1621/3103/3040
f 1597/3138/3074 1621/3103/3040 1596/3139/3075
f 1596/3139/3075 1621/3103/3040 1622/3101/3038
f 1596/3139/3075 1622/3101/3038 1595/3140/3076
f 1595/3140/3076 1622/3101/3038 1623/3099/3036
f 1595/3140/3076 1623/3099/3036 1594/3141/3077
f 1594/3141/3077 1623/3099/3036 1624/3097/3034
f 1594/3141/3077 1624/3097/3034 1593/3142/3078
f 1593/3142/3078 1624/3097/3034 1625/3095/3032
f 1593/3142/3078 1625/3095/3032 1592/3143/3079
f 1592/3143/3079 1625/3095/3032 1626/3093/3030
f 1592/3143/3079 1626/3093/3030 1591/3144/3080
f 1591/3144/3080 1626/3093/3030 1627/3091/3028
f 1591/3144/3080 1627/3091/3028 1590/3145/3081
f 1590/3145/3081 1627/3091/3028 1628/3089/3026
f 1590/3145/3081 1628/3089/3026 1589/3146/3082
f 1589/3146/3082 1628/3089/3026 1629/3087/3024
f 1589/3146/3082 1629/3087/3024 1588/3147/3083
f 1588/3147/3083 1629/3087/3024 1630/3085/3022
f 1588/3147/3083 1630/3085/3022 1587/3148/3084
f 1587/3148/3084 1630/3085/3022 1631/3083/3020
f 1587/3148/3084 1631/3083/3020 1586/3124/3061
f 1586/3124/3061 1631/3083/3020 1632/3081/3018
f 1634/3149/3085 1680/3150/3086 1633/3151/3087
f 1633/3151/3087 1680/3150/3086 1657/3152/3088
f 1633/3153/3087 1657/3154/3088 1656/3155/3089
f 1656/3155/3089 1657/3154/3088 1658/3156/3090
f 1656/3155/3089 1658/3156/3090 1655/3157/3091
f 1655/3157/3091 1658/3156/3090 1659/3158/3092
f 1655/3157/3091 1659/3158/3092 1654/3159/3093
f 1654/3159/3093 1659/3158/3092 1660/3160/3094
f 1654/3159/3093 1660/3160/3094 1653/3161/3095
f 1653/3161/3095 1660/3160/3094 1661/3162/3096
f 1653/3161/3095 1661/3162/3096 1652/3163/3097
f 1652/3163/3097 1661/3162/3096 1662/3164/3098
f 1652/3163/3097 1662/3164/3098 1651/3165/3099
f 1651/3165/3099 1662/3164/3098 1663/3166/3100
f 1651/3165/3099 1663/3166/3100 1650/3167/3101
f 1650/3167/3101 1663/3166/3100 1664/3168/3102
f 1650/3167/3101 1664/3168/3102 1649/3169/3103
f 1649/3169/3103 1664/3168/3102 1665/3170/3104
f 1649/3169/3103 1665/3170/3104 1648/3171/3105
f 1648/3171/3105 1665/3170/3104 1666/3172/3106
f 1648/3171/3105 1666/3172/3106 1647/3173/3107
f 1647/3173/3107 1666/3172/3106 1667/3174/3108
f 1647/3173/3107 1667/3174/3108 1646/3175/3109
f 1646/3175/3109 1667/3174/3108 1668/3176/3110
f 1646/3175/3109 1668/3176/3110 1645/3177/3111
f 1645/3177/3111 1668/3176/3110 1669/3178/3112
f 1645/3177/3111 1669/3178/3112 1644/3179/3113
f 1644/3179/3113 1669/3178/3112 1670/3180/3114
f 1644/3179/3113 1670/3180/3114 1643/3181/3115
f 1643/3181/3115 1670/3180/3114 1671/3182/3116
f 1643/3181/3115 1671/3182/3116 1642/3183/3117
f 1642/3183/3117 1671/3182/3116 1672/3184/3118
f 1642/3183/3117 1672/3184/3118 1641/3185/3119
f 1641/3185/3119 1672/3184/3118 1673/3186/3120
f 1641/3185/3119 1673/3186/3120 1640/3187/3121
f 1640/3187/3121 1673/3186/3120 1674/3188/3122
f 1640/3187/3121 1674/3188/3122 1639/3189/3123
f 1639/3189/3123 1674/3188/3122 1675/3190/3124
f 1639/3189/3123 1675/3190/3124 1638/3191/3125
f 1638/3191/3125 1675/3190/3124 1676/3192/3126
f 1638/3191/3125 1676/3192/3126 1637/3193/3127
f 1637/3193/3127 1676/3192/3126 1677/3194/3128
f 1637/3193/3127 1677/3194/3128 1636/3195/3129
f 1636/3195/3129 1677/3194/3128 1678/3196/3130
f 1636/3195/3129 1678/3196/3130 1635/3197/3131
f 1635/3197/3131 1678/3196/3130 1679/3198/3132
f 1635/3197/3131 1679/3198/3132 1634/3149/3085
f 1634/3149/3085 1679/3198/3132 1680/3150/3086
f 1488/3199/3133 1679/3200/3134 1465/3201/3135
f 1465/3201/3135 1679/3200/3134 1678/3202/3136
f 1465/3201/3135 1678/3202/3136 1466/3203/3137
f 1466/3203/3137 1678/3202/3136 1677/3204/3138
f 1466/3203/3137 1677/3204/3138 1467/3205/3139
f 1467/3205/3139 1677/3204/3138 1468/3206/3140
f 1468/3206/3140 1677/3204/3138 1676/3207/3141
f 1468/3206/3140 1676/3207/3141 1695/3208/3142
f 1695/3208/3142 1676/3207/3141 1675/3209/3143
f 1695/3208/3142 1675/3209/3143 1674/3210/3144
f 1679/3200/3134 1488/3199/3133 1680/3211/3145
f 1680/3211/3145 1488/3199/3133 1487/3212/3146
f 1680/3211/3145 1487/3212/3146 1657/3213/3147
f 1657/3213/3147 1487/3212/3146 1486/3214/3148
f 1657/3213/3147 1486/3214/3148 1658/3215/3149
f 1658/3215/3149 1486/3214/3148 1485/3216/3150
f 1658/3215/3149 1485/3216/3150 1659/3217/3151
f 1659/3217/3151 1485/3216/3150 1711/3218/3152
f 1659/3217/3151 1711/3218/3152 1660/3219/3153
f 1660/3219/3153 1711/3218/3152 1712/3220/3154
f 1660/3219/3153 1712/3220/3154 1661/3221/3155
f 1661/3221/3155 1712/3220/3154 1713/3222/3156
f 1661/3221/3155 1713/3222/3156 1662/3223/3157
f 1662/3223/3157 1713/3222/3156 1714/3224/3158
f 1662/3223/3157 1714/3224/3158 1663/3225/3159
f 1663/3225/3159 1714/3224/3158 1715/3226/3160
f 1663/3225/3159 1715/3226/3160 1664/3227/3161
f 1664/3227/3161 1715/3226/3160 1716/3228/3162
f 1664/3227/3161 1716/3228/3162 1665/3229/3163
f 1665/3229/3163 1716/3228/3162 1717/3230/3164
f 1665/3229/3163 1717/3230/3164 1666/3231/3165
f 1666/3231/3165 1717/3230/3164 1718/3232/3166
f 1666/3231/3165 1718/3232/3166 1667/3233/3167
f 1667/3233/3167 1718/3232/3166 1719/3234/3168
f 1667/3233/3167 1719/3234/3168 1668/3235/3169
f 1668/3235/3169 1719/3234/3168 1720/3236/3170
f 1668/3235/3169 1720/3236/3170 1669/3237/3171
f 1669/3237/3171 1720/3236/3170 1721/3238/3172
f 1669/3237/3171 1721/3238/3172 1695/3208/3142
f 1695/3208/3142 1721/3238/3172 1694/3239/3173
f 1694/3239/3173 1721/3238/3172 1722/3240/3174
f 1694/3239/3173 1722/3240/3174 1723/3241/3175
f 1485/3216/3150 1484/3242/3176 1711/3218/3152
f 1711/3218/3152 1484/3242/3176 1710/3243/3177
f 1710/3243/3177 1484/3242/3176 1483/3244/3178
f 1710/3243/3177 1483/3244/3178 1709/3245/3179
f 1709/3245/3179 1483/3244/3178 1732/3246/3180
f 1732/3246/3180 1483/3244/3178 1482/3247/3181
f 1732/3246/3180 1482/3247/3181 1731/3248/3182
f 1731/3248/3182 1482/3247/3181 1583/3249/3183
f 1731/3248/3182 1583/3249/3183 1730/3250/3184
f 1730/3250/3184 1583/3249/3183 1729/3251/3185
f 1729/3251/3185 1583/3249/3183 1694/3239/3173
f 1729/3251/3185 1694/3239/3173 1728/3252/3186
f 1728/3252/3186 1694/3239/3173 1727/3253/3187
f 1727/3253/3187 1694/3239/3173 1726/3254/3188
f 1726/3254/3188 1694/3239/3173 1725/3255/3189
f 1725/3255/3189 1694/3239/3173 1724/3256/3190
f 1724/3256/3190 1694/3239/3173 1723/3241/3175
f 1482/3247/3181 1481/3257/3191 1583/3249/3183
f 1583/3249/3183 1481/3257/3191 1480/3258/3192
f 1583/3249/3183 1480/3258/3192 1479/3259/3193
f 1583/3249/3183 1479/3259/3193 1513/3260/3194
f 1513/3260/3194 1479/3259/3193 1478/3261/3195
f 1513/3260/3194 1478/3261/3195 1477/3262/3196
f 1477/3262/3196 1476/3263/3197 1513/3260/3194
f 1513/3260/3194 1476/3263/3197 1475/3264/3198
f 1513/3260/3194 1475/3264/3198 1474/3265/3199
f 1474/3265/3199 1473/3266/3200 1513/3260/3194
f 1513/3260/3194 1473/3266/3200 1514/3267/3201
f 1514/3267/3201 1473/3266/3200 1472/3268/3202
f 1514/3267/3201 1472/3268/3202 1701/3269/3203
f 1701/3269/3203 1472/3268/3202 1471/3270/3204
f 1701/3269/3203 1471/3270/3204 1697/3271/3205
f 1697/3271/3205 1471/3270/3204 1696/3272/3206
f 1696/3272/3206 1471/3270/3204 1695/3208/3142
f 1695/3208/3142 1471/3270/3204 1470/3273/3207
f 1695/3208/3142 1470/3273/3207 1469/3274/3208
f 1469/3274/3208 1468/3206/3140 1695/3208/3142
f 1674/3210/3144 1673/3275/3209 1695/3208/3142
f 1695/3208/3142 1673/3275/3209 1672/3276/3210
f 1695/3208/3142 1672/3276/3210 1671/3277/3211
f 1671/3277/3211 1670/3278/3212 1695/3208/3142
f 1695/3208/3142 1670/3278/3212 1669/3237/3171
f 1682/3279/3213 1412/3280/3214 1681/3281/3215
f 1681/3281/3215 1412/3280/3214 1411/3282/3216
f 1681/3281/3215 1411/3282/3216 1410/3283/3217
f 1412/3280/3214 1682/3279/3213 1687/3284/3218
f 1687/3284/3218 1682/3279/3213 1683/3285/3219
f 1687/3284/3218 1683/3285/3219 1684/3286/3220
f 1684/3286/3220 1685/3287/3221 1687/3284/3218
f 1687/3284/3218 1685/3287/3221 1686/3288/3222
f 1688/3289/3223 1581/3290/3224 1687/3284/3218
f 1687/3284/3218 1581/3290/3224 1578/3291/3225
f 1687/3284/3218 1578/3291/3225 1413/3292/3226
f 1413/3292/3226 1578/3291/3225 1577/3293/3227
f 1413/3292/3226 1577/3293/3227 1414/3294/3228
f 1414/3294/3228 1577/3293/3227 1415/3295/3229
f 1415/3295/3229 1577/3293/3227 1416/3296/3230
f 1416/3296/3230 1577/3293/3227 1393/3297/3231
f 1393/3297/3231 1577/3293/3227 1394/3298/3232
f 1394/3298/3232 1577/3293/3227 1395/3299/3233
f 1395/3299/3233 1577/3293/3227 1519/3300/3234
f 1395/3299/3233 1519/3300/3234 1396/3301/3235
f 1396/3301/3235 1519/3300/3234 1397/3302/3236
f 1397/3302/3236 1519/3300/3234 1575/3303/3237
f 1397/3302/3236 1575/3303/3237 1398/3304/3238
f 1398/3304/3238 1575/3303/3237 1573/3305/3239
f 1398/3304/3238 1573/3305/3239 1399/3306/3240
f 1399/3306/3240 1573/3305/3239 1400/3307/3241
f 1400/3307/3241 1573/3305/3239 1401/3308/3242
f 1401/3308/3242 1573/3305/3239 1402/3309/3243
f 1402/3309/3243 1573/3305/3239 1403/3310/3244
f 1403/3310/3244 1573/3305/3239 1570/3311/3245
f 1403/3310/3244 1570/3311/3245 1404/3312/3246
f 1404/3312/3246 1570/3311/3245 1405/3313/3247
f 1405/3313/3247 1570/3311/3245 1406/3314/3248
f 1406/3314/3248 1570/3311/3245 1407/3315/3249
f 1407/3315/3249 1570/3311/3245 1681/3281/3215
f 1407/3315/3249 1681/3281/3215 1408/3316/3250
f 1408/3316/3250 1681/3281/3215 1409/3317/3251
f 1409/3317/3251 1681/3281/3215 1410/3283/3217
f 1689/3318/3252 1690/3319/3253 1688/3289/3223
f 1688/3289/3223 1690/3319/3253 1691/3320/3254
f 1688/3289/3223 1691/3320/3254 1692/3321/3255
f 1692/3321/3255 1693/3322/3256 1688/3289/3223
f 1688/3289/3223 1693/3322/3256 1694/3239/3173
f 1688/3289/3223 1694/3239/3173 1581/3290/3224
f 1581/3290/3224 1694/3239/3173 1583/3249/3183
f 1697/3271/3205 1698/3323/3257 1701/3269/3203
f 1701/3269/3203 1698/3323/3257 1699/3324/3258
f 1701/3269/3203 1699/3324/3258 1700/3325/3259
f 1701/3269/3203 1702/3326/3260 1514/3267/3201
f 1514/3267/3201 1702/3326/3260 1517/3327/3261
f 1517/3327/3261 1702/3326/3260 1708/3328/3262
f 1517/3327/3261 1708/3328/3262 1519/3300/3234
f 1519/3300/3234 1708/3328/3262 1575/3303/3237
f 1703/3329/3263 1704/3330/3264 1702/3326/3260
f 1702/3326/3260 1704/3330/3264 1705/3331/3265
f 1702/3326/3260 1705/3331/3265 1706/3332/3266
f 1706/3332/3266 1707/3333/3267 1702/3326/3260
f 1702/3326/3260 1707/3333/3267 1708/3328/3262
f 1681/3281/3215 1570/3311/3245 1708/3328/3262
f 1708/3328/3262 1570/3311/3245 1569/3334/3268
f 1708/3328/3262 1569/3334/3268 1575/3303/3237
f 1519/3300/3234 1577/3293/3227 1513/3260/3194
f 1513/3260/3194 1577/3293/3227 1583/3249/3183
f 1413/3292/3226 1412/3280/3214 1687/3284/3218
f 1734/3335/3269 1634/3336/3270 1733/3337/3271
f 1733/3337/3271 1634/3336/3270 1633/3338/3272
f 1733/3339/3271 1633/3340/3272 1756/3341/3273
f 1756/3341/3273 1633/3340/3272 1656/3342/3274
f 1756/3341/3273 1656/3342/3274 1755/3343/3275
f 1755/3343/3275 1656/3342/3274 1655/3344/3276
f 1755/3343/3275 1655/3344/3276 1754/3345/3277
f 1754/3345/3277 1655/3344/3276 1654/3346/3278
f 1754/3345/3277 1654/3346/3278 1753/3347/3279
f 1753/3347/3279 1654/3346/3278 1653/3348/3280
f 1753/3347/3279 1653/3348/3280 1752/3349/3281
f 1752/3349/3281 1653/3348/3280 1652/3350/3282
f 1752/3349/3281 1652/3350/3282 1751/3351/3283
f 1751/3351/3283 1652/3350/3282 1651/3352/3284
f 1751/3351/3283 1651/3352/3284 1750/3353/3285
f 1750/3353/3285 1651/3352/3284 1650/3354/3286
f 1750/3353/3285 1650/3354/3286 1749/3355/3287
f 1749/3355/3287 1650/3354/3286 1649/3356/3288
f 1749/3355/3287 1649/3356/3288 1748/3357/3289
f 1748/3357/3289 1649/3356/3288 1648/3358/3290
f 1748/3357/3289 1648/3358/3290 1747/3359/3291
f 1747/3359/3291 1648/3358/3290 1647/3360/3292
f 1747/3359/3291 1647/3360/3292 1746/3361/3293
f 1746/3361/3293 1647/3360/3292 1646/3362/3294
f 1746/3361/3293 1646/3362/3294 1745/3363/3295
f 1745/3363/3295 1646/3362/3294 1645/3364/3296
f 1745/3363/3295 1645/3364/3296 1744/3365/3297
f 1744/3365/3297 1645/3364/3296 1644/3366/3298
f 1744/3365/3297 1644/3366/3298 1743/3367/3299
f 1743/3367/3299 1644/3366/3298 1643/3368/3300
f 1743/3367/3299 1643/3368/3300 1742/3369/3301
f 1742/3369/3301 1643/3368/3300 1642/3370/3302
f 1742/3369/3301 1642/3370/3302 1741/3371/3303
f 1741/3371/3303 1642/3370/3302 1641/3372/3304
f 1741/3371/3303 1641/3372/3304 1740/3373/3305
f 1740/3373/3305 1641/3372/3304 1640/3374/3306
f 1740/3373/3305 1640/3374/3306 1739/3375/3307
f 1739/3375/3307 1640/3374/3306 1639/3376/3308
f 1739/3375/3307 1639/3376/3308 1738/3377/3309
f 1738/3377/3309 1639/3376/3308 1638/3378/3310
f 1738/3377/3309 1638/3378/3310 1737/3379/3311
f 1737/3379/3311 1638/3378/3310 1637/3380/3312
f 1737/3379/3311 1637/3380/3312 1736/3381/3313
f 1736/3381/3313 1637/3380/3312 1636/3382/3314
f 1736/3381/3313 1636/3382/3314 1735/3383/3315
f 1735/3383/3315 1636/3382/3314 1635/3384/3316
f 1735/3383/3315 1635/3384/3316 1734/3335/3269
f 1734/3335/3269 1635/3384/3316 1634/3336/3270
f 1758/3385/3317 1710/3386/3318 1757/3387/3319
f 1757/3387/3319 1710/3386/3318 1709/3388/3320
f 1757/3389/3319 1709/3390/3320 1780/3391/3321
f 1780/3391/3321 1709/3390/3320 1732/3392/3322
f 1780/3391/3321 1732/3392/3322 1779/3393/3323
f 1779/3393/3323 1732/3392/3322 1731/3394/3324
f 1779/3393/3323 1731/3394/3324 1778/3395/3325
f 1778/3395/3325 1731/3394/3324 1730/3396/3326
f 1778/3395/3325 1730/3396/3326 1777/3397/3327
f 1777/3397/3327 1730/3396/3326 1729/3398/3328
f 1777/3397/3327 1729/3398/3328 1776/3399/3329
f 1776/3399/3329 1729/3398/3328 1728/3400/3330
f 1776/3399/3329 1728/3400/3330 1775/3401/3331
f 1775/3401/3331 1728/3400/3330 1727/3402/3332
f 1775/3401/3331 1727/3402/3332 1774/3403/3333
f 1774/3403/3333 1727/3402/3332 1726/3404/3334
f 1774/3403/3333 1726/3404/3334 1773/3405/3335
f 1773/3405/3335 1726/3404/3334 1725/3406/3336
f 1773/3405/3335 1725/3406/3336 1772/3407/3337
f 1772/3407/3337 1725/3406/3336 1724/3408/3338
f 1772/3407/3337 1724/3408/3338 1771/3409/3339
f 1771/3409/3339 1724/3408/3338 1723/3410/3340
f 1771/3409/3339 1723/3410/3340 1770/3411/3341
f 1770/3411/3341 1723/3410/3340 1722/3412/3342
f 1770/3411/3341 1722/3412/3342 1769/3413/3343
f 1769/3413/3343 1722/3412/3342 1721/3414/3344
f 1769/3413/3343 1721/3414/3344 1768/3415/3345
f 1768/3415/3345 1721/3414/3344 1720/3416/3346
f 1768/3415/3345 1720/3416/3346 1767/3417/3347
f 1767/3417/3347 1720/3416/3346 1719/3418/3348
f 1767/3417/3347 1719/3418/3348 1766/3419/3349
f 1766/3419/3349 1719/3418/3348 1718/3420/3350
f 1766/3419/3349 1718/3420/3350 1765/3421/3351
f 1765/3421/3351 1718/3420/3350 1717/3422/3352
f 1765/3421/3351 1717/3422/3352 1764/3423/3353
f 1764/3423/3353 1717/3422/3352 1716/3424/3354
f 1764/3423/3353 1716/3424/3354 1763/3425/3355
f 1763/3425/3355 1716/3424/3354 1715/3426/3356
f 1763/3425/3355 1715/3426/3356 1762/3427/3357
f 1762/3427/3357 1715/3426/3356 1714/3428/3358
f 1762/3427/3357 1714/3428/3358 1761/3429/3359
f 1761/3429/3359 1714/3428/3358 1713/3430/3360
f 1761/3429/3359 1713/3430/3360 1760/3431/3361
f 1760/3431/3361 1713/3430/3360 1712/3432/3362
f 1760/3431/3361 1712/3432/3362 1759/3433/3363
f 1759/3433/3363 1712/3432/3362 1711/3434/3364
f 1759/3433/3363 1711/3434/3364 1758/3385/3317
f 1758/3385/3317 1711/3434/3364 1710/3386/3318
f 1782/3435/3365 1758/3436/3366 1781/3437/3367
f 1781/3437/3367 1758/3436/3366 1757/3438/3368
f 1781/3439/3367 1757/3440/3368 1804/3441/3369
f 1804/3441/3369 1757/3440/3368 1780/3442/3370
f 1804/3441/3369 1780/3442/3370 1803/3443/3371
f 1803/3443/3371 1780/3442/3370 1779/3444/3372
f 1803/3443/3371 1779/3444/3372 1802/3445/3373
f 1802/3445/3373 1779/3444/3372 1778/3446/3374
f 1802/3445/3373 1778/3446/3374 1801/3447/3375
f 1801/3447/3375 1778/3446/3374 1777/3448/3376
f 1801/3447/3375 1777/3448/3376 1800/3449/3377
f 1800/3449/3377 1777/3448/3376 1776/3450/3378
f 1800/3449/3377 1776/3450/3378 1799/3451/3379
f 1799/3451/3379 1776/3450/3378 1775/3452/3380
f 1799/3451/3379 1775/3452/3380 1798/3453/3381
f 1798/3453/3381 1775/3452/3380 1774/3454/3382
f 1798/3453/3381 1774/3454/3382 1797/3455/3383
f 1797/3455/3383 1774/3454/3382 1773/3456/3384
f 1797/3455/3383 1773/3456/3384 1796/3457/3385
f 1796/3457/3385 1773/3456/3384 1772/3458/3386
f 1796/3457/3385 1772/3458/3386 1795/3459/3387
f 1795/3459/3387 1772/3458/3386 1771/3460/3388
f 1795/3459/3387 1771/3460/3388 1794/3461/3389
f 1794/3461/3389 1771/3460/3388 1770/3462/3390
f 1794/3461/3389 1770/3462/3390 1793/3463/3391
f 1793/3463/3391 1770/3462/3390 1769/3464/3392
f 1793/3463/3391 1769/3464/3392 1792/3465/3393
f 1792/3465/3393 1769/3464/3392 1768/3466/3394
f 1792/3465/3393 1768/3466/3394 1791/3467/3395
f 1791/3467/3395 1768/3466/3394 1767/3468/3396
f 1791/3467/3395 1767/3468/3396 1790/3469/3397
f 1790/3469/3397 1767/3468/3396 1766/3470/3398
f 1790/3469/3397 1766/3470/3398 1789/3471/3399
f 1789/3471/3399 1766/3470/3398 1765/3472/3400
f 1789/3471/3399 1765/3472/3400 1788/3473/3401
f 1788/3473/3401 1765/3472/3400 1764/3474/3402
f 1788/3473/3401 1764/3474/3402 1787/3475/3403
f 1787/3475/3403 1764/3474/3402 1763/3476/3404
f 1787/3475/3403 1763/3476/3404 1786/3477/3405
f 1786/3477/3405 1763/3476/3404 1762/3478/3406
f 1786/3477/3405 1762/3478/3406 1785/3479/3407
f 1785/3479/3407 1762/3478/3406 1761/3480/3408
f 1785/3479/3407 1761/3480/3408 1784/3481/3409
f 1784/3481/3409 1761/3480/3408 1760/3482/3410
f 1784/3481/3409 1760/3482/3410 1783/3483/3411
f 1783/3483/3411 1760/3482/3410 1759/3484/3412
f 1783/3483/3411 1759/3484/3412 1782/3435/3365
f 1782/3435/3365 1759/3484/3412 1758/3436/3366
f 1811/3485/3413 1687/3486/3414 1810/3487/3415
f 1810/3487/3415 1687/3486/3414 1686/3488/3416
f 1810/3487/3415 1686/3488/3416 1809/3489/3417
f 1809/3489/3417 1686/3488/3416 1685/3490/3418
f 1809/3489/3417 1685/3490/3418 1808/3491/3419
f 1808/3491/3419 1685/3490/3418 1684/3492/3420
f 1808/3491/3419 1684/3492/3420 1807/3493/3421
f 1807/3493/3421 1684/3492/3420 1683/3494/3422
f 1807/3493/3421 1683/3494/3422 1806/3495/3423
f 1806/3495/3423 1683/3494/3422 1682/3496/3424
f 1806/3495/3423 1682/3496/3424 1805/3497/3425
f 1805/3497/3425 1682/3496/3424 1681/3498/3426
f 1810/3499/3427 1809/3500/3428 1811/3501/3429
f 1811/3501/3429 1809/3500/3428 1808/3502/3430
f 1811/3501/3429 1808/3502/3430 1807/3503/3431
f 1807/3503/3431 1806/3504/3432 1811/3501/3429
f 1811/3501/3429 1806/3504/3432 1590/3505/3433
f 1811/3501/3429 1590/3505/3433 1589/3506/3434
f 1806/3504/3432 1805/3507/3435 1590/3505/3433
f 1590/3505/3433 1805/3507/3435 1591/3508/3436
f 1591/3508/3436 1805/3507/3435 1592/3509/3437
f 1592/3509/3437 1805/3507/3435 1593/3510/3438
f 1593/3510/3438 1805/3507/3435 1594/3511/3439
f 1594/3511/3439 1805/3507/3435 1595/3512/3440
f 1595/3512/3440 1805/3507/3435 1571/3513/3441
f 1595/3512/3440 1571/3513/3441 1596/3514/3442
f 1596/3514/3442 1571/3513/3441 1597/3515/3443
f 1597/3515/3443 1571/3513/3441 1598/3516/3444
f 1598/3516/3444 1571/3513/3441 1574/3517/3445
f 1598/3516/3444 1574/3517/3445 1599/3518/3446
f 1599/3518/3446 1574/3517/3445 1600/3519/3447
f 1600/3519/3447 1574/3517/3445 1601/3520/3448
f 1601/3520/3448 1574/3517/3445 1602/3521/3449
f 1602/3521/3449 1574/3517/3445 1603/3522/3450
f 1603/3522/3450 1574/3517/3445 1604/3523/3451
f 1604/3523/3451 1574/3517/3445 1605/3524/3452
f 1605/3524/3452 1574/3517/3445 1576/3525/3453
f 1605/3524/3452 1576/3525/3453 1606/3526/3454
f 1606/3526/3454 1576/3525/3453 1520/3527/3455
f 1606/3526/3454 1520/3527/3455 1607/3528/3456
f 1607/3528/3456 1520/3527/3455 1580/3529/3457
f 1607/3528/3456 1580/3529/3457 1608/3530/3458
f 1608/3530/3458 1580/3529/3457 1585/3531/3459
f 1585/3531/3459 1580/3529/3457 1586/3532/3460
f 1586/3532/3460 1580/3529/3457 1587/3533/3461
f 1587/3533/3461 1580/3529/3457 1588/3534/3462
f 1588/3534/3462 1580/3529/3457 1589/3506/3434
f 1589/3506/3434 1580/3529/3457 1579/3535/3463
f 1589/3506/3434 1579/3535/3463 1811/3501/3429
f 1811/3501/3429 1579/3535/3463 1582/3536/3464
f 1811/3501/3429 1582/3536/3464 1832/3537/3465
f 1832/3537/3465 1582/3536/3464 1826/3538/3466
f 1832/3537/3465 1826/3538/3466 1827/3539/3467
f 1805/3507/3435 1812/3540/3468 1571/3513/3441
f 1571/3513/3441 1812/3540/3468 1572/3541/3469
f 1572/3541/3469 1812/3540/3468 1576/3525/3453
f 1576/3525/3453 1812/3540/3468 1520/3527/3455
f 1813/3542/3470 1818/3543/3471 1812/3540/3468
f 1812/3540/3468 1818/3543/3471 1518/3544/3472
f 1812/3540/3468 1518/3544/3472 1520/3527/3455
f 1813/3542/3470 1814/3545/3473 1818/3543/3471
f 1818/3543/3471 1814/3545/3473 1815/3546/3474
f 1818/3543/3471 1815/3546/3474 1816/3547/3475
f 1816/3547/3475 1817/3548/3476 1818/3543/3471
f 1518/3544/3472 1818/3543/3471 1515/3549/3477
f 1515/3549/3477 1818/3543/3471 1819/3550/3478
f 1515/3549/3477 1819/3550/3478 1538/3551/3479
f 1538/3551/3479 1819/3550/3478 1539/3552/3480
f 1539/3552/3480 1819/3550/3478 1824/3553/3481
f 1539/3552/3480 1824/3553/3481 1825/3554/3482
f 1820/3555/3483 1821/3556/3484 1819/3550/3478
f 1819/3550/3478 1821/3556/3484 1822/3557/3485
f 1819/3550/3478 1822/3557/3485 1823/3558/3486
f 1823/3558/3486 1824/3553/3481 1819/3550/3478
f 1826/3538/3466 1745/3559/3487 1825/3554/3482
f 1825/3554/3482 1745/3559/3487 1744/3560/3488
f 1825/3554/3482 1744/3560/3488 1743/3561/3489
f 1827/3539/3467 1828/3562/3490 1832/3537/3465
f 1832/3537/3465 1828/3562/3490 1829/3563/3491
f 1832/3537/3465 1829/3563/3491 1830/3564/3492
f 1830/3564/3492 1831/3565/3493 1832/3537/3465
f 1756/3566/3494 1524/3567/3495 1733/3568/3496
f 1733/3568/3496 1524/3567/3495 1523/3569/3497
f 1733/3568/3496 1523/3569/3497 1734/3570/3498
f 1734/3570/3498 1523/3569/3497 1522/3571/3499
f 1734/3570/3498 1522/3571/3499 1735/3572/3500
f 1735/3572/3500 1522/3571/3499 1521/3573/3501
f 1735/3572/3500 1521/3573/3501 1736/3574/3502
f 1736/3574/3502 1521/3573/3501 1544/3575/3503
f 1736/3574/3502 1544/3575/3503 1737/3576/3504
f 1737/3576/3504 1544/3575/3503 1543/3577/3505
f 1737/3576/3504 1543/3577/3505 1542/3578/3506
f 1524/3567/3495 1756/3566/3494 1525/3579/3507
f 1525/3579/3507 1756/3566/3494 1755/3580/3508
f 1525/3579/3507 1755/3580/3508 1526/3581/3509
f 1526/3581/3509 1755/3580/3508 1754/3582/3510
f 1526/3581/3509 1754/3582/3510 1784/3583/3511
f 1784/3583/3511 1754/3582/3510 1785/3584/3512
f 1785/3584/3512 1754/3582/3510 1753/3585/3513
f 1785/3584/3512 1753/3585/3513 1786/3586/3514
f 1786/3586/3514 1753/3585/3513 1752/3587/3515
f 1786/3586/3514 1752/3587/3515 1787/3588/3516
f 1787/3588/3516 1752/3587/3515 1751/3589/3517
f 1787/3588/3516 1751/3589/3517 1788/3590/3518
f 1788/3590/3518 1751/3589/3517 1750/3591/3519
f 1788/3590/3518 1750/3591/3519 1789/3592/3520
f 1789/3592/3520 1750/3591/3519 1749/3593/3521
f 1789/3592/3520 1749/3593/3521 1790/3594/3522
f 1790/3594/3522 1749/3593/3521 1748/3595/3523
f 1790/3594/3522 1748/3595/3523 1791/3596/3524
f 1791/3596/3524 1748/3595/3523 1747/3597/3525
f 1791/3596/3524 1747/3597/3525 1792/3598/3526
f 1792/3598/3526 1747/3597/3525 1746/3599/3527
f 1792/3598/3526 1746/3599/3527 1793/3600/3528
f 1793/3600/3528 1746/3599/3527 1745/3559/3487
f 1793/3600/3528 1745/3559/3487 1826/3538/3466
f 1743/3561/3489 1742/3601/3529 1825/3554/3482
f 1825/3554/3482 1742/3601/3529 1741/3602/3530
f 1825/3554/3482 1741/3602/3530 1740/3603/3531
f 1740/3603/3531 1739/3604/3532 1825/3554/3482
f 1825/3554/3482 1739/3604/3532 1738/3605/3533
f 1825/3554/3482 1738/3605/3533 1541/3606/3534
f 1541/3606/3534 1738/3605/3533 1542/3578/3506
f 1542/3578/3506 1738/3605/3533 1737/3576/3504
f 1782/3607/3535 1781/3608/3536 1527/3609/3537
f 1527/3609/3537 1781/3608/3536 1804/3610/3538
f 1527/3609/3537 1804/3610/3538 1528/3611/3539
f 1528/3611/3539 1804/3610/3538 1584/3612/3540
f 1528/3611/3539 1584/3612/3540 1529/3613/3541
f 1529/3613/3541 1584/3612/3540 1530/3614/3542
f 1530/3614/3542 1584/3612/3540 1531/3615/3543
f 1531/3615/3543 1584/3612/3540 1516/3616/3544
f 1531/3615/3543 1516/3616/3544 1532/3617/3545
f 1532/3617/3545 1516/3616/3544 1533/3618/3546
f 1533/3618/3546 1516/3616/3544 1534/3619/3547
f 1534/3619/3547 1516/3616/3544 1535/3620/3548
f 1535/3620/3548 1516/3616/3544 1536/3621/3549
f 1536/3621/3549 1516/3616/3544 1537/3622/3550
f 1537/3622/3550 1516/3616/3544 1538/3551/3479
f 1538/3551/3479 1516/3616/3544 1515/3549/3477
f 1804/3610/3538 1803/3623/3551 1584/3612/3540
f 1584/3612/3540 1803/3623/3551 1802/3624/3552
f 1584/3612/3540 1802/3624/3552 1801/3625/3553
f 1584/3612/3540 1801/3625/3553 1826/3538/3466
f 1826/3538/3466 1801/3625/3553 1800/3626/3554
f 1826/3538/3466 1800/3626/3554 1799/3627/3555
f 1799/3627/3555 1798/3628/3556 1826/3538/3466
f 1826/3538/3466 1798/3628/3556 1797/3629/3557
f 1826/3538/3466 1797/3629/3557 1796/3630/3558
f 1796/3630/3558 1795/3631/3559 1826/3538/3466
f 1826/3538/3466 1795/3631/3559 1794/3632/3560
f 1826/3538/3466 1794/3632/3560 1793/3600/3528
f 1784/3583/3511 1783/3633/3561 1526/3581/3509
f 1526/3581/3509 1783/3633/3561 1782/3607/3535
f 1526/3581/3509 1782/3607/3535 1527/3609/3537
f 1582/3536/3464 1584/3612/3540 1826/3538/3466
f 1516/3616/3544 1584/3612/3540 1520/3527/3455
f 1520/3527/3455 1584/3612/3540 1580/3529/3457
f 1541/3606/3534 1540/3634/3562 1825/3554/3482
f 1825/3554/3482 1540/3634/3562 1539/3552/3480
f 1681/3635/3426 1708/3636/3563 1805/3637/3425
f 1805/3637/3425 1708/3636/3563 1812/3638/3564
f 1702/3639/3565 1818/3640/3566 1703/3641/3567
f 1703/3641/3567 1818/3640/3566 1817/3642/3568
f 1703/3641/3567 1817/3642/3568 1704/3643/3569
f 1704/3643/3569 1817/3642/3568 1816/3644/3570
f 1704/3643/3569 1816/3644/3570 1705/3645/3571
f 1705/3645/3571 1816/3644/3570 1815/3646/3572
f 1705/3645/3571 1815/3646/3572 1706/3647/3573
f 1706/3647/3573 1815/3646/3572 1814/3648/3574
f 1706/3647/3573 1814/3648/3574 1707/3649/3575
f 1707/3649/3575 1814/3648/3574 1813/3650/3576
f 1707/3649/3575 1813/3650/3576 1708/3651/3563
f 1708/3651/3563 1813/3650/3576 1812/3652/3564
f 1688/3653/3577 1832/3654/3578 1689/3655/3579
f 1689/3655/3579 1832/3654/3578 1831/3656/3580
f 1689/3655/3579 1831/3656/3580 1690/3657/3581
f 1690/3657/3581 1831/3656/3580 1830/3658/3582
f 1690/3657/3581 1830/3658/3582 1691/3659/3583
f 1691/3659/3583 1830/3658/3582 1829/3660/3584
f 1691/3659/3583 1829/3660/3584 1692/3661/3585
f 1692/3661/3585 1829/3660/3584 1828/3662/3586
f 1692/3661/3585 1828/3662/3586 1693/3663/3587
f 1693/3663/3587 1828/3662/3586 1827/3664/3588
f 1693/3663/3587 1827/3664/3588 1694/3665/3589
f 1694/3665/3589 1827/3664/3588 1826/3666/3590
f 1826/3667/3590 1825/3668/3591 1694/3669/3589
f 1694/3669/3589 1825/3668/3591 1695/3670/3592
f 1819/3671/3593 1701/3672/3594 1820/3673/3595
f 1820/3673/3595 1701/3672/3594 1700/3674/3596
f 1820/3673/3595 1700/3674/3596 1821/3675/3597
f 1821/3675/3597 1700/3674/3596 1699/3676/3598
f 1821/3675/3597 1699/3676/3598 1822/3677/3599
f 1822/3677/3599 1699/3676/3598 1698/3678/3600
f 1822/3677/3599 1698/3678/3600 1823/3679/3601
f 1823/3679/3601 1698/3678/3600 1697/3680/3602
f 1823/3679/3601 1697/3680/3602 1824/3681/3603
f 1824/3681/3603 1697/3680/3602 1696/3682/3604
f 1824/3681/3603 1696/3682/3604 1825/3683/3591
f 1825/3683/3591 1696/3682/3604 1695/3684/3592
f 1818/3685/3566 1702/3686/3565 1819/3687/3593
f 1819/3687/3593 1702/3686/3565 1701/3688/3594
f 1687/3689/3414 1811/3690/3413 1688/3691/3577
f 1688/3691/3577 1811/3690/3413 1832/3692/3578
g Corps1

v -0.955000 5.561684 4.050000
v -1.030000 5.561684 4.050000
v -1.030000 5.361684 4.050000
v -0.955000 5.361684 4.050000
v -1.030000 5.561684 4.330000
v -0.955000 5.561684 4.330000
v -0.955000 5.361684 4.330000
v -1.030000 5.361684 4.330000
v 1.070000 5.561684 4.050000
v 0.995000 5.561684 4.050000
v 0.995000 5.361684 4.050000
v 1.070000 5.361684 4.050000
v 0.995000 5.561684 4.330000
v 0.995000 5.361684 4.330000
v 1.070000 5.561684 4.330000
v 1.070000 5.361684 4.330000
v -1.030000 5.561684 1.550000
v -1.030000 5.361684 1.550000
v 1.070000 5.561684 5.350000
v 1.070000 5.361684 5.350000
v 1.070000 5.361684 1.185870
v 1.070000 5.561684 1.185870
v -0.480000 5.361684 1.550000
v -0.441177 5.361684 1.544889
v -0.405000 5.361684 1.529904
v -0.373934 5.361684 1.506066
v -0.350096 5.361684 1.475000
v -0.335111 5.361684 1.438823
v -0.330000 5.361684 1.400000
v -0.330000 5.361684 1.350000
v -0.335111 5.361684 1.311177
v -0.350096 5.361684 1.275000
v -0.373934 5.361684 1.243934
v -0.405000 5.361684 1.220096
v -0.441177 5.361684 1.205111
v -0.480000 5.361684 1.200000
v -0.780000 5.361684 1.200000
v -0.780000 5.361684 0.535000
v -0.530000 5.361684 0.525000
v 0.670000 5.361684 0.525000
v 0.495000 5.361684 6.300000
v -0.455000 5.361684 6.300000
v -1.030000 5.361684 5.350000
v 0.525000 5.361684 5.925000
v 0.505589 5.361684 5.927556
v 0.487500 5.361684 5.935048
v 0.471967 5.361684 5.946967
v 0.460048 5.361684 5.962500
v 0.452556 5.361684 5.980589
v 0.450000 5.361684 6.000000
v 0.452556 5.361684 6.019411
v 0.460048 5.361684 6.037500
v 0.471967 5.361684 6.053033
v 0.487500 5.361684 6.064952
v 0.505589 5.361684 6.072444
v 0.525000 5.361684 6.075000
v 0.544411 5.361684 6.072444
v 0.562500 5.361684 6.064952
v 0.578033 5.361684 6.053033
v 0.589952 5.361684 6.037500
v 0.597444 5.361684 6.019411
v 0.600000 5.361684 6.000000
v 0.597444 5.361684 5.980589
v 0.589952 5.361684 5.962500
v 0.578033 5.361684 5.946967
v 0.562500 5.361684 5.935048
v 0.544411 5.361684 5.927556
v -0.575000 5.361684 0.675000
v -0.594411 5.361684 0.677556
v -0.612500 5.361684 0.685048
v -0.628033 5.361684 0.696967
v -0.639952 5.361684 0.712500
v -0.647444 5.361684 0.730589
v -0.650000 5.361684 0.750000
v -0.647444 5.361684 0.769411
v -0.639952 5.361684 0.787500
v -0.628033 5.361684 0.803033
v -0.612500 5.361684 0.814952
v -0.594411 5.361684 0.822444
v -0.575000 5.361684 0.825000
v -0.555589 5.361684 0.822444
v -0.537500 5.361684 0.814952
v -0.521967 5.361684 0.803033
v -0.510048 5.361684 0.787500
v -0.502556 5.361684 0.769411
v -0.500000 5.361684 0.750000
v -0.502556 5.361684 0.730589
v -0.510048 5.361684 0.712500
v -0.521967 5.361684 0.696967
v -0.537500 5.361684 0.685048
v -0.555589 5.361684 0.677556
v -0.330000 5.561684 1.350000
v -0.335111 5.561684 1.311177
v -0.350096 5.561684 1.275000
v -0.373934 5.561684 1.243934
v -0.405000 5.561684 1.220096
v -0.441177 5.561684 1.205111
v -0.480000 5.561684 1.200000
v -0.330000 5.561684 1.400000
v -0.480000 5.561684 1.550000
v -0.441177 5.561684 1.544889
v -0.405000 5.561684 1.529904
v -0.373934 5.561684 1.506066
v -0.350096 5.561684 1.475000
v -0.335111 5.561684 1.438823
v -0.575000 5.561684 0.675000
v -0.594411 5.561684 0.677556
v -0.612500 5.561684 0.685048
v -0.628033 5.561684 0.696967
v -0.639952 5.561684 0.712500
v -0.647444 5.561684 0.730589
v -0.650000 5.561684 0.750000
v -0.647444 5.561684 0.769411
v -0.639952 5.561684 0.787500
v -0.628033 5.561684 0.803033
v -0.612500 5.561684 0.814952
v -0.594411 5.561684 0.822444
v -0.575000 5.561684 0.825000
v -0.555589 5.561684 0.822444
v -0.537500 5.561684 0.814952
v -0.521967 5.561684 0.803033
v -0.510048 5.561684 0.787500
v -0.502556 5.561684 0.769411
v -0.500000 5.561684 0.750000
v -0.502556 5.561684 0.730589
v -0.510048 5.561684 0.712500
v -0.521967 5.561684 0.696967
v -0.537500 5.561684 0.685048
v -0.555589 5.561684 0.677556
v 0.525000 5.561684 5.925000
v 0.505589 5.561684 5.927556
v 0.487500 5.561684 5.935048
v 0.471967 5.561684 5.946967
v 0.460048 5.561684 5.962500
v 0.452556 5.561684 5.980589
v 0.450000 5.561684 6.000000
v 0.452556 5.561684 6.019411
v 0.460048 5.561684 6.037500
v 0.471967 5.561684 6.053033
v 0.487500 5.561684 6.064952
v 0.505589 5.561684 6.072444
v 0.525000 5.561684 6.075000
v 0.544411 5.561684 6.072444
v 0.562500 5.561684 6.064952
v 0.578033 5.561684 6.053033
v 0.589952 5.561684 6.037500
v 0.597444 5.561684 6.019411
v 0.600000 5.561684 6.000000
v 0.597444 5.561684 5.980589
v 0.589952 5.561684 5.962500
v 0.578033 5.561684 5.946967
v 0.562500 5.561684 5.935048
v 0.544411 5.561684 5.927556
v -1.030000 5.561684 5.350000
v -0.780000 5.561684 1.200000
v -0.780000 5.561684 0.535000
v -0.530000 5.561684 0.525000
v 0.670000 5.561684 0.525000
v 0.495000 5.561684 6.300000
v -0.455000 5.561684 6.300000
vt -0.075000 0.000000 0.000000
vt -0.000000 0.000000 0.000000
vt -0.075000 0.200000 0.000000
vt -0.000000 0.200000 0.000000
vt -0.075000 0.000000 0.000000
vt -0.000000 0.000000 0.000000
vt -0.075000 0.200000 0.000000
vt -0.000000 0.200000 0.000000
vt -0.280000 0.000000 0.000000
vt -0.000000 0.000000 0.000000
vt -0.280000 0.200000 0.000000
vt -0.000000 0.200000 0.000000
vt -0.075000 0.000000 0.000000
vt 0.000000 0.000000 0.000000
vt -0.075000 0.200000 0.000000
vt -0.000000 0.200000 0.000000
vt -0.280000 0.000000 0.000000
vt 0.000000 0.000000 0.000000
vt -0.280000 0.200000 0.000000
vt -0.000000 0.200000 0.000000
vt -0.075000 0.000000 0.000000
vt -0.000000 0.000000 0.000000
vt -0.075000 0.200000 0.000000
vt -0.000000 0.200000 0.000000
vt 2.500000 0.200000 0.000000
vt 0.000000 0.200000 0.000000
vt 2.500000 0.000000 0.000000
vt 0.000000 0.000000 0.000000
vt 1.020000 0.200000 0.000000
vt 0.000000 0.200000 0.000000
vt 1.020000 0.000000 0.000000
vt 0.000000 0.000000 0.000000
vt 1.300000 0.000000 0.000000
vt 4.164130 0.000000 0.000000
vt 1.300000 0.200000 0.000000
vt 4.164130 0.200000 0.000000
vt -0.917500 -1.050000 0.000000
vt -0.917500 -0.975000 0.000000
vt -1.937500 -1.050000 0.000000
vt -2.887500 -0.475000 0.000000
vt -0.637500 -0.975000 0.000000
vt -2.550000 0.440048 0.000000
vt 1.906434 -0.393934 0.000000
vt 1.937500 -0.370096 0.000000
vt -0.637500 -1.050000 0.000000
vt 1.862500 -1.050000 0.000000
vt 1.862500 -0.500000 0.000000
vt 1.867611 -0.461177 0.000000
vt 1.882596 -0.425000 0.000000
vt 1.973677 -0.355111 0.000000
vt -0.637500 0.975000 0.000000
vt -2.534467 0.451967 0.000000
vt 2.887500 0.650000 0.000000
vt 2.012500 -0.350000 0.000000
vt 2.062500 -0.350000 0.000000
vt 2.101323 -0.355111 0.000000
vt 2.137500 -0.370096 0.000000
vt 2.887500 -0.550000 0.000000
vt 2.681911 -0.522556 0.000000
vt 2.700000 -0.530048 0.000000
vt 2.662500 -0.520000 0.000000
vt 2.168566 -0.393934 0.000000
vt 2.192404 -0.425000 0.000000
vt 2.643089 -0.522556 0.000000
vt 2.207389 -0.461177 0.000000
vt 2.625000 -0.530048 0.000000
vt 2.212500 -0.500000 0.000000
vt 2.609467 -0.541967 0.000000
vt 2.597548 -0.557500 0.000000
vt 2.590056 -0.575589 0.000000
vt 2.587500 -0.595000 0.000000
vt 2.590056 -0.614411 0.000000
vt 2.597548 -0.632500 0.000000
vt 2.212500 -0.800000 0.000000
vt 2.609467 -0.648033 0.000000
vt 2.625000 -0.659952 0.000000
vt 2.643089 -0.667444 0.000000
vt 2.662500 -0.670000 0.000000
vt 2.877500 -0.800000 0.000000
vt 2.681911 -0.667444 0.000000
vt 2.700000 -0.659952 0.000000
vt 2.715533 -0.648033 0.000000
vt 2.727452 -0.632500 0.000000
vt 2.734944 -0.614411 0.000000
vt 2.737500 -0.595000 0.000000
vt 2.734944 -0.575589 0.000000
vt 2.727452 -0.557500 0.000000
vt 2.715533 -0.541967 0.000000
vt 2.226630 1.050000 0.000000
vt -0.637500 1.050000 0.000000
vt -2.522548 0.467500 0.000000
vt -0.917500 0.975000 0.000000
vt -2.515056 0.485589 0.000000
vt -2.512500 0.505000 0.000000
vt -2.515056 0.524411 0.000000
vt -2.522548 0.542500 0.000000
vt -2.534467 0.558033 0.000000
vt -1.937500 1.050000 0.000000
vt -2.550000 0.569952 0.000000
vt -2.568089 0.577444 0.000000
vt -2.587500 0.580000 0.000000
vt -2.606911 0.577444 0.000000
vt -2.887500 0.475000 0.000000
vt -2.625000 0.569952 0.000000
vt -2.640533 0.558033 0.000000
vt -2.652452 0.542500 0.000000
vt -2.659944 0.524411 0.000000
vt -2.662500 0.505000 0.000000
vt -2.659944 0.485589 0.000000
vt -2.652452 0.467500 0.000000
vt -2.640533 0.451967 0.000000
vt -2.625000 0.440048 0.000000
vt -2.606911 0.432556 0.000000
vt -2.587500 0.430000 0.000000
vt -2.568089 0.432556 0.000000
vt -0.917500 1.050000 0.000000
vt 0.200000 0.117810 0.000000
vt -0.000000 0.117810 0.000000
vt 0.200000 0.078540 0.000000
vt 0.000000 0.078540 0.000000
vt 0.200000 0.039270 0.000000
vt -0.000000 0.039270 0.000000
vt 0.200000 -0.000000 0.000000
vt 0.000000 -0.000000 0.000000
vt 0.200000 -0.039270 0.000000
vt -0.000000 -0.039270 0.000000
vt 0.200000 -0.078540 0.000000
vt -0.000000 -0.078540 0.000000
vt 0.200000 -0.117810 0.000000
vt 0.000000 -0.117810 0.000000
vt 0.150000 0.000000 0.000000
vt 0.200000 0.000000 0.000000
vt 0.150000 0.200000 0.000000
vt 0.200000 0.200000 0.000000
vt 0.200000 0.117810 0.000000
vt 0.000000 0.117810 0.000000
vt 0.200000 0.078540 0.000000
vt -0.000000 0.078540 0.000000
vt 0.200000 0.039270 0.000000
vt -0.000000 0.039270 0.000000
vt 0.200000 0.000000 0.000000
vt -0.000000 0.000000 0.000000
vt 0.200000 -0.039270 0.000000
vt -0.000000 -0.039270 0.000000
vt 0.200000 -0.078540 0.000000
vt 0.000000 -0.078540 0.000000
vt 0.200000 -0.117810 0.000000
vt 0.000000 -0.117810 0.000000
vt 0.150000 0.000000 0.000000
vt 0.700000 0.000000 0.000000
vt 0.150000 0.200000 0.000000
vt 0.700000 0.200000 0.000000
vt 0.200000 -0.215984 0.000000
vt 0.000000 -0.215984 0.000000
vt 0.200000 -0.235619 0.000000
vt 0.000000 -0.235619 0.000000
vt 0.200000 0.235619 0.000000
vt 0.000000 0.235619 0.000000
vt 0.200000 0.215984 0.000000
vt 0.000000 0.215984 0.000000
vt 0.200000 0.196350 0.000000
vt 0.000000 0.196350 0.000000
vt 0.200000 0.176715 0.000000
vt 0.000000 0.176715 0.000000
vt 0.200000 0.157080 0.000000
vt 0.000000 0.157080 0.000000
vt 0.200000 0.137445 0.000000
vt 0.000000 0.137445 0.000000
vt 0.200000 0.117810 0.000000
vt 0.000000 0.117810 0.000000
vt 0.200000 0.098175 0.000000
vt 0.000000 0.098175 0.000000
vt 0.200000 0.078540 0.000000
vt 0.000000 0.078540 0.000000
vt 0.200000 0.058905 0.000000
vt 0.000000 0.058905 0.000000
vt 0.200000 0.039270 0.000000
vt 0.000000 0.039270 0.000000
vt 0.200000 0.019635 0.000000
vt 0.000000 0.019635 0.000000
vt 0.200000 0.000000 0.000000
vt 0.000000 0.000000 0.000000
vt 0.200000 -0.019635 0.000000
vt 0.000000 -0.019635 0.000000
vt 0.200000 -0.039270 0.000000
vt 0.000000 -0.039270 0.000000
vt 0.200000 -0.058905 0.000000
vt 0.000000 -0.058905 0.000000
vt 0.200000 -0.078540 0.000000
vt 0.000000 -0.078540 0.000000
vt 0.200000 -0.098175 0.000000
vt 0.000000 -0.098175 0.000000
vt 0.200000 -0.117810 0.000000
vt 0.000000 -0.117810 0.000000
vt 0.200000 -0.137445 0.000000
vt 0.000000 -0.137445 0.000000
vt 0.200000 -0.157080 0.000000
vt 0.000000 -0.157080 0.000000
vt 0.200000 -0.176715 0.000000
vt 0.000000 -0.176715 0.000000
vt 0.200000 -0.196350 0.000000
vt 0.000000 -0.196350 0.000000
vt 0.200000 -0.215984 0.000000
vt 0.000000 -0.215984 0.000000
vt 0.200000 -0.235619 0.000000
vt 0.000000 -0.235619 0.000000
vt 0.200000 0.235619 0.000000
vt 0.000000 0.235619 0.000000
vt 0.200000 0.215984 0.000000
vt 0.000000 0.215984 0.000000
vt 0.200000 0.196350 0.000000
vt 0.000000 0.196350 0.000000
vt 0.200000 0.176715 0.000000
vt 0.000000 0.176715 0.000000
vt 0.200000 0.157080 0.000000
vt 0.000000 0.157080 0.000000
vt 0.200000 0.137445 0.000000
vt 0.000000 0.137445 0.000000
vt 0.200000 0.117810 0.000000
vt 0.000000 0.117810 0.000000
vt 0.200000 0.098175 0.000000
vt 0.000000 0.098175 0.000000
vt 0.200000 0.078540 0.000000
vt 0.000000 0.078540 0.000000
vt 0.200000 0.058905 0.000000
vt 0.000000 0.058905 0.000000
vt 0.200000 0.039270 0.000000
vt 0.000000 0.039270 0.000000
vt 0.200000 0.019635 0.000000
vt 0.000000 0.019635 0.000000
vt 0.200000 0.000000 0.000000
vt 0.000000 0.000000 0.000000
vt 0.200000 -0.019635 0.000000
vt 0.000000 -0.019635 0.000000
vt 0.200000 -0.039270 0.000000
vt 0.000000 -0.039270 0.000000
vt 0.200000 -0.058905 0.000000
vt 0.000000 -0.058905 0.000000
vt 0.200000 -0.078540 0.000000
vt 0.000000 -0.078540 0.000000
vt 0.200000 -0.098175 0.000000
vt 0.000000 -0.098175 0.000000
vt 0.200000 -0.117810 0.000000
vt 0.000000 -0.117810 0.000000
vt 0.200000 -0.137445 0.000000
vt 0.000000 -0.137445 0.000000
vt 0.200000 -0.157080 0.000000
vt 0.000000 -0.157080 0.000000
vt 0.200000 -0.176715 0.000000
vt 0.000000 -0.176715 0.000000
vt 0.200000 -0.196350 0.000000
vt 0.000000 -0.196350 0.000000
vt 2.780000 0.000000 0.000000
vt 3.800000 0.000000 0.000000
vt 2.780000 0.200000 0.000000
vt 3.800000 0.200000 0.000000
vt 0.300000 0.200000 0.000000
vt -0.000000 0.200000 0.000000
vt 0.300000 0.000000 0.000000
vt -0.000000 0.000000 0.000000
vt 0.000000 0.000000 0.000000
vt 0.665000 0.000000 0.000000
vt 0.000000 0.200000 0.000000
vt 0.665000 0.200000 0.000000
vt 0.000000 0.000000 0.000000
vt 0.250200 0.000000 0.000000
vt 0.000000 0.200000 0.000000
vt 0.250200 0.200000 0.000000
vt 0.000000 0.000000 0.000000
vt 1.200000 0.000000 0.000000
vt 0.000000 0.200000 0.000000
vt 1.200000 0.200000 0.000000
vt 0.000000 0.000000 0.000000
vt 0.772495 0.000000 0.000000
vt 0.000000 0.200000 0.000000
vt 0.772495 0.200000 0.000000
vt 0.000000 0.000000 0.000000
vt 1.110462 0.000000 0.000000
vt 0.000000 0.200000 0.000000
vt 1.110462 0.200000 0.000000
vt 0.000000 0.000000 0.000000
vt 0.950000 0.000000 0.000000
vt 0.000000 0.200000 0.000000
vt 0.950000 0.200000 0.000000
vt 0.000000 0.000000 0.000000
vt 1.110462 0.000000 0.000000
vt 0.000000 0.200000 0.000000
vt 1.110462 0.200000 0.000000
vt 1.050000 0.917500 0.000000
vt 1.050000 1.937500 0.000000
vt 0.975000 0.917500 0.000000
vt 0.475000 2.887500 0.000000
vt 0.975000 0.637500 0.000000
vt -0.440048 2.550000 0.000000
vt 0.393934 -1.906434 0.000000
vt 0.370096 -1.937500 0.000000
vt -0.451967 2.534467 0.000000
vt -0.975000 0.637500 0.000000
vt -0.467500 2.522548 0.000000
vt -0.975000 0.917500 0.000000
vt -0.485589 2.515056 0.000000
vt -0.505000 2.512500 0.000000
vt -0.475000 2.887500 0.000000
vt -0.432556 2.606911 0.000000
vt -0.430000 2.587500 0.000000
vt -0.432556 2.568089 0.000000
vt -1.050000 1.937500 0.000000
vt -0.577444 2.606911 0.000000
vt -0.569952 2.625000 0.000000
vt -0.558033 2.640533 0.000000
vt -1.050000 0.917500 0.000000
vt -0.558033 2.534467 0.000000
vt -0.569952 2.550000 0.000000
vt -1.050000 0.637500 0.000000
vt -1.050000 -2.226630 0.000000
vt -0.650000 -2.887500 0.000000
vt 0.355111 -1.973677 0.000000
vt 0.350000 -2.012500 0.000000
vt 0.350000 -2.062500 0.000000
vt 0.355111 -2.101323 0.000000
vt 0.370096 -2.137500 0.000000
vt 0.550000 -2.887500 0.000000
vt 0.522556 -2.681911 0.000000
vt 0.530048 -2.700000 0.000000
vt 0.541967 -2.715533 0.000000
vt 0.557500 -2.727452 0.000000
vt 0.575589 -2.734944 0.000000
vt 0.595000 -2.737500 0.000000
vt 0.614411 -2.734944 0.000000
vt 0.632500 -2.727452 0.000000
vt 0.800000 -2.877500 0.000000
vt 0.648033 -2.715533 0.000000
vt 0.659952 -2.700000 0.000000
vt 0.667444 -2.681911 0.000000
vt 0.670000 -2.662500 0.000000
vt 0.800000 -2.212500 0.000000
vt 0.667444 -2.643089 0.000000
vt 0.659952 -2.625000 0.000000
vt 0.648033 -2.609467 0.000000
vt 0.632500 -2.597548 0.000000
vt 0.500000 -2.212500 0.000000
vt 0.614411 -2.590056 0.000000
vt 0.595000 -2.587500 0.000000
vt 0.575589 -2.590056 0.000000
vt 0.557500 -2.597548 0.000000
vt 0.541967 -2.609467 0.000000
vt 0.530048 -2.625000 0.000000
vt 0.461177 -2.207389 0.000000
vt 0.522556 -2.643089 0.000000
vt 0.425000 -2.192404 0.000000
vt 0.520000 -2.662500 0.000000
vt 0.393934 -2.168566 0.000000
vt 0.425000 -1.882596 0.000000
vt 0.461177 -1.867611 0.000000
vt 0.500000 -1.862500 0.000000
vt 1.050000 -1.862500 0.000000
vt 1.050000 0.637500 0.000000
vt -0.524411 2.515056 0.000000
vt -0.542500 2.522548 0.000000
vt -0.577444 2.568089 0.000000
vt -0.580000 2.587500 0.000000
vt -0.542500 2.652452 0.000000
vt -0.524411 2.659944 0.000000
vt -0.505000 2.662500 0.000000
vt -0.485589 2.659944 0.000000
vt -0.467500 2.652452 0.000000
vt -0.451967 2.640533 0.000000
vt -0.440048 2.625000 0.000000
vn -0.000000 0.000000 1.000000
vn -0.000000 0.000000 1.000000
vn -0.000000 0.000000 1.000000
vn -0.000000 0.000000 1.000000
vn 0.000000 -0.000000 -1.000000
vn 0.000000 -0.000000 -1.000000
vn 0.000000 -0.000000 -1.000000
vn 0.000000 -0.000000 -1.000000
vn -1.000000 0.000000 -0.000000
vn -1.000000 0.000000 -0.000000
vn -1.000000 0.000000 -0.000000
vn -1.000000 0.000000 -0.000000
vn -0.000000 0.000000 1.000000
vn -0.000000 0.000000 1.000000
vn -0.000000 0.000000 1.000000
vn -0.000000 0.000000 1.000000
vn 1.000000 -0.000000 0.000000
vn 1.000000 -0.000000 0.000000
vn 1.000000 -0.000000 0.000000
vn 1.000000 -0.000000 0.000000
vn 0.000000 -0.000000 -1.000000
vn 0.000000 -0.000000 -1.000000
vn 0.000000 -0.000000 -1.000000
vn 0.000000 -0.000000 -1.000000
vn -1.000000 0.000000 -0.000000
vn -1.000000 0.000000 -0.000000
vn -1.000000 0.000000 -0.000000
vn -1.000000 0.000000 -0.000000
vn 1.000000 -0.000000 0.000000
vn 1.000000 -0.000000 0.000000
vn 1.000000 -0.000000 0.000000
vn 1.000000 -0.000000 0.000000
vn 1.000000 -0.000000 0.000000
vn 1.000000 -0.000000 0.000000
vn 1.000000 -0.000000 0.000000
vn 1.000000 -0.000000 0.000000
vn -0.000000 -1.000000 -0.000000
vn -0.000000 -1.000000 -0.000000
vn -0.000000 -1.000000 -0.000000
vn -0.000000 -1.000000 -0.000000
vn -0.000000 -1.000000 -0.000000
vn -0.000000 -1.000000 -0.000000
vn -0.000000 -1.000000 -0.000000
vn -0.000000 -1.000000 -0.000000
vn -0.000000 -1.000000 -0.000000
vn -0.000000 -1.000000 -0.000000
vn -0.000000 -1.000000 -0.000000
vn -0.000000 -1.000000 -0.000000
vn -0.000000 -1.000000 -0.000000
vn -0.000000 -1.000000 -0.000000
vn -0.000000 -1.000000 -0.000000
vn -0.000000 -1.000000 -0.000000
vn -0.000000 -1.000000 -0.000000
vn -0.000000 -1.000000 -0.000000
vn -0.000000 -1.000000 -0.000000
vn -0.000000 -1.000000 -0.000000
vn -0.000000 -1.000000 -0.000000
vn -0.000000 -1.000000 -0.000000
vn -0.000000 -1.000000 -0.000000
vn -0.000000 -1.000000 -0.000000
vn -0.000000 -1.000000 -0.000000
vn -0.000000 -1.000000 -0.000000
vn -0.000000 -1.000000 -0.000000
vn -0.000000 -1.000000 -0.000000
vn -0.000000 -1.000000 -0.000000
vn -0.000000 -1.000000 -0.000000
vn -0.000000 -1.000000 -0.000000
vn -0.000000 -1.000000 -0.000000
vn -0.000000 -1.000000 -0.000000
vn -0.000000 -1.000000 -0.000000
vn -0.000000 -1.000000 -0.000000
vn -0.000000 -1.000000 -0.000000
vn -0.000000 -1.000000 -0.000000
vn -0.000000 -1.000000 -0.000000
vn -0.000000 -1.000000 -0.000000
vn -0.000000 -1.000000 -0.000000
vn -0.000000 -1.000000 -0.000000
vn -0.000000 -1.000000 -0.000000
vn -0.000000 -1.000000 -0.000000
vn -0.000000 -1.000000 -0.000000
vn -0.000000 -1.000000 -0.000000
vn -0.000000 -1.000000 -0.000000
vn -0.000000 -1.000000 -0.000000
vn -0.000000 -1.000000 -0.000000
vn -0.000000 -1.000000 -0.000000
vn -0.000000 -1.000000 -0.000000
vn -0.000000 -1.000000 -0.000000
vn -0.000000 -1.000000 -0.000000
vn -0.000000 -1.000000 -0.000000
vn -0.000000 -1.000000 -0.000000
vn -0.000000 -1.000000 -0.000000
vn -0.000000 -1.000000 -0.000000
vn -0.000000 -1.000000 -0.000000
vn -0.000000 -1.000000 -0.000000
vn -0.000000 -1.000000 -0.000000
vn -0.000000 -1.000000 -0.000000
vn -0.000000 -1.000000 -0.000000
vn -0.000000 -1.000000 -0.000000
vn -0.000000 -1.000000 -0.000000
vn -0.000000 -1.000000 -0.000000
vn -0.000000 -1.000000 -0.000000
vn -0.000000 -1.000000 -0.000000
vn -0.000000 -1.000000 -0.000000
vn -0.000000 -1.000000 -0.000000
vn -0.000000 -1.000000 -0.000000
vn -0.000000 -1.000000 -0.000000
vn -0.000000 -1.000000 -0.000000
vn -0.000000 -1.000000 -0.000000
vn -0.000000 -1.000000 -0.000000
vn -0.000000 -1.000000 -0.000000
vn -0.000000 -1.000000 -0.000000
vn -0.000000 -1.000000 -0.000000
vn -0.000000 -1.000000 -0.000000
vn -0.000000 -1.000000 -0.000000
vn -0.000000 -1.000000 -0.000000
vn -0.000000 -1.000000 -0.000000
vn -0.000000 0.000000 1.000000
vn -0.000000 0.000000 1.000000
vn -0.258819 0.000000 0.965926
vn -0.258819 0.000000 0.965926
vn -0.500000 0.000000 0.866025
vn -0.500000 0.000000 0.866025
vn -0.707107 0.000000 0.707107
vn -0.707107 0.000000 0.707107
vn -0.866025 0.000000 0.500000
vn -0.866025 0.000000 0.500000
vn -0.965926 0.000000 0.258819
vn -0.965926 0.000000 0.258819
vn -1.000000 0.000000 -0.000000
vn -1.000000 0.000000 -0.000000
vn -1.000000 0.000000 -0.000000
vn -1.000000 0.000000 -0.000000
vn -0.965926 0.000000 -0.258819
vn -0.965926 0.000000 -0.258819
vn -0.866025 0.000000 -0.500000
vn -0.866025 0.000000 -0.500000
vn -0.707107 0.000000 -0.707107
vn -0.707107 0.000000 -0.707107
vn -0.500000 0.000000 -0.866025
vn -0.500000 0.000000 -0.866025
vn -0.258819 -0.000000 -0.965926
vn -0.258819 -0.000000 -0.965926
vn 0.000000 -0.000000 -1.000000
vn 0.000000 -0.000000 -1.000000
vn 0.000000 -0.000000 -1.000000
vn 0.000000 -0.000000 -1.000000
vn 0.258819 0.000000 0.965926
vn 0.258819 0.000000 0.965926
vn -0.000000 0.000000 1.000000
vn -0.000000 0.000000 1.000000
vn -0.258819 0.000000 0.965926
vn -0.258819 0.000000 0.965926
vn -0.500000 0.000000 0.866025
vn -0.500000 0.000000 0.866025
vn -0.707107 0.000000 0.707107
vn -0.707107 0.000000 0.707107
vn -0.866025 0.000000 0.500000
vn -0.866025 0.000000 0.500000
vn -0.965926 0.000000 0.258819
vn -0.965926 0.000000 0.258819
vn -1.000000 0.000000 -0.000000
vn -1.000000 0.000000 -0.000000
vn -0.965926 0.000000 -0.258819
vn -0.965926 0.000000 -0.258819
vn -0.866025 0.000000 -0.500000
vn -0.866025 0.000000 -0.500000
vn -0.707107 0.000000 -0.707107
vn -0.707107 0.000000 -0.707107
vn -0.500000 0.000000 -0.866025
vn -0.500000 0.000000 -0.866025
vn -0.258819 -0.000000 -0.965926
vn -0.258819 -0.000000 -0.965926
vn 0.000000 -0.000000 -1.000000
vn 0.000000 -0.000000 -1.000000
vn 0.258819 -0.000000 -0.965926
vn 0.258819 -0.000000 -0.965926
vn 0.500000 -0.000000 -0.866025
vn 0.500000 -0.000000 -0.866025
vn 0.707107 -0.000000 -0.707107
vn 0.707107 -0.000000 -0.707107
vn 0.866025 -0.000000 -0.500000
vn 0.866025 -0.000000 -0.500000
vn 0.965926 -0.000000 -0.258819
vn 0.965926 -0.000000 -0.258819
vn 1.000000 -0.000000 0.000000
vn 1.000000 -0.000000 0.000000
vn 0.965926 -0.000000 0.258819
vn 0.965926 -0.000000 0.258819
vn 0.866025 -0.000000 0.500000
vn 0.866025 -0.000000 0.500000
vn 0.707107 -0.000000 0.707107
vn 0.707107 -0.000000 0.707107
vn 0.500000 -0.000000 0.866025
vn 0.500000 -0.000000 0.866025
vn 0.258819 0.000000 0.965926
vn 0.258819 0.000000 0.965926
vn -0.000000 0.000000 1.000000
vn -0.000000 0.000000 1.000000
vn -0.258819 0.000000 0.965926
vn -0.258819 0.000000 0.965926
vn -0.500000 0.000000 0.866025
vn -0.500000 0.000000 0.866025
vn -0.707107 0.000000 0.707107
vn -0.707107 0.000000 0.707107
vn -0.866025 0.000000 0.500000
vn -0.866025 0.000000 0.500000
vn -0.965926 0.000000 0.258819
vn -0.965926 0.000000 0.258819
vn -1.000000 0.000000 -0.000000
vn -1.000000 0.000000 -0.000000
vn -0.965926 0.000000 -0.258819
vn -0.965926 0.000000 -0.258819
vn -0.866025 0.000000 -0.500000
vn -0.866025 0.000000 -0.500000
vn -0.707107 0.000000 -0.707107
vn -0.707107 0.000000 -0.707107
vn -0.500000 0.000000 -0.866025
vn -0.500000 0.000000 -0.866025
vn -0.258819 -0.000000 -0.965926
vn -0.258819 -0.000000 -0.965926
vn 0.000000 -0.000000 -1.000000
vn 0.000000 -0.000000 -1.000000
vn 0.258819 -0.000000 -0.965926
vn 0.258819 -0.000000 -0.965926
vn 0.500000 -0.000000 -0.866025
vn 0.500000 -0.000000 -0.866025
vn 0.707107 -0.000000 -0.707107
vn 0.707107 -0.000000 -0.707107
vn 0.866025 -0.000000 -0.500000
vn 0.866025 -0.000000 -0.500000
vn 0.965926 -0.000000 -0.258819
vn 0.965926 -0.000000 -0.258819
vn 1.000000 -0.000000 0.000000
vn 1.000000 -0.000000 0.000000
vn 0.965926 -0.000000 0.258819
vn 0.965926 -0.000000 0.258819
vn 0.866025 -0.000000 0.500000
vn 0.866025 -0.000000 0.500000
vn 0.707107 -0.000000 0.707107
vn 0.707107 -0.000000 0.707107
vn 0.500000 -0.000000 0.866025
vn 0.500000 -0.000000 0.866025
vn -1.000000 0.000000 -0.000000
vn -1.000000 0.000000 -0.000000
vn -1.000000 0.000000 -0.000000
vn -1.000000 0.000000 -0.000000
vn -0.000000 0.000000 1.000000
vn -0.000000 0.000000 1.000000
vn -1.000000 0.000000 0.000000
vn -1.000000 0.000000 0.000000
vn -1.000000 0.000000 0.000000
vn -1.000000 0.000000 0.000000
vn -0.039968 -0.000000 -0.999201
vn -0.039968 -0.000000 -0.999201
vn -0.039968 -0.000000 -0.999201
vn -0.039968 -0.000000 -0.999201
vn 0.000000 -0.000000 -1.000000
vn 0.000000 -0.000000 -1.000000
vn 0.000000 -0.000000 -1.000000
vn 0.000000 -0.000000 -1.000000
vn 0.855500 -0.000000 -0.517803
vn 0.855500 -0.000000 -0.517803
vn 0.855500 -0.000000 -0.517803
vn 0.855500 -0.000000 -0.517803
vn 0.855500 -0.000000 0.517803
vn 0.855500 -0.000000 0.517803
vn 0.855500 -0.000000 0.517803
vn 0.855500 -0.000000 0.517803
vn -0.000000 0.000000 1.000000
vn -0.000000 0.000000 1.000000
vn -0.000000 0.000000 1.000000
vn -0.000000 0.000000 1.000000
vn -0.855500 0.000000 0.517803
vn -0.855500 0.000000 0.517803
vn -0.855500 0.000000 0.517803
vn -0.855500 0.000000 0.517803
vn 0.000000 1.000000 0.000000
vn 0.000000 1.000000 0.000000
vn 0.000000 1.000000 0.000000
vn 0.000000 1.000000 0.000000
vn 0.000000 1.000000 0.000000
vn 0.000000 1.000000 0.000000
vn 0.000000 1.000000 0.000000
vn 0.000000 1.000000 0.000000
vn 0.000000 1.000000 0.000000
vn 0.000000 1.000000 0.000000
vn 0.000000 1.000000 0.000000
vn 0.000000 1.000000 0.000000
vn 0.000000 1.000000 0.000000
vn 0.000000 1.000000 0.000000
vn 0.000000 1.000000 0.000000
vn 0.000000 1.000000 0.000000
vn 0.000000 1.000000 0.000000
vn 0.000000 1.000000 0.000000
vn 0.000000 1.000000 0.000000
vn 0.000000 1.000000 0.000000
vn 0.000000 1.000000 0.000000
vn 0.000000 1.000000 0.000000
vn 0.000000 1.000000 0.000000
vn 0.000000 1.000000 0.000000
vn 0.000000 1.000000 0.000000
vn 0.000000 1.000000 0.000000
vn 0.000000 1.000000 0.000000
vn 0.000000 1.000000 0.000000
vn 0.000000 1.000000 0.000000
vn 0.000000 1.000000 0.000000
vn 0.000000 1.000000 0.000000
vn 0.000000 1.000000 0.000000
vn 0.000000 1.000000 0.000000
vn 0.000000 1.000000 0.000000
vn 0.000000 1.000000 0.000000
vn 0.000000 1.000000 0.000000
vn 0.000000 1.000000 0.000000
vn 0.000000 1.000000 0.000000
vn 0.000000 1.000000 0.000000
vn 0.000000 1.000000 0.000000
vn 0.000000 1.000000 0.000000
vn 0.000000 1.000000 0.000000
vn 0.000000 1.000000 0.000000
vn 0.000000 1.000000 0.000000
vn 0.000000 1.000000 0.000000
vn 0.000000 1.000000 0.000000
vn 0.000000 1.000000 0.000000
vn 0.000000 1.000000 0.000000
vn 0.000000 1.000000 0.000000
vn 0.000000 1.000000 0.000000
vn 0.000000 1.000000 0.000000
vn 0.000000 1.000000 0.000000
vn 0.000000 1.000000 0.000000
vn 0.000000 1.000000 0.000000
vn 0.000000 1.000000 0.000000
vn 0.000000 1.000000 0.000000
vn 0.000000 1.000000 0.000000
vn 0.000000 1.000000 0.000000
vn 0.000000 1.000000 0.000000
vn 0.000000 1.000000 0.000000
vn 0.000000 1.000000 0.000000
vn 0.000000 1.000000 0.000000
vn 0.000000 1.000000 0.000000
vn 0.000000 1.000000 0.000000
vn 0.000000 1.000000 0.000000
vn 0.000000 1.000000 0.000000
vn 0.000000 1.000000 0.000000
vn 0.000000 1.000000 0.000000
vn 0.000000 1.000000 0.000000
vn 0.000000 1.000000 0.000000
vn 0.000000 1.000000 0.000000
vn 0.000000 1.000000 0.000000
vn 0.000000 1.000000 0.000000
vn 0.000000 1.000000 0.000000
vn 0.000000 1.000000 0.000000
vn 0.000000 1.000000 0.000000
vn 0.000000 1.000000 0.000000
vn 0.000000 1.000000 0.000000
vn 0.000000 1.000000 0.000000
vn 0.000000 1.000000 0.000000
usemtl ABS_(blanc)
f 1833/3693/3605 1834/3694/3606 1836/3695/3607
f 1836/3695/3607 1834/3694/3606 1835/3696/3608
f 1837/3697/3609 1838/3698/3610 1840/3699/3611
f 1840/3699/3611 1838/3698/3610 1839/3700/3612
f 1838/3701/3613 1833/3702/3614 1839/3703/3615
f 1839/3703/3615 1833/3702/3614 1836/3704/3616
f 1841/3705/3617 1842/3706/3618 1844/3707/3619
f 1844/3707/3619 1842/3706/3618 1843/3708/3620
f 1842/3709/3621 1845/3710/3622 1843/3711/3623
f 1843/3711/3623 1845/3710/3622 1846/3712/3624
f 1845/3713/3625 1847/3714/3626 1846/3715/3627
f 1846/3715/3627 1847/3714/3626 1848/3716/3628
f 1834/3717/3629 1849/3718/3630 1835/3719/3631
f 1835/3719/3631 1849/3718/3630 1850/3720/3632
f 1847/3721/3633 1851/3722/3634 1848/3723/3635
f 1848/3723/3635 1851/3722/3634 1852/3724/3636
f 1844/3725/3637 1853/3726/3638 1841/3727/3639
f 1841/3727/3639 1853/3726/3638 1854/3728/3640
f 1840/3729/3641 1839/3730/3642 1875/3731/3643
f 1875/3731/3643 1839/3730/3642 1874/3732/3644
f 1874/3732/3644 1839/3730/3642 1836/3733/3645
f 1874/3732/3644 1836/3733/3645 1880/3734/3646
f 1880/3734/3646 1836/3733/3645 1858/3735/3647
f 1880/3734/3646 1858/3735/3647 1859/3736/3648
f 1835/3737/3649 1850/3738/3650 1836/3733/3645
f 1836/3733/3645 1850/3738/3650 1855/3739/3651
f 1836/3733/3645 1855/3739/3651 1856/3740/3652
f 1856/3740/3652 1857/3741/3653 1836/3733/3645
f 1836/3733/3645 1857/3741/3653 1858/3735/3647
f 1860/3742/3654 1843/3743/3655 1859/3736/3648
f 1859/3736/3648 1843/3743/3655 1879/3744/3656
f 1859/3736/3648 1879/3744/3656 1880/3734/3646
f 1843/3743/3655 1860/3742/3654 1872/3745/3657
f 1872/3745/3657 1860/3742/3654 1861/3746/3658
f 1872/3745/3657 1861/3746/3658 1862/3747/3659
f 1862/3747/3659 1863/3748/3660 1872/3745/3657
f 1872/3745/3657 1863/3748/3660 1864/3749/3661
f 1872/3745/3657 1864/3749/3661 1871/3750/3662
f 1871/3750/3662 1864/3749/3661 1919/3751/3663
f 1871/3750/3662 1919/3751/3663 1920/3752/3664
f 1919/3751/3663 1864/3749/3661 1918/3753/3665
f 1918/3753/3665 1864/3749/3661 1865/3754/3666
f 1918/3753/3665 1865/3754/3666 1866/3755/3667
f 1918/3753/3665 1866/3755/3667 1917/3756/3668
f 1917/3756/3668 1866/3755/3667 1867/3757/3669
f 1917/3756/3668 1867/3757/3669 1916/3758/3670
f 1916/3758/3670 1867/3757/3669 1868/3759/3671
f 1916/3758/3670 1868/3759/3671 1915/3760/3672
f 1915/3760/3672 1868/3759/3671 1914/3761/3673
f 1914/3761/3673 1868/3759/3671 1913/3762/3674
f 1913/3762/3674 1868/3759/3671 1912/3763/3675
f 1912/3763/3675 1868/3759/3671 1911/3764/3676
f 1911/3764/3676 1868/3759/3671 1910/3765/3677
f 1910/3765/3677 1868/3759/3671 1869/3766/3678
f 1910/3765/3677 1869/3766/3678 1909/3767/3679
f 1909/3767/3679 1869/3766/3678 1908/3768/3680
f 1908/3768/3680 1869/3766/3678 1907/3769/3681
f 1907/3769/3681 1869/3766/3678 1906/3770/3682
f 1906/3770/3682 1869/3766/3678 1870/3771/3683
f 1906/3770/3682 1870/3771/3683 1905/3772/3684
f 1905/3772/3684 1870/3771/3683 1904/3773/3685
f 1904/3773/3685 1870/3771/3683 1903/3774/3686
f 1903/3774/3686 1870/3771/3683 1902/3775/3687
f 1902/3775/3687 1870/3771/3683 1871/3750/3662
f 1902/3775/3687 1871/3750/3662 1901/3776/3688
f 1901/3776/3688 1871/3750/3662 1900/3777/3689
f 1900/3777/3689 1871/3750/3662 1923/3778/3690
f 1923/3778/3690 1871/3750/3662 1922/3779/3691
f 1922/3779/3691 1871/3750/3662 1921/3780/3692
f 1921/3780/3692 1871/3750/3662 1920/3752/3664
f 1872/3745/3657 1853/3781/3693 1843/3743/3655
f 1843/3743/3655 1853/3781/3693 1844/3782/3694
f 1879/3744/3656 1843/3743/3655 1878/3783/3695
f 1878/3783/3695 1843/3743/3655 1846/3784/3696
f 1878/3783/3695 1846/3784/3696 1877/3785/3697
f 1877/3785/3697 1846/3784/3696 1876/3786/3698
f 1876/3786/3698 1846/3784/3696 1899/3787/3699
f 1899/3787/3699 1846/3784/3696 1898/3788/3700
f 1898/3788/3700 1846/3784/3696 1897/3789/3701
f 1897/3789/3701 1846/3784/3696 1852/3790/3702
f 1897/3789/3701 1852/3790/3702 1896/3791/3703
f 1896/3791/3703 1852/3790/3702 1895/3792/3704
f 1895/3792/3704 1852/3790/3702 1894/3793/3705
f 1894/3793/3705 1852/3790/3702 1893/3794/3706
f 1893/3794/3706 1852/3790/3702 1873/3795/3707
f 1893/3794/3706 1873/3795/3707 1892/3796/3708
f 1892/3796/3708 1873/3795/3707 1891/3797/3709
f 1891/3797/3709 1873/3795/3707 1890/3798/3710
f 1890/3798/3710 1873/3795/3707 1889/3799/3711
f 1889/3799/3711 1873/3795/3707 1888/3800/3712
f 1888/3800/3712 1873/3795/3707 1887/3801/3713
f 1887/3801/3713 1873/3795/3707 1886/3802/3714
f 1886/3802/3714 1873/3795/3707 1885/3803/3715
f 1885/3803/3715 1873/3795/3707 1884/3804/3716
f 1884/3804/3716 1873/3795/3707 1883/3805/3717
f 1883/3805/3717 1873/3795/3707 1874/3732/3644
f 1883/3805/3717 1874/3732/3644 1882/3806/3718
f 1882/3806/3718 1874/3732/3644 1881/3807/3719
f 1881/3807/3719 1874/3732/3644 1880/3734/3646
f 1846/3784/3696 1848/3808/3720 1852/3790/3702
f 1930/3809/3721 1868/3810/3722 1929/3811/3723
f 1929/3811/3723 1868/3810/3722 1867/3812/3724
f 1929/3811/3723 1867/3812/3724 1928/3813/3725
f 1928/3813/3725 1867/3812/3724 1866/3814/3726
f 1928/3813/3725 1866/3814/3726 1927/3815/3727
f 1927/3815/3727 1866/3814/3726 1865/3816/3728
f 1927/3815/3727 1865/3816/3728 1926/3817/3729
f 1926/3817/3729 1865/3816/3728 1864/3818/3730
f 1926/3817/3729 1864/3818/3730 1925/3819/3731
f 1925/3819/3731 1864/3818/3730 1863/3820/3732
f 1925/3819/3731 1863/3820/3732 1924/3821/3733
f 1924/3821/3733 1863/3820/3732 1862/3822/3734
f 1862/3823/3734 1861/3824/3735 1924/3825/3733
f 1924/3825/3733 1861/3824/3735 1931/3826/3736
f 1931/3827/3736 1861/3828/3735 1937/3829/3737
f 1937/3829/3737 1861/3828/3735 1860/3830/3738
f 1937/3829/3737 1860/3830/3738 1936/3831/3739
f 1936/3831/3739 1860/3830/3738 1859/3832/3740
f 1936/3831/3739 1859/3832/3740 1935/3833/3741
f 1935/3833/3741 1859/3832/3740 1858/3834/3742
f 1935/3833/3741 1858/3834/3742 1934/3835/3743
f 1934/3835/3743 1858/3834/3742 1857/3836/3744
f 1934/3835/3743 1857/3836/3744 1933/3837/3745
f 1933/3837/3745 1857/3836/3744 1856/3838/3746
f 1933/3837/3745 1856/3838/3746 1932/3839/3747
f 1932/3839/3747 1856/3838/3746 1855/3840/3748
f 1855/3841/3748 1850/3842/3749 1932/3843/3747
f 1932/3843/3747 1850/3842/3749 1849/3844/3750
f 1939/3845/3751 1901/3846/3752 1938/3847/3753
f 1938/3847/3753 1901/3846/3752 1900/3848/3754
f 1938/3849/3753 1900/3850/3754 1961/3851/3755
f 1961/3851/3755 1900/3850/3754 1923/3852/3756
f 1961/3851/3755 1923/3852/3756 1960/3853/3757
f 1960/3853/3757 1923/3852/3756 1922/3854/3758
f 1960/3853/3757 1922/3854/3758 1959/3855/3759
f 1959/3855/3759 1922/3854/3758 1921/3856/3760
f 1959/3855/3759 1921/3856/3760 1958/3857/3761
f 1958/3857/3761 1921/3856/3760 1920/3858/3762
f 1958/3857/3761 1920/3858/3762 1957/3859/3763
f 1957/3859/3763 1920/3858/3762 1919/3860/3764
f 1957/3859/3763 1919/3860/3764 1956/3861/3765
f 1956/3861/3765 1919/3860/3764 1918/3862/3766
f 1956/3861/3765 1918/3862/3766 1955/3863/3767
f 1955/3863/3767 1918/3862/3766 1917/3864/3768
f 1955/3863/3767 1917/3864/3768 1954/3865/3769
f 1954/3865/3769 1917/3864/3768 1916/3866/3770
f 1954/3865/3769 1916/3866/3770 1953/3867/3771
f 1953/3867/3771 1916/3866/3770 1915/3868/3772
f 1953/3867/3771 1915/3868/3772 1952/3869/3773
f 1952/3869/3773 1915/3868/3772 1914/3870/3774
f 1952/3869/3773 1914/3870/3774 1951/3871/3775
f 1951/3871/3775 1914/3870/3774 1913/3872/3776
f 1951/3871/3775 1913/3872/3776 1950/3873/3777
f 1950/3873/3777 1913/3872/3776 1912/3874/3778
f 1950/3873/3777 1912/3874/3778 1949/3875/3779
f 1949/3875/3779 1912/3874/3778 1911/3876/3780
f 1949/3875/3779 1911/3876/3780 1948/3877/3781
f 1948/3877/3781 1911/3876/3780 1910/3878/3782
f 1948/3877/3781 1910/3878/3782 1947/3879/3783
f 1947/3879/3783 1910/3878/3782 1909/3880/3784
f 1947/3879/3783 1909/3880/3784 1946/3881/3785
f 1946/3881/3785 1909/3880/3784 1908/3882/3786
f 1946/3881/3785 1908/3882/3786 1945/3883/3787
f 1945/3883/3787 1908/3882/3786 1907/3884/3788
f 1945/3883/3787 1907/3884/3788 1944/3885/3789
f 1944/3885/3789 1907/3884/3788 1906/3886/3790
f 1944/3885/3789 1906/3886/3790 1943/3887/3791
f 1943/3887/3791 1906/3886/3790 1905/3888/3792
f 1943/3887/3791 1905/3888/3792 1942/3889/3793
f 1942/3889/3793 1905/3888/3792 1904/3890/3794
f 1942/3889/3793 1904/3890/3794 1941/3891/3795
f 1941/3891/3795 1904/3890/3794 1903/3892/3796
f 1941/3891/3795 1903/3892/3796 1940/3893/3797
f 1940/3893/3797 1903/3892/3796 1902/3894/3798
f 1940/3893/3797 1902/3894/3798 1939/3845/3751
f 1939/3845/3751 1902/3894/3798 1901/3846/3752
f 1963/3895/3799 1877/3896/3800 1962/3897/3801
f 1962/3897/3801 1877/3896/3800 1876/3898/3802
f 1962/3899/3801 1876/3900/3802 1985/3901/3803
f 1985/3901/3803 1876/3900/3802 1899/3902/3804
f 1985/3901/3803 1899/3902/3804 1984/3903/3805
f 1984/3903/3805 1899/3902/3804 1898/3904/3806
f 1984/3903/3805 1898/3904/3806 1983/3905/3807
f 1983/3905/3807 1898/3904/3806 1897/3906/3808
f 1983/3905/3807 1897/3906/3808 1982/3907/3809
f 1982/3907/3809 1897/3906/3808 1896/3908/3810
f 1982/3907/3809 1896/3908/3810 1981/3909/3811
f 1981/3909/3811 1896/3908/3810 1895/3910/3812
f 1981/3909/3811 1895/3910/3812 1980/3911/3813
f 1980/3911/3813 1895/3910/3812 1894/3912/3814
f 1980/3911/3813 1894/3912/3814 1979/3913/3815
f 1979/3913/3815 1894/3912/3814 1893/3914/3816
f 1979/3913/3815 1893/3914/3816 1978/3915/3817
f 1978/3915/3817 1893/3914/3816 1892/3916/3818
f 1978/3915/3817 1892/3916/3818 1977/3917/3819
f 1977/3917/3819 1892/3916/3818 1891/3918/3820
f 1977/3917/3819 1891/3918/3820 1976/3919/3821
f 1976/3919/3821 1891/3918/3820 1890/3920/3822
f 1976/3919/3821 1890/3920/3822 1975/3921/3823
f 1975/3921/3823 1890/3920/3822 1889/3922/3824
f 1975/3921/3823 1889/3922/3824 1974/3923/3825
f 1974/3923/3825 1889/3922/3824 1888/3924/3826
f 1974/3923/3825 1888/3924/3826 1973/3925/3827
f 1973/3925/3827 1888/3924/3826 1887/3926/3828
f 1973/3925/3827 1887/3926/3828 1972/3927/3829
f 1972/3927/3829 1887/3926/3828 1886/3928/3830
f 1972/3927/3829 1886/3928/3830 1971/3929/3831
f 1971/3929/3831 1886/3928/3830 1885/3930/3832
f 1971/3929/3831 1885/3930/3832 1970/3931/3833
f 1970/3931/3833 1885/3930/3832 1884/3932/3834
f 1970/3931/3833 1884/3932/3834 1969/3933/3835
f 1969/3933/3835 1884/3932/3834 1883/3934/3836
f 1969/3933/3835 1883/3934/3836 1968/3935/3837
f 1968/3935/3837 1883/3934/3836 1882/3936/3838
f 1968/3935/3837 1882/3936/3838 1967/3937/3839
f 1967/3937/3839 1882/3936/3838 1881/3938/3840
f 1967/3937/3839 1881/3938/3840 1966/3939/3841
f 1966/3939/3841 1881/3938/3840 1880/3940/3842
f 1966/3939/3841 1880/3940/3842 1965/3941/3843
f 1965/3941/3843 1880/3940/3842 1879/3942/3844
f 1965/3941/3843 1879/3942/3844 1964/3943/3845
f 1964/3943/3845 1879/3942/3844 1878/3944/3846
f 1964/3943/3845 1878/3944/3846 1963/3895/3799
f 1963/3895/3799 1878/3944/3846 1877/3896/3800
f 1840/3945/3847 1875/3946/3848 1837/3947/3849
f 1837/3947/3849 1875/3946/3848 1986/3948/3850
f 1930/3949/3721 1987/3950/3851 1868/3951/3722
f 1868/3951/3722 1987/3950/3851 1869/3952/3852
f 1870/3953/3853 1869/3954/3854 1988/3955/3855
f 1988/3955/3855 1869/3954/3854 1987/3956/3856
f 1871/3957/3857 1870/3958/3858 1989/3959/3859
f 1989/3959/3859 1870/3958/3858 1988/3960/3860
f 1872/3961/3861 1871/3962/3862 1990/3963/3863
f 1990/3963/3863 1871/3962/3862 1989/3964/3864
f 1853/3965/3865 1872/3966/3866 1854/3967/3867
f 1854/3967/3867 1872/3966/3866 1990/3968/3868
f 1873/3969/3869 1852/3970/3870 1991/3971/3871
f 1991/3971/3871 1852/3970/3870 1851/3972/3872
f 1874/3973/3873 1873/3974/3874 1992/3975/3875
f 1992/3975/3875 1873/3974/3874 1991/3976/3876
f 1875/3977/3877 1874/3978/3878 1986/3979/3879
f 1986/3979/3879 1874/3978/3878 1992/3980/3880
f 1837/3981/3881 1986/3982/3882 1838/3983/3883
f 1838/3983/3883 1986/3982/3882 1992/3984/3884
f 1838/3983/3883 1992/3984/3884 1833/3985/3885
f 1833/3985/3885 1992/3984/3884 1966/3986/3886
f 1833/3985/3885 1966/3986/3886 1935/3987/3887
f 1935/3987/3887 1966/3986/3886 1936/3988/3888
f 1936/3988/3888 1966/3986/3886 1965/3989/3889
f 1936/3988/3888 1965/3989/3889 1842/3990/3890
f 1842/3990/3890 1965/3989/3889 1964/3991/3891
f 1842/3990/3890 1964/3991/3891 1845/3992/3892
f 1845/3992/3892 1964/3991/3891 1963/3993/3893
f 1845/3992/3892 1963/3993/3893 1962/3994/3894
f 1991/3995/3895 1969/3996/3896 1992/3984/3884
f 1992/3984/3884 1969/3996/3896 1968/3997/3897
f 1992/3984/3884 1968/3997/3897 1967/3998/3898
f 1851/3999/3899 1979/4000/3900 1991/3995/3895
f 1991/3995/3895 1979/4000/3900 1978/4001/3901
f 1991/3995/3895 1978/4001/3901 1977/4002/3902
f 1847/4003/3903 1845/3992/3892 1851/3999/3899
f 1851/3999/3899 1845/3992/3892 1983/4004/3904
f 1851/3999/3899 1983/4004/3904 1982/4005/3905
f 1841/4006/3906 1854/4007/3907 1842/3990/3890
f 1842/3990/3890 1854/4007/3907 1990/4008/3908
f 1842/3990/3890 1990/4008/3908 1937/4009/3909
f 1937/4009/3909 1990/4008/3908 1931/4010/3910
f 1931/4010/3910 1990/4008/3908 1924/4011/3911
f 1924/4011/3911 1990/4008/3908 1925/4012/3912
f 1925/4012/3912 1990/4008/3908 1926/4013/3913
f 1926/4013/3913 1990/4008/3908 1989/4014/3914
f 1926/4013/3913 1989/4014/3914 1957/4015/3915
f 1957/4015/3915 1989/4014/3914 1958/4016/3916
f 1958/4016/3916 1989/4014/3914 1959/4017/3917
f 1959/4017/3917 1989/4014/3914 1960/4018/3918
f 1960/4018/3918 1989/4014/3914 1961/4019/3919
f 1961/4019/3919 1989/4014/3914 1938/4020/3920
f 1938/4020/3920 1989/4014/3914 1939/4021/3921
f 1939/4021/3921 1989/4014/3914 1940/4022/3922
f 1940/4022/3922 1989/4014/3914 1988/4023/3923
f 1940/4022/3922 1988/4023/3923 1941/4024/3924
f 1941/4024/3924 1988/4023/3923 1942/4025/3925
f 1942/4025/3925 1988/4023/3923 1943/4026/3926
f 1943/4026/3926 1988/4023/3923 1944/4027/3927
f 1944/4027/3927 1988/4023/3923 1987/4028/3928
f 1944/4027/3927 1987/4028/3928 1945/4029/3929
f 1945/4029/3929 1987/4028/3928 1946/4030/3930
f 1946/4030/3930 1987/4028/3928 1947/4031/3931
f 1947/4031/3931 1987/4028/3928 1948/4032/3932
f 1948/4032/3932 1987/4028/3928 1930/4033/3933
f 1948/4032/3932 1930/4033/3933 1949/4034/3934
f 1949/4034/3934 1930/4033/3933 1950/4035/3935
f 1950/4035/3935 1930/4033/3933 1951/4036/3936
f 1951/4036/3936 1930/4033/3933 1952/4037/3937
f 1952/4037/3937 1930/4033/3933 1953/4038/3938
f 1953/4038/3938 1930/4033/3933 1954/4039/3939
f 1954/4039/3939 1930/4033/3933 1929/4040/3940
f 1954/4039/3939 1929/4040/3940 1955/4041/3941
f 1955/4041/3941 1929/4040/3940 1928/4042/3942
f 1955/4041/3941 1928/4042/3942 1956/4043/3943
f 1956/4043/3943 1928/4042/3942 1927/4044/3944
f 1956/4043/3943 1927/4044/3944 1926/4013/3913
f 1937/4009/3909 1936/3988/3888 1842/3990/3890
f 1935/3987/3887 1934/4045/3945 1833/3985/3885
f 1833/3985/3885 1934/4045/3945 1933/4046/3946
f 1833/3985/3885 1933/4046/3946 1932/4047/3947
f 1932/4047/3947 1849/4048/3948 1833/3985/3885
f 1833/3985/3885 1849/4048/3948 1834/4049/3949
f 1957/4015/3915 1956/4043/3943 1926/4013/3913
f 1962/3994/3894 1985/4050/3950 1845/3992/3892
f 1845/3992/3892 1985/4050/3950 1984/4051/3951
f 1845/3992/3892 1984/4051/3951 1983/4004/3904
f 1982/4005/3905 1981/4052/3952 1851/3999/3899
f 1851/3999/3899 1981/4052/3952 1980/4053/3953
f 1851/3999/3899 1980/4053/3953 1979/4000/3900
f 1977/4002/3902 1976/4054/3954 1991/3995/3895
f 1991/3995/3895 1976/4054/3954 1975/4055/3955
f 1991/3995/3895 1975/4055/3955 1974/4056/3956
f 1974/4056/3956 1973/4057/3957 1991/3995/3895
f 1991/3995/3895 1973/4057/3957 1972/4058/3958
f 1991/3995/3895 1972/4058/3958 1971/4059/3959
f 1971/4059/3959 1970/4060/3960 1991/3995/3895
f 1991/3995/3895 1970/4060/3960 1969/3996/3896
f 1967/3998/3898 1966/3986/3886 1992/3984/3884
g camera

v 0.020000 6.161684 5.045000
v -0.005882 6.161684 5.041593
v -0.030000 6.161684 5.031603
v -0.050711 6.161684 5.015711
v -0.066603 6.161684 4.995000
v -0.076593 6.161684 4.970882
v -0.080000 6.161684 4.945000
v -0.076593 6.161684 4.919118
v -0.066603 6.161684 4.895000
v -0.050711 6.161684 4.874289
v -0.030000 6.161684 4.858397
v -0.005882 6.161684 4.848407
v 0.020000 6.161684 4.845000
v 0.045882 6.161684 4.848407
v 0.070000 6.161684 4.858397
v 0.090711 6.161684 4.874289
v 0.106603 6.161684 4.895000
v 0.116593 6.161684 4.919118
v 0.120000 6.161684 4.945000
v 0.116593 6.161684 4.970882
v 0.106603 6.161684 4.995000
v 0.090711 6.161684 5.015711
v 0.070000 6.161684 5.031603
v 0.045882 6.161684 5.041593
v 0.020000 6.211684 5.045000
v 0.045882 6.211684 5.041593
v 0.070000 6.211684 5.031603
v 0.090711 6.211684 5.015711
v 0.106603 6.211684 4.995000
v 0.116593 6.211684 4.970882
v 0.120000 6.211684 4.945000
v 0.116593 6.211684 4.919118
v 0.106603 6.211684 4.895000
v 0.090711 6.211684 4.874289
v 0.070000 6.211684 4.858397
v 0.045882 6.211684 4.848407
v 0.020000 6.211684 4.845000
v -0.005882 6.211684 4.848407
v -0.030000 6.211684 4.858397
v -0.050711 6.211684 4.874289
v -0.066603 6.211684 4.895000
v -0.076593 6.211684 4.919118
v -0.080000 6.211684 4.945000
v -0.076593 6.211684 4.970882
v -0.066603 6.211684 4.995000
v -0.050711 6.211684 5.015711
v -0.030000 6.211684 5.031603
v -0.005882 6.211684 5.041593
v 0.020000 6.211684 5.370000
v 0.111362 6.211684 5.360064
v 0.198453 6.211684 5.330720
v 0.277199 6.211684 5.283340
v 0.343919 6.211684 5.220139
v 0.395493 6.211684 5.144074
v 0.429509 6.211684 5.058700
v 0.444377 6.211684 4.968009
v 0.439401 6.211684 4.876243
v 0.414815 6.211684 4.787691
v 0.371768 6.211684 4.706495
v 0.312272 6.211684 4.636452
v 0.239110 6.211684 4.580836
v 0.155703 6.211684 4.542247
v 0.065951 6.211684 4.522491
v -0.025951 6.211684 4.522491
v -0.115703 6.211684 4.542247
v -0.199110 6.211684 4.580836
v -0.272272 6.211684 4.636452
v -0.331768 6.211684 4.706495
v -0.374815 6.211684 4.787691
v -0.399401 6.211684 4.876243
v -0.404377 6.211684 4.968009
v -0.389509 6.211684 5.058700
v -0.355493 6.211684 5.144074
v -0.303919 6.211684 5.220139
v -0.237199 6.211684 5.283340
v -0.158453 6.211684 5.330720
v -0.071362 6.211684 5.360064
v 0.020000 6.261684 5.370000
v 0.111362 6.261684 5.360064
v 0.198453 6.261684 5.330720
v 0.277199 6.261684 5.283340
v 0.343919 6.261684 5.220139
v 0.395493 6.261684 5.144074
v 0.429509 6.261684 5.058700
v 0.444377 6.261684 4.968009
v 0.439401 6.261684 4.876243
v 0.414815 6.261684 4.787691
v 0.371768 6.261684 4.706495
v 0.312272 6.261684 4.636452
v 0.239110 6.261684 4.580836
v 0.155703 6.261684 4.542247
v 0.065951 6.261684 4.522491
v -0.025951 6.261684 4.522491
v -0.115703 6.261684 4.542247
v -0.199110 6.261684 4.580836
v -0.272272 6.261684 4.636452
v -0.331768 6.261684 4.706495
v -0.374815 6.261684 4.787691
v -0.399401 6.261684 4.876243
v -0.404377 6.261684 4.968009
v -0.389509 6.261684 5.058700
v -0.355493 6.261684 5.144074
v -0.303919 6.261684 5.220139
v -0.237199 6.261684 5.283340
v -0.158453 6.261684 5.330720
v -0.071362 6.261684 5.360064
v 0.020000 6.261684 5.545000
v -0.090250 6.261684 5.534784
v -0.196745 6.261684 5.504483
v -0.295859 6.261684 5.455130
v -0.384217 6.261684 5.388405
v -0.458810 6.261684 5.306581
v -0.517098 6.261684 5.212443
v -0.557095 6.261684 5.109198
v -0.577441 6.261684 5.000361
v -0.577441 6.261684 4.889639
v -0.557095 6.261684 4.780802
v -0.517098 6.261684 4.677557
v -0.458810 6.261684 4.583419
v -0.384217 6.261684 4.501595
v -0.295859 6.261684 4.434870
v -0.196745 6.261684 4.385517
v -0.090250 6.261684 4.355216
v 0.020000 6.261684 4.345000
v 0.130250 6.261684 4.355216
v 0.236745 6.261684 4.385517
v 0.335859 6.261684 4.434870
v 0.424217 6.261684 4.501595
v 0.498810 6.261684 4.583419
v 0.557098 6.261684 4.677557
v 0.597095 6.261684 4.780802
v 0.617441 6.261684 4.889639
v 0.617441 6.261684 5.000361
v 0.597095 6.261684 5.109198
v 0.557098 6.261684 5.212443
v 0.498810 6.261684 5.306581
v 0.424217 6.261684 5.388405
v 0.335859 6.261684 5.455130
v 0.236745 6.261684 5.504483
v 0.130250 6.261684 5.534784
v 0.020000 5.961684 5.545000
v 0.130250 5.961684 5.534784
v 0.236745 5.961684 5.504483
v 0.335859 5.961684 5.455130
v 0.424217 5.961684 5.388405
v 0.498810 5.961684 5.306581
v 0.557098 5.961684 5.212443
v 0.597095 5.961684 5.109198
v 0.617441 5.961684 5.000361
v 0.617441 5.961684 4.889639
v 0.597095 5.961684 4.780802
v 0.557098 5.961684 4.677557
v 0.498810 5.961684 4.583419
v 0.424217 5.961684 4.501595
v 0.335859 5.961684 4.434870
v 0.236745 5.961684 4.385517
v 0.130250 5.961684 4.355216
v 0.020000 5.961684 4.345000
v -0.090250 5.961684 4.355216
v -0.196745 5.961684 4.385517
v -0.295859 5.961684 4.434870
v -0.384217 5.961684 4.501595
v -0.458810 5.961684 4.583419
v -0.517098 5.961684 4.677557
v -0.557095 5.961684 4.780802
v -0.577441 5.961684 4.889639
v -0.577441 5.961684 5.000361
v -0.557095 5.961684 5.109198
v -0.517098 5.961684 5.212443
v -0.458810 5.961684 5.306581
v -0.384217 5.961684 5.388405
v -0.295859 5.961684 5.455130
v -0.196745 5.961684 5.504483
v -0.090250 5.961684 5.534784
v 0.715000 5.961684 5.640000
v 0.715000 5.961684 5.118710
v 0.761758 5.961684 5.146527
v 0.813912 5.961684 5.162020
v 0.868274 5.961684 5.164240
v 0.921518 5.961684 5.153051
v 0.970388 5.961684 5.129138
v 1.011896 5.961684 5.093963
v 1.043501 5.961684 5.049677
v 1.063272 5.961684 4.998990
v 1.070000 5.961684 4.945000
v 1.063272 5.961684 4.891010
v 1.043501 5.961684 4.840323
v 1.011896 5.961684 4.796037
v 0.970388 5.961684 4.760862
v 0.921518 5.961684 4.736949
v 0.868274 5.961684 4.725760
v 0.813912 5.961684 4.727980
v 0.761758 5.961684 4.743473
v 0.715000 5.961684 4.771290
v 0.715000 5.961684 4.250000
v -0.675000 5.961684 4.250000
v -0.675000 5.961684 4.771290
v -0.721758 5.961684 4.743473
v -0.773912 5.961684 4.727980
v -0.828274 5.961684 4.725760
v -0.881518 5.961684 4.736949
v -0.930388 5.961684 4.760862
v -0.971896 5.961684 4.796037
v -1.003501 5.961684 4.840323
v -1.023272 5.961684 4.891010
v -1.030000 5.961684 4.945000
v -1.023272 5.961684 4.998990
v -1.003501 5.961684 5.049677
v -0.971896 5.961684 5.093963
v -0.930388 5.961684 5.129138
v -0.881518 5.961684 5.153051
v -0.828274 5.961684 5.164240
v -0.773912 5.961684 5.162020
v -0.721758 5.961684 5.146527
v -0.675000 5.961684 5.118710
v -0.675000 5.961684 5.640000
v -0.675000 5.561684 5.640000
v 0.715000 5.561684 5.640000
v -0.675000 5.561684 5.118710
v -0.675000 5.561684 4.771290
v -0.721758 5.561684 4.743473
v -0.773912 5.561684 4.727980
v -0.828274 5.561684 4.725760
v -0.881518 5.561684 4.736949
v -0.930388 5.561684 4.760862
v -0.971896 5.561684 4.796037
v -1.003501 5.561684 4.840323
v -1.023272 5.561684 4.891010
v -1.030000 5.561684 4.945000
v -1.023272 5.561684 4.998990
v -1.003501 5.561684 5.049677
v -0.971896 5.561684 5.093963
v -0.930388 5.561684 5.129138
v -0.881518 5.561684 5.153051
v -0.828274 5.561684 5.164240
v -0.773912 5.561684 5.162020
v -0.721758 5.561684 5.146527
v -0.675000 5.561684 4.250000
v 0.715000 5.561684 4.250000
v 0.715000 5.561684 4.771290
v 0.715000 5.561684 5.118710
v 0.761758 5.561684 5.146527
v 0.813912 5.561684 5.162020
v 0.868274 5.561684 5.164240
v 0.921518 5.561684 5.153051
v 0.970388 5.561684 5.129138
v 1.011896 5.561684 5.093963
v 1.043501 5.561684 5.049677
v 1.063272 5.561684 4.998990
v 1.070000 5.561684 4.945000
v 1.063272 5.561684 4.891010
v 1.043501 5.561684 4.840323
v 1.011896 5.561684 4.796037
v 0.970388 5.561684 4.760862
v 0.921518 5.561684 4.736949
v 0.868274 5.561684 4.725760
v 0.813912 5.561684 4.727980
v 0.761758 5.561684 4.743473
vt 0.050000 -0.287979 0.000000
vt 0.000000 -0.287979 0.000000
vt 0.050000 -0.314159 0.000000
vt 0.000000 -0.314159 0.000000
vt 0.050000 0.314159 0.000000
vt 0.000000 0.314159 0.000000
vt 0.050000 0.287979 0.000000
vt 0.000000 0.287979 0.000000
vt 0.050000 0.261799 0.000000
vt 0.000000 0.261799 0.000000
vt 0.050000 0.235619 0.000000
vt 0.000000 0.235619 0.000000
vt 0.050000 0.209440 0.000000
vt 0.000000 0.209440 0.000000
vt 0.050000 0.183260 0.000000
vt 0.000000 0.183260 0.000000
vt 0.050000 0.157080 0.000000
vt 0.000000 0.157080 0.000000
vt 0.050000 0.130900 0.000000
vt 0.000000 0.130900 0.000000
vt 0.050000 0.104720 0.000000
vt -0.000000 0.104720 0.000000
vt 0.050000 0.078540 0.000000
vt 0.000000 0.078540 0.000000
vt 0.050000 0.052360 0.000000
vt 0.000000 0.052360 0.000000
vt 0.050000 0.026180 0.000000
vt -0.000000 0.026180 0.000000
vt 0.050000 0.000000 0.000000
vt 0.000000 0.000000 0.000000
vt 0.050000 -0.026180 0.000000
vt 0.000000 -0.026180 0.000000
vt 0.050000 -0.052360 0.000000
vt 0.000000 -0.052360 0.000000
vt 0.050000 -0.078540 0.000000
vt 0.000000 -0.078540 0.000000
vt 0.050000 -0.104720 0.000000
vt 0.000000 -0.104720 0.000000
vt 0.050000 -0.130900 0.000000
vt 0.000000 -0.130900 0.000000
vt 0.050000 -0.157080 0.000000
vt 0.000000 -0.157080 0.000000
vt 0.050000 -0.183260 0.000000
vt 0.000000 -0.183260 0.000000
vt 0.050000 -0.209440 0.000000
vt 0.000000 -0.209440 0.000000
vt 0.050000 -0.235619 0.000000
vt 0.000000 -0.235619 0.000000
vt 0.050000 -0.261799 0.000000
vt 0.000000 -0.261799 0.000000
vt -0.096593 -0.025882 0.000000
vt 0.096593 -0.025882 0.000000
vt -0.100000 0.000000 0.000000
vt 0.100000 0.000000 0.000000
vt -0.096593 0.025882 0.000000
vt 0.096593 0.025882 0.000000
vt -0.086603 0.050000 0.000000
vt 0.086603 0.050000 0.000000
vt -0.070711 0.070711 0.000000
vt 0.070711 0.070711 0.000000
vt -0.050000 0.086603 0.000000
vt 0.050000 0.086603 0.000000
vt -0.025882 0.096593 0.000000
vt 0.025882 0.096593 0.000000
vt 0.000000 0.100000 0.000000
vt 0.086603 -0.050000 0.000000
vt -0.086603 -0.050000 0.000000
vt 0.070711 -0.070711 0.000000
vt -0.070711 -0.070711 0.000000
vt 0.050000 -0.086603 0.000000
vt -0.050000 -0.086603 0.000000
vt 0.025882 -0.096593 0.000000
vt -0.025882 -0.096593 0.000000
vt 0.000000 -0.100000 0.000000
vt -0.096593 0.025882 0.000000
vt -0.415064 0.091362 0.000000
vt -0.100000 -0.000000 0.000000
vt -0.425000 -0.000000 0.000000
vt -0.415064 -0.091362 0.000000
vt -0.385720 0.178453 0.000000
vt -0.086603 0.050000 0.000000
vt -0.338340 0.257199 0.000000
vt -0.070711 0.070711 0.000000
vt -0.275139 0.323919 0.000000
vt -0.050000 0.086603 0.000000
vt -0.199074 0.375493 0.000000
vt -0.025882 0.096593 0.000000
vt -0.113700 0.409509 0.000000
vt -0.023009 0.424377 0.000000
vt -0.000000 0.100000 0.000000
vt 0.068757 0.419401 0.000000
vt 0.025882 0.096593 0.000000
vt 0.157309 0.394815 0.000000
vt 0.050000 0.086603 0.000000
vt 0.238505 0.351768 0.000000
vt 0.070711 0.070711 0.000000
vt 0.308548 0.292272 0.000000
vt 0.086603 0.050000 0.000000
vt 0.364164 0.219110 0.000000
vt 0.402753 0.135703 0.000000
vt 0.096593 0.025882 0.000000
vt 0.422509 0.045951 0.000000
vt 0.100000 -0.000000 0.000000
vt 0.422509 -0.045951 0.000000
vt 0.096593 -0.025882 0.000000
vt 0.402753 -0.135703 0.000000
vt 0.086603 -0.050000 0.000000
vt 0.364164 -0.219110 0.000000
vt 0.308548 -0.292272 0.000000
vt 0.070711 -0.070711 0.000000
vt 0.238505 -0.351768 0.000000
vt 0.050000 -0.086603 0.000000
vt 0.157309 -0.394815 0.000000
vt 0.025882 -0.096593 0.000000
vt 0.068757 -0.419401 0.000000
vt -0.000000 -0.100000 0.000000
vt -0.023009 -0.424377 0.000000
vt -0.025882 -0.096593 0.000000
vt -0.113700 -0.409509 0.000000
vt -0.199074 -0.375493 0.000000
vt -0.050000 -0.086603 0.000000
vt -0.275139 -0.323919 0.000000
vt -0.070711 -0.070711 0.000000
vt -0.338340 -0.257199 0.000000
vt -0.086603 -0.050000 0.000000
vt -0.385720 -0.178453 0.000000
vt -0.096593 -0.025882 0.000000
vt 0.250000 1.243096 0.000000
vt 0.300000 1.243096 0.000000
vt 0.250000 1.335177 0.000000
vt 0.300000 1.335177 0.000000
vt 0.250000 -1.335177 0.000000
vt 0.300000 -1.335177 0.000000
vt 0.250000 -1.243096 0.000000
vt 0.300000 -1.243096 0.000000
vt 0.250000 -1.151015 0.000000
vt 0.300000 -1.151015 0.000000
vt 0.250000 -1.058933 0.000000
vt 0.300000 -1.058933 0.000000
vt 0.250000 -0.966852 0.000000
vt 0.300000 -0.966852 0.000000
vt 0.250000 -0.874771 0.000000
vt 0.300000 -0.874771 0.000000
vt 0.250000 -0.782690 0.000000
vt 0.300000 -0.782690 0.000000
vt 0.250000 -0.690609 0.000000
vt 0.300000 -0.690609 0.000000
vt 0.250000 -0.598528 0.000000
vt 0.300000 -0.598528 0.000000
vt 0.250000 -0.506446 0.000000
vt 0.300000 -0.506446 0.000000
vt 0.250000 -0.414365 0.000000
vt 0.300000 -0.414365 0.000000
vt 0.250000 -0.322284 0.000000
vt 0.300000 -0.322284 0.000000
vt 0.250000 -0.230203 0.000000
vt 0.300000 -0.230203 0.000000
vt 0.250000 -0.138122 0.000000
vt 0.300000 -0.138122 0.000000
vt 0.250000 -0.046041 0.000000
vt 0.300000 -0.046041 0.000000
vt 0.250000 0.046041 0.000000
vt 0.300000 0.046041 0.000000
vt 0.250000 0.138122 0.000000
vt 0.300000 0.138122 0.000000
vt 0.250000 0.230203 0.000000
vt 0.300000 0.230203 0.000000
vt 0.250000 0.322284 0.000000
vt 0.300000 0.322284 0.000000
vt 0.250000 0.414365 0.000000
vt 0.300000 0.414365 0.000000
vt 0.250000 0.506446 0.000000
vt 0.300000 0.506446 0.000000
vt 0.250000 0.598528 0.000000
vt 0.300000 0.598528 0.000000
vt 0.250000 0.690609 0.000000
vt 0.300000 0.690609 0.000000
vt 0.250000 0.782690 0.000000
vt 0.300000 0.782690 0.000000
vt 0.250000 0.874771 0.000000
vt 0.300000 0.874771 0.000000
vt 0.250000 0.966852 0.000000
vt 0.300000 0.966852 0.000000
vt 0.250000 1.058933 0.000000
vt 0.300000 1.058933 0.000000
vt 0.250000 1.151015 0.000000
vt 0.300000 1.151015 0.000000
vt -0.300000 1.774076 0.000000
vt -0.000000 1.774076 0.000000
vt -0.300000 1.884956 0.000000
vt -0.000000 1.884956 0.000000
vt -0.300000 -1.884956 0.000000
vt -0.000000 -1.884956 0.000000
vt -0.300000 -1.774076 0.000000
vt -0.000000 -1.774076 0.000000
vt -0.300000 -1.663196 0.000000
vt -0.000000 -1.663196 0.000000
vt -0.300000 -1.552316 0.000000
vt -0.000000 -1.552316 0.000000
vt -0.300000 -1.441437 0.000000
vt -0.000000 -1.441437 0.000000
vt -0.300000 -1.330557 0.000000
vt -0.000000 -1.330557 0.000000
vt -0.300000 -1.219677 0.000000
vt -0.000000 -1.219677 0.000000
vt -0.300000 -1.108797 0.000000
vt -0.000000 -1.108797 0.000000
vt -0.300000 -0.997918 0.000000
vt -0.000000 -0.997918 0.000000
vt -0.300000 -0.887038 0.000000
vt -0.000000 -0.887038 0.000000
vt -0.300000 -0.776158 0.000000
vt -0.000000 -0.776158 0.000000
vt -0.300000 -0.665278 0.000000
vt -0.000000 -0.665278 0.000000
vt -0.300000 -0.554399 0.000000
vt -0.000000 -0.554399 0.000000
vt -0.300000 -0.443519 0.000000
vt -0.000000 -0.443519 0.000000
vt -0.300000 -0.332639 0.000000
vt -0.000000 -0.332639 0.000000
vt -0.300000 -0.221759 0.000000
vt -0.000000 -0.221759 0.000000
vt -0.300000 -0.110880 0.000000
vt -0.000000 -0.110880 0.000000
vt -0.300000 0.000000 0.000000
vt -0.000000 0.000000 0.000000
vt -0.300000 0.110880 0.000000
vt -0.000000 0.110880 0.000000
vt -0.300000 0.221759 0.000000
vt -0.000000 0.221759 0.000000
vt -0.300000 0.332639 0.000000
vt -0.000000 0.332639 0.000000
vt -0.300000 0.443519 0.000000
vt -0.000000 0.443519 0.000000
vt -0.300000 0.554399 0.000000
vt -0.000000 0.554399 0.000000
vt -0.300000 0.665278 0.000000
vt -0.000000 0.665278 0.000000
vt -0.300000 0.776158 0.000000
vt -0.000000 0.776158 0.000000
vt -0.300000 0.887038 0.000000
vt -0.000000 0.887038 0.000000
vt -0.300000 0.997918 0.000000
vt -0.000000 0.997918 0.000000
vt -0.300000 1.108797 0.000000
vt -0.000000 1.108797 0.000000
vt -0.300000 1.219677 0.000000
vt -0.000000 1.219677 0.000000
vt -0.300000 1.330557 0.000000
vt -0.000000 1.330557 0.000000
vt -0.300000 1.441437 0.000000
vt -0.000000 1.441437 0.000000
vt -0.300000 1.552316 0.000000
vt -0.000000 1.552316 0.000000
vt -0.300000 1.663196 0.000000
vt -0.000000 1.663196 0.000000
vt -0.415064 0.091362 0.000000
vt -0.589784 0.110250 0.000000
vt -0.425000 0.000000 0.000000
vt -0.600000 0.000000 0.000000
vt -0.589784 -0.110250 0.000000
vt -0.559483 0.216745 0.000000
vt -0.385720 0.178453 0.000000
vt -0.510130 0.315859 0.000000
vt -0.338340 0.257199 0.000000
vt -0.443405 0.404217 0.000000
vt -0.275139 0.323919 0.000000
vt -0.361581 0.478810 0.000000
vt -0.199074 0.375493 0.000000
vt -0.267443 0.537098 0.000000
vt -0.113700 0.409509 0.000000
vt -0.164198 0.577095 0.000000
vt -0.055361 0.597441 0.000000
vt -0.023009 0.424377 0.000000
vt 0.055361 0.597441 0.000000
vt 0.068757 0.419401 0.000000
vt 0.164198 0.577095 0.000000
vt 0.157309 0.394815 0.000000
vt 0.267443 0.537098 0.000000
vt 0.238505 0.351768 0.000000
vt 0.361581 0.478810 0.000000
vt 0.308548 0.292272 0.000000
vt 0.443405 0.404217 0.000000
vt 0.364164 0.219110 0.000000
vt 0.510130 0.315859 0.000000
vt 0.559483 0.216745 0.000000
vt 0.402753 0.135703 0.000000
vt 0.589784 0.110250 0.000000
vt 0.422509 0.045951 0.000000
vt 0.600000 0.000000 0.000000
vt 0.422509 -0.045951 0.000000
vt 0.589784 -0.110250 0.000000
vt 0.402753 -0.135703 0.000000
vt 0.559483 -0.216745 0.000000
vt 0.364164 -0.219110 0.000000
vt 0.510130 -0.315859 0.000000
vt 0.443405 -0.404217 0.000000
vt 0.308548 -0.292272 0.000000
vt 0.361581 -0.478810 0.000000
vt 0.238505 -0.351768 0.000000
vt 0.267443 -0.537098 0.000000
vt 0.157309 -0.394815 0.000000
vt 0.164198 -0.577095 0.000000
vt 0.068757 -0.419401 0.000000
vt 0.055361 -0.597441 0.000000
vt -0.023009 -0.424377 0.000000
vt -0.055361 -0.597441 0.000000
vt -0.113700 -0.409509 0.000000
vt -0.164198 -0.577095 0.000000
vt -0.267443 -0.537098 0.000000
vt -0.199074 -0.375493 0.000000
vt -0.361581 -0.478810 0.000000
vt -0.275139 -0.323919 0.000000
vt -0.443405 -0.404217 0.000000
vt -0.338340 -0.257199 0.000000
vt -0.510130 -0.315859 0.000000
vt -0.385720 -0.178453 0.000000
vt -0.559483 -0.216745 0.000000
vt -0.415064 -0.091362 0.000000
vt -0.173710 -0.695000 0.000000
vt -0.267443 -0.537098 0.000000
vt -0.695000 -0.695000 0.000000
vt -0.361581 -0.478810 0.000000
vt -0.443405 -0.404217 0.000000
vt -0.201527 -0.741758 0.000000
vt -0.184138 -0.950388 0.000000
vt -0.148963 -0.991896 0.000000
vt -0.104677 -1.023501 0.000000
vt -0.208051 -0.901518 0.000000
vt -0.217020 -0.793912 0.000000
vt -0.219240 -0.848274 0.000000
vt -0.055361 -0.597441 0.000000
vt -0.053990 -1.043272 0.000000
vt -0.000000 -1.050000 0.000000
vt 0.055361 -0.597441 0.000000
vt 0.053990 -1.043272 0.000000
vt 0.104677 -1.023501 0.000000
vt 0.173710 -0.695000 0.000000
vt 0.148963 -0.991896 0.000000
vt 0.184138 -0.950388 0.000000
vt 0.201527 -0.741758 0.000000
vt 0.208051 -0.901518 0.000000
vt 0.217020 -0.793912 0.000000
vt 0.219240 -0.848274 0.000000
vt 0.695000 -0.695000 0.000000
vt 0.267443 -0.537098 0.000000
vt 0.164198 -0.577095 0.000000
vt 0.695000 0.695000 0.000000
vt 0.600000 -0.000000 0.000000
vt 0.589784 -0.110250 0.000000
vt 0.559483 -0.216745 0.000000
vt 0.173710 0.695000 0.000000
vt 0.267443 0.537098 0.000000
vt 0.361581 0.478810 0.000000
vt 0.443405 0.404217 0.000000
vt 0.201527 0.741758 0.000000
vt 0.184138 0.950388 0.000000
vt 0.148963 0.991896 0.000000
vt 0.104677 1.023501 0.000000
vt 0.208051 0.901518 0.000000
vt 0.217020 0.793912 0.000000
vt 0.219240 0.848274 0.000000
vt 0.055361 0.597441 0.000000
vt 0.053990 1.043272 0.000000
vt 0.000000 1.050000 0.000000
vt -0.055361 0.597441 0.000000
vt -0.053990 1.043272 0.000000
vt -0.104677 1.023501 0.000000
vt -0.173710 0.695000 0.000000
vt -0.148963 0.991896 0.000000
vt -0.184138 0.950388 0.000000
vt -0.201527 0.741758 0.000000
vt -0.208051 0.901518 0.000000
vt -0.217020 0.793912 0.000000
vt -0.219240 0.848274 0.000000
vt -0.695000 0.695000 0.000000
vt -0.267443 0.537098 0.000000
vt -0.164198 0.577095 0.000000
vt -0.600000 -0.000000 0.000000
vt -0.589784 0.110250 0.000000
vt -0.559483 0.216745 0.000000
vt -0.510130 0.315859 0.000000
vt -0.443405 0.404217 0.000000
vt -0.361581 0.478810 0.000000
vt 0.164198 0.577095 0.000000
vt 0.510130 0.315859 0.000000
vt 0.559483 0.216745 0.000000
vt 0.589784 0.110250 0.000000
vt 0.510130 -0.315859 0.000000
vt 0.443405 -0.404217 0.000000
vt 0.361581 -0.478810 0.000000
vt -0.164198 -0.577095 0.000000
vt -0.510130 -0.315859 0.000000
vt -0.559483 -0.216745 0.000000
vt -0.589784 -0.110250 0.000000
vt -0.000000 0.000000 0.000000
vt 1.390000 0.000000 0.000000
vt -0.000000 0.400000 0.000000
vt 1.390000 0.400000 0.000000
vt 0.000000 0.000000 0.000000
vt 0.521290 0.000000 0.000000
vt 0.000000 0.400000 0.000000
vt 0.521290 0.400000 0.000000
vt -0.400000 -0.145345 0.000000
vt -0.000000 -0.145345 0.000000
vt -0.400000 -0.090798 0.000000
vt -0.000000 -0.090798 0.000000
vt -0.000000 -0.036251 0.000000
vt -0.400000 -0.036251 0.000000
vt -0.000000 0.018295 0.000000
vt -0.400000 0.018295 0.000000
vt -0.000000 0.072842 0.000000
vt -0.400000 0.072842 0.000000
vt -0.000000 0.127389 0.000000
vt -0.400000 0.127389 0.000000
vt -0.000000 0.181935 0.000000
vt -0.400000 0.181935 0.000000
vt -0.000000 0.236482 0.000000
vt -0.400000 0.236482 0.000000
vt -0.000000 0.291029 0.000000
vt -0.400000 0.291029 0.000000
vt -0.000000 0.345575 0.000000
vt -0.400000 0.345575 0.000000
vt -0.000000 0.400122 0.000000
vt -0.400000 0.400122 0.000000
vt -0.000000 0.454669 0.000000
vt -0.400000 0.454669 0.000000
vt -0.000000 0.509215 0.000000
vt -0.400000 0.509215 0.000000
vt -0.000000 0.563762 0.000000
vt -0.400000 0.563762 0.000000
vt -0.000000 0.618308 0.000000
vt -0.400000 0.618308 0.000000
vt -0.000000 0.672855 0.000000
vt -0.400000 0.672855 0.000000
vt -0.000000 0.727402 0.000000
vt -0.400000 0.727402 0.000000
vt -0.000000 0.781948 0.000000
vt -0.400000 0.781948 0.000000
vt -0.400000 0.836495 0.000000
vt -0.000000 0.836495 0.000000
vt 0.000000 0.000000 0.000000
vt 0.521290 0.000000 0.000000
vt 0.000000 0.400000 0.000000
vt 0.521290 0.400000 0.000000
vt 0.000000 0.000000 0.000000
vt 1.390000 0.000000 0.000000
vt 0.000000 0.400000 0.000000
vt 1.390000 0.400000 0.000000
vt -0.000000 0.000000 0.000000
vt 0.521290 0.000000 0.000000
vt -0.000000 0.400000 0.000000
vt 0.521290 0.400000 0.000000
vt -0.400000 0.545806 0.000000
vt -0.000000 0.545806 0.000000
vt -0.400000 0.600352 0.000000
vt -0.000000 0.600352 0.000000
vt -0.000000 0.654899 0.000000
vt -0.400000 0.654899 0.000000
vt -0.000000 0.709446 0.000000
vt -0.400000 0.709446 0.000000
vt -0.000000 0.763992 0.000000
vt -0.400000 0.763992 0.000000
vt -0.000000 0.818539 0.000000
vt -0.400000 0.818539 0.000000
vt -0.000000 0.873086 0.000000
vt -0.400000 0.873086 0.000000
vt -0.000000 0.927632 0.000000
vt -0.400000 0.927632 0.000000
vt -0.000000 0.982179 0.000000
vt -0.400000 0.982179 0.000000
vt -0.000000 1.036726 0.000000
vt -0.400000 1.036726 0.000000
vt -0.000000 1.091272 0.000000
vt -0.400000 1.091272 0.000000
vt -0.000000 1.145819 0.000000
vt -0.400000 1.145819 0.000000
vt -0.000000 1.200366 0.000000
vt -0.400000 1.200366 0.000000
vt -0.000000 1.254912 0.000000
vt -0.400000 1.254912 0.000000
vt -0.000000 1.309459 0.000000
vt -0.400000 1.309459 0.000000
vt -0.000000 1.364006 0.000000
vt -0.400000 1.364006 0.000000
vt -0.000000 1.418552 0.000000
vt -0.400000 1.418552 0.000000
vt -0.000000 1.473099 0.000000
vt -0.400000 1.473099 0.000000
vt -0.400000 1.527645 0.000000
vt -0.000000 1.527645 0.000000
vt -0.000000 0.000000 0.000000
vt 0.521290 0.000000 0.000000
vt -0.000000 0.400000 0.000000
vt 0.521290 0.400000 0.000000
vt 0.695000 -0.695000 0.000000
vt 0.173710 0.695000 0.000000
vt 0.173710 -0.695000 0.000000
vt -0.173710 0.695000 0.000000
vt -0.173710 -0.695000 0.000000
vt -0.695000 0.695000 0.000000
vt -0.695000 -0.695000 0.000000
vt 0.695000 0.695000 0.000000
vt 0.201527 0.741758 0.000000
vt 0.184138 0.950388 0.000000
vt 0.148963 0.991896 0.000000
vt 0.104677 1.023501 0.000000
vt 0.208051 0.901518 0.000000
vt 0.217020 0.793912 0.000000
vt 0.219240 0.848274 0.000000
vt 0.053990 1.043272 0.000000
vt -0.000000 1.050000 0.000000
vt -0.053990 1.043272 0.000000
vt -0.104677 1.023501 0.000000
vt -0.148963 0.991896 0.000000
vt -0.184138 0.950388 0.000000
vt -0.201527 0.741758 0.000000
vt -0.208051 0.901518 0.000000
vt -0.217020 0.793912 0.000000
vt -0.219240 0.848274 0.000000
vt -0.201527 -0.741758 0.000000
vt -0.184138 -0.950388 0.000000
vt -0.148963 -0.991896 0.000000
vt -0.104677 -1.023501 0.000000
vt -0.208051 -0.901518 0.000000
vt -0.217020 -0.793912 0.000000
vt -0.219240 -0.848274 0.000000
vt -0.053990 -1.043272 0.000000
vt 0.000000 -1.050000 0.000000
vt 0.053990 -1.043272 0.000000
vt 0.104677 -1.023501 0.000000
vt 0.148963 -0.991896 0.000000
vt 0.184138 -0.950388 0.000000
vt 0.201527 -0.741758 0.000000
vt 0.208051 -0.901518 0.000000
vt 0.217020 -0.793912 0.000000
vt 0.219240 -0.848274 0.000000
vn 0.258819 -0.000000 -0.965926
vn 0.258819 -0.000000 -0.965926
vn 0.000000 -0.000000 -1.000000
vn 0.000000 -0.000000 -1.000000
vn -0.258819 -0.000000 -0.965926
vn -0.258819 -0.000000 -0.965926
vn -0.500000 0.000000 -0.866025
vn -0.500000 0.000000 -0.866025
vn -0.707107 0.000000 -0.707107
vn -0.707107 0.000000 -0.707107
vn -0.866025 0.000000 -0.500000
vn -0.866025 0.000000 -0.500000
vn -0.965926 0.000000 -0.258819
vn -0.965926 0.000000 -0.258819
vn -1.000000 0.000000 -0.000000
vn -1.000000 0.000000 -0.000000
vn -0.965926 0.000000 0.258819
vn -0.965926 0.000000 0.258819
vn -0.866025 0.000000 0.500000
vn -0.866025 0.000000 0.500000
vn -0.707107 0.000000 0.707107
vn -0.707107 0.000000 0.707107
vn -0.500000 0.000000 0.866025
vn -0.500000 0.000000 0.866025
vn -0.258819 0.000000 0.965926
vn -0.258819 0.000000 0.965926
vn -0.000000 0.000000 1.000000
vn -0.000000 0.000000 1.000000
vn 0.258819 0.000000 0.965926
vn 0.258819 0.000000 0.965926
vn 0.500000 -0.000000 0.866025
vn 0.500000 -0.000000 0.866025
vn 0.707107 -0.000000 0.707107
vn 0.707107 -0.000000 0.707107
vn 0.866025 -0.000000 0.500000
vn 0.866025 -0.000000 0.500000
vn 0.965926 -0.000000 0.258819
vn 0.965926 -0.000000 0.258819
vn 1.000000 -0.000000 0.000000
vn 1.000000 -0.000000 0.000000
vn 0.965926 -0.000000 -0.258819
vn 0.965926 -0.000000 -0.258819
vn 0.866025 -0.000000 -0.500000
vn 0.866025 -0.000000 -0.500000
vn 0.707107 -0.000000 -0.707107
vn 0.707107 -0.000000 -0.707107
vn 0.500000 -0.000000 -0.866025
vn 0.500000 -0.000000 -0.866025
vn 0.000000 1.000000 0.000000
vn 0.000000 1.000000 0.000000
vn 0.000000 1.000000 0.000000
vn 0.000000 1.000000 0.000000
vn 0.000000 1.000000 0.000000
vn 0.000000 1.000000 0.000000
vn 0.000000 1.000000 0.000000
vn 0.000000 1.000000 0.000000
vn 0.000000 1.000000 0.000000
vn 0.000000 1.000000 0.000000
vn 0.000000 1.000000 0.000000
vn 0.000000 1.000000 0.000000
vn 0.000000 1.000000 0.000000
vn 0.000000 1.000000 0.000000
vn 0.000000 1.000000 0.000000
vn 0.000000 1.000000 0.000000
vn 0.000000 1.000000 0.000000
vn 0.000000 1.000000 0.000000
vn 0.000000 1.000000 0.000000
vn 0.000000 1.000000 0.000000
vn 0.000000 1.000000 0.000000
vn 0.000000 1.000000 0.000000
vn 0.000000 1.000000 0.000000
vn 0.000000 1.000000 0.000000
vn 0.000000 1.000000 0.000000
vn 0.000000 1.000000 0.000000
vn 0.000000 1.000000 0.000000
vn 0.000000 1.000000 0.000000
vn 0.000000 1.000000 0.000000
vn 0.000000 1.000000 0.000000
vn 0.000000 1.000000 0.000000
vn 0.000000 1.000000 0.000000
vn 0.000000 1.000000 0.000000
vn 0.000000 1.000000 0.000000
vn 0.000000 1.000000 0.000000
vn 0.000000 1.000000 0.000000
vn 0.000000 1.000000 0.000000
vn 0.000000 1.000000 0.000000
vn 0.000000 1.000000 0.000000
vn 0.000000 1.000000 0.000000
vn 0.000000 1.000000 0.000000
vn 0.000000 1.000000 0.000000
vn 0.000000 1.000000 0.000000
vn 0.000000 1.000000 0.000000
vn 0.000000 1.000000 0.000000
vn 0.000000 1.000000 0.000000
vn 0.000000 1.000000 0.000000
vn 0.000000 1.000000 0.000000
vn 0.000000 1.000000 0.000000
vn 0.000000 1.000000 0.000000
vn 0.000000 1.000000 0.000000
vn 0.000000 1.000000 0.000000
vn 0.000000 1.000000 0.000000
vn 0.000000 1.000000 0.000000
vn 0.000000 1.000000 0.000000
vn 0.000000 1.000000 0.000000
vn 0.000000 1.000000 0.000000
vn 0.000000 1.000000 0.000000
vn 0.000000 1.000000 0.000000
vn 0.000000 1.000000 0.000000
vn 0.000000 1.000000 0.000000
vn 0.000000 1.000000 0.000000
vn 0.000000 1.000000 0.000000
vn 0.000000 1.000000 0.000000
vn 0.000000 1.000000 0.000000
vn 0.000000 1.000000 0.000000
vn 0.000000 1.000000 0.000000
vn 0.000000 1.000000 0.000000
vn 0.000000 1.000000 0.000000
vn 0.000000 1.000000 0.000000
vn 0.000000 1.000000 0.000000
vn 0.000000 1.000000 0.000000
vn 0.000000 1.000000 0.000000
vn 0.000000 1.000000 0.000000
vn 0.000000 1.000000 0.000000
vn 0.000000 1.000000 0.000000
vn 0.000000 1.000000 0.000000
vn 0.214970 -0.000000 -0.976621
vn 0.214970 -0.000000 -0.976621
vn 0.000000 -0.000000 -1.000000
vn 0.000000 -0.000000 -1.000000
vn -0.214970 -0.000000 -0.976621
vn -0.214970 -0.000000 -0.976621
vn -0.419889 0.000000 -0.907575
vn -0.419889 0.000000 -0.907575
vn -0.605174 0.000000 -0.796093
vn -0.605174 0.000000 -0.796093
vn -0.762162 0.000000 -0.647386
vn -0.762162 0.000000 -0.647386
vn -0.883512 0.000000 -0.468408
vn -0.883512 0.000000 -0.468408
vn -0.963550 0.000000 -0.267528
vn -0.963550 0.000000 -0.267528
vn -0.998533 0.000000 -0.054139
vn -0.998533 0.000000 -0.054139
vn -0.986827 0.000000 0.161782
vn -0.986827 0.000000 0.161782
vn -0.928977 0.000000 0.370138
vn -0.928977 0.000000 0.370138
vn -0.827689 0.000000 0.561187
vn -0.827689 0.000000 0.561187
vn -0.687699 0.000000 0.725995
vn -0.687699 0.000000 0.725995
vn -0.515554 0.000000 0.856857
vn -0.515554 0.000000 0.856857
vn -0.319302 0.000000 0.947653
vn -0.319302 0.000000 0.947653
vn -0.108119 0.000000 0.994138
vn -0.108119 0.000000 0.994138
vn 0.108119 0.000000 0.994138
vn 0.108119 0.000000 0.994138
vn 0.319302 -0.000000 0.947653
vn 0.319302 -0.000000 0.947653
vn 0.515554 -0.000000 0.856857
vn 0.515554 -0.000000 0.856857
vn 0.687699 -0.000000 0.725995
vn 0.687699 -0.000000 0.725995
vn 0.827689 -0.000000 0.561187
vn 0.827689 -0.000000 0.561187
vn 0.928977 -0.000000 0.370138
vn 0.928977 -0.000000 0.370138
vn 0.986827 -0.000000 0.161782
vn 0.986827 -0.000000 0.161782
vn 0.998533 -0.000000 -0.054139
vn 0.998533 -0.000000 -0.054139
vn 0.963550 -0.000000 -0.267528
vn 0.963550 -0.000000 -0.267528
vn 0.883512 -0.000000 -0.468408
vn 0.883512 -0.000000 -0.468408
vn 0.762162 -0.000000 -0.647386
vn 0.762162 -0.000000 -0.647386
vn 0.605174 -0.000000 -0.796093
vn 0.605174 -0.000000 -0.796093
vn 0.419889 -0.000000 -0.907575
vn 0.419889 -0.000000 -0.907575
vn -0.183750 0.000000 0.982973
vn -0.183750 0.000000 0.982973
vn -0.000000 0.000000 1.000000
vn -0.000000 0.000000 1.000000
vn 0.183750 0.000000 0.982973
vn 0.183750 0.000000 0.982973
vn 0.361242 -0.000000 0.932472
vn 0.361242 -0.000000 0.932472
vn 0.526432 -0.000000 0.850217
vn 0.526432 -0.000000 0.850217
vn 0.673696 -0.000000 0.739009
vn 0.673696 -0.000000 0.739009
vn 0.798017 -0.000000 0.602635
vn 0.798017 -0.000000 0.602635
vn 0.895163 -0.000000 0.445738
vn 0.895163 -0.000000 0.445738
vn 0.961826 -0.000000 0.273663
vn 0.961826 -0.000000 0.273663
vn 0.995734 -0.000000 0.092268
vn 0.995734 -0.000000 0.092268
vn 0.995734 -0.000000 -0.092268
vn 0.995734 -0.000000 -0.092268
vn 0.961826 -0.000000 -0.273663
vn 0.961826 -0.000000 -0.273663
vn 0.895163 -0.000000 -0.445738
vn 0.895163 -0.000000 -0.445738
vn 0.798017 -0.000000 -0.602635
vn 0.798017 -0.000000 -0.602635
vn 0.673696 -0.000000 -0.739009
vn 0.673696 -0.000000 -0.739009
vn 0.526432 -0.000000 -0.850217
vn 0.526432 -0.000000 -0.850217
vn 0.361242 -0.000000 -0.932472
vn 0.361242 -0.000000 -0.932472
vn 0.183750 -0.000000 -0.982973
vn 0.183750 -0.000000 -0.982973
vn 0.000000 -0.000000 -1.000000
vn 0.000000 -0.000000 -1.000000
vn -0.183750 -0.000000 -0.982973
vn -0.183750 -0.000000 -0.982973
vn -0.361242 0.000000 -0.932472
vn -0.361242 0.000000 -0.932472
vn -0.526432 0.000000 -0.850217
vn -0.526432 0.000000 -0.850217
vn -0.673696 0.000000 -0.739009
vn -0.673696 0.000000 -0.739009
vn -0.798017 0.000000 -0.602635
vn -0.798017 0.000000 -0.602635
vn -0.895163 0.000000 -0.445738
vn -0.895163 0.000000 -0.445738
vn -0.961826 0.000000 -0.273663
vn -0.961826 0.000000 -0.273663
vn -0.995734 0.000000 -0.092268
vn -0.995734 0.000000 -0.092268
vn -0.995734 0.000000 0.092268
vn -0.995734 0.000000 0.092268
vn -0.961826 0.000000 0.273663
vn -0.961826 0.000000 0.273663
vn -0.895163 0.000000 0.445738
vn -0.895163 0.000000 0.445738
vn -0.798017 0.000000 0.602635
vn -0.798017 0.000000 0.602635
vn -0.673696 0.000000 0.739009
vn -0.673696 0.000000 0.739009
vn -0.526432 0.000000 0.850217
vn -0.526432 0.000000 0.850217
vn -0.361242 0.000000 0.932472
vn -0.361242 0.000000 0.932472
vn 0.000000 1.000000 0.000000
vn 0.000000 1.000000 0.000000
vn 0.000000 1.000000 0.000000
vn 0.000000 1.000000 0.000000
vn 0.000000 1.000000 0.000000
vn 0.000000 1.000000 0.000000
vn 0.000000 1.000000 0.000000
vn 0.000000 1.000000 0.000000
vn 0.000000 1.000000 0.000000
vn 0.000000 1.000000 0.000000
vn 0.000000 1.000000 0.000000
vn 0.000000 1.000000 0.000000
vn 0.000000 1.000000 0.000000
vn 0.000000 1.000000 0.000000
vn 0.000000 1.000000 0.000000
vn 0.000000 1.000000 0.000000
vn 0.000000 1.000000 0.000000
vn 0.000000 1.000000 0.000000
vn 0.000000 1.000000 0.000000
vn 0.000000 1.000000 0.000000
vn 0.000000 1.000000 0.000000
vn 0.000000 1.000000 0.000000
vn 0.000000 1.000000 0.000000
vn 0.000000 1.000000 0.000000
vn 0.000000 1.000000 0.000000
vn 0.000000 1.000000 0.000000
vn 0.000000 1.000000 0.000000
vn 0.000000 1.000000 0.000000
vn 0.000000 1.000000 0.000000
vn 0.000000 1.000000 0.000000
vn 0.000000 1.000000 0.000000
vn 0.000000 1.000000 0.000000
vn 0.000000 1.000000 0.000000
vn 0.000000 1.000000 0.000000
vn 0.000000 1.000000 0.000000
vn 0.000000 1.000000 0.000000
vn 0.000000 1.000000 0.000000
vn 0.000000 1.000000 0.000000
vn 0.000000 1.000000 0.000000
vn 0.000000 1.000000 0.000000
vn 0.000000 1.000000 0.000000
vn 0.000000 1.000000 0.000000
vn 0.000000 1.000000 0.000000
vn 0.000000 1.000000 0.000000
vn 0.000000 1.000000 0.000000
vn 0.000000 1.000000 0.000000
vn 0.000000 1.000000 0.000000
vn 0.000000 1.000000 0.000000
vn 0.000000 1.000000 0.000000
vn 0.000000 1.000000 0.000000
vn 0.000000 1.000000 0.000000
vn 0.000000 1.000000 0.000000
vn 0.000000 1.000000 0.000000
vn 0.000000 1.000000 0.000000
vn 0.000000 1.000000 0.000000
vn 0.000000 1.000000 0.000000
vn 0.000000 1.000000 0.000000
vn 0.000000 1.000000 0.000000
vn 0.000000 1.000000 0.000000
vn 0.000000 1.000000 0.000000
vn 0.000000 1.000000 0.000000
vn 0.000000 1.000000 0.000000
vn 0.000000 1.000000 0.000000
vn 0.000000 1.000000 0.000000
vn 0.000000 1.000000 0.000000
vn 0.000000 1.000000 0.000000
vn 0.000000 1.000000 0.000000
vn 0.000000 1.000000 0.000000
vn 0.000000 1.000000 0.000000
vn 0.000000 1.000000 0.000000
vn 0.000000 1.000000 0.000000
vn 0.000000 1.000000 0.000000
vn 0.000000 1.000000 0.000000
vn 0.000000 1.000000 0.000000
vn 0.000000 1.000000 0.000000
vn 0.000000 1.000000 0.000000
vn 0.000000 1.000000 0.000000
vn 0.000000 1.000000 0.000000
vn 0.000000 1.000000 0.000000
vn 0.000000 1.000000 0.000000
vn 0.000000 1.000000 0.000000
vn 0.000000 1.000000 0.000000
vn 0.000000 1.000000 0.000000
vn 0.000000 1.000000 0.000000
vn 0.000000 1.000000 0.000000
vn 0.000000 1.000000 0.000000
vn 0.000000 1.000000 0.000000
vn 0.000000 1.000000 0.000000
vn 0.000000 1.000000 0.000000
vn 0.000000 1.000000 0.000000
vn 0.000000 1.000000 0.000000
vn 0.000000 1.000000 0.000000
vn 0.000000 1.000000 0.000000
vn 0.000000 1.000000 0.000000
vn 0.000000 1.000000 0.000000
vn 0.000000 1.000000 0.000000
vn 0.000000 1.000000 0.000000
vn 0.000000 1.000000 0.000000
vn 0.000000 1.000000 0.000000
vn 0.000000 1.000000 0.000000
vn 0.000000 1.000000 0.000000
vn 0.000000 1.000000 0.000000
vn 0.000000 1.000000 0.000000
vn 0.000000 1.000000 0.000000
vn 0.000000 1.000000 0.000000
vn 0.000000 1.000000 0.000000
vn 0.000000 1.000000 0.000000
vn 0.000000 1.000000 0.000000
vn 0.000000 1.000000 0.000000
vn 0.000000 1.000000 0.000000
vn 0.000000 1.000000 0.000000
vn 0.000000 1.000000 0.000000
vn 0.000000 1.000000 0.000000
vn 0.000000 1.000000 0.000000
vn 0.000000 1.000000 0.000000
vn 0.000000 1.000000 0.000000
vn 0.000000 1.000000 0.000000
vn 0.000000 1.000000 0.000000
vn 0.000000 1.000000 0.000000
vn 0.000000 1.000000 0.000000
vn 0.000000 1.000000 0.000000
vn 0.000000 1.000000 0.000000
vn 0.000000 1.000000 0.000000
vn 0.000000 1.000000 0.000000
vn 0.000000 1.000000 0.000000
vn 0.000000 1.000000 0.000000
vn 0.000000 1.000000 0.000000
vn 0.000000 1.000000 0.000000
vn 0.000000 1.000000 0.000000
vn 0.000000 1.000000 0.000000
vn 0.000000 1.000000 0.000000
vn 0.000000 1.000000 0.000000
vn 0.000000 1.000000 0.000000
vn 0.000000 1.000000 0.000000
vn 0.000000 1.000000 0.000000
vn 0.000000 1.000000 0.000000
vn 0.000000 1.000000 0.000000
vn 0.000000 1.000000 0.000000
vn 0.000000 1.000000 0.000000
vn -0.000000 0.000000 1.000000
vn -0.000000 0.000000 1.000000
vn -0.000000 0.000000 1.000000
vn -0.000000 0.000000 1.000000
vn -1.000000 0.000000 -0.000000
vn -1.000000 0.000000 -0.000000
vn -1.000000 0.000000 -0.000000
vn -1.000000 0.000000 -0.000000
vn 0.613636 -0.000000 -0.789589
vn 0.613636 -0.000000 -0.789589
vn 0.401101 -0.000000 -0.916034
vn 0.401101 -0.000000 -0.916034
vn 0.164034 -0.000000 -0.986455
vn 0.164034 -0.000000 -0.986455
vn -0.083064 -0.000000 -0.996544
vn -0.083064 -0.000000 -0.996544
vn -0.325083 0.000000 -0.945685
vn -0.325083 0.000000 -0.945685
vn -0.547220 0.000000 -0.836989
vn -0.547220 0.000000 -0.836989
vn -0.735889 0.000000 -0.677102
vn -0.735889 0.000000 -0.677102
vn -0.879551 0.000000 -0.475805
vn -0.879551 0.000000 -0.475805
vn -0.969420 0.000000 -0.245407
vn -0.969420 0.000000 -0.245407
vn -1.000000 0.000000 -0.000000
vn -1.000000 0.000000 -0.000000
vn -0.969420 0.000000 0.245407
vn -0.969420 0.000000 0.245407
vn -0.879551 0.000000 0.475805
vn -0.879551 0.000000 0.475805
vn -0.735889 0.000000 0.677102
vn -0.735889 0.000000 0.677102
vn -0.547220 0.000000 0.836989
vn -0.547220 0.000000 0.836989
vn -0.325083 0.000000 0.945685
vn -0.325083 0.000000 0.945685
vn -0.083064 0.000000 0.996544
vn -0.083064 0.000000 0.996544
vn 0.164034 0.000000 0.986455
vn 0.164034 0.000000 0.986455
vn 0.401101 -0.000000 0.916034
vn 0.401101 -0.000000 0.916034
vn 0.613636 -0.000000 0.789589
vn 0.613636 -0.000000 0.789589
vn -1.000000 0.000000 -0.000000
vn -1.000000 0.000000 -0.000000
vn -1.000000 0.000000 -0.000000
vn -1.000000 0.000000 -0.000000
vn 0.000000 -0.000000 -1.000000
vn 0.000000 -0.000000 -1.000000
vn 0.000000 -0.000000 -1.000000
vn 0.000000 -0.000000 -1.000000
vn 1.000000 -0.000000 0.000000
vn 1.000000 -0.000000 0.000000
vn 1.000000 -0.000000 0.000000
vn 1.000000 -0.000000 0.000000
vn -0.613636 0.000000 0.789589
vn -0.613636 0.000000 0.789589
vn -0.401101 0.000000 0.916034
vn -0.401101 0.000000 0.916034
vn -0.164034 0.000000 0.986455
vn -0.164034 0.000000 0.986455
vn 0.083064 0.000000 0.996544
vn 0.083064 0.000000 0.996544
vn 0.325083 -0.000000 0.945685
vn 0.325083 -0.000000 0.945685
vn 0.547220 -0.000000 0.836989
vn 0.547220 -0.000000 0.836989
vn 0.735889 -0.000000 0.677102
vn 0.735889 -0.000000 0.677102
vn 0.879551 -0.000000 0.475805
vn 0.879551 -0.000000 0.475805
vn 0.969420 -0.000000 0.245407
vn 0.969420 -0.000000 0.245407
vn 1.000000 -0.000000 0.000000
vn 1.000000 -0.000000 0.000000
vn 0.969420 -0.000000 -0.245407
vn 0.969420 -0.000000 -0.245407
vn 0.879551 -0.000000 -0.475805
vn 0.879551 -0.000000 -0.475805
vn 0.735889 -0.000000 -0.677102
vn 0.735889 -0.000000 -0.677102
vn 0.547220 -0.000000 -0.836989
vn 0.547220 -0.000000 -0.836989
vn 0.325083 -0.000000 -0.945685
vn 0.325083 -0.000000 -0.945685
vn 0.083064 -0.000000 -0.996544
vn 0.083064 -0.000000 -0.996544
vn -0.164034 -0.000000 -0.986455
vn -0.164034 -0.000000 -0.986455
vn -0.401101 0.000000 -0.916034
vn -0.401101 0.000000 -0.916034
vn -0.613636 0.000000 -0.789589
vn -0.613636 0.000000 -0.789589
vn 1.000000 -0.000000 0.000000
vn 1.000000 -0.000000 0.000000
vn 1.000000 -0.000000 0.000000
vn 1.000000 -0.000000 0.000000
vn -0.000000 -1.000000 -0.000000
vn -0.000000 -1.000000 -0.000000
vn -0.000000 -1.000000 -0.000000
vn -0.000000 -1.000000 -0.000000
vn -0.000000 -1.000000 -0.000000
vn -0.000000 -1.000000 -0.000000
vn -0.000000 -1.000000 -0.000000
vn -0.000000 -1.000000 -0.000000
vn -0.000000 -1.000000 -0.000000
vn -0.000000 -1.000000 -0.000000
vn -0.000000 -1.000000 -0.000000
vn -0.000000 -1.000000 -0.000000
vn -0.000000 -1.000000 -0.000000
vn -0.000000 -1.000000 -0.000000
vn -0.000000 -1.000000 -0.000000
vn -0.000000 -1.000000 -0.000000
vn -0.000000 -1.000000 -0.000000
vn -0.000000 -1.000000 -0.000000
vn -0.000000 -1.000000 -0.000000
vn -0.000000 -1.000000 -0.000000
vn -0.000000 -1.000000 -0.000000
vn -0.000000 -1.000000 -0.000000
vn -0.000000 -1.000000 -0.000000
vn -0.000000 -1.000000 -0.000000
vn -0.000000 -1.000000 -0.000000
vn -0.000000 -1.000000 -0.000000
vn -0.000000 -1.000000 -0.000000
vn -0.000000 -1.000000 -0.000000
vn -0.000000 -1.000000 -0.000000
vn -0.000000 -1.000000 -0.000000
vn -0.000000 -1.000000 -0.000000
vn -0.000000 -1.000000 -0.000000
vn -0.000000 -1.000000 -0.000000
vn -0.000000 -1.000000 -0.000000
vn -0.000000 -1.000000 -0.000000
vn -0.000000 -1.000000 -0.000000
vn -0.000000 -1.000000 -0.000000
vn -0.000000 -1.000000 -0.000000
vn -0.000000 -1.000000 -0.000000
vn -0.000000 -1.000000 -0.000000
vn -0.000000 -1.000000 -0.000000
vn -0.000000 -1.000000 -0.000000
usemtl ABS_(blanc)_1
f 1994/4061/3961 2040/4062/3962 1993/4063/3963
f 1993/4063/3963 2040/4062/3962 2017/4064/3964
f 1993/4065/3963 2017/4066/3964 2016/4067/3965
f 2016/4067/3965 2017/4066/3964 2018/4068/3966
f 2016/4067/3965 2018/4068/3966 2015/4069/3967
f 2015/4069/3967 2018/4068/3966 2019/4070/3968
f 2015/4069/3967 2019/4070/3968 2014/4071/3969
f 2014/4071/3969 2019/4070/3968 2020/4072/3970
f 2014/4071/3969 2020/4072/3970 2013/4073/3971
f 2013/4073/3971 2020/4072/3970 2021/4074/3972
f 2013/4073/3971 2021/4074/3972 2012/4075/3973
f 2012/4075/3973 2021/4074/3972 2022/4076/3974
f 2012/4075/3973 2022/4076/3974 2011/4077/3975
f 2011/4077/3975 2022/4076/3974 2023/4078/3976
f 2011/4077/3975 2023/4078/3976 2010/4079/3977
f 2010/4079/3977 2023/4078/3976 2024/4080/3978
f 2010/4079/3977 2024/4080/3978 2009/4081/3979
f 2009/4081/3979 2024/4080/3978 2025/4082/3980
f 2009/4081/3979 2025/4082/3980 2008/4083/3981
f 2008/4083/3981 2025/4082/3980 2026/4084/3982
f 2008/4083/3981 2026/4084/3982 2007/4085/3983
f 2007/4085/3983 2026/4084/3982 2027/4086/3984
f 2007/4085/3983 2027/4086/3984 2006/4087/3985
f 2006/4087/3985 2027/4086/3984 2028/4088/3986
f 2006/4087/3985 2028/4088/3986 2005/4089/3987
f 2005/4089/3987 2028/4088/3986 2029/4090/3988
f 2005/4089/3987 2029/4090/3988 2004/4091/3989
f 2004/4091/3989 2029/4090/3988 2030/4092/3990
f 2004/4091/3989 2030/4092/3990 2003/4093/3991
f 2003/4093/3991 2030/4092/3990 2031/4094/3992
f 2003/4093/3991 2031/4094/3992 2002/4095/3993
f 2002/4095/3993 2031/4094/3992 2032/4096/3994
f 2002/4095/3993 2032/4096/3994 2001/4097/3995
f 2001/4097/3995 2032/4096/3994 2033/4098/3996
f 2001/4097/3995 2033/4098/3996 2000/4099/3997
f 2000/4099/3997 2033/4098/3996 2034/4100/3998
f 2000/4099/3997 2034/4100/3998 1999/4101/3999
f 1999/4101/3999 2034/4100/3998 2035/4102/4000
f 1999/4101/3999 2035/4102/4000 1998/4103/4001
f 1998/4103/4001 2035/4102/4000 2036/4104/4002
f 1998/4103/4001 2036/4104/4002 1997/4105/4003
f 1997/4105/4003 2036/4104/4002 2037/4106/4004
f 1997/4105/4003 2037/4106/4004 1996/4107/4005
f 1996/4107/4005 2037/4106/4004 2038/4108/4006
f 1996/4107/4005 2038/4108/4006 1995/4109/4007
f 1995/4109/4007 2038/4108/4006 2039/4110/4008
f 1995/4109/4007 2039/4110/4008 1994/4061/3961
f 1994/4061/3961 2039/4110/4008 2040/4062/3962
f 2016/4111/4009 2006/4112/4010 1993/4113/4011
f 1993/4113/4011 2006/4112/4010 2005/4114/4012
f 1993/4113/4011 2005/4114/4012 1994/4115/4013
f 1994/4115/4013 2005/4114/4012 2004/4116/4014
f 1994/4115/4013 2004/4116/4014 1995/4117/4015
f 1995/4117/4015 2004/4116/4014 2003/4118/4016
f 1995/4117/4015 2003/4118/4016 1996/4119/4017
f 1996/4119/4017 2003/4118/4016 2002/4120/4018
f 1996/4119/4017 2002/4120/4018 1997/4121/4019
f 1997/4121/4019 2002/4120/4018 2001/4122/4020
f 1997/4121/4019 2001/4122/4020 1998/4123/4021
f 1998/4123/4021 2001/4122/4020 2000/4124/4022
f 1998/4123/4021 2000/4124/4022 1999/4125/4023
f 2006/4112/4010 2016/4111/4009 2007/4126/4024
f 2007/4126/4024 2016/4111/4009 2015/4127/4025
f 2007/4126/4024 2015/4127/4025 2008/4128/4026
f 2008/4128/4026 2015/4127/4025 2014/4129/4027
f 2008/4128/4026 2014/4129/4027 2009/4130/4028
f 2009/4130/4028 2014/4129/4027 2013/4131/4029
f 2009/4130/4028 2013/4131/4029 2010/4132/4030
f 2010/4132/4030 2013/4131/4029 2012/4133/4031
f 2010/4132/4030 2012/4133/4031 2011/4134/4032
f 2040/4135/4033 2069/4136/4034 2017/4137/4035
f 2017/4137/4035 2069/4136/4034 2041/4138/4036
f 2017/4137/4035 2041/4138/4036 2042/4139/4037
f 2069/4136/4034 2040/4135/4033 2068/4140/4038
f 2068/4140/4038 2040/4135/4033 2039/4141/4039
f 2068/4140/4038 2039/4141/4039 2067/4142/4040
f 2067/4142/4040 2039/4141/4039 2038/4143/4041
f 2067/4142/4040 2038/4143/4041 2066/4144/4042
f 2066/4144/4042 2038/4143/4041 2037/4145/4043
f 2066/4144/4042 2037/4145/4043 2065/4146/4044
f 2065/4146/4044 2037/4145/4043 2036/4147/4045
f 2065/4146/4044 2036/4147/4045 2064/4148/4046
f 2064/4148/4046 2036/4147/4045 2063/4149/4047
f 2063/4149/4047 2036/4147/4045 2035/4150/4048
f 2063/4149/4047 2035/4150/4048 2062/4151/4049
f 2062/4151/4049 2035/4150/4048 2034/4152/4050
f 2062/4151/4049 2034/4152/4050 2061/4153/4051
f 2061/4153/4051 2034/4152/4050 2033/4154/4052
f 2061/4153/4051 2033/4154/4052 2060/4155/4053
f 2060/4155/4053 2033/4154/4052 2032/4156/4054
f 2060/4155/4053 2032/4156/4054 2059/4157/4055
f 2059/4157/4055 2032/4156/4054 2031/4158/4056
f 2059/4157/4055 2031/4158/4056 2058/4159/4057
f 2058/4159/4057 2031/4158/4056 2057/4160/4058
f 2057/4160/4058 2031/4158/4056 2030/4161/4059
f 2057/4160/4058 2030/4161/4059 2056/4162/4060
f 2056/4162/4060 2030/4161/4059 2029/4163/4061
f 2056/4162/4060 2029/4163/4061 2055/4164/4062
f 2055/4164/4062 2029/4163/4061 2028/4165/4063
f 2055/4164/4062 2028/4165/4063 2054/4166/4064
f 2054/4166/4064 2028/4165/4063 2027/4167/4065
f 2054/4166/4064 2027/4167/4065 2053/4168/4066
f 2053/4168/4066 2027/4167/4065 2052/4169/4067
f 2052/4169/4067 2027/4167/4065 2026/4170/4068
f 2052/4169/4067 2026/4170/4068 2051/4171/4069
f 2051/4171/4069 2026/4170/4068 2025/4172/4070
f 2051/4171/4069 2025/4172/4070 2050/4173/4071
f 2050/4173/4071 2025/4172/4070 2024/4174/4072
f 2050/4173/4071 2024/4174/4072 2049/4175/4073
f 2049/4175/4073 2024/4174/4072 2023/4176/4074
f 2049/4175/4073 2023/4176/4074 2048/4177/4075
f 2048/4177/4075 2023/4176/4074 2022/4178/4076
f 2048/4177/4075 2022/4178/4076 2047/4179/4077
f 2047/4179/4077 2022/4178/4076 2046/4180/4078
f 2046/4180/4078 2022/4178/4076 2021/4181/4079
f 2046/4180/4078 2021/4181/4079 2045/4182/4080
f 2045/4182/4080 2021/4181/4079 2020/4183/4081
f 2045/4182/4080 2020/4183/4081 2044/4184/4082
f 2044/4184/4082 2020/4183/4081 2019/4185/4083
f 2044/4184/4082 2019/4185/4083 2043/4186/4084
f 2043/4186/4084 2019/4185/4083 2018/4187/4085
f 2043/4186/4084 2018/4187/4085 2042/4139/4037
f 2042/4139/4037 2018/4187/4085 2017/4137/4035
f 2069/4188/4086 2098/4189/4087 2041/4190/4088
f 2041/4190/4088 2098/4189/4087 2070/4191/4089
f 2041/4192/4088 2070/4193/4089 2042/4194/4090
f 2042/4194/4090 2070/4193/4089 2071/4195/4091
f 2042/4194/4090 2071/4195/4091 2043/4196/4092
f 2043/4196/4092 2071/4195/4091 2072/4197/4093
f 2043/4196/4092 2072/4197/4093 2044/4198/4094
f 2044/4198/4094 2072/4197/4093 2073/4199/4095
f 2044/4198/4094 2073/4199/4095 2045/4200/4096
f 2045/4200/4096 2073/4199/4095 2074/4201/4097
f 2045/4200/4096 2074/4201/4097 2046/4202/4098
f 2046/4202/4098 2074/4201/4097 2075/4203/4099
f 2046/4202/4098 2075/4203/4099 2047/4204/4100
f 2047/4204/4100 2075/4203/4099 2076/4205/4101
f 2047/4204/4100 2076/4205/4101 2048/4206/4102
f 2048/4206/4102 2076/4205/4101 2077/4207/4103
f 2048/4206/4102 2077/4207/4103 2049/4208/4104
f 2049/4208/4104 2077/4207/4103 2078/4209/4105
f 2049/4208/4104 2078/4209/4105 2050/4210/4106
f 2050/4210/4106 2078/4209/4105 2079/4211/4107
f 2050/4210/4106 2079/4211/4107 2051/4212/4108
f 2051/4212/4108 2079/4211/4107 2080/4213/4109
f 2051/4212/4108 2080/4213/4109 2052/4214/4110
f 2052/4214/4110 2080/4213/4109 2081/4215/4111
f 2052/4214/4110 2081/4215/4111 2053/4216/4112
f 2053/4216/4112 2081/4215/4111 2082/4217/4113
f 2053/4216/4112 2082/4217/4113 2054/4218/4114
f 2054/4218/4114 2082/4217/4113 2083/4219/4115
f 2054/4218/4114 2083/4219/4115 2055/4220/4116
f 2055/4220/4116 2083/4219/4115 2084/4221/4117
f 2055/4220/4116 2084/4221/4117 2056/4222/4118
f 2056/4222/4118 2084/4221/4117 2085/4223/4119
f 2056/4222/4118 2085/4223/4119 2057/4224/4120
f 2057/4224/4120 2085/4223/4119 2086/4225/4121
f 2057/4224/4120 2086/4225/4121 2058/4226/4122
f 2058/4226/4122 2086/4225/4121 2087/4227/4123
f 2058/4226/4122 2087/4227/4123 2059/4228/4124
f 2059/4228/4124 2087/4227/4123 2088/4229/4125
f 2059/4228/4124 2088/4229/4125 2060/4230/4126
f 2060/4230/4126 2088/4229/4125 2089/4231/4127
f 2060/4230/4126 2089/4231/4127 2061/4232/4128
f 2061/4232/4128 2089/4231/4127 2090/4233/4129
f 2061/4232/4128 2090/4233/4129 2062/4234/4130
f 2062/4234/4130 2090/4233/4129 2091/4235/4131
f 2062/4234/4130 2091/4235/4131 2063/4236/4132
f 2063/4236/4132 2091/4235/4131 2092/4237/4133
f 2063/4236/4132 2092/4237/4133 2064/4238/4134
f 2064/4238/4134 2092/4237/4133 2093/4239/4135
f 2064/4238/4134 2093/4239/4135 2065/4240/4136
f 2065/4240/4136 2093/4239/4135 2094/4241/4137
f 2065/4240/4136 2094/4241/4137 2066/4242/4138
f 2066/4242/4138 2094/4241/4137 2095/4243/4139
f 2066/4242/4138 2095/4243/4139 2067/4244/4140
f 2067/4244/4140 2095/4243/4139 2096/4245/4141
f 2067/4244/4140 2096/4245/4141 2068/4246/4142
f 2068/4246/4142 2096/4245/4141 2097/4247/4143
f 2068/4246/4142 2097/4247/4143 2069/4188/4086
f 2069/4188/4086 2097/4247/4143 2098/4189/4087
f 2100/4248/4144 2166/4249/4145 2099/4250/4146
f 2099/4250/4146 2166/4249/4145 2133/4251/4147
f 2099/4252/4146 2133/4253/4147 2132/4254/4148
f 2132/4254/4148 2133/4253/4147 2134/4255/4149
f 2132/4254/4148 2134/4255/4149 2131/4256/4150
f 2131/4256/4150 2134/4255/4149 2135/4257/4151
f 2131/4256/4150 2135/4257/4151 2130/4258/4152
f 2130/4258/4152 2135/4257/4151 2136/4259/4153
f 2130/4258/4152 2136/4259/4153 2129/4260/4154
f 2129/4260/4154 2136/4259/4153 2137/4261/4155
f 2129/4260/4154 2137/4261/4155 2128/4262/4156
f 2128/4262/4156 2137/4261/4155 2138/4263/4157
f 2128/4262/4156 2138/4263/4157 2127/4264/4158
f 2127/4264/4158 2138/4263/4157 2139/4265/4159
f 2127/4264/4158 2139/4265/4159 2126/4266/4160
f 2126/4266/4160 2139/4265/4159 2140/4267/4161
f 2126/4266/4160 2140/4267/4161 2125/4268/4162
f 2125/4268/4162 2140/4267/4161 2141/4269/4163
f 2125/4268/4162 2141/4269/4163 2124/4270/4164
f 2124/4270/4164 2141/4269/4163 2142/4271/4165
f 2124/4270/4164 2142/4271/4165 2123/4272/4166
f 2123/4272/4166 2142/4271/4165 2143/4273/4167
f 2123/4272/4166 2143/4273/4167 2122/4274/4168
f 2122/4274/4168 2143/4273/4167 2144/4275/4169
f 2122/4274/4168 2144/4275/4169 2121/4276/4170
f 2121/4276/4170 2144/4275/4169 2145/4277/4171
f 2121/4276/4170 2145/4277/4171 2120/4278/4172
f 2120/4278/4172 2145/4277/4171 2146/4279/4173
f 2120/4278/4172 2146/4279/4173 2119/4280/4174
f 2119/4280/4174 2146/4279/4173 2147/4281/4175
f 2119/4280/4174 2147/4281/4175 2118/4282/4176
f 2118/4282/4176 2147/4281/4175 2148/4283/4177
f 2118/4282/4176 2148/4283/4177 2117/4284/4178
f 2117/4284/4178 2148/4283/4177 2149/4285/4179
f 2117/4284/4178 2149/4285/4179 2116/4286/4180
f 2116/4286/4180 2149/4285/4179 2150/4287/4181
f 2116/4286/4180 2150/4287/4181 2115/4288/4182
f 2115/4288/4182 2150/4287/4181 2151/4289/4183
f 2115/4288/4182 2151/4289/4183 2114/4290/4184
f 2114/4290/4184 2151/4289/4183 2152/4291/4185
f 2114/4290/4184 2152/4291/4185 2113/4292/4186
f 2113/4292/4186 2152/4291/4185 2153/4293/4187
f 2113/4292/4186 2153/4293/4187 2112/4294/4188
f 2112/4294/4188 2153/4293/4187 2154/4295/4189
f 2112/4294/4188 2154/4295/4189 2111/4296/4190
f 2111/4296/4190 2154/4295/4189 2155/4297/4191
f 2111/4296/4190 2155/4297/4191 2110/4298/4192
f 2110/4298/4192 2155/4297/4191 2156/4299/4193
f 2110/4298/4192 2156/4299/4193 2109/4300/4194
f 2109/4300/4194 2156/4299/4193 2157/4301/4195
f 2109/4300/4194 2157/4301/4195 2108/4302/4196
f 2108/4302/4196 2157/4301/4195 2158/4303/4197
f 2108/4302/4196 2158/4303/4197 2107/4304/4198
f 2107/4304/4198 2158/4303/4197 2159/4305/4199
f 2107/4304/4198 2159/4305/4199 2106/4306/4200
f 2106/4306/4200 2159/4305/4199 2160/4307/4201
f 2106/4306/4200 2160/4307/4201 2105/4308/4202
f 2105/4308/4202 2160/4307/4201 2161/4309/4203
f 2105/4308/4202 2161/4309/4203 2104/4310/4204
f 2104/4310/4204 2161/4309/4203 2162/4311/4205
f 2104/4310/4204 2162/4311/4205 2103/4312/4206
f 2103/4312/4206 2162/4311/4205 2163/4313/4207
f 2103/4312/4206 2163/4313/4207 2102/4314/4208
f 2102/4314/4208 2163/4313/4207 2164/4315/4209
f 2102/4314/4208 2164/4315/4209 2101/4316/4210
f 2101/4316/4210 2164/4315/4209 2165/4317/4211
f 2101/4316/4210 2165/4317/4211 2100/4248/4144
f 2100/4248/4144 2165/4317/4211 2166/4249/4145
f 2098/4318/4212 2100/4319/4213 2070/4320/4214
f 2070/4320/4214 2100/4319/4213 2099/4321/4215
f 2070/4320/4214 2099/4321/4215 2132/4322/4216
f 2100/4319/4213 2098/4318/4212 2101/4323/4217
f 2101/4323/4217 2098/4318/4212 2097/4324/4218
f 2101/4323/4217 2097/4324/4218 2102/4325/4219
f 2102/4325/4219 2097/4324/4218 2096/4326/4220
f 2102/4325/4219 2096/4326/4220 2103/4327/4221
f 2103/4327/4221 2096/4326/4220 2095/4328/4222
f 2103/4327/4221 2095/4328/4222 2104/4329/4223
f 2104/4329/4223 2095/4328/4222 2094/4330/4224
f 2104/4329/4223 2094/4330/4224 2105/4331/4225
f 2105/4331/4225 2094/4330/4224 2093/4332/4226
f 2105/4331/4225 2093/4332/4226 2106/4333/4227
f 2106/4333/4227 2093/4332/4226 2107/4334/4228
f 2107/4334/4228 2093/4332/4226 2092/4335/4229
f 2107/4334/4228 2092/4335/4229 2108/4336/4230
f 2108/4336/4230 2092/4335/4229 2091/4337/4231
f 2108/4336/4230 2091/4337/4231 2109/4338/4232
f 2109/4338/4232 2091/4337/4231 2090/4339/4233
f 2109/4338/4232 2090/4339/4233 2110/4340/4234
f 2110/4340/4234 2090/4339/4233 2089/4341/4235
f 2110/4340/4234 2089/4341/4235 2111/4342/4236
f 2111/4342/4236 2089/4341/4235 2088/4343/4237
f 2111/4342/4236 2088/4343/4237 2112/4344/4238
f 2112/4344/4238 2088/4343/4237 2087/4345/4239
f 2112/4344/4238 2087/4345/4239 2113/4346/4240
f 2113/4346/4240 2087/4345/4239 2114/4347/4241
f 2114/4347/4241 2087/4345/4239 2086/4348/4242
f 2114/4347/4241 2086/4348/4242 2115/4349/4243
f 2115/4349/4243 2086/4348/4242 2085/4350/4244
f 2115/4349/4243 2085/4350/4244 2116/4351/4245
f 2116/4351/4245 2085/4350/4244 2084/4352/4246
f 2116/4351/4245 2084/4352/4246 2117/4353/4247
f 2117/4353/4247 2084/4352/4246 2083/4354/4248
f 2117/4353/4247 2083/4354/4248 2118/4355/4249
f 2118/4355/4249 2083/4354/4248 2082/4356/4250
f 2118/4355/4249 2082/4356/4250 2119/4357/4251
f 2119/4357/4251 2082/4356/4250 2120/4358/4252
f 2120/4358/4252 2082/4356/4250 2081/4359/4253
f 2120/4358/4252 2081/4359/4253 2121/4360/4254
f 2121/4360/4254 2081/4359/4253 2080/4361/4255
f 2121/4360/4254 2080/4361/4255 2122/4362/4256
f 2122/4362/4256 2080/4361/4255 2079/4363/4257
f 2122/4362/4256 2079/4363/4257 2123/4364/4258
f 2123/4364/4258 2079/4363/4257 2078/4365/4259
f 2123/4364/4258 2078/4365/4259 2124/4366/4260
f 2124/4366/4260 2078/4365/4259 2077/4367/4261
f 2124/4366/4260 2077/4367/4261 2125/4368/4262
f 2125/4368/4262 2077/4367/4261 2076/4369/4263
f 2125/4368/4262 2076/4369/4263 2126/4370/4264
f 2126/4370/4264 2076/4369/4263 2127/4371/4265
f 2127/4371/4265 2076/4369/4263 2075/4372/4266
f 2127/4371/4265 2075/4372/4266 2128/4373/4267
f 2128/4373/4267 2075/4372/4266 2074/4374/4268
f 2128/4373/4267 2074/4374/4268 2129/4375/4269
f 2129/4375/4269 2074/4374/4268 2073/4376/4270
f 2129/4375/4269 2073/4376/4270 2130/4377/4271
f 2130/4377/4271 2073/4376/4270 2072/4378/4272
f 2130/4377/4271 2072/4378/4272 2131/4379/4273
f 2131/4379/4273 2072/4378/4272 2071/4380/4274
f 2131/4379/4273 2071/4380/4274 2132/4322/4216
f 2132/4322/4216 2071/4380/4274 2070/4320/4214
f 2168/4381/4275 2139/4382/4276 2167/4383/4277
f 2167/4383/4277 2139/4382/4276 2138/4384/4278
f 2167/4383/4277 2138/4384/4278 2137/4385/4279
f 2169/4386/4280 2173/4387/4281 2168/4381/4275
f 2168/4381/4275 2173/4387/4281 2174/4388/4282
f 2168/4381/4275 2174/4388/4282 2175/4389/4283
f 2173/4387/4281 2169/4386/4280 2172/4390/4284
f 2172/4390/4284 2169/4386/4280 2170/4391/4285
f 2172/4390/4284 2170/4391/4285 2171/4392/4286
f 2168/4381/4275 2175/4389/4283 2141/4393/4287
f 2141/4393/4287 2175/4389/4283 2176/4394/4288
f 2141/4393/4287 2176/4394/4288 2177/4395/4289
f 2141/4393/4287 2177/4395/4289 2142/4396/4290
f 2142/4396/4290 2177/4395/4289 2178/4397/4291
f 2142/4396/4290 2178/4397/4291 2179/4398/4292
f 2142/4396/4290 2179/4398/4292 2186/4399/4293
f 2186/4399/4293 2179/4398/4292 2180/4400/4294
f 2186/4399/4293 2180/4400/4294 2181/4401/4295
f 2186/4399/4293 2181/4401/4295 2185/4402/4296
f 2185/4402/4296 2181/4401/4295 2182/4403/4297
f 2185/4402/4296 2182/4403/4297 2184/4404/4298
f 2184/4404/4298 2182/4403/4297 2183/4405/4299
f 2187/4406/4300 2144/4407/4301 2186/4399/4293
f 2186/4399/4293 2144/4407/4301 2143/4408/4302
f 2186/4399/4293 2143/4408/4302 2142/4396/4290
f 2188/4409/4303 2150/4410/4304 2187/4406/4300
f 2187/4406/4300 2150/4410/4304 2149/4411/4305
f 2187/4406/4300 2149/4411/4305 2148/4412/4306
f 2189/4413/4307 2156/4414/4308 2188/4409/4303
f 2188/4409/4303 2156/4414/4308 2155/4415/4309
f 2188/4409/4303 2155/4415/4309 2154/4416/4310
f 2190/4417/4311 2194/4418/4312 2189/4413/4307
f 2189/4413/4307 2194/4418/4312 2195/4419/4313
f 2189/4413/4307 2195/4419/4313 2196/4420/4314
f 2194/4418/4312 2190/4417/4311 2193/4421/4315
f 2193/4421/4315 2190/4417/4311 2191/4422/4316
f 2193/4421/4315 2191/4422/4316 2192/4423/4317
f 2189/4413/4307 2196/4420/4314 2158/4424/4318
f 2158/4424/4318 2196/4420/4314 2197/4425/4319
f 2158/4424/4318 2197/4425/4319 2198/4426/4320
f 2158/4424/4318 2198/4426/4320 2159/4427/4321
f 2159/4427/4321 2198/4426/4320 2199/4428/4322
f 2159/4427/4321 2199/4428/4322 2200/4429/4323
f 2159/4427/4321 2200/4429/4323 2207/4430/4324
f 2207/4430/4324 2200/4429/4323 2201/4431/4325
f 2207/4430/4324 2201/4431/4325 2202/4432/4326
f 2207/4430/4324 2202/4432/4326 2206/4433/4327
f 2206/4433/4327 2202/4432/4326 2203/4434/4328
f 2206/4433/4327 2203/4434/4328 2205/4435/4329
f 2205/4435/4329 2203/4434/4328 2204/4436/4330
f 2208/4437/4331 2161/4438/4332 2207/4430/4324
f 2207/4430/4324 2161/4438/4332 2160/4439/4333
f 2207/4430/4324 2160/4439/4333 2159/4427/4321
f 2167/4383/4277 2133/4440/4334 2208/4437/4331
f 2208/4437/4331 2133/4440/4334 2166/4441/4335
f 2208/4437/4331 2166/4441/4335 2165/4442/4336
f 2165/4442/4336 2164/4443/4337 2208/4437/4331
f 2208/4437/4331 2164/4443/4337 2163/4444/4338
f 2208/4437/4331 2163/4444/4338 2162/4445/4339
f 2162/4445/4339 2161/4438/4332 2208/4437/4331
f 2158/4424/4318 2157/4446/4340 2189/4413/4307
f 2189/4413/4307 2157/4446/4340 2156/4414/4308
f 2154/4416/4310 2153/4447/4341 2188/4409/4303
f 2188/4409/4303 2153/4447/4341 2152/4448/4342
f 2188/4409/4303 2152/4448/4342 2151/4449/4343
f 2151/4449/4343 2150/4410/4304 2188/4409/4303
f 2148/4412/4306 2147/4450/4344 2187/4406/4300
f 2187/4406/4300 2147/4450/4344 2146/4451/4345
f 2187/4406/4300 2146/4451/4345 2145/4452/4346
f 2145/4452/4346 2144/4407/4301 2187/4406/4300
f 2141/4393/4287 2140/4453/4347 2168/4381/4275
f 2168/4381/4275 2140/4453/4347 2139/4382/4276
f 2137/4385/4279 2136/4454/4348 2167/4383/4277
f 2167/4383/4277 2136/4454/4348 2135/4455/4349
f 2167/4383/4277 2135/4455/4349 2134/4456/4350
f 2134/4456/4350 2133/4440/4334 2167/4383/4277
f 2209/4457/4351 2210/4458/4352 2208/4459/4353
f 2208/4459/4353 2210/4458/4352 2167/4460/4354
f 2211/4461/4355 2209/4462/4356 2207/4463/4357
f 2207/4463/4357 2209/4462/4356 2208/4464/4358
f 2189/4465/4359 2212/4466/4360 2190/4467/4361
f 2190/4467/4361 2212/4466/4360 2213/4468/4362
f 2190/4467/4361 2213/4468/4362 2214/4469/4363
f 2190/4467/4361 2214/4469/4363 2191/4470/4364
f 2191/4470/4364 2214/4469/4363 2215/4471/4365
f 2191/4470/4364 2215/4471/4365 2192/4472/4366
f 2192/4472/4366 2215/4471/4365 2216/4473/4367
f 2192/4472/4366 2216/4473/4367 2193/4474/4368
f 2193/4474/4368 2216/4473/4367 2217/4475/4369
f 2193/4474/4368 2217/4475/4369 2194/4476/4370
f 2194/4476/4370 2217/4475/4369 2218/4477/4371
f 2194/4476/4370 2218/4477/4371 2195/4478/4372
f 2195/4478/4372 2218/4477/4371 2219/4479/4373
f 2195/4478/4372 2219/4479/4373 2196/4480/4374
f 2196/4480/4374 2219/4479/4373 2220/4481/4375
f 2196/4480/4374 2220/4481/4375 2197/4482/4376
f 2197/4482/4376 2220/4481/4375 2221/4483/4377
f 2197/4482/4376 2221/4483/4377 2198/4484/4378
f 2198/4484/4378 2221/4483/4377 2222/4485/4379
f 2198/4484/4378 2222/4485/4379 2199/4486/4380
f 2199/4486/4380 2222/4485/4379 2223/4487/4381
f 2199/4486/4380 2223/4487/4381 2200/4488/4382
f 2200/4488/4382 2223/4487/4381 2224/4489/4383
f 2200/4488/4382 2224/4489/4383 2201/4490/4384
f 2201/4490/4384 2224/4489/4383 2225/4491/4385
f 2201/4490/4384 2225/4491/4385 2202/4492/4386
f 2202/4492/4386 2225/4491/4385 2226/4493/4387
f 2202/4492/4386 2226/4493/4387 2203/4494/4388
f 2203/4494/4388 2226/4493/4387 2227/4495/4389
f 2203/4494/4388 2227/4495/4389 2204/4496/4390
f 2204/4496/4390 2227/4495/4389 2228/4497/4391
f 2204/4496/4390 2228/4497/4391 2205/4498/4392
f 2205/4498/4392 2228/4497/4391 2229/4499/4393
f 2205/4498/4392 2229/4499/4393 2206/4500/4394
f 2206/4500/4394 2229/4499/4393 2207/4501/4395
f 2207/4501/4395 2229/4499/4393 2211/4502/4396
f 2230/4503/4397 2212/4504/4398 2188/4505/4399
f 2188/4505/4399 2212/4504/4398 2189/4506/4400
f 2231/4507/4401 2230/4508/4402 2187/4509/4403
f 2187/4509/4403 2230/4508/4402 2188/4510/4404
f 2232/4511/4405 2231/4512/4406 2186/4513/4407
f 2186/4513/4407 2231/4512/4406 2187/4514/4408
f 2168/4515/4409 2233/4516/4410 2169/4517/4411
f 2169/4517/4411 2233/4516/4410 2234/4518/4412
f 2169/4517/4411 2234/4518/4412 2235/4519/4413
f 2169/4517/4411 2235/4519/4413 2170/4520/4414
f 2170/4520/4414 2235/4519/4413 2236/4521/4415
f 2170/4520/4414 2236/4521/4415 2171/4522/4416
f 2171/4522/4416 2236/4521/4415 2237/4523/4417
f 2171/4522/4416 2237/4523/4417 2172/4524/4418
f 2172/4524/4418 2237/4523/4417 2238/4525/4419
f 2172/4524/4418 2238/4525/4419 2173/4526/4420
f 2173/4526/4420 2238/4525/4419 2239/4527/4421
f 2173/4526/4420 2239/4527/4421 2174/4528/4422
f 2174/4528/4422 2239/4527/4421 2240/4529/4423
f 2174/4528/4422 2240/4529/4423 2175/4530/4424
f 2175/4530/4424 2240/4529/4423 2241/4531/4425
f 2175/4530/4424 2241/4531/4425 2176/4532/4426
f 2176/4532/4426 2241/4531/4425 2242/4533/4427
f 2176/4532/4426 2242/4533/4427 2177/4534/4428
f 2177/4534/4428 2242/4533/4427 2243/4535/4429
f 2177/4534/4428 2243/4535/4429 2178/4536/4430
f 2178/4536/4430 2243/4535/4429 2244/4537/4431
f 2178/4536/4430 2244/4537/4431 2179/4538/4432
f 2179/4538/4432 2244/4537/4431 2245/4539/4433
f 2179/4538/4432 2245/4539/4433 2180/4540/4434
f 2180/4540/4434 2245/4539/4433 2246/4541/4435
f 2180/4540/4434 2246/4541/4435 2181/4542/4436
f 2181/4542/4436 2246/4541/4435 2247/4543/4437
f 2181/4542/4436 2247/4543/4437 2182/4544/4438
f 2182/4544/4438 2247/4543/4437 2248/4545/4439
f 2182/4544/4438 2248/4545/4439 2183/4546/4440
f 2183/4546/4440 2248/4545/4439 2249/4547/4441
f 2183/4546/4440 2249/4547/4441 2184/4548/4442
f 2184/4548/4442 2249/4547/4441 2250/4549/4443
f 2184/4548/4442 2250/4549/4443 2185/4550/4444
f 2185/4550/4444 2250/4549/4443 2186/4551/4445
f 2186/4551/4445 2250/4549/4443 2232/4552/4446
f 2210/4553/4447 2233/4554/4448 2167/4555/4449
f 2167/4555/4449 2233/4554/4448 2168/4556/4450
f 2210/4557/4451 2211/4558/4452 2233/4559/4453
f 2233/4559/4453 2211/4558/4452 2212/4560/4454
f 2233/4559/4453 2212/4560/4454 2232/4561/4455
f 2232/4561/4455 2212/4560/4454 2230/4562/4456
f 2232/4561/4455 2230/4562/4456 2231/4563/4457
f 2210/4557/4451 2209/4564/4458 2211/4558/4452
f 2229/4565/4459 2225/4566/4460 2211/4558/4452
f 2211/4558/4452 2225/4566/4460 2224/4567/4461
f 2211/4558/4452 2224/4567/4461 2223/4568/4462
f 2225/4566/4460 2229/4565/4459 2226/4569/4463
f 2226/4569/4463 2229/4565/4459 2228/4570/4464
f 2226/4569/4463 2228/4570/4464 2227/4571/4465
f 2223/4568/4462 2222/4572/4466 2211/4558/4452
f 2211/4558/4452 2222/4572/4466 2221/4573/4467
f 2211/4558/4452 2221/4573/4467 2212/4560/4454
f 2212/4560/4454 2221/4573/4467 2220/4574/4468
f 2212/4560/4454 2220/4574/4468 2219/4575/4469
f 2219/4575/4469 2218/4576/4470 2212/4560/4454
f 2212/4560/4454 2218/4576/4470 2217/4577/4471
f 2212/4560/4454 2217/4577/4471 2213/4578/4472
f 2213/4578/4472 2217/4577/4471 2216/4579/4473
f 2213/4578/4472 2216/4579/4473 2214/4580/4474
f 2214/4580/4474 2216/4579/4473 2215/4581/4475
f 2250/4582/4476 2246/4583/4477 2232/4561/4455
f 2232/4561/4455 2246/4583/4477 2245/4584/4478
f 2232/4561/4455 2245/4584/4478 2244/4585/4479
f 2246/4583/4477 2250/4582/4476 2247/4586/4480
f 2247/4586/4480 2250/4582/4476 2249/4587/4481
f 2247/4586/4480 2249/4587/4481 2248/4588/4482
f 2244/4585/4479 2243/4589/4483 2232/4561/4455
f 2232/4561/4455 2243/4589/4483 2242/4590/4484
f 2232/4561/4455 2242/4590/4484 2233/4559/4453
f 2233/4559/4453 2242/4590/4484 2241/4591/4485
f 2233/4559/4453 2241/4591/4485 2240/4592/4486
f 2240/4592/4486 2239/4593/4487 2233/4559/4453
f 2233/4559/4453 2239/4593/4487 2238/4594/4488
f 2233/4559/4453 2238/4594/4488 2234/4595/4489
f 2234/4595/4489 2238/4594/4488 2237/4596/4490
f 2234/4595/4489 2237/4596/4490 2235/4597/4491
f 2235/4597/4491 2237/4596/4490 2236/4598/4492
g puce

v -0.460000 5.561684 2.790000
v 0.220000 5.561684 2.790000
v 0.220000 5.711684 2.790000
v -0.460000 5.711684 2.790000
v -0.460000 5.561684 2.110000
v -0.460000 5.711684 2.110000
v 0.220000 5.561684 2.110000
v 0.220000 5.711684 2.110000
vt -0.000000 0.000000 0.000000
vt 0.680000 0.000000 0.000000
vt -0.000000 0.150000 0.000000
vt 0.680000 0.150000 0.000000
vt 0.000000 0.000000 0.000000
vt 0.680000 0.000000 0.000000
vt 0.000000 0.150000 0.000000
vt 0.680000 0.150000 0.000000
vt 0.000000 0.000000 0.000000
vt 0.680000 0.000000 0.000000
vt 0.000000 0.150000 0.000000
vt 0.680000 0.150000 0.000000
vt -0.000000 0.000000 0.000000
vt 0.680000 0.000000 0.000000
vt -0.000000 0.150000 0.000000
vt 0.680000 0.150000 0.000000
vt -0.340000 -0.340000 0.000000
vt 0.340000 -0.340000 0.000000
vt -0.340000 0.340000 0.000000
vt 0.340000 0.340000 0.000000
vt -0.340000 -0.340000 0.000000
vt 0.340000 -0.340000 0.000000
vt -0.340000 0.340000 0.000000
vt 0.340000 0.340000 0.000000
vn -0.000000 0.000000 1.000000
vn -0.000000 0.000000 1.000000
vn -0.000000 0.000000 1.000000
vn -0.000000 0.000000 1.000000
vn -1.000000 0.000000 -0.000000
vn -1.000000 0.000000 -0.000000
vn -1.000000 0.000000 -0.000000
vn -1.000000 0.000000 -0.000000
vn 0.000000 -0.000000 -1.000000
vn 0.000000 -0.000000 -1.000000
vn 0.000000 -0.000000 -1.000000
vn 0.000000 -0.000000 -1.000000
vn 1.000000 -0.000000 0.000000
vn 1.000000 -0.000000 0.000000
vn 1.000000 -0.000000 0.000000
vn 1.000000 -0.000000 0.000000
vn 0.000000 1.000000 0.000000
vn 0.000000 1.000000 0.000000
vn 0.000000 1.000000 0.000000
vn 0.000000 1.000000 0.000000
vn -0.000000 -1.000000 -0.000000
vn -0.000000 -1.000000 -0.000000
vn -0.000000 -1.000000 -0.000000
vn -0.000000 -1.000000 -0.000000
usemtl ABS_(blanc)_2
f 2251/4599/4493 2252/4600/4494 2254/4601/4495
f 2254/4601/4495 2252/4600/4494 2253/4602/4496
f 2255/4603/4497 2251/4604/4498 2256/4605/4499
f 2256/4605/4499 2251/4604/4498 2254/4606/4500
f 2257/4607/4501 2255/4608/4502 2258/4609/4503
f 2258/4609/4503 2255/4608/4502 2256/4610/4504
f 2252/4611/4505 2257/4612/4506 2253/4613/4507
f 2253/4613/4507 2257/4612/4506 2258/4614/4508
f 2258/4615/4509 2256/4616/4510 2253/4617/4511
f 2253/4617/4511 2256/4616/4510 2254/4618/4512
f 2257/4619/4513 2252/4620/4514 2255/4621/4515
f 2255/4621/4515 2252/4620/4514 2251/4622/4516
g gris

v -0.005000 5.561684 1.067500
v -0.005000 5.561684 1.622500
v -0.005000 5.821684 1.622500
v -0.005000 5.821684 1.067500
v 0.440000 5.561684 1.067500
v 0.435725 5.561684 1.024092
v 0.423063 5.561684 0.982353
v 0.402502 5.561684 0.943886
v 0.374831 5.561684 0.910169
v 0.341114 5.561684 0.882498
v 0.302647 5.561684 0.861937
v 0.260908 5.561684 0.849275
v 0.217500 5.561684 0.845000
v 0.174092 5.561684 0.849275
v 0.132353 5.561684 0.861937
v 0.093886 5.561684 0.882498
v 0.060169 5.561684 0.910169
v 0.032498 5.561684 0.943886
v 0.011937 5.561684 0.982353
v -0.000725 5.561684 1.024092
v -0.000725 5.821684 1.024092
v 0.011937 5.821684 0.982353
v 0.032498 5.821684 0.943886
v 0.060169 5.821684 0.910169
v 0.093886 5.821684 0.882498
v 0.132353 5.821684 0.861937
v 0.174092 5.821684 0.849275
v 0.217500 5.821684 0.845000
v 0.260908 5.821684 0.849275
v 0.302647 5.821684 0.861937
v 0.341114 5.821684 0.882498
v 0.374831 5.821684 0.910169
v 0.402502 5.821684 0.943886
v 0.423063 5.821684 0.982353
v 0.435725 5.821684 1.024092
v 0.440000 5.821684 1.067500
v 0.440000 5.561684 1.622500
v 0.440000 5.821684 1.622500
v -0.000725 5.561684 1.665908
v 0.011937 5.561684 1.707647
v 0.032498 5.561684 1.746114
v 0.060169 5.561684 1.779831
v 0.093886 5.561684 1.807502
v 0.132353 5.561684 1.828063
v 0.174092 5.561684 1.840725
v 0.217500 5.561684 1.845000
v 0.260908 5.561684 1.840725
v 0.302647 5.561684 1.828063
v 0.341114 5.561684 1.807502
v 0.374831 5.561684 1.779831
v 0.402502 5.561684 1.746114
v 0.423063 5.561684 1.707647
v 0.435725 5.561684 1.665908
v 0.435725 5.821684 1.665908
v 0.423063 5.821684 1.707647
v 0.402502 5.821684 1.746114
v 0.374831 5.821684 1.779831
v 0.341114 5.821684 1.807502
v 0.302647 5.821684 1.828063
v 0.260908 5.821684 1.840725
v 0.217500 5.821684 1.845000
v 0.174092 5.821684 1.840725
v 0.132353 5.821684 1.828063
v 0.093886 5.821684 1.807502
v 0.060169 5.821684 1.779831
v 0.032498 5.821684 1.746114
v 0.011937 5.821684 1.707647
v -0.000725 5.821684 1.665908
vt 0.000000 0.000000 0.000000
vt 0.555000 0.000000 0.000000
vt 0.000000 0.260000 0.000000
vt 0.555000 0.260000 0.000000
vt -0.260000 0.000000 0.000000
vt -0.000000 0.000000 0.000000
vt -0.260000 0.043688 0.000000
vt -0.000000 0.043688 0.000000
vt -0.260000 0.087376 0.000000
vt -0.000000 0.087376 0.000000
vt -0.260000 0.131063 0.000000
vt -0.000000 0.131063 0.000000
vt -0.260000 0.174751 0.000000
vt -0.000000 0.174751 0.000000
vt -0.260000 0.218439 0.000000
vt -0.000000 0.218439 0.000000
vt -0.260000 0.262127 0.000000
vt -0.000000 0.262127 0.000000
vt -0.260000 0.305814 0.000000
vt -0.000000 0.305814 0.000000
vt -0.260000 0.349502 0.000000
vt -0.000000 0.349502 0.000000
vt -0.260000 0.393190 0.000000
vt -0.000000 0.393190 0.000000
vt -0.260000 0.436878 0.000000
vt -0.000000 0.436878 0.000000
vt -0.260000 0.480566 0.000000
vt -0.000000 0.480566 0.000000
vt -0.260000 0.524253 0.000000
vt -0.000000 0.524253 0.000000
vt -0.260000 0.567941 0.000000
vt -0.000000 0.567941 0.000000
vt -0.260000 0.611629 0.000000
vt -0.000000 0.611629 0.000000
vt -0.260000 0.655317 0.000000
vt -0.000000 0.655317 0.000000
vt -0.260000 0.699004 0.000000
vt -0.000000 0.699004 0.000000
vt 0.000000 0.000000 0.000000
vt 0.555000 0.000000 0.000000
vt 0.000000 0.260000 0.000000
vt 0.555000 0.260000 0.000000
vt -0.260000 0.000000 0.000000
vt -0.000000 0.000000 0.000000
vt -0.260000 0.043688 0.000000
vt -0.000000 0.043688 0.000000
vt -0.260000 0.087376 0.000000
vt -0.000000 0.087376 0.000000
vt -0.260000 0.131063 0.000000
vt -0.000000 0.131063 0.000000
vt -0.260000 0.174751 0.000000
vt -0.000000 0.174751 0.000000
vt -0.260000 0.218439 0.000000
vt -0.000000 0.218439 0.000000
vt -0.260000 0.262127 0.000000
vt -0.000000 0.262127 0.000000
vt -0.260000 0.305814 0.000000
vt -0.000000 0.305814 0.000000
vt -0.260000 0.349502 0.000000
vt -0.000000 0.349502 0.000000
vt -0.260000 0.393190 0.000000
vt -0.000000 0.393190 0.000000
vt -0.260000 0.436878 0.000000
vt -0.000000 0.436878 0.000000
vt -0.260000 0.480566 0.000000
vt -0.000000 0.480566 0.000000
vt -0.260000 0.524253 0.000000
vt -0.000000 0.524253 0.000000
vt -0.260000 0.567941 0.000000
vt -0.000000 0.567941 0.000000
vt -0.260000 0.611629 0.000000
vt -0.000000 0.611629 0.000000
vt -0.260000 0.655317 0.000000
vt -0.000000 0.655317 0.000000
vt -0.260000 0.699004 0.000000
vt -0.000000 0.699004 0.000000
vt -0.320908 0.218225 0.000000
vt -0.362647 0.205563 0.000000
vt -0.277500 0.222500 0.000000
vt -0.401114 0.185002 0.000000
vt -0.434831 0.157331 0.000000
vt -0.462502 0.123614 0.000000
vt -0.483063 0.085147 0.000000
vt 0.483063 0.085147 0.000000
vt 0.495725 0.043408 0.000000
vt -0.495725 0.043408 0.000000
vt 0.500000 -0.000000 0.000000
vt -0.500000 0.000000 0.000000
vt 0.495725 -0.043408 0.000000
vt -0.495725 -0.043408 0.000000
vt 0.483063 -0.085147 0.000000
vt -0.483063 -0.085147 0.000000
vt 0.277500 -0.222500 0.000000
vt -0.277500 -0.222500 0.000000
vt -0.462502 -0.123614 0.000000
vt -0.434831 -0.157331 0.000000
vt -0.401114 -0.185002 0.000000
vt -0.362647 -0.205563 0.000000
vt -0.320908 -0.218225 0.000000
vt 0.320908 -0.218225 0.000000
vt 0.362647 -0.205563 0.000000
vt 0.401114 -0.185002 0.000000
vt 0.434831 -0.157331 0.000000
vt 0.462502 -0.123614 0.000000
vt 0.277500 0.222500 0.000000
vt 0.462502 0.123614 0.000000
vt 0.434831 0.157331 0.000000
vt 0.401114 0.185002 0.000000
vt 0.362647 0.205563 0.000000
vt 0.320908 0.218225 0.000000
vt 0.320908 -0.218225 0.000000
vt 0.362647 -0.205563 0.000000
vt 0.277500 -0.222500 0.000000
vt 0.401114 -0.185002 0.000000
vt 0.434831 -0.157331 0.000000
vt 0.462502 -0.123614 0.000000
vt 0.483063 -0.085147 0.000000
vt -0.483063 -0.085147 0.000000
vt -0.495725 -0.043408 0.000000
vt 0.495725 -0.043408 0.000000
vt -0.500000 -0.000000 0.000000
vt 0.500000 0.000000 0.000000
vt -0.495725 0.043408 0.000000
vt 0.495725 0.043408 0.000000
vt -0.483063 0.085147 0.000000
vt 0.483063 0.085147 0.000000
vt -0.277500 0.222500 0.000000
vt 0.277500 0.222500 0.000000
vt 0.462502 0.123614 0.000000
vt 0.434831 0.157331 0.000000
vt 0.401114 0.185002 0.000000
vt 0.362647 0.205563 0.000000
vt 0.320908 0.218225 0.000000
vt -0.320908 0.218225 0.000000
vt -0.362647 0.205563 0.000000
vt -0.401114 0.185002 0.000000
vt -0.434831 0.157331 0.000000
vt -0.462502 0.123614 0.000000
vt -0.277500 -0.222500 0.000000
vt -0.462502 -0.123614 0.000000
vt -0.434831 -0.157331 0.000000
vt -0.401114 -0.185002 0.000000
vt -0.362647 -0.205563 0.000000
vt -0.320908 -0.218225 0.000000
vn -1.000000 0.000000 -0.000000
vn -1.000000 0.000000 -0.000000
vn -1.000000 0.000000 -0.000000
vn -1.000000 0.000000 -0.000000
vn 1.000000 -0.000000 0.000000
vn 1.000000 -0.000000 0.000000
vn 0.980785 -0.000000 -0.195090
vn 0.980785 -0.000000 -0.195090
vn 0.923880 -0.000000 -0.382683
vn 0.923880 -0.000000 -0.382683
vn 0.831470 -0.000000 -0.555570
vn 0.831470 -0.000000 -0.555570
vn 0.707107 -0.000000 -0.707107
vn 0.707107 -0.000000 -0.707107
vn 0.555570 -0.000000 -0.831470
vn 0.555570 -0.000000 -0.831470
vn 0.382683 -0.000000 -0.923880
vn 0.382683 -0.000000 -0.923880
vn 0.195090 -0.000000 -0.980785
vn 0.195090 -0.000000 -0.980785
vn 0.000000 -0.000000 -1.000000
vn 0.000000 -0.000000 -1.000000
vn -0.195090 -0.000000 -0.980785
vn -0.195090 -0.000000 -0.980785
vn -0.382683 0.000000 -0.923880
vn -0.382683 0.000000 -0.923880
vn -0.555570 0.000000 -0.831470
vn -0.555570 0.000000 -0.831470
vn -0.707107 0.000000 -0.707107
vn -0.707107 0.000000 -0.707107
vn -0.831470 0.000000 -0.555570
vn -0.831470 0.000000 -0.555570
vn -0.923880 0.000000 -0.382683
vn -0.923880 0.000000 -0.382683
vn -0.980785 0.000000 -0.195090
vn -0.980785 0.000000 -0.195090
vn 1.000000 -0.000000 0.000000
vn 1.000000 -0.000000 0.000000
vn -0.980785 0.000000 0.195090
vn -0.980785 0.000000 0.195090
vn -0.923880 0.000000 0.382683
vn -0.923880 0.000000 0.382683
vn -0.831470 0.000000 0.555570
vn -0.831470 0.000000 0.555570
vn -0.707107 0.000000 0.707107
vn -0.707107 0.000000 0.707107
vn -0.555570 0.000000 0.831470
vn -0.555570 0.000000 0.831470
vn -0.382683 0.000000 0.923880
vn -0.382683 0.000000 0.923880
vn -0.195090 0.000000 0.980785
vn -0.195090 0.000000 0.980785
vn -0.000000 0.000000 1.000000
vn -0.000000 0.000000 1.000000
vn 0.195090 0.000000 0.980785
vn 0.195090 0.000000 0.980785
vn 0.382683 -0.000000 0.923880
vn 0.382683 -0.000000 0.923880
vn 0.555570 -0.000000 0.831470
vn 0.555570 -0.000000 0.831470
vn 0.707107 -0.000000 0.707107
vn 0.707107 -0.000000 0.707107
vn 0.831470 -0.000000 0.555570
vn 0.831470 -0.000000 0.555570
vn 0.923880 -0.000000 0.382683
vn 0.923880 -0.000000 0.382683
vn 0.980785 -0.000000 0.195090
vn 0.980785 -0.000000 0.195090
vn 0.000000 1.000000 0.000000
vn 0.000000 1.000000 0.000000
vn 0.000000 1.000000 0.000000
vn 0.000000 1.000000 0.000000
vn 0.000000 1.000000 0.000000
vn 0.000000 1.000000 0.000000
vn 0.000000 1.000000 0.000000
vn 0.000000 1.000000 0.000000
vn 0.000000 1.000000 0.000000
vn 0.000000 1.000000 0.000000
vn 0.000000 1.000000 0.000000
vn 0.000000 1.000000 0.000000
vn 0.000000 1.000000 0.000000
vn 0.000000 1.000000 0.000000
vn 0.000000 1.000000 0.000000
vn 0.000000 1.000000 0.000000
vn 0.000000 1.000000 0.000000
vn 0.000000 1.000000 0.000000
vn 0.000000 1.000000 0.000000
vn 0.000000 1.000000 0.000000
vn 0.000000 1.000000 0.000000
vn 0.000000 1.000000 0.000000
vn 0.000000 1.000000 0.000000
vn 0.000000 1.000000 0.000000
vn 0.000000 1.000000 0.000000
vn 0.000000 1.000000 0.000000
vn 0.000000 1.000000 0.000000
vn 0.000000 1.000000 0.000000
vn 0.000000 1.000000 0.000000
vn 0.000000 1.000000 0.000000
vn 0.000000 1.000000 0.000000
vn 0.000000 1.000000 0.000000
vn 0.000000 1.000000 0.000000
vn 0.000000 1.000000 0.000000
vn -0.000000 -1.000000 -0.000000
vn -0.000000 -1.000000 -0.000000
vn -0.000000 -1.000000 -0.000000
vn -0.000000 -1.000000 -0.000000
vn -0.000000 -1.000000 -0.000000
vn -0.000000 -1.000000 -0.000000
vn -0.000000 -1.000000 -0.000000
vn -0.000000 -1.000000 -0.000000
vn -0.000000 -1.000000 -0.000000
vn -0.000000 -1.000000 -0.000000
vn -0.000000 -1.000000 -0.000000
vn -0.000000 -1.000000 -0.000000
vn -0.000000 -1.000000 -0.000000
vn -0.000000 -1.000000 -0.000000
vn -0.000000 -1.000000 -0.000000
vn -0.000000 -1.000000 -0.000000
vn -0.000000 -1.000000 -0.000000
vn -0.000000 -1.000000 -0.000000
vn -0.000000 -1.000000 -0.000000
vn -0.000000 -1.000000 -0.000000
vn -0.000000 -1.000000 -0.000000
vn -0.000000 -1.000000 -0.000000
vn -0.000000 -1.000000 -0.000000
vn -0.000000 -1.000000 -0.000000
vn -0.000000 -1.000000 -0.000000
vn -0.000000 -1.000000 -0.000000
vn -0.000000 -1.000000 -0.000000
vn -0.000000 -1.000000 -0.000000
vn -0.000000 -1.000000 -0.000000
vn -0.000000 -1.000000 -0.000000
vn -0.000000 -1.000000 -0.000000
vn -0.000000 -1.000000 -0.000000
vn -0.000000 -1.000000 -0.000000
vn -0.000000 -1.000000 -0.000000
usemtl Acier_-_Satiné
f 2259/4623/4517 2260/4624/4518 2262/4625/4519
f 2262/4625/4519 2260/4624/4518 2261/4626/4520
f 2294/4627/4521 2263/4628/4522 2293/4629/4523
f 2293/4629/4523 2263/4628/4522 2264/4630/4524
f 2293/4629/4523 2264/4630/4524 2292/4631/4525
f 2292/4631/4525 2264/4630/4524 2265/4632/4526
f 2292/4631/4525 2265/4632/4526 2291/4633/4527
f 2291/4633/4527 2265/4632/4526 2266/4634/4528
f 2291/4633/4527 2266/4634/4528 2290/4635/4529
f 2290/4635/4529 2266/4634/4528 2267/4636/4530
f 2290/4635/4529 2267/4636/4530 2289/4637/4531
f 2289/4637/4531 2267/4636/4530 2268/4638/4532
f 2289/4637/4531 2268/4638/4532 2288/4639/4533
f 2288/4639/4533 2268/4638/4532 2269/4640/4534
f 2288/4639/4533 2269/4640/4534 2287/4641/4535
f 2287/4641/4535 2269/4640/4534 2270/4642/4536
f 2287/4641/4535 2270/4642/4536 2286/4643/4537
f 2286/4643/4537 2270/4642/4536 2271/4644/4538
f 2286/4643/4537 2271/4644/4538 2285/4645/4539
f 2285/4645/4539 2271/4644/4538 2272/4646/4540
f 2285/4645/4539 2272/4646/4540 2284/4647/4541
f 2284/4647/4541 2272/4646/4540 2273/4648/4542
f 2284/4647/4541 2273/4648/4542 2283/4649/4543
f 2283/4649/4543 2273/4648/4542 2274/4650/4544
f 2283/4649/4543 2274/4650/4544 2282/4651/4545
f 2282/4651/4545 2274/4650/4544 2275/4652/4546
f 2282/4651/4545 2275/4652/4546 2281/4653/4547
f 2281/4653/4547 2275/4652/4546 2276/4654/4548
f 2281/4653/4547 2276/4654/4548 2280/4655/4549
f 2280/4655/4549 2276/4654/4548 2277/4656/4550
f 2280/4655/4549 2277/4656/4550 2279/4657/4551
f 2279/4657/4551 2277/4656/4550 2278/4658/4552
f 2279/4657/4551 2278/4658/4552 2262/4659/4519
f 2262/4659/4519 2278/4658/4552 2259/4660/4517
f 2295/4661/4553 2263/4662/4522 2296/4663/4554
f 2296/4663/4554 2263/4662/4522 2294/4664/4521
f 2261/4665/4520 2260/4666/4518 2326/4667/4555
f 2326/4667/4555 2260/4666/4518 2297/4668/4556
f 2326/4667/4555 2297/4668/4556 2325/4669/4557
f 2325/4669/4557 2297/4668/4556 2298/4670/4558
f 2325/4669/4557 2298/4670/4558 2324/4671/4559
f 2324/4671/4559 2298/4670/4558 2299/4672/4560
f 2324/4671/4559 2299/4672/4560 2323/4673/4561
f 2323/4673/4561 2299/4672/4560 2300/4674/4562
f 2323/4673/4561 2300/4674/4562 2322/4675/4563
f 2322/4675/4563 2300/4674/4562 2301/4676/4564
f 2322/4675/4563 2301/4676/4564 2321/4677/4565
f 2321/4677/4565 2301/4676/4564 2302/4678/4566
f 2321/4677/4565 2302/4678/4566 2320/4679/4567
f 2320/4679/4567 2302/4678/4566 2303/4680/4568
f 2320/4679/4567 2303/4680/4568 2319/4681/4569
f 2319/4681/4569 2303/4680/4568 2304/4682/4570
f 2319/4681/4569 2304/4682/4570 2318/4683/4571
f 2318/4683/4571 2304/4682/4570 2305/4684/4572
f 2318/4683/4571 2305/4684/4572 2317/4685/4573
f 2317/4685/4573 2305/4684/4572 2306/4686/4574
f 2317/4685/4573 2306/4686/4574 2316/4687/4575
f 2316/4687/4575 2306/4686/4574 2307/4688/4576
f 2316/4687/4575 2307/4688/4576 2315/4689/4577
f 2315/4689/4577 2307/4688/4576 2308/4690/4578
f 2315/4689/4577 2308/4690/4578 2314/4691/4579
f 2314/4691/4579 2308/4690/4578 2309/4692/4580
f 2314/4691/4579 2309/4692/4580 2313/4693/4581
f 2313/4693/4581 2309/4692/4580 2310/4694/4582
f 2313/4693/4581 2310/4694/4582 2312/4695/4583
f 2312/4695/4583 2310/4694/4582 2311/4696/4584
f 2312/4695/4583 2311/4696/4584 2296/4697/4554
f 2296/4697/4554 2311/4696/4584 2295/4698/4553
usemtl Matériau_de_base_-_Métal
f 2326/4699/4585 2325/4700/4586 2261/4701/4587
f 2261/4701/4587 2325/4700/4586 2324/4702/4588
f 2261/4701/4587 2324/4702/4588 2323/4703/4589
f 2323/4703/4589 2322/4704/4590 2261/4701/4587
f 2261/4701/4587 2322/4704/4590 2321/4705/4591
f 2261/4701/4587 2321/4705/4591 2284/4706/4592
f 2284/4706/4592 2321/4705/4591 2285/4707/4593
f 2285/4707/4593 2321/4705/4591 2320/4708/4594
f 2285/4707/4593 2320/4708/4594 2286/4709/4595
f 2286/4709/4595 2320/4708/4594 2319/4710/4596
f 2286/4709/4595 2319/4710/4596 2287/4711/4597
f 2287/4711/4597 2319/4710/4596 2318/4712/4598
f 2287/4711/4597 2318/4712/4598 2288/4713/4599
f 2288/4713/4599 2318/4712/4598 2317/4714/4600
f 2288/4713/4599 2317/4714/4600 2294/4715/4601
f 2294/4715/4601 2317/4714/4600 2296/4716/4602
f 2296/4716/4602 2317/4714/4600 2316/4717/4603
f 2296/4716/4602 2316/4717/4603 2315/4718/4604
f 2315/4718/4604 2314/4719/4605 2296/4716/4602
f 2296/4716/4602 2314/4719/4605 2313/4720/4606
f 2296/4716/4602 2313/4720/4606 2312/4721/4607
f 2293/4722/4608 2292/4723/4609 2294/4715/4601
f 2294/4715/4601 2292/4723/4609 2291/4724/4610
f 2294/4715/4601 2291/4724/4610 2290/4725/4611
f 2290/4725/4611 2289/4726/4612 2294/4715/4601
f 2294/4715/4601 2289/4726/4612 2288/4713/4599
f 2261/4701/4587 2284/4706/4592 2262/4727/4613
f 2262/4727/4613 2284/4706/4592 2283/4728/4614
f 2262/4727/4613 2283/4728/4614 2282/4729/4615
f 2282/4729/4615 2281/4730/4616 2262/4727/4613
f 2262/4727/4613 2281/4730/4616 2280/4731/4617
f 2262/4727/4613 2280/4731/4617 2279/4732/4618
usemtl Acier_-_Satiné
f 2311/4733/4619 2310/4734/4620 2295/4735/4621
f 2295/4735/4621 2310/4734/4620 2309/4736/4622
f 2295/4735/4621 2309/4736/4622 2308/4737/4623
f 2308/4737/4623 2307/4738/4624 2295/4735/4621
f 2295/4735/4621 2307/4738/4624 2306/4739/4625
f 2295/4735/4621 2306/4739/4625 2269/4740/4626
f 2269/4740/4626 2306/4739/4625 2270/4741/4627
f 2270/4741/4627 2306/4739/4625 2305/4742/4628
f 2270/4741/4627 2305/4742/4628 2271/4743/4629
f 2271/4743/4629 2305/4742/4628 2304/4744/4630
f 2271/4743/4629 2304/4744/4630 2272/4745/4631
f 2272/4745/4631 2304/4744/4630 2303/4746/4632
f 2272/4745/4631 2303/4746/4632 2273/4747/4633
f 2273/4747/4633 2303/4746/4632 2302/4748/4634
f 2273/4747/4633 2302/4748/4634 2259/4749/4635
f 2259/4749/4635 2302/4748/4634 2260/4750/4636
f 2260/4750/4636 2302/4748/4634 2301/4751/4637
f 2260/4750/4636 2301/4751/4637 2300/4752/4638
f 2300/4752/4638 2299/4753/4639 2260/4750/4636
f 2260/4750/4636 2299/4753/4639 2298/4754/4640
f 2260/4750/4636 2298/4754/4640 2297/4755/4641
f 2278/4756/4642 2277/4757/4643 2259/4749/4635
f 2259/4749/4635 2277/4757/4643 2276/4758/4644
f 2259/4749/4635 2276/4758/4644 2275/4759/4645
f 2275/4759/4645 2274/4760/4646 2259/4749/4635
f 2259/4749/4635 2274/4760/4646 2273/4747/4633
f 2295/4735/4621 2269/4740/4626 2263/4761/4647
f 2263/4761/4647 2269/4740/4626 2268/4762/4648
f 2263/4761/4647 2268/4762/4648 2267/4763/4649
f 2267/4763/4649 2266/4764/4650 2263/4761/4647
f 2263/4761/4647 2266/4764/4650 2265/4765/4651
f 2263/4761/4647 2265/4765/4651 2264/4766/4652
g micro

v 0.020000 6.471684 3.690000
v -0.040777 6.471684 3.684683
v -0.099707 6.471684 3.668892
v -0.155000 6.471684 3.643109
v -0.204976 6.471684 3.608116
v -0.248116 6.471684 3.564976
v -0.283109 6.471684 3.515000
v -0.308892 6.471684 3.459707
v -0.324683 6.471684 3.400777
v -0.330000 6.471684 3.340000
v -0.324683 6.471684 3.279223
v -0.308892 6.471684 3.220293
v -0.283109 6.471684 3.165000
v -0.248116 6.471684 3.115024
v -0.204976 6.471684 3.071884
v -0.155000 6.471684 3.036891
v -0.099707 6.471684 3.011108
v -0.040777 6.471684 2.995317
v 0.020000 6.471684 2.990000
v 0.080777 6.471684 2.995317
v 0.139707 6.471684 3.011108
v 0.195000 6.471684 3.036891
v 0.244976 6.471684 3.071884
v 0.288116 6.471684 3.115024
v 0.323109 6.471684 3.165000
v 0.348892 6.471684 3.220293
v 0.364683 6.471684 3.279223
v 0.370000 6.471684 3.340000
v 0.364683 6.471684 3.400777
v 0.348892 6.471684 3.459707
v 0.323109 6.471684 3.515000
v 0.288116 6.471684 3.564976
v 0.244976 6.471684 3.608116
v 0.195000 6.471684 3.643109
v 0.139707 6.471684 3.668892
v 0.080777 6.471684 3.684683
v 0.020000 5.561684 3.690000
v 0.080777 5.561684 3.684683
v 0.139707 5.561684 3.668892
v 0.195000 5.561684 3.643109
v 0.244976 5.561684 3.608116
v 0.288116 5.561684 3.564976
v 0.323109 5.561684 3.515000
v 0.348892 5.561684 3.459707
v 0.364683 5.561684 3.400777
v 0.370000 5.561684 3.340000
v 0.364683 5.561684 3.279223
v 0.348892 5.561684 3.220293
v 0.323109 5.561684 3.165000
v 0.288116 5.561684 3.115024
v 0.244976 5.561684 3.071884
v 0.195000 5.561684 3.036891
v 0.139707 5.561684 3.011108
v 0.080777 5.561684 2.995317
v 0.020000 5.561684 2.990000
v -0.040777 5.561684 2.995317
v -0.099707 5.561684 3.011108
v -0.155000 5.561684 3.036891
v -0.204976 5.561684 3.071884
v -0.248116 5.561684 3.115024
v -0.283109 5.561684 3.165000
v -0.308892 5.561684 3.220293
v -0.324683 5.561684 3.279223
v -0.330000 5.561684 3.340000
v -0.324683 5.561684 3.400777
v -0.308892 5.561684 3.459707
v -0.283109 5.561684 3.515000
v -0.248116 5.561684 3.564976
v -0.204976 5.561684 3.608116
v -0.155000 5.561684 3.643109
v -0.099707 5.561684 3.668892
v -0.040777 5.561684 3.684683
vt -0.910000 1.038471 0.000000
vt -0.000000 1.038471 0.000000
vt -0.910000 1.099557 0.000000
vt -0.000000 1.099557 0.000000
vt -0.910000 -1.099557 0.000000
vt -0.000000 -1.099557 0.000000
vt -0.910000 -1.038471 0.000000
vt -0.000000 -1.038471 0.000000
vt -0.910000 -0.977384 0.000000
vt -0.000000 -0.977384 0.000000
vt -0.910000 -0.916298 0.000000
vt -0.000000 -0.916298 0.000000
vt -0.910000 -0.855211 0.000000
vt -0.000000 -0.855211 0.000000
vt -0.910000 -0.794125 0.000000
vt -0.000000 -0.794125 0.000000
vt -0.910000 -0.733038 0.000000
vt -0.000000 -0.733038 0.000000
vt -0.910000 -0.671952 0.000000
vt -0.000000 -0.671952 0.000000
vt -0.910000 -0.610865 0.000000
vt -0.000000 -0.610865 0.000000
vt -0.910000 -0.549779 0.000000
vt -0.000000 -0.549779 0.000000
vt -0.910000 -0.488692 0.000000
vt -0.000000 -0.488692 0.000000
vt -0.910000 -0.427606 0.000000
vt -0.000000 -0.427606 0.000000
vt -0.910000 -0.366519 0.000000
vt -0.000000 -0.366519 0.000000
vt -0.910000 -0.305433 0.000000
vt -0.000000 -0.305433 0.000000
vt -0.910000 -0.244346 0.000000
vt -0.000000 -0.244346 0.000000
vt -0.910000 -0.183260 0.000000
vt -0.000000 -0.183260 0.000000
vt -0.910000 -0.122173 0.000000
vt -0.000000 -0.122173 0.000000
vt -0.910000 -0.061087 0.000000
vt -0.000000 -0.061087 0.000000
vt -0.910000 0.000000 0.000000
vt -0.000000 0.000000 0.000000
vt -0.910000 0.061087 0.000000
vt -0.000000 0.061087 0.000000
vt -0.910000 0.122173 0.000000
vt -0.000000 0.122173 0.000000
vt -0.910000 0.183260 0.000000
vt -0.000000 0.183260 0.000000
vt -0.910000 0.244346 0.000000
vt -0.000000 0.244346 0.000000
vt -0.910000 0.305433 0.000000
vt -0.000000 0.305433 0.000000
vt -0.910000 0.366519 0.000000
vt -0.000000 0.366519 0.000000
vt -0.910000 0.427606 0.000000
vt -0.000000 0.427606 0.000000
vt -0.910000 0.488692 0.000000
vt -0.000000 0.488692 0.000000
vt -0.910000 0.549779 0.000000
vt -0.000000 0.549779 0.000000
vt -0.910000 0.610865 0.000000
vt -0.000000 0.610865 0.000000
vt -0.910000 0.671952 0.000000
vt -0.000000 0.671952 0.000000
vt -0.910000 0.733038 0.000000
vt -0.000000 0.733038 0.000000
vt -0.910000 0.794125 0.000000
vt -0.000000 0.794125 0.000000
vt -0.910000 0.855211 0.000000
vt -0.000000 0.855211 0.000000
vt -0.910000 0.916298 0.000000
vt -0.000000 0.916298 0.000000
vt -0.910000 0.977384 0.000000
vt -0.000000 0.977384 0.000000
vt -0.344683 -0.060777 0.000000
vt 0.344683 -0.060777 0.000000
vt -0.350000 0.000000 0.000000
vt 0.350000 0.000000 0.000000
vt -0.344683 0.060777 0.000000
vt 0.344683 0.060777 0.000000
vt -0.328892 0.119707 0.000000
vt 0.328892 0.119707 0.000000
vt -0.303109 0.175000 0.000000
vt 0.303109 0.175000 0.000000
vt -0.268116 0.224976 0.000000
vt 0.268116 0.224976 0.000000
vt -0.224976 0.268116 0.000000
vt 0.224976 0.268116 0.000000
vt -0.175000 0.303109 0.000000
vt 0.175000 0.303109 0.000000
vt -0.119707 0.328892 0.000000
vt 0.119707 0.328892 0.000000
vt -0.060777 0.344683 0.000000
vt 0.060777 0.344683 0.000000
vt 0.000000 0.350000 0.000000
vt 0.328892 -0.119707 0.000000
vt -0.328892 -0.119707 0.000000
vt 0.303109 -0.175000 0.000000
vt -0.303109 -0.175000 0.000000
vt 0.268116 -0.224976 0.000000
vt -0.268116 -0.224976 0.000000
vt 0.224976 -0.268116 0.000000
vt -0.224976 -0.268116 0.000000
vt 0.175000 -0.303109 0.000000
vt -0.175000 -0.303109 0.000000
vt 0.119707 -0.328892 0.000000
vt -0.119707 -0.328892 0.000000
vt 0.060777 -0.344683 0.000000
vt -0.060777 -0.344683 0.000000
vt 0.000000 -0.350000 0.000000
vt 0.344683 0.060777 0.000000
vt -0.344683 0.060777 0.000000
vt 0.350000 0.000000 0.000000
vt -0.350000 0.000000 0.000000
vt 0.344683 -0.060777 0.000000
vt -0.344683 -0.060777 0.000000
vt 0.328892 -0.119707 0.000000
vt -0.328892 -0.119707 0.000000
vt 0.303109 -0.175000 0.000000
vt -0.303109 -0.175000 0.000000
vt 0.268116 -0.224976 0.000000
vt -0.268116 -0.224976 0.000000
vt 0.224976 -0.268116 0.000000
vt -0.224976 -0.268116 0.000000
vt 0.175000 -0.303109 0.000000
vt -0.175000 -0.303109 0.000000
vt 0.119707 -0.328892 0.000000
vt -0.119707 -0.328892 0.000000
vt 0.060777 -0.344683 0.000000
vt -0.060777 -0.344683 0.000000
vt -0.000000 -0.350000 0.000000
vt -0.328892 0.119707 0.000000
vt 0.328892 0.119707 0.000000
vt -0.303109 0.175000 0.000000
vt 0.303109 0.175000 0.000000
vt -0.268116 0.224976 0.000000
vt 0.268116 0.224976 0.000000
vt -0.224976 0.268116 0.000000
vt 0.224976 0.268116 0.000000
vt -0.175000 0.303109 0.000000
vt 0.175000 0.303109 0.000000
vt -0.119707 0.328892 0.000000
vt 0.119707 0.328892 0.000000
vt -0.060777 0.344683 0.000000
vt 0.060777 0.344683 0.000000
vt -0.000000 0.350000 0.000000
vn -0.173648 0.000000 0.984808
vn -0.173648 0.000000 0.984808
vn -0.000000 0.000000 1.000000
vn -0.000000 0.000000 1.000000
vn 0.173648 0.000000 0.984808
vn 0.173648 0.000000 0.984808
vn 0.342020 -0.000000 0.939693
vn 0.342020 -0.000000 0.939693
vn 0.500000 -0.000000 0.866025
vn 0.500000 -0.000000 0.866025
vn 0.642788 -0.000000 0.766044
vn 0.642788 -0.000000 0.766044
vn 0.766044 -0.000000 0.642788
vn 0.766044 -0.000000 0.642788
vn 0.866025 -0.000000 0.500000
vn 0.866025 -0.000000 0.500000
vn 0.939693 -0.000000 0.342020
vn 0.939693 -0.000000 0.342020
vn 0.984808 -0.000000 0.173648
vn 0.984808 -0.000000 0.173648
vn 1.000000 -0.000000 0.000000
vn 1.000000 -0.000000 0.000000
vn 0.984808 -0.000000 -0.173648
vn 0.984808 -0.000000 -0.173648
vn 0.939693 -0.000000 -0.342020
vn 0.939693 -0.000000 -0.342020
vn 0.866025 -0.000000 -0.500000
vn 0.866025 -0.000000 -0.500000
vn 0.766044 -0.000000 -0.642788
vn 0.766044 -0.000000 -0.642788
vn 0.642788 -0.000000 -0.766044
vn 0.642788 -0.000000 -0.766044
vn 0.500000 -0.000000 -0.866025
vn 0.500000 -0.000000 -0.866025
vn 0.342020 -0.000000 -0.939693
vn 0.342020 -0.000000 -0.939693
vn 0.173648 -0.000000 -0.984808
vn 0.173648 -0.000000 -0.984808
vn 0.000000 -0.000000 -1.000000
vn 0.000000 -0.000000 -1.000000
vn -0.173648 -0.000000 -0.984808
vn -0.173648 -0.000000 -0.984808
vn -0.342020 0.000000 -0.939693
vn -0.342020 0.000000 -0.939693
vn -0.500000 0.000000 -0.866025
vn -0.500000 0.000000 -0.866025
vn -0.642788 0.000000 -0.766044
vn -0.642788 0.000000 -0.766044
vn -0.766044 0.000000 -0.642788
vn -0.766044 0.000000 -0.642788
vn -0.866025 0.000000 -0.500000
vn -0.866025 0.000000 -0.500000
vn -0.939693 0.000000 -0.342020
vn -0.939693 0.000000 -0.342020
vn -0.984808 0.000000 -0.173648
vn -0.984808 0.000000 -0.173648
vn -1.000000 0.000000 -0.000000
vn -1.000000 0.000000 -0.000000
vn -0.984808 0.000000 0.173648
vn -0.984808 0.000000 0.173648
vn -0.939693 0.000000 0.342020
vn -0.939693 0.000000 0.342020
vn -0.866025 0.000000 0.500000
vn -0.866025 0.000000 0.500000
vn -0.766044 0.000000 0.642788
vn -0.766044 0.000000 0.642788
vn -0.642788 0.000000 0.766044
vn -0.642788 0.000000 0.766044
vn -0.500000 0.000000 0.866025
vn -0.500000 0.000000 0.866025
vn -0.342020 0.000000 0.939693
vn -0.342020 0.000000 0.939693
vn 0.000000 1.000000 0.000000
vn 0.000000 1.000000 0.000000
vn 0.000000 1.000000 0.000000
vn 0.000000 1.000000 0.000000
vn 0.000000 1.000000 0.000000
vn 0.000000 1.000000 0.000000
vn 0.000000 1.000000 0.000000
vn 0.000000 1.000000 0.000000
vn 0.000000 1.000000 0.000000
vn 0.000000 1.000000 0.000000
vn 0.000000 1.000000 0.000000
vn 0.000000 1.000000 0.000000
vn 0.000000 1.000000 0.000000
vn 0.000000 1.000000 0.000000
vn 0.000000 1.000000 0.000000
vn 0.000000 1.000000 0.000000
vn 0.000000 1.000000 0.000000
vn 0.000000 1.000000 0.000000
vn 0.000000 1.000000 0.000000
vn 0.000000 1.000000 0.000000
vn 0.000000 1.000000 0.000000
vn 0.000000 1.000000 0.000000
vn 0.000000 1.000000 0.000000
vn 0.000000 1.000000 0.000000
vn 0.000000 1.000000 0.000000
vn 0.000000 1.000000 0.000000
vn 0.000000 1.000000 0.000000
vn 0.000000 1.000000 0.000000
vn 0.000000 1.000000 0.000000
vn 0.000000 1.000000 0.000000
vn 0.000000 1.000000 0.000000
vn 0.000000 1.000000 0.000000
vn 0.000000 1.000000 0.000000
vn 0.000000 1.000000 0.000000
vn 0.000000 1.000000 0.000000
vn 0.000000 1.000000 0.000000
vn -0.000000 -1.000000 -0.000000
vn -0.000000 -1.000000 -0.000000
vn -0.000000 -1.000000 -0.000000
vn -0.000000 -1.000000 -0.000000
vn -0.000000 -1.000000 -0.000000
vn -0.000000 -1.000000 -0.000000
vn -0.000000 -1.000000 -0.000000
vn -0.000000 -1.000000 -0.000000
vn -0.000000 -1.000000 -0.000000
vn -0.000000 -1.000000 -0.000000
vn -0.000000 -1.000000 -0.000000
vn -0.000000 -1.000000 -0.000000
vn -0.000000 -1.000000 -0.000000
vn -0.000000 -1.000000 -0.000000
vn -0.000000 -1.000000 -0.000000
vn -0.000000 -1.000000 -0.000000
vn -0.000000 -1.000000 -0.000000
vn -0.000000 -1.000000 -0.000000
vn -0.000000 -1.000000 -0.000000
vn -0.000000 -1.000000 -0.000000
vn -0.000000 -1.000000 -0.000000
vn -0.000000 -1.000000 -0.000000
vn -0.000000 -1.000000 -0.000000
vn -0.000000 -1.000000 -0.000000
vn -0.000000 -1.000000 -0.000000
vn -0.000000 -1.000000 -0.000000
vn -0.000000 -1.000000 -0.000000
vn -0.000000 -1.000000 -0.000000
vn -0.000000 -1.000000 -0.000000
vn -0.000000 -1.000000 -0.000000
vn -0.000000 -1.000000 -0.000000
vn -0.000000 -1.000000 -0.000000
vn -0.000000 -1.000000 -0.000000
vn -0.000000 -1.000000 -0.000000
vn -0.000000 -1.000000 -0.000000
vn -0.000000 -1.000000 -0.000000
usemtl ABS_(blanc)_1
f 2328/4767/4653 2398/4768/4654 2327/4769/4655
f 2327/4769/4655 2398/4768/4654 2363/4770/4656
f 2327/4771/4655 2363/4772/4656 2362/4773/4657
f 2362/4773/4657 2363/4772/4656 2364/4774/4658
f 2362/4773/4657 2364/4774/4658 2361/4775/4659
f 2361/4775/4659 2364/4774/4658 2365/4776/4660
f 2361/4775/4659 2365/4776/4660 2360/4777/4661
f 2360/4777/4661 2365/4776/4660 2366/4778/4662
f 2360/4777/4661 2366/4778/4662 2359/4779/4663
f 2359/4779/4663 2366/4778/4662 2367/4780/4664
f 2359/4779/4663 2367/4780/4664 2358/4781/4665
f 2358/4781/4665 2367/4780/4664 2368/4782/4666
f 2358/4781/4665 2368/4782/4666 2357/4783/4667
f 2357/4783/4667 2368/4782/4666 2369/4784/4668
f 2357/4783/4667 2369/4784/4668 2356/4785/4669
f 2356/4785/4669 2369/4784/4668 2370/4786/4670
f 2356/4785/4669 2370/4786/4670 2355/4787/4671
f 2355/4787/4671 2370/4786/4670 2371/4788/4672
f 2355/4787/4671 2371/4788/4672 2354/4789/4673
f 2354/4789/4673 2371/4788/4672 2372/4790/4674
f 2354/4789/4673 2372/4790/4674 2353/4791/4675
f 2353/4791/4675 2372/4790/4674 2373/4792/4676
f 2353/4791/4675 2373/4792/4676 2352/4793/4677
f 2352/4793/4677 2373/4792/4676 2374/4794/4678
f 2352/4793/4677 2374/4794/4678 2351/4795/4679
f 2351/4795/4679 2374/4794/4678 2375/4796/4680
f 2351/4795/4679 2375/4796/4680 2350/4797/4681
f 2350/4797/4681 2375/4796/4680 2376/4798/4682
f 2350/4797/4681 2376/4798/4682 2349/4799/4683
f 2349/4799/4683 2376/4798/4682 2377/4800/4684
f 2349/4799/4683 2377/4800/4684 2348/4801/4685
f 2348/4801/4685 2377/4800/4684 2378/4802/4686
f 2348/4801/4685 2378/4802/4686 2347/4803/4687
f 2347/4803/4687 2378/4802/4686 2379/4804/4688
f 2347/4803/4687 2379/4804/4688 2346/4805/4689
f 2346/4805/4689 2379/4804/4688 2380/4806/4690
f 2346/4805/4689 2380/4806/4690 2345/4807/4691
f 2345/4807/4691 2380/4806/4690 2381/4808/4692
f 2345/4807/4691 2381/4808/4692 2344/4809/4693
f 2344/4809/4693 2381/4808/4692 2382/4810/4694
f 2344/4809/4693 2382/4810/4694 2343/4811/4695
f 2343/4811/4695 2382/4810/4694 2383/4812/4696
f 2343/4811/4695 2383/4812/4696 2342/4813/4697
f 2342/4813/4697 2383/4812/4696 2384/4814/4698
f 2342/4813/4697 2384/4814/4698 2341/4815/4699
f 2341/4815/4699 2384/4814/4698 2385/4816/4700
f 2341/4815/4699 2385/4816/4700 2340/4817/4701
f 2340/4817/4701 2385/4816/4700 2386/4818/4702
f 2340/4817/4701 2386/4818/4702 2339/4819/4703
f 2339/4819/4703 2386/4818/4702 2387/4820/4704
f 2339/4819/4703 2387/4820/4704 2338/4821/4705
f 2338/4821/4705 2387/4820/4704 2388/4822/4706
f 2338/4821/4705 2388/4822/4706 2337/4823/4707
f 2337/4823/4707 2388/4822/4706 2389/4824/4708
f 2337/4823/4707 2389/4824/4708 2336/4825/4709
f 2336/4825/4709 2389/4824/4708 2390/4826/4710
f 2336/4825/4709 2390/4826/4710 2335/4827/4711
f 2335/4827/4711 2390/4826/4710 2391/4828/4712
f 2335/4827/4711 2391/4828/4712 2334/4829/4713
f 2334/4829/4713 2391/4828/4712 2392/4830/4714
f 2334/4829/4713 2392/4830/4714 2333/4831/4715
f 2333/4831/4715 2392/4830/4714 2393/4832/4716
f 2333/4831/4715 2393/4832/4716 2332/4833/4717
f 2332/4833/4717 2393/4832/4716 2394/4834/4718
f 2332/4833/4717 2394/4834/4718 2331/4835/4719
f 2331/4835/4719 2394/4834/4718 2395/4836/4720
f 2331/4835/4719 2395/4836/4720 2330/4837/4721
f 2330/4837/4721 2395/4836/4720 2396/4838/4722
f 2330/4837/4721 2396/4838/4722 2329/4839/4723
f 2329/4839/4723 2396/4838/4722 2397/4840/4724
f 2329/4839/4723 2397/4840/4724 2328/4767/4653
f 2328/4767/4653 2397/4840/4724 2398/4768/4654
f 2362/4841/4725 2346/4842/4726 2327/4843/4727
f 2327/4843/4727 2346/4842/4726 2345/4844/4728
f 2327/4843/4727 2345/4844/4728 2328/4845/4729
f 2328/4845/4729 2345/4844/4728 2344/4846/4730
f 2328/4845/4729 2344/4846/4730 2329/4847/4731
f 2329/4847/4731 2344/4846/4730 2343/4848/4732
f 2329/4847/4731 2343/4848/4732 2330/4849/4733
f 2330/4849/4733 2343/4848/4732 2342/4850/4734
f 2330/4849/4733 2342/4850/4734 2331/4851/4735
f 2331/4851/4735 2342/4850/4734 2341/4852/4736
f 2331/4851/4735 2341/4852/4736 2332/4853/4737
f 2332/4853/4737 2341/4852/4736 2340/4854/4738
f 2332/4853/4737 2340/4854/4738 2333/4855/4739
f 2333/4855/4739 2340/4854/4738 2339/4856/4740
f 2333/4855/4739 2339/4856/4740 2334/4857/4741
f 2334/4857/4741 2339/4856/4740 2338/4858/4742
f 2334/4857/4741 2338/4858/4742 2335/4859/4743
f 2335/4859/4743 2338/4858/4742 2337/4860/4744
f 2335/4859/4743 2337/4860/4744 2336/4861/4745
f 2346/4842/4726 2362/4841/4725 2347/4862/4746
f 2347/4862/4746 2362/4841/4725 2361/4863/4747
f 2347/4862/4746 2361/4863/4747 2348/4864/4748
f 2348/4864/4748 2361/4863/4747 2360/4865/4749
f 2348/4864/4748 2360/4865/4749 2349/4866/4750
f 2349/4866/4750 2360/4865/4749 2359/4867/4751
f 2349/4866/4750 2359/4867/4751 2350/4868/4752
f 2350/4868/4752 2359/4867/4751 2358/4869/4753
f 2350/4868/4752 2358/4869/4753 2351/4870/4754
f 2351/4870/4754 2358/4869/4753 2357/4871/4755
f 2351/4870/4754 2357/4871/4755 2352/4872/4756
f 2352/4872/4756 2357/4871/4755 2356/4873/4757
f 2352/4872/4756 2356/4873/4757 2353/4874/4758
f 2353/4874/4758 2356/4873/4757 2355/4875/4759
f 2353/4874/4758 2355/4875/4759 2354/4876/4760
f 2398/4877/4761 2382/4878/4762 2363/4879/4763
f 2363/4879/4763 2382/4878/4762 2381/4880/4764
f 2363/4879/4763 2381/4880/4764 2364/4881/4765
f 2364/4881/4765 2381/4880/4764 2380/4882/4766
f 2364/4881/4765 2380/4882/4766 2365/4883/4767
f 2365/4883/4767 2380/4882/4766 2379/4884/4768
f 2365/4883/4767 2379/4884/4768 2366/4885/4769
f 2366/4885/4769 2379/4884/4768 2378/4886/4770
f 2366/4885/4769 2378/4886/4770 2367/4887/4771
f 2367/4887/4771 2378/4886/4770 2377/4888/4772
f 2367/4887/4771 2377/4888/4772 2368/4889/4773
f 2368/4889/4773 2377/4888/4772 2376/4890/4774
f 2368/4889/4773 2376/4890/4774 2369/4891/4775
f 2369/4891/4775 2376/4890/4774 2375/4892/4776
f 2369/4891/4775 2375/4892/4776 2370/4893/4777
f 2370/4893/4777 2375/4892/4776 2374/4894/4778
f 2370/4893/4777 2374/4894/4778 2371/4895/4779
f 2371/4895/4779 2374/4894/4778 2373/4896/4780
f 2371/4895/4779 2373/4896/4780 2372/4897/4781
f 2382/4878/4762 2398/4877/4761 2383/4898/4782
f 2383/4898/4782 2398/4877/4761 2397/4899/4783
f 2383/4898/4782 2397/4899/4783 2384/4900/4784
f 2384/4900/4784 2397/4899/4783 2396/4901/4785
f 2384/4900/4784 2396/4901/4785 2385/4902/4786
f 2385/4902/4786 2396/4901/4785 2395/4903/4787
f 2385/4902/4786 2395/4903/4787 2386/4904/4788
f 2386/4904/4788 2395/4903/4787 2394/4905/4789
f 2386/4904/4788 2394/4905/4789 2387/4906/4790
f 2387/4906/4790 2394/4905/4789 2393/4907/4791
f 2387/4906/4790 2393/4907/4791 2388/4908/4792
f 2388/4908/4792 2393/4907/4791 2392/4909/4793
f 2388/4908/4792 2392/4909/4793 2389/4910/4794
f 2389/4910/4794 2392/4909/4793 2391/4911/4795
f 2389/4910/4794 2391/4911/4795 2390/4912/4796
g cablage

v 0.270000 5.361684 1.155000
v 0.970000 5.361684 1.155000
v 0.970000 5.036684 1.155000
v 0.270000 5.036684 1.155000
v 0.270000 5.361684 1.805000
v 0.270000 5.036684 1.805000
v 0.970000 5.361684 1.805000
v 0.970000 5.036684 1.805000
vt -0.000000 0.000000 0.000000
vt 0.700000 0.000000 0.000000
vt 0.000000 0.325000 0.000000
vt 0.700000 0.325000 0.000000
vt -0.000000 0.000000 0.000000
vt 0.650000 0.000000 0.000000
vt 0.000000 0.325000 0.000000
vt 0.650000 0.325000 0.000000
vt 0.000000 0.000000 0.000000
vt 0.700000 0.000000 0.000000
vt 0.000000 0.325000 0.000000
vt 0.700000 0.325000 0.000000
vt 0.000000 0.000000 0.000000
vt 0.650000 0.000000 0.000000
vt 0.000000 0.325000 0.000000
vt 0.650000 0.325000 0.000000
vt 0.350000 0.325000 0.000000
vt -0.350000 0.325000 0.000000
vt 0.350000 -0.325000 0.000000
vt -0.350000 -0.325000 0.000000
vt -0.325000 -0.350000 0.000000
vt 0.325000 -0.350000 0.000000
vt -0.325000 0.350000 0.000000
vt 0.325000 0.350000 0.000000
vn 0.000000 -0.000000 -1.000000
vn 0.000000 -0.000000 -1.000000
vn 0.000000 -0.000000 -1.000000
vn 0.000000 -0.000000 -1.000000
vn -1.000000 0.000000 -0.000000
vn -1.000000 0.000000 -0.000000
vn -1.000000 0.000000 -0.000000
vn -1.000000 0.000000 -0.000000
vn -0.000000 0.000000 1.000000
vn -0.000000 0.000000 1.000000
vn -0.000000 0.000000 1.000000
vn -0.000000 0.000000 1.000000
vn 1.000000 -0.000000 0.000000
vn 1.000000 -0.000000 0.000000
vn 1.000000 -0.000000 0.000000
vn 1.000000 -0.000000 0.000000
vn -0.000000 -1.000000 -0.000000
vn -0.000000 -1.000000 -0.000000
vn -0.000000 -1.000000 -0.000000
vn -0.000000 -1.000000 -0.000000
vn 0.000000 1.000000 0.000000
vn 0.000000 1.000000 0.000000
vn 0.000000 1.000000 0.000000
vn 0.000000 1.000000 0.000000
usemtl ABS_(blanc)_3
f 2399/4913/4797 2400/4914/4798 2402/4915/4799
f 2402/4915/4799 2400/4914/4798 2401/4916/4800
f 2403/4917/4801 2399/4918/4802 2404/4919/4803
f 2404/4919/4803 2399/4918/4802 2402/4920/4804
f 2405/4921/4805 2403/4922/4806 2406/4923/4807
f 2406/4923/4807 2403/4922/4806 2404/4924/4808
f 2400/4925/4809 2405/4926/4810 2401/4927/4811
f 2401/4927/4811 2405/4926/4810 2406/4928/4812
f 2406/4929/4813 2404/4930/4814 2401/4931/4815
f 2401/4931/4815 2404/4930/4814 2402/4932/4816
f 2405/4933/4817 2400/4934/4818 2403/4935/4819
f 2403/4935/4819 2400/4934/4818 2399/4936/4820
g Corps1:1

v 0.175000 4.691684 6.700000
v 0.175000 4.641684 6.650000
v 0.175000 4.641684 6.450000
v 0.175000 5.061684 6.450000
v 0.175000 5.061684 6.650000
v 0.175000 4.841684 6.650000
v 0.175000 4.841684 6.700000
v -0.225000 4.641684 6.650000
v -0.225000 4.641684 6.450000
v -0.225000 4.841684 6.650000
v -0.225000 4.841684 6.700000
v -0.225000 4.691684 6.700000
v -0.225000 5.061684 6.650000
v -0.225000 5.061684 6.450000
v 1.275000 5.061684 6.450000
v 1.300882 5.061684 6.446592
v 1.325000 5.061684 6.436602
v 1.345711 5.061684 6.420711
v 1.361603 5.061684 6.400000
v 1.371593 5.061684 6.375882
v 1.375000 5.061684 6.350000
v 1.375000 5.061684 3.450000
v 1.575000 5.061684 3.450000
v 1.575000 5.061684 6.350000
v 1.564778 5.061684 6.427646
v 1.534808 5.061684 6.500000
v 1.487132 5.061684 6.562132
v 1.425000 5.061684 6.609807
v 1.352646 5.061684 6.639778
v 1.275000 5.061684 6.650000
v -1.325000 5.061684 6.650000
v -1.402646 5.061684 6.639778
v -1.475000 5.061684 6.609807
v -1.537132 5.061684 6.562132
v -1.584808 5.061684 6.500000
v -1.614778 5.061684 6.427646
v -1.625000 5.061684 6.350000
v -1.625000 5.061684 3.450000
v -1.425000 5.061684 3.450000
v -1.425000 5.061684 6.350000
v -1.421593 5.061684 6.375882
v -1.411603 5.061684 6.400000
v -1.395711 5.061684 6.420711
v -1.375000 5.061684 6.436602
v -1.350882 5.061684 6.446592
v -1.325000 5.061684 6.450000
v 1.375000 6.161684 0.350000
v 1.371593 6.187566 0.350000
v 1.361603 6.211684 0.350000
v 1.345711 6.232395 0.350000
v 1.325000 6.248287 0.350000
v 1.300882 6.258277 0.350000
v 1.275000 6.261684 0.350000
v 1.275000 6.258277 0.324118
v 1.275000 6.248287 0.300000
v 1.275000 6.232395 0.279289
v 1.275000 6.211684 0.263397
v 1.275000 6.187566 0.253407
v 1.275000 6.161684 0.250000
v 1.300882 6.161684 0.253407
v 1.325000 6.161684 0.263397
v 1.345711 6.161684 0.279289
v 1.361603 6.161684 0.300000
v 1.371593 6.161684 0.324118
v 1.372047 6.180259 0.334609
v 1.366750 6.170137 0.311135
v 1.364032 6.201538 0.327976
v 1.358242 6.192725 0.304096
v 1.346780 6.181797 0.283343
v 1.330426 6.169497 0.267133
v 1.351242 6.221178 0.324551
v 1.344666 6.213572 0.300460
v 1.333343 6.202431 0.279744
v 1.318044 6.188512 0.263817
v 1.299811 6.172766 0.253762
v 1.334494 6.237927 0.324551
v 1.326888 6.231351 0.300460
v 1.315746 6.220027 0.279744
v 1.301828 6.204728 0.263817
v 1.286081 6.186495 0.253762
v 1.314854 6.250716 0.327976
v 1.306041 6.244927 0.304096
v 1.295112 6.233464 0.283343
v 1.282813 6.217110 0.267133
v 1.293574 6.258731 0.334609
v 1.283453 6.253435 0.311135
v 1.375000 6.161684 6.350000
v 1.371593 6.161684 6.375882
v 1.361603 6.161684 6.400000
v 1.345711 6.161684 6.420711
v 1.325000 6.161684 6.436602
v 1.300882 6.161684 6.446592
v 1.275000 6.161684 6.450000
v 1.275000 6.187566 6.446592
v 1.275000 6.211684 6.436602
v 1.275000 6.232395 6.420711
v 1.275000 6.248287 6.400000
v 1.275000 6.258277 6.375882
v 1.275000 6.261684 6.350000
v 1.300882 6.258277 6.350000
v 1.325000 6.248287 6.350000
v 1.345711 6.232395 6.350000
v 1.361603 6.211684 6.350000
v 1.371593 6.187566 6.350000
v 1.300449 6.237927 6.409493
v 1.324540 6.231351 6.401888
v 1.345255 6.220027 6.390746
v 1.361183 6.204728 6.376828
v 1.371237 6.186495 6.361081
v 1.371237 6.172766 6.374811
v 1.361183 6.188512 6.393043
v 1.345255 6.202431 6.408343
v 1.324540 6.213572 6.419666
v 1.300449 6.221178 6.426242
v 1.357867 6.169497 6.405426
v 1.341657 6.181797 6.421780
v 1.320904 6.192725 6.433242
v 1.297023 6.201538 6.439032
v 1.313864 6.170137 6.441750
v 1.290391 6.180259 6.447047
v 1.297023 6.250716 6.389853
v 1.320904 6.244927 6.381040
v 1.341657 6.233464 6.370112
v 1.357867 6.217110 6.357813
v 1.290391 6.258731 6.368574
v 1.313864 6.253435 6.358453
v -1.425000 6.161684 0.350000
v -1.421593 6.161684 0.324118
v -1.411603 6.161684 0.300000
v -1.395711 6.161684 0.279289
v -1.375000 6.161684 0.263397
v -1.350882 6.161684 0.253407
v -1.325000 6.161684 0.250000
v -1.325000 6.187566 0.253407
v -1.325000 6.211684 0.263397
v -1.325000 6.232395 0.279289
v -1.325000 6.248287 0.300000
v -1.325000 6.258277 0.324118
v -1.325000 6.261684 0.350000
v -1.350882 6.258277 0.350000
v -1.375000 6.248287 0.350000
v -1.395711 6.232395 0.350000
v -1.411603 6.211684 0.350000
v -1.421593 6.187566 0.350000
v -1.422047 6.177076 0.331425
v -1.416750 6.200549 0.341547
v -1.414032 6.183708 0.310146
v -1.408242 6.207589 0.318959
v -1.396780 6.228341 0.329888
v -1.380426 6.244551 0.342187
v -1.401242 6.187133 0.290506
v -1.394666 6.211224 0.298112
v -1.383343 6.231940 0.309253
v -1.368044 6.247867 0.323172
v -1.349811 6.257922 0.338919
v -1.384494 6.187133 0.273758
v -1.376888 6.211224 0.280333
v -1.365746 6.231940 0.291657
v -1.351828 6.247867 0.306956
v -1.336081 6.257922 0.325189
v -1.364854 6.183708 0.260968
v -1.356041 6.207589 0.266758
v -1.345112 6.228341 0.278220
v -1.332813 6.244551 0.294574
v -1.343574 6.177076 0.252953
v -1.333453 6.200549 0.258250
v -0.805000 6.258277 0.324118
v -0.285000 6.258277 0.324118
v 0.235000 6.258277 0.324118
v 0.755000 6.258277 0.324118
v -0.805000 6.248287 0.300000
v -0.285000 6.248287 0.300000
v 0.235000 6.248287 0.300000
v 0.755000 6.248287 0.300000
v -0.805000 6.232395 0.279289
v -0.285000 6.232395 0.279289
v 0.235000 6.232395 0.279289
v 0.755000 6.232395 0.279289
v -0.805000 6.211684 0.263397
v -0.285000 6.211684 0.263397
v 0.235000 6.211684 0.263397
v 0.755000 6.211684 0.263397
v -0.805000 6.187566 0.253407
v -0.285000 6.187566 0.253407
v 0.235000 6.187566 0.253407
v 0.755000 6.187566 0.253407
v -1.325000 6.161684 6.450000
v -1.350882 6.161684 6.446592
v -1.375000 6.161684 6.436602
v -1.395711 6.161684 6.420711
v -1.411603 6.161684 6.400000
v -1.421593 6.161684 6.375882
v -1.425000 6.161684 6.350000
v -1.421593 6.187566 6.350000
v -1.411603 6.211684 6.350000
v -1.395711 6.232395 6.350000
v -1.375000 6.248287 6.350000
v -1.350882 6.258277 6.350000
v -1.325000 6.261684 6.350000
v -1.325000 6.258277 6.375882
v -1.325000 6.248287 6.400000
v -1.325000 6.232395 6.420711
v -1.325000 6.211684 6.436602
v -1.325000 6.187566 6.446592
v -1.343574 6.177076 6.447047
v -1.333453 6.200549 6.441750
v -1.364854 6.183708 6.439032
v -1.356041 6.207589 6.433242
v -1.345112 6.228341 6.421780
v -1.332813 6.244551 6.405426
v -1.384494 6.187133 6.426242
v -1.376888 6.211224 6.419666
v -1.365746 6.231940 6.408343
v -1.351828 6.247867 6.393043
v -1.336081 6.257922 6.374811
v -1.401242 6.187133 6.409493
v -1.394666 6.211224 6.401888
v -1.383343 6.231940 6.390746
v -1.368044 6.247867 6.376828
v -1.349811 6.257922 6.361081
v -1.414032 6.183708 6.389853
v -1.408242 6.207589 6.381040
v -1.396780 6.228341 6.370112
v -1.380426 6.244551 6.357813
v -1.422047 6.177076 6.368574
v -1.416750 6.200549 6.358453
v -1.350882 6.258277 5.804545
v -1.350882 6.258277 5.259091
v -1.350882 6.258277 4.713636
v -1.350882 6.258277 4.168182
v -1.350882 6.258277 3.622727
v -1.350882 6.258277 3.077273
v -1.350882 6.258277 2.531818
v -1.350882 6.258277 1.986363
v -1.350882 6.258277 1.440909
v -1.350882 6.258277 0.895454
v -1.375000 6.248287 5.804545
v -1.375000 6.248287 5.259091
v -1.375000 6.248287 4.713636
v -1.375000 6.248287 4.168182
v -1.375000 6.248287 3.622727
v -1.375000 6.248287 3.077273
v -1.375000 6.248287 2.531818
v -1.375000 6.248287 1.986363
v -1.375000 6.248287 1.440909
v -1.375000 6.248287 0.895454
v -1.395711 6.232395 5.804545
v -1.395711 6.232395 5.259091
v -1.395711 6.232395 4.713636
v -1.395711 6.232395 4.168182
v -1.395711 6.232395 3.622727
v -1.395711 6.232395 3.077273
v -1.395711 6.232395 2.531818
v -1.395711 6.232395 1.986363
v -1.395711 6.232395 1.440909
v -1.395711 6.232395 0.895454
v -1.411603 6.211684 5.804545
v -1.411603 6.211684 5.259091
v -1.411603 6.211684 4.713636
v -1.411603 6.211684 4.168182
v -1.411603 6.211684 3.622727
v -1.411603 6.211684 3.077273
v -1.411603 6.211684 2.531818
v -1.411603 6.211684 1.986363
v -1.411603 6.211684 1.440909
v -1.411603 6.211684 0.895454
v -1.421593 6.187566 5.804545
v -1.421593 6.187566 5.259091
v -1.421593 6.187566 4.713636
v -1.421593 6.187566 4.168182
v -1.421593 6.187566 3.622727
v -1.421593 6.187566 3.077273
v -1.421593 6.187566 2.531818
v -1.421593 6.187566 1.986363
v -1.421593 6.187566 1.440909
v -1.421593 6.187566 0.895454
v 0.755000 6.258277 6.375882
v 0.235000 6.258277 6.375882
v -0.285000 6.258277 6.375882
v -0.805000 6.258277 6.375882
v 0.755000 6.248287 6.400000
v 0.235000 6.248287 6.400000
v -0.285000 6.248287 6.400000
v -0.805000 6.248287 6.400000
v 0.755000 6.232395 6.420711
v 0.235000 6.232395 6.420711
v -0.285000 6.232395 6.420711
v -0.805000 6.232395 6.420711
v 0.755000 6.211684 6.436602
v 0.235000 6.211684 6.436602
v -0.285000 6.211684 6.436602
v -0.805000 6.211684 6.436602
v 0.755000 6.187566 6.446592
v 0.235000 6.187566 6.446592
v -0.285000 6.187566 6.446592
v -0.805000 6.187566 6.446592
v -1.350882 5.611684 6.446592
v -1.375000 5.611684 6.436602
v -1.395711 5.611684 6.420711
v -1.411603 5.611684 6.400000
v -1.421593 5.611684 6.375882
v -1.425000 5.061684 0.350000
v -1.421593 5.061684 0.324118
v -1.411603 5.061684 0.300000
v -1.395711 5.061684 0.279289
v -1.375000 5.061684 0.263397
v -1.350882 5.061684 0.253407
v -1.325000 5.061684 0.250000
v -1.421593 5.611684 0.324118
v -1.411603 5.611684 0.300000
v -1.395711 5.611684 0.279289
v -1.375000 5.611684 0.263397
v -1.350882 5.611684 0.253407
v 1.300882 6.258277 0.895454
v 1.300882 6.258277 1.440909
v 1.300882 6.258277 1.986363
v 1.300882 6.258277 2.531818
v 1.300882 6.258277 3.077273
v 1.300882 6.258277 3.622727
v 1.300882 6.258277 4.168182
v 1.300882 6.258277 4.713636
v 1.300882 6.258277 5.259091
v 1.300882 6.258277 5.804545
v 1.325000 6.248287 0.895454
v 1.325000 6.248287 1.440909
v 1.325000 6.248287 1.986363
v 1.325000 6.248287 2.531818
v 1.325000 6.248287 3.077273
v 1.325000 6.248287 3.622727
v 1.325000 6.248287 4.168182
v 1.325000 6.248287 4.713636
v 1.325000 6.248287 5.259091
v 1.325000 6.248287 5.804545
v 1.345711 6.232395 0.895454
v 1.345711 6.232395 1.440909
v 1.345711 6.232395 1.986363
v 1.345711 6.232395 2.531818
v 1.345711 6.232395 3.077273
v 1.345711 6.232395 3.622727
v 1.345711 6.232395 4.168182
v 1.345711 6.232395 4.713636
v 1.345711 6.232395 5.259091
v 1.345711 6.232395 5.804545
v 1.361603 6.211684 0.895454
v 1.361603 6.211684 1.440909
v 1.361603 6.211684 1.986363
v 1.361603 6.211684 2.531818
v 1.361603 6.211684 3.077273
v 1.361603 6.211684 3.622727
v 1.361603 6.211684 4.168182
v 1.361603 6.211684 4.713636
v 1.361603 6.211684 5.259091
v 1.361603 6.211684 5.804545
v 1.371593 6.187566 0.895454
v 1.371593 6.187566 1.440909
v 1.371593 6.187566 1.986363
v 1.371593 6.187566 2.531818
v 1.371593 6.187566 3.077273
v 1.371593 6.187566 3.622727
v 1.371593 6.187566 4.168182
v 1.371593 6.187566 4.713636
v 1.371593 6.187566 5.259091
v 1.371593 6.187566 5.804545
v 1.371593 5.611684 6.375882
v 1.361603 5.611684 6.400000
v 1.345711 5.611684 6.420711
v 1.325000 5.611684 6.436602
v 1.300882 5.611684 6.446592
v 1.275000 5.061684 0.250000
v 1.300882 5.061684 0.253407
v 1.325000 5.061684 0.263397
v 1.345711 5.061684 0.279289
v 1.361603 5.061684 0.300000
v 1.371593 5.061684 0.324118
v 1.375000 5.061684 0.350000
v 1.300882 5.611684 0.253407
v 1.325000 5.611684 0.263397
v 1.345711 5.611684 0.279289
v 1.361603 5.611684 0.300000
v 1.371593 5.611684 0.324118
v 1.375000 5.061684 3.050000
v 1.375000 4.641684 3.050000
v 1.375000 4.641684 3.450000
v 0.525000 6.261684 2.600000
v 0.698205 6.261684 2.500000
v 0.698205 6.261684 2.300000
v 0.525000 6.261684 2.200000
v 0.351795 6.261684 2.300000
v 0.351795 6.261684 2.500000
v -0.675000 6.261684 1.300000
v -0.501795 6.261684 1.200000
v -0.501795 6.261684 1.000000
v -0.675000 6.261684 0.900000
v -0.848205 6.261684 1.000000
v -0.848205 6.261684 1.200000
v -0.675000 6.261684 1.950000
v -0.501795 6.261684 1.850000
v -0.501795 6.261684 1.650000
v -0.675000 6.261684 1.550000
v -0.848205 6.261684 1.650000
v -0.848205 6.261684 1.850000
v -0.075000 6.261684 2.600000
v 0.098205 6.261684 2.500000
v 0.098205 6.261684 2.300000
v -0.075000 6.261684 2.200000
v -0.248205 6.261684 2.300000
v -0.248205 6.261684 2.500000
v 0.525000 6.261684 1.950000
v 0.698205 6.261684 1.850000
v 0.698205 6.261684 1.650000
v 0.525000 6.261684 1.550000
v 0.351795 6.261684 1.650000
v 0.351795 6.261684 1.850000
v -0.075000 6.261684 1.300000
v 0.098205 6.261684 1.200000
v 0.098205 6.261684 1.000000
v -0.075000 6.261684 0.900000
v -0.248205 6.261684 1.000000
v -0.248205 6.261684 1.200000
v -0.848205 6.261684 2.500000
v -0.675000 6.261684 2.600000
v -0.501795 6.261684 2.500000
v -0.501795 6.261684 2.300000
v -0.675000 6.261684 2.200000
v -0.848205 6.261684 2.300000
v -0.075000 6.261684 1.950000
v 0.098205 6.261684 1.850000
v 0.098205 6.261684 1.650000
v -0.075000 6.261684 1.550000
v -0.248205 6.261684 1.650000
v -0.248205 6.261684 1.850000
v 0.525000 6.261684 1.300000
v 0.698205 6.261684 1.200000
v 0.698205 6.261684 1.000000
v 0.525000 6.261684 0.900000
v 0.351795 6.261684 1.000000
v 0.351795 6.261684 1.200000
v 0.015000 6.261684 2.850000
v -0.114410 6.261684 2.867037
v -0.235000 6.261684 2.916987
v -0.338553 6.261684 2.996446
v -0.418013 6.261684 3.100000
v -0.467963 6.261684 3.220590
v -0.485000 6.261684 3.350000
v -0.467963 6.261684 3.479409
v -0.418013 6.261684 3.600000
v -0.338553 6.261684 3.703553
v -0.235000 6.261684 3.783013
v -0.114410 6.261684 3.832963
v 0.015000 6.261684 3.850000
v 0.144410 6.261684 3.832963
v 0.265000 6.261684 3.783013
v 0.368553 6.261684 3.703553
v 0.448013 6.261684 3.600000
v 0.497963 6.261684 3.479409
v 0.515000 6.261684 3.350000
v 0.497963 6.261684 3.220590
v 0.448013 6.261684 3.100000
v 0.368553 6.261684 2.996446
v 0.265000 6.261684 2.916987
v 0.144410 6.261684 2.867037
v 0.015000 6.261684 4.200000
v -0.153232 6.261684 4.222148
v -0.310000 6.261684 4.287083
v -0.444619 6.261684 4.390380
v -0.547917 6.261684 4.525000
v -0.612852 6.261684 4.681767
v -0.635000 6.261684 4.850000
v -0.612852 6.261684 5.018232
v -0.547917 6.261684 5.175000
v -0.444619 6.261684 5.309619
v -0.310000 6.261684 5.412916
v -0.153232 6.261684 5.477852
v 0.015000 6.261684 5.500000
v 0.183232 6.261684 5.477852
v 0.340000 6.261684 5.412916
v 0.474619 6.261684 5.309619
v 0.577917 6.261684 5.175000
v 0.642852 6.261684 5.018232
v 0.665000 6.261684 4.850000
v 0.642852 6.261684 4.681767
v 0.577917 6.261684 4.525000
v 0.474619 6.261684 4.390380
v 0.340000 6.261684 4.287083
v 0.183232 6.261684 4.222148
v 1.275000 6.461684 6.350000
v 1.275000 6.451462 6.427646
v 1.275000 6.421492 6.500000
v 1.275000 6.373816 6.562132
v 1.275000 6.311684 6.609807
v 1.275000 6.239330 6.639778
v 1.275000 6.161684 6.650000
v 1.352646 6.161684 6.639778
v 1.425000 6.161684 6.609807
v 1.487132 6.161684 6.562132
v 1.534808 6.161684 6.500000
v 1.564778 6.161684 6.427646
v 1.575000 6.161684 6.350000
v 1.564778 6.239330 6.350000
v 1.534808 6.311684 6.350000
v 1.487132 6.373816 6.350000
v 1.425000 6.421492 6.350000
v 1.352646 6.451462 6.350000
v 1.566141 6.217408 6.396174
v 1.300359 6.436935 6.466593
v 1.330723 6.452825 6.396174
v 1.298439 6.327963 6.598600
v 1.335336 6.377025 6.549970
v 1.368122 6.411411 6.487712
v 1.394561 6.428780 6.416070
v 1.308244 6.236117 6.638712
v 1.355484 6.290815 6.608549
v 1.397239 6.336713 6.560766
v 1.430664 6.370684 6.498620
v 1.453481 6.390411 6.426346
v 1.349432 6.194928 6.638712
v 1.404131 6.242168 6.608549
v 1.450029 6.283924 6.560766
v 1.483999 6.317349 6.498620
v 1.503727 6.340165 6.426346
v 1.441278 6.185124 6.598600
v 1.490340 6.222021 6.549970
v 1.524727 6.254806 6.487712
v 1.542095 6.281245 6.416070
v 1.550251 6.187043 6.466593
v 1.275000 6.461684 0.350000
v 1.352646 6.451462 0.350000
v 1.425000 6.421492 0.350000
v 1.487132 6.373816 0.350000
v 1.534808 6.311684 0.350000
v 1.564778 6.239330 0.350000
v 1.575000 6.161684 0.350000
v 1.564778 6.161684 0.272354
v 1.534808 6.161684 0.200000
v 1.487132 6.161684 0.137868
v 1.425000 6.161684 0.090192
v 1.352646 6.161684 0.060222
v 1.275000 6.161684 0.050000
v 1.275000 6.239330 0.060222
v 1.275000 6.311684 0.090192
v 1.275000 6.373816 0.137868
v 1.275000 6.421492 0.200000
v 1.275000 6.451462 0.272354
v 1.330723 6.452825 0.303826
v 1.300359 6.436935 0.233407
v 1.394561 6.428780 0.283930
v 1.368122 6.411411 0.212287
v 1.335336 6.377025 0.150030
v 1.298439 6.327963 0.101399
v 1.453481 6.390411 0.273654
v 1.430664 6.370684 0.201380
v 1.397239 6.336713 0.139234
v 1.355484 6.290815 0.091451
v 1.308244 6.236117 0.061288
v 1.503727 6.340165 0.273654
v 1.483999 6.317349 0.201380
v 1.450029 6.283924 0.139234
v 1.404131 6.242168 0.091451
v 1.349432 6.194928 0.061288
v 1.542095 6.281245 0.283930
v 1.524727 6.254806 0.212287
v 1.490340 6.222021 0.150030
v 1.441278 6.185124 0.101399
v 1.566141 6.217408 0.303826
v 1.550251 6.187043 0.233407
v 1.575000 5.061684 0.350000
v 1.564778 5.061684 0.272354
v 1.534808 5.061684 0.200000
v 1.487132 5.061684 0.137868
v 1.425000 5.061684 0.090192
v 1.352646 5.061684 0.060222
v 1.275000 5.061684 0.050000
v -1.325000 6.461684 6.350000
v -1.402646 6.451462 6.350000
v -1.475000 6.421492 6.350000
v -1.537132 6.373816 6.350000
v -1.584808 6.311684 6.350000
v -1.614778 6.239330 6.350000
v -1.625000 6.161684 6.350000
v -1.614778 6.161684 6.427646
v -1.584808 6.161684 6.500000
v -1.537132 6.161684 6.562132
v -1.475000 6.161684 6.609807
v -1.402646 6.161684 6.639778
v -1.325000 6.161684 6.650000
v -1.325000 6.239330 6.639778
v -1.325000 6.311684 6.609807
v -1.325000 6.373816 6.562132
v -1.325000 6.421492 6.500000
v -1.325000 6.451462 6.427646
v -1.503481 6.238030 6.578727
v -1.480664 6.310304 6.558999
v -1.447239 6.372451 6.525029
v -1.405484 6.420233 6.479131
v -1.358244 6.450396 6.424432
v -1.399432 6.450396 6.383244
v -1.454131 6.420233 6.430484
v -1.500029 6.372451 6.472239
v -1.533999 6.310304 6.505664
v -1.553727 6.238030 6.528481
v -1.491278 6.410285 6.373439
v -1.540340 6.361655 6.410336
v -1.574727 6.299397 6.443122
v -1.592095 6.227754 6.469561
v -1.600251 6.278278 6.375359
v -1.616141 6.207858 6.405723
v -1.444561 6.227754 6.617095
v -1.418122 6.299397 6.599727
v -1.385336 6.361655 6.565340
v -1.348439 6.410285 6.516278
v -1.380723 6.207858 6.641141
v -1.350359 6.278278 6.625251
v -0.025000 6.239330 6.639778
v -0.025000 6.311684 6.609807
v -0.025000 6.373816 6.562132
v -0.025000 6.421492 6.500000
v -0.025000 6.451462 6.427646
v -1.325000 6.461684 0.350000
v -1.325000 6.451462 0.272354
v -1.325000 6.421492 0.200000
v -1.325000 6.373816 0.137868
v -1.325000 6.311684 0.090192
v -1.325000 6.239330 0.060222
v -1.325000 6.161684 0.050000
v -1.402646 6.161684 0.060222
v -1.475000 6.161684 0.090192
v -1.537132 6.161684 0.137868
v -1.584808 6.161684 0.200000
v -1.614778 6.161684 0.272354
v -1.625000 6.161684 0.350000
v -1.614778 6.239330 0.350000
v -1.584808 6.311684 0.350000
v -1.537132 6.373816 0.350000
v -1.475000 6.421492 0.350000
v -1.402646 6.451462 0.350000
v -1.553727 6.238030 0.171519
v -1.533999 6.310304 0.194336
v -1.500029 6.372451 0.227761
v -1.454131 6.420233 0.269516
v -1.399432 6.450396 0.316756
v -1.358244 6.450396 0.275567
v -1.405484 6.420233 0.220869
v -1.447239 6.372451 0.174971
v -1.480664 6.310304 0.141000
v -1.503481 6.238030 0.121273
v -1.348439 6.410285 0.183722
v -1.385336 6.361655 0.134660
v -1.418122 6.299397 0.100273
v -1.444561 6.227754 0.082904
v -1.350359 6.278278 0.074749
v -1.380723 6.207858 0.058859
v -1.592095 6.227754 0.230439
v -1.574727 6.299397 0.256878
v -1.540340 6.361655 0.289663
v -1.491278 6.410285 0.326561
v -1.616141 6.207858 0.294277
v -1.600251 6.278278 0.324641
v -1.325000 5.061684 0.050000
v -1.402646 5.061684 0.060222
v -1.475000 5.061684 0.090192
v -1.537132 5.061684 0.137868
v -1.584808 5.061684 0.200000
v -1.614778 5.061684 0.272354
v -1.625000 5.061684 0.350000
v -1.614778 6.239330 4.850000
v -1.614778 6.239330 3.350000
v -1.614778 6.239330 1.850000
v -1.584808 6.311684 4.850000
v -1.584808 6.311684 3.350000
v -1.584808 6.311684 1.850000
v -1.537132 6.373816 4.850000
v -1.537132 6.373816 3.350000
v -1.537132 6.373816 1.850000
v -1.475000 6.421492 4.850000
v -1.475000 6.421492 3.350000
v -1.475000 6.421492 1.850000
v -1.402646 6.451462 4.850000
v -1.402646 6.451462 3.350000
v -1.402646 6.451462 1.850000
v -0.025000 6.239330 0.060222
v -0.025000 6.311684 0.090192
v -0.025000 6.373816 0.137868
v -0.025000 6.421492 0.200000
v -0.025000 6.451462 0.272354
v 1.564778 6.239330 1.850000
v 1.564778 6.239330 3.350000
v 1.564778 6.239330 4.850000
v 1.534808 6.311684 1.850000
v 1.534808 6.311684 3.350000
v 1.534808 6.311684 4.850000
v 1.487132 6.373816 1.850000
v 1.487132 6.373816 3.350000
v 1.487132 6.373816 4.850000
v 1.425000 6.421492 1.850000
v 1.425000 6.421492 3.350000
v 1.425000 6.421492 4.850000
v 1.352646 6.451462 1.850000
v 1.352646 6.451462 3.350000
v 1.352646 6.451462 4.850000
v -1.625000 5.061684 3.050000
v -1.625000 4.841684 3.050000
v -1.625000 4.841684 3.450000
v -0.325000 5.061684 0.050000
v -0.325000 5.061684 0.250000
v -1.425000 5.061684 3.050000
v 0.698205 6.461684 2.500000
v 0.525000 6.461684 2.600000
v 0.351795 6.461684 2.500000
v 0.351795 6.461684 2.300000
v 0.525000 6.461684 2.200000
v 0.698205 6.461684 2.300000
v -0.501795 6.461684 1.200000
v -0.675000 6.461684 1.300000
v -0.848205 6.461684 1.200000
v -0.848205 6.461684 1.000000
v -0.675000 6.461684 0.900000
v -0.501795 6.461684 1.000000
v -0.501795 6.461684 1.850000
v -0.675000 6.461684 1.950000
v -0.848205 6.461684 1.850000
v -0.848205 6.461684 1.650000
v -0.675000 6.461684 1.550000
v -0.501795 6.461684 1.650000
v 0.098205 6.461684 2.500000
v -0.075000 6.461684 2.600000
v -0.248205 6.461684 2.500000
v -0.248205 6.461684 2.300000
v -0.075000 6.461684 2.200000
v 0.098205 6.461684 2.300000
v 0.698205 6.461684 1.850000
v 0.525000 6.461684 1.950000
v 0.351795 6.461684 1.850000
v 0.351795 6.461684 1.650000
v 0.525000 6.461684 1.550000
v 0.698205 6.461684 1.650000
v 0.098205 6.461684 1.200000
v -0.075000 6.461684 1.300000
v -0.248205 6.461684 1.200000
v -0.248205 6.461684 1.000000
v -0.075000 6.461684 0.900000
v 0.098205 6.461684 1.000000
v -0.675000 6.461684 2.600000
v -0.848205 6.461684 2.500000
v -0.848205 6.461684 2.300000
v -0.675000 6.461684 2.200000
v -0.501795 6.461684 2.300000
v -0.501795 6.461684 2.500000
v 0.098205 6.461684 1.850000
v -0.075000 6.461684 1.950000
v -0.248205 6.461684 1.850000
v -0.248205 6.461684 1.650000
v -0.075000 6.461684 1.550000
v 0.098205 6.461684 1.650000
v 0.698205 6.461684 1.200000
v 0.525000 6.461684 1.300000
v 0.351795 6.461684 1.200000
v 0.351795 6.461684 1.000000
v 0.525000 6.461684 0.900000
v 0.698205 6.461684 1.000000
v 0.015000 6.461684 2.850000
v 0.144410 6.461684 2.867037
v 0.265000 6.461684 2.916987
v 0.368553 6.461684 2.996446
v 0.448013 6.461684 3.100000
v 0.497963 6.461684 3.220590
v 0.515000 6.461684 3.350000
v 0.497963 6.461684 3.479409
v 0.448013 6.461684 3.600000
v 0.368553 6.461684 3.703553
v 0.265000 6.461684 3.783013
v 0.144410 6.461684 3.832963
v 0.015000 6.461684 3.850000
v -0.114410 6.461684 3.832963
v -0.235000 6.461684 3.783013
v -0.338553 6.461684 3.703553
v -0.418013 6.461684 3.600000
v -0.467963 6.461684 3.479409
v -0.485000 6.461684 3.350000
v -0.467963 6.461684 3.220590
v -0.418013 6.461684 3.100000
v -0.338553 6.461684 2.996446
v -0.235000 6.461684 2.916987
v -0.114410 6.461684 2.867037
v 0.015000 6.461684 4.200000
v 0.183232 6.461684 4.222148
v 0.340000 6.461684 4.287083
v 0.474619 6.461684 4.390380
v 0.577917 6.461684 4.525000
v 0.642852 6.461684 4.681767
v 0.665000 6.461684 4.850000
v 0.642852 6.461684 5.018232
v 0.577917 6.461684 5.175000
v 0.474619 6.461684 5.309619
v 0.340000 6.461684 5.412916
v 0.183232 6.461684 5.477852
v 0.015000 6.461684 5.500000
v -0.153232 6.461684 5.477852
v -0.310000 6.461684 5.412916
v -0.444619 6.461684 5.309619
v -0.547917 6.461684 5.175000
v -0.612852 6.461684 5.018232
v -0.635000 6.461684 4.850000
v -0.612852 6.461684 4.681767
v -0.547917 6.461684 4.525000
v -0.444619 6.461684 4.390380
v -0.310000 6.461684 4.287083
v -0.153232 6.461684 4.222148
v -0.325000 5.761684 0.050000
v 1.175000 5.761684 0.050000
v 1.175000 5.761684 0.250000
v -0.325000 5.761684 0.250000
v 1.175000 5.061684 0.050000
v 1.175000 5.061684 0.250000
v 1.575000 5.061684 3.050000
v -1.675000 4.691684 3.450000
v -1.625000 4.641684 3.450000
v -1.425000 4.641684 3.450000
v -1.675000 4.841684 3.450000
v -1.625000 4.641684 3.050000
v -1.425000 4.641684 3.050000
v -1.675000 4.841684 3.050000
v -1.675000 4.691684 3.050000
v 1.575000 4.641684 3.450000
v 1.625000 4.691684 3.450000
v 1.625000 4.841684 3.450000
v 1.575000 4.841684 3.450000
v 1.575000 4.641684 3.050000
v 1.625000 4.691684 3.050000
v 1.625000 4.841684 3.050000
v 1.575000 4.841684 3.050000
vt 0.125000 0.010000 0.000000
vt 0.125000 0.160000 0.000000
vt 0.075000 0.010000 0.000000
vt 0.075000 0.210000 0.000000
vt -0.125000 0.210000 0.000000
vt -0.125000 -0.210000 0.000000
vt 0.075000 -0.210000 0.000000
vt 0.200000 0.200000 0.000000
vt 0.000000 0.200000 0.000000
vt 0.200000 -0.200000 0.000000
vt 0.000000 -0.200000 0.000000
vt 0.050000 0.200000 0.000000
vt 0.000000 0.200000 0.000000
vt 0.050000 -0.200000 0.000000
vt 0.000000 -0.200000 0.000000
vt 0.150000 0.200000 0.000000
vt 0.000000 0.200000 0.000000
vt 0.150000 -0.200000 0.000000
vt 0.000000 -0.200000 0.000000
vt 0.070711 0.200000 0.000000
vt 0.000000 0.200000 0.000000
vt 0.070711 -0.200000 0.000000
vt 0.000000 -0.200000 0.000000
vt 0.125000 0.210000 0.000000
vt -0.075000 0.210000 0.000000
vt -0.075000 0.010000 0.000000
vt -0.125000 0.160000 0.000000
vt -0.125000 0.010000 0.000000
vt -0.075000 -0.210000 0.000000
vt 0.125000 -0.210000 0.000000
vt 0.200000 3.300000 0.000000
vt 0.200000 3.100000 0.000000
vt 1.300000 3.300000 0.000000
vt 1.300000 3.100000 0.000000
vt 1.325882 3.096593 0.000000
vt 1.377646 3.289778 0.000000
vt 1.350000 3.086603 0.000000
vt 1.370711 3.070711 0.000000
vt 1.450000 3.259808 0.000000
vt 1.386603 3.050000 0.000000
vt 1.396593 3.025882 0.000000
vt 1.512132 3.212132 0.000000
vt 1.400000 3.000000 0.000000
vt 1.559808 3.150000 0.000000
vt 1.589778 3.077646 0.000000
vt 1.600000 3.000000 0.000000
vt 1.600000 0.100000 0.000000
vt 1.400000 0.100000 0.000000
vt -0.200000 3.300000 0.000000
vt -1.300000 3.300000 0.000000
vt -0.200000 3.100000 0.000000
vt -1.300000 3.100000 0.000000
vt -1.325882 3.096593 0.000000
vt -1.377646 3.289778 0.000000
vt -1.350000 3.086603 0.000000
vt -1.370711 3.070711 0.000000
vt -1.450000 3.259808 0.000000
vt -1.386603 3.050000 0.000000
vt -1.396593 3.025882 0.000000
vt -1.512132 3.212132 0.000000
vt -1.400000 3.000000 0.000000
vt -1.559808 3.150000 0.000000
vt -1.589778 3.077646 0.000000
vt -1.600000 3.000000 0.000000
vt -1.400000 0.100000 0.000000
vt -1.600000 0.100000 0.000000
vt -0.018405 0.075701 0.000000
vt -0.042053 0.087332 0.000000
vt -0.035368 0.062380 0.000000
vt -0.052360 0.060662 0.000000
vt -0.035368 0.037428 0.000000
vt -0.059159 0.031253 0.000000
vt -0.035368 0.012476 0.000000
vt -0.061548 -0.000000 0.000000
vt -0.035368 -0.012476 0.000000
vt -0.059159 -0.031253 0.000000
vt -0.035368 -0.037428 0.000000
vt -0.052360 -0.060662 0.000000
vt -0.035368 -0.062380 0.000000
vt -0.042053 -0.087332 0.000000
vt -0.018405 -0.075701 0.000000
vt -0.009188 -0.062380 0.000000
vt 0.005472 -0.065071 0.000000
vt -0.009188 -0.037428 0.000000
vt 0.016992 -0.037428 0.000000
vt -0.009188 -0.012476 0.000000
vt 0.016992 -0.012476 0.000000
vt -0.009188 0.012476 0.000000
vt 0.016992 0.012476 0.000000
vt -0.009188 0.037428 0.000000
vt 0.016992 0.037428 0.000000
vt 0.005472 0.065071 0.000000
vt 0.029284 0.054155 0.000000
vt 0.043172 0.037428 0.000000
vt 0.052705 0.041536 0.000000
vt 0.043172 0.012476 0.000000
vt 0.069352 0.012476 0.000000
vt 0.069352 -0.012476 0.000000
vt 0.095532 0.000000 0.000000
vt 0.075188 -0.024961 0.000000
vt 0.052705 -0.041536 0.000000
vt 0.043172 -0.012476 0.000000
vt 0.043172 -0.037428 0.000000
vt 0.029284 -0.054155 0.000000
vt 0.075188 0.024961 0.000000
vt -0.009188 0.062380 0.000000
vt -0.075188 -0.024961 0.000000
vt -0.069352 -0.012476 0.000000
vt -0.095532 -0.000000 0.000000
vt -0.069352 0.012476 0.000000
vt -0.075188 0.024961 0.000000
vt -0.052705 0.041536 0.000000
vt -0.043172 0.012476 0.000000
vt -0.043172 0.037428 0.000000
vt -0.016992 0.012476 0.000000
vt -0.016992 0.037428 0.000000
vt 0.009188 0.012476 0.000000
vt 0.009188 0.037428 0.000000
vt 0.035368 0.012476 0.000000
vt 0.035368 0.037428 0.000000
vt 0.059159 0.031253 0.000000
vt 0.052360 0.060662 0.000000
vt -0.052705 -0.041536 0.000000
vt -0.043172 -0.012476 0.000000
vt -0.043172 -0.037428 0.000000
vt -0.029284 -0.054155 0.000000
vt -0.016992 -0.037428 0.000000
vt -0.005472 -0.065071 0.000000
vt 0.009188 -0.037428 0.000000
vt 0.009188 -0.062380 0.000000
vt 0.035368 -0.062380 0.000000
vt 0.018405 -0.075701 0.000000
vt 0.042053 -0.087332 0.000000
vt 0.052360 -0.060662 0.000000
vt 0.035368 -0.037428 0.000000
vt 0.009188 -0.012476 0.000000
vt -0.016992 -0.012476 0.000000
vt 0.059159 -0.031253 0.000000
vt 0.035368 -0.012476 0.000000
vt 0.061548 0.000000 0.000000
vt 0.035368 0.062380 0.000000
vt 0.042053 0.087332 0.000000
vt 0.018405 0.075701 0.000000
vt 0.009188 0.062380 0.000000
vt -0.005472 0.065071 0.000000
vt -0.029284 0.054155 0.000000
vt -0.018405 0.075701 0.000000
vt -0.042053 0.087332 0.000000
vt -0.035368 0.062380 0.000000
vt -0.052360 0.060662 0.000000
vt -0.035368 0.037428 0.000000
vt -0.059159 0.031253 0.000000
vt -0.035368 0.012476 0.000000
vt -0.061548 -0.000000 0.000000
vt -0.035368 -0.012476 0.000000
vt -0.059159 -0.031253 0.000000
vt -0.035368 -0.037428 0.000000
vt -0.052360 -0.060662 0.000000
vt -0.035368 -0.062380 0.000000
vt -0.042053 -0.087332 0.000000
vt -0.018405 -0.075701 0.000000
vt -0.009188 -0.062380 0.000000
vt 0.005472 -0.065071 0.000000
vt -0.009188 -0.037428 0.000000
vt 0.016992 -0.037428 0.000000
vt -0.009188 -0.012476 0.000000
vt 0.016992 -0.012476 0.000000
vt -0.009188 0.012476 0.000000
vt 0.016992 0.012476 0.000000
vt -0.009188 0.037428 0.000000
vt 0.016992 0.037428 0.000000
vt 0.005472 0.065071 0.000000
vt 0.029284 0.054155 0.000000
vt 0.043172 0.037428 0.000000
vt 0.052705 0.041536 0.000000
vt 0.043172 0.012476 0.000000
vt 0.069352 0.012476 0.000000
vt 0.069352 -0.012476 0.000000
vt 0.095532 -0.000000 0.000000
vt 0.075188 -0.024961 0.000000
vt 0.052705 -0.041536 0.000000
vt 0.043172 -0.012476 0.000000
vt 0.043172 -0.037428 0.000000
vt 0.029284 -0.054155 0.000000
vt 0.075188 0.024961 0.000000
vt -0.009188 0.062380 0.000000
vt 2.000000 -0.052360 0.000000
vt 1.480000 -0.052360 0.000000
vt 2.000000 -0.078540 0.000000
vt 0.960000 -0.052360 0.000000
vt 0.440000 -0.052360 0.000000
vt 0.440000 -0.026180 0.000000
vt -0.080000 -0.026180 0.000000
vt -0.080000 0.000000 0.000000
vt -0.600000 0.000000 0.000000
vt -0.600000 0.026180 0.000000
vt -0.080000 0.026180 0.000000
vt -0.600000 0.052360 0.000000
vt -0.080000 0.052360 0.000000
vt -0.600000 0.078540 0.000000
vt 0.440000 0.052360 0.000000
vt 0.960000 0.052360 0.000000
vt 0.960000 0.026180 0.000000
vt 1.480000 0.026180 0.000000
vt 1.480000 0.000000 0.000000
vt 2.000000 0.000000 0.000000
vt 2.000000 -0.026180 0.000000
vt 1.480000 -0.026180 0.000000
vt 2.000000 0.026180 0.000000
vt 1.480000 0.052360 0.000000
vt 2.000000 0.078540 0.000000
vt 2.000000 0.052360 0.000000
vt -0.600000 -0.026180 0.000000
vt -0.080000 -0.052360 0.000000
vt -0.600000 -0.078540 0.000000
vt -0.600000 -0.052360 0.000000
vt 0.960000 -0.026180 0.000000
vt 0.960000 0.000000 0.000000
vt 0.440000 0.000000 0.000000
vt 0.440000 0.026180 0.000000
vt -0.018405 0.075701 0.000000
vt -0.042053 0.087332 0.000000
vt -0.035368 0.062380 0.000000
vt -0.052360 0.060662 0.000000
vt -0.035368 0.037428 0.000000
vt -0.059159 0.031253 0.000000
vt -0.035368 0.012476 0.000000
vt -0.061548 0.000000 0.000000
vt -0.035368 -0.012476 0.000000
vt -0.059159 -0.031253 0.000000
vt -0.035368 -0.037428 0.000000
vt -0.052360 -0.060662 0.000000
vt -0.035368 -0.062380 0.000000
vt -0.042053 -0.087332 0.000000
vt -0.018405 -0.075701 0.000000
vt -0.009188 -0.062380 0.000000
vt 0.005472 -0.065071 0.000000
vt -0.009188 -0.037428 0.000000
vt 0.016992 -0.037428 0.000000
vt -0.009188 -0.012476 0.000000
vt 0.016992 -0.012476 0.000000
vt -0.009188 0.012476 0.000000
vt 0.016992 0.012476 0.000000
vt -0.009188 0.037428 0.000000
vt 0.016992 0.037428 0.000000
vt 0.005472 0.065071 0.000000
vt 0.029284 0.054155 0.000000
vt 0.043172 0.037428 0.000000
vt 0.052705 0.041536 0.000000
vt 0.043172 0.012476 0.000000
vt 0.069352 0.012476 0.000000
vt 0.069352 -0.012476 0.000000
vt 0.095532 -0.000000 0.000000
vt 0.075188 -0.024961 0.000000
vt 0.052705 -0.041536 0.000000
vt 0.043172 -0.012476 0.000000
vt 0.043172 -0.037428 0.000000
vt 0.029284 -0.054155 0.000000
vt 0.075188 0.024961 0.000000
vt -0.009188 0.062380 0.000000
vt 4.550000 -0.052360 0.000000
vt 4.004545 -0.052360 0.000000
vt 4.550000 -0.078540 0.000000
vt 3.459091 -0.052360 0.000000
vt 2.913636 -0.052360 0.000000
vt 2.913636 -0.026180 0.000000
vt 2.368182 -0.026180 0.000000
vt 2.368182 -0.000000 0.000000
vt 1.822727 -0.000000 0.000000
vt 1.822727 0.026180 0.000000
vt 1.277273 0.026180 0.000000
vt 1.277273 0.052360 0.000000
vt 0.731818 0.052360 0.000000
vt -1.450000 0.078540 0.000000
vt 0.186364 0.052360 0.000000
vt -0.359091 0.052360 0.000000
vt 0.186364 0.026180 0.000000
vt -0.359091 0.026180 0.000000
vt 0.186364 -0.000000 0.000000
vt -0.359091 -0.000000 0.000000
vt 0.186364 -0.026180 0.000000
vt -0.359091 -0.026180 0.000000
vt 0.186364 -0.052360 0.000000
vt -0.359091 -0.052360 0.000000
vt -1.450000 -0.078540 0.000000
vt -0.904545 -0.052360 0.000000
vt -1.450000 -0.052360 0.000000
vt -1.450000 -0.026180 0.000000
vt -0.904545 -0.026180 0.000000
vt -1.450000 -0.000000 0.000000
vt -0.904545 -0.000000 0.000000
vt -1.450000 0.026180 0.000000
vt -0.904545 0.026180 0.000000
vt -1.450000 0.052360 0.000000
vt -0.904545 0.052360 0.000000
vt 4.004545 -0.026180 0.000000
vt 4.550000 -0.026180 0.000000
vt 4.004545 -0.000000 0.000000
vt 4.550000 -0.000000 0.000000
vt 4.004545 0.026180 0.000000
vt 4.550000 0.026180 0.000000
vt 4.004545 0.052360 0.000000
vt 4.550000 0.052360 0.000000
vt 4.550000 0.078540 0.000000
vt 1.822727 0.052360 0.000000
vt 2.368182 0.052360 0.000000
vt 2.913636 0.052360 0.000000
vt 2.913636 0.026180 0.000000
vt 3.459091 0.026180 0.000000
vt 3.459091 -0.000000 0.000000
vt 1.277273 -0.052360 0.000000
vt 0.731818 -0.052360 0.000000
vt 3.459091 -0.026180 0.000000
vt 2.368182 -0.052360 0.000000
vt 1.822727 -0.052360 0.000000
vt 1.277273 -0.026180 0.000000
vt 0.731818 -0.026180 0.000000
vt 0.731818 -0.000000 0.000000
vt 1.822727 -0.026180 0.000000
vt 2.913636 -0.000000 0.000000
vt 2.368182 0.026180 0.000000
vt 1.277273 -0.000000 0.000000
vt 0.731818 0.026180 0.000000
vt 3.459091 0.052360 0.000000
vt 2.000000 -0.052360 0.000000
vt 1.480000 -0.052360 0.000000
vt 2.000000 -0.078540 0.000000
vt 0.960000 -0.052360 0.000000
vt 0.440000 -0.052360 0.000000
vt 0.440000 -0.026180 0.000000
vt -0.080000 -0.026180 0.000000
vt -0.080000 -0.000000 0.000000
vt -0.600000 -0.000000 0.000000
vt -0.600000 0.026180 0.000000
vt -0.080000 0.026180 0.000000
vt -0.600000 0.052360 0.000000
vt -0.080000 0.052360 0.000000
vt -0.600000 0.078540 0.000000
vt 0.440000 0.052360 0.000000
vt 0.960000 0.052360 0.000000
vt 0.960000 0.026180 0.000000
vt 1.480000 0.026180 0.000000
vt 1.480000 -0.000000 0.000000
vt 2.000000 -0.000000 0.000000
vt 2.000000 -0.026180 0.000000
vt 1.480000 -0.026180 0.000000
vt 2.000000 0.026180 0.000000
vt 1.480000 0.052360 0.000000
vt 2.000000 0.078540 0.000000
vt 2.000000 0.052360 0.000000
vt -0.600000 -0.026180 0.000000
vt -0.080000 -0.052360 0.000000
vt -0.600000 -0.078540 0.000000
vt -0.600000 -0.052360 0.000000
vt 0.960000 -0.026180 0.000000
vt 0.960000 -0.000000 0.000000
vt 0.440000 -0.000000 0.000000
vt 0.440000 0.026180 0.000000
vt 0.100000 -0.078540 0.000000
vt 1.200000 -0.078540 0.000000
vt 0.650000 -0.052360 0.000000
vt 1.200000 -0.052360 0.000000
vt 0.650000 -0.026180 0.000000
vt 1.200000 -0.026180 0.000000
vt 0.650000 0.000000 0.000000
vt 1.200000 0.000000 0.000000
vt 0.650000 0.026180 0.000000
vt 1.200000 0.026180 0.000000
vt 0.650000 0.052360 0.000000
vt 1.200000 0.052360 0.000000
vt 1.200000 0.078540 0.000000
vt 0.100000 0.078540 0.000000
vt 0.100000 0.052360 0.000000
vt 0.100000 0.026180 0.000000
vt 0.100000 -0.000000 0.000000
vt 0.100000 -0.026180 0.000000
vt 0.100000 -0.052360 0.000000
vt 0.100000 -0.078540 0.000000
vt 1.200000 -0.078540 0.000000
vt 0.650000 -0.052360 0.000000
vt 1.200000 -0.052360 0.000000
vt 0.650000 -0.026180 0.000000
vt 1.200000 -0.026180 0.000000
vt 0.650000 0.000000 0.000000
vt 1.200000 0.000000 0.000000
vt 0.650000 0.026180 0.000000
vt 1.200000 0.026180 0.000000
vt 0.650000 0.052360 0.000000
vt 1.200000 0.052360 0.000000
vt 1.200000 0.078540 0.000000
vt 0.100000 0.078540 0.000000
vt 0.100000 0.052360 0.000000
vt 0.100000 0.026180 0.000000
vt 0.100000 0.000000 0.000000
vt 0.100000 -0.026180 0.000000
vt 0.100000 -0.052360 0.000000
vt 4.550000 -0.052360 0.000000
vt 4.004545 -0.052360 0.000000
vt 4.550000 -0.078540 0.000000
vt 3.459091 -0.052360 0.000000
vt 2.913636 -0.052360 0.000000
vt 2.913636 -0.026180 0.000000
vt 2.368182 -0.026180 0.000000
vt 2.368182 -0.000000 0.000000
vt 1.822727 -0.000000 0.000000
vt 1.822727 0.026180 0.000000
vt 1.277273 0.026180 0.000000
vt 1.277273 0.052360 0.000000
vt 0.731818 0.052360 0.000000
vt -1.450000 0.078540 0.000000
vt 0.186364 0.052360 0.000000
vt -0.359091 0.052360 0.000000
vt 0.186364 0.026180 0.000000
vt -0.359091 0.026180 0.000000
vt 0.186364 -0.000000 0.000000
vt -0.359091 -0.000000 0.000000
vt 0.186364 -0.026180 0.000000
vt -0.359091 -0.026180 0.000000
vt 0.186364 -0.052360 0.000000
vt -0.359091 -0.052360 0.000000
vt -1.450000 -0.078540 0.000000
vt -0.904545 -0.052360 0.000000
vt -1.450000 -0.052360 0.000000
vt -1.450000 -0.026180 0.000000
vt -0.904545 -0.026180 0.000000
vt -1.450000 -0.000000 0.000000
vt -0.904545 -0.000000 0.000000
vt -1.450000 0.026180 0.000000
vt -0.904545 0.026180 0.000000
vt -1.450000 0.052360 0.000000
vt -0.904545 0.052360 0.000000
vt 4.004545 -0.026180 0.000000
vt 4.550000 -0.026180 0.000000
vt 4.004545 -0.000000 0.000000
vt 4.550000 -0.000000 0.000000
vt 4.004545 0.026180 0.000000
vt 4.550000 0.026180 0.000000
vt 4.004545 0.052360 0.000000
vt 4.550000 0.052360 0.000000
vt 4.550000 0.078540 0.000000
vt 1.822727 0.052360 0.000000
vt 2.368182 0.052360 0.000000
vt 2.913636 0.052360 0.000000
vt 2.913636 0.026180 0.000000
vt 3.459091 0.026180 0.000000
vt 3.459091 -0.000000 0.000000
vt 1.277273 -0.052360 0.000000
vt 0.731818 -0.052360 0.000000
vt 3.459091 -0.026180 0.000000
vt 2.368182 -0.052360 0.000000
vt 1.822727 -0.052360 0.000000
vt 1.277273 -0.026180 0.000000
vt 0.731818 -0.026180 0.000000
vt 0.731818 -0.000000 0.000000
vt 1.822727 -0.026180 0.000000
vt 2.913636 -0.000000 0.000000
vt 2.368182 0.026180 0.000000
vt 1.277273 -0.000000 0.000000
vt 0.731818 0.026180 0.000000
vt 3.459091 0.052360 0.000000
vt 0.100000 -0.078540 0.000000
vt 1.200000 -0.078540 0.000000
vt 0.650000 -0.052360 0.000000
vt 1.200000 -0.052360 0.000000
vt 0.650000 -0.026180 0.000000
vt 1.200000 -0.026180 0.000000
vt 0.650000 0.000000 0.000000
vt 1.200000 0.000000 0.000000
vt 0.650000 0.026180 0.000000
vt 1.200000 0.026180 0.000000
vt 0.650000 0.052360 0.000000
vt 1.200000 0.052360 0.000000
vt 1.200000 0.078540 0.000000
vt 0.100000 0.078540 0.000000
vt 0.100000 0.052360 0.000000
vt 0.100000 0.026180 0.000000
vt 0.100000 0.000000 0.000000
vt 0.100000 -0.026180 0.000000
vt 0.100000 -0.052360 0.000000
vt 0.100000 -0.078540 0.000000
vt 1.200000 -0.078540 0.000000
vt 0.650000 -0.052360 0.000000
vt 1.200000 -0.052360 0.000000
vt 0.650000 -0.026180 0.000000
vt 1.200000 -0.026180 0.000000
vt 0.650000 0.000000 0.000000
vt 1.200000 0.000000 0.000000
vt 0.650000 0.026180 0.000000
vt 1.200000 0.026180 0.000000
vt 0.650000 0.052360 0.000000
vt 1.200000 0.052360 0.000000
vt 1.200000 0.078540 0.000000
vt 0.100000 0.078540 0.000000
vt 0.100000 0.052360 0.000000
vt 0.100000 0.026180 0.000000
vt 0.100000 0.000000 0.000000
vt 0.100000 -0.026180 0.000000
vt 0.100000 -0.052360 0.000000
vt 0.100000 1.200000 0.000000
vt 0.100000 0.100000 0.000000
vt 1.200000 1.200000 0.000000
vt 2.700000 0.100000 0.000000
vt 1.600000 1.200000 0.000000
vt 2.700000 1.200000 0.000000
vt 1.600000 1.620000 0.000000
vt 1.200000 1.620000 0.000000
vt 0.100000 1.200000 0.000000
vt 0.100000 0.100000 0.000000
vt 3.000000 1.200000 0.000000
vt 6.100000 0.100000 0.000000
vt 3.400000 1.200000 0.000000
vt 6.100000 1.200000 0.000000
vt 3.400000 1.620000 0.000000
vt 3.000000 1.620000 0.000000
vt -0.850000 -0.723205 0.000000
vt -0.129410 -0.522963 0.000000
vt -0.750000 -0.550000 0.000000
vt -0.250000 -0.473013 0.000000
vt -0.353553 -0.393553 0.000000
vt -1.050000 -0.723205 0.000000
vt -3.000000 -1.300000 0.000000
vt 3.000000 -1.300000 0.000000
vt 1.331768 -0.667852 0.000000
vt 1.500000 -0.690000 0.000000
vt 1.668232 -0.667852 0.000000
vt 1.825000 -0.602917 0.000000
vt 1.959619 -0.499619 0.000000
vt 2.062917 -0.365000 0.000000
vt 2.127852 -0.208232 0.000000
vt 2.150000 -0.040000 0.000000
vt 3.000000 1.300000 0.000000
vt 2.127852 0.128232 0.000000
vt 2.062917 0.285000 0.000000
vt 1.959619 0.419619 0.000000
vt 1.825000 0.522917 0.000000
vt 1.668232 0.587852 0.000000
vt 1.500000 0.610000 0.000000
vt -0.850000 0.823205 0.000000
vt 1.331768 0.587852 0.000000
vt 0.000000 0.460000 0.000000
vt 0.129410 0.442963 0.000000
vt -1.150000 -0.550000 0.000000
vt -1.400000 -0.550000 0.000000
vt -1.500000 -0.723205 0.000000
vt -1.700000 -0.723205 0.000000
vt -2.150000 -0.723205 0.000000
vt -2.050000 -0.550000 0.000000
vt -1.800000 -0.550000 0.000000
vt -2.150000 -0.376795 0.000000
vt -1.700000 -0.376795 0.000000
vt -2.150000 -0.123205 0.000000
vt -1.700000 -0.123205 0.000000
vt -2.050000 0.050000 0.000000
vt -1.800000 0.050000 0.000000
vt -2.150000 0.223205 0.000000
vt -1.700000 0.223205 0.000000
vt -2.150000 0.476795 0.000000
vt -1.700000 0.476795 0.000000
vt -2.050000 0.650000 0.000000
vt -1.800000 0.650000 0.000000
vt -2.150000 0.823205 0.000000
vt -1.700000 0.823205 0.000000
vt -3.000000 1.300000 0.000000
vt -1.500000 0.823205 0.000000
vt -1.050000 0.823205 0.000000
vt -1.150000 0.650000 0.000000
vt -1.400000 0.650000 0.000000
vt -1.050000 0.476795 0.000000
vt -1.500000 0.476795 0.000000
vt -1.050000 0.223205 0.000000
vt -1.500000 0.223205 0.000000
vt -1.150000 0.050000 0.000000
vt -1.400000 0.050000 0.000000
vt -1.050000 -0.123205 0.000000
vt -1.500000 -0.123205 0.000000
vt -1.050000 -0.376795 0.000000
vt -1.500000 -0.376795 0.000000
vt -0.850000 -0.376795 0.000000
vt -0.850000 -0.123205 0.000000
vt -0.482963 -0.169410 0.000000
vt -0.500000 -0.040000 0.000000
vt -0.433013 -0.290000 0.000000
vt -2.350000 0.476795 0.000000
vt -2.350000 0.223205 0.000000
vt -2.450000 0.050000 0.000000
vt -2.450000 0.650000 0.000000
vt -2.350000 0.823205 0.000000
vt -0.750000 0.050000 0.000000
vt -0.482963 0.089410 0.000000
vt -0.850000 0.223205 0.000000
vt -0.433013 0.210000 0.000000
vt -0.353553 0.313553 0.000000
vt -0.850000 0.476795 0.000000
vt -0.250000 0.393013 0.000000
vt -2.350000 -0.123205 0.000000
vt -2.350000 -0.376795 0.000000
vt -2.450000 -0.550000 0.000000
vt -2.350000 -0.723205 0.000000
vt -0.750000 0.650000 0.000000
vt -0.129410 0.442963 0.000000
vt 1.175000 0.522917 0.000000
vt 0.250000 0.393013 0.000000
vt 1.040381 0.419619 0.000000
vt 0.353553 0.313553 0.000000
vt 0.937083 0.285000 0.000000
vt 0.433013 0.210000 0.000000
vt 0.872148 0.128232 0.000000
vt 0.482963 0.089410 0.000000
vt 0.850000 -0.040000 0.000000
vt 0.500000 -0.040000 0.000000
vt 0.482963 -0.169410 0.000000
vt 0.872148 -0.208232 0.000000
vt 0.433013 -0.290000 0.000000
vt 0.937083 -0.365000 0.000000
vt 0.353553 -0.393553 0.000000
vt 1.040381 -0.499619 0.000000
vt 0.250000 -0.473013 0.000000
vt 1.175000 -0.602917 0.000000
vt 0.129410 -0.522963 0.000000
vt 0.000000 -0.540000 0.000000
vt -0.157080 -0.181985 0.000000
vt -0.126160 -0.261995 0.000000
vt -0.106104 -0.187139 0.000000
vt -0.055215 -0.227102 0.000000
vt -0.027564 -0.187139 0.000000
vt 0.016417 -0.195213 0.000000
vt -0.027564 -0.112284 0.000000
vt 0.050976 -0.112284 0.000000
vt -0.027564 -0.037428 0.000000
vt 0.050976 -0.037428 0.000000
vt -0.027564 0.037428 0.000000
vt 0.050976 0.037428 0.000000
vt -0.027564 0.112284 0.000000
vt 0.050976 0.112284 0.000000
vt 0.016417 0.195213 0.000000
vt 0.087853 0.162466 0.000000
vt 0.129515 0.112284 0.000000
vt 0.158114 0.124608 0.000000
vt 0.129515 0.037428 0.000000
vt 0.208055 0.037428 0.000000
vt 0.208055 -0.037428 0.000000
vt 0.286595 0.000000 0.000000
vt 0.225564 -0.074884 0.000000
vt 0.158114 -0.124608 0.000000
vt 0.129515 -0.037428 0.000000
vt 0.129515 -0.112284 0.000000
vt 0.087853 -0.162466 0.000000
vt 0.225564 0.074884 0.000000
vt -0.027564 0.187139 0.000000
vt -0.055215 0.227102 0.000000
vt -0.106104 0.187139 0.000000
vt -0.126160 0.261995 0.000000
vt -0.157080 0.181985 0.000000
vt -0.106104 0.112284 0.000000
vt -0.177476 0.093759 0.000000
vt -0.106104 0.037428 0.000000
vt -0.184644 0.000000 0.000000
vt -0.106104 -0.037428 0.000000
vt -0.177476 -0.093759 0.000000
vt -0.106104 -0.112284 0.000000
vt 0.100000 -0.235619 0.000000
vt 1.200000 -0.235619 0.000000
vt 0.100000 -0.157080 0.000000
vt 1.200000 -0.157080 0.000000
vt 0.100000 -0.078540 0.000000
vt 1.200000 -0.078540 0.000000
vt 0.100000 0.000000 0.000000
vt 1.200000 0.000000 0.000000
vt 0.100000 0.078540 0.000000
vt 1.200000 0.078540 0.000000
vt 0.100000 0.157080 0.000000
vt 1.200000 0.157080 0.000000
vt 0.100000 0.235619 0.000000
vt 1.200000 0.235619 0.000000
vt 0.055215 -0.227102 0.000000
vt 0.126160 -0.261995 0.000000
vt 0.106104 -0.187139 0.000000
vt 0.157080 -0.181985 0.000000
vt 0.106104 -0.112284 0.000000
vt 0.177476 -0.093759 0.000000
vt 0.106104 -0.037428 0.000000
vt 0.184644 0.000000 0.000000
vt 0.106104 0.037428 0.000000
vt 0.177476 0.093759 0.000000
vt 0.106104 0.112284 0.000000
vt 0.157080 0.181985 0.000000
vt 0.106104 0.187139 0.000000
vt 0.126160 0.261995 0.000000
vt 0.055215 0.227102 0.000000
vt 0.027564 0.187139 0.000000
vt -0.016417 0.195213 0.000000
vt 0.027564 0.112284 0.000000
vt -0.050976 0.112284 0.000000
vt 0.027564 0.037428 0.000000
vt -0.050976 0.037428 0.000000
vt 0.027564 -0.037428 0.000000
vt -0.050976 -0.037428 0.000000
vt 0.027564 -0.112284 0.000000
vt -0.050976 -0.112284 0.000000
vt -0.016417 -0.195213 0.000000
vt -0.087853 -0.162466 0.000000
vt -0.129515 -0.112284 0.000000
vt -0.158114 -0.124608 0.000000
vt -0.129515 -0.037428 0.000000
vt -0.208055 -0.037428 0.000000
vt -0.208055 0.037428 0.000000
vt -0.286595 0.000000 0.000000
vt -0.225564 0.074884 0.000000
vt -0.158114 0.124608 0.000000
vt -0.129515 0.037428 0.000000
vt -0.129515 0.112284 0.000000
vt -0.087853 0.162466 0.000000
vt -0.225564 -0.074884 0.000000
vt 0.027564 -0.187139 0.000000
vt -0.100000 0.235619 0.000000
vt -1.200000 0.235619 0.000000
vt -0.100000 0.157080 0.000000
vt -1.200000 0.157080 0.000000
vt -0.100000 0.078540 0.000000
vt -1.200000 0.078540 0.000000
vt -0.100000 0.000000 0.000000
vt -1.200000 0.000000 0.000000
vt -0.100000 -0.078540 0.000000
vt -1.200000 -0.078540 0.000000
vt -0.100000 -0.157080 0.000000
vt -1.200000 -0.157080 0.000000
vt -0.100000 -0.235619 0.000000
vt -1.200000 -0.235619 0.000000
vt -0.225564 -0.074884 0.000000
vt -0.208055 -0.037428 0.000000
vt -0.286595 0.000000 0.000000
vt -0.208055 0.037428 0.000000
vt -0.225564 0.074884 0.000000
vt -0.158114 0.124608 0.000000
vt -0.129515 0.037428 0.000000
vt -0.129515 0.112284 0.000000
vt -0.050976 0.037428 0.000000
vt -0.050976 0.112284 0.000000
vt 0.027564 0.037428 0.000000
vt 0.027564 0.112284 0.000000
vt 0.106104 0.037428 0.000000
vt 0.106104 0.112284 0.000000
vt 0.177476 0.093759 0.000000
vt 0.157080 0.181985 0.000000
vt -0.158114 -0.124608 0.000000
vt -0.129515 -0.037428 0.000000
vt -0.129515 -0.112284 0.000000
vt -0.087853 -0.162466 0.000000
vt -0.050976 -0.112284 0.000000
vt -0.016417 -0.195213 0.000000
vt 0.027564 -0.112284 0.000000
vt 0.027564 -0.187139 0.000000
vt 0.106104 -0.187139 0.000000
vt 0.055215 -0.227102 0.000000
vt 0.126160 -0.261995 0.000000
vt 0.157080 -0.181985 0.000000
vt 0.106104 -0.112284 0.000000
vt 0.027564 -0.037428 0.000000
vt -0.050976 -0.037428 0.000000
vt 0.177476 -0.093759 0.000000
vt 0.106104 -0.037428 0.000000
vt 0.184644 0.000000 0.000000
vt 0.106104 0.187139 0.000000
vt 0.126160 0.261995 0.000000
vt 0.055215 0.227102 0.000000
vt 0.027564 0.187139 0.000000
vt -0.016417 0.195213 0.000000
vt -0.087853 0.162466 0.000000
vt -0.100000 0.235619 0.000000
vt -1.200000 0.235619 0.000000
vt -0.100000 0.157080 0.000000
vt -1.200000 0.157080 0.000000
vt -0.100000 0.078540 0.000000
vt -1.200000 0.078540 0.000000
vt -0.100000 0.000000 0.000000
vt -1.200000 0.000000 0.000000
vt -0.100000 -0.078540 0.000000
vt -1.200000 -0.078540 0.000000
vt -0.100000 -0.157080 0.000000
vt -1.200000 -0.157080 0.000000
vt -0.100000 -0.235619 0.000000
vt -1.200000 -0.235619 0.000000
vt 2.100000 0.235619 0.000000
vt -0.500000 0.235619 0.000000
vt 0.800000 0.157080 0.000000
vt -0.500000 0.157080 0.000000
vt 0.800000 0.078540 0.000000
vt -0.500000 0.078540 0.000000
vt 0.800000 -0.000000 0.000000
vt -0.500000 0.000000 0.000000
vt 0.800000 -0.078540 0.000000
vt -0.500000 -0.078540 0.000000
vt 0.800000 -0.157080 0.000000
vt -0.500000 -0.157080 0.000000
vt -0.500000 -0.235619 0.000000
vt 2.100000 -0.235619 0.000000
vt 2.100000 -0.157080 0.000000
vt 2.100000 -0.078540 0.000000
vt 2.100000 -0.000000 0.000000
vt 2.100000 0.078540 0.000000
vt 2.100000 0.157080 0.000000
vt -0.225564 -0.074884 0.000000
vt -0.208055 -0.037428 0.000000
vt -0.286595 0.000000 0.000000
vt -0.208055 0.037428 0.000000
vt -0.225564 0.074884 0.000000
vt -0.158114 0.124608 0.000000
vt -0.129515 0.037428 0.000000
vt -0.129515 0.112284 0.000000
vt -0.050976 0.037428 0.000000
vt -0.050976 0.112284 0.000000
vt 0.027564 0.037428 0.000000
vt 0.027564 0.112284 0.000000
vt 0.106104 0.037428 0.000000
vt 0.106104 0.112284 0.000000
vt 0.177476 0.093759 0.000000
vt 0.157080 0.181985 0.000000
vt -0.158114 -0.124608 0.000000
vt -0.129515 -0.037428 0.000000
vt -0.129515 -0.112284 0.000000
vt -0.087853 -0.162466 0.000000
vt -0.050976 -0.112284 0.000000
vt -0.016417 -0.195213 0.000000
vt 0.027564 -0.112284 0.000000
vt 0.027564 -0.187139 0.000000
vt 0.106104 -0.187139 0.000000
vt 0.055215 -0.227102 0.000000
vt 0.126160 -0.261995 0.000000
vt 0.157080 -0.181985 0.000000
vt 0.106104 -0.112284 0.000000
vt 0.027564 -0.037428 0.000000
vt -0.050976 -0.037428 0.000000
vt 0.177476 -0.093759 0.000000
vt 0.106104 -0.037428 0.000000
vt 0.184644 -0.000000 0.000000
vt 0.106104 0.187139 0.000000
vt 0.126160 0.261995 0.000000
vt 0.055215 0.227102 0.000000
vt 0.027564 0.187139 0.000000
vt -0.016417 0.195213 0.000000
vt -0.087853 0.162466 0.000000
vt -0.100000 0.235619 0.000000
vt -1.200000 0.235619 0.000000
vt -0.100000 0.157080 0.000000
vt -1.200000 0.157080 0.000000
vt -0.100000 0.078540 0.000000
vt -1.200000 0.078540 0.000000
vt -0.100000 -0.000000 0.000000
vt -1.200000 0.000000 0.000000
vt -0.100000 -0.078540 0.000000
vt -1.200000 -0.078540 0.000000
vt -0.100000 -0.157080 0.000000
vt -1.200000 -0.157080 0.000000
vt -0.100000 -0.235619 0.000000
vt -1.200000 -0.235619 0.000000
vt -1.350000 0.157080 0.000000
vt 0.150000 0.157080 0.000000
vt -1.350000 0.235619 0.000000
vt 1.650000 0.157080 0.000000
vt 4.650000 0.235619 0.000000
vt 3.150000 0.157080 0.000000
vt 4.650000 0.157080 0.000000
vt 4.650000 0.078540 0.000000
vt 3.150000 0.078540 0.000000
vt 4.650000 0.000000 0.000000
vt 3.150000 0.000000 0.000000
vt 4.650000 -0.078540 0.000000
vt 3.150000 -0.078540 0.000000
vt 4.650000 -0.157080 0.000000
vt 3.150000 -0.157080 0.000000
vt 4.650000 -0.235619 0.000000
vt 1.650000 -0.157080 0.000000
vt -1.350000 -0.235619 0.000000
vt 0.150000 -0.157080 0.000000
vt -1.350000 -0.157080 0.000000
vt -1.350000 -0.078540 0.000000
vt 0.150000 -0.078540 0.000000
vt -1.350000 0.000000 0.000000
vt 0.150000 0.000000 0.000000
vt -1.350000 0.078540 0.000000
vt 0.150000 0.078540 0.000000
vt 1.650000 0.078540 0.000000
vt 1.650000 0.000000 0.000000
vt 1.650000 -0.078540 0.000000
vt 2.100000 0.235619 0.000000
vt -0.500000 0.235619 0.000000
vt 0.800000 0.157080 0.000000
vt -0.500000 0.157080 0.000000
vt 0.800000 0.078540 0.000000
vt -0.500000 0.078540 0.000000
vt 0.800000 -0.000000 0.000000
vt -0.500000 -0.000000 0.000000
vt 0.800000 -0.078540 0.000000
vt -0.500000 -0.078540 0.000000
vt 0.800000 -0.157080 0.000000
vt -0.500000 -0.157080 0.000000
vt -0.500000 -0.235619 0.000000
vt 2.100000 -0.235619 0.000000
vt 2.100000 -0.157080 0.000000
vt 2.100000 -0.078540 0.000000
vt 2.100000 -0.000000 0.000000
vt 2.100000 0.078540 0.000000
vt 2.100000 0.157080 0.000000
vt -1.350000 0.157080 0.000000
vt 0.150000 0.157080 0.000000
vt -1.350000 0.235619 0.000000
vt 1.650000 0.157080 0.000000
vt 4.650000 0.235619 0.000000
vt 3.150000 0.157080 0.000000
vt 4.650000 0.157080 0.000000
vt 4.650000 0.078540 0.000000
vt 3.150000 0.078540 0.000000
vt 4.650000 0.000000 0.000000
vt 3.150000 0.000000 0.000000
vt 4.650000 -0.078540 0.000000
vt 3.150000 -0.078540 0.000000
vt 4.650000 -0.157080 0.000000
vt 3.150000 -0.157080 0.000000
vt 4.650000 -0.235619 0.000000
vt 1.650000 -0.157080 0.000000
vt -1.350000 -0.235619 0.000000
vt 0.150000 -0.157080 0.000000
vt -1.350000 -0.157080 0.000000
vt -1.350000 -0.078540 0.000000
vt 0.150000 -0.078540 0.000000
vt -1.350000 0.000000 0.000000
vt 0.150000 0.000000 0.000000
vt -1.350000 0.078540 0.000000
vt 0.150000 0.078540 0.000000
vt 1.650000 0.078540 0.000000
vt 1.650000 0.000000 0.000000
vt 1.650000 -0.078540 0.000000
vt 0.300000 1.200000 0.000000
vt 0.300000 0.100000 0.000000
vt 1.400000 1.200000 0.000000
vt 2.900000 0.100000 0.000000
vt 1.800000 1.200000 0.000000
vt 2.900000 1.200000 0.000000
vt 1.800000 1.420000 0.000000
vt 1.400000 1.420000 0.000000
vt 0.300000 1.200000 0.000000
vt 0.300000 0.100000 0.000000
vt 3.200000 1.200000 0.000000
vt 6.300000 0.100000 0.000000
vt 3.600000 1.200000 0.000000
vt 6.300000 1.200000 0.000000
vt 3.600000 1.420000 0.000000
vt 3.200000 1.420000 0.000000
vt -1.600000 -0.300000 0.000000
vt -1.600000 -3.000000 0.000000
vt -1.400000 -3.000000 0.000000
vt -1.589778 -3.077646 0.000000
vt -1.559808 -3.150000 0.000000
vt -1.512132 -3.212132 0.000000
vt -1.396593 -3.025882 0.000000
vt -1.450000 -3.259808 0.000000
vt -1.386603 -3.050000 0.000000
vt -1.370711 -3.070711 0.000000
vt -1.377646 -3.289778 0.000000
vt -1.350000 -3.086603 0.000000
vt -1.325882 -3.096593 0.000000
vt -1.300000 -3.300000 0.000000
vt -1.300000 -3.100000 0.000000
vt -0.300000 -3.300000 0.000000
vt -0.300000 -3.100000 0.000000
vt -1.400000 -0.300000 0.000000
vt -0.550000 -0.750000 0.000000
vt -0.522963 -0.129410 0.000000
vt -0.723205 -0.850000 0.000000
vt -0.540000 0.000000 0.000000
vt -0.667852 1.331768 0.000000
vt -0.522963 0.129410 0.000000
vt -0.602917 1.175000 0.000000
vt -0.473013 0.250000 0.000000
vt -0.499619 1.040381 0.000000
vt -0.393553 0.353553 0.000000
vt -0.365000 0.937083 0.000000
vt -0.290000 0.433013 0.000000
vt -0.208232 0.872148 0.000000
vt -0.169410 0.482963 0.000000
vt -0.040000 0.850000 0.000000
vt -0.040000 0.500000 0.000000
vt 0.089410 0.482963 0.000000
vt -0.376795 -0.850000 0.000000
vt -0.393553 -0.353553 0.000000
vt -0.473013 -0.250000 0.000000
vt -0.376795 -1.050000 0.000000
vt -0.123205 -1.050000 0.000000
vt -0.123205 -0.850000 0.000000
vt -0.169410 -0.482963 0.000000
vt -0.040000 -0.500000 0.000000
vt 0.050000 -0.750000 0.000000
vt 0.089410 -0.482963 0.000000
vt 0.223205 -0.850000 0.000000
vt 0.210000 -0.433013 0.000000
vt 0.313553 -0.353553 0.000000
vt 0.476795 -0.850000 0.000000
vt 0.393013 -0.250000 0.000000
vt 0.650000 -0.750000 0.000000
vt 0.442963 -0.129410 0.000000
vt 0.460000 0.000000 0.000000
vt 0.823205 -0.850000 0.000000
vt 0.587852 1.331768 0.000000
vt 0.610000 1.500000 0.000000
vt 1.300000 3.000000 0.000000
vt 0.587852 1.668232 0.000000
vt 0.522917 1.825000 0.000000
vt 0.419619 1.959619 0.000000
vt 0.285000 2.062917 0.000000
vt 0.128232 2.127852 0.000000
vt -0.040000 2.150000 0.000000
vt -1.300000 3.000000 0.000000
vt -0.208232 2.127852 0.000000
vt -0.365000 2.062917 0.000000
vt -0.499619 1.959619 0.000000
vt -0.602917 1.825000 0.000000
vt -0.667852 1.668232 0.000000
vt -0.690000 1.500000 0.000000
vt -0.550000 -1.150000 0.000000
vt -0.376795 -1.500000 0.000000
vt -0.123205 -1.500000 0.000000
vt 0.050000 -1.150000 0.000000
vt 0.050000 -1.400000 0.000000
vt 0.223205 -1.500000 0.000000
vt -0.723205 -1.050000 0.000000
vt -0.723205 -1.500000 0.000000
vt -0.550000 -1.400000 0.000000
vt -1.300000 -3.000000 0.000000
vt 0.650000 -2.050000 0.000000
vt 0.650000 -1.800000 0.000000
vt 0.476795 -2.150000 0.000000
vt 0.476795 -1.700000 0.000000
vt 0.223205 -1.700000 0.000000
vt 0.476795 -1.500000 0.000000
vt 0.223205 -1.050000 0.000000
vt 0.476795 -1.050000 0.000000
vt 0.823205 -2.150000 0.000000
vt 0.823205 -1.700000 0.000000
vt 1.300000 -3.000000 0.000000
vt 0.823205 -1.500000 0.000000
vt 0.823205 -1.050000 0.000000
vt 0.650000 -1.150000 0.000000
vt 0.823205 -2.350000 0.000000
vt 0.650000 -2.450000 0.000000
vt 0.050000 -2.450000 0.000000
vt 0.223205 -2.350000 0.000000
vt 0.476795 -2.350000 0.000000
vt 0.223205 -2.150000 0.000000
vt 0.650000 -1.400000 0.000000
vt -0.123205 -1.700000 0.000000
vt -0.376795 -1.700000 0.000000
vt -0.123205 -2.150000 0.000000
vt -0.376795 -2.150000 0.000000
vt -0.123205 -2.350000 0.000000
vt -0.376795 -2.350000 0.000000
vt -0.550000 -2.450000 0.000000
vt -0.723205 -2.350000 0.000000
vt -0.723205 -2.150000 0.000000
vt -0.550000 -1.800000 0.000000
vt -0.550000 -2.050000 0.000000
vt -0.723205 -1.700000 0.000000
vt 0.050000 -1.800000 0.000000
vt 0.050000 -2.050000 0.000000
vt -0.290000 -0.433013 0.000000
vt 0.128232 0.872148 0.000000
vt 0.210000 0.433013 0.000000
vt 0.285000 0.937083 0.000000
vt 0.313553 0.353553 0.000000
vt 0.419619 1.040381 0.000000
vt 0.393013 0.250000 0.000000
vt 0.522917 1.175000 0.000000
vt 0.442963 0.129410 0.000000
vt -0.000000 0.200000 0.000000
vt -1.500000 0.200000 0.000000
vt -0.000000 0.000000 0.000000
vt -1.500000 0.000000 0.000000
vt 0.000000 0.200000 0.000000
vt -0.700000 0.200000 0.000000
vt 0.000000 0.000000 0.000000
vt -0.700000 0.000000 0.000000
vt -0.000000 0.200000 0.000000
vt -0.700000 0.200000 0.000000
vt -0.000000 0.000000 0.000000
vt -0.700000 0.000000 0.000000
vt 0.100000 0.100000 0.000000
vt 2.700000 0.100000 0.000000
vt 1.700000 0.500000 0.000000
vt 2.700000 1.200000 0.000000
vt 1.700000 1.200000 0.000000
vt 0.200000 0.500000 0.000000
vt 0.100000 1.200000 0.000000
vt 0.200000 1.200000 0.000000
vt 1.377646 -3.289778 0.000000
vt 1.325882 -3.096593 0.000000
vt 1.300000 -3.300000 0.000000
vt 1.300000 -3.100000 0.000000
vt 1.200000 -3.300000 0.000000
vt 1.200000 -3.100000 0.000000
vt 1.450000 -3.259808 0.000000
vt 1.396593 -3.025882 0.000000
vt 1.386603 -3.050000 0.000000
vt 1.370711 -3.070711 0.000000
vt 1.400000 -3.000000 0.000000
vt 1.512132 -3.212132 0.000000
vt 1.559808 -3.150000 0.000000
vt 1.589778 -3.077646 0.000000
vt 1.600000 -3.000000 0.000000
vt 1.600000 -0.300000 0.000000
vt 1.400000 -0.300000 0.000000
vt 1.350000 -3.086603 0.000000
vt -0.000000 0.200000 0.000000
vt -0.200000 0.200000 0.000000
vt -0.000000 0.000000 0.000000
vt -0.200000 0.000000 0.000000
vt -0.000000 0.200000 0.000000
vt -0.200000 0.200000 0.000000
vt -0.000000 0.000000 0.000000
vt -0.200000 0.000000 0.000000
vt -0.000000 0.200000 0.000000
vt -0.200000 0.200000 0.000000
vt -0.000000 0.000000 0.000000
vt -0.200000 0.000000 0.000000
vt -0.000000 0.200000 0.000000
vt -0.200000 0.200000 0.000000
vt -0.000000 0.000000 0.000000
vt -0.200000 0.000000 0.000000
vt -0.000000 0.200000 0.000000
vt -0.200000 0.200000 0.000000
vt -0.000000 0.000000 0.000000
vt -0.200000 0.000000 0.000000
vt 0.000000 0.200000 0.000000
vt -0.200000 0.200000 0.000000
vt 0.000000 0.000000 0.000000
vt -0.200000 0.000000 0.000000
vt -0.000000 0.200000 0.000000
vt -0.200000 0.200000 0.000000
vt -0.000000 0.000000 0.000000
vt -0.200000 0.000000 0.000000
vt -0.000000 0.200000 0.000000
vt -0.200000 0.200000 0.000000
vt -0.000000 0.000000 0.000000
vt -0.200000 0.000000 0.000000
vt -0.000000 0.200000 0.000000
vt -0.200000 0.200000 0.000000
vt -0.000000 0.000000 0.000000
vt -0.200000 0.000000 0.000000
vt -0.000000 0.200000 0.000000
vt -0.200000 0.200000 0.000000
vt -0.000000 0.000000 0.000000
vt -0.200000 0.000000 0.000000
vt -0.000000 0.200000 0.000000
vt -0.200000 0.200000 0.000000
vt -0.000000 0.000000 0.000000
vt -0.200000 0.000000 0.000000
vt 0.000000 0.200000 0.000000
vt -0.200000 0.200000 0.000000
vt 0.000000 0.000000 0.000000
vt -0.200000 0.000000 0.000000
vt -0.000000 0.200000 0.000000
vt -0.200000 0.200000 0.000000
vt -0.000000 0.000000 0.000000
vt -0.200000 0.000000 0.000000
vt -0.000000 0.200000 0.000000
vt -0.200000 0.200000 0.000000
vt -0.000000 0.000000 0.000000
vt -0.200000 0.000000 0.000000
vt -0.000000 0.200000 0.000000
vt -0.200000 0.200000 0.000000
vt -0.000000 0.000000 0.000000
vt -0.200000 0.000000 0.000000
vt -0.000000 0.200000 0.000000
vt -0.200000 0.200000 0.000000
vt -0.000000 0.000000 0.000000
vt -0.200000 0.000000 0.000000
vt -0.000000 0.200000 0.000000
vt -0.200000 0.200000 0.000000
vt -0.000000 0.000000 0.000000
vt -0.200000 0.000000 0.000000
vt 0.000000 0.200000 0.000000
vt -0.200000 0.200000 0.000000
vt 0.000000 0.000000 0.000000
vt -0.200000 0.000000 0.000000
vt -0.000000 0.200000 0.000000
vt -0.200000 0.200000 0.000000
vt -0.000000 0.000000 0.000000
vt -0.200000 0.000000 0.000000
vt -0.000000 0.200000 0.000000
vt -0.200000 0.200000 0.000000
vt -0.000000 0.000000 0.000000
vt -0.200000 0.000000 0.000000
vt -0.000000 0.200000 0.000000
vt -0.200000 0.200000 0.000000
vt -0.000000 0.000000 0.000000
vt -0.200000 0.000000 0.000000
vt -0.000000 0.200000 0.000000
vt -0.200000 0.200000 0.000000
vt -0.000000 0.000000 0.000000
vt -0.200000 0.000000 0.000000
vt -0.000000 0.200000 0.000000
vt -0.200000 0.200000 0.000000
vt -0.000000 0.000000 0.000000
vt -0.200000 0.000000 0.000000
vt 0.000000 0.200000 0.000000
vt -0.200000 0.200000 0.000000
vt 0.000000 0.000000 0.000000
vt -0.200000 0.000000 0.000000
vt -0.000000 0.200000 0.000000
vt -0.200000 0.200000 0.000000
vt -0.000000 0.000000 0.000000
vt -0.200000 0.000000 0.000000
vt -0.000000 0.200000 0.000000
vt -0.200000 0.200000 0.000000
vt -0.000000 0.000000 0.000000
vt -0.200000 0.000000 0.000000
vt -0.000000 0.200000 0.000000
vt -0.200000 0.200000 0.000000
vt -0.000000 0.000000 0.000000
vt -0.200000 0.000000 0.000000
vt -0.000000 0.200000 0.000000
vt -0.200000 0.200000 0.000000
vt -0.000000 0.000000 0.000000
vt -0.200000 0.000000 0.000000
vt -0.000000 0.200000 0.000000
vt -0.200000 0.200000 0.000000
vt -0.000000 0.000000 0.000000
vt -0.200000 0.000000 0.000000
vt 0.000000 0.200000 0.000000
vt -0.200000 0.200000 0.000000
vt 0.000000 0.000000 0.000000
vt -0.200000 0.000000 0.000000
vt -0.000000 0.200000 0.000000
vt -0.200000 0.200000 0.000000
vt -0.000000 0.000000 0.000000
vt -0.200000 0.000000 0.000000
vt -0.000000 0.200000 0.000000
vt -0.200000 0.200000 0.000000
vt -0.000000 0.000000 0.000000
vt -0.200000 0.000000 0.000000
vt -0.000000 0.200000 0.000000
vt -0.200000 0.200000 0.000000
vt -0.000000 0.000000 0.000000
vt -0.200000 0.000000 0.000000
vt -0.000000 0.200000 0.000000
vt -0.200000 0.200000 0.000000
vt -0.000000 0.000000 0.000000
vt -0.200000 0.000000 0.000000
vt -0.000000 0.200000 0.000000
vt -0.200000 0.200000 0.000000
vt -0.000000 0.000000 0.000000
vt -0.200000 0.000000 0.000000
vt 0.000000 0.200000 0.000000
vt -0.200000 0.200000 0.000000
vt 0.000000 0.000000 0.000000
vt -0.200000 0.000000 0.000000
vt 0.000000 0.200000 0.000000
vt -0.200000 0.200000 0.000000
vt 0.000000 0.000000 0.000000
vt -0.200000 0.000000 0.000000
vt -0.000000 0.200000 0.000000
vt -0.200000 0.200000 0.000000
vt -0.000000 0.000000 0.000000
vt -0.200000 0.000000 0.000000
vt -0.000000 0.200000 0.000000
vt -0.200000 0.200000 0.000000
vt -0.000000 0.000000 0.000000
vt -0.200000 0.000000 0.000000
vt -0.000000 0.200000 0.000000
vt -0.200000 0.200000 0.000000
vt -0.000000 0.000000 0.000000
vt -0.200000 0.000000 0.000000
vt -0.000000 0.200000 0.000000
vt -0.200000 0.200000 0.000000
vt -0.000000 0.000000 0.000000
vt -0.200000 0.000000 0.000000
vt -0.000000 0.200000 0.000000
vt -0.200000 0.200000 0.000000
vt -0.000000 0.000000 0.000000
vt -0.200000 0.000000 0.000000
vt -0.000000 0.200000 0.000000
vt -0.200000 0.200000 0.000000
vt -0.000000 0.000000 0.000000
vt -0.200000 0.000000 0.000000
vt -0.000000 0.200000 0.000000
vt -0.200000 0.200000 0.000000
vt -0.000000 0.000000 0.000000
vt -0.200000 0.000000 0.000000
vt -0.000000 0.200000 0.000000
vt -0.200000 0.200000 0.000000
vt -0.000000 0.000000 0.000000
vt -0.200000 0.000000 0.000000
vt -0.000000 0.200000 0.000000
vt -0.200000 0.200000 0.000000
vt -0.000000 0.000000 0.000000
vt -0.200000 0.000000 0.000000
vt -0.000000 0.200000 0.000000
vt -0.200000 0.200000 0.000000
vt -0.000000 0.000000 0.000000
vt -0.200000 0.000000 0.000000
vt 0.000000 0.200000 0.000000
vt -0.200000 0.200000 0.000000
vt 0.000000 0.000000 0.000000
vt -0.200000 0.000000 0.000000
vt -0.000000 0.200000 0.000000
vt -0.200000 0.200000 0.000000
vt -0.000000 0.000000 0.000000
vt -0.200000 0.000000 0.000000
vt -0.000000 0.200000 0.000000
vt -0.200000 0.200000 0.000000
vt -0.000000 0.000000 0.000000
vt -0.200000 0.000000 0.000000
vt -0.000000 0.200000 0.000000
vt -0.200000 0.200000 0.000000
vt -0.000000 0.000000 0.000000
vt -0.200000 0.000000 0.000000
vt -0.000000 0.200000 0.000000
vt -0.200000 0.200000 0.000000
vt -0.000000 0.000000 0.000000
vt -0.200000 0.000000 0.000000
vt -0.000000 0.200000 0.000000
vt -0.200000 0.200000 0.000000
vt -0.000000 0.000000 0.000000
vt -0.200000 0.000000 0.000000
vt 0.000000 0.200000 0.000000
vt -0.200000 0.200000 0.000000
vt 0.000000 0.000000 0.000000
vt -0.200000 0.000000 0.000000
vt 0.200000 -1.439897 0.000000
vt 0.000000 -1.439897 0.000000
vt 0.200000 -1.570796 0.000000
vt 0.000000 -1.570796 0.000000
vt 0.200000 1.570796 0.000000
vt 0.000000 1.570796 0.000000
vt 0.200000 1.439897 0.000000
vt 0.000000 1.439897 0.000000
vt 0.200000 1.308997 0.000000
vt 0.000000 1.308997 0.000000
vt 0.200000 1.178097 0.000000
vt 0.000000 1.178097 0.000000
vt 0.200000 1.047198 0.000000
vt 0.000000 1.047198 0.000000
vt 0.200000 0.916298 0.000000
vt 0.000000 0.916298 0.000000
vt 0.200000 0.785398 0.000000
vt 0.000000 0.785398 0.000000
vt 0.200000 0.654498 0.000000
vt 0.000000 0.654498 0.000000
vt 0.200000 0.523599 0.000000
vt 0.000000 0.523599 0.000000
vt 0.200000 0.392699 0.000000
vt 0.000000 0.392699 0.000000
vt 0.200000 0.261799 0.000000
vt 0.000000 0.261799 0.000000
vt 0.200000 0.130900 0.000000
vt 0.000000 0.130900 0.000000
vt 0.200000 0.000000 0.000000
vt 0.000000 0.000000 0.000000
vt 0.200000 -0.130900 0.000000
vt 0.000000 -0.130900 0.000000
vt 0.200000 -0.261799 0.000000
vt 0.000000 -0.261799 0.000000
vt 0.200000 -0.392699 0.000000
vt 0.000000 -0.392699 0.000000
vt 0.200000 -0.523599 0.000000
vt 0.000000 -0.523599 0.000000
vt 0.200000 -0.654498 0.000000
vt 0.000000 -0.654498 0.000000
vt 0.200000 -0.785398 0.000000
vt 0.000000 -0.785398 0.000000
vt 0.200000 -0.916298 0.000000
vt -0.000000 -0.916298 0.000000
vt 0.200000 -1.047198 0.000000
vt 0.000000 -1.047198 0.000000
vt 0.200000 -1.178097 0.000000
vt -0.000000 -1.178097 0.000000
vt 0.200000 -1.308997 0.000000
vt -0.000000 -1.308997 0.000000
vt 0.200000 -1.871866 0.000000
vt -0.000000 -1.871866 0.000000
vt 0.200000 -2.042035 0.000000
vt 0.000000 -2.042035 0.000000
vt 0.200000 2.042035 0.000000
vt 0.000000 2.042035 0.000000
vt 0.200000 1.871866 0.000000
vt 0.000000 1.871866 0.000000
vt 0.200000 1.701696 0.000000
vt 0.000000 1.701696 0.000000
vt 0.200000 1.531526 0.000000
vt 0.000000 1.531526 0.000000
vt 0.200000 1.361357 0.000000
vt 0.000000 1.361357 0.000000
vt 0.200000 1.191187 0.000000
vt 0.000000 1.191187 0.000000
vt 0.200000 1.021018 0.000000
vt 0.000000 1.021018 0.000000
vt 0.200000 0.850848 0.000000
vt 0.000000 0.850848 0.000000
vt 0.200000 0.680678 0.000000
vt 0.000000 0.680678 0.000000
vt 0.200000 0.510509 0.000000
vt 0.000000 0.510509 0.000000
vt 0.200000 0.340339 0.000000
vt 0.000000 0.340339 0.000000
vt 0.200000 0.170170 0.000000
vt 0.000000 0.170170 0.000000
vt 0.200000 0.000000 0.000000
vt 0.000000 0.000000 0.000000
vt 0.200000 -0.170170 0.000000
vt 0.000000 -0.170170 0.000000
vt 0.200000 -0.340339 0.000000
vt 0.000000 -0.340339 0.000000
vt 0.200000 -0.510509 0.000000
vt 0.000000 -0.510509 0.000000
vt 0.200000 -0.680678 0.000000
vt 0.000000 -0.680678 0.000000
vt 0.200000 -0.850848 0.000000
vt 0.000000 -0.850848 0.000000
vt 0.200000 -1.021018 0.000000
vt 0.000000 -1.021018 0.000000
vt 0.200000 -1.191187 0.000000
vt 0.000000 -1.191187 0.000000
vt 0.200000 -1.361357 0.000000
vt -0.000000 -1.361357 0.000000
vt 0.200000 -1.531526 0.000000
vt 0.000000 -1.531526 0.000000
vt 0.200000 -1.701696 0.000000
vt 0.000000 -1.701696 0.000000
vt 0.125000 0.010000 0.000000
vt 0.125000 0.160000 0.000000
vt 0.075000 0.010000 0.000000
vt 0.075000 0.210000 0.000000
vt -0.125000 0.210000 0.000000
vt -0.125000 -0.210000 0.000000
vt 0.075000 -0.210000 0.000000
vt 0.200000 0.200000 0.000000
vt 0.000000 0.200000 0.000000
vt 0.200000 -0.200000 0.000000
vt -0.000000 -0.200000 0.000000
vt 0.050000 0.200000 0.000000
vt 0.000000 0.200000 0.000000
vt 0.050000 -0.200000 0.000000
vt 0.000000 -0.200000 0.000000
vt 0.150000 0.200000 0.000000
vt -0.000000 0.200000 0.000000
vt 0.150000 -0.200000 0.000000
vt 0.000000 -0.200000 0.000000
vt 0.070711 0.200000 0.000000
vt -0.000000 0.200000 0.000000
vt 0.070711 -0.200000 0.000000
vt 0.000000 -0.200000 0.000000
vt 0.125000 0.210000 0.000000
vt -0.075000 0.210000 0.000000
vt -0.075000 0.010000 0.000000
vt -0.125000 0.160000 0.000000
vt -0.125000 0.010000 0.000000
vt -0.075000 -0.210000 0.000000
vt 0.125000 -0.210000 0.000000
vt 0.125000 -0.210000 0.000000
vt 0.125000 0.210000 0.000000
vt -0.075000 0.010000 0.000000
vt -0.075000 0.210000 0.000000
vt -0.125000 0.160000 0.000000
vt -0.125000 0.010000 0.000000
vt -0.075000 -0.210000 0.000000
vt 0.070711 0.200000 0.000000
vt 0.000000 0.200000 0.000000
vt 0.070711 -0.200000 0.000000
vt 0.000000 -0.200000 0.000000
vt 0.150000 0.200000 0.000000
vt 0.000000 0.200000 0.000000
vt 0.150000 -0.200000 0.000000
vt 0.000000 -0.200000 0.000000
vt 0.050000 0.200000 0.000000
vt 0.000000 0.200000 0.000000
vt 0.050000 -0.200000 0.000000
vt 0.000000 -0.200000 0.000000
vt 0.200000 0.200000 0.000000
vt 0.000000 0.200000 0.000000
vt 0.200000 -0.200000 0.000000
vt 0.000000 -0.200000 0.000000
vt 0.125000 0.160000 0.000000
vt 0.075000 0.210000 0.000000
vt 0.075000 0.010000 0.000000
vt -0.125000 0.210000 0.000000
vt -0.125000 -0.210000 0.000000
vt 0.075000 -0.210000 0.000000
vt 0.125000 0.010000 0.000000
vt 6.100000 1.200000 0.000000
vt 3.200000 1.200000 0.000000
vt 6.100000 0.100000 0.000000
vt 0.100000 0.100000 0.000000
vt 2.800000 1.200000 0.000000
vt 0.100000 1.200000 0.000000
vt 3.200000 1.620000 0.000000
vt 2.800000 1.620000 0.000000
vt 6.300000 1.200000 0.000000
vt 3.400000 1.200000 0.000000
vt 6.300000 0.100000 0.000000
vt 0.300000 0.100000 0.000000
vt 3.000000 1.200000 0.000000
vt 0.300000 1.200000 0.000000
vt 3.400000 1.420000 0.000000
vt 3.000000 1.420000 0.000000
vt 2.900000 1.200000 0.000000
vt 2.800000 0.500000 0.000000
vt 2.900000 0.100000 0.000000
vt 1.300000 0.500000 0.000000
vt 0.300000 0.100000 0.000000
vt 0.300000 1.200000 0.000000
vt 1.300000 1.200000 0.000000
vt 2.800000 1.200000 0.000000
vn 1.000000 0.000000 0.000000
vn 1.000000 0.000000 0.000000
vn 1.000000 0.000000 0.000000
vn 1.000000 0.000000 0.000000
vn 1.000000 0.000000 0.000000
vn 1.000000 0.000000 0.000000
vn 1.000000 0.000000 0.000000
vn -0.000000 -1.000000 0.000000
vn -0.000000 -1.000000 0.000000
vn -0.000000 -1.000000 0.000000
vn -0.000000 -1.000000 0.000000
vn 0.000000 1.000000 -0.000000
vn 0.000000 1.000000 -0.000000
vn 0.000000 1.000000 -0.000000
vn 0.000000 1.000000 -0.000000
vn -0.000000 -0.000000 1.000000
vn -0.000000 -0.000000 1.000000
vn -0.000000 -0.000000 1.000000
vn -0.000000 -0.000000 1.000000
vn -0.000000 -0.707107 0.707107
vn -0.000000 -0.707107 0.707107
vn -0.000000 -0.707107 0.707107
vn -0.000000 -0.707107 0.707107
vn -1.000000 -0.000000 -0.000000
vn -1.000000 -0.000000 -0.000000
vn -1.000000 -0.000000 -0.000000
vn -1.000000 -0.000000 -0.000000
vn -1.000000 -0.000000 -0.000000
vn -1.000000 -0.000000 -0.000000
vn -1.000000 -0.000000 -0.000000
vn -0.000000 -1.000000 0.000000
vn -0.000000 -1.000000 0.000000
vn -0.000000 -1.000000 0.000000
vn -0.000000 -1.000000 0.000000
vn -0.000000 -1.000000 0.000000
vn -0.000000 -1.000000 0.000000
vn -0.000000 -1.000000 0.000000
vn -0.000000 -1.000000 0.000000
vn -0.000000 -1.000000 0.000000
vn -0.000000 -1.000000 0.000000
vn -0.000000 -1.000000 0.000000
vn -0.000000 -1.000000 0.000000
vn -0.000000 -1.000000 0.000000
vn -0.000000 -1.000000 0.000000
vn -0.000000 -1.000000 0.000000
vn -0.000000 -1.000000 0.000000
vn -0.000000 -1.000000 0.000000
vn -0.000000 -1.000000 0.000000
vn -0.000000 -1.000000 0.000000
vn -0.000000 -1.000000 0.000000
vn -0.000000 -1.000000 0.000000
vn -0.000000 -1.000000 0.000000
vn -0.000000 -1.000000 0.000000
vn -0.000000 -1.000000 0.000000
vn -0.000000 -1.000000 0.000000
vn -0.000000 -1.000000 0.000000
vn -0.000000 -1.000000 0.000000
vn -0.000000 -1.000000 0.000000
vn -0.000000 -1.000000 0.000000
vn -0.000000 -1.000000 0.000000
vn -0.000000 -1.000000 0.000000
vn -0.000000 -1.000000 0.000000
vn -0.000000 -1.000000 0.000000
vn -0.000000 -1.000000 0.000000
vn -0.000000 -1.000000 0.000000
vn -0.000000 -1.000000 0.000000
vn -0.965926 -0.000000 0.258819
vn -1.000000 0.000000 -0.000000
vn -0.970469 -0.185744 0.153913
vn -0.965926 -0.258819 -0.000000
vn -0.890318 -0.398536 0.220233
vn -0.866025 -0.500000 -0.000000
vn -0.762422 -0.594936 0.254486
vn -0.707107 -0.707107 -0.000000
vn -0.594936 -0.762422 0.254486
vn -0.500000 -0.866025 -0.000000
vn -0.398536 -0.890318 0.220233
vn -0.258819 -0.965926 -0.000000
vn -0.185744 -0.970469 0.153913
vn 0.000000 -1.000000 0.000000
vn 0.000000 -0.965926 0.258819
vn -0.084530 -0.917502 0.388644
vn 0.000000 -0.866025 0.500000
vn -0.310406 -0.832423 0.459042
vn -0.201121 -0.717801 0.666568
vn -0.518881 -0.696665 0.495400
vn -0.407464 -0.583430 0.702554
vn -0.696665 -0.518881 0.495400
vn -0.583430 -0.407464 0.702554
vn -0.832423 -0.310406 0.459042
vn -0.717801 -0.201121 0.666568
vn -0.866025 -0.000000 0.500000
vn -0.707107 -0.000000 0.707107
vn -0.554261 -0.078131 0.828668
vn -0.500000 -0.000000 0.866025
vn -0.430436 -0.268280 0.861830
vn -0.248108 -0.110813 0.962374
vn -0.110813 -0.248108 0.962374
vn -0.000000 -0.000000 1.000000
vn -0.000000 -0.258819 0.965926
vn -0.000000 -0.500000 0.866025
vn -0.268280 -0.430436 0.861830
vn -0.078131 -0.554261 0.828668
vn 0.000000 -0.707107 0.707107
vn -0.258819 -0.000000 0.965926
vn -0.917502 -0.084530 0.388644
vn -0.965926 0.000000 -0.258819
vn -0.962374 -0.110813 -0.248108
vn -1.000000 -0.000000 -0.000000
vn -0.962374 -0.248108 -0.110813
vn -0.965926 -0.258819 -0.000000
vn -0.866025 -0.500000 -0.000000
vn -0.861830 -0.430436 -0.268280
vn -0.828668 -0.554261 -0.078131
vn -0.702554 -0.583430 -0.407464
vn -0.666568 -0.717801 -0.201121
vn -0.495400 -0.696665 -0.518881
vn -0.459042 -0.832423 -0.310406
vn -0.254486 -0.762422 -0.594936
vn -0.220233 -0.890318 -0.398536
vn -0.000000 -0.866025 -0.500000
vn -0.000000 -0.965926 -0.258819
vn -0.866025 0.000000 -0.500000
vn -0.861830 -0.268280 -0.430436
vn -0.828668 -0.078131 -0.554261
vn -0.707107 0.000000 -0.707107
vn -0.666568 -0.201121 -0.717801
vn -0.500000 0.000000 -0.866025
vn -0.459042 -0.310406 -0.832423
vn -0.388644 -0.084530 -0.917502
vn -0.153913 -0.185744 -0.970469
vn -0.258819 0.000000 -0.965926
vn 0.000000 0.000000 -1.000000
vn 0.000000 -0.258819 -0.965926
vn -0.220233 -0.398536 -0.890318
vn -0.495400 -0.518881 -0.696665
vn -0.702554 -0.407464 -0.583430
vn 0.000000 -0.500000 -0.866025
vn -0.254486 -0.594936 -0.762422
vn -0.000000 -0.707107 -0.707107
vn -0.153913 -0.970469 -0.185744
vn -0.000000 -1.000000 0.000000
vn -0.258819 -0.965926 -0.000000
vn -0.388644 -0.917502 -0.084530
vn -0.500000 -0.866025 -0.000000
vn -0.707107 -0.707107 -0.000000
vn 0.965926 -0.258819 0.000000
vn 1.000000 0.000000 0.000000
vn 0.970469 -0.153913 0.185744
vn 0.965926 -0.000000 0.258819
vn 0.890318 -0.220233 0.398536
vn 0.866025 -0.000000 0.500000
vn 0.762422 -0.254486 0.594936
vn 0.707107 -0.000000 0.707107
vn 0.594936 -0.254486 0.762422
vn 0.500000 -0.000000 0.866025
vn 0.398536 -0.220233 0.890318
vn 0.258819 -0.000000 0.965926
vn 0.185744 -0.153913 0.970469
vn -0.000000 -0.000000 1.000000
vn -0.000000 -0.258819 0.965926
vn 0.084530 -0.388644 0.917502
vn -0.000000 -0.500000 0.866025
vn 0.310406 -0.459042 0.832423
vn 0.201121 -0.666568 0.717801
vn 0.518881 -0.495400 0.696665
vn 0.407464 -0.702554 0.583430
vn 0.696665 -0.495400 0.518881
vn 0.583430 -0.702554 0.407464
vn 0.832423 -0.459042 0.310406
vn 0.717801 -0.666568 0.201121
vn 0.866025 -0.500000 0.000000
vn 0.707107 -0.707107 0.000000
vn 0.554261 -0.828668 0.078131
vn 0.500000 -0.866025 0.000000
vn 0.430436 -0.861830 0.268280
vn 0.248108 -0.962374 0.110813
vn 0.110813 -0.962374 0.248108
vn -0.000000 -1.000000 0.000000
vn -0.000000 -0.965926 0.258819
vn -0.000000 -0.866025 0.500000
vn 0.268280 -0.861830 0.430436
vn 0.078131 -0.828668 0.554261
vn -0.000000 -0.707107 0.707107
vn 0.258819 -0.965926 0.000000
vn 0.917502 -0.388644 0.084530
vn -0.000000 -0.965926 0.258819
vn -0.000000 -0.965926 0.258819
vn -0.000000 -0.965926 0.258819
vn -0.000000 -0.866025 0.500000
vn -0.000000 -0.866025 0.500000
vn -0.000000 -0.707107 0.707107
vn -0.000000 -0.500000 0.866025
vn -0.000000 -0.258819 0.965926
vn -0.000000 -0.258819 0.965926
vn -0.000000 -0.258819 0.965926
vn -0.000000 -0.500000 0.866025
vn -0.000000 -0.500000 0.866025
vn -0.000000 -0.707107 0.707107
vn -0.000000 -0.866025 0.500000
vn -0.000000 -0.258819 0.965926
vn -0.000000 -0.965926 0.258819
vn -0.000000 -0.866025 0.500000
vn -0.000000 -0.707107 0.707107
vn -0.000000 -0.707107 0.707107
vn -0.000000 -0.500000 0.866025
vn 0.000000 -0.258819 -0.965926
vn -0.000000 0.000000 -1.000000
vn 0.185744 -0.153913 -0.970469
vn 0.258819 0.000000 -0.965926
vn 0.398536 -0.220233 -0.890318
vn 0.500000 0.000000 -0.866025
vn 0.594936 -0.254486 -0.762422
vn 0.707107 0.000000 -0.707107
vn 0.762422 -0.254486 -0.594936
vn 0.866025 0.000000 -0.500000
vn 0.890318 -0.220233 -0.398536
vn 0.965926 0.000000 -0.258819
vn 0.970469 -0.153913 -0.185744
vn 1.000000 0.000000 0.000000
vn 0.965926 -0.258819 0.000000
vn 0.917502 -0.388644 -0.084530
vn 0.866025 -0.500000 0.000000
vn 0.832423 -0.459042 -0.310406
vn 0.717801 -0.666568 -0.201121
vn 0.696665 -0.495400 -0.518881
vn 0.583430 -0.702554 -0.407464
vn 0.518881 -0.495400 -0.696665
vn 0.407464 -0.702554 -0.583430
vn 0.310406 -0.459042 -0.832423
vn 0.201121 -0.666568 -0.717801
vn 0.000000 -0.500000 -0.866025
vn -0.000000 -0.707107 -0.707107
vn 0.078131 -0.828668 -0.554261
vn -0.000000 -0.866025 -0.500000
vn 0.268280 -0.861830 -0.430436
vn 0.110813 -0.962374 -0.248108
vn 0.248108 -0.962374 -0.110813
vn -0.000000 -1.000000 0.000000
vn 0.258819 -0.965926 0.000000
vn 0.500000 -0.866025 0.000000
vn 0.430436 -0.861830 -0.268280
vn 0.554261 -0.828668 -0.078131
vn 0.707107 -0.707107 0.000000
vn -0.000000 -0.965926 -0.258819
vn 0.084530 -0.388644 -0.917502
vn 0.258819 -0.965926 0.000000
vn 0.258819 -0.965926 0.000000
vn 0.258819 -0.965926 0.000000
vn 0.500000 -0.866025 0.000000
vn 0.500000 -0.866025 0.000000
vn 0.707107 -0.707107 0.000000
vn 0.707107 -0.707107 0.000000
vn 0.866025 -0.500000 0.000000
vn 0.866025 -0.500000 0.000000
vn 0.965926 -0.258819 0.000000
vn 0.965926 -0.258819 0.000000
vn 0.965926 -0.258819 0.000000
vn 0.965926 -0.258819 0.000000
vn 0.866025 -0.500000 0.000000
vn 0.866025 -0.500000 0.000000
vn 0.707107 -0.707107 0.000000
vn 0.707107 -0.707107 0.000000
vn 0.500000 -0.866025 0.000000
vn 0.500000 -0.866025 0.000000
vn 0.258819 -0.965926 0.000000
vn 0.258819 -0.965926 0.000000
vn 0.258819 -0.965926 0.000000
vn 0.500000 -0.866025 0.000000
vn 0.707107 -0.707107 0.000000
vn 0.866025 -0.500000 0.000000
vn 0.965926 -0.258819 0.000000
vn 0.500000 -0.866025 0.000000
vn 0.707107 -0.707107 0.000000
vn 0.866025 -0.500000 0.000000
vn 0.965926 -0.258819 0.000000
vn 0.965926 -0.258819 0.000000
vn 0.965926 -0.258819 0.000000
vn 0.965926 -0.258819 0.000000
vn 0.866025 -0.500000 0.000000
vn 0.866025 -0.500000 0.000000
vn 0.707107 -0.707107 0.000000
vn 0.258819 -0.965926 0.000000
vn 0.258819 -0.965926 0.000000
vn 0.500000 -0.866025 0.000000
vn 0.258819 -0.965926 0.000000
vn 0.258819 -0.965926 0.000000
vn 0.500000 -0.866025 0.000000
vn 0.500000 -0.866025 0.000000
vn 0.707107 -0.707107 0.000000
vn 0.500000 -0.866025 0.000000
vn 0.707107 -0.707107 0.000000
vn 0.866025 -0.500000 0.000000
vn 0.707107 -0.707107 0.000000
vn 0.866025 -0.500000 0.000000
vn 0.965926 -0.258819 0.000000
vn -0.000000 -0.965926 -0.258819
vn -0.000000 -0.965926 -0.258819
vn -0.000000 -0.965926 -0.258819
vn -0.000000 -0.866025 -0.500000
vn -0.000000 -0.866025 -0.500000
vn -0.000000 -0.707107 -0.707107
vn 0.000000 -0.500000 -0.866025
vn 0.000000 -0.258819 -0.965926
vn 0.000000 -0.258819 -0.965926
vn 0.000000 -0.258819 -0.965926
vn 0.000000 -0.500000 -0.866025
vn 0.000000 -0.500000 -0.866025
vn -0.000000 -0.707107 -0.707107
vn -0.000000 -0.866025 -0.500000
vn 0.000000 -0.258819 -0.965926
vn -0.000000 -0.965926 -0.258819
vn -0.000000 -0.866025 -0.500000
vn -0.000000 -0.707107 -0.707107
vn -0.000000 -0.707107 -0.707107
vn 0.000000 -0.500000 -0.866025
vn 0.000000 0.000000 -1.000000
vn 0.258819 0.000000 -0.965926
vn 0.258819 0.000000 -0.965926
vn 0.500000 0.000000 -0.866025
vn 0.500000 0.000000 -0.866025
vn 0.707107 0.000000 -0.707107
vn 0.707107 0.000000 -0.707107
vn 0.866025 0.000000 -0.500000
vn 0.866025 0.000000 -0.500000
vn 0.965926 0.000000 -0.258819
vn 0.965926 0.000000 -0.258819
vn 1.000000 0.000000 0.000000
vn 1.000000 0.000000 0.000000
vn 0.965926 -0.000000 0.258819
vn 0.965926 -0.000000 0.258819
vn 0.866025 -0.000000 0.500000
vn 0.866025 -0.000000 0.500000
vn 0.707107 -0.000000 0.707107
vn 0.707107 -0.000000 0.707107
vn 0.500000 -0.000000 0.866025
vn 0.500000 -0.000000 0.866025
vn 0.258819 -0.000000 0.965926
vn 0.258819 -0.000000 0.965926
vn -0.000000 -0.000000 1.000000
vn -0.258819 -0.965926 -0.000000
vn -0.258819 -0.965926 -0.000000
vn -0.258819 -0.965926 -0.000000
vn -0.500000 -0.866025 -0.000000
vn -0.500000 -0.866025 -0.000000
vn -0.707107 -0.707107 -0.000000
vn -0.707107 -0.707107 -0.000000
vn -0.866025 -0.500000 -0.000000
vn -0.866025 -0.500000 -0.000000
vn -0.965926 -0.258819 -0.000000
vn -0.965926 -0.258819 -0.000000
vn -0.965926 -0.258819 -0.000000
vn -0.965926 -0.258819 -0.000000
vn -0.866025 -0.500000 -0.000000
vn -0.866025 -0.500000 -0.000000
vn -0.707107 -0.707107 -0.000000
vn -0.707107 -0.707107 -0.000000
vn -0.500000 -0.866025 -0.000000
vn -0.500000 -0.866025 -0.000000
vn -0.258819 -0.965926 -0.000000
vn -0.258819 -0.965926 -0.000000
vn -0.258819 -0.965926 -0.000000
vn -0.500000 -0.866025 -0.000000
vn -0.707107 -0.707107 -0.000000
vn -0.866025 -0.500000 -0.000000
vn -0.965926 -0.258819 -0.000000
vn -0.500000 -0.866025 -0.000000
vn -0.707107 -0.707107 -0.000000
vn -0.866025 -0.500000 -0.000000
vn -0.965926 -0.258819 -0.000000
vn -0.965926 -0.258819 -0.000000
vn -0.965926 -0.258819 -0.000000
vn -0.965926 -0.258819 -0.000000
vn -0.866025 -0.500000 -0.000000
vn -0.866025 -0.500000 -0.000000
vn -0.707107 -0.707107 -0.000000
vn -0.258819 -0.965926 -0.000000
vn -0.258819 -0.965926 -0.000000
vn -0.500000 -0.866025 -0.000000
vn -0.258819 -0.965926 -0.000000
vn -0.258819 -0.965926 -0.000000
vn -0.500000 -0.866025 -0.000000
vn -0.500000 -0.866025 -0.000000
vn -0.707107 -0.707107 -0.000000
vn -0.500000 -0.866025 -0.000000
vn -0.707107 -0.707107 -0.000000
vn -0.866025 -0.500000 -0.000000
vn -0.707107 -0.707107 -0.000000
vn -0.866025 -0.500000 -0.000000
vn -0.965926 -0.258819 -0.000000
vn -1.000000 -0.000000 -0.000000
vn -0.965926 0.000000 -0.258819
vn -0.965926 0.000000 -0.258819
vn -0.866025 0.000000 -0.500000
vn -0.866025 0.000000 -0.500000
vn -0.707107 0.000000 -0.707107
vn -0.707107 0.000000 -0.707107
vn -0.500000 0.000000 -0.866025
vn -0.500000 0.000000 -0.866025
vn -0.258819 0.000000 -0.965926
vn -0.258819 0.000000 -0.965926
vn 0.000000 0.000000 -1.000000
vn -0.000000 -0.000000 1.000000
vn -0.258819 -0.000000 0.965926
vn -0.258819 -0.000000 0.965926
vn -0.500000 -0.000000 0.866025
vn -0.500000 -0.000000 0.866025
vn -0.707107 -0.000000 0.707107
vn -0.707107 -0.000000 0.707107
vn -0.866025 -0.000000 0.500000
vn -0.866025 -0.000000 0.500000
vn -0.965926 -0.000000 0.258819
vn -0.965926 -0.000000 0.258819
vn -1.000000 -0.000000 -0.000000
vn 0.000000 0.000000 -1.000000
vn 0.000000 0.000000 -1.000000
vn 0.000000 0.000000 -1.000000
vn 0.000000 0.000000 -1.000000
vn -1.000000 -0.000000 -0.000000
vn -1.000000 -0.000000 -0.000000
vn -1.000000 -0.000000 -0.000000
vn -1.000000 -0.000000 -0.000000
vn -0.000000 -1.000000 0.000000
vn -0.000000 -1.000000 0.000000
vn -0.000000 -1.000000 0.000000
vn -0.000000 -1.000000 0.000000
vn -0.000000 -1.000000 0.000000
vn -0.000000 -1.000000 0.000000
vn -0.000000 -1.000000 0.000000
vn -0.000000 -1.000000 0.000000
vn -0.000000 -1.000000 0.000000
vn -0.000000 -1.000000 0.000000
vn -0.000000 -1.000000 0.000000
vn -0.000000 -1.000000 0.000000
vn -0.000000 -1.000000 0.000000
vn -0.000000 -1.000000 0.000000
vn -0.000000 -1.000000 0.000000
vn -0.000000 -1.000000 0.000000
vn -0.000000 -1.000000 0.000000
vn -0.000000 -1.000000 0.000000
vn -0.000000 -1.000000 0.000000
vn -0.000000 -1.000000 0.000000
vn -0.000000 -1.000000 0.000000
vn -0.000000 -1.000000 0.000000
vn -0.000000 -1.000000 0.000000
vn -0.000000 -1.000000 0.000000
vn -0.000000 -1.000000 0.000000
vn -0.000000 -1.000000 0.000000
vn -0.000000 -1.000000 0.000000
vn -0.000000 -1.000000 0.000000
vn -0.000000 -1.000000 0.000000
vn -0.000000 -1.000000 0.000000
vn -0.000000 -1.000000 0.000000
vn -0.000000 -1.000000 0.000000
vn -0.000000 -1.000000 0.000000
vn -0.000000 -1.000000 0.000000
vn -0.000000 -1.000000 0.000000
vn -0.000000 -1.000000 0.000000
vn -0.000000 -1.000000 0.000000
vn -0.000000 -1.000000 0.000000
vn -0.000000 -1.000000 0.000000
vn -0.000000 -1.000000 0.000000
vn -0.000000 -1.000000 0.000000
vn -0.000000 -1.000000 0.000000
vn -0.000000 -1.000000 0.000000
vn -0.000000 -1.000000 0.000000
vn -0.000000 -1.000000 0.000000
vn -0.000000 -1.000000 0.000000
vn -0.000000 -1.000000 0.000000
vn -0.000000 -1.000000 0.000000
vn -0.000000 -1.000000 0.000000
vn -0.000000 -1.000000 0.000000
vn -0.000000 -1.000000 0.000000
vn -0.000000 -1.000000 0.000000
vn -0.000000 -1.000000 0.000000
vn -0.000000 -1.000000 0.000000
vn -0.000000 -1.000000 0.000000
vn -0.000000 -1.000000 0.000000
vn -0.000000 -1.000000 0.000000
vn -0.000000 -1.000000 0.000000
vn -0.000000 -1.000000 0.000000
vn -0.000000 -1.000000 0.000000
vn -0.000000 -1.000000 0.000000
vn -0.000000 -1.000000 0.000000
vn -0.000000 -1.000000 0.000000
vn -0.000000 -1.000000 0.000000
vn -0.000000 -1.000000 0.000000
vn -0.000000 -1.000000 0.000000
vn -0.000000 -1.000000 0.000000
vn -0.000000 -1.000000 0.000000
vn -0.000000 -1.000000 0.000000
vn -0.000000 -1.000000 0.000000
vn -0.000000 -1.000000 0.000000
vn -0.000000 -1.000000 0.000000
vn -0.000000 -1.000000 0.000000
vn -0.000000 -1.000000 0.000000
vn -0.000000 -1.000000 0.000000
vn -0.000000 -1.000000 0.000000
vn -0.000000 -1.000000 0.000000
vn -0.000000 -1.000000 0.000000
vn -0.000000 -1.000000 0.000000
vn -0.000000 -1.000000 0.000000
vn -0.000000 -1.000000 0.000000
vn -0.000000 -1.000000 0.000000
vn -0.000000 -1.000000 0.000000
vn -0.000000 -1.000000 0.000000
vn -0.000000 -1.000000 0.000000
vn -0.000000 -1.000000 0.000000
vn -0.000000 -1.000000 0.000000
vn -0.000000 -1.000000 0.000000
vn -0.000000 -1.000000 0.000000
vn -0.000000 -1.000000 0.000000
vn -0.000000 -1.000000 0.000000
vn -0.000000 -1.000000 0.000000
vn -0.000000 -1.000000 0.000000
vn -0.000000 -1.000000 0.000000
vn -0.000000 -1.000000 0.000000
vn -0.000000 -1.000000 0.000000
vn -0.000000 -1.000000 0.000000
vn -0.000000 -1.000000 0.000000
vn -0.000000 -1.000000 0.000000
vn -0.000000 -1.000000 0.000000
vn -0.000000 -1.000000 0.000000
vn -0.000000 -1.000000 0.000000
vn 0.258819 0.965926 0.000000
vn 0.000000 1.000000 -0.000000
vn 0.185744 0.970469 0.153913
vn 0.000000 0.965926 0.258819
vn 0.084530 0.917502 0.388644
vn 0.000000 0.866025 0.500000
vn 0.310406 0.832423 0.459042
vn 0.201121 0.717801 0.666568
vn 0.518881 0.696665 0.495400
vn 0.407464 0.583430 0.702554
vn 0.696665 0.518881 0.495400
vn 0.583430 0.407464 0.702554
vn 0.832423 0.310406 0.459042
vn 0.717801 0.201121 0.666568
vn 0.866025 -0.000000 0.500000
vn 0.707107 -0.000000 0.707107
vn 0.554261 0.078131 0.828668
vn 0.500000 -0.000000 0.866025
vn 0.430436 0.268280 0.861830
vn 0.248108 0.110813 0.962374
vn 0.110813 0.248108 0.962374
vn -0.000000 -0.000000 1.000000
vn -0.000000 0.258819 0.965926
vn -0.000000 0.500000 0.866025
vn 0.268280 0.430436 0.861830
vn 0.078131 0.554261 0.828668
vn 0.000000 0.707107 0.707107
vn 0.258819 -0.000000 0.965926
vn 0.917502 0.084530 0.388644
vn 0.965926 -0.000000 0.258819
vn 0.970469 0.185744 0.153913
vn 1.000000 0.000000 0.000000
vn 0.965926 0.258819 0.000000
vn 0.890318 0.398536 0.220233
vn 0.866025 0.500000 0.000000
vn 0.762422 0.594936 0.254486
vn 0.707107 0.707107 0.000000
vn 0.594936 0.762422 0.254486
vn 0.500000 0.866025 0.000000
vn 0.398536 0.890318 0.220233
vn -0.000000 -0.000000 1.000000
vn 0.258819 -0.000000 0.965926
vn 0.500000 -0.000000 0.866025
vn 0.707107 -0.000000 0.707107
vn 0.866025 -0.000000 0.500000
vn 0.965926 -0.000000 0.258819
vn 1.000000 0.000000 0.000000
vn 0.000000 0.965926 -0.258819
vn 0.000000 1.000000 -0.000000
vn 0.185744 0.970469 -0.153913
vn 0.258819 0.965926 0.000000
vn 0.398536 0.890318 -0.220233
vn 0.500000 0.866025 0.000000
vn 0.594936 0.762422 -0.254486
vn 0.707107 0.707107 0.000000
vn 0.762422 0.594936 -0.254486
vn 0.866025 0.500000 0.000000
vn 0.890318 0.398536 -0.220233
vn 0.965926 0.258819 0.000000
vn 0.970469 0.185744 -0.153913
vn 1.000000 -0.000000 0.000000
vn 0.965926 0.000000 -0.258819
vn 0.917502 0.084530 -0.388644
vn 0.866025 0.000000 -0.500000
vn 0.832423 0.310406 -0.459042
vn 0.717801 0.201121 -0.666568
vn 0.696665 0.518881 -0.495400
vn 0.583430 0.407464 -0.702554
vn 0.518881 0.696665 -0.495400
vn 0.407464 0.583430 -0.702554
vn 0.310406 0.832423 -0.459042
vn 0.201121 0.717801 -0.666568
vn 0.000000 0.866025 -0.500000
vn 0.000000 0.707107 -0.707107
vn 0.078131 0.554261 -0.828668
vn 0.000000 0.500000 -0.866025
vn 0.268280 0.430436 -0.861830
vn 0.110813 0.248108 -0.962374
vn 0.248108 0.110813 -0.962374
vn 0.000000 0.000000 -1.000000
vn 0.258819 0.000000 -0.965926
vn 0.500000 0.000000 -0.866025
vn 0.430436 0.268280 -0.861830
vn 0.554261 0.078131 -0.828668
vn 0.707107 0.000000 -0.707107
vn 0.000000 0.258819 -0.965926
vn 0.084530 0.917502 -0.388644
vn 1.000000 0.000000 0.000000
vn 0.965926 0.000000 -0.258819
vn 0.866025 0.000000 -0.500000
vn 0.707107 0.000000 -0.707107
vn 0.500000 0.000000 -0.866025
vn 0.258819 0.000000 -0.965926
vn 0.000000 0.000000 -1.000000
vn -0.258819 0.965926 -0.000000
vn -0.248108 0.962374 0.110813
vn 0.000000 1.000000 -0.000000
vn -0.110813 0.962374 0.248108
vn -0.000000 0.965926 0.258819
vn -0.000000 0.866025 0.500000
vn -0.268280 0.861830 0.430436
vn -0.078131 0.828668 0.554261
vn -0.407464 0.702554 0.583430
vn -0.201121 0.666568 0.717801
vn -0.518881 0.495400 0.696665
vn -0.310406 0.459042 0.832423
vn -0.594936 0.254486 0.762422
vn -0.398536 0.220233 0.890318
vn -0.500000 -0.000000 0.866025
vn -0.258819 -0.000000 0.965926
vn -0.500000 0.866025 -0.000000
vn -0.430436 0.861830 0.268280
vn -0.554261 0.828668 0.078131
vn -0.707107 0.707107 -0.000000
vn -0.717801 0.666568 0.201121
vn -0.866025 0.500000 -0.000000
vn -0.832423 0.459042 0.310406
vn -0.917502 0.388644 0.084530
vn -0.970469 0.153913 0.185744
vn -0.965926 0.258819 -0.000000
vn -1.000000 0.000000 -0.000000
vn -0.965926 -0.000000 0.258819
vn -0.890318 0.220233 0.398536
vn -0.696665 0.495400 0.518881
vn -0.583430 0.702554 0.407464
vn -0.866025 -0.000000 0.500000
vn -0.762422 0.254486 0.594936
vn -0.707107 -0.000000 0.707107
vn -0.185744 0.153913 0.970469
vn -0.000000 -0.000000 1.000000
vn -0.000000 0.258819 0.965926
vn -0.084530 0.388644 0.917502
vn -0.000000 0.500000 0.866025
vn -0.000000 0.707107 0.707107
vn -1.000000 -0.000000 -0.000000
vn -0.965926 -0.000000 0.258819
vn -0.866025 -0.000000 0.500000
vn -0.707107 -0.000000 0.707107
vn -0.500000 -0.000000 0.866025
vn -0.258819 -0.000000 0.965926
vn -0.000000 -0.000000 1.000000
vn -0.000000 0.258819 0.965926
vn -0.000000 0.500000 0.866025
vn 0.000000 0.707107 0.707107
vn 0.000000 0.866025 0.500000
vn 0.000000 0.965926 0.258819
vn 0.000000 0.965926 -0.258819
vn -0.110813 0.962374 -0.248108
vn 0.000000 1.000000 -0.000000
vn -0.248108 0.962374 -0.110813
vn -0.258819 0.965926 -0.000000
vn -0.500000 0.866025 -0.000000
vn -0.430436 0.861830 -0.268280
vn -0.554261 0.828668 -0.078131
vn -0.583430 0.702554 -0.407464
vn -0.717801 0.666568 -0.201121
vn -0.696665 0.495400 -0.518881
vn -0.832423 0.459042 -0.310406
vn -0.762422 0.254486 -0.594936
vn -0.890318 0.220233 -0.398536
vn -0.866025 0.000000 -0.500000
vn -0.965926 0.000000 -0.258819
vn 0.000000 0.866025 -0.500000
vn -0.268280 0.861830 -0.430436
vn -0.078131 0.828668 -0.554261
vn 0.000000 0.707107 -0.707107
vn -0.201121 0.666568 -0.717801
vn 0.000000 0.500000 -0.866025
vn -0.310406 0.459042 -0.832423
vn -0.084530 0.388644 -0.917502
vn -0.185744 0.153913 -0.970469
vn 0.000000 0.258819 -0.965926
vn 0.000000 0.000000 -1.000000
vn -0.258819 0.000000 -0.965926
vn -0.398536 0.220233 -0.890318
vn -0.518881 0.495400 -0.696665
vn -0.407464 0.702554 -0.583430
vn -0.500000 0.000000 -0.866025
vn -0.594936 0.254486 -0.762422
vn -0.707107 0.000000 -0.707107
vn -0.970469 0.153913 -0.185744
vn -1.000000 0.000000 -0.000000
vn -0.965926 0.258819 -0.000000
vn -0.917502 0.388644 -0.084530
vn -0.866025 0.500000 -0.000000
vn -0.707107 0.707107 -0.000000
vn 0.000000 0.000000 -1.000000
vn -0.258819 0.000000 -0.965926
vn -0.500000 0.000000 -0.866025
vn -0.707107 0.000000 -0.707107
vn -0.866025 0.000000 -0.500000
vn -0.965926 0.000000 -0.258819
vn -1.000000 -0.000000 -0.000000
vn -0.965926 0.258819 -0.000000
vn -0.965926 0.258819 -0.000000
vn -0.965926 0.258819 -0.000000
vn -0.866025 0.500000 -0.000000
vn -0.707107 0.707107 -0.000000
vn -0.500000 0.866025 -0.000000
vn -0.258819 0.965926 -0.000000
vn -0.258819 0.965926 -0.000000
vn -0.258819 0.965926 -0.000000
vn -0.500000 0.866025 -0.000000
vn -0.707107 0.707107 -0.000000
vn -0.866025 0.500000 -0.000000
vn -0.866025 0.500000 -0.000000
vn -0.707107 0.707107 -0.000000
vn -0.500000 0.866025 -0.000000
vn 0.000000 0.258819 -0.965926
vn 0.000000 0.500000 -0.866025
vn 0.000000 0.707107 -0.707107
vn 0.000000 0.866025 -0.500000
vn 0.000000 0.965926 -0.258819
vn 0.965926 0.258819 0.000000
vn 0.965926 0.258819 0.000000
vn 0.965926 0.258819 0.000000
vn 0.866025 0.500000 0.000000
vn 0.707107 0.707107 0.000000
vn 0.500000 0.866025 0.000000
vn 0.258819 0.965926 0.000000
vn 0.258819 0.965926 0.000000
vn 0.258819 0.965926 0.000000
vn 0.500000 0.866025 0.000000
vn 0.707107 0.707107 0.000000
vn 0.866025 0.500000 0.000000
vn 0.866025 0.500000 0.000000
vn 0.707107 0.707107 0.000000
vn 0.500000 0.866025 0.000000
vn -0.000000 -0.000000 1.000000
vn -0.000000 -0.000000 1.000000
vn -0.000000 -0.000000 1.000000
vn -0.000000 -0.000000 1.000000
vn -1.000000 -0.000000 -0.000000
vn -1.000000 -0.000000 -0.000000
vn -1.000000 -0.000000 -0.000000
vn -1.000000 -0.000000 -0.000000
vn -0.000000 -1.000000 0.000000
vn -0.000000 -1.000000 0.000000
vn -0.000000 -1.000000 0.000000
vn -0.000000 -1.000000 0.000000
vn -0.000000 -1.000000 0.000000
vn -0.000000 -1.000000 0.000000
vn -0.000000 -1.000000 0.000000
vn -0.000000 -1.000000 0.000000
vn -0.000000 -1.000000 0.000000
vn -0.000000 -1.000000 0.000000
vn -0.000000 -1.000000 0.000000
vn -0.000000 -1.000000 0.000000
vn -0.000000 -1.000000 0.000000
vn -0.000000 -1.000000 0.000000
vn -0.000000 -1.000000 0.000000
vn -0.000000 -1.000000 0.000000
vn -0.000000 -1.000000 0.000000
vn -0.000000 -1.000000 0.000000
vn 0.000000 1.000000 -0.000000
vn 0.000000 1.000000 -0.000000
vn 0.000000 1.000000 -0.000000
vn 0.000000 1.000000 -0.000000
vn 0.000000 1.000000 -0.000000
vn 0.000000 1.000000 -0.000000
vn 0.000000 1.000000 -0.000000
vn 0.000000 1.000000 -0.000000
vn 0.000000 1.000000 -0.000000
vn 0.000000 1.000000 -0.000000
vn 0.000000 1.000000 -0.000000
vn 0.000000 1.000000 -0.000000
vn 0.000000 1.000000 -0.000000
vn 0.000000 1.000000 -0.000000
vn 0.000000 1.000000 -0.000000
vn 0.000000 1.000000 -0.000000
vn 0.000000 1.000000 -0.000000
vn 0.000000 1.000000 -0.000000
vn 0.000000 1.000000 -0.000000
vn 0.000000 1.000000 -0.000000
vn 0.000000 1.000000 -0.000000
vn 0.000000 1.000000 -0.000000
vn 0.000000 1.000000 -0.000000
vn 0.000000 1.000000 -0.000000
vn 0.000000 1.000000 -0.000000
vn 0.000000 1.000000 -0.000000
vn 0.000000 1.000000 -0.000000
vn 0.000000 1.000000 -0.000000
vn 0.000000 1.000000 -0.000000
vn 0.000000 1.000000 -0.000000
vn 0.000000 1.000000 -0.000000
vn 0.000000 1.000000 -0.000000
vn 0.000000 1.000000 -0.000000
vn 0.000000 1.000000 -0.000000
vn 0.000000 1.000000 -0.000000
vn 0.000000 1.000000 -0.000000
vn 0.000000 1.000000 -0.000000
vn 0.000000 1.000000 -0.000000
vn 0.000000 1.000000 -0.000000
vn 0.000000 1.000000 -0.000000
vn 0.000000 1.000000 -0.000000
vn 0.000000 1.000000 -0.000000
vn 0.000000 1.000000 -0.000000
vn 0.000000 1.000000 -0.000000
vn 0.000000 1.000000 -0.000000
vn 0.000000 1.000000 -0.000000
vn 0.000000 1.000000 -0.000000
vn 0.000000 1.000000 -0.000000
vn 0.000000 1.000000 -0.000000
vn 0.000000 1.000000 -0.000000
vn 0.000000 1.000000 -0.000000
vn 0.000000 1.000000 -0.000000
vn 0.000000 1.000000 -0.000000
vn 0.000000 1.000000 -0.000000
vn 0.000000 1.000000 -0.000000
vn 0.000000 1.000000 -0.000000
vn 0.000000 1.000000 -0.000000
vn 0.000000 1.000000 -0.000000
vn 0.000000 1.000000 -0.000000
vn 0.000000 1.000000 -0.000000
vn 0.000000 1.000000 -0.000000
vn 0.000000 1.000000 -0.000000
vn 0.000000 1.000000 -0.000000
vn 0.000000 1.000000 -0.000000
vn 0.000000 1.000000 -0.000000
vn 0.000000 1.000000 -0.000000
vn 0.000000 1.000000 -0.000000
vn 0.000000 1.000000 -0.000000
vn 0.000000 1.000000 -0.000000
vn 0.000000 1.000000 -0.000000
vn 0.000000 1.000000 -0.000000
vn 0.000000 1.000000 -0.000000
vn 0.000000 1.000000 -0.000000
vn 0.000000 1.000000 -0.000000
vn 0.000000 1.000000 -0.000000
vn 0.000000 1.000000 -0.000000
vn 0.000000 1.000000 -0.000000
vn 0.000000 1.000000 -0.000000
vn 0.000000 1.000000 -0.000000
vn 0.000000 1.000000 -0.000000
vn 0.000000 1.000000 -0.000000
vn 0.000000 1.000000 -0.000000
vn 0.000000 1.000000 -0.000000
vn 0.000000 1.000000 -0.000000
vn 0.000000 1.000000 -0.000000
vn 0.000000 1.000000 -0.000000
vn 0.000000 1.000000 -0.000000
vn 0.000000 1.000000 -0.000000
vn 0.000000 1.000000 -0.000000
vn 0.000000 1.000000 -0.000000
vn 0.000000 1.000000 -0.000000
vn 0.000000 1.000000 -0.000000
vn 0.000000 1.000000 -0.000000
vn 0.000000 1.000000 -0.000000
vn 0.000000 1.000000 -0.000000
vn 0.000000 1.000000 -0.000000
vn 0.000000 1.000000 -0.000000
vn 0.000000 1.000000 -0.000000
vn 0.000000 1.000000 -0.000000
vn 0.000000 1.000000 -0.000000
vn 0.000000 1.000000 -0.000000
vn 0.000000 1.000000 -0.000000
vn -0.000000 -1.000000 0.000000
vn -0.000000 -1.000000 0.000000
vn -0.000000 -1.000000 0.000000
vn -0.000000 -1.000000 0.000000
vn 1.000000 0.000000 0.000000
vn 1.000000 0.000000 0.000000
vn 1.000000 0.000000 0.000000
vn 1.000000 0.000000 0.000000
vn -1.000000 -0.000000 -0.000000
vn -1.000000 -0.000000 -0.000000
vn -1.000000 -0.000000 -0.000000
vn -1.000000 -0.000000 -0.000000
vn -0.000000 -0.000000 1.000000
vn -0.000000 -0.000000 1.000000
vn -0.000000 -0.000000 1.000000
vn -0.000000 -0.000000 1.000000
vn -0.000000 -1.000000 0.000000
vn -0.000000 -1.000000 0.000000
vn -0.000000 -1.000000 0.000000
vn -0.000000 -1.000000 0.000000
vn -0.000000 -1.000000 0.000000
vn -0.000000 -1.000000 0.000000
vn -0.000000 -1.000000 0.000000
vn -0.000000 -1.000000 0.000000
vn -0.000000 -1.000000 0.000000
vn -0.000000 -1.000000 0.000000
vn -0.000000 -1.000000 0.000000
vn -0.000000 -1.000000 0.000000
vn -0.000000 -1.000000 0.000000
vn -0.000000 -1.000000 0.000000
vn -0.000000 -1.000000 0.000000
vn -0.000000 -1.000000 0.000000
vn -0.000000 -1.000000 0.000000
vn -0.000000 -1.000000 0.000000
vn -0.500000 0.000000 -0.866025
vn -0.500000 0.000000 -0.866025
vn -0.500000 0.000000 -0.866025
vn -0.500000 0.000000 -0.866025
vn -1.000000 -0.000000 -0.000000
vn -1.000000 -0.000000 -0.000000
vn -1.000000 -0.000000 -0.000000
vn -1.000000 -0.000000 -0.000000
vn -0.500000 -0.000000 0.866025
vn -0.500000 -0.000000 0.866025
vn -0.500000 -0.000000 0.866025
vn -0.500000 -0.000000 0.866025
vn 0.500000 -0.000000 0.866025
vn 0.500000 -0.000000 0.866025
vn 0.500000 -0.000000 0.866025
vn 0.500000 -0.000000 0.866025
vn 1.000000 0.000000 0.000000
vn 1.000000 0.000000 0.000000
vn 1.000000 0.000000 0.000000
vn 1.000000 0.000000 0.000000
vn 0.500000 0.000000 -0.866025
vn 0.500000 0.000000 -0.866025
vn 0.500000 0.000000 -0.866025
vn 0.500000 0.000000 -0.866025
vn -0.500000 0.000000 -0.866025
vn -0.500000 0.000000 -0.866025
vn -0.500000 0.000000 -0.866025
vn -0.500000 0.000000 -0.866025
vn -1.000000 -0.000000 -0.000000
vn -1.000000 -0.000000 -0.000000
vn -1.000000 -0.000000 -0.000000
vn -1.000000 -0.000000 -0.000000
vn -0.500000 -0.000000 0.866025
vn -0.500000 -0.000000 0.866025
vn -0.500000 -0.000000 0.866025
vn -0.500000 -0.000000 0.866025
vn 0.500000 -0.000000 0.866025
vn 0.500000 -0.000000 0.866025
vn 0.500000 -0.000000 0.866025
vn 0.500000 -0.000000 0.866025
vn 1.000000 0.000000 0.000000
vn 1.000000 0.000000 0.000000
vn 1.000000 0.000000 0.000000
vn 1.000000 0.000000 0.000000
vn 0.500000 0.000000 -0.866025
vn 0.500000 0.000000 -0.866025
vn 0.500000 0.000000 -0.866025
vn 0.500000 0.000000 -0.866025
vn -0.500000 0.000000 -0.866025
vn -0.500000 0.000000 -0.866025
vn -0.500000 0.000000 -0.866025
vn -0.500000 0.000000 -0.866025
vn -1.000000 -0.000000 -0.000000
vn -1.000000 -0.000000 -0.000000
vn -1.000000 -0.000000 -0.000000
vn -1.000000 -0.000000 -0.000000
vn -0.500000 -0.000000 0.866025
vn -0.500000 -0.000000 0.866025
vn -0.500000 -0.000000 0.866025
vn -0.500000 -0.000000 0.866025
vn 0.500000 -0.000000 0.866025
vn 0.500000 -0.000000 0.866025
vn 0.500000 -0.000000 0.866025
vn 0.500000 -0.000000 0.866025
vn 1.000000 0.000000 0.000000
vn 1.000000 0.000000 0.000000
vn 1.000000 0.000000 0.000000
vn 1.000000 0.000000 0.000000
vn 0.500000 0.000000 -0.866025
vn 0.500000 0.000000 -0.866025
vn 0.500000 0.000000 -0.866025
vn 0.500000 0.000000 -0.866025
vn -0.500000 0.000000 -0.866025
vn -0.500000 0.000000 -0.866025
vn -0.500000 0.000000 -0.866025
vn -0.500000 0.000000 -0.866025
vn -1.000000 -0.000000 -0.000000
vn -1.000000 -0.000000 -0.000000
vn -1.000000 -0.000000 -0.000000
vn -1.000000 -0.000000 -0.000000
vn -0.500000 -0.000000 0.866025
vn -0.500000 -0.000000 0.866025
vn -0.500000 -0.000000 0.866025
vn -0.500000 -0.000000 0.866025
vn 0.500000 -0.000000 0.866025
vn 0.500000 -0.000000 0.866025
vn 0.500000 -0.000000 0.866025
vn 0.500000 -0.000000 0.866025
vn 1.000000 0.000000 0.000000
vn 1.000000 0.000000 0.000000
vn 1.000000 0.000000 0.000000
vn 1.000000 0.000000 0.000000
vn 0.500000 0.000000 -0.866025
vn 0.500000 0.000000 -0.866025
vn 0.500000 0.000000 -0.866025
vn 0.500000 0.000000 -0.866025
vn -0.500000 0.000000 -0.866025
vn -0.500000 0.000000 -0.866025
vn -0.500000 0.000000 -0.866025
vn -0.500000 0.000000 -0.866025
vn -1.000000 -0.000000 -0.000000
vn -1.000000 -0.000000 -0.000000
vn -1.000000 -0.000000 -0.000000
vn -1.000000 -0.000000 -0.000000
vn -0.500000 -0.000000 0.866025
vn -0.500000 -0.000000 0.866025
vn -0.500000 -0.000000 0.866025
vn -0.500000 -0.000000 0.866025
vn 0.500000 -0.000000 0.866025
vn 0.500000 -0.000000 0.866025
vn 0.500000 -0.000000 0.866025
vn 0.500000 -0.000000 0.866025
vn 1.000000 0.000000 0.000000
vn 1.000000 0.000000 0.000000
vn 1.000000 0.000000 0.000000
vn 1.000000 0.000000 0.000000
vn 0.500000 0.000000 -0.866025
vn 0.500000 0.000000 -0.866025
vn 0.500000 0.000000 -0.866025
vn 0.500000 0.000000 -0.866025
vn -0.500000 0.000000 -0.866025
vn -0.500000 0.000000 -0.866025
vn -0.500000 0.000000 -0.866025
vn -0.500000 0.000000 -0.866025
vn -1.000000 -0.000000 -0.000000
vn -1.000000 -0.000000 -0.000000
vn -1.000000 -0.000000 -0.000000
vn -1.000000 -0.000000 -0.000000
vn -0.500000 -0.000000 0.866025
vn -0.500000 -0.000000 0.866025
vn -0.500000 -0.000000 0.866025
vn -0.500000 -0.000000 0.866025
vn 0.500000 -0.000000 0.866025
vn 0.500000 -0.000000 0.866025
vn 0.500000 -0.000000 0.866025
vn 0.500000 -0.000000 0.866025
vn 1.000000 0.000000 0.000000
vn 1.000000 0.000000 0.000000
vn 1.000000 0.000000 0.000000
vn 1.000000 0.000000 0.000000
vn 0.500000 0.000000 -0.866025
vn 0.500000 0.000000 -0.866025
vn 0.500000 0.000000 -0.866025
vn 0.500000 0.000000 -0.866025
vn 0.500000 0.000000 -0.866025
vn 0.500000 0.000000 -0.866025
vn 0.500000 0.000000 -0.866025
vn 0.500000 0.000000 -0.866025
vn -0.500000 0.000000 -0.866025
vn -0.500000 0.000000 -0.866025
vn -0.500000 0.000000 -0.866025
vn -0.500000 0.000000 -0.866025
vn -1.000000 -0.000000 -0.000000
vn -1.000000 -0.000000 -0.000000
vn -1.000000 -0.000000 -0.000000
vn -1.000000 -0.000000 -0.000000
vn -0.500000 -0.000000 0.866025
vn -0.500000 -0.000000 0.866025
vn -0.500000 -0.000000 0.866025
vn -0.500000 -0.000000 0.866025
vn 0.500000 -0.000000 0.866025
vn 0.500000 -0.000000 0.866025
vn 0.500000 -0.000000 0.866025
vn 0.500000 -0.000000 0.866025
vn 1.000000 0.000000 0.000000
vn 1.000000 0.000000 0.000000
vn 1.000000 0.000000 0.000000
vn 1.000000 0.000000 0.000000
vn -0.500000 0.000000 -0.866025
vn -0.500000 0.000000 -0.866025
vn -0.500000 0.000000 -0.866025
vn -0.500000 0.000000 -0.866025
vn -1.000000 -0.000000 -0.000000
vn -1.000000 -0.000000 -0.000000
vn -1.000000 -0.000000 -0.000000
vn -1.000000 -0.000000 -0.000000
vn -0.500000 -0.000000 0.866025
vn -0.500000 -0.000000 0.866025
vn -0.500000 -0.000000 0.866025
vn -0.500000 -0.000000 0.866025
vn 0.500000 -0.000000 0.866025
vn 0.500000 -0.000000 0.866025
vn 0.500000 -0.000000 0.866025
vn 0.500000 -0.000000 0.866025
vn 1.000000 0.000000 0.000000
vn 1.000000 0.000000 0.000000
vn 1.000000 0.000000 0.000000
vn 1.000000 0.000000 0.000000
vn 0.500000 0.000000 -0.866025
vn 0.500000 0.000000 -0.866025
vn 0.500000 0.000000 -0.866025
vn 0.500000 0.000000 -0.866025
vn -0.500000 0.000000 -0.866025
vn -0.500000 0.000000 -0.866025
vn -0.500000 0.000000 -0.866025
vn -0.500000 0.000000 -0.866025
vn -1.000000 -0.000000 -0.000000
vn -1.000000 -0.000000 -0.000000
vn -1.000000 -0.000000 -0.000000
vn -1.000000 -0.000000 -0.000000
vn -0.500000 -0.000000 0.866025
vn -0.500000 -0.000000 0.866025
vn -0.500000 -0.000000 0.866025
vn -0.500000 -0.000000 0.866025
vn 0.500000 -0.000000 0.866025
vn 0.500000 -0.000000 0.866025
vn 0.500000 -0.000000 0.866025
vn 0.500000 -0.000000 0.866025
vn 1.000000 0.000000 0.000000
vn 1.000000 0.000000 0.000000
vn 1.000000 0.000000 0.000000
vn 1.000000 0.000000 0.000000
vn 0.500000 0.000000 -0.866025
vn 0.500000 0.000000 -0.866025
vn 0.500000 0.000000 -0.866025
vn 0.500000 0.000000 -0.866025
vn 0.258819 -0.000000 0.965926
vn 0.258819 -0.000000 0.965926
vn 0.000000 -0.000000 1.000000
vn 0.000000 -0.000000 1.000000
vn -0.258819 -0.000000 0.965926
vn -0.258819 -0.000000 0.965926
vn -0.500000 -0.000000 0.866025
vn -0.500000 -0.000000 0.866025
vn -0.707107 -0.000000 0.707107
vn -0.707107 -0.000000 0.707107
vn -0.866025 -0.000000 0.500000
vn -0.866025 -0.000000 0.500000
vn -0.965926 -0.000000 0.258819
vn -0.965926 -0.000000 0.258819
vn -1.000000 -0.000000 -0.000000
vn -1.000000 -0.000000 -0.000000
vn -0.965926 0.000000 -0.258819
vn -0.965926 0.000000 -0.258819
vn -0.866025 0.000000 -0.500000
vn -0.866025 0.000000 -0.500000
vn -0.707107 0.000000 -0.707107
vn -0.707107 0.000000 -0.707107
vn -0.500000 0.000000 -0.866025
vn -0.500000 0.000000 -0.866025
vn -0.258819 0.000000 -0.965926
vn -0.258819 0.000000 -0.965926
vn 0.000000 0.000000 -1.000000
vn 0.000000 0.000000 -1.000000
vn 0.258819 0.000000 -0.965926
vn 0.258819 0.000000 -0.965926
vn 0.500000 0.000000 -0.866025
vn 0.500000 0.000000 -0.866025
vn 0.707107 0.000000 -0.707107
vn 0.707107 0.000000 -0.707107
vn 0.866025 0.000000 -0.500000
vn 0.866025 0.000000 -0.500000
vn 0.965926 0.000000 -0.258819
vn 0.965926 0.000000 -0.258819
vn 1.000000 0.000000 0.000000
vn 1.000000 0.000000 0.000000
vn 0.965926 -0.000000 0.258819
vn 0.965926 -0.000000 0.258819
vn 0.866025 -0.000000 0.500000
vn 0.866025 -0.000000 0.500000
vn 0.707107 -0.000000 0.707107
vn 0.707107 -0.000000 0.707107
vn 0.500000 -0.000000 0.866025
vn 0.500000 -0.000000 0.866025
vn 0.258819 -0.000000 0.965926
vn 0.258819 -0.000000 0.965926
vn 0.000000 -0.000000 1.000000
vn 0.000000 -0.000000 1.000000
vn -0.258819 -0.000000 0.965926
vn -0.258819 -0.000000 0.965926
vn -0.500000 -0.000000 0.866025
vn -0.500000 -0.000000 0.866025
vn -0.707107 -0.000000 0.707107
vn -0.707107 -0.000000 0.707107
vn -0.866025 -0.000000 0.500000
vn -0.866025 -0.000000 0.500000
vn -0.965926 -0.000000 0.258819
vn -0.965926 -0.000000 0.258819
vn -1.000000 -0.000000 -0.000000
vn -1.000000 -0.000000 -0.000000
vn -0.965926 0.000000 -0.258819
vn -0.965926 0.000000 -0.258819
vn -0.866025 0.000000 -0.500000
vn -0.866025 0.000000 -0.500000
vn -0.707107 0.000000 -0.707107
vn -0.707107 0.000000 -0.707107
vn -0.500000 0.000000 -0.866025
vn -0.500000 0.000000 -0.866025
vn -0.258819 0.000000 -0.965926
vn -0.258819 0.000000 -0.965926
vn 0.000000 0.000000 -1.000000
vn 0.000000 0.000000 -1.000000
vn 0.258819 0.000000 -0.965926
vn 0.258819 0.000000 -0.965926
vn 0.500000 0.000000 -0.866025
vn 0.500000 0.000000 -0.866025
vn 0.707107 0.000000 -0.707107
vn 0.707107 0.000000 -0.707107
vn 0.866025 0.000000 -0.500000
vn 0.866025 0.000000 -0.500000
vn 0.965926 0.000000 -0.258819
vn 0.965926 0.000000 -0.258819
vn 1.000000 0.000000 0.000000
vn 1.000000 0.000000 0.000000
vn 0.965926 -0.000000 0.258819
vn 0.965926 -0.000000 0.258819
vn 0.866025 -0.000000 0.500000
vn 0.866025 -0.000000 0.500000
vn 0.707107 -0.000000 0.707107
vn 0.707107 -0.000000 0.707107
vn 0.500000 -0.000000 0.866025
vn 0.500000 -0.000000 0.866025
vn -0.000000 -0.000000 1.000000
vn -0.000000 -0.000000 1.000000
vn -0.000000 -0.000000 1.000000
vn -0.000000 -0.000000 1.000000
vn -0.000000 -0.000000 1.000000
vn -0.000000 -0.000000 1.000000
vn -0.000000 -0.000000 1.000000
vn -0.000000 -1.000000 0.000000
vn -0.000000 -1.000000 0.000000
vn -0.000000 -1.000000 0.000000
vn -0.000000 -1.000000 0.000000
vn 0.000000 1.000000 -0.000000
vn 0.000000 1.000000 -0.000000
vn 0.000000 1.000000 -0.000000
vn 0.000000 1.000000 -0.000000
vn -1.000000 -0.000000 -0.000000
vn -1.000000 -0.000000 -0.000000
vn -1.000000 -0.000000 -0.000000
vn -1.000000 -0.000000 -0.000000
vn -0.707107 -0.707107 -0.000000
vn -0.707107 -0.707107 -0.000000
vn -0.707107 -0.707107 -0.000000
vn -0.707107 -0.707107 -0.000000
vn 0.000000 0.000000 -1.000000
vn 0.000000 0.000000 -1.000000
vn 0.000000 0.000000 -1.000000
vn 0.000000 0.000000 -1.000000
vn 0.000000 0.000000 -1.000000
vn 0.000000 0.000000 -1.000000
vn 0.000000 0.000000 -1.000000
vn -0.000000 -0.000000 1.000000
vn -0.000000 -0.000000 1.000000
vn -0.000000 -0.000000 1.000000
vn -0.000000 -0.000000 1.000000
vn -0.000000 -0.000000 1.000000
vn -0.000000 -0.000000 1.000000
vn -0.000000 -0.000000 1.000000
vn 0.707107 -0.707107 0.000000
vn 0.707107 -0.707107 0.000000
vn 0.707107 -0.707107 0.000000
vn 0.707107 -0.707107 0.000000
vn 1.000000 0.000000 0.000000
vn 1.000000 0.000000 0.000000
vn 1.000000 0.000000 0.000000
vn 1.000000 0.000000 0.000000
vn 0.000000 1.000000 -0.000000
vn 0.000000 1.000000 -0.000000
vn 0.000000 1.000000 -0.000000
vn 0.000000 1.000000 -0.000000
vn -0.000000 -1.000000 0.000000
vn -0.000000 -1.000000 0.000000
vn -0.000000 -1.000000 0.000000
vn -0.000000 -1.000000 0.000000
vn 0.000000 0.000000 -1.000000
vn 0.000000 0.000000 -1.000000
vn 0.000000 0.000000 -1.000000
vn 0.000000 0.000000 -1.000000
vn 0.000000 0.000000 -1.000000
vn 0.000000 0.000000 -1.000000
vn 0.000000 0.000000 -1.000000
vn 1.000000 0.000000 0.000000
vn 1.000000 0.000000 0.000000
vn 1.000000 0.000000 0.000000
vn 1.000000 0.000000 0.000000
vn 1.000000 0.000000 0.000000
vn 1.000000 0.000000 0.000000
vn 1.000000 0.000000 0.000000
vn 1.000000 0.000000 0.000000
vn 0.000000 0.000000 -1.000000
vn 0.000000 0.000000 -1.000000
vn 0.000000 0.000000 -1.000000
vn 0.000000 0.000000 -1.000000
usemtl Plastique_-_Translucide_mat_(gris)
f 2413/4937/4821 2407/4938/4822 2412/4939/4823
f 2412/4939/4823 2407/4938/4822 2408/4940/4824
f 2412/4939/4823 2408/4940/4824 2409/4941/4825
f 2409/4941/4825 2410/4942/4826 2412/4939/4823
f 2412/4939/4823 2410/4942/4826 2411/4943/4827
f 2414/4944/4828 2415/4945/4829 2408/4946/4830
f 2408/4946/4830 2415/4945/4829 2409/4947/4831
f 2416/4948/4832 2417/4949/4833 2412/4950/4834
f 2412/4950/4834 2417/4949/4833 2413/4951/4835
f 2417/4952/4836 2418/4953/4837 2413/4954/4838
f 2413/4954/4838 2418/4953/4837 2407/4955/4839
f 2418/4956/4840 2414/4957/4841 2407/4958/4842
f 2407/4958/4842 2414/4957/4841 2408/4959/4843
f 2415/4960/4844 2414/4961/4845 2416/4962/4846
f 2416/4962/4846 2414/4961/4845 2418/4963/4847
f 2416/4962/4846 2418/4963/4847 2417/4964/4848
f 2419/4965/4849 2420/4966/4850 2416/4962/4846
f 2416/4962/4846 2420/4966/4850 2415/4960/4844
f 2411/4967/4851 2410/4968/4852 2436/4969/4853
f 2436/4969/4853 2410/4968/4852 2421/4970/4854
f 2436/4969/4853 2421/4970/4854 2422/4971/4855
f 2436/4969/4853 2422/4971/4855 2435/4972/4856
f 2435/4972/4856 2422/4971/4855 2423/4973/4857
f 2435/4972/4856 2423/4973/4857 2424/4974/4858
f 2435/4972/4856 2424/4974/4858 2434/4975/4859
f 2434/4975/4859 2424/4974/4858 2425/4976/4860
f 2434/4975/4859 2425/4976/4860 2426/4977/4861
f 2434/4975/4859 2426/4977/4861 2433/4978/4862
f 2433/4978/4862 2426/4977/4861 2427/4979/4863
f 2433/4978/4862 2427/4979/4863 2432/4980/4864
f 2432/4980/4864 2427/4979/4863 2431/4981/4865
f 2431/4981/4865 2427/4979/4863 2430/4982/4866
f 2430/4982/4866 2427/4979/4863 2429/4983/4867
f 2429/4983/4867 2427/4979/4863 2428/4984/4868
f 2419/4985/4869 2437/4986/4870 2420/4987/4871
f 2420/4987/4871 2437/4986/4870 2452/4988/4872
f 2452/4988/4872 2437/4986/4870 2451/4989/4873
f 2451/4989/4873 2437/4986/4870 2438/4990/4874
f 2451/4989/4873 2438/4990/4874 2450/4991/4875
f 2450/4991/4875 2438/4990/4874 2449/4992/4876
f 2449/4992/4876 2438/4990/4874 2439/4993/4877
f 2449/4992/4876 2439/4993/4877 2448/4994/4878
f 2448/4994/4878 2439/4993/4877 2447/4995/4879
f 2447/4995/4879 2439/4993/4877 2440/4996/4880
f 2447/4995/4879 2440/4996/4880 2446/4997/4881
f 2446/4997/4881 2440/4996/4880 2441/4998/4882
f 2446/4997/4881 2441/4998/4882 2442/4999/4883
f 2442/4999/4883 2443/5000/4884 2446/4997/4881
f 2446/4997/4881 2443/5000/4884 2445/5001/4885
f 2445/5001/4885 2443/5000/4884 2444/5002/4886
f 2470/5003/4887 2453/5004/4888 2471/5005/4889
f 2471/5005/4889 2453/5004/4888 2454/5006/4890
f 2471/5005/4889 2454/5006/4890 2473/5007/4891
f 2473/5007/4891 2454/5006/4890 2455/5008/4892
f 2473/5007/4891 2455/5008/4892 2477/5009/4893
f 2477/5009/4893 2455/5008/4892 2456/5010/4894
f 2477/5009/4893 2456/5010/4894 2482/5011/4895
f 2482/5011/4895 2456/5010/4894 2457/5012/4896
f 2482/5011/4895 2457/5012/4896 2487/5013/4897
f 2487/5013/4897 2457/5012/4896 2458/5014/4898
f 2487/5013/4897 2458/5014/4898 2491/5015/4899
f 2491/5015/4899 2458/5014/4898 2459/5016/4900
f 2491/5015/4899 2459/5016/4900 2460/5017/4901
f 2491/5015/4899 2460/5017/4901 2492/5018/4902
f 2492/5018/4902 2460/5017/4901 2461/5019/4903
f 2492/5018/4902 2461/5019/4903 2488/5020/4904
f 2488/5020/4904 2461/5019/4903 2489/5021/4905
f 2488/5020/4904 2489/5021/4905 2483/5022/4906
f 2483/5022/4906 2489/5021/4905 2484/5023/4907
f 2483/5022/4906 2484/5023/4907 2478/5024/4908
f 2478/5024/4908 2484/5023/4907 2479/5025/4909
f 2478/5024/4908 2479/5025/4909 2474/5026/4910
f 2474/5026/4910 2479/5025/4909 2475/5027/4911
f 2474/5026/4910 2475/5027/4911 2469/5028/4912
f 2469/5028/4912 2475/5027/4911 2468/5029/4913
f 2468/5029/4913 2475/5027/4911 2476/5030/4914
f 2468/5029/4913 2476/5030/4914 2467/5031/4915
f 2467/5031/4915 2476/5030/4914 2480/5032/4916
f 2467/5031/4915 2480/5032/4916 2481/5033/4917
f 2481/5033/4917 2480/5032/4916 2486/5034/4918
f 2481/5033/4917 2486/5034/4918 2465/5035/4919
f 2465/5035/4919 2486/5034/4918 2464/5036/4920
f 2464/5036/4920 2486/5034/4918 2463/5037/4921
f 2463/5037/4921 2486/5034/4918 2485/5038/4922
f 2463/5037/4921 2485/5038/4922 2490/5039/4923
f 2490/5039/4923 2485/5038/4922 2484/5023/4907
f 2490/5039/4923 2484/5023/4907 2489/5021/4905
f 2461/5019/4903 2462/5040/4924 2489/5021/4905
f 2489/5021/4905 2462/5040/4924 2490/5039/4923
f 2462/5040/4924 2463/5037/4921 2490/5039/4923
f 2465/5035/4919 2466/5041/4925 2481/5033/4917
f 2481/5033/4917 2466/5041/4925 2467/5031/4915
f 2474/5026/4910 2469/5028/4912 2472/5042/4926
f 2472/5042/4926 2469/5028/4912 2470/5003/4887
f 2472/5042/4926 2470/5003/4887 2471/5005/4889
f 2474/5026/4910 2472/5042/4926 2471/5005/4889
f 2478/5024/4908 2474/5026/4910 2473/5007/4891
f 2473/5007/4891 2474/5026/4910 2471/5005/4889
f 2480/5032/4916 2476/5030/4914 2475/5027/4911
f 2480/5032/4916 2475/5027/4911 2479/5025/4909
f 2483/5022/4906 2478/5024/4908 2477/5009/4893
f 2477/5009/4893 2478/5024/4908 2473/5007/4891
f 2484/5023/4907 2485/5038/4922 2479/5025/4909
f 2479/5025/4909 2485/5038/4922 2480/5032/4916
f 2485/5038/4922 2486/5034/4918 2480/5032/4916
f 2488/5020/4904 2483/5022/4906 2482/5011/4895
f 2482/5011/4895 2483/5022/4906 2477/5009/4893
f 2492/5018/4902 2488/5020/4904 2487/5013/4897
f 2487/5013/4897 2488/5020/4904 2482/5011/4895
f 2491/5015/4899 2492/5018/4902 2487/5013/4897
f 2494/5043/4927 2516/5044/4928 2493/5045/4929
f 2493/5045/4929 2516/5044/4928 2515/5046/4930
f 2493/5045/4929 2515/5046/4930 2510/5047/4931
f 2510/5047/4931 2515/5046/4930 2509/5048/4932
f 2509/5048/4932 2515/5046/4930 2514/5049/4933
f 2509/5048/4932 2514/5049/4933 2530/5050/4934
f 2530/5050/4934 2514/5049/4933 2513/5051/4935
f 2530/5050/4934 2513/5051/4935 2529/5052/4936
f 2529/5052/4936 2513/5051/4935 2512/5053/4937
f 2529/5052/4936 2512/5053/4937 2528/5054/4938
f 2528/5054/4938 2512/5053/4937 2511/5055/4939
f 2528/5054/4938 2511/5055/4939 2527/5056/4940
f 2527/5056/4940 2511/5055/4939 2503/5057/4941
f 2527/5056/4940 2503/5057/4941 2504/5058/4942
f 2494/5043/4927 2495/5059/4943 2516/5044/4928
f 2516/5044/4928 2495/5059/4943 2517/5060/4944
f 2516/5044/4928 2517/5060/4944 2515/5046/4930
f 2515/5046/4930 2517/5060/4944 2514/5049/4933
f 2517/5060/4944 2495/5059/4943 2521/5061/4945
f 2521/5061/4945 2495/5059/4943 2496/5062/4946
f 2521/5061/4945 2496/5062/4946 2522/5063/4947
f 2522/5063/4947 2496/5062/4946 2497/5064/4948
f 2522/5063/4947 2497/5064/4948 2523/5065/4949
f 2523/5065/4949 2497/5064/4948 2525/5066/4950
f 2523/5065/4949 2525/5066/4950 2526/5067/4951
f 2526/5067/4951 2525/5066/4950 2498/5068/4952
f 2526/5067/4951 2498/5068/4952 2499/5069/4953
f 2497/5064/4948 2498/5068/4952 2525/5066/4950
f 2499/5069/4953 2500/5070/4954 2526/5067/4951
f 2526/5067/4951 2500/5070/4954 2524/5071/4955
f 2526/5067/4951 2524/5071/4955 2523/5065/4949
f 2523/5065/4949 2524/5071/4955 2519/5072/4956
f 2523/5065/4949 2519/5072/4956 2518/5073/4957
f 2518/5073/4957 2519/5072/4956 2513/5051/4935
f 2518/5073/4957 2513/5051/4935 2514/5049/4933
f 2500/5070/4954 2501/5074/4958 2524/5071/4955
f 2524/5071/4955 2501/5074/4958 2520/5075/4959
f 2524/5071/4955 2520/5075/4959 2519/5072/4956
f 2519/5072/4956 2520/5075/4959 2512/5053/4937
f 2519/5072/4956 2512/5053/4937 2513/5051/4935
f 2501/5074/4958 2502/5076/4960 2520/5075/4959
f 2520/5075/4959 2502/5076/4960 2511/5055/4939
f 2520/5075/4959 2511/5055/4939 2512/5053/4937
f 2502/5076/4960 2503/5057/4941 2511/5055/4939
f 2527/5056/4940 2504/5058/4942 2531/5077/4961
f 2531/5077/4961 2504/5058/4942 2505/5078/4962
f 2531/5077/4961 2505/5078/4962 2506/5079/4963
f 2531/5077/4961 2506/5079/4963 2532/5080/4964
f 2532/5080/4964 2506/5079/4963 2507/5081/4965
f 2532/5080/4964 2507/5081/4965 2528/5054/4938
f 2528/5054/4938 2507/5081/4965 2529/5052/4936
f 2507/5081/4965 2508/5082/4966 2529/5052/4936
f 2529/5052/4936 2508/5082/4966 2530/5050/4934
f 2508/5082/4966 2509/5048/4932 2530/5050/4934
f 2518/5073/4957 2514/5049/4933 2517/5060/4944
f 2521/5061/4945 2522/5063/4947 2517/5060/4944
f 2517/5060/4944 2522/5063/4947 2518/5073/4957
f 2522/5063/4947 2523/5065/4949 2518/5073/4957
f 2532/5080/4964 2528/5054/4938 2527/5056/4940
f 2531/5077/4961 2532/5080/4964 2527/5056/4940
f 2550/5083/4967 2533/5084/4968 2551/5085/4969
f 2551/5085/4969 2533/5084/4968 2534/5086/4970
f 2551/5085/4969 2534/5086/4970 2553/5087/4971
f 2553/5087/4971 2534/5086/4970 2535/5088/4972
f 2553/5087/4971 2535/5088/4972 2557/5089/4973
f 2557/5089/4973 2535/5088/4972 2536/5090/4974
f 2557/5089/4973 2536/5090/4974 2562/5091/4975
f 2562/5091/4975 2536/5090/4974 2537/5092/4976
f 2562/5091/4975 2537/5092/4976 2567/5093/4977
f 2567/5093/4977 2537/5092/4976 2538/5094/4978
f 2567/5093/4977 2538/5094/4978 2571/5095/4979
f 2571/5095/4979 2538/5094/4978 2539/5096/4980
f 2571/5095/4979 2539/5096/4980 2540/5097/4981
f 2571/5095/4979 2540/5097/4981 2572/5098/4982
f 2572/5098/4982 2540/5097/4981 2541/5099/4983
f 2572/5098/4982 2541/5099/4983 2568/5100/4984
f 2568/5100/4984 2541/5099/4983 2569/5101/4985
f 2568/5100/4984 2569/5101/4985 2563/5102/4986
f 2563/5102/4986 2569/5101/4985 2564/5103/4987
f 2563/5102/4986 2564/5103/4987 2558/5104/4988
f 2558/5104/4988 2564/5103/4987 2559/5105/4989
f 2558/5104/4988 2559/5105/4989 2554/5106/4990
f 2554/5106/4990 2559/5105/4989 2555/5107/4991
f 2554/5106/4990 2555/5107/4991 2549/5108/4992
f 2549/5108/4992 2555/5107/4991 2548/5109/4993
f 2548/5109/4993 2555/5107/4991 2556/5110/4994
f 2548/5109/4993 2556/5110/4994 2547/5111/4995
f 2547/5111/4995 2556/5110/4994 2560/5112/4996
f 2547/5111/4995 2560/5112/4996 2561/5113/4997
f 2561/5113/4997 2560/5112/4996 2566/5114/4998
f 2561/5113/4997 2566/5114/4998 2545/5115/4999
f 2545/5115/4999 2566/5114/4998 2544/5116/5000
f 2544/5116/5000 2566/5114/4998 2543/5117/5001
f 2543/5117/5001 2566/5114/4998 2565/5118/5002
f 2543/5117/5001 2565/5118/5002 2570/5119/5003
f 2570/5119/5003 2565/5118/5002 2564/5103/4987
f 2570/5119/5003 2564/5103/4987 2569/5101/4985
f 2541/5099/4983 2542/5120/5004 2569/5101/4985
f 2569/5101/4985 2542/5120/5004 2570/5119/5003
f 2542/5120/5004 2543/5117/5001 2570/5119/5003
f 2545/5115/4999 2546/5121/5005 2561/5113/4997
f 2561/5113/4997 2546/5121/5005 2547/5111/4995
f 2554/5106/4990 2549/5108/4992 2552/5122/5006
f 2552/5122/5006 2549/5108/4992 2550/5083/4967
f 2552/5122/5006 2550/5083/4967 2551/5085/4969
f 2554/5106/4990 2552/5122/5006 2551/5085/4969
f 2558/5104/4988 2554/5106/4990 2553/5087/4971
f 2553/5087/4971 2554/5106/4990 2551/5085/4969
f 2560/5112/4996 2556/5110/4994 2555/5107/4991
f 2560/5112/4996 2555/5107/4991 2559/5105/4989
f 2563/5102/4986 2558/5104/4988 2557/5089/4973
f 2557/5089/4973 2558/5104/4988 2553/5087/4971
f 2564/5103/4987 2565/5118/5002 2559/5105/4989
f 2559/5105/4989 2565/5118/5002 2560/5112/4996
f 2565/5118/5002 2566/5114/4998 2560/5112/4996
f 2568/5100/4984 2563/5102/4986 2562/5091/4975
f 2562/5091/4975 2563/5102/4986 2557/5089/4973
f 2572/5098/4982 2568/5100/4984 2567/5093/4977
f 2567/5093/4977 2568/5100/4984 2562/5091/4975
f 2571/5095/4979 2572/5098/4982 2567/5093/4977
f 2544/5123/5000 2573/5124/5007 2545/5125/4999
f 2545/5125/4999 2573/5124/5007 2574/5126/5008
f 2545/5125/4999 2574/5126/5008 2575/5127/5009
f 2575/5127/5009 2574/5126/5008 2579/5128/5010
f 2575/5127/5009 2579/5128/5010 2580/5129/5011
f 2580/5129/5011 2579/5128/5010 2584/5130/5012
f 2580/5129/5011 2584/5130/5012 2462/5131/4924
f 2462/5131/4924 2584/5130/5012 2463/5132/4921
f 2463/5132/4921 2584/5130/5012 2588/5133/5013
f 2463/5132/4921 2588/5133/5013 2464/5134/4920
f 2464/5134/4920 2588/5133/5013 2592/5135/5014
f 2464/5134/4920 2592/5135/5014 2465/5136/4919
f 2465/5136/4919 2592/5135/5014 2591/5137/5015
f 2465/5136/4919 2591/5137/5015 2590/5138/5016
f 2590/5138/5016 2591/5137/5015 2586/5139/5017
f 2590/5138/5016 2586/5139/5017 2585/5140/5018
f 2585/5140/5018 2586/5139/5017 2581/5141/5019
f 2585/5140/5018 2581/5141/5019 2542/5142/5004
f 2542/5142/5004 2581/5141/5019 2543/5143/5001
f 2543/5143/5001 2581/5141/5019 2577/5144/5020
f 2543/5143/5001 2577/5144/5020 2544/5123/5000
f 2544/5123/5000 2577/5144/5020 2573/5124/5007
f 2542/5142/5004 2541/5145/4983 2585/5140/5018
f 2585/5140/5018 2541/5145/4983 2589/5146/5021
f 2585/5140/5018 2589/5146/5021 2590/5138/5016
f 2590/5138/5016 2589/5146/5021 2539/5147/4980
f 2590/5138/5016 2539/5147/4980 2465/5136/4919
f 2541/5145/4983 2540/5148/4981 2589/5146/5021
f 2589/5146/5021 2540/5148/4981 2539/5147/4980
f 2462/5131/4924 2461/5149/4903 2580/5129/5011
f 2580/5129/5011 2461/5149/4903 2576/5150/5022
f 2580/5129/5011 2576/5150/5022 2575/5127/5009
f 2575/5127/5009 2576/5150/5022 2459/5151/4900
f 2575/5127/5009 2459/5151/4900 2545/5125/4999
f 2461/5149/4903 2460/5152/4901 2576/5150/5022
f 2576/5150/5022 2460/5152/4901 2459/5151/4900
f 2574/5126/5008 2573/5124/5007 2578/5153/5023
f 2578/5153/5023 2573/5124/5007 2577/5144/5020
f 2578/5153/5023 2577/5144/5020 2582/5154/5024
f 2582/5154/5024 2577/5144/5020 2581/5141/5019
f 2582/5154/5024 2581/5141/5019 2586/5139/5017
f 2574/5126/5008 2578/5153/5023 2579/5128/5010
f 2579/5128/5010 2578/5153/5023 2583/5155/5025
f 2579/5128/5010 2583/5155/5025 2584/5130/5012
f 2584/5130/5012 2583/5155/5025 2588/5133/5013
f 2583/5155/5025 2578/5153/5023 2582/5154/5024
f 2583/5155/5025 2582/5154/5024 2587/5156/5026
f 2587/5156/5026 2582/5154/5024 2586/5139/5017
f 2587/5156/5026 2586/5139/5017 2591/5137/5015
f 2592/5135/5014 2588/5133/5013 2587/5156/5026
f 2587/5156/5026 2588/5133/5013 2583/5155/5025
f 2592/5135/5014 2587/5156/5026 2591/5137/5015
f 2610/5157/5027 2593/5158/5028 2611/5159/5029
f 2611/5159/5029 2593/5158/5028 2594/5160/5030
f 2611/5159/5029 2594/5160/5030 2613/5161/5031
f 2613/5161/5031 2594/5160/5030 2595/5162/5032
f 2613/5161/5031 2595/5162/5032 2617/5163/5033
f 2617/5163/5033 2595/5162/5032 2596/5164/5034
f 2617/5163/5033 2596/5164/5034 2622/5165/5035
f 2622/5165/5035 2596/5164/5034 2597/5166/5036
f 2622/5165/5035 2597/5166/5036 2627/5167/5037
f 2627/5167/5037 2597/5166/5036 2598/5168/5038
f 2627/5167/5037 2598/5168/5038 2631/5169/5039
f 2631/5169/5039 2598/5168/5038 2599/5170/5040
f 2631/5169/5039 2599/5170/5040 2600/5171/5041
f 2631/5169/5039 2600/5171/5041 2632/5172/5042
f 2632/5172/5042 2600/5171/5041 2601/5173/5043
f 2632/5172/5042 2601/5173/5043 2628/5174/5044
f 2628/5174/5044 2601/5173/5043 2629/5175/5045
f 2628/5174/5044 2629/5175/5045 2623/5176/5046
f 2623/5176/5046 2629/5175/5045 2624/5177/5047
f 2623/5176/5046 2624/5177/5047 2618/5178/5048
f 2618/5178/5048 2624/5177/5047 2619/5179/5049
f 2618/5178/5048 2619/5179/5049 2614/5180/5050
f 2614/5180/5050 2619/5179/5049 2615/5181/5051
f 2614/5180/5050 2615/5181/5051 2609/5182/5052
f 2609/5182/5052 2615/5181/5051 2608/5183/5053
f 2608/5183/5053 2615/5181/5051 2616/5184/5054
f 2608/5183/5053 2616/5184/5054 2607/5185/5055
f 2607/5185/5055 2616/5184/5054 2620/5186/5056
f 2607/5185/5055 2620/5186/5056 2621/5187/5057
f 2621/5187/5057 2620/5186/5056 2626/5188/5058
f 2621/5187/5057 2626/5188/5058 2605/5189/5059
f 2605/5189/5059 2626/5188/5058 2604/5190/5060
f 2604/5190/5060 2626/5188/5058 2603/5191/5061
f 2603/5191/5061 2626/5188/5058 2625/5192/5062
f 2603/5191/5061 2625/5192/5062 2630/5193/5063
f 2630/5193/5063 2625/5192/5062 2624/5177/5047
f 2630/5193/5063 2624/5177/5047 2629/5175/5045
f 2601/5173/5043 2602/5194/5064 2629/5175/5045
f 2629/5175/5045 2602/5194/5064 2630/5193/5063
f 2602/5194/5064 2603/5191/5061 2630/5193/5063
f 2605/5189/5059 2606/5195/5065 2621/5187/5057
f 2621/5187/5057 2606/5195/5065 2607/5185/5055
f 2614/5180/5050 2609/5182/5052 2612/5196/5066
f 2612/5196/5066 2609/5182/5052 2610/5157/5027
f 2612/5196/5066 2610/5157/5027 2611/5159/5029
f 2614/5180/5050 2612/5196/5066 2611/5159/5029
f 2618/5178/5048 2614/5180/5050 2613/5161/5031
f 2613/5161/5031 2614/5180/5050 2611/5159/5029
f 2620/5186/5056 2616/5184/5054 2615/5181/5051
f 2620/5186/5056 2615/5181/5051 2619/5179/5049
f 2623/5176/5046 2618/5178/5048 2617/5163/5033
f 2617/5163/5033 2618/5178/5048 2613/5161/5031
f 2624/5177/5047 2625/5192/5062 2619/5179/5049
f 2619/5179/5049 2625/5192/5062 2620/5186/5056
f 2625/5192/5062 2626/5188/5058 2620/5186/5056
f 2628/5174/5044 2623/5176/5046 2622/5165/5035
f 2622/5165/5035 2623/5176/5046 2617/5163/5033
f 2632/5172/5042 2628/5174/5044 2627/5167/5037
f 2627/5167/5037 2628/5174/5044 2622/5165/5035
f 2631/5169/5039 2632/5172/5042 2627/5167/5037
f 2604/5197/5060 2633/5198/5067 2605/5199/5059
f 2605/5199/5059 2633/5198/5067 2634/5200/5068
f 2605/5199/5059 2634/5200/5068 2635/5201/5069
f 2635/5201/5069 2634/5200/5068 2645/5202/5070
f 2635/5201/5069 2645/5202/5070 2646/5203/5071
f 2646/5203/5071 2645/5202/5070 2656/5204/5072
f 2646/5203/5071 2656/5204/5072 2657/5205/5073
f 2657/5205/5073 2656/5204/5072 2667/5206/5074
f 2657/5205/5073 2667/5206/5074 2668/5207/5075
f 2668/5207/5075 2667/5206/5074 2678/5208/5076
f 2668/5207/5075 2678/5208/5076 2679/5209/5077
f 2679/5209/5077 2678/5208/5076 2533/5210/4968
f 2679/5209/5077 2533/5210/4968 2680/5211/5078
f 2680/5211/5078 2533/5210/4968 2681/5212/5079
f 2680/5211/5078 2681/5212/5079 2670/5213/5080
f 2670/5213/5080 2681/5212/5079 2671/5214/5081
f 2670/5213/5080 2671/5214/5081 2660/5215/5082
f 2660/5215/5082 2671/5214/5081 2661/5216/5083
f 2660/5215/5082 2661/5216/5083 2650/5217/5084
f 2650/5217/5084 2661/5216/5083 2651/5218/5085
f 2650/5217/5084 2651/5218/5085 2640/5219/5086
f 2640/5219/5086 2651/5218/5085 2641/5220/5087
f 2640/5219/5086 2641/5220/5087 2545/5221/4999
f 2545/5221/4999 2641/5220/5087 2642/5222/5088
f 2545/5221/4999 2642/5222/5088 2546/5223/5005
f 2546/5223/5005 2642/5222/5088 2547/5224/4995
f 2547/5224/4995 2642/5222/5088 2652/5225/5089
f 2547/5224/4995 2652/5225/5089 2548/5226/4993
f 2548/5226/4993 2652/5225/5089 2662/5227/5090
f 2548/5226/4993 2662/5227/5090 2549/5228/4992
f 2549/5228/4992 2662/5227/5090 2672/5229/5091
f 2549/5228/4992 2672/5229/5091 2550/5230/4967
f 2550/5230/4967 2672/5229/5091 2682/5231/5092
f 2550/5230/4967 2682/5231/5092 2533/5210/4968
f 2533/5210/4968 2682/5231/5092 2681/5212/5079
f 2633/5198/5067 2604/5197/5060 2643/5232/5093
f 2643/5232/5093 2604/5197/5060 2603/5233/5061
f 2643/5232/5093 2603/5233/5061 2653/5234/5094
f 2653/5234/5094 2603/5233/5061 2602/5235/5064
f 2653/5234/5094 2602/5235/5064 2663/5236/5095
f 2663/5236/5095 2602/5235/5064 2601/5237/5043
f 2663/5236/5095 2601/5237/5043 2673/5238/5096
f 2673/5238/5096 2601/5237/5043 2600/5239/5041
f 2673/5238/5096 2600/5239/5041 2599/5240/5040
f 2533/5210/4968 2677/5241/5097 2599/5240/5040
f 2599/5240/5040 2677/5241/5097 2676/5242/5098
f 2599/5240/5040 2676/5242/5098 2675/5243/5099
f 2675/5243/5099 2676/5242/5098 2665/5244/5100
f 2675/5243/5099 2665/5244/5100 2664/5245/5101
f 2664/5245/5101 2665/5244/5100 2654/5246/5102
f 2664/5245/5101 2654/5246/5102 2653/5234/5094
f 2653/5234/5094 2654/5246/5102 2643/5232/5093
f 2605/5199/5059 2638/5247/5103 2545/5221/4999
f 2545/5221/4999 2638/5247/5103 2639/5248/5104
f 2545/5221/4999 2639/5248/5104 2640/5219/5086
f 2640/5219/5086 2639/5248/5104 2650/5217/5084
f 2634/5200/5068 2633/5198/5067 2644/5249/5105
f 2644/5249/5105 2633/5198/5067 2643/5232/5093
f 2644/5249/5105 2643/5232/5093 2654/5246/5102
f 2635/5201/5069 2636/5250/5106 2605/5199/5059
f 2605/5199/5059 2636/5250/5106 2637/5251/5107
f 2605/5199/5059 2637/5251/5107 2638/5247/5103
f 2638/5247/5103 2637/5251/5107 2648/5252/5108
f 2638/5247/5103 2648/5252/5108 2649/5253/5109
f 2649/5253/5109 2648/5252/5108 2659/5254/5110
f 2649/5253/5109 2659/5254/5110 2660/5215/5082
f 2660/5215/5082 2659/5254/5110 2670/5213/5080
f 2635/5201/5069 2646/5203/5071 2636/5250/5106
f 2636/5250/5106 2646/5203/5071 2647/5255/5111
f 2636/5250/5106 2647/5255/5111 2637/5251/5107
f 2637/5251/5107 2647/5255/5111 2648/5252/5108
f 2650/5217/5084 2639/5248/5104 2649/5253/5109
f 2649/5253/5109 2639/5248/5104 2638/5247/5103
f 2652/5225/5089 2642/5222/5088 2641/5220/5087
f 2652/5225/5089 2641/5220/5087 2651/5218/5085
f 2634/5200/5068 2644/5249/5105 2645/5202/5070
f 2645/5202/5070 2644/5249/5105 2655/5256/5112
f 2645/5202/5070 2655/5256/5112 2656/5204/5072
f 2656/5204/5072 2655/5256/5112 2666/5257/5113
f 2656/5204/5072 2666/5257/5113 2667/5206/5074
f 2667/5206/5074 2666/5257/5113 2677/5241/5097
f 2667/5206/5074 2677/5241/5097 2678/5208/5076
f 2678/5208/5076 2677/5241/5097 2533/5210/4968
f 2655/5256/5112 2644/5249/5105 2654/5246/5102
f 2646/5203/5071 2657/5205/5073 2647/5255/5111
f 2647/5255/5111 2657/5205/5073 2658/5258/5114
f 2647/5255/5111 2658/5258/5114 2648/5252/5108
f 2648/5252/5108 2658/5258/5114 2659/5254/5110
f 2660/5215/5082 2650/5217/5084 2649/5253/5109
f 2662/5227/5090 2652/5225/5089 2651/5218/5085
f 2662/5227/5090 2651/5218/5085 2661/5216/5083
f 2664/5245/5101 2653/5234/5094 2663/5236/5095
f 2666/5257/5113 2655/5256/5112 2665/5244/5100
f 2665/5244/5100 2655/5256/5112 2654/5246/5102
f 2657/5205/5073 2668/5207/5075 2658/5258/5114
f 2658/5258/5114 2668/5207/5075 2669/5259/5115
f 2658/5258/5114 2669/5259/5115 2659/5254/5110
f 2659/5254/5110 2669/5259/5115 2670/5213/5080
f 2672/5229/5091 2662/5227/5090 2661/5216/5083
f 2672/5229/5091 2661/5216/5083 2671/5214/5081
f 2664/5245/5101 2663/5236/5095 2674/5260/5116
f 2674/5260/5116 2663/5236/5095 2673/5238/5096
f 2674/5260/5116 2673/5238/5096 2599/5240/5040
f 2677/5241/5097 2666/5257/5113 2676/5242/5098
f 2676/5242/5098 2666/5257/5113 2665/5244/5100
f 2680/5211/5078 2670/5213/5080 2669/5259/5115
f 2680/5211/5078 2669/5259/5115 2679/5209/5077
f 2679/5209/5077 2669/5259/5115 2668/5207/5075
f 2682/5231/5092 2672/5229/5091 2671/5214/5081
f 2682/5231/5092 2671/5214/5081 2681/5212/5079
f 2599/5240/5040 2675/5243/5099 2674/5260/5116
f 2674/5260/5116 2675/5243/5099 2664/5245/5101
f 2504/5261/4942 2683/5262/5117 2505/5263/4962
f 2505/5263/4962 2683/5262/5117 2684/5264/5118
f 2505/5263/4962 2684/5264/5118 2685/5265/5119
f 2685/5265/5119 2684/5264/5118 2689/5266/5120
f 2685/5265/5119 2689/5266/5120 2690/5267/5121
f 2690/5267/5121 2689/5266/5120 2694/5268/5122
f 2690/5267/5121 2694/5268/5122 2608/5269/5053
f 2608/5269/5053 2694/5268/5122 2609/5270/5052
f 2609/5270/5052 2694/5268/5122 2698/5271/5123
f 2609/5270/5052 2698/5271/5123 2610/5272/5027
f 2610/5272/5027 2698/5271/5123 2702/5273/5124
f 2610/5272/5027 2702/5273/5124 2593/5274/5028
f 2593/5274/5028 2702/5273/5124 2701/5275/5125
f 2593/5274/5028 2701/5275/5125 2700/5276/5126
f 2700/5276/5126 2701/5275/5125 2696/5277/5127
f 2700/5276/5126 2696/5277/5127 2695/5278/5128
f 2695/5278/5128 2696/5277/5127 2691/5279/5129
f 2695/5278/5128 2691/5279/5129 2502/5280/4960
f 2502/5280/4960 2691/5279/5129 2503/5281/4941
f 2503/5281/4941 2691/5279/5129 2687/5282/5130
f 2503/5281/4941 2687/5282/5130 2504/5261/4942
f 2504/5261/4942 2687/5282/5130 2683/5262/5117
f 2502/5280/4960 2501/5283/4958 2695/5278/5128
f 2695/5278/5128 2501/5283/4958 2699/5284/5131
f 2695/5278/5128 2699/5284/5131 2700/5276/5126
f 2700/5276/5126 2699/5284/5131 2499/5285/4953
f 2700/5276/5126 2499/5285/4953 2593/5274/5028
f 2501/5283/4958 2500/5286/4954 2699/5284/5131
f 2699/5284/5131 2500/5286/4954 2499/5285/4953
f 2608/5269/5053 2607/5287/5055 2690/5267/5121
f 2690/5267/5121 2607/5287/5055 2686/5288/5132
f 2690/5267/5121 2686/5288/5132 2685/5265/5119
f 2685/5265/5119 2686/5288/5132 2605/5289/5059
f 2685/5265/5119 2605/5289/5059 2505/5263/4962
f 2607/5287/5055 2606/5290/5065 2686/5288/5132
f 2686/5288/5132 2606/5290/5065 2605/5289/5059
f 2684/5264/5118 2683/5262/5117 2688/5291/5133
f 2688/5291/5133 2683/5262/5117 2687/5282/5130
f 2688/5291/5133 2687/5282/5130 2692/5292/5134
f 2692/5292/5134 2687/5282/5130 2691/5279/5129
f 2692/5292/5134 2691/5279/5129 2696/5277/5127
f 2684/5264/5118 2688/5291/5133 2689/5266/5120
f 2689/5266/5120 2688/5291/5133 2693/5293/5135
f 2689/5266/5120 2693/5293/5135 2694/5268/5122
f 2694/5268/5122 2693/5293/5135 2698/5271/5123
f 2693/5293/5135 2688/5291/5133 2692/5292/5134
f 2693/5293/5135 2692/5292/5134 2697/5294/5136
f 2697/5294/5136 2692/5292/5134 2696/5277/5127
f 2697/5294/5136 2696/5277/5127 2701/5275/5125
f 2702/5273/5124 2698/5271/5123 2697/5294/5136
f 2697/5294/5136 2698/5271/5123 2693/5293/5135
f 2702/5273/5124 2697/5294/5136 2701/5275/5125
f 2593/5295/5028 2452/5296/5137 2703/5297/5138
f 2703/5297/5138 2452/5296/5137 2451/5298/5139
f 2703/5297/5138 2451/5298/5139 2704/5299/5140
f 2704/5299/5140 2451/5298/5139 2450/5300/5141
f 2704/5299/5140 2450/5300/5141 2705/5301/5142
f 2705/5301/5142 2450/5300/5141 2449/5302/5143
f 2705/5301/5142 2449/5302/5143 2706/5303/5144
f 2706/5303/5144 2449/5302/5143 2448/5304/5145
f 2706/5303/5144 2448/5304/5145 2707/5305/5146
f 2707/5305/5146 2448/5304/5145 2447/5306/5147
f 2707/5305/5146 2447/5306/5147 2446/5307/5148
f 2446/5307/5148 2599/5308/5040 2707/5305/5146
f 2707/5305/5146 2599/5308/5040 2598/5309/5038
f 2707/5305/5146 2598/5309/5038 2706/5303/5144
f 2706/5303/5144 2598/5309/5038 2597/5310/5036
f 2706/5303/5144 2597/5310/5036 2705/5301/5142
f 2705/5301/5142 2597/5310/5036 2596/5311/5034
f 2705/5301/5142 2596/5311/5034 2704/5299/5140
f 2704/5299/5140 2596/5311/5034 2595/5312/5032
f 2704/5299/5140 2595/5312/5032 2703/5297/5138
f 2703/5297/5138 2595/5312/5032 2594/5313/5030
f 2703/5297/5138 2594/5313/5030 2593/5295/5028
f 2533/5314/4968 2708/5315/5149 2715/5316/5150
f 2715/5316/5150 2708/5315/5149 2709/5317/5151
f 2715/5316/5150 2709/5317/5151 2716/5318/5152
f 2716/5318/5152 2709/5317/5151 2710/5319/5153
f 2716/5318/5152 2710/5319/5153 2717/5320/5154
f 2717/5320/5154 2710/5319/5153 2711/5321/5155
f 2717/5320/5154 2711/5321/5155 2718/5322/5156
f 2718/5322/5156 2711/5321/5155 2712/5323/5157
f 2718/5322/5156 2712/5323/5157 2719/5324/5158
f 2719/5324/5158 2712/5323/5157 2713/5325/5159
f 2719/5324/5158 2713/5325/5159 2714/5326/5160
f 2714/5326/5160 2539/5327/4980 2719/5324/5158
f 2719/5324/5158 2539/5327/4980 2538/5328/4978
f 2719/5324/5158 2538/5328/4978 2718/5322/5156
f 2718/5322/5156 2538/5328/4978 2537/5329/4976
f 2718/5322/5156 2537/5329/4976 2717/5320/5154
f 2717/5320/5154 2537/5329/4976 2536/5330/4974
f 2717/5320/5154 2536/5330/4974 2716/5318/5152
f 2716/5318/5152 2536/5330/4974 2535/5331/4972
f 2716/5318/5152 2535/5331/4972 2715/5316/5150
f 2715/5316/5150 2535/5331/4972 2534/5332/4970
f 2715/5316/5150 2534/5332/4970 2533/5314/4968
f 2458/5333/4898 2720/5334/5161 2459/5335/4900
f 2459/5335/4900 2720/5334/5161 2721/5336/5162
f 2459/5335/4900 2721/5336/5162 2722/5337/5163
f 2722/5337/5163 2721/5336/5162 2732/5338/5164
f 2722/5337/5163 2732/5338/5164 2733/5339/5165
f 2733/5339/5165 2732/5338/5164 2743/5340/5166
f 2733/5339/5165 2743/5340/5166 2744/5341/5167
f 2744/5341/5167 2743/5340/5166 2754/5342/5168
f 2744/5341/5167 2754/5342/5168 2755/5343/5169
f 2755/5343/5169 2754/5342/5168 2765/5344/5170
f 2755/5343/5169 2765/5344/5170 2766/5345/5171
f 2766/5345/5171 2765/5344/5170 2493/5346/4929
f 2766/5345/5171 2493/5346/4929 2767/5347/5172
f 2767/5347/5172 2493/5346/4929 2768/5348/5173
f 2767/5347/5172 2768/5348/5173 2757/5349/5174
f 2757/5349/5174 2768/5348/5173 2758/5350/5175
f 2757/5349/5174 2758/5350/5175 2747/5351/5176
f 2747/5351/5176 2758/5350/5175 2748/5352/5177
f 2747/5351/5176 2748/5352/5177 2737/5353/5178
f 2737/5353/5178 2748/5352/5177 2738/5354/5179
f 2737/5353/5178 2738/5354/5179 2727/5355/5180
f 2727/5355/5180 2738/5354/5179 2728/5356/5181
f 2727/5355/5180 2728/5356/5181 2505/5357/4962
f 2505/5357/4962 2728/5356/5181 2729/5358/5182
f 2505/5357/4962 2729/5358/5182 2506/5359/4963
f 2506/5359/4963 2729/5358/5182 2507/5360/4965
f 2507/5360/4965 2729/5358/5182 2739/5361/5183
f 2507/5360/4965 2739/5361/5183 2508/5362/4966
f 2508/5362/4966 2739/5361/5183 2749/5363/5184
f 2508/5362/4966 2749/5363/5184 2509/5364/4932
f 2509/5364/4932 2749/5363/5184 2759/5365/5185
f 2509/5364/4932 2759/5365/5185 2510/5366/4931
f 2510/5366/4931 2759/5365/5185 2769/5367/5186
f 2510/5366/4931 2769/5367/5186 2493/5346/4929
f 2493/5346/4929 2769/5367/5186 2768/5348/5173
f 2720/5334/5161 2458/5333/4898 2730/5368/5187
f 2730/5368/5187 2458/5333/4898 2457/5369/4896
f 2730/5368/5187 2457/5369/4896 2740/5370/5188
f 2740/5370/5188 2457/5369/4896 2456/5371/4894
f 2740/5370/5188 2456/5371/4894 2750/5372/5189
f 2750/5372/5189 2456/5371/4894 2455/5373/4892
f 2750/5372/5189 2455/5373/4892 2760/5374/5190
f 2760/5374/5190 2455/5373/4892 2454/5375/4890
f 2760/5374/5190 2454/5375/4890 2453/5376/4888
f 2493/5346/4929 2764/5377/5191 2453/5376/4888
f 2453/5376/4888 2764/5377/5191 2763/5378/5192
f 2453/5376/4888 2763/5378/5192 2762/5379/5193
f 2762/5379/5193 2763/5378/5192 2752/5380/5194
f 2762/5379/5193 2752/5380/5194 2751/5381/5195
f 2751/5381/5195 2752/5380/5194 2741/5382/5196
f 2751/5381/5195 2741/5382/5196 2740/5370/5188
f 2740/5370/5188 2741/5382/5196 2730/5368/5187
f 2459/5335/4900 2725/5383/5197 2505/5357/4962
f 2505/5357/4962 2725/5383/5197 2726/5384/5198
f 2505/5357/4962 2726/5384/5198 2727/5355/5180
f 2727/5355/5180 2726/5384/5198 2737/5353/5178
f 2721/5336/5162 2720/5334/5161 2731/5385/5199
f 2731/5385/5199 2720/5334/5161 2730/5368/5187
f 2731/5385/5199 2730/5368/5187 2741/5382/5196
f 2722/5337/5163 2723/5386/5200 2459/5335/4900
f 2459/5335/4900 2723/5386/5200 2724/5387/5201
f 2459/5335/4900 2724/5387/5201 2725/5383/5197
f 2725/5383/5197 2724/5387/5201 2735/5388/5202
f 2725/5383/5197 2735/5388/5202 2736/5389/5203
f 2736/5389/5203 2735/5388/5202 2746/5390/5204
f 2736/5389/5203 2746/5390/5204 2747/5351/5176
f 2747/5351/5176 2746/5390/5204 2757/5349/5174
f 2722/5337/5163 2733/5339/5165 2723/5386/5200
f 2723/5386/5200 2733/5339/5165 2734/5391/5205
f 2723/5386/5200 2734/5391/5205 2724/5387/5201
f 2724/5387/5201 2734/5391/5205 2735/5388/5202
f 2737/5353/5178 2726/5384/5198 2736/5389/5203
f 2736/5389/5203 2726/5384/5198 2725/5383/5197
f 2739/5361/5183 2729/5358/5182 2728/5356/5181
f 2739/5361/5183 2728/5356/5181 2738/5354/5179
f 2721/5336/5162 2731/5385/5199 2732/5338/5164
f 2732/5338/5164 2731/5385/5199 2742/5392/5206
f 2732/5338/5164 2742/5392/5206 2743/5340/5166
f 2743/5340/5166 2742/5392/5206 2753/5393/5207
f 2743/5340/5166 2753/5393/5207 2754/5342/5168
f 2754/5342/5168 2753/5393/5207 2764/5377/5191
f 2754/5342/5168 2764/5377/5191 2765/5344/5170
f 2765/5344/5170 2764/5377/5191 2493/5346/4929
f 2742/5392/5206 2731/5385/5199 2741/5382/5196
f 2733/5339/5165 2744/5341/5167 2734/5391/5205
f 2734/5391/5205 2744/5341/5167 2745/5394/5208
f 2734/5391/5205 2745/5394/5208 2735/5388/5202
f 2735/5388/5202 2745/5394/5208 2746/5390/5204
f 2747/5351/5176 2737/5353/5178 2736/5389/5203
f 2749/5363/5184 2739/5361/5183 2738/5354/5179
f 2749/5363/5184 2738/5354/5179 2748/5352/5177
f 2751/5381/5195 2740/5370/5188 2750/5372/5189
f 2753/5393/5207 2742/5392/5206 2752/5380/5194
f 2752/5380/5194 2742/5392/5206 2741/5382/5196
f 2744/5341/5167 2755/5343/5169 2745/5394/5208
f 2745/5394/5208 2755/5343/5169 2756/5395/5209
f 2745/5394/5208 2756/5395/5209 2746/5390/5204
f 2746/5390/5204 2756/5395/5209 2757/5349/5174
f 2759/5365/5185 2749/5363/5184 2748/5352/5177
f 2759/5365/5185 2748/5352/5177 2758/5350/5175
f 2751/5381/5195 2750/5372/5189 2761/5396/5210
f 2761/5396/5210 2750/5372/5189 2760/5374/5190
f 2761/5396/5210 2760/5374/5190 2453/5376/4888
f 2764/5377/5191 2753/5393/5207 2763/5378/5192
f 2763/5378/5192 2753/5393/5207 2752/5380/5194
f 2767/5347/5172 2757/5349/5174 2756/5395/5209
f 2767/5347/5172 2756/5395/5209 2766/5345/5171
f 2766/5345/5171 2756/5395/5209 2755/5343/5169
f 2769/5367/5186 2759/5365/5185 2758/5350/5175
f 2769/5367/5186 2758/5350/5175 2768/5348/5173
f 2453/5376/4888 2762/5379/5193 2761/5396/5210
f 2761/5396/5210 2762/5379/5193 2751/5381/5195
f 2493/5397/4929 2427/5398/5211 2770/5399/5212
f 2770/5399/5212 2427/5398/5211 2426/5400/5213
f 2770/5399/5212 2426/5400/5213 2771/5401/5214
f 2771/5401/5214 2426/5400/5213 2425/5402/5215
f 2771/5401/5214 2425/5402/5215 2772/5403/5216
f 2772/5403/5216 2425/5402/5215 2424/5404/5217
f 2772/5403/5216 2424/5404/5217 2773/5405/5218
f 2773/5405/5218 2424/5404/5217 2423/5406/5219
f 2773/5405/5218 2423/5406/5219 2774/5407/5220
f 2774/5407/5220 2423/5406/5219 2422/5408/5221
f 2774/5407/5220 2422/5408/5221 2421/5409/5222
f 2421/5409/5222 2499/5410/4953 2774/5407/5220
f 2774/5407/5220 2499/5410/4953 2498/5411/4952
f 2774/5407/5220 2498/5411/4952 2773/5405/5218
f 2773/5405/5218 2498/5411/4952 2497/5412/4948
f 2773/5405/5218 2497/5412/4948 2772/5403/5216
f 2772/5403/5216 2497/5412/4948 2496/5413/4946
f 2772/5403/5216 2496/5413/4946 2771/5401/5214
f 2771/5401/5214 2496/5413/4946 2495/5414/4943
f 2771/5401/5214 2495/5414/4943 2770/5399/5212
f 2770/5399/5212 2495/5414/4943 2494/5415/4927
f 2770/5399/5212 2494/5415/4927 2493/5397/4929
f 2465/5416/4919 2775/5417/5223 2782/5418/5224
f 2782/5418/5224 2775/5417/5223 2776/5419/5225
f 2782/5418/5224 2776/5419/5225 2783/5420/5226
f 2783/5420/5226 2776/5419/5225 2777/5421/5227
f 2783/5420/5226 2777/5421/5227 2784/5422/5228
f 2784/5422/5228 2777/5421/5227 2778/5423/5229
f 2784/5422/5228 2778/5423/5229 2785/5424/5230
f 2785/5424/5230 2778/5423/5229 2779/5425/5231
f 2785/5424/5230 2779/5425/5231 2786/5426/5232
f 2786/5426/5232 2779/5425/5231 2780/5427/5233
f 2786/5426/5232 2780/5427/5233 2781/5428/5234
f 2781/5428/5234 2453/5429/4888 2786/5426/5232
f 2786/5426/5232 2453/5429/4888 2470/5430/4887
f 2786/5426/5232 2470/5430/4887 2785/5424/5230
f 2785/5424/5230 2470/5430/4887 2469/5431/4912
f 2785/5424/5230 2469/5431/4912 2784/5422/5228
f 2784/5422/5228 2469/5431/4912 2468/5432/4913
f 2784/5422/5228 2468/5432/4913 2783/5420/5226
f 2783/5420/5226 2468/5432/4913 2467/5433/4915
f 2783/5420/5226 2467/5433/4915 2782/5418/5224
f 2782/5418/5224 2467/5433/4915 2466/5434/4925
f 2782/5418/5224 2466/5434/4925 2465/5416/4919
f 2452/5435/5137 2593/5436/5028 2420/5437/5235
f 2420/5437/5235 2593/5436/5028 2499/5438/4953
f 2420/5437/5235 2499/5438/4953 2410/5439/5236
f 2410/5439/5236 2499/5438/4953 2421/5440/5222
f 2409/5441/5237 2415/5442/5238 2410/5439/5236
f 2410/5439/5236 2415/5442/5238 2420/5437/5235
f 2427/5443/5211 2493/5444/4929 2428/5445/5239
f 2428/5445/5239 2493/5444/4929 2453/5446/4888
f 2428/5445/5239 2453/5446/4888 2787/5447/5240
f 2787/5447/5240 2453/5446/4888 2781/5448/5234
f 2788/5449/5241 2789/5450/5242 2787/5447/5240
f 2787/5447/5240 2789/5450/5242 2428/5445/5239
f 2791/5451/5243 2863/5452/5244 2790/5453/5245
f 2790/5453/5245 2863/5452/5244 2864/5454/5246
f 2790/5453/5245 2864/5454/5246 2865/5455/5247
f 2792/5456/5248 2459/5457/4900 2791/5451/5243
f 2791/5451/5243 2459/5457/4900 2505/5458/4962
f 2791/5451/5243 2505/5458/4962 2887/5459/5249
f 2887/5459/5249 2505/5458/4962 2886/5460/5250
f 2886/5460/5250 2505/5458/4962 2885/5461/5251
f 2885/5461/5251 2505/5458/4962 2884/5462/5252
f 2884/5462/5252 2505/5458/4962 2883/5463/5253
f 2883/5463/5253 2505/5458/4962 2882/5464/5254
f 2882/5464/5254 2505/5458/4962 2881/5465/5255
f 2881/5465/5255 2505/5458/4962 2880/5466/5256
f 2880/5466/5256 2505/5458/4962 2605/5467/5059
f 2880/5466/5256 2605/5467/5059 2879/5468/5257
f 2879/5468/5257 2605/5467/5059 2878/5469/5258
f 2878/5469/5258 2605/5467/5059 2877/5470/5259
f 2877/5470/5259 2605/5467/5059 2876/5471/5260
f 2876/5471/5260 2605/5467/5059 2875/5472/5261
f 2875/5472/5261 2605/5467/5059 2874/5473/5262
f 2874/5473/5262 2605/5467/5059 2826/5474/5263
f 2874/5473/5262 2826/5474/5263 2873/5475/5264
f 2873/5475/5264 2826/5474/5263 2850/5476/5265
f 2873/5475/5264 2850/5476/5265 2851/5477/5266
f 2793/5478/5267 2814/5479/5268 2792/5456/5248
f 2792/5456/5248 2814/5479/5268 2815/5480/5269
f 2792/5456/5248 2815/5480/5269 2459/5457/4900
f 2459/5457/4900 2815/5480/5269 2816/5481/5270
f 2459/5457/4900 2816/5481/5270 2839/5482/5271
f 2839/5482/5271 2816/5481/5270 2838/5483/5272
f 2838/5483/5272 2816/5481/5270 2817/5484/5273
f 2838/5483/5272 2817/5484/5273 2843/5485/5274
f 2843/5485/5274 2817/5484/5273 2818/5486/5275
f 2843/5485/5274 2818/5486/5275 2821/5487/5276
f 2821/5487/5276 2818/5486/5275 2834/5488/5277
f 2821/5487/5276 2834/5488/5277 2820/5489/5278
f 2820/5489/5278 2834/5488/5277 2835/5490/5279
f 2820/5489/5278 2835/5490/5279 2825/5491/5280
f 2825/5491/5280 2835/5490/5279 2836/5492/5281
f 2825/5491/5280 2836/5492/5281 2797/5493/5282
f 2797/5493/5282 2836/5492/5281 2804/5494/5283
f 2797/5493/5282 2804/5494/5283 2796/5495/5284
f 2796/5495/5284 2804/5494/5283 2805/5496/5285
f 2796/5495/5284 2805/5496/5285 2801/5497/5286
f 2801/5497/5286 2805/5496/5285 2806/5498/5287
f 2801/5497/5286 2806/5498/5287 2545/5499/4999
f 2545/5499/4999 2806/5498/5287 2807/5500/5288
f 2545/5499/4999 2807/5500/5288 2831/5501/5289
f 2831/5501/5289 2807/5500/5288 2830/5502/5290
f 2830/5502/5290 2807/5500/5288 2802/5503/5291
f 2830/5502/5290 2802/5503/5291 2829/5504/5292
f 2829/5504/5292 2802/5503/5291 2803/5505/5293
f 2829/5504/5292 2803/5505/5293 2812/5506/5294
f 2812/5506/5294 2803/5505/5293 2837/5507/5295
f 2812/5506/5294 2837/5507/5295 2811/5508/5296
f 2811/5508/5296 2837/5507/5295 2832/5509/5297
f 2811/5508/5296 2832/5509/5297 2810/5510/5298
f 2810/5510/5298 2832/5509/5297 2833/5511/5299
f 2810/5510/5298 2833/5511/5299 2794/5512/5300
f 2794/5512/5300 2833/5511/5299 2819/5513/5301
f 2794/5512/5300 2819/5513/5301 2793/5478/5267
f 2793/5478/5267 2819/5513/5301 2814/5479/5268
f 2794/5512/5300 2795/5514/5302 2810/5510/5298
f 2810/5510/5298 2795/5514/5302 2809/5515/5303
f 2809/5515/5303 2795/5514/5302 2867/5516/5304
f 2809/5515/5303 2867/5516/5304 2844/5517/5305
f 2790/5453/5245 2865/5455/5247 2795/5514/5302
f 2795/5514/5302 2865/5455/5247 2866/5518/5306
f 2795/5514/5302 2866/5518/5306 2867/5516/5304
f 2797/5493/5282 2798/5519/5307 2825/5491/5280
f 2825/5491/5280 2798/5519/5307 2824/5520/5308
f 2824/5520/5308 2798/5519/5307 2823/5521/5309
f 2823/5521/5309 2798/5519/5307 2799/5522/5310
f 2823/5521/5309 2799/5522/5310 2545/5499/4999
f 2545/5499/4999 2799/5522/5310 2800/5523/5311
f 2545/5499/4999 2800/5523/5311 2801/5497/5286
f 2803/5505/5293 2804/5494/5283 2837/5507/5295
f 2837/5507/5295 2804/5494/5283 2836/5492/5281
f 2809/5515/5303 2844/5517/5305 2808/5524/5312
f 2808/5524/5312 2844/5517/5305 2845/5525/5313
f 2808/5524/5312 2845/5525/5313 2813/5526/5314
f 2813/5526/5314 2845/5525/5313 2846/5527/5315
f 2813/5526/5314 2846/5527/5315 2847/5528/5316
f 2812/5506/5294 2813/5526/5314 2829/5504/5292
f 2829/5504/5292 2813/5526/5314 2828/5529/5317
f 2828/5529/5317 2813/5526/5314 2847/5528/5316
f 2828/5529/5317 2847/5528/5316 2848/5530/5318
f 2818/5486/5275 2819/5513/5301 2834/5488/5277
f 2834/5488/5277 2819/5513/5301 2833/5511/5299
f 2821/5487/5276 2822/5531/5319 2843/5485/5274
f 2843/5485/5274 2822/5531/5319 2842/5532/5320
f 2842/5532/5320 2822/5531/5319 2823/5521/5309
f 2842/5532/5320 2823/5521/5309 2841/5533/5321
f 2841/5533/5321 2823/5521/5309 2459/5457/4900
f 2841/5533/5321 2459/5457/4900 2840/5534/5322
f 2840/5534/5322 2459/5457/4900 2839/5482/5271
f 2826/5474/5263 2827/5535/5323 2850/5476/5265
f 2850/5476/5265 2827/5535/5323 2849/5536/5324
f 2849/5536/5324 2827/5535/5323 2848/5530/5318
f 2848/5530/5318 2827/5535/5323 2828/5529/5317
f 2831/5501/5289 2826/5474/5263 2545/5499/4999
f 2545/5499/4999 2826/5474/5263 2605/5467/5059
f 2873/5475/5264 2851/5477/5266 2872/5537/5325
f 2872/5537/5325 2851/5477/5266 2852/5538/5326
f 2872/5537/5325 2852/5538/5326 2871/5539/5327
f 2871/5539/5327 2852/5538/5326 2853/5540/5328
f 2871/5539/5327 2853/5540/5328 2870/5541/5329
f 2870/5541/5329 2853/5540/5328 2854/5542/5330
f 2870/5541/5329 2854/5542/5330 2869/5543/5331
f 2869/5543/5331 2854/5542/5330 2855/5544/5332
f 2869/5543/5331 2855/5544/5332 2868/5545/5333
f 2868/5545/5333 2855/5544/5332 2856/5546/5334
f 2868/5545/5333 2856/5546/5334 2857/5547/5335
f 2868/5545/5333 2857/5547/5335 2891/5548/5336
f 2891/5548/5336 2857/5547/5335 2858/5549/5337
f 2891/5548/5336 2858/5549/5337 2890/5550/5338
f 2890/5550/5338 2858/5549/5337 2859/5551/5339
f 2890/5550/5338 2859/5551/5339 2889/5552/5340
f 2889/5552/5340 2859/5551/5339 2860/5553/5341
f 2889/5552/5340 2860/5553/5341 2888/5554/5342
f 2888/5554/5342 2860/5553/5341 2861/5555/5343
f 2888/5554/5342 2861/5555/5343 2887/5459/5249
f 2887/5459/5249 2861/5555/5343 2862/5556/5344
f 2887/5459/5249 2862/5556/5344 2791/5451/5243
f 2791/5451/5243 2862/5556/5344 2863/5452/5244
f 2545/5499/4999 2459/5457/4900 2823/5521/5309
f 2909/5557/5345 2892/5558/5346 2912/5559/5347
f 2912/5559/5347 2892/5558/5346 2893/5560/5348
f 2912/5559/5347 2893/5560/5348 2911/5561/5349
f 2911/5561/5349 2893/5560/5348 2894/5562/5350
f 2911/5561/5349 2894/5562/5350 2915/5563/5351
f 2915/5563/5351 2894/5562/5350 2914/5564/5352
f 2915/5563/5351 2914/5564/5352 2920/5565/5353
f 2920/5565/5353 2914/5564/5352 2919/5566/5354
f 2920/5565/5353 2919/5566/5354 2925/5567/5355
f 2925/5567/5355 2919/5566/5354 2924/5568/5356
f 2925/5567/5355 2924/5568/5356 2929/5569/5357
f 2929/5569/5357 2924/5568/5356 2928/5570/5358
f 2929/5569/5357 2928/5570/5358 2902/5571/5359
f 2902/5571/5359 2928/5570/5358 2901/5572/5360
f 2901/5572/5360 2928/5570/5358 2927/5573/5361
f 2901/5572/5360 2927/5573/5361 2900/5574/5362
f 2900/5574/5362 2927/5573/5361 2923/5575/5363
f 2900/5574/5362 2923/5575/5363 2922/5576/5364
f 2922/5576/5364 2923/5575/5363 2917/5577/5365
f 2922/5576/5364 2917/5577/5365 2898/5578/5366
f 2898/5578/5366 2917/5577/5365 2897/5579/5367
f 2897/5579/5367 2917/5577/5365 2896/5580/5368
f 2896/5580/5368 2917/5577/5365 2918/5581/5369
f 2896/5580/5368 2918/5581/5369 2913/5582/5370
f 2913/5582/5370 2918/5581/5369 2919/5566/5354
f 2913/5582/5370 2919/5566/5354 2914/5564/5352
f 2894/5562/5350 2895/5583/5371 2914/5564/5352
f 2914/5564/5352 2895/5583/5371 2913/5582/5370
f 2895/5583/5371 2896/5580/5368 2913/5582/5370
f 2898/5578/5366 2899/5584/5372 2922/5576/5364
f 2922/5576/5364 2899/5584/5372 2900/5574/5362
f 2929/5569/5357 2902/5571/5359 2931/5585/5373
f 2931/5585/5373 2902/5571/5359 2903/5586/5374
f 2931/5585/5373 2903/5586/5374 2910/5587/5375
f 2910/5587/5375 2903/5586/5374 2904/5588/5376
f 2910/5587/5375 2904/5588/5376 2905/5589/5377
f 2910/5587/5375 2905/5589/5377 2930/5590/5378
f 2930/5590/5378 2905/5589/5377 2906/5591/5379
f 2930/5590/5378 2906/5591/5379 2926/5592/5380
f 2926/5592/5380 2906/5591/5379 2907/5593/5381
f 2926/5592/5380 2907/5593/5381 2921/5594/5382
f 2921/5594/5382 2907/5593/5381 2908/5595/5383
f 2921/5594/5382 2908/5595/5383 2916/5596/5384
f 2916/5596/5384 2908/5595/5383 2909/5557/5345
f 2916/5596/5384 2909/5557/5345 2912/5559/5347
f 2916/5596/5384 2912/5559/5347 2911/5561/5349
f 2921/5594/5382 2916/5596/5384 2915/5563/5351
f 2915/5563/5351 2916/5596/5384 2911/5561/5349
f 2921/5594/5382 2915/5563/5351 2920/5565/5353
f 2924/5568/5356 2919/5566/5354 2918/5581/5369
f 2924/5568/5356 2918/5581/5369 2923/5575/5363
f 2923/5575/5363 2918/5581/5369 2917/5577/5365
f 2926/5592/5380 2921/5594/5382 2920/5565/5353
f 2926/5592/5380 2920/5565/5353 2925/5567/5355
f 2928/5570/5358 2924/5568/5356 2923/5575/5363
f 2927/5573/5361 2928/5570/5358 2923/5575/5363
f 2930/5590/5378 2926/5592/5380 2925/5567/5355
f 2930/5590/5378 2925/5567/5355 2929/5569/5357
f 2910/5587/5375 2930/5590/5378 2929/5569/5357
f 2931/5585/5373 2910/5587/5375 2929/5569/5357
f 2898/5597/5366 2436/5598/5385 2899/5599/5372
f 2899/5599/5372 2436/5598/5385 2435/5600/5386
f 2899/5599/5372 2435/5600/5386 2900/5601/5362
f 2900/5601/5362 2435/5600/5386 2434/5602/5387
f 2900/5601/5362 2434/5602/5387 2901/5603/5360
f 2901/5603/5360 2434/5602/5387 2433/5604/5388
f 2901/5603/5360 2433/5604/5388 2902/5605/5359
f 2902/5605/5359 2433/5604/5388 2432/5606/5389
f 2902/5605/5359 2432/5606/5389 2903/5607/5374
f 2903/5607/5374 2432/5606/5389 2431/5608/5390
f 2903/5607/5374 2431/5608/5390 2904/5609/5376
f 2904/5609/5376 2431/5608/5390 2430/5610/5391
f 2949/5611/5392 2932/5612/5393 2950/5613/5394
f 2950/5613/5394 2932/5612/5393 2933/5614/5395
f 2950/5613/5394 2933/5614/5395 2952/5615/5396
f 2952/5615/5396 2933/5614/5395 2934/5616/5397
f 2952/5615/5396 2934/5616/5397 2956/5617/5398
f 2956/5617/5398 2934/5616/5397 2935/5618/5399
f 2956/5617/5398 2935/5618/5399 2961/5619/5400
f 2961/5619/5400 2935/5618/5399 2936/5620/5401
f 2961/5619/5400 2936/5620/5401 2966/5621/5402
f 2966/5621/5402 2936/5620/5401 2937/5622/5403
f 2966/5621/5402 2937/5622/5403 2970/5623/5404
f 2970/5623/5404 2937/5622/5403 2938/5624/5405
f 2970/5623/5404 2938/5624/5405 2939/5625/5406
f 2970/5623/5404 2939/5625/5406 2971/5626/5407
f 2971/5626/5407 2939/5625/5406 2940/5627/5408
f 2971/5626/5407 2940/5627/5408 2967/5628/5409
f 2967/5628/5409 2940/5627/5408 2968/5629/5410
f 2967/5628/5409 2968/5629/5410 2962/5630/5411
f 2962/5630/5411 2968/5629/5410 2963/5631/5412
f 2962/5630/5411 2963/5631/5412 2957/5632/5413
f 2957/5632/5413 2963/5631/5412 2958/5633/5414
f 2957/5632/5413 2958/5633/5414 2953/5634/5415
f 2953/5634/5415 2958/5633/5414 2954/5635/5416
f 2953/5634/5415 2954/5635/5416 2948/5636/5417
f 2948/5636/5417 2954/5635/5416 2947/5637/5418
f 2947/5637/5418 2954/5635/5416 2955/5638/5419
f 2947/5637/5418 2955/5638/5419 2946/5639/5420
f 2946/5639/5420 2955/5638/5419 2959/5640/5421
f 2946/5639/5420 2959/5640/5421 2960/5641/5422
f 2960/5641/5422 2959/5640/5421 2965/5642/5423
f 2960/5641/5422 2965/5642/5423 2944/5643/5424
f 2944/5643/5424 2965/5642/5423 2943/5644/5425
f 2943/5644/5425 2965/5642/5423 2942/5645/5426
f 2942/5645/5426 2965/5642/5423 2964/5646/5427
f 2942/5645/5426 2964/5646/5427 2969/5647/5428
f 2969/5647/5428 2964/5646/5427 2963/5631/5412
f 2969/5647/5428 2963/5631/5412 2968/5629/5410
f 2940/5627/5408 2941/5648/5429 2968/5629/5410
f 2968/5629/5410 2941/5648/5429 2969/5647/5428
f 2941/5648/5429 2942/5645/5426 2969/5647/5428
f 2944/5643/5424 2945/5649/5430 2960/5641/5422
f 2960/5641/5422 2945/5649/5430 2946/5639/5420
f 2953/5634/5415 2948/5636/5417 2951/5650/5431
f 2951/5650/5431 2948/5636/5417 2949/5611/5392
f 2951/5650/5431 2949/5611/5392 2950/5613/5394
f 2953/5634/5415 2951/5650/5431 2950/5613/5394
f 2957/5632/5413 2953/5634/5415 2952/5615/5396
f 2952/5615/5396 2953/5634/5415 2950/5613/5394
f 2959/5640/5421 2955/5638/5419 2954/5635/5416
f 2959/5640/5421 2954/5635/5416 2958/5633/5414
f 2962/5630/5411 2957/5632/5413 2956/5617/5398
f 2956/5617/5398 2957/5632/5413 2952/5615/5396
f 2963/5631/5412 2964/5646/5427 2958/5633/5414
f 2958/5633/5414 2964/5646/5427 2959/5640/5421
f 2964/5646/5427 2965/5642/5423 2959/5640/5421
f 2967/5628/5409 2962/5630/5411 2961/5619/5400
f 2961/5619/5400 2962/5630/5411 2956/5617/5398
f 2971/5626/5407 2967/5628/5409 2966/5621/5402
f 2966/5621/5402 2967/5628/5409 2961/5619/5400
f 2970/5623/5404 2971/5626/5407 2966/5621/5402
f 2938/5651/5405 2972/5652/5432 2939/5653/5406
f 2939/5653/5406 2972/5652/5432 2973/5654/5433
f 2939/5653/5406 2973/5654/5433 2940/5655/5408
f 2940/5655/5408 2973/5654/5433 2974/5656/5434
f 2940/5655/5408 2974/5656/5434 2941/5657/5429
f 2941/5657/5429 2974/5656/5434 2975/5658/5435
f 2941/5657/5429 2975/5658/5435 2942/5659/5426
f 2942/5659/5426 2975/5658/5435 2976/5660/5436
f 2942/5659/5426 2976/5660/5436 2943/5661/5425
f 2943/5661/5425 2976/5660/5436 2977/5662/5437
f 2943/5661/5425 2977/5662/5437 2944/5663/5424
f 2944/5663/5424 2977/5662/5437 2978/5664/5438
f 2980/5665/5439 3002/5666/5440 2979/5667/5441
f 2979/5667/5441 3002/5666/5440 3001/5668/5442
f 2979/5667/5441 3001/5668/5442 2996/5669/5443
f 2996/5669/5443 3001/5668/5442 2995/5670/5444
f 2995/5670/5444 3001/5668/5442 3000/5671/5445
f 2995/5670/5444 3000/5671/5445 3016/5672/5446
f 3016/5672/5446 3000/5671/5445 2999/5673/5447
f 3016/5672/5446 2999/5673/5447 3015/5674/5448
f 3015/5674/5448 2999/5673/5447 2998/5675/5449
f 3015/5674/5448 2998/5675/5449 3014/5676/5450
f 3014/5676/5450 2998/5675/5449 2997/5677/5451
f 3014/5676/5450 2997/5677/5451 3013/5678/5452
f 3013/5678/5452 2997/5677/5451 2989/5679/5453
f 3013/5678/5452 2989/5679/5453 2990/5680/5454
f 2980/5665/5439 2981/5681/5455 3002/5666/5440
f 3002/5666/5440 2981/5681/5455 3003/5682/5456
f 3002/5666/5440 3003/5682/5456 3001/5668/5442
f 3001/5668/5442 3003/5682/5456 3000/5671/5445
f 3003/5682/5456 2981/5681/5455 3007/5683/5457
f 3007/5683/5457 2981/5681/5455 2982/5684/5458
f 3007/5683/5457 2982/5684/5458 3008/5685/5459
f 3008/5685/5459 2982/5684/5458 2983/5686/5460
f 3008/5685/5459 2983/5686/5460 3009/5687/5461
f 3009/5687/5461 2983/5686/5460 3011/5688/5462
f 3009/5687/5461 3011/5688/5462 3012/5689/5463
f 3012/5689/5463 3011/5688/5462 2984/5690/5464
f 3012/5689/5463 2984/5690/5464 2985/5691/5465
f 2983/5686/5460 2984/5690/5464 3011/5688/5462
f 2985/5691/5465 2986/5692/5466 3012/5689/5463
f 3012/5689/5463 2986/5692/5466 3010/5693/5467
f 3012/5689/5463 3010/5693/5467 3009/5687/5461
f 3009/5687/5461 3010/5693/5467 3005/5694/5468
f 3009/5687/5461 3005/5694/5468 3004/5695/5469
f 3004/5695/5469 3005/5694/5468 2999/5673/5447
f 3004/5695/5469 2999/5673/5447 3000/5671/5445
f 2986/5692/5466 2987/5696/5470 3010/5693/5467
f 3010/5693/5467 2987/5696/5470 3006/5697/5471
f 3010/5693/5467 3006/5697/5471 3005/5694/5468
f 3005/5694/5468 3006/5697/5471 2998/5675/5449
f 3005/5694/5468 2998/5675/5449 2999/5673/5447
f 2987/5696/5470 2988/5698/5472 3006/5697/5471
f 3006/5697/5471 2988/5698/5472 2997/5677/5451
f 3006/5697/5471 2997/5677/5451 2998/5675/5449
f 2988/5698/5472 2989/5679/5453 2997/5677/5451
f 3013/5678/5452 2990/5680/5454 3017/5699/5473
f 3017/5699/5473 2990/5680/5454 2991/5700/5474
f 3017/5699/5473 2991/5700/5474 2992/5701/5475
f 3017/5699/5473 2992/5701/5475 3018/5702/5476
f 3018/5702/5476 2992/5701/5475 2993/5703/5477
f 3018/5702/5476 2993/5703/5477 3014/5676/5450
f 3014/5676/5450 2993/5703/5477 3015/5674/5448
f 2993/5703/5477 2994/5704/5478 3015/5674/5448
f 3015/5674/5448 2994/5704/5478 3016/5672/5446
f 2994/5704/5478 2995/5670/5444 3016/5672/5446
f 3004/5695/5469 3000/5671/5445 3003/5682/5456
f 3007/5683/5457 3008/5685/5459 3003/5682/5456
f 3003/5682/5456 3008/5685/5459 3004/5695/5469
f 3008/5685/5459 3009/5687/5461 3004/5695/5469
f 3018/5702/5476 3014/5676/5450 3013/5678/5452
f 3017/5699/5473 3018/5702/5476 3013/5678/5452
f 2985/5705/5465 2443/5706/5479 2986/5707/5466
f 2986/5707/5466 2443/5706/5479 2442/5708/5480
f 2986/5707/5466 2442/5708/5480 2987/5709/5470
f 2987/5709/5470 2442/5708/5480 2441/5710/5481
f 2987/5709/5470 2441/5710/5481 2988/5711/5472
f 2988/5711/5472 2441/5710/5481 2440/5712/5482
f 2988/5711/5472 2440/5712/5482 2989/5713/5453
f 2989/5713/5453 2440/5712/5482 2439/5714/5483
f 2989/5713/5453 2439/5714/5483 2990/5715/5454
f 2990/5715/5454 2439/5714/5483 2438/5716/5484
f 2990/5715/5454 2438/5716/5484 2991/5717/5474
f 2991/5717/5474 2438/5716/5484 2437/5718/5485
f 2991/5719/5474 2898/5720/5366 3019/5721/5486
f 3019/5721/5486 2898/5720/5366 2897/5722/5367
f 3019/5721/5486 2897/5722/5367 3020/5723/5487
f 3020/5723/5487 2897/5722/5367 2896/5724/5368
f 3020/5723/5487 2896/5724/5368 3021/5725/5488
f 3021/5725/5488 2896/5724/5368 2895/5726/5371
f 3021/5725/5488 2895/5726/5371 3022/5727/5489
f 3022/5727/5489 2895/5726/5371 2894/5728/5350
f 3022/5727/5489 2894/5728/5350 3023/5729/5490
f 3023/5729/5490 2894/5728/5350 2893/5730/5348
f 3023/5729/5490 2893/5730/5348 2892/5731/5346
f 2892/5731/5346 2979/5732/5441 3023/5729/5490
f 3023/5729/5490 2979/5732/5441 2996/5733/5443
f 3023/5729/5490 2996/5733/5443 3022/5727/5489
f 3022/5727/5489 2996/5733/5443 2995/5734/5444
f 3022/5727/5489 2995/5734/5444 3021/5725/5488
f 3021/5725/5488 2995/5734/5444 2994/5735/5478
f 3021/5725/5488 2994/5735/5478 3020/5723/5487
f 3020/5723/5487 2994/5735/5478 2993/5736/5477
f 3020/5723/5487 2993/5736/5477 3019/5721/5486
f 3019/5721/5486 2993/5736/5477 2992/5737/5475
f 3019/5721/5486 2992/5737/5475 2991/5719/5474
f 3025/5738/5491 3047/5739/5492 3024/5740/5493
f 3024/5740/5493 3047/5739/5492 3046/5741/5494
f 3024/5740/5493 3046/5741/5494 3041/5742/5495
f 3041/5742/5495 3046/5741/5494 3040/5743/5496
f 3040/5743/5496 3046/5741/5494 3045/5744/5497
f 3040/5743/5496 3045/5744/5497 3061/5745/5498
f 3061/5745/5498 3045/5744/5497 3044/5746/5499
f 3061/5745/5498 3044/5746/5499 3060/5747/5500
f 3060/5747/5500 3044/5746/5499 3043/5748/5501
f 3060/5747/5500 3043/5748/5501 3059/5749/5502
f 3059/5749/5502 3043/5748/5501 3042/5750/5503
f 3059/5749/5502 3042/5750/5503 3058/5751/5504
f 3058/5751/5504 3042/5750/5503 3034/5752/5505
f 3058/5751/5504 3034/5752/5505 3035/5753/5506
f 3025/5738/5491 3026/5754/5507 3047/5739/5492
f 3047/5739/5492 3026/5754/5507 3048/5755/5508
f 3047/5739/5492 3048/5755/5508 3046/5741/5494
f 3046/5741/5494 3048/5755/5508 3045/5744/5497
f 3048/5755/5508 3026/5754/5507 3052/5756/5509
f 3052/5756/5509 3026/5754/5507 3027/5757/5510
f 3052/5756/5509 3027/5757/5510 3053/5758/5511
f 3053/5758/5511 3027/5757/5510 3028/5759/5512
f 3053/5758/5511 3028/5759/5512 3054/5760/5513
f 3054/5760/5513 3028/5759/5512 3056/5761/5514
f 3054/5760/5513 3056/5761/5514 3057/5762/5515
f 3057/5762/5515 3056/5761/5514 3029/5763/5516
f 3057/5762/5515 3029/5763/5516 3030/5764/5517
f 3028/5759/5512 3029/5763/5516 3056/5761/5514
f 3030/5764/5517 3031/5765/5518 3057/5762/5515
f 3057/5762/5515 3031/5765/5518 3055/5766/5519
f 3057/5762/5515 3055/5766/5519 3054/5760/5513
f 3054/5760/5513 3055/5766/5519 3050/5767/5520
f 3054/5760/5513 3050/5767/5520 3049/5768/5521
f 3049/5768/5521 3050/5767/5520 3044/5746/5499
f 3049/5768/5521 3044/5746/5499 3045/5744/5497
f 3031/5765/5518 3032/5769/5522 3055/5766/5519
f 3055/5766/5519 3032/5769/5522 3051/5770/5523
f 3055/5766/5519 3051/5770/5523 3050/5767/5520
f 3050/5767/5520 3051/5770/5523 3043/5748/5501
f 3050/5767/5520 3043/5748/5501 3044/5746/5499
f 3032/5769/5522 3033/5771/5524 3051/5770/5523
f 3051/5770/5523 3033/5771/5524 3042/5750/5503
f 3051/5770/5523 3042/5750/5503 3043/5748/5501
f 3033/5771/5524 3034/5752/5505 3042/5750/5503
f 3058/5751/5504 3035/5753/5506 3062/5772/5525
f 3062/5772/5525 3035/5753/5506 3036/5773/5526
f 3062/5772/5525 3036/5773/5526 3037/5774/5527
f 3062/5772/5525 3037/5774/5527 3063/5775/5528
f 3063/5775/5528 3037/5774/5527 3038/5776/5529
f 3063/5775/5528 3038/5776/5529 3059/5749/5502
f 3059/5749/5502 3038/5776/5529 3060/5747/5500
f 3038/5776/5529 3039/5777/5530 3060/5747/5500
f 3060/5747/5500 3039/5777/5530 3061/5745/5498
f 3039/5777/5530 3040/5743/5496 3061/5745/5498
f 3049/5768/5521 3045/5744/5497 3048/5755/5508
f 3052/5756/5509 3053/5758/5511 3048/5755/5508
f 3048/5755/5508 3053/5758/5511 3049/5768/5521
f 3053/5758/5511 3054/5760/5513 3049/5768/5521
f 3063/5775/5528 3059/5749/5502 3058/5751/5504
f 3062/5772/5525 3063/5775/5528 3058/5751/5504
f 3030/5778/5517 3064/5779/5531 3031/5780/5518
f 3031/5780/5518 3064/5779/5531 3065/5781/5532
f 3031/5780/5518 3065/5781/5532 3032/5782/5522
f 3032/5782/5522 3065/5781/5532 3066/5783/5533
f 3032/5782/5522 3066/5783/5533 3033/5784/5524
f 3033/5784/5524 3066/5783/5533 3067/5785/5534
f 3033/5784/5524 3067/5785/5534 3034/5786/5505
f 3034/5786/5505 3067/5785/5534 3068/5787/5535
f 3034/5786/5505 3068/5787/5535 3035/5788/5506
f 3035/5788/5506 3068/5787/5535 3069/5789/5536
f 3035/5788/5506 3069/5789/5536 3036/5790/5526
f 3036/5790/5526 3069/5789/5536 3070/5791/5537
f 2984/5792/5464 3071/5793/5538 2985/5794/5465
f 2985/5794/5465 3071/5793/5538 3072/5795/5539
f 2985/5794/5465 3072/5795/5539 3036/5796/5526
f 3036/5796/5526 3072/5795/5539 3073/5797/5540
f 3036/5796/5526 3073/5797/5540 3037/5798/5527
f 3037/5798/5527 3073/5797/5540 3038/5799/5529
f 3038/5799/5529 3073/5797/5540 3076/5800/5541
f 3038/5799/5529 3076/5800/5541 3039/5801/5530
f 3039/5801/5530 3076/5800/5541 3079/5802/5542
f 3039/5801/5530 3079/5802/5542 3040/5803/5496
f 3040/5803/5496 3079/5802/5542 3082/5804/5543
f 3040/5803/5496 3082/5804/5543 3041/5805/5495
f 3041/5805/5495 3082/5804/5543 3085/5806/5544
f 3041/5805/5495 3085/5806/5544 3024/5807/5493
f 3024/5807/5493 3085/5806/5544 3084/5808/5545
f 3024/5807/5493 3084/5808/5545 2979/5809/5441
f 2979/5809/5441 3084/5808/5545 3083/5810/5546
f 2979/5809/5441 3083/5810/5546 2980/5811/5439
f 2980/5811/5439 3083/5810/5546 2981/5812/5455
f 2981/5812/5455 3083/5810/5546 3080/5813/5547
f 2981/5812/5455 3080/5813/5547 2982/5814/5458
f 2982/5814/5458 3080/5813/5547 3077/5815/5548
f 2982/5814/5458 3077/5815/5548 2983/5816/5460
f 2983/5816/5460 3077/5815/5548 3074/5817/5549
f 2983/5816/5460 3074/5817/5549 2984/5792/5464
f 2984/5792/5464 3074/5817/5549 3071/5793/5538
f 3076/5800/5541 3073/5797/5540 3072/5795/5539
f 3072/5795/5539 3071/5793/5538 3075/5818/5550
f 3075/5818/5550 3071/5793/5538 3074/5817/5549
f 3075/5818/5550 3074/5817/5549 3078/5819/5551
f 3078/5819/5551 3074/5817/5549 3077/5815/5548
f 3078/5819/5551 3077/5815/5548 3081/5820/5552
f 3081/5820/5552 3077/5815/5548 3080/5813/5547
f 3081/5820/5552 3080/5813/5547 3084/5808/5545
f 3084/5808/5545 3080/5813/5547 3083/5810/5546
f 3079/5802/5542 3076/5800/5541 3075/5818/5550
f 3075/5818/5550 3076/5800/5541 3072/5795/5539
f 3079/5802/5542 3075/5818/5550 3078/5819/5551
f 3082/5804/5543 3079/5802/5542 3078/5819/5551
f 3082/5804/5543 3078/5819/5551 3081/5820/5552
f 3085/5806/5544 3082/5804/5543 3081/5820/5552
f 3085/5806/5544 3081/5820/5552 3084/5808/5545
f 2944/5821/5424 3030/5822/5517 3086/5823/5553
f 3086/5823/5553 3030/5822/5517 3029/5824/5516
f 3086/5823/5553 3029/5824/5516 3087/5825/5554
f 3087/5825/5554 3029/5824/5516 3028/5826/5512
f 3087/5825/5554 3028/5826/5512 3088/5827/5555
f 3088/5827/5555 3028/5826/5512 3027/5828/5510
f 3088/5827/5555 3027/5828/5510 3089/5829/5556
f 3089/5829/5556 3027/5828/5510 3026/5830/5507
f 3089/5829/5556 3026/5830/5507 3090/5831/5557
f 3090/5831/5557 3026/5830/5507 3025/5832/5491
f 3090/5831/5557 3025/5832/5491 3024/5833/5493
f 3024/5833/5493 2932/5834/5393 3090/5831/5557
f 3090/5831/5557 2932/5834/5393 2949/5835/5392
f 3090/5831/5557 2949/5835/5392 3089/5829/5556
f 3089/5829/5556 2949/5835/5392 2948/5836/5417
f 3089/5829/5556 2948/5836/5417 3088/5827/5555
f 3088/5827/5555 2948/5836/5417 2947/5837/5418
f 3088/5827/5555 2947/5837/5418 3087/5825/5554
f 3087/5825/5554 2947/5837/5418 2946/5838/5420
f 3087/5825/5554 2946/5838/5420 3086/5823/5553
f 3086/5823/5553 2946/5838/5420 2945/5839/5430
f 3086/5823/5553 2945/5839/5430 2944/5821/5424
f 2937/5840/5403 3091/5841/5558 2938/5842/5405
f 2938/5842/5405 3091/5841/5558 3092/5843/5559
f 2938/5842/5405 3092/5843/5559 2904/5844/5376
f 2904/5844/5376 3092/5843/5559 3093/5845/5560
f 2904/5844/5376 3093/5845/5560 2905/5846/5377
f 2905/5846/5377 3093/5845/5560 2906/5847/5379
f 2906/5847/5379 3093/5845/5560 3096/5848/5561
f 2906/5847/5379 3096/5848/5561 2907/5849/5381
f 2907/5849/5381 3096/5848/5561 3099/5850/5562
f 2907/5849/5381 3099/5850/5562 2908/5851/5383
f 2908/5851/5383 3099/5850/5562 3102/5852/5563
f 2908/5851/5383 3102/5852/5563 2909/5853/5345
f 2909/5853/5345 3102/5852/5563 3105/5854/5564
f 2909/5853/5345 3105/5854/5564 2892/5855/5346
f 2892/5855/5346 3105/5854/5564 3104/5856/5565
f 2892/5855/5346 3104/5856/5565 2932/5857/5393
f 2932/5857/5393 3104/5856/5565 3103/5858/5566
f 2932/5857/5393 3103/5858/5566 2933/5859/5395
f 2933/5859/5395 3103/5858/5566 2934/5860/5397
f 2934/5860/5397 3103/5858/5566 3100/5861/5567
f 2934/5860/5397 3100/5861/5567 2935/5862/5399
f 2935/5862/5399 3100/5861/5567 3097/5863/5568
f 2935/5862/5399 3097/5863/5568 2936/5864/5401
f 2936/5864/5401 3097/5863/5568 3094/5865/5569
f 2936/5864/5401 3094/5865/5569 2937/5840/5403
f 2937/5840/5403 3094/5865/5569 3091/5841/5558
f 3096/5848/5561 3093/5845/5560 3092/5843/5559
f 3092/5843/5559 3091/5841/5558 3095/5866/5570
f 3095/5866/5570 3091/5841/5558 3094/5865/5569
f 3095/5866/5570 3094/5865/5569 3098/5867/5571
f 3098/5867/5571 3094/5865/5569 3097/5863/5568
f 3098/5867/5571 3097/5863/5568 3101/5868/5572
f 3101/5868/5572 3097/5863/5568 3100/5861/5567
f 3101/5868/5572 3100/5861/5567 3104/5856/5565
f 3104/5856/5565 3100/5861/5567 3103/5858/5566
f 3099/5850/5562 3096/5848/5561 3095/5866/5570
f 3095/5866/5570 3096/5848/5561 3092/5843/5559
f 3099/5850/5562 3095/5866/5570 3098/5867/5571
f 3102/5852/5563 3099/5850/5562 3098/5867/5571
f 3102/5852/5563 3098/5867/5571 3101/5868/5572
f 3105/5854/5564 3102/5852/5563 3101/5868/5572
f 3105/5854/5564 3101/5868/5572 3104/5856/5565
f 2436/5869/5385 2898/5870/5366 2411/5871/5573
f 2411/5871/5573 2898/5870/5366 2991/5872/5474
f 2411/5871/5573 2991/5872/5474 2419/5873/5574
f 2419/5873/5574 2991/5872/5474 2437/5874/5485
f 2416/5875/5575 2412/5876/5576 2419/5873/5574
f 2419/5873/5574 2412/5876/5576 2411/5871/5573
f 2443/5877/5479 2985/5878/5465 2444/5879/5577
f 2444/5879/5577 2985/5878/5465 3036/5880/5526
f 2444/5879/5577 3036/5880/5526 3106/5881/5578
f 3106/5881/5578 3036/5880/5526 3070/5882/5537
f 3107/5883/5579 3108/5884/5580 3106/5881/5578
f 3106/5881/5578 3108/5884/5580 2444/5879/5577
f 3106/5885/5581 3070/5886/5582 2708/5887/5583
f 2708/5887/5583 3070/5886/5582 3069/5888/5584
f 2708/5887/5583 3069/5888/5584 3068/5889/5585
f 3068/5889/5585 3067/5890/5586 2708/5887/5583
f 2708/5887/5583 3067/5890/5586 2709/5891/5587
f 2709/5891/5587 3067/5890/5586 3066/5892/5588
f 2709/5891/5587 3066/5892/5588 2710/5893/5589
f 2710/5893/5589 3066/5892/5588 2711/5894/5590
f 2711/5894/5590 3066/5892/5588 3065/5895/5591
f 2711/5894/5590 3065/5895/5591 2712/5896/5592
f 2712/5896/5592 3065/5895/5591 2713/5897/5593
f 2713/5897/5593 3065/5895/5591 3064/5898/5594
f 2713/5897/5593 3064/5898/5594 2714/5899/5595
f 2714/5899/5595 3064/5898/5594 3109/5900/5596
f 2714/5899/5595 3109/5900/5596 3110/5901/5597
f 2708/5887/5583 3111/5902/5598 3106/5885/5581
f 3113/5903/5599 3171/5904/5600 3112/5905/5601
f 3112/5905/5601 3171/5904/5600 3172/5906/5602
f 3112/5905/5601 3172/5906/5602 3195/5907/5603
f 3195/5907/5603 3172/5906/5602 3173/5908/5604
f 3195/5907/5603 3173/5908/5604 3194/5909/5605
f 3194/5909/5605 3173/5908/5604 3174/5910/5606
f 3194/5909/5605 3174/5910/5606 3193/5911/5607
f 3193/5911/5607 3174/5910/5606 3175/5912/5608
f 3193/5911/5607 3175/5912/5608 3192/5913/5609
f 3192/5913/5609 3175/5912/5608 3176/5914/5610
f 3192/5913/5609 3176/5914/5610 3191/5915/5611
f 3191/5915/5611 3176/5914/5610 3177/5916/5612
f 3191/5915/5611 3177/5916/5612 3190/5917/5613
f 3190/5917/5613 3177/5916/5612 3178/5918/5614
f 3190/5917/5613 3178/5918/5614 3179/5919/5615
f 3114/5920/5616 3169/5921/5617 3113/5903/5599
f 3113/5903/5599 3169/5921/5617 3170/5922/5618
f 3113/5903/5599 3170/5922/5618 3171/5904/5600
f 3115/5923/5619 3135/5924/5620 3114/5920/5616
f 3114/5920/5616 3135/5924/5620 3130/5925/5621
f 3114/5920/5616 3130/5925/5621 3167/5926/5622
f 3167/5926/5622 3130/5925/5621 3166/5927/5623
f 3166/5927/5623 3130/5925/5621 3131/5928/5624
f 3166/5927/5623 3131/5928/5624 3189/5929/5625
f 3189/5929/5625 3131/5928/5624 3132/5930/5626
f 3189/5929/5625 3132/5930/5626 3188/5931/5627
f 3188/5931/5627 3132/5930/5626 3187/5932/5628
f 3187/5932/5628 3132/5930/5626 3153/5933/5629
f 3187/5932/5628 3153/5933/5629 3186/5934/5630
f 3186/5934/5630 3153/5933/5629 3148/5935/5631
f 3186/5934/5630 3148/5935/5631 3185/5936/5632
f 3185/5936/5632 3148/5935/5631 3184/5937/5633
f 3184/5937/5633 3148/5935/5631 3149/5938/5634
f 3184/5937/5633 3149/5938/5634 3209/5939/5635
f 3209/5939/5635 3149/5938/5634 3208/5940/5636
f 3208/5940/5636 3149/5938/5634 2979/5941/5441
f 3208/5940/5636 2979/5941/5441 3207/5942/5637
f 3207/5942/5637 2979/5941/5441 3206/5943/5638
f 3206/5943/5638 2979/5941/5441 3205/5944/5639
f 3205/5944/5639 2979/5941/5441 3204/5945/5640
f 3204/5945/5640 2979/5941/5441 3203/5946/5641
f 3203/5946/5641 2979/5941/5441 3202/5947/5642
f 3202/5947/5642 2979/5941/5441 2892/5948/5346
f 3202/5947/5642 2892/5948/5346 3201/5949/5643
f 3201/5949/5643 2892/5948/5346 3200/5950/5644
f 3200/5950/5644 2892/5948/5346 3199/5951/5645
f 3199/5951/5645 2892/5948/5346 3198/5952/5646
f 3198/5952/5646 2892/5948/5346 3197/5953/5647
f 3197/5953/5647 2892/5948/5346 3196/5954/5648
f 3196/5954/5648 2892/5948/5346 3195/5907/5603
f 3195/5907/5603 2892/5948/5346 3112/5905/5601
f 3116/5955/5649 3138/5956/5650 3115/5923/5619
f 3115/5923/5619 3138/5956/5650 3154/5957/5651
f 3115/5923/5619 3154/5957/5651 3135/5924/5620
f 3135/5924/5620 3154/5957/5651 3134/5958/5652
f 3134/5958/5652 3154/5957/5651 3155/5959/5653
f 3134/5958/5652 3155/5959/5653 3156/5960/5654
f 3117/5961/5655 3136/5962/5656 3116/5955/5649
f 3116/5955/5649 3136/5962/5656 3137/5963/5657
f 3116/5955/5649 3137/5963/5657 3138/5956/5650
f 3136/5962/5656 3117/5961/5655 2932/5964/5393
f 2932/5964/5393 3117/5961/5655 3112/5905/5601
f 2932/5964/5393 3112/5905/5601 2892/5948/5346
f 3119/5965/5658 3128/5966/5659 3118/5967/5660
f 3118/5967/5660 3128/5966/5659 3129/5968/5661
f 3118/5967/5660 3129/5968/5661 3157/5969/5662
f 3157/5969/5662 3129/5968/5661 3156/5960/5654
f 3156/5960/5654 3129/5968/5661 3124/5970/5663
f 3156/5960/5654 3124/5970/5663 3133/5971/5664
f 3133/5971/5664 3124/5970/5663 3152/5972/5665
f 3133/5971/5664 3152/5972/5665 3132/5930/5626
f 3132/5930/5626 3152/5972/5665 3153/5933/5629
f 3119/5965/5658 3120/5973/5666 3128/5966/5659
f 3128/5966/5659 3120/5973/5666 3127/5974/5667
f 3127/5974/5667 3120/5973/5666 3024/5975/5493
f 3127/5974/5667 3024/5975/5493 3126/5976/5668
f 3126/5976/5668 3024/5975/5493 3150/5977/5669
f 3126/5976/5668 3150/5977/5669 3151/5978/5670
f 3120/5973/5666 3121/5979/5671 3024/5975/5493
f 3024/5975/5493 3121/5979/5671 3122/5980/5672
f 3024/5975/5493 3122/5980/5672 3146/5981/5673
f 3146/5981/5673 3122/5980/5672 3145/5982/5674
f 3145/5982/5674 3122/5980/5672 3123/5983/5675
f 3145/5982/5674 3123/5983/5675 3144/5984/5676
f 3144/5984/5676 3123/5983/5675 3118/5967/5660
f 3144/5984/5676 3118/5967/5660 3157/5969/5662
f 3152/5972/5665 3124/5970/5663 3151/5978/5670
f 3151/5978/5670 3124/5970/5663 3125/5985/5677
f 3151/5978/5670 3125/5985/5677 3126/5976/5668
f 3133/5971/5664 3134/5958/5652 3156/5960/5654
f 3154/5957/5651 3138/5956/5650 3159/5986/5678
f 3159/5986/5678 3138/5956/5650 3139/5987/5679
f 3159/5986/5678 3139/5987/5679 3142/5988/5680
f 3142/5988/5680 3139/5987/5679 3162/5989/5681
f 3142/5988/5680 3162/5989/5681 3147/5990/5682
f 3147/5990/5682 3162/5989/5681 3163/5991/5683
f 3147/5990/5682 3163/5991/5683 3146/5981/5673
f 3146/5981/5673 3163/5991/5683 3164/5992/5684
f 3146/5981/5673 3164/5992/5684 2932/5964/5393
f 2932/5964/5393 3164/5992/5684 3165/5993/5685
f 2932/5964/5393 3165/5993/5685 3160/5994/5686
f 3139/5987/5679 3140/5995/5687 3162/5989/5681
f 3162/5989/5681 3140/5995/5687 3161/5996/5688
f 3161/5996/5688 3140/5995/5687 3160/5994/5686
f 3160/5994/5686 3140/5995/5687 3141/5997/5689
f 3160/5994/5686 3141/5997/5689 2932/5964/5393
f 2932/5964/5393 3141/5997/5689 3136/5962/5656
f 3159/5986/5678 3142/5988/5680 3158/5998/5690
f 3158/5998/5690 3142/5988/5680 3143/5999/5691
f 3158/5998/5690 3143/5999/5691 3144/5984/5676
f 2979/5941/5441 3149/5938/5634 3024/5975/5493
f 3024/5975/5493 3149/5938/5634 3150/5977/5669
f 3157/5969/5662 3158/5998/5690 3144/5984/5676
f 3167/5926/5622 3168/6000/5692 3114/5920/5616
f 3114/5920/5616 3168/6000/5692 3169/5921/5617
f 3190/5917/5613 3179/5919/5615 3213/6001/5693
f 3213/6001/5693 3179/5919/5615 3180/6002/5694
f 3213/6001/5693 3180/6002/5694 3212/6003/5695
f 3212/6003/5695 3180/6002/5694 3181/6004/5696
f 3212/6003/5695 3181/6004/5696 3211/6005/5697
f 3211/6005/5697 3181/6004/5696 3182/6006/5698
f 3211/6005/5697 3182/6006/5698 3210/6007/5699
f 3210/6007/5699 3182/6006/5698 3183/6008/5700
f 3210/6007/5699 3183/6008/5700 3209/5939/5635
f 3209/5939/5635 3183/6008/5700 3184/5937/5633
f 2932/5964/5393 3024/5975/5493 3146/5981/5673
f 3214/6009/5701 3215/6010/5702 3217/6011/5703
f 3217/6011/5703 3215/6010/5702 3216/6012/5704
f 3109/6013/5705 3214/6014/5706 3110/6015/5707
f 3110/6015/5707 3214/6014/5706 3217/6016/5708
f 3215/6017/5709 3218/6018/5710 3216/6019/5711
f 3216/6019/5711 3218/6018/5710 3219/6020/5712
f 2465/6021/4919 2539/6022/4980 3217/6023/5713
f 3217/6023/5713 2539/6022/4980 2714/6024/5160
f 3217/6023/5713 2714/6024/5160 3110/6025/5714
f 3217/6023/5713 3216/6026/5715 2465/6021/4919
f 2465/6021/4919 3216/6026/5715 2775/6027/5223
f 2775/6027/5223 3216/6026/5715 3219/6028/5716
f 2977/6029/5717 2776/6030/5718 2978/6031/5719
f 2978/6031/5719 2776/6030/5718 2775/6032/5720
f 2978/6031/5719 2775/6032/5720 3218/6033/5721
f 3218/6033/5721 2775/6032/5720 3219/6034/5722
f 2976/6035/5723 2780/6036/5724 2977/6029/5717
f 2977/6029/5717 2780/6036/5724 2779/6037/5725
f 2977/6029/5717 2779/6037/5725 2778/6038/5726
f 2780/6036/5724 2976/6035/5723 2781/6039/5727
f 2781/6039/5727 2976/6035/5723 2975/6040/5728
f 2781/6039/5727 2975/6040/5728 2974/6041/5729
f 2973/6042/5730 2972/6043/5731 2974/6041/5729
f 2974/6041/5729 2972/6043/5731 2781/6039/5727
f 3220/6044/5732 2787/6045/5733 2972/6043/5731
f 2972/6043/5731 2787/6045/5733 2781/6039/5727
f 2778/6038/5726 2777/6046/5734 2977/6029/5717
f 2977/6029/5717 2777/6046/5734 2776/6030/5718
f 2791/6047/5735 2790/6048/5736 3112/6049/5737
f 3112/6049/5737 2790/6048/5736 3113/6050/5738
f 2792/6051/5739 2791/6052/5740 3117/6053/5741
f 3117/6053/5741 2791/6052/5740 3112/6054/5742
f 2793/6055/5743 2792/6056/5744 3116/6057/5745
f 3116/6057/5745 2792/6056/5744 3117/6058/5746
f 2794/6059/5747 2793/6060/5748 3115/6061/5749
f 3115/6061/5749 2793/6060/5748 3116/6062/5750
f 2795/6063/5751 2794/6064/5752 3114/6065/5753
f 3114/6065/5753 2794/6064/5752 3115/6066/5754
f 2790/6067/5755 2795/6068/5756 3113/6069/5757
f 3113/6069/5757 2795/6068/5756 3114/6070/5758
f 2797/6071/5759 2796/6072/5760 3118/6073/5761
f 3118/6073/5761 2796/6072/5760 3119/6074/5762
f 2798/6075/5763 2797/6076/5764 3123/6077/5765
f 3123/6077/5765 2797/6076/5764 3118/6078/5766
f 2799/6079/5767 2798/6080/5768 3122/6081/5769
f 3122/6081/5769 2798/6080/5768 3123/6082/5770
f 2800/6083/5771 2799/6084/5772 3121/6085/5773
f 3121/6085/5773 2799/6084/5772 3122/6086/5774
f 2801/6087/5775 2800/6088/5776 3120/6089/5777
f 3120/6089/5777 2800/6088/5776 3121/6090/5778
f 2796/6091/5779 2801/6092/5780 3119/6093/5781
f 3119/6093/5781 2801/6092/5780 3120/6094/5782
f 2803/6095/5783 2802/6096/5784 3124/6097/5785
f 3124/6097/5785 2802/6096/5784 3125/6098/5786
f 2804/6099/5787 2803/6100/5788 3129/6101/5789
f 3129/6101/5789 2803/6100/5788 3124/6102/5790
f 2805/6103/5791 2804/6104/5792 3128/6105/5793
f 3128/6105/5793 2804/6104/5792 3129/6106/5794
f 2806/6107/5795 2805/6108/5796 3127/6109/5797
f 3127/6109/5797 2805/6108/5796 3128/6110/5798
f 2807/6111/5799 2806/6112/5800 3126/6113/5801
f 3126/6113/5801 2806/6112/5800 3127/6114/5802
f 2802/6115/5803 2807/6116/5804 3125/6117/5805
f 3125/6117/5805 2807/6116/5804 3126/6118/5806
f 2809/6119/5807 2808/6120/5808 3130/6121/5809
f 3130/6121/5809 2808/6120/5808 3131/6122/5810
f 2810/6123/5811 2809/6124/5812 3135/6125/5813
f 3135/6125/5813 2809/6124/5812 3130/6126/5814
f 2811/6127/5815 2810/6128/5816 3134/6129/5817
f 3134/6129/5817 2810/6128/5816 3135/6130/5818
f 2812/6131/5819 2811/6132/5820 3133/6133/5821
f 3133/6133/5821 2811/6132/5820 3134/6134/5822
f 2813/6135/5823 2812/6136/5824 3132/6137/5825
f 3132/6137/5825 2812/6136/5824 3133/6138/5826
f 2808/6139/5827 2813/6140/5828 3131/6141/5829
f 3131/6141/5829 2813/6140/5828 3132/6142/5830
f 2815/6143/5831 2814/6144/5832 3136/6145/5833
f 3136/6145/5833 2814/6144/5832 3137/6146/5834
f 2816/6147/5835 2815/6148/5836 3141/6149/5837
f 3141/6149/5837 2815/6148/5836 3136/6150/5838
f 2817/6151/5839 2816/6152/5840 3140/6153/5841
f 3140/6153/5841 2816/6152/5840 3141/6154/5842
f 2818/6155/5843 2817/6156/5844 3139/6157/5845
f 3139/6157/5845 2817/6156/5844 3140/6158/5846
f 2819/6159/5847 2818/6160/5848 3138/6161/5849
f 3138/6161/5849 2818/6160/5848 3139/6162/5850
f 2814/6163/5851 2819/6164/5852 3137/6165/5853
f 3137/6165/5853 2819/6164/5852 3138/6166/5854
f 2821/6167/5855 2820/6168/5856 3142/6169/5857
f 3142/6169/5857 2820/6168/5856 3143/6170/5858
f 2822/6171/5859 2821/6172/5860 3147/6173/5861
f 3147/6173/5861 2821/6172/5860 3142/6174/5862
f 2823/6175/5863 2822/6176/5864 3146/6177/5865
f 3146/6177/5865 2822/6176/5864 3147/6178/5866
f 2824/6179/5867 2823/6180/5868 3145/6181/5869
f 3145/6181/5869 2823/6180/5868 3146/6182/5870
f 2825/6183/5871 2824/6184/5872 3144/6185/5873
f 3144/6185/5873 2824/6184/5872 3145/6186/5874
f 2820/6187/5875 2825/6188/5876 3143/6189/5877
f 3143/6189/5877 2825/6188/5876 3144/6190/5878
f 2827/6191/5879 2826/6192/5880 3148/6193/5881
f 3148/6193/5881 2826/6192/5880 3149/6194/5882
f 2828/6195/5883 2827/6196/5884 3153/6197/5885
f 3153/6197/5885 2827/6196/5884 3148/6198/5886
f 2829/6199/5887 2828/6200/5888 3152/6201/5889
f 3152/6201/5889 2828/6200/5888 3153/6202/5890
f 2830/6203/5891 2829/6204/5892 3151/6205/5893
f 3151/6205/5893 2829/6204/5892 3152/6206/5894
f 2831/6207/5895 2830/6208/5896 3150/6209/5897
f 3150/6209/5897 2830/6208/5896 3151/6210/5898
f 2826/6211/5899 2831/6212/5900 3149/6213/5901
f 3149/6213/5901 2831/6212/5900 3150/6214/5902
f 2833/6215/5903 2832/6216/5904 3154/6217/5905
f 3154/6217/5905 2832/6216/5904 3155/6218/5906
f 2834/6219/5907 2833/6220/5908 3159/6221/5909
f 3159/6221/5909 2833/6220/5908 3154/6222/5910
f 2835/6223/5911 2834/6224/5912 3158/6225/5913
f 3158/6225/5913 2834/6224/5912 3159/6226/5914
f 2836/6227/5915 2835/6228/5916 3157/6229/5917
f 3157/6229/5917 2835/6228/5916 3158/6230/5918
f 2837/6231/5919 2836/6232/5920 3156/6233/5921
f 3156/6233/5921 2836/6232/5920 3157/6234/5922
f 2832/6235/5923 2837/6236/5924 3155/6237/5925
f 3155/6237/5925 2837/6236/5924 3156/6238/5926
f 2839/6239/5927 2838/6240/5928 3160/6241/5929
f 3160/6241/5929 2838/6240/5928 3161/6242/5930
f 2840/6243/5931 2839/6244/5932 3165/6245/5933
f 3165/6245/5933 2839/6244/5932 3160/6246/5934
f 2841/6247/5935 2840/6248/5936 3164/6249/5937
f 3164/6249/5937 2840/6248/5936 3165/6250/5938
f 2842/6251/5939 2841/6252/5940 3163/6253/5941
f 3163/6253/5941 2841/6252/5940 3164/6254/5942
f 2843/6255/5943 2842/6256/5944 3162/6257/5945
f 3162/6257/5945 2842/6256/5944 3163/6258/5946
f 2838/6259/5947 2843/6260/5948 3161/6261/5949
f 3161/6261/5949 2843/6260/5948 3162/6262/5950
f 3189/6263/5951 2845/6264/5952 3166/6265/5953
f 3166/6265/5953 2845/6264/5952 2844/6266/5954
f 3166/6267/5953 2844/6268/5954 3167/6269/5955
f 3167/6269/5955 2844/6268/5954 2867/6270/5956
f 3167/6269/5955 2867/6270/5956 3168/6271/5957
f 3168/6271/5957 2867/6270/5956 2866/6272/5958
f 3168/6271/5957 2866/6272/5958 3169/6273/5959
f 3169/6273/5959 2866/6272/5958 2865/6274/5960
f 3169/6273/5959 2865/6274/5960 3170/6275/5961
f 3170/6275/5961 2865/6274/5960 2864/6276/5962
f 3170/6275/5961 2864/6276/5962 3171/6277/5963
f 3171/6277/5963 2864/6276/5962 2863/6278/5964
f 3171/6277/5963 2863/6278/5964 3172/6279/5965
f 3172/6279/5965 2863/6278/5964 2862/6280/5966
f 3172/6279/5965 2862/6280/5966 3173/6281/5967
f 3173/6281/5967 2862/6280/5966 2861/6282/5968
f 3173/6281/5967 2861/6282/5968 3174/6283/5969
f 3174/6283/5969 2861/6282/5968 2860/6284/5970
f 3174/6283/5969 2860/6284/5970 3175/6285/5971
f 3175/6285/5971 2860/6284/5970 2859/6286/5972
f 3175/6285/5971 2859/6286/5972 3176/6287/5973
f 3176/6287/5973 2859/6286/5972 2858/6288/5974
f 3176/6287/5973 2858/6288/5974 3177/6289/5975
f 3177/6289/5975 2858/6288/5974 2857/6290/5976
f 3177/6289/5975 2857/6290/5976 3178/6291/5977
f 3178/6291/5977 2857/6290/5976 2856/6292/5978
f 3178/6291/5977 2856/6292/5978 3179/6293/5979
f 3179/6293/5979 2856/6292/5978 2855/6294/5980
f 3179/6293/5979 2855/6294/5980 3180/6295/5981
f 3180/6295/5981 2855/6294/5980 2854/6296/5982
f 3180/6295/5981 2854/6296/5982 3181/6297/5983
f 3181/6297/5983 2854/6296/5982 2853/6298/5984
f 3181/6297/5983 2853/6298/5984 3182/6299/5985
f 3182/6299/5985 2853/6298/5984 2852/6300/5986
f 3182/6299/5985 2852/6300/5986 3183/6301/5987
f 3183/6301/5987 2852/6300/5986 2851/6302/5988
f 3183/6301/5987 2851/6302/5988 3184/6303/5989
f 3184/6303/5989 2851/6302/5988 2850/6304/5990
f 3184/6303/5989 2850/6304/5990 3185/6305/5991
f 3185/6305/5991 2850/6304/5990 2849/6306/5992
f 3185/6305/5991 2849/6306/5992 3186/6307/5993
f 3186/6307/5993 2849/6306/5992 2848/6308/5994
f 3186/6307/5993 2848/6308/5994 3187/6309/5995
f 3187/6309/5995 2848/6308/5994 2847/6310/5996
f 3187/6309/5995 2847/6310/5996 3188/6311/5997
f 3188/6311/5997 2847/6310/5996 2846/6312/5998
f 3188/6311/5997 2846/6312/5998 3189/6263/5951
f 3189/6263/5951 2846/6312/5998 2845/6264/5952
f 3213/6313/5999 2869/6314/6000 3190/6315/6001
f 3190/6315/6001 2869/6314/6000 2868/6316/6002
f 3190/6317/6001 2868/6318/6002 3191/6319/6003
f 3191/6319/6003 2868/6318/6002 2891/6320/6004
f 3191/6319/6003 2891/6320/6004 3192/6321/6005
f 3192/6321/6005 2891/6320/6004 2890/6322/6006
f 3192/6321/6005 2890/6322/6006 3193/6323/6007
f 3193/6323/6007 2890/6322/6006 2889/6324/6008
f 3193/6323/6007 2889/6324/6008 3194/6325/6009
f 3194/6325/6009 2889/6324/6008 2888/6326/6010
f 3194/6325/6009 2888/6326/6010 3195/6327/6011
f 3195/6327/6011 2888/6326/6010 2887/6328/6012
f 3195/6327/6011 2887/6328/6012 3196/6329/6013
f 3196/6329/6013 2887/6328/6012 2886/6330/6014
f 3196/6329/6013 2886/6330/6014 3197/6331/6015
f 3197/6331/6015 2886/6330/6014 2885/6332/6016
f 3197/6331/6015 2885/6332/6016 3198/6333/6017
f 3198/6333/6017 2885/6332/6016 2884/6334/6018
f 3198/6333/6017 2884/6334/6018 3199/6335/6019
f 3199/6335/6019 2884/6334/6018 2883/6336/6020
f 3199/6335/6019 2883/6336/6020 3200/6337/6021
f 3200/6337/6021 2883/6336/6020 2882/6338/6022
f 3200/6337/6021 2882/6338/6022 3201/6339/6023
f 3201/6339/6023 2882/6338/6022 2881/6340/6024
f 3201/6339/6023 2881/6340/6024 3202/6341/6025
f 3202/6341/6025 2881/6340/6024 2880/6342/6026
f 3202/6341/6025 2880/6342/6026 3203/6343/6027
f 3203/6343/6027 2880/6342/6026 2879/6344/6028
f 3203/6343/6027 2879/6344/6028 3204/6345/6029
f 3204/6345/6029 2879/6344/6028 2878/6346/6030
f 3204/6345/6029 2878/6346/6030 3205/6347/6031
f 3205/6347/6031 2878/6346/6030 2877/6348/6032
f 3205/6347/6031 2877/6348/6032 3206/6349/6033
f 3206/6349/6033 2877/6348/6032 2876/6350/6034
f 3206/6349/6033 2876/6350/6034 3207/6351/6035
f 3207/6351/6035 2876/6350/6034 2875/6352/6036
f 3207/6351/6035 2875/6352/6036 3208/6353/6037
f 3208/6353/6037 2875/6352/6036 2874/6354/6038
f 3208/6353/6037 2874/6354/6038 3209/6355/6039
f 3209/6355/6039 2874/6354/6038 2873/6356/6040
f 3209/6355/6039 2873/6356/6040 3210/6357/6041
f 3210/6357/6041 2873/6356/6040 2872/6358/6042
f 3210/6357/6041 2872/6358/6042 3211/6359/6043
f 3211/6359/6043 2872/6358/6042 2871/6360/6044
f 3211/6359/6043 2871/6360/6044 3212/6361/6045
f 3212/6361/6045 2871/6360/6044 2870/6362/6046
f 3212/6361/6045 2870/6362/6046 3213/6313/5999
f 3213/6313/5999 2870/6362/6046 2869/6314/6000
f 3224/6363/6047 3221/6364/6048 3108/6365/6049
f 3108/6365/6049 3221/6364/6048 3222/6366/6050
f 3108/6365/6049 3222/6366/6050 3223/6367/6051
f 3223/6367/6051 2445/6368/6052 3108/6365/6049
f 3108/6365/6049 2445/6368/6052 2444/6369/6053
f 3225/6370/6054 3226/6371/6055 3222/6372/6056
f 3222/6372/6056 3226/6371/6055 3223/6373/6057
f 3107/6374/6058 3227/6375/6059 3108/6376/6060
f 3108/6376/6060 3227/6375/6059 3224/6377/6061
f 3227/6378/6062 3228/6379/6063 3224/6380/6064
f 3224/6380/6064 3228/6379/6063 3221/6381/6065
f 3228/6382/6066 3225/6383/6067 3221/6384/6068
f 3221/6384/6068 3225/6383/6067 3222/6385/6069
f 3226/6386/6070 3225/6387/6071 3107/6388/6072
f 3107/6388/6072 3225/6387/6071 3228/6389/6073
f 3107/6388/6072 3228/6389/6073 3227/6390/6074
f 3106/6391/6075 3111/6392/6076 3107/6388/6072
f 3107/6388/6072 3111/6392/6076 3226/6386/6070
f 2428/6393/6077 2789/6394/6078 3232/6395/6079
f 3232/6395/6079 2789/6394/6078 3229/6396/6080
f 3232/6395/6079 3229/6396/6080 3230/6397/6081
f 3230/6397/6081 3231/6398/6082 3232/6395/6079
f 3232/6395/6079 2429/6399/6083 2428/6393/6077
f 3233/6400/6084 3234/6401/6085 3229/6402/6086
f 3229/6402/6086 3234/6401/6085 3230/6403/6087
f 3234/6404/6088 3235/6405/6089 3230/6406/6090
f 3230/6406/6090 3235/6405/6089 3231/6407/6091
f 3235/6408/6092 3236/6409/6093 3231/6410/6094
f 3231/6410/6094 3236/6409/6093 3232/6411/6095
f 2788/6412/6096 3233/6413/6097 2789/6414/6098
f 2789/6414/6098 3233/6413/6097 3229/6415/6099
f 3234/6416/6100 3233/6417/6101 3236/6418/6102
f 3236/6418/6102 3233/6417/6101 2788/6419/6103
f 3236/6418/6102 2788/6419/6103 2787/6420/6104
f 2787/6420/6104 3220/6421/6105 3236/6418/6102
f 3236/6418/6102 3235/6422/6106 3234/6416/6100
f 2446/6423/5148 2445/6424/6107 2599/6425/5040
f 2599/6425/5040 2445/6424/6107 2533/6426/4968
f 2533/6426/4968 2445/6424/6107 3111/6427/6108
f 2533/6426/4968 3111/6427/6108 2708/6428/5149
f 3223/6429/6109 3226/6430/6110 2445/6424/6107
f 2445/6424/6107 3226/6430/6110 3111/6427/6108
f 2430/6431/5391 2429/6432/6111 2904/6433/5376
f 2904/6433/5376 2429/6432/6111 2938/6434/5405
f 2938/6434/5405 2429/6432/6111 3220/6435/6112
f 2938/6434/5405 3220/6435/6112 2972/6436/5432
f 3232/6437/6113 3236/6438/6114 2429/6432/6111
f 2429/6432/6111 3236/6438/6114 3220/6435/6112
f 2978/6439/5438 3215/6440/6115 2944/6441/5424
f 2944/6441/5424 3215/6440/6115 3214/6442/6116
f 2944/6441/5424 3214/6442/6116 3030/6443/5517
f 3030/6443/5517 3214/6442/6116 3064/6444/5531
f 3064/6444/5531 3214/6442/6116 3109/6445/6117
f 2978/6439/5438 3218/6446/6118 3215/6440/6115
# 3236 vertices
# 6446 texture params
# 6118 normals
# 6576 facets

# 10 groups
