# WaveFront *.obj file (generated by Autodesk ATF)

mtllib chaine_assemblage.mtl

g Corps1

v 0.300000 1.400000 -0.250000
v 0.300000 1.400000 0.250000
v 0.000000 1.400000 0.250000
v 0.000000 1.400000 -0.250000
v 0.300000 0.650000 0.250000
v 0.000000 0.650000 0.250000
v 0.300000 0.650000 -0.250000
v 0.000000 0.650000 -0.250000
v 0.262500 1.787500 -0.700000
v 0.258667 1.816617 -0.700000
v 0.247428 1.843750 -0.700000
v 0.229550 1.867050 -0.700000
v 0.206250 1.884928 -0.700000
v 0.179117 1.896167 -0.700000
v 0.150000 1.900000 -0.700000
v 0.120883 1.896167 -0.700000
v 0.093750 1.884928 -0.700000
v 0.070450 1.867050 -0.700000
v 0.052572 1.843750 -0.700000
v 0.041333 1.816617 -0.700000
v 0.037500 1.787500 -0.700000
v 0.041333 1.758383 -0.700000
v 0.052572 1.731250 -0.700000
v 0.070450 1.707950 -0.700000
v 0.093750 1.690072 -0.700000
v 0.120883 1.678833 -0.700000
v 0.150000 1.675000 -0.700000
v 0.179117 1.678833 -0.700000
v 0.206250 1.690072 -0.700000
v 0.229550 1.707950 -0.700000
v 0.247428 1.731250 -0.700000
v 0.258667 1.758383 -0.700000
v 0.000000 1.900000 -0.700000
v 0.005111 1.938823 -0.700000
v 0.020096 1.975000 -0.700000
v 0.043934 2.006066 -0.700000
v 0.075000 2.029904 -0.700000
v 0.111177 2.044889 -0.700000
v 0.150000 2.050000 -0.700000
v 0.188823 2.044889 -0.700000
v 0.225000 2.029904 -0.700000
v 0.256066 2.006066 -0.700000
v 0.279904 1.975000 -0.700000
v 0.294889 1.938823 -0.700000
v 0.300000 1.900000 -0.700000
v 0.300000 1.525000 -0.700000
v 0.000000 1.525000 -0.700000
v 0.000000 1.900000 -0.400000
v 0.005111 1.938823 -0.400000
v 0.020096 1.975000 -0.400000
v 0.043934 2.006066 -0.400000
v 0.075000 2.029904 -0.400000
v 0.111177 2.044889 -0.400000
v 0.150000 2.050000 -0.400000
v 0.188823 2.044889 -0.400000
v 0.225000 2.029904 -0.400000
v 0.256066 2.006066 -0.400000
v 0.279904 1.975000 -0.400000
v 0.294889 1.938823 -0.400000
v 0.300000 1.900000 -0.400000
v 0.300000 1.400000 -0.987500
v 0.300000 0.650000 -0.987500
v 0.300000 0.650000 -0.487500
v 0.300000 1.400000 -0.487500
v 0.300000 1.525000 -0.400000
v 0.300000 1.525000 0.400000
v 0.300000 1.900000 0.400000
v 0.300000 1.900000 0.700000
v 0.300000 1.525000 0.700000
v 0.300000 1.525000 1.250000
v 0.300000 0.525000 1.250000
v 0.300000 0.525000 0.375000
v 0.300000 0.150000 0.375000
v 0.300000 0.150000 -0.375000
v 0.300000 0.525000 -0.375000
v 0.300000 0.525000 -1.250000
v 0.300000 1.525000 -1.250000
v 0.300000 0.650000 0.987500
v 0.300000 1.400000 0.987500
v 0.300000 1.400000 0.487500
v 0.300000 0.650000 0.487500
v 0.262500 1.787500 0.400000
v 0.258667 1.816617 0.400000
v 0.247428 1.843750 0.400000
v 0.229550 1.867050 0.400000
v 0.206250 1.884928 0.400000
v 0.179117 1.896167 0.400000
v 0.150000 1.900000 0.400000
v 0.120883 1.896167 0.400000
v 0.093750 1.884928 0.400000
v 0.070450 1.867050 0.400000
v 0.052572 1.843750 0.400000
v 0.041333 1.816617 0.400000
v 0.037500 1.787500 0.400000
v 0.041333 1.758383 0.400000
v 0.052572 1.731250 0.400000
v 0.070450 1.707950 0.400000
v 0.093750 1.690072 0.400000
v 0.120883 1.678833 0.400000
v 0.150000 1.675000 0.400000
v 0.179117 1.678833 0.400000
v 0.206250 1.690072 0.400000
v 0.229550 1.707950 0.400000
v 0.247428 1.731250 0.400000
v 0.258667 1.758383 0.400000
v 0.000000 1.900000 0.400000
v 0.005111 1.938823 0.400000
v 0.020096 1.975000 0.400000
v 0.043934 2.006066 0.400000
v 0.075000 2.029904 0.400000
v 0.111177 2.044889 0.400000
v 0.150000 2.050000 0.400000
v 0.188823 2.044889 0.400000
v 0.225000 2.029904 0.400000
v 0.256066 2.006066 0.400000
v 0.279904 1.975000 0.400000
v 0.294889 1.938823 0.400000
v 0.000000 1.525000 0.400000
v 0.000000 1.900000 0.700000
v 0.005111 1.938823 0.700000
v 0.020096 1.975000 0.700000
v 0.043934 2.006066 0.700000
v 0.075000 2.029904 0.700000
v 0.111177 2.044889 0.700000
v 0.150000 2.050000 0.700000
v 0.188823 2.044889 0.700000
v 0.225000 2.029904 0.700000
v 0.256066 2.006066 0.700000
v 0.279904 1.975000 0.700000
v 0.294889 1.938823 0.700000
v 0.262500 0.200000 0.375000
v 0.258667 0.170883 0.375000
v 0.247428 0.143750 0.375000
v 0.229550 0.120450 0.375000
v 0.206250 0.102572 0.375000
v 0.179117 0.091333 0.375000
v 0.150000 0.087500 0.375000
v 0.120883 0.091333 0.375000
v 0.093750 0.102572 0.375000
v 0.070450 0.120450 0.375000
v 0.052572 0.143750 0.375000
v 0.041333 0.170883 0.375000
v 0.037500 0.200000 0.375000
v 0.041333 0.229117 0.375000
v 0.052572 0.256250 0.375000
v 0.070450 0.279550 0.375000
v 0.093750 0.297428 0.375000
v 0.120883 0.308667 0.375000
v 0.150000 0.312500 0.375000
v 0.179117 0.308667 0.375000
v 0.206250 0.297428 0.375000
v 0.229550 0.279550 0.375000
v 0.247428 0.256250 0.375000
v 0.258667 0.229117 0.375000
v 0.000000 0.150000 0.375000
v 0.005111 0.111177 0.375000
v 0.020096 0.075000 0.375000
v 0.043934 0.043934 0.375000
v 0.075000 0.020096 0.375000
v 0.111177 0.005111 0.375000
v 0.150000 -0.000000 0.375000
v 0.188823 0.005111 0.375000
v 0.225000 0.020096 0.375000
v 0.256066 0.043934 0.375000
v 0.279904 0.075000 0.375000
v 0.294889 0.111177 0.375000
v 0.000000 0.525000 0.375000
v 0.000000 0.150000 -0.375000
v 0.005111 0.111177 -0.375000
v 0.020096 0.075000 -0.375000
v 0.043934 0.043934 -0.375000
v 0.075000 0.020096 -0.375000
v 0.111177 0.005111 -0.375000
v 0.150000 -0.000000 -0.375000
v 0.188823 0.005111 -0.375000
v 0.225000 0.020096 -0.375000
v 0.256066 0.043934 -0.375000
v 0.279904 0.075000 -0.375000
v 0.294889 0.111177 -0.375000
v 0.262500 0.200000 -0.375000
v 0.258667 0.170883 -0.375000
v 0.247428 0.143750 -0.375000
v 0.229550 0.120450 -0.375000
v 0.206250 0.102572 -0.375000
v 0.179117 0.091333 -0.375000
v 0.150000 0.087500 -0.375000
v 0.120883 0.091333 -0.375000
v 0.093750 0.102572 -0.375000
v 0.070450 0.120450 -0.375000
v 0.052572 0.143750 -0.375000
v 0.041333 0.170883 -0.375000
v 0.037500 0.200000 -0.375000
v 0.041333 0.229117 -0.375000
v 0.052572 0.256250 -0.375000
v 0.070450 0.279550 -0.375000
v 0.093750 0.297428 -0.375000
v 0.120883 0.308667 -0.375000
v 0.150000 0.312500 -0.375000
v 0.179117 0.308667 -0.375000
v 0.206250 0.297428 -0.375000
v 0.229550 0.279550 -0.375000
v 0.247428 0.256250 -0.375000
v 0.258667 0.229117 -0.375000
v 0.262500 0.200000 -0.000000
v 0.258667 0.170883 -0.000000
v 0.247428 0.143750 -0.000000
v 0.229550 0.120450 -0.000000
v 0.206250 0.102572 -0.000000
v 0.179117 0.091333 -0.000000
v 0.150000 0.087500 -0.000000
v 0.120883 0.091333 -0.000000
v 0.093750 0.102572 -0.000000
v 0.070450 0.120450 -0.000000
v 0.052572 0.143750 -0.000000
v 0.041333 0.170883 -0.000000
v 0.037500 0.200000 -0.000000
v 0.041333 0.229117 -0.000000
v 0.052572 0.256250 -0.000000
v 0.070450 0.279550 -0.000000
v 0.093750 0.297428 -0.000000
v 0.120883 0.308667 -0.000000
v 0.150000 0.312500 -0.000000
v 0.179117 0.308667 -0.000000
v 0.206250 0.297428 -0.000000
v 0.229550 0.279550 -0.000000
v 0.247428 0.256250 -0.000000
v 0.258667 0.229117 -0.000000
v 0.262500 1.787500 -0.400000
v 0.258667 1.816617 -0.400000
v 0.247428 1.843750 -0.400000
v 0.229550 1.867050 -0.400000
v 0.206250 1.884928 -0.400000
v 0.179117 1.896167 -0.400000
v 0.150000 1.900000 -0.400000
v 0.120883 1.896167 -0.400000
v 0.093750 1.884928 -0.400000
v 0.070450 1.867050 -0.400000
v 0.052572 1.843750 -0.400000
v 0.041333 1.816617 -0.400000
v 0.037500 1.787500 -0.400000
v 0.041333 1.758383 -0.400000
v 0.052572 1.731250 -0.400000
v 0.070450 1.707950 -0.400000
v 0.093750 1.690072 -0.400000
v 0.120883 1.678833 -0.400000
v 0.150000 1.675000 -0.400000
v 0.179117 1.678833 -0.400000
v 0.206250 1.690072 -0.400000
v 0.229550 1.707950 -0.400000
v 0.247428 1.731250 -0.400000
v 0.258667 1.758383 -0.400000
v 0.262500 1.787500 0.700000
v 0.258667 1.816617 0.700000
v 0.247428 1.843750 0.700000
v 0.229550 1.867050 0.700000
v 0.206250 1.884928 0.700000
v 0.179117 1.896167 0.700000
v 0.150000 1.900000 0.700000
v 0.120883 1.896167 0.700000
v 0.093750 1.884928 0.700000
v 0.070450 1.867050 0.700000
v 0.052572 1.843750 0.700000
v 0.041333 1.816617 0.700000
v 0.037500 1.787500 0.700000
v 0.041333 1.758383 0.700000
v 0.052572 1.731250 0.700000
v 0.070450 1.707950 0.700000
v 0.093750 1.690072 0.700000
v 0.120883 1.678833 0.700000
v 0.150000 1.675000 0.700000
v 0.179117 1.678833 0.700000
v 0.206250 1.690072 0.700000
v 0.229550 1.707950 0.700000
v 0.247428 1.731250 0.700000
v 0.258667 1.758383 0.700000
v 0.000000 1.275000 -0.862500
v 0.000000 0.775000 -0.862500
v 0.000000 1.275000 -0.612500
v 0.000000 0.775000 -0.612500
v 0.000000 0.775000 0.862500
v 0.000000 1.275000 0.862500
v 0.000000 0.775000 0.612500
v 0.000000 1.275000 0.612500
v 0.000000 0.525000 -0.375000
v 0.000000 0.525000 1.250000
v 0.000000 1.525000 1.250000
v 0.000000 1.525000 0.700000
v 0.000000 1.525000 -0.400000
v 0.000000 1.525000 -1.250000
v 0.000000 0.525000 -1.250000
vt -0.500000 0.000000 0.000000
vt -0.000000 0.000000 0.000000
vt -0.500000 0.300000 0.000000
vt -0.000000 0.300000 0.000000
vt -0.750000 0.000000 0.000000
vt -0.000000 0.000000 0.000000
vt -0.750000 0.300000 0.000000
vt -0.000000 0.300000 0.000000
vt -0.500000 0.000000 0.000000
vt -0.000000 0.000000 0.000000
vt -0.500000 0.300000 0.000000
vt -0.000000 0.300000 0.000000
vt -0.750000 0.000000 0.000000
vt -0.000000 0.000000 0.000000
vt -0.750000 0.300000 0.000000
vt -0.000000 0.300000 0.000000
vt 0.291617 0.258667 0.000000
vt 0.375000 0.300000 0.000000
vt 0.262500 0.262500 0.000000
vt 0.000000 0.300000 0.000000
vt 0.233383 0.258667 0.000000
vt 0.206250 0.247428 0.000000
vt 0.182950 0.229550 0.000000
vt 0.165072 0.206250 0.000000
vt 0.153833 0.179117 0.000000
vt 0.150000 0.150000 0.000000
vt 0.000000 0.000000 0.000000
vt 0.153833 0.120883 0.000000
vt 0.165072 0.093750 0.000000
vt 0.182950 0.070450 0.000000
vt 0.206250 0.052572 0.000000
vt 0.233383 0.041333 0.000000
vt 0.262500 0.037500 0.000000
vt 0.375000 0.000000 0.000000
vt 0.291617 0.041333 0.000000
vt 0.318750 0.052572 0.000000
vt 0.413823 0.005111 0.000000
vt 0.342050 0.070450 0.000000
vt 0.450000 0.020096 0.000000
vt 0.481066 0.043934 0.000000
vt 0.318750 0.247428 0.000000
vt 0.413823 0.294889 0.000000
vt 0.342050 0.229550 0.000000
vt 0.450000 0.279904 0.000000
vt 0.481066 0.256066 0.000000
vt 0.359928 0.206250 0.000000
vt 0.504904 0.225000 0.000000
vt 0.371167 0.179117 0.000000
vt 0.519889 0.188823 0.000000
vt 0.375000 0.150000 0.000000
vt 0.525000 0.150000 0.000000
vt 0.519889 0.111177 0.000000
vt 0.371167 0.120883 0.000000
vt 0.504904 0.075000 0.000000
vt 0.359928 0.093750 0.000000
vt 0.050000 -0.117810 0.000000
vt 0.350000 -0.117810 0.000000
vt 0.050000 -0.078540 0.000000
vt 0.350000 -0.078540 0.000000
vt 0.050000 -0.039270 0.000000
vt 0.350000 -0.039270 0.000000
vt 0.050000 -0.000000 0.000000
vt 0.350000 -0.000000 0.000000
vt 0.050000 0.039270 0.000000
vt 0.350000 0.039270 0.000000
vt 0.050000 0.078540 0.000000
vt 0.350000 0.078540 0.000000
vt 0.050000 0.117810 0.000000
vt 0.350000 0.117810 0.000000
vt 0.050000 0.157080 0.000000
vt 0.350000 0.157080 0.000000
vt 0.050000 0.196350 0.000000
vt 0.350000 0.196350 0.000000
vt 0.050000 0.235619 0.000000
vt 0.350000 0.235619 0.000000
vt 0.050000 0.274889 0.000000
vt 0.350000 0.274889 0.000000
vt 0.050000 0.314159 0.000000
vt 0.350000 0.314159 0.000000
vt 0.050000 0.353429 0.000000
vt 0.350000 0.353429 0.000000
vt 0.250000 0.375000 0.000000
vt -0.400000 0.500000 0.000000
vt -0.250000 0.375000 0.000000
vt -0.487500 0.375000 0.000000
vt -0.250000 -0.375000 0.000000
vt -0.487500 -0.375000 0.000000
vt -0.375000 -0.500000 0.000000
vt -0.987500 -0.375000 0.000000
vt -1.250000 -0.500000 0.000000
vt -0.987500 0.375000 0.000000
vt -1.250000 0.500000 0.000000
vt -0.700000 0.500000 0.000000
vt 0.250000 -0.375000 0.000000
vt 0.487500 -0.375000 0.000000
vt 0.487500 0.375000 0.000000
vt 0.400000 0.500000 0.000000
vt 0.700000 0.500000 0.000000
vt 0.400000 0.875000 0.000000
vt 0.700000 0.875000 0.000000
vt 0.375000 -0.500000 0.000000
vt 0.987500 -0.375000 0.000000
vt 1.250000 -0.500000 0.000000
vt 0.987500 0.375000 0.000000
vt 1.250000 0.500000 0.000000
vt -0.400000 0.875000 0.000000
vt -0.700000 0.875000 0.000000
vt -0.375000 -0.875000 0.000000
vt 0.375000 -0.875000 0.000000
vt 0.291617 0.258667 0.000000
vt 0.375000 0.300000 0.000000
vt 0.262500 0.262500 0.000000
vt -0.000000 0.300000 0.000000
vt 0.233383 0.258667 0.000000
vt 0.206250 0.247428 0.000000
vt 0.182950 0.229550 0.000000
vt 0.165072 0.206250 0.000000
vt 0.153833 0.179117 0.000000
vt 0.150000 0.150000 0.000000
vt 0.000000 0.000000 0.000000
vt 0.153833 0.120883 0.000000
vt 0.165072 0.093750 0.000000
vt 0.182950 0.070450 0.000000
vt 0.206250 0.052572 0.000000
vt 0.233383 0.041333 0.000000
vt 0.262500 0.037500 0.000000
vt 0.375000 0.000000 0.000000
vt 0.291617 0.041333 0.000000
vt 0.318750 0.052572 0.000000
vt 0.413823 0.005111 0.000000
vt 0.342050 0.070450 0.000000
vt 0.450000 0.020096 0.000000
vt 0.481066 0.043934 0.000000
vt 0.318750 0.247428 0.000000
vt 0.413823 0.294889 0.000000
vt 0.342050 0.229550 0.000000
vt 0.450000 0.279904 0.000000
vt 0.481066 0.256066 0.000000
vt 0.359928 0.206250 0.000000
vt 0.504904 0.225000 0.000000
vt 0.371167 0.179117 0.000000
vt 0.519889 0.188823 0.000000
vt 0.375000 0.150000 0.000000
vt 0.525000 0.150000 0.000000
vt 0.519889 0.111177 0.000000
vt 0.371167 0.120883 0.000000
vt 0.504904 0.075000 0.000000
vt 0.359928 0.093750 0.000000
vt -0.200000 0.353429 0.000000
vt -0.500000 0.353429 0.000000
vt -0.200000 0.314159 0.000000
vt -0.500000 0.314159 0.000000
vt -0.200000 0.274889 0.000000
vt -0.500000 0.274889 0.000000
vt -0.200000 0.235619 0.000000
vt -0.500000 0.235619 0.000000
vt -0.200000 0.196350 0.000000
vt -0.500000 0.196350 0.000000
vt -0.200000 0.157080 0.000000
vt -0.500000 0.157080 0.000000
vt -0.200000 0.117810 0.000000
vt -0.500000 0.117810 0.000000
vt -0.200000 0.078540 0.000000
vt -0.500000 0.078540 0.000000
vt -0.200000 0.039270 0.000000
vt -0.500000 0.039270 0.000000
vt -0.200000 -0.000000 0.000000
vt -0.500000 -0.000000 0.000000
vt -0.200000 -0.039270 0.000000
vt -0.500000 -0.039270 0.000000
vt -0.200000 -0.078540 0.000000
vt -0.500000 -0.078540 0.000000
vt -0.200000 -0.117810 0.000000
vt -0.500000 -0.117810 0.000000
vt 0.295883 0.258667 0.000000
vt 0.325000 0.262500 0.000000
vt 0.375000 0.300000 0.000000
vt 0.354117 0.258667 0.000000
vt 0.413823 0.294889 0.000000
vt 0.381250 0.247428 0.000000
vt 0.450000 0.279904 0.000000
vt 0.404550 0.229550 0.000000
vt 0.481066 0.256066 0.000000
vt 0.504904 0.225000 0.000000
vt 0.422428 0.206250 0.000000
vt 0.519889 0.188823 0.000000
vt 0.433667 0.179117 0.000000
vt 0.525000 0.150000 0.000000
vt 0.437500 0.150000 0.000000
vt 0.433667 0.120883 0.000000
vt 0.519889 0.111177 0.000000
vt 0.422428 0.093750 0.000000
vt 0.504904 0.075000 0.000000
vt 0.404550 0.070450 0.000000
vt 0.481066 0.043934 0.000000
vt 0.450000 0.020096 0.000000
vt 0.381250 0.052572 0.000000
vt 0.413823 0.005111 0.000000
vt 0.354117 0.041333 0.000000
vt 0.375000 0.000000 0.000000
vt 0.325000 0.037500 0.000000
vt 0.295883 0.041333 0.000000
vt 0.000000 0.000000 0.000000
vt 0.268750 0.052572 0.000000
vt 0.245450 0.070450 0.000000
vt 0.227572 0.093750 0.000000
vt 0.216333 0.120883 0.000000
vt 0.212500 0.150000 0.000000
vt 0.000000 0.300000 0.000000
vt 0.216333 0.179117 0.000000
vt 0.227572 0.206250 0.000000
vt 0.245450 0.229550 0.000000
vt 0.268750 0.247428 0.000000
vt 0.187500 0.353429 0.000000
vt -0.562500 0.353429 0.000000
vt 0.187500 0.314159 0.000000
vt -0.562500 0.314159 0.000000
vt 0.187500 0.274889 0.000000
vt -0.562500 0.274889 0.000000
vt 0.187500 0.235619 0.000000
vt -0.562500 0.235619 0.000000
vt 0.187500 0.196350 0.000000
vt -0.562500 0.196350 0.000000
vt 0.187500 0.157080 0.000000
vt -0.562500 0.157080 0.000000
vt 0.187500 0.117810 0.000000
vt -0.562500 0.117810 0.000000
vt 0.187500 0.078540 0.000000
vt -0.562500 0.078540 0.000000
vt 0.187500 0.039270 0.000000
vt -0.562500 0.039270 0.000000
vt 0.187500 0.000000 0.000000
vt -0.562500 0.000000 0.000000
vt 0.187500 -0.039270 0.000000
vt -0.562500 -0.039270 0.000000
vt 0.187500 -0.078540 0.000000
vt -0.562500 -0.078540 0.000000
vt 0.187500 -0.117810 0.000000
vt -0.562500 -0.117810 0.000000
vt 1.075000 -0.323977 0.000000
vt 0.700000 -0.323977 0.000000
vt 1.075000 -0.353429 0.000000
vt 0.700000 -0.353429 0.000000
vt 1.075000 0.353429 0.000000
vt 0.700000 0.353429 0.000000
vt 1.075000 0.323977 0.000000
vt 0.700000 0.323977 0.000000
vt 1.075000 0.294524 0.000000
vt 0.700000 0.294524 0.000000
vt 1.075000 0.265072 0.000000
vt 0.700000 0.265072 0.000000
vt 1.075000 0.235619 0.000000
vt 0.700000 0.235619 0.000000
vt 1.075000 0.206167 0.000000
vt 0.700000 0.206167 0.000000
vt 1.075000 0.176715 0.000000
vt 0.700000 0.176715 0.000000
vt 1.075000 0.147262 0.000000
vt 0.700000 0.147262 0.000000
vt 1.075000 0.117810 0.000000
vt 0.700000 0.117810 0.000000
vt 1.075000 0.088357 0.000000
vt 0.700000 0.088357 0.000000
vt 1.075000 0.058905 0.000000
vt 0.700000 0.058905 0.000000
vt 1.075000 0.029452 0.000000
vt 0.700000 0.029452 0.000000
vt 1.075000 0.000000 0.000000
vt 0.700000 0.000000 0.000000
vt 1.075000 -0.029452 0.000000
vt 0.700000 -0.029452 0.000000
vt 1.075000 -0.058905 0.000000
vt 0.700000 -0.058905 0.000000
vt 1.075000 -0.088357 0.000000
vt 0.700000 -0.088357 0.000000
vt 1.075000 -0.117810 0.000000
vt 0.700000 -0.117810 0.000000
vt 1.075000 -0.147262 0.000000
vt 0.700000 -0.147262 0.000000
vt 1.075000 -0.176715 0.000000
vt 0.700000 -0.176715 0.000000
vt 1.075000 -0.206167 0.000000
vt 0.700000 -0.206167 0.000000
vt 1.075000 -0.235619 0.000000
vt 0.700000 -0.235619 0.000000
vt 1.075000 -0.265072 0.000000
vt 0.700000 -0.265072 0.000000
vt 1.075000 -0.294524 0.000000
vt 0.700000 -0.294524 0.000000
vt 0.325000 0.323977 0.000000
vt 0.325000 0.353429 0.000000
vt 0.325000 -0.353429 0.000000
vt 0.325000 -0.323977 0.000000
vt 0.325000 -0.294524 0.000000
vt 0.325000 -0.265072 0.000000
vt 0.325000 -0.235619 0.000000
vt 0.325000 -0.206167 0.000000
vt 0.325000 -0.176715 0.000000
vt 0.325000 -0.147262 0.000000
vt 0.325000 -0.117810 0.000000
vt 0.325000 -0.088357 0.000000
vt 0.325000 -0.058905 0.000000
vt 0.325000 -0.029452 0.000000
vt 0.325000 0.000000 0.000000
vt 0.325000 0.029452 0.000000
vt 0.325000 0.058905 0.000000
vt 0.325000 0.088357 0.000000
vt 0.325000 0.117810 0.000000
vt 0.325000 0.147262 0.000000
vt 0.325000 0.176715 0.000000
vt 0.325000 0.206167 0.000000
vt 0.325000 0.235619 0.000000
vt 0.325000 0.265072 0.000000
vt 0.325000 0.294524 0.000000
vt 1.400000 -0.323977 0.000000
vt 1.100000 -0.323977 0.000000
vt 1.400000 -0.353429 0.000000
vt 1.100000 -0.353429 0.000000
vt 1.400000 0.353429 0.000000
vt 1.100000 0.353429 0.000000
vt 1.400000 0.323977 0.000000
vt 1.100000 0.323977 0.000000
vt 1.400000 0.294524 0.000000
vt 1.100000 0.294524 0.000000
vt 1.400000 0.265072 0.000000
vt 1.100000 0.265072 0.000000
vt 1.400000 0.235619 0.000000
vt 1.100000 0.235619 0.000000
vt 1.400000 0.206167 0.000000
vt 1.100000 0.206167 0.000000
vt 1.400000 0.176715 0.000000
vt 1.100000 0.176715 0.000000
vt 1.400000 0.147262 0.000000
vt 1.100000 0.147262 0.000000
vt 1.400000 0.117810 0.000000
vt 1.100000 0.117810 0.000000
vt 1.400000 0.088357 0.000000
vt 1.100000 0.088357 0.000000
vt 1.400000 0.058905 0.000000
vt 1.100000 0.058905 0.000000
vt 1.400000 0.029452 0.000000
vt 1.100000 0.029452 0.000000
vt 1.400000 0.000000 0.000000
vt 1.100000 0.000000 0.000000
vt 1.400000 -0.029452 0.000000
vt 1.100000 -0.029452 0.000000
vt 1.400000 -0.058905 0.000000
vt 1.100000 -0.058905 0.000000
vt 1.400000 -0.088357 0.000000
vt 1.100000 -0.088357 0.000000
vt 1.400000 -0.117810 0.000000
vt 1.100000 -0.117810 0.000000
vt 1.400000 -0.147262 0.000000
vt 1.100000 -0.147262 0.000000
vt 1.400000 -0.176715 0.000000
vt 1.100000 -0.176715 0.000000
vt 1.400000 -0.206167 0.000000
vt 1.100000 -0.206167 0.000000
vt 1.400000 -0.235619 0.000000
vt 1.100000 -0.235619 0.000000
vt 1.400000 -0.265072 0.000000
vt 1.100000 -0.265072 0.000000
vt 1.400000 -0.294524 0.000000
vt 1.100000 -0.294524 0.000000
vt 0.300000 -0.323977 0.000000
vt -0.000000 -0.323977 0.000000
vt 0.300000 -0.353429 0.000000
vt 0.000000 -0.353429 0.000000
vt 0.300000 0.353429 0.000000
vt 0.000000 0.353429 0.000000
vt 0.300000 0.323977 0.000000
vt -0.000000 0.323977 0.000000
vt 0.300000 0.294524 0.000000
vt -0.000000 0.294524 0.000000
vt 0.300000 0.265072 0.000000
vt -0.000000 0.265072 0.000000
vt 0.300000 0.235619 0.000000
vt -0.000000 0.235619 0.000000
vt 0.300000 0.206167 0.000000
vt -0.000000 0.206167 0.000000
vt 0.300000 0.176715 0.000000
vt -0.000000 0.176715 0.000000
vt 0.300000 0.147262 0.000000
vt -0.000000 0.147262 0.000000
vt 0.300000 0.117810 0.000000
vt -0.000000 0.117810 0.000000
vt 0.300000 0.088357 0.000000
vt -0.000000 0.088357 0.000000
vt 0.300000 0.058905 0.000000
vt -0.000000 0.058905 0.000000
vt 0.300000 0.029452 0.000000
vt -0.000000 0.029452 0.000000
vt 0.300000 0.000000 0.000000
vt -0.000000 0.000000 0.000000
vt 0.300000 -0.029452 0.000000
vt -0.000000 -0.029452 0.000000
vt 0.300000 -0.058905 0.000000
vt -0.000000 -0.058905 0.000000
vt 0.300000 -0.088357 0.000000
vt -0.000000 -0.088357 0.000000
vt 0.300000 -0.117810 0.000000
vt -0.000000 -0.117810 0.000000
vt 0.300000 -0.147262 0.000000
vt -0.000000 -0.147262 0.000000
vt 0.300000 -0.176715 0.000000
vt -0.000000 -0.176715 0.000000
vt 0.300000 -0.206167 0.000000
vt -0.000000 -0.206167 0.000000
vt 0.300000 -0.235619 0.000000
vt -0.000000 -0.235619 0.000000
vt 0.300000 -0.265072 0.000000
vt -0.000000 -0.265072 0.000000
vt 0.300000 -0.294524 0.000000
vt -0.000000 -0.294524 0.000000
vt 0.162500 0.250000 0.000000
vt -0.162500 0.125000 0.000000
vt 0.162500 -0.500000 0.000000
vt -0.162500 -0.375000 0.000000
vt 0.681250 0.162500 0.000000
vt 0.181250 0.162500 0.000000
vt 0.556250 -0.162500 0.000000
vt 0.306250 -0.162500 0.000000
vt -0.162500 0.500000 0.000000
vt -0.162500 -0.250000 0.000000
vt 0.162500 0.375000 0.000000
vt 0.162500 -0.125000 0.000000
vt -0.431250 -0.162500 0.000000
vt -0.181250 -0.162500 0.000000
vt -0.556250 0.162500 0.000000
vt -0.056250 0.162500 0.000000
vt -0.162500 0.500000 0.000000
vt -0.162500 -0.250000 0.000000
vt 0.162500 0.375000 0.000000
vt 0.162500 -0.125000 0.000000
vt 0.681250 0.162500 0.000000
vt 0.181250 0.162500 0.000000
vt 0.556250 -0.162500 0.000000
vt 0.306250 -0.162500 0.000000
vt -0.431250 -0.162500 0.000000
vt -0.181250 -0.162500 0.000000
vt -0.556250 0.162500 0.000000
vt -0.056250 0.162500 0.000000
vt 0.162500 0.250000 0.000000
vt -0.162500 0.125000 0.000000
vt 0.162500 -0.500000 0.000000
vt -0.162500 -0.375000 0.000000
vt 0.111177 0.294889 0.000000
vt 0.170883 0.258667 0.000000
vt 0.150000 0.300000 0.000000
vt 0.200000 0.262500 0.000000
vt 0.229117 0.258667 0.000000
vt 0.143750 0.247428 0.000000
vt 0.075000 0.279904 0.000000
vt 0.120450 0.229550 0.000000
vt 0.043934 0.256066 0.000000
vt 0.020096 0.225000 0.000000
vt 0.102572 0.206250 0.000000
vt 0.005111 0.188823 0.000000
vt 0.091333 0.179117 0.000000
vt -0.000000 0.150000 0.000000
vt 0.087500 0.150000 0.000000
vt 0.091333 0.120883 0.000000
vt 0.005111 0.111177 0.000000
vt 0.102572 0.093750 0.000000
vt 0.020096 0.075000 0.000000
vt 0.120450 0.070450 0.000000
vt 0.043934 0.043934 0.000000
vt 0.075000 0.020096 0.000000
vt 0.143750 0.052572 0.000000
vt 0.111177 0.005111 0.000000
vt 0.170883 0.041333 0.000000
vt 0.150000 0.000000 0.000000
vt 0.200000 0.037500 0.000000
vt 0.229117 0.041333 0.000000
vt 0.525000 0.000000 0.000000
vt 0.256250 0.052572 0.000000
vt 0.279550 0.070450 0.000000
vt 0.297428 0.093750 0.000000
vt 0.308667 0.120883 0.000000
vt 0.312500 0.150000 0.000000
vt 0.525000 0.300000 0.000000
vt 0.308667 0.179117 0.000000
vt 0.297428 0.206250 0.000000
vt 0.279550 0.229550 0.000000
vt 0.256250 0.247428 0.000000
vt 0.000000 0.000000 0.000000
vt 0.875000 0.000000 0.000000
vt 0.000000 0.300000 0.000000
vt 0.875000 0.300000 0.000000
vt -0.000000 0.000000 0.000000
vt 1.000000 0.000000 0.000000
vt -0.000000 0.300000 0.000000
vt 1.000000 0.300000 0.000000
vt 0.000000 0.000000 0.000000
vt 0.550000 0.000000 0.000000
vt 0.000000 0.300000 0.000000
vt 0.550000 0.300000 0.000000
vt 0.111177 0.294889 0.000000
vt 0.206250 0.247428 0.000000
vt 0.150000 0.300000 0.000000
vt 0.233383 0.258667 0.000000
vt 0.262500 0.262500 0.000000
vt 0.182950 0.229550 0.000000
vt 0.075000 0.279904 0.000000
vt 0.043934 0.256066 0.000000
vt 0.165072 0.206250 0.000000
vt 0.020096 0.225000 0.000000
vt 0.153833 0.179117 0.000000
vt 0.005111 0.188823 0.000000
vt 0.150000 0.150000 0.000000
vt 0.000000 0.150000 0.000000
vt 0.005111 0.111177 0.000000
vt 0.153833 0.120883 0.000000
vt 0.020096 0.075000 0.000000
vt 0.165072 0.093750 0.000000
vt 0.043934 0.043934 0.000000
vt 0.182950 0.070450 0.000000
vt 0.075000 0.020096 0.000000
vt 0.111177 0.005111 0.000000
vt 0.206250 0.052572 0.000000
vt 0.150000 0.000000 0.000000
vt 0.233383 0.041333 0.000000
vt 0.262500 0.037500 0.000000
vt 0.525000 0.000000 0.000000
vt 0.291617 0.041333 0.000000
vt 0.318750 0.052572 0.000000
vt 0.342050 0.070450 0.000000
vt 0.359928 0.093750 0.000000
vt 0.371167 0.120883 0.000000
vt 0.375000 0.150000 0.000000
vt 0.525000 0.300000 0.000000
vt 0.371167 0.179117 0.000000
vt 0.359928 0.206250 0.000000
vt 0.342050 0.229550 0.000000
vt 0.318750 0.247428 0.000000
vt 0.291617 0.258667 0.000000
vt 0.000000 0.000000 0.000000
vt 0.800000 0.000000 0.000000
vt 0.000000 0.300000 0.000000
vt 0.800000 0.300000 0.000000
vt 0.111177 0.294889 0.000000
vt 0.206250 0.247428 0.000000
vt 0.150000 0.300000 0.000000
vt 0.233383 0.258667 0.000000
vt 0.262500 0.262500 0.000000
vt 0.182950 0.229550 0.000000
vt 0.075000 0.279904 0.000000
vt 0.043934 0.256066 0.000000
vt 0.165072 0.206250 0.000000
vt 0.020096 0.225000 0.000000
vt 0.153833 0.179117 0.000000
vt 0.005111 0.188823 0.000000
vt 0.150000 0.150000 0.000000
vt -0.000000 0.150000 0.000000
vt 0.005111 0.111177 0.000000
vt 0.153833 0.120883 0.000000
vt 0.020096 0.075000 0.000000
vt 0.165072 0.093750 0.000000
vt 0.043934 0.043934 0.000000
vt 0.182950 0.070450 0.000000
vt 0.075000 0.020096 0.000000
vt 0.111177 0.005111 0.000000
vt 0.206250 0.052572 0.000000
vt 0.150000 0.000000 0.000000
vt 0.233383 0.041333 0.000000
vt 0.262500 0.037500 0.000000
vt 0.525000 0.000000 0.000000
vt 0.291617 0.041333 0.000000
vt 0.318750 0.052572 0.000000
vt 0.342050 0.070450 0.000000
vt 0.359928 0.093750 0.000000
vt 0.371167 0.120883 0.000000
vt 0.375000 0.150000 0.000000
vt 0.525000 0.300000 0.000000
vt 0.371167 0.179117 0.000000
vt 0.359928 0.206250 0.000000
vt 0.342050 0.229550 0.000000
vt 0.318750 0.247428 0.000000
vt 0.291617 0.258667 0.000000
vt 0.000000 0.000000 0.000000
vt 0.550000 0.000000 0.000000
vt 0.000000 0.300000 0.000000
vt 0.550000 0.300000 0.000000
vt 0.000000 0.000000 0.000000
vt 1.000000 0.000000 0.000000
vt 0.000000 0.300000 0.000000
vt 1.000000 0.300000 0.000000
vt -0.000000 0.000000 0.000000
vt 0.875000 0.000000 0.000000
vt -0.000000 0.300000 0.000000
vt 0.875000 0.300000 0.000000
vt -0.375000 0.250000 0.000000
vt -0.500000 -0.400000 0.000000
vt -0.375000 -0.250000 0.000000
vt -0.250000 -0.612500 0.000000
vt 0.250000 -0.612500 0.000000
vt 0.375000 0.250000 0.000000
vt 0.250000 0.612500 0.000000
vt -0.250000 0.612500 0.000000
vt -0.500000 0.400000 0.000000
vt -0.500000 0.700000 0.000000
vt -0.875000 0.400000 0.000000
vt -0.875000 0.700000 0.000000
vt 0.500000 0.375000 0.000000
vt 0.375000 -0.250000 0.000000
vt 0.500000 -0.375000 0.000000
vt 0.250000 -0.862500 0.000000
vt -0.875000 -0.700000 0.000000
vt -0.500000 -0.700000 0.000000
vt -0.875000 -0.400000 0.000000
vt -0.250000 -0.862500 0.000000
vt -0.500000 -1.250000 0.000000
vt 0.500000 -1.250000 0.000000
vt 0.875000 -0.375000 0.000000
vt 0.875000 0.375000 0.000000
vt 0.250000 0.862500 0.000000
vt 0.500000 1.250000 0.000000
vt -0.500000 1.250000 0.000000
vt -0.250000 0.862500 0.000000
vn -0.000000 -1.000000 -0.000000
vn -0.000000 -1.000000 -0.000000
vn -0.000000 -1.000000 -0.000000
vn -0.000000 -1.000000 -0.000000
vn -0.000000 0.000000 -1.000000
vn -0.000000 0.000000 -1.000000
vn -0.000000 0.000000 -1.000000
vn -0.000000 0.000000 -1.000000
vn 0.000000 1.000000 0.000000
vn 0.000000 1.000000 0.000000
vn 0.000000 1.000000 0.000000
vn 0.000000 1.000000 0.000000
vn 0.000000 0.000000 1.000000
vn 0.000000 0.000000 1.000000
vn 0.000000 0.000000 1.000000
vn 0.000000 0.000000 1.000000
vn 0.000000 0.000000 -1.000000
vn 0.000000 0.000000 -1.000000
vn 0.000000 0.000000 -1.000000
vn 0.000000 0.000000 -1.000000
vn 0.000000 0.000000 -1.000000
vn 0.000000 0.000000 -1.000000
vn 0.000000 0.000000 -1.000000
vn 0.000000 0.000000 -1.000000
vn 0.000000 0.000000 -1.000000
vn 0.000000 0.000000 -1.000000
vn 0.000000 0.000000 -1.000000
vn 0.000000 0.000000 -1.000000
vn 0.000000 0.000000 -1.000000
vn 0.000000 0.000000 -1.000000
vn 0.000000 0.000000 -1.000000
vn 0.000000 0.000000 -1.000000
vn 0.000000 0.000000 -1.000000
vn 0.000000 0.000000 -1.000000
vn 0.000000 0.000000 -1.000000
vn 0.000000 0.000000 -1.000000
vn 0.000000 0.000000 -1.000000
vn 0.000000 0.000000 -1.000000
vn 0.000000 0.000000 -1.000000
vn 0.000000 0.000000 -1.000000
vn 0.000000 0.000000 -1.000000
vn 0.000000 0.000000 -1.000000
vn 0.000000 0.000000 -1.000000
vn 0.000000 0.000000 -1.000000
vn 0.000000 0.000000 -1.000000
vn 0.000000 0.000000 -1.000000
vn 0.000000 0.000000 -1.000000
vn 0.000000 0.000000 -1.000000
vn 0.000000 0.000000 -1.000000
vn 0.000000 0.000000 -1.000000
vn 0.000000 0.000000 -1.000000
vn 0.000000 0.000000 -1.000000
vn 0.000000 0.000000 -1.000000
vn 0.000000 0.000000 -1.000000
vn 0.000000 0.000000 -1.000000
vn 1.000000 0.000000 -0.000000
vn 1.000000 0.000000 -0.000000
vn 0.965926 0.258819 -0.000000
vn 0.965926 0.258819 -0.000000
vn 0.866025 0.500000 -0.000000
vn 0.866025 0.500000 -0.000000
vn 0.707107 0.707107 -0.000000
vn 0.707107 0.707107 -0.000000
vn 0.500000 0.866025 -0.000000
vn 0.500000 0.866025 -0.000000
vn 0.258819 0.965926 -0.000000
vn 0.258819 0.965926 -0.000000
vn 0.000000 1.000000 -0.000000
vn 0.000000 1.000000 -0.000000
vn -0.258819 0.965926 -0.000000
vn -0.258819 0.965926 -0.000000
vn -0.500000 0.866025 -0.000000
vn -0.500000 0.866025 -0.000000
vn -0.707107 0.707107 -0.000000
vn -0.707107 0.707107 -0.000000
vn -0.866025 0.500000 -0.000000
vn -0.866025 0.500000 -0.000000
vn -0.965926 0.258819 -0.000000
vn -0.965926 0.258819 -0.000000
vn -1.000000 -0.000000 -0.000000
vn -1.000000 -0.000000 -0.000000
vn 1.000000 0.000000 0.000000
vn 1.000000 0.000000 0.000000
vn 1.000000 0.000000 0.000000
vn 1.000000 0.000000 0.000000
vn 1.000000 0.000000 0.000000
vn 1.000000 0.000000 0.000000
vn 1.000000 0.000000 0.000000
vn 1.000000 0.000000 0.000000
vn 1.000000 0.000000 0.000000
vn 1.000000 0.000000 0.000000
vn 1.000000 0.000000 0.000000
vn 1.000000 0.000000 0.000000
vn 1.000000 0.000000 0.000000
vn 1.000000 0.000000 0.000000
vn 1.000000 0.000000 0.000000
vn 1.000000 0.000000 0.000000
vn 1.000000 0.000000 0.000000
vn 1.000000 0.000000 0.000000
vn 1.000000 0.000000 0.000000
vn 1.000000 0.000000 0.000000
vn 1.000000 0.000000 0.000000
vn 1.000000 0.000000 0.000000
vn 1.000000 0.000000 0.000000
vn 1.000000 0.000000 0.000000
vn 1.000000 0.000000 0.000000
vn 1.000000 0.000000 0.000000
vn 0.000000 -0.000000 -1.000000
vn 0.000000 -0.000000 -1.000000
vn 0.000000 -0.000000 -1.000000
vn 0.000000 -0.000000 -1.000000
vn 0.000000 -0.000000 -1.000000
vn 0.000000 -0.000000 -1.000000
vn 0.000000 -0.000000 -1.000000
vn 0.000000 -0.000000 -1.000000
vn 0.000000 -0.000000 -1.000000
vn 0.000000 -0.000000 -1.000000
vn 0.000000 -0.000000 -1.000000
vn 0.000000 -0.000000 -1.000000
vn 0.000000 -0.000000 -1.000000
vn 0.000000 -0.000000 -1.000000
vn 0.000000 -0.000000 -1.000000
vn 0.000000 -0.000000 -1.000000
vn 0.000000 -0.000000 -1.000000
vn 0.000000 -0.000000 -1.000000
vn 0.000000 -0.000000 -1.000000
vn 0.000000 -0.000000 -1.000000
vn 0.000000 -0.000000 -1.000000
vn 0.000000 -0.000000 -1.000000
vn 0.000000 -0.000000 -1.000000
vn 0.000000 -0.000000 -1.000000
vn 0.000000 -0.000000 -1.000000
vn 0.000000 -0.000000 -1.000000
vn 0.000000 -0.000000 -1.000000
vn 0.000000 -0.000000 -1.000000
vn 0.000000 -0.000000 -1.000000
vn 0.000000 -0.000000 -1.000000
vn 0.000000 -0.000000 -1.000000
vn 0.000000 -0.000000 -1.000000
vn 0.000000 -0.000000 -1.000000
vn 0.000000 -0.000000 -1.000000
vn 0.000000 -0.000000 -1.000000
vn 0.000000 -0.000000 -1.000000
vn 0.000000 -0.000000 -1.000000
vn 0.000000 -0.000000 -1.000000
vn 0.000000 -0.000000 -1.000000
vn -1.000000 -0.000000 0.000000
vn -1.000000 -0.000000 0.000000
vn -0.965926 0.258819 -0.000000
vn -0.965926 0.258819 -0.000000
vn -0.866025 0.500000 -0.000000
vn -0.866025 0.500000 -0.000000
vn -0.707107 0.707107 -0.000000
vn -0.707107 0.707107 -0.000000
vn -0.500000 0.866025 -0.000000
vn -0.500000 0.866025 -0.000000
vn -0.258819 0.965926 -0.000000
vn -0.258819 0.965926 -0.000000
vn 0.000000 1.000000 -0.000000
vn 0.000000 1.000000 -0.000000
vn 0.258819 0.965926 -0.000000
vn 0.258819 0.965926 -0.000000
vn 0.500000 0.866025 -0.000000
vn 0.500000 0.866025 -0.000000
vn 0.707107 0.707107 -0.000000
vn 0.707107 0.707107 -0.000000
vn 0.866025 0.500000 -0.000000
vn 0.866025 0.500000 -0.000000
vn 0.965926 0.258819 -0.000000
vn 0.965926 0.258819 -0.000000
vn -0.000000 0.000000 1.000000
vn -0.000000 0.000000 1.000000
vn -0.000000 0.000000 1.000000
vn -0.000000 0.000000 1.000000
vn -0.000000 0.000000 1.000000
vn -0.000000 0.000000 1.000000
vn -0.000000 0.000000 1.000000
vn -0.000000 0.000000 1.000000
vn -0.000000 0.000000 1.000000
vn -0.000000 0.000000 1.000000
vn -0.000000 0.000000 1.000000
vn -0.000000 0.000000 1.000000
vn -0.000000 0.000000 1.000000
vn -0.000000 0.000000 1.000000
vn -0.000000 0.000000 1.000000
vn -0.000000 0.000000 1.000000
vn -0.000000 0.000000 1.000000
vn -0.000000 0.000000 1.000000
vn -0.000000 0.000000 1.000000
vn -0.000000 0.000000 1.000000
vn -0.000000 0.000000 1.000000
vn -0.000000 0.000000 1.000000
vn -0.000000 0.000000 1.000000
vn -0.000000 0.000000 1.000000
vn -0.000000 0.000000 1.000000
vn -0.000000 0.000000 1.000000
vn -0.000000 0.000000 1.000000
vn -0.000000 0.000000 1.000000
vn -0.000000 0.000000 1.000000
vn -0.000000 0.000000 1.000000
vn -0.000000 0.000000 1.000000
vn -0.000000 0.000000 1.000000
vn -0.000000 0.000000 1.000000
vn -0.000000 0.000000 1.000000
vn -0.000000 0.000000 1.000000
vn -0.000000 0.000000 1.000000
vn -0.000000 0.000000 1.000000
vn -0.000000 0.000000 1.000000
vn -0.000000 0.000000 1.000000
vn -1.000000 -0.000000 -0.000000
vn -1.000000 -0.000000 -0.000000
vn -0.965926 -0.258819 -0.000000
vn -0.965926 -0.258819 -0.000000
vn -0.866025 -0.500000 -0.000000
vn -0.866025 -0.500000 -0.000000
vn -0.707107 -0.707107 -0.000000
vn -0.707107 -0.707107 -0.000000
vn -0.500000 -0.866025 -0.000000
vn -0.500000 -0.866025 -0.000000
vn -0.258819 -0.965926 -0.000000
vn -0.258819 -0.965926 -0.000000
vn 0.000000 -1.000000 -0.000000
vn 0.000000 -1.000000 -0.000000
vn 0.258819 -0.965926 -0.000000
vn 0.258819 -0.965926 -0.000000
vn 0.500000 -0.866025 -0.000000
vn 0.500000 -0.866025 -0.000000
vn 0.707107 -0.707107 -0.000000
vn 0.707107 -0.707107 -0.000000
vn 0.866025 -0.500000 -0.000000
vn 0.866025 -0.500000 -0.000000
vn 0.965926 -0.258819 -0.000000
vn 0.965926 -0.258819 -0.000000
vn -0.965926 0.258819 0.000000
vn -0.965926 0.258819 0.000000
vn -1.000000 0.000000 0.000000
vn -1.000000 0.000000 0.000000
vn -0.965926 -0.258819 -0.000000
vn -0.965926 -0.258819 -0.000000
vn -0.866025 -0.500000 -0.000000
vn -0.866025 -0.500000 -0.000000
vn -0.707107 -0.707107 -0.000000
vn -0.707107 -0.707107 -0.000000
vn -0.500000 -0.866025 -0.000000
vn -0.500000 -0.866025 -0.000000
vn -0.258819 -0.965926 -0.000000
vn -0.258819 -0.965926 -0.000000
vn 0.000000 -1.000000 0.000000
vn 0.000000 -1.000000 0.000000
vn 0.258819 -0.965926 0.000000
vn 0.258819 -0.965926 0.000000
vn 0.500000 -0.866025 0.000000
vn 0.500000 -0.866025 0.000000
vn 0.707107 -0.707107 0.000000
vn 0.707107 -0.707107 0.000000
vn 0.866025 -0.500000 0.000000
vn 0.866025 -0.500000 0.000000
vn 0.965926 -0.258819 0.000000
vn 0.965926 -0.258819 0.000000
vn 1.000000 -0.000000 0.000000
vn 1.000000 -0.000000 0.000000
vn 0.965926 0.258819 0.000000
vn 0.965926 0.258819 0.000000
vn 0.866025 0.500000 0.000000
vn 0.866025 0.500000 0.000000
vn 0.707107 0.707107 0.000000
vn 0.707107 0.707107 0.000000
vn 0.500000 0.866025 0.000000
vn 0.500000 0.866025 0.000000
vn 0.258819 0.965926 0.000000
vn 0.258819 0.965926 0.000000
vn 0.000000 1.000000 0.000000
vn 0.000000 1.000000 0.000000
vn -0.258819 0.965926 0.000000
vn -0.258819 0.965926 0.000000
vn -0.500000 0.866025 0.000000
vn -0.500000 0.866025 0.000000
vn -0.707107 0.707107 0.000000
vn -0.707107 0.707107 0.000000
vn -0.866025 0.500000 0.000000
vn -0.866025 0.500000 0.000000
vn -0.965926 -0.258819 -0.000000
vn -1.000000 -0.000000 -0.000000
vn -0.965926 0.258819 0.000000
vn -0.866025 0.500000 0.000000
vn -0.707107 0.707107 0.000000
vn -0.500000 0.866025 0.000000
vn -0.258819 0.965926 0.000000
vn 0.000000 1.000000 0.000000
vn 0.258819 0.965926 0.000000
vn 0.500000 0.866025 0.000000
vn 0.707107 0.707107 0.000000
vn 0.866025 0.500000 0.000000
vn 0.965926 0.258819 0.000000
vn 1.000000 -0.000000 0.000000
vn 0.965926 -0.258819 0.000000
vn 0.866025 -0.500000 0.000000
vn 0.707107 -0.707107 0.000000
vn 0.500000 -0.866025 0.000000
vn 0.258819 -0.965926 0.000000
vn 0.000000 -1.000000 0.000000
vn -0.258819 -0.965926 -0.000000
vn -0.500000 -0.866025 -0.000000
vn -0.707107 -0.707107 -0.000000
vn -0.866025 -0.500000 -0.000000
vn -0.965926 0.258819 0.000000
vn -0.965926 0.258819 0.000000
vn -1.000000 0.000000 0.000000
vn -1.000000 0.000000 0.000000
vn -0.965926 -0.258819 -0.000000
vn -0.965926 -0.258819 -0.000000
vn -0.866025 -0.500000 -0.000000
vn -0.866025 -0.500000 -0.000000
vn -0.707107 -0.707107 -0.000000
vn -0.707107 -0.707107 -0.000000
vn -0.500000 -0.866025 -0.000000
vn -0.500000 -0.866025 -0.000000
vn -0.258819 -0.965926 -0.000000
vn -0.258819 -0.965926 -0.000000
vn 0.000000 -1.000000 0.000000
vn 0.000000 -1.000000 0.000000
vn 0.258819 -0.965926 0.000000
vn 0.258819 -0.965926 0.000000
vn 0.500000 -0.866025 0.000000
vn 0.500000 -0.866025 0.000000
vn 0.707107 -0.707107 0.000000
vn 0.707107 -0.707107 0.000000
vn 0.866025 -0.500000 0.000000
vn 0.866025 -0.500000 0.000000
vn 0.965926 -0.258819 0.000000
vn 0.965926 -0.258819 0.000000
vn 1.000000 -0.000000 0.000000
vn 1.000000 -0.000000 0.000000
vn 0.965926 0.258819 0.000000
vn 0.965926 0.258819 0.000000
vn 0.866025 0.500000 0.000000
vn 0.866025 0.500000 0.000000
vn 0.707107 0.707107 0.000000
vn 0.707107 0.707107 0.000000
vn 0.500000 0.866025 0.000000
vn 0.500000 0.866025 0.000000
vn 0.258819 0.965926 0.000000
vn 0.258819 0.965926 0.000000
vn 0.000000 1.000000 0.000000
vn 0.000000 1.000000 0.000000
vn -0.258819 0.965926 0.000000
vn -0.258819 0.965926 0.000000
vn -0.500000 0.866025 0.000000
vn -0.500000 0.866025 0.000000
vn -0.707107 0.707107 0.000000
vn -0.707107 0.707107 0.000000
vn -0.866025 0.500000 0.000000
vn -0.866025 0.500000 0.000000
vn -0.965926 0.258819 0.000000
vn -0.965926 0.258819 0.000000
vn -1.000000 0.000000 0.000000
vn -1.000000 0.000000 0.000000
vn -0.965926 -0.258819 -0.000000
vn -0.965926 -0.258819 -0.000000
vn -0.866025 -0.500000 -0.000000
vn -0.866025 -0.500000 -0.000000
vn -0.707107 -0.707107 -0.000000
vn -0.707107 -0.707107 -0.000000
vn -0.500000 -0.866025 -0.000000
vn -0.500000 -0.866025 -0.000000
vn -0.258819 -0.965926 -0.000000
vn -0.258819 -0.965926 -0.000000
vn 0.000000 -1.000000 0.000000
vn 0.000000 -1.000000 0.000000
vn 0.258819 -0.965926 0.000000
vn 0.258819 -0.965926 0.000000
vn 0.500000 -0.866025 0.000000
vn 0.500000 -0.866025 0.000000
vn 0.707107 -0.707107 0.000000
vn 0.707107 -0.707107 0.000000
vn 0.866025 -0.500000 0.000000
vn 0.866025 -0.500000 0.000000
vn 0.965926 -0.258819 0.000000
vn 0.965926 -0.258819 0.000000
vn 1.000000 -0.000000 0.000000
vn 1.000000 -0.000000 0.000000
vn 0.965926 0.258819 0.000000
vn 0.965926 0.258819 0.000000
vn 0.866025 0.500000 0.000000
vn 0.866025 0.500000 0.000000
vn 0.707107 0.707107 0.000000
vn 0.707107 0.707107 0.000000
vn 0.500000 0.866025 0.000000
vn 0.500000 0.866025 0.000000
vn 0.258819 0.965926 0.000000
vn 0.258819 0.965926 0.000000
vn 0.000000 1.000000 0.000000
vn 0.000000 1.000000 0.000000
vn -0.258819 0.965926 0.000000
vn -0.258819 0.965926 0.000000
vn -0.500000 0.866025 0.000000
vn -0.500000 0.866025 0.000000
vn -0.707107 0.707107 0.000000
vn -0.707107 0.707107 0.000000
vn -0.866025 0.500000 0.000000
vn -0.866025 0.500000 0.000000
vn 0.384615 0.000000 0.923077
vn 0.384615 0.000000 0.923077
vn 0.384615 0.000000 0.923077
vn 0.384615 0.000000 0.923077
vn 0.384615 -0.923077 0.000000
vn 0.384615 -0.923077 0.000000
vn 0.384615 -0.923077 0.000000
vn 0.384615 -0.923077 0.000000
vn 0.384615 0.000000 -0.923077
vn 0.384615 0.000000 -0.923077
vn 0.384615 0.000000 -0.923077
vn 0.384615 0.000000 -0.923077
vn 0.384615 0.923077 -0.000000
vn 0.384615 0.923077 -0.000000
vn 0.384615 0.923077 -0.000000
vn 0.384615 0.923077 -0.000000
vn 0.384615 0.000000 -0.923077
vn 0.384615 0.000000 -0.923077
vn 0.384615 0.000000 -0.923077
vn 0.384615 0.000000 -0.923077
vn 0.384615 0.923077 -0.000000
vn 0.384615 0.923077 -0.000000
vn 0.384615 0.923077 -0.000000
vn 0.384615 0.923077 -0.000000
vn 0.384615 -0.923077 0.000000
vn 0.384615 -0.923077 0.000000
vn 0.384615 -0.923077 0.000000
vn 0.384615 -0.923077 0.000000
vn 0.384615 0.000000 0.923077
vn 0.384615 0.000000 0.923077
vn 0.384615 0.000000 0.923077
vn 0.384615 0.000000 0.923077
vn 0.000000 0.000000 -1.000000
vn 0.000000 0.000000 -1.000000
vn 0.000000 0.000000 -1.000000
vn 0.000000 0.000000 -1.000000
vn 0.000000 0.000000 -1.000000
vn 0.000000 0.000000 -1.000000
vn 0.000000 0.000000 -1.000000
vn 0.000000 0.000000 -1.000000
vn 0.000000 0.000000 -1.000000
vn 0.000000 0.000000 -1.000000
vn 0.000000 0.000000 -1.000000
vn 0.000000 0.000000 -1.000000
vn 0.000000 0.000000 -1.000000
vn 0.000000 0.000000 -1.000000
vn 0.000000 0.000000 -1.000000
vn 0.000000 0.000000 -1.000000
vn 0.000000 0.000000 -1.000000
vn 0.000000 0.000000 -1.000000
vn 0.000000 0.000000 -1.000000
vn 0.000000 0.000000 -1.000000
vn 0.000000 0.000000 -1.000000
vn 0.000000 0.000000 -1.000000
vn 0.000000 0.000000 -1.000000
vn 0.000000 0.000000 -1.000000
vn 0.000000 0.000000 -1.000000
vn 0.000000 0.000000 -1.000000
vn 0.000000 0.000000 -1.000000
vn 0.000000 0.000000 -1.000000
vn 0.000000 0.000000 -1.000000
vn 0.000000 0.000000 -1.000000
vn 0.000000 0.000000 -1.000000
vn 0.000000 0.000000 -1.000000
vn 0.000000 0.000000 -1.000000
vn 0.000000 0.000000 -1.000000
vn 0.000000 0.000000 -1.000000
vn 0.000000 0.000000 -1.000000
vn 0.000000 0.000000 -1.000000
vn 0.000000 0.000000 -1.000000
vn 0.000000 0.000000 -1.000000
vn 0.000000 -1.000000 -0.000000
vn 0.000000 -1.000000 -0.000000
vn 0.000000 -1.000000 -0.000000
vn 0.000000 -1.000000 -0.000000
vn 0.000000 0.000000 1.000000
vn 0.000000 0.000000 1.000000
vn 0.000000 0.000000 1.000000
vn 0.000000 0.000000 1.000000
vn -0.000000 1.000000 0.000000
vn -0.000000 1.000000 0.000000
vn -0.000000 1.000000 0.000000
vn -0.000000 1.000000 0.000000
vn -0.000000 0.000000 1.000000
vn -0.000000 0.000000 1.000000
vn -0.000000 0.000000 1.000000
vn -0.000000 0.000000 1.000000
vn -0.000000 0.000000 1.000000
vn -0.000000 0.000000 1.000000
vn -0.000000 0.000000 1.000000
vn -0.000000 0.000000 1.000000
vn -0.000000 0.000000 1.000000
vn -0.000000 0.000000 1.000000
vn -0.000000 0.000000 1.000000
vn -0.000000 0.000000 1.000000
vn -0.000000 0.000000 1.000000
vn -0.000000 0.000000 1.000000
vn -0.000000 0.000000 1.000000
vn -0.000000 0.000000 1.000000
vn -0.000000 0.000000 1.000000
vn -0.000000 0.000000 1.000000
vn -0.000000 0.000000 1.000000
vn -0.000000 0.000000 1.000000
vn -0.000000 0.000000 1.000000
vn -0.000000 0.000000 1.000000
vn -0.000000 0.000000 1.000000
vn -0.000000 0.000000 1.000000
vn -0.000000 0.000000 1.000000
vn -0.000000 0.000000 1.000000
vn -0.000000 0.000000 1.000000
vn -0.000000 0.000000 1.000000
vn -0.000000 0.000000 1.000000
vn -0.000000 0.000000 1.000000
vn -0.000000 0.000000 1.000000
vn -0.000000 0.000000 1.000000
vn -0.000000 0.000000 1.000000
vn -0.000000 0.000000 1.000000
vn -0.000000 0.000000 1.000000
vn -0.000000 0.000000 1.000000
vn -0.000000 0.000000 1.000000
vn -0.000000 0.000000 1.000000
vn -0.000000 0.000000 1.000000
vn -0.000000 1.000000 0.000000
vn -0.000000 1.000000 0.000000
vn -0.000000 1.000000 0.000000
vn -0.000000 1.000000 0.000000
vn 0.000000 -0.000000 1.000000
vn 0.000000 -0.000000 1.000000
vn 0.000000 -0.000000 1.000000
vn 0.000000 -0.000000 1.000000
vn 0.000000 -0.000000 1.000000
vn 0.000000 -0.000000 1.000000
vn 0.000000 -0.000000 1.000000
vn 0.000000 -0.000000 1.000000
vn 0.000000 -0.000000 1.000000
vn 0.000000 -0.000000 1.000000
vn 0.000000 -0.000000 1.000000
vn 0.000000 -0.000000 1.000000
vn 0.000000 -0.000000 1.000000
vn 0.000000 -0.000000 1.000000
vn 0.000000 -0.000000 1.000000
vn 0.000000 -0.000000 1.000000
vn 0.000000 -0.000000 1.000000
vn 0.000000 -0.000000 1.000000
vn 0.000000 -0.000000 1.000000
vn 0.000000 -0.000000 1.000000
vn 0.000000 -0.000000 1.000000
vn 0.000000 -0.000000 1.000000
vn 0.000000 -0.000000 1.000000
vn 0.000000 -0.000000 1.000000
vn 0.000000 -0.000000 1.000000
vn 0.000000 -0.000000 1.000000
vn 0.000000 -0.000000 1.000000
vn 0.000000 -0.000000 1.000000
vn 0.000000 -0.000000 1.000000
vn 0.000000 -0.000000 1.000000
vn 0.000000 -0.000000 1.000000
vn 0.000000 -0.000000 1.000000
vn 0.000000 -0.000000 1.000000
vn 0.000000 -0.000000 1.000000
vn 0.000000 -0.000000 1.000000
vn 0.000000 -0.000000 1.000000
vn 0.000000 -0.000000 1.000000
vn 0.000000 -0.000000 1.000000
vn 0.000000 -0.000000 1.000000
vn -0.000000 1.000000 0.000000
vn -0.000000 1.000000 0.000000
vn -0.000000 1.000000 0.000000
vn -0.000000 1.000000 0.000000
vn 0.000000 0.000000 -1.000000
vn 0.000000 0.000000 -1.000000
vn 0.000000 0.000000 -1.000000
vn 0.000000 0.000000 -1.000000
vn 0.000000 -1.000000 0.000000
vn 0.000000 -1.000000 0.000000
vn 0.000000 -1.000000 0.000000
vn 0.000000 -1.000000 0.000000
vn -1.000000 -0.000000 -0.000000
vn -1.000000 -0.000000 -0.000000
vn -1.000000 -0.000000 -0.000000
vn -1.000000 -0.000000 -0.000000
vn -1.000000 -0.000000 -0.000000
vn -1.000000 -0.000000 -0.000000
vn -1.000000 -0.000000 -0.000000
vn -1.000000 -0.000000 -0.000000
vn -1.000000 -0.000000 -0.000000
vn -1.000000 -0.000000 -0.000000
vn -1.000000 -0.000000 -0.000000
vn -1.000000 -0.000000 -0.000000
vn -1.000000 -0.000000 -0.000000
vn -1.000000 -0.000000 -0.000000
vn -1.000000 -0.000000 -0.000000
vn -1.000000 -0.000000 -0.000000
vn -1.000000 -0.000000 -0.000000
vn -1.000000 -0.000000 -0.000000
vn -1.000000 -0.000000 -0.000000
vn -1.000000 -0.000000 -0.000000
vn -1.000000 -0.000000 -0.000000
vn -1.000000 -0.000000 -0.000000
usemtl Plastique_-_Translucide_mat_(gris)
f 1/1/1 2/2/2 4/3/3
f 4/3/3 2/2/2 3/4/4
f 2/5/5 5/6/6 3/7/7
f 3/7/7 5/6/6 6/8/8
f 5/9/9 7/10/10 6/11/11
f 6/11/11 7/10/10 8/12/12
f 7/13/13 1/14/14 8/15/15
f 8/15/15 1/14/14 4/16/16
f 10/17/17 45/18/18 9/19/19
f 9/19/19 45/18/18 46/20/20
f 9/19/19 46/20/20 32/21/21
f 32/21/21 46/20/20 31/22/22
f 31/22/22 46/20/20 30/23/23
f 30/23/23 46/20/20 29/24/24
f 29/24/24 46/20/20 28/25/25
f 28/25/25 46/20/20 27/26/26
f 27/26/26 46/20/20 47/27/27
f 27/26/26 47/27/27 26/28/28
f 26/28/28 47/27/27 25/29/29
f 25/29/29 47/27/27 24/30/30
f 24/30/30 47/27/27 23/31/31
f 23/31/31 47/27/27 22/32/32
f 22/32/32 47/27/27 21/33/33
f 21/33/33 47/27/27 33/34/34
f 21/33/33 33/34/34 20/35/35
f 20/35/35 33/34/34 19/36/36
f 19/36/36 33/34/34 34/37/37
f 19/36/36 34/37/37 18/38/38
f 18/38/38 34/37/37 35/39/39
f 18/38/38 35/39/39 36/40/40
f 10/17/17 11/41/41 45/18/18
f 45/18/18 11/41/41 44/42/42
f 44/42/42 11/41/41 12/43/43
f 44/42/42 12/43/43 43/44/44
f 43/44/44 12/43/43 42/45/45
f 42/45/45 12/43/43 13/46/46
f 42/45/45 13/46/46 41/47/47
f 41/47/47 13/46/46 14/48/48
f 41/47/47 14/48/48 40/49/49
f 40/49/49 14/48/48 15/50/50
f 40/49/49 15/50/50 39/51/51
f 39/51/51 15/50/50 38/52/52
f 38/52/52 15/50/50 16/53/53
f 38/52/52 16/53/53 37/54/54
f 37/54/54 16/53/53 17/55/55
f 37/54/54 17/55/55 36/40/40
f 36/40/40 17/55/55 18/38/38
f 60/56/56 45/57/57 59/58/58
f 59/58/58 45/57/57 44/59/59
f 59/58/58 44/59/59 58/60/60
f 58/60/60 44/59/59 43/61/61
f 58/60/60 43/61/61 57/62/62
f 57/62/62 43/61/61 42/63/63
f 57/62/62 42/63/63 56/64/64
f 56/64/64 42/63/63 41/65/65
f 56/64/64 41/65/65 55/66/66
f 55/66/66 41/65/65 40/67/67
f 55/66/66 40/67/67 54/68/68
f 54/68/68 40/67/67 39/69/69
f 54/68/68 39/69/69 53/70/70
f 53/70/70 39/69/69 38/71/71
f 53/70/70 38/71/71 52/72/72
f 52/72/72 38/71/71 37/73/73
f 52/72/72 37/73/73 51/74/74
f 51/74/74 37/73/73 36/75/75
f 51/74/74 36/75/75 50/76/76
f 50/76/76 36/75/75 35/77/77
f 50/76/76 35/77/77 49/78/78
f 49/78/78 35/77/77 34/79/79
f 49/78/78 34/79/79 48/80/80
f 48/80/80 34/79/79 33/81/81
f 1/82/82 66/83/83 2/84/84
f 2/84/84 66/83/83 80/85/85
f 2/84/84 80/85/85 5/86/86
f 5/86/86 80/85/85 81/87/87
f 5/86/86 81/87/87 72/88/88
f 72/88/88 81/87/87 78/89/89
f 72/88/88 78/89/89 71/90/90
f 71/90/90 78/89/89 79/91/91
f 71/90/90 79/91/91 70/92/92
f 70/92/92 79/91/91 69/93/93
f 69/93/93 79/91/91 80/85/85
f 69/93/93 80/85/85 66/83/83
f 7/94/94 63/95/95 1/82/82
f 1/82/82 63/95/95 64/96/96
f 1/82/82 64/96/96 65/97/97
f 65/97/97 64/96/96 46/98/98
f 65/97/97 46/98/98 60/99/56
f 60/99/56 46/98/98 45/100/57
f 63/95/95 7/94/94 75/101/99
f 75/101/99 7/94/94 5/86/86
f 75/101/99 5/86/86 72/88/88
f 62/102/100 76/103/101 61/104/102
f 61/104/102 76/103/101 77/105/103
f 61/104/102 77/105/103 46/98/98
f 76/103/101 62/102/100 75/101/99
f 75/101/99 62/102/100 63/95/95
f 64/96/96 61/104/102 46/98/98
f 65/97/97 66/83/83 1/82/82
f 67/106/104 68/107/105 66/83/83
f 66/83/83 68/107/105 69/93/93
f 73/108/106 74/109/107 72/88/88
f 72/88/88 74/109/107 75/101/99
f 83/110/108 67/111/109 82/112/110
f 82/112/110 67/111/109 66/113/111
f 82/112/110 66/113/111 105/114/112
f 105/114/112 66/113/111 104/115/113
f 104/115/113 66/113/111 103/116/114
f 103/116/114 66/113/111 102/117/115
f 102/117/115 66/113/111 101/118/116
f 101/118/116 66/113/111 100/119/117
f 100/119/117 66/113/111 118/120/118
f 100/119/117 118/120/118 99/121/119
f 99/121/119 118/120/118 98/122/120
f 98/122/120 118/120/118 97/123/121
f 97/123/121 118/120/118 96/124/122
f 96/124/122 118/120/118 95/125/123
f 95/125/123 118/120/118 94/126/124
f 94/126/124 118/120/118 106/127/125
f 94/126/124 106/127/125 93/128/126
f 93/128/126 106/127/125 92/129/127
f 92/129/127 106/127/125 107/130/128
f 92/129/127 107/130/128 91/131/129
f 91/131/129 107/130/128 108/132/130
f 91/131/129 108/132/130 109/133/131
f 83/110/108 84/134/132 67/111/109
f 67/111/109 84/134/132 117/135/133
f 117/135/133 84/134/132 85/136/134
f 117/135/133 85/136/134 116/137/135
f 116/137/135 85/136/134 115/138/136
f 115/138/136 85/136/134 86/139/137
f 115/138/136 86/139/137 114/140/138
f 114/140/138 86/139/137 87/141/139
f 114/140/138 87/141/139 113/142/140
f 113/142/140 87/141/139 88/143/141
f 113/142/140 88/143/141 112/144/142
f 112/144/142 88/143/141 111/145/143
f 111/145/143 88/143/141 89/146/144
f 111/145/143 89/146/144 110/147/145
f 110/147/145 89/146/144 90/148/146
f 110/147/145 90/148/146 109/133/131
f 109/133/131 90/148/146 91/131/129
f 106/149/147 119/150/148 107/151/149
f 107/151/149 119/150/148 120/152/150
f 107/151/149 120/152/150 108/153/151
f 108/153/151 120/152/150 121/154/152
f 108/153/151 121/154/152 109/155/153
f 109/155/153 121/154/152 122/156/154
f 109/155/153 122/156/154 110/157/155
f 110/157/155 122/156/154 123/158/156
f 110/157/155 123/158/156 111/159/157
f 111/159/157 123/158/156 124/160/158
f 111/159/157 124/160/158 112/161/159
f 112/161/159 124/160/158 125/162/160
f 112/161/159 125/162/160 113/163/161
f 113/163/161 125/162/160 126/164/162
f 113/163/161 126/164/162 114/165/163
f 114/165/163 126/164/162 127/166/164
f 114/165/163 127/166/164 115/167/165
f 115/167/165 127/166/164 128/168/166
f 115/167/165 128/168/166 116/169/167
f 116/169/167 128/168/166 129/170/168
f 116/169/167 129/170/168 117/171/169
f 117/171/169 129/170/168 130/172/170
f 117/171/169 130/172/170 67/173/104
f 67/173/104 130/172/170 68/174/105
f 154/175/171 131/176/172 73/177/173
f 73/177/173 131/176/172 132/178/174
f 73/177/173 132/178/174 166/179/175
f 166/179/175 132/178/174 133/180/176
f 166/179/175 133/180/176 165/181/177
f 165/181/177 133/180/176 134/182/178
f 165/181/177 134/182/178 164/183/179
f 164/183/179 134/182/178 163/184/180
f 163/184/180 134/182/178 135/185/181
f 163/184/180 135/185/181 162/186/182
f 162/186/182 135/185/181 136/187/183
f 162/186/182 136/187/183 161/188/184
f 161/188/184 136/187/183 137/189/185
f 161/188/184 137/189/185 138/190/186
f 161/188/184 138/190/186 160/191/187
f 160/191/187 138/190/186 139/192/188
f 160/191/187 139/192/188 159/193/189
f 159/193/189 139/192/188 140/194/190
f 159/193/189 140/194/190 158/195/191
f 158/195/191 140/194/190 157/196/192
f 157/196/192 140/194/190 141/197/193
f 157/196/192 141/197/193 156/198/194
f 156/198/194 141/197/193 142/199/195
f 156/198/194 142/199/195 155/200/196
f 155/200/196 142/199/195 143/201/197
f 155/200/196 143/201/197 144/202/198
f 155/200/196 144/202/198 167/203/199
f 167/203/199 144/202/198 145/204/200
f 167/203/199 145/204/200 146/205/201
f 146/205/201 147/206/202 167/203/199
f 167/203/199 147/206/202 148/207/203
f 167/203/199 148/207/203 149/208/204
f 167/203/199 149/208/204 72/209/205
f 72/209/205 149/208/204 150/210/206
f 72/209/205 150/210/206 151/211/207
f 151/211/207 152/212/208 72/209/205
f 72/209/205 152/212/208 153/213/209
f 72/209/205 153/213/209 154/175/171
f 72/209/205 154/175/171 73/177/173
f 155/214/210 168/215/211 156/216/212
f 156/216/212 168/215/211 169/217/213
f 156/216/212 169/217/213 157/218/214
f 157/218/214 169/217/213 170/219/215
f 157/218/214 170/219/215 158/220/216
f 158/220/216 170/219/215 171/221/217
f 158/220/216 171/221/217 159/222/218
f 159/222/218 171/221/217 172/223/219
f 159/222/218 172/223/219 160/224/220
f 160/224/220 172/223/219 173/225/221
f 160/224/220 173/225/221 161/226/222
f 161/226/222 173/225/221 174/227/223
f 161/226/222 174/227/223 162/228/224
f 162/228/224 174/227/223 175/229/225
f 162/228/224 175/229/225 163/230/226
f 163/230/226 175/229/225 176/231/227
f 163/230/226 176/231/227 164/232/228
f 164/232/228 176/231/227 177/233/229
f 164/232/228 177/233/229 165/234/230
f 165/234/230 177/233/229 178/235/231
f 165/234/230 178/235/231 166/236/232
f 166/236/232 178/235/231 179/237/233
f 166/236/232 179/237/233 73/238/106
f 73/238/106 179/237/233 74/239/107
f 181/240/234 205/241/235 180/242/236
f 180/242/236 205/241/235 204/243/237
f 180/244/236 204/245/237 203/246/238
f 203/246/238 204/245/237 227/247/239
f 203/246/238 227/247/239 202/248/240
f 202/248/240 227/247/239 226/249/241
f 202/248/240 226/249/241 201/250/242
f 201/250/242 226/249/241 225/251/243
f 201/250/242 225/251/243 200/252/244
f 200/252/244 225/251/243 224/253/245
f 200/252/244 224/253/245 199/254/246
f 199/254/246 224/253/245 223/255/247
f 199/254/246 223/255/247 198/256/248
f 198/256/248 223/255/247 222/257/249
f 198/256/248 222/257/249 197/258/250
f 197/258/250 222/257/249 221/259/251
f 197/258/250 221/259/251 196/260/252
f 196/260/252 221/259/251 220/261/253
f 196/260/252 220/261/253 195/262/254
f 195/262/254 220/261/253 219/263/255
f 195/262/254 219/263/255 194/264/256
f 194/264/256 219/263/255 218/265/257
f 194/264/256 218/265/257 193/266/258
f 193/266/258 218/265/257 217/267/259
f 193/266/258 217/267/259 192/268/260
f 192/268/260 217/267/259 216/269/261
f 192/268/260 216/269/261 191/270/262
f 191/270/262 216/269/261 215/271/263
f 191/270/262 215/271/263 190/272/264
f 190/272/264 215/271/263 214/273/265
f 190/272/264 214/273/265 189/274/266
f 189/274/266 214/273/265 213/275/267
f 189/274/266 213/275/267 188/276/268
f 188/276/268 213/275/267 212/277/269
f 188/276/268 212/277/269 187/278/270
f 187/278/270 212/277/269 211/279/271
f 187/278/270 211/279/271 186/280/272
f 186/280/272 211/279/271 210/281/273
f 186/280/272 210/281/273 185/282/274
f 185/282/274 210/281/273 209/283/275
f 185/282/274 209/283/275 184/284/276
f 184/284/276 209/283/275 208/285/277
f 184/284/276 208/285/277 183/286/278
f 183/286/278 208/285/277 207/287/279
f 183/286/278 207/287/279 182/288/280
f 182/288/280 207/287/279 206/289/281
f 182/288/280 206/289/281 181/240/234
f 181/240/234 206/289/281 205/241/235
f 154/290/282 227/247/239 131/291/283
f 131/291/283 227/247/239 204/245/237
f 131/292/283 204/243/237 132/293/284
f 132/293/284 204/243/237 205/241/235
f 132/293/284 205/241/235 133/294/285
f 133/294/285 205/241/235 206/289/281
f 133/294/285 206/289/281 134/295/286
f 134/295/286 206/289/281 207/287/279
f 134/295/286 207/287/279 135/296/287
f 135/296/287 207/287/279 208/285/277
f 135/296/287 208/285/277 136/297/288
f 136/297/288 208/285/277 209/283/275
f 136/297/288 209/283/275 137/298/289
f 137/298/289 209/283/275 210/281/273
f 137/298/289 210/281/273 138/299/290
f 138/299/290 210/281/273 211/279/271
f 138/299/290 211/279/271 139/300/291
f 139/300/291 211/279/271 212/277/269
f 139/300/291 212/277/269 140/301/292
f 140/301/292 212/277/269 213/275/267
f 140/301/292 213/275/267 141/302/293
f 141/302/293 213/275/267 214/273/265
f 141/302/293 214/273/265 142/303/294
f 142/303/294 214/273/265 215/271/263
f 142/303/294 215/271/263 143/304/295
f 143/304/295 215/271/263 216/269/261
f 143/304/295 216/269/261 144/305/296
f 144/305/296 216/269/261 217/267/259
f 144/305/296 217/267/259 145/306/297
f 145/306/297 217/267/259 218/265/257
f 145/306/297 218/265/257 146/307/298
f 146/307/298 218/265/257 219/263/255
f 146/307/298 219/263/255 147/308/299
f 147/308/299 219/263/255 220/261/253
f 147/308/299 220/261/253 148/309/300
f 148/309/300 220/261/253 221/259/251
f 148/309/300 221/259/251 149/310/301
f 149/310/301 221/259/251 222/257/249
f 149/310/301 222/257/249 150/311/302
f 150/311/302 222/257/249 223/255/247
f 150/311/302 223/255/247 151/312/303
f 151/312/303 223/255/247 224/253/245
f 151/312/303 224/253/245 152/313/304
f 152/313/304 224/253/245 225/251/243
f 152/313/304 225/251/243 153/314/305
f 153/314/305 225/251/243 226/249/241
f 153/314/305 226/249/241 154/290/282
f 154/290/282 226/249/241 227/247/239
f 32/315/306 251/316/307 9/317/308
f 9/317/308 251/316/307 228/318/309
f 9/319/308 228/320/309 10/321/310
f 10/321/310 228/320/309 229/322/311
f 10/321/310 229/322/311 11/323/312
f 11/323/312 229/322/311 230/324/313
f 11/323/312 230/324/313 12/325/314
f 12/325/314 230/324/313 231/326/315
f 12/325/314 231/326/315 13/327/316
f 13/327/316 231/326/315 232/328/317
f 13/327/316 232/328/317 14/329/318
f 14/329/318 232/328/317 233/330/319
f 14/329/318 233/330/319 15/331/320
f 15/331/320 233/330/319 234/332/321
f 15/331/320 234/332/321 16/333/322
f 16/333/322 234/332/321 235/334/323
f 16/333/322 235/334/323 17/335/324
f 17/335/324 235/334/323 236/336/325
f 17/335/324 236/336/325 18/337/326
f 18/337/326 236/336/325 237/338/327
f 18/337/326 237/338/327 19/339/328
f 19/339/328 237/338/327 238/340/329
f 19/339/328 238/340/329 20/341/330
f 20/341/330 238/340/329 239/342/331
f 20/341/330 239/342/331 21/343/332
f 21/343/332 239/342/331 240/344/333
f 21/343/332 240/344/333 22/345/334
f 22/345/334 240/344/333 241/346/335
f 22/345/334 241/346/335 23/347/336
f 23/347/336 241/346/335 242/348/337
f 23/347/336 242/348/337 24/349/338
f 24/349/338 242/348/337 243/350/339
f 24/349/338 243/350/339 25/351/340
f 25/351/340 243/350/339 244/352/341
f 25/351/340 244/352/341 26/353/342
f 26/353/342 244/352/341 245/354/343
f 26/353/342 245/354/343 27/355/344
f 27/355/344 245/354/343 246/356/345
f 27/355/344 246/356/345 28/357/346
f 28/357/346 246/356/345 247/358/347
f 28/357/346 247/358/347 29/359/348
f 29/359/348 247/358/347 248/360/349
f 29/359/348 248/360/349 30/361/350
f 30/361/350 248/360/349 249/362/351
f 30/361/350 249/362/351 31/363/352
f 31/363/352 249/362/351 250/364/353
f 31/363/352 250/364/353 32/315/306
f 32/315/306 250/364/353 251/316/307
f 105/365/354 275/366/355 82/367/356
f 82/367/356 275/366/355 252/368/357
f 82/369/356 252/370/357 83/371/358
f 83/371/358 252/370/357 253/372/359
f 83/371/358 253/372/359 84/373/360
f 84/373/360 253/372/359 254/374/361
f 84/373/360 254/374/361 85/375/362
f 85/375/362 254/374/361 255/376/363
f 85/375/362 255/376/363 86/377/364
f 86/377/364 255/376/363 256/378/365
f 86/377/364 256/378/365 87/379/366
f 87/379/366 256/378/365 257/380/367
f 87/379/366 257/380/367 88/381/368
f 88/381/368 257/380/367 258/382/369
f 88/381/368 258/382/369 89/383/370
f 89/383/370 258/382/369 259/384/371
f 89/383/370 259/384/371 90/385/372
f 90/385/372 259/384/371 260/386/373
f 90/385/372 260/386/373 91/387/374
f 91/387/374 260/386/373 261/388/375
f 91/387/374 261/388/375 92/389/376
f 92/389/376 261/388/375 262/390/377
f 92/389/376 262/390/377 93/391/378
f 93/391/378 262/390/377 263/392/379
f 93/391/378 263/392/379 94/393/380
f 94/393/380 263/392/379 264/394/381
f 94/393/380 264/394/381 95/395/382
f 95/395/382 264/394/381 265/396/383
f 95/395/382 265/396/383 96/397/384
f 96/397/384 265/396/383 266/398/385
f 96/397/384 266/398/385 97/399/386
f 97/399/386 266/398/385 267/400/387
f 97/399/386 267/400/387 98/401/388
f 98/401/388 267/400/387 268/402/389
f 98/401/388 268/402/389 99/403/390
f 99/403/390 268/402/389 269/404/391
f 99/403/390 269/404/391 100/405/392
f 100/405/392 269/404/391 270/406/393
f 100/405/392 270/406/393 101/407/394
f 101/407/394 270/406/393 271/408/395
f 101/407/394 271/408/395 102/409/396
f 102/409/396 271/408/395 272/410/397
f 102/409/396 272/410/397 103/411/398
f 103/411/398 272/410/397 273/412/399
f 103/411/398 273/412/399 104/413/400
f 104/413/400 273/412/399 274/414/401
f 104/413/400 274/414/401 105/365/354
f 105/365/354 274/414/401 275/366/355
f 61/415/402 276/416/403 62/417/404
f 62/417/404 276/416/403 277/418/405
f 61/419/406 64/420/407 276/421/408
f 276/421/408 64/420/407 278/422/409
f 64/423/410 63/424/411 278/425/412
f 278/425/412 63/424/411 279/426/413
f 277/427/414 279/428/415 62/429/416
f 62/429/416 279/428/415 63/430/417
f 79/431/418 78/432/419 281/433/420
f 281/433/420 78/432/419 280/434/421
f 78/435/422 81/436/423 280/437/424
f 280/437/424 81/436/423 282/438/425
f 281/439/426 283/440/427 79/441/428
f 79/441/428 283/440/427 80/442/429
f 80/443/430 283/444/431 81/445/432
f 81/445/432 283/444/431 282/446/433
f 179/447/434 181/448/435 74/449/436
f 74/449/436 181/448/435 180/450/437
f 74/449/436 180/450/437 203/451/438
f 181/448/435 179/447/434 182/452/439
f 182/452/439 179/447/434 178/453/440
f 182/452/439 178/453/440 183/454/441
f 183/454/441 178/453/440 177/455/442
f 183/454/441 177/455/442 176/456/443
f 183/454/441 176/456/443 184/457/444
f 184/457/444 176/456/443 175/458/445
f 184/457/444 175/458/445 185/459/446
f 185/459/446 175/458/445 174/460/447
f 185/459/446 174/460/447 186/461/448
f 186/461/448 174/460/447 187/462/449
f 187/462/449 174/460/447 173/463/450
f 187/462/449 173/463/450 188/464/451
f 188/464/451 173/463/450 172/465/452
f 188/464/451 172/465/452 189/466/453
f 189/466/453 172/465/452 171/467/454
f 189/466/453 171/467/454 170/468/455
f 189/466/453 170/468/455 190/469/456
f 190/469/456 170/468/455 169/470/457
f 190/469/456 169/470/457 191/471/458
f 191/471/458 169/470/457 168/472/459
f 191/471/458 168/472/459 192/473/460
f 192/473/460 168/472/459 193/474/461
f 193/474/461 168/472/459 284/475/462
f 193/474/461 284/475/462 194/476/463
f 194/476/463 284/475/462 195/477/464
f 195/477/464 284/475/462 196/478/465
f 196/478/465 284/475/462 197/479/466
f 197/479/466 284/475/462 198/480/467
f 198/480/467 284/475/462 75/481/468
f 198/480/467 75/481/468 199/482/469
f 199/482/469 75/481/468 200/483/470
f 200/483/470 75/481/468 201/484/471
f 201/484/471 75/481/468 202/485/472
f 202/485/472 75/481/468 203/451/438
f 203/451/438 75/481/468 74/449/436
f 285/486/473 167/487/474 71/488/475
f 71/488/475 167/487/474 72/489/476
f 286/490/477 285/491/478 70/492/479
f 70/492/479 285/491/478 71/493/480
f 287/494/481 286/495/482 69/496/483
f 69/496/483 286/495/482 70/497/484
f 130/498/485 254/499/486 68/500/487
f 68/500/487 254/499/486 253/501/488
f 68/500/487 253/501/488 252/502/489
f 254/499/486 130/498/485 255/503/490
f 255/503/490 130/498/485 129/504/491
f 255/503/490 129/504/491 128/505/492
f 255/503/490 128/505/492 256/506/493
f 256/506/493 128/505/492 127/507/494
f 256/506/493 127/507/494 257/508/495
f 257/508/495 127/507/494 126/509/496
f 257/508/495 126/509/496 258/510/497
f 258/510/497 126/509/496 125/511/498
f 258/510/497 125/511/498 124/512/499
f 258/510/497 124/512/499 259/513/500
f 259/513/500 124/512/499 123/514/501
f 259/513/500 123/514/501 260/515/502
f 260/515/502 123/514/501 122/516/503
f 260/515/502 122/516/503 261/517/504
f 261/517/504 122/516/503 121/518/505
f 261/517/504 121/518/505 120/519/506
f 261/517/504 120/519/506 262/520/507
f 262/520/507 120/519/506 119/521/508
f 262/520/507 119/521/508 263/522/509
f 263/522/509 119/521/508 264/523/510
f 264/523/510 119/521/508 287/524/511
f 264/523/510 287/524/511 265/525/512
f 265/525/512 287/524/511 266/526/513
f 266/526/513 287/524/511 267/527/514
f 267/527/514 287/524/511 268/528/515
f 268/528/515 287/524/511 269/529/516
f 269/529/516 287/524/511 270/530/517
f 270/530/517 287/524/511 69/531/518
f 270/530/517 69/531/518 271/532/519
f 271/532/519 69/531/518 272/533/520
f 272/533/520 69/531/518 273/534/521
f 273/534/521 69/531/518 274/535/522
f 274/535/522 69/531/518 275/536/523
f 275/536/523 69/531/518 252/502/489
f 252/502/489 69/531/518 68/500/487
f 288/537/524 118/538/525 65/539/526
f 65/539/526 118/538/525 66/540/527
f 59/541/528 230/542/529 60/543/530
f 60/543/530 230/542/529 229/544/531
f 60/543/530 229/544/531 228/545/532
f 230/542/529 59/541/528 231/546/533
f 231/546/533 59/541/528 58/547/534
f 231/546/533 58/547/534 57/548/535
f 231/546/533 57/548/535 232/549/536
f 232/549/536 57/548/535 56/550/537
f 232/549/536 56/550/537 233/551/538
f 233/551/538 56/550/537 55/552/539
f 233/551/538 55/552/539 234/553/540
f 234/553/540 55/552/539 54/554/541
f 234/553/540 54/554/541 53/555/542
f 234/553/540 53/555/542 235/556/543
f 235/556/543 53/555/542 52/557/544
f 235/556/543 52/557/544 236/558/545
f 236/558/545 52/557/544 51/559/546
f 236/558/545 51/559/546 237/560/547
f 237/560/547 51/559/546 50/561/548
f 237/560/547 50/561/548 49/562/549
f 237/560/547 49/562/549 238/563/550
f 238/563/550 49/562/549 48/564/551
f 238/563/550 48/564/551 239/565/552
f 239/565/552 48/564/551 240/566/553
f 240/566/553 48/564/551 288/567/554
f 240/566/553 288/567/554 241/568/555
f 241/568/555 288/567/554 242/569/556
f 242/569/556 288/567/554 243/570/557
f 243/570/557 288/567/554 244/571/558
f 244/571/558 288/567/554 245/572/559
f 245/572/559 288/567/554 246/573/560
f 246/573/560 288/567/554 65/574/561
f 246/573/560 65/574/561 247/575/562
f 247/575/562 65/574/561 248/576/563
f 248/576/563 65/574/561 249/577/564
f 249/577/564 65/574/561 250/578/565
f 250/578/565 65/574/561 251/579/566
f 251/579/566 65/574/561 228/545/532
f 228/545/532 65/574/561 60/543/530
f 289/580/567 47/581/568 77/582/569
f 77/582/569 47/581/568 46/583/570
f 290/584/571 289/585/572 76/586/573
f 76/586/573 289/585/572 77/587/574
f 284/588/575 290/589/576 75/590/577
f 75/590/577 290/589/576 76/591/578
f 3/592/579 288/593/580 4/594/581
f 4/594/581 288/593/580 278/595/582
f 4/594/581 278/595/582 279/596/583
f 6/597/584 282/598/585 3/592/579
f 3/592/579 282/598/585 283/599/586
f 3/592/579 283/599/586 118/600/587
f 118/600/587 283/599/586 287/601/588
f 118/600/587 287/601/588 106/602/147
f 106/602/147 287/601/588 119/603/148
f 282/598/585 6/597/584 167/604/589
f 167/604/589 6/597/584 8/605/590
f 167/604/589 8/605/590 284/606/591
f 284/606/591 8/605/590 279/596/583
f 284/606/591 279/596/583 277/607/592
f 8/605/590 4/594/581 279/596/583
f 33/608/81 47/609/593 48/610/80
f 48/610/80 47/609/593 288/593/580
f 288/593/580 47/609/593 278/595/582
f 278/595/582 47/609/593 276/611/594
f 276/611/594 47/609/593 289/612/595
f 276/611/594 289/612/595 290/613/596
f 276/611/594 290/613/596 277/607/592
f 277/607/592 290/613/596 284/606/591
f 284/606/591 168/614/211 167/604/589
f 167/604/589 168/614/211 155/615/210
f 282/598/585 167/604/589 280/616/597
f 280/616/597 167/604/589 285/617/598
f 280/616/597 285/617/598 286/618/599
f 280/616/597 286/618/599 281/619/600
f 281/619/600 286/618/599 287/601/588
f 281/619/600 287/601/588 283/599/586
f 118/600/587 288/593/580 3/592/579
g Corps1:1

v 0.069474 1.787500 0.900000
v 0.072218 1.808342 0.900000
v 0.080263 1.827763 0.900000
v 0.093060 1.844440 0.900000
v 0.109737 1.857237 0.900000
v 0.129158 1.865282 0.900000
v 0.150000 1.868026 0.900000
v 0.170842 1.865282 0.900000
v 0.190263 1.857237 0.900000
v 0.206940 1.844440 0.900000
v 0.219737 1.827763 0.900000
v 0.227782 1.808342 0.900000
v 0.230526 1.787500 0.900000
v 0.227782 1.766658 0.900000
v 0.219737 1.747237 0.900000
v 0.206940 1.730560 0.900000
v 0.190263 1.717763 0.900000
v 0.170842 1.709718 0.900000
v 0.150000 1.706974 0.900000
v 0.129158 1.709718 0.900000
v 0.109737 1.717763 0.900000
v 0.093060 1.730560 0.900000
v 0.080263 1.747237 0.900000
v 0.072218 1.766658 0.900000
v 0.045000 1.787500 0.550000
v 0.048578 1.760324 0.550000
v 0.059067 1.735000 0.550000
v 0.075754 1.713254 0.550000
v 0.097500 1.696567 0.550000
v 0.122824 1.686078 0.550000
v 0.150000 1.682500 0.550000
v 0.177176 1.686078 0.550000
v 0.202500 1.696567 0.550000
v 0.224246 1.713254 0.550000
v 0.240933 1.735000 0.550000
v 0.251422 1.760324 0.550000
v 0.255000 1.787500 0.550000
v 0.251422 1.814676 0.550000
v 0.240933 1.840000 0.550000
v 0.224246 1.861746 0.550000
v 0.202500 1.878433 0.550000
v 0.177176 1.888922 0.550000
v 0.150000 1.892500 0.550000
v 0.122824 1.888922 0.550000
v 0.097500 1.878433 0.550000
v 0.075754 1.861746 0.550000
v 0.059067 1.840000 0.550000
v 0.048578 1.814676 0.550000
v 0.005000 1.787500 -0.750000
v 0.009941 1.749971 -0.750000
v 0.024426 1.715000 -0.750000
v 0.047470 1.684970 -0.750000
v 0.077500 1.661926 -0.750000
v 0.112471 1.647441 -0.750000
v 0.150000 1.642500 -0.750000
v 0.187529 1.647441 -0.750000
v 0.222500 1.661926 -0.750000
v 0.252530 1.684970 -0.750000
v 0.275574 1.715000 -0.750000
v 0.290059 1.749971 -0.750000
v 0.295000 1.787500 -0.750000
v 0.290059 1.825029 -0.750000
v 0.275574 1.860000 -0.750000
v 0.252530 1.890030 -0.750000
v 0.222500 1.913074 -0.750000
v 0.187529 1.927559 -0.750000
v 0.150000 1.932500 -0.750000
v 0.112471 1.927559 -0.750000
v 0.077500 1.913074 -0.750000
v 0.047470 1.890030 -0.750000
v 0.024426 1.860000 -0.750000
v 0.009941 1.825029 -0.750000
v 0.045000 1.787500 -0.710000
v 0.048578 1.814676 -0.710000
v 0.059067 1.840000 -0.710000
v 0.075754 1.861746 -0.710000
v 0.097500 1.878433 -0.710000
v 0.122824 1.888922 -0.710000
v 0.150000 1.892500 -0.710000
v 0.177176 1.888922 -0.710000
v 0.202500 1.878433 -0.710000
v 0.224246 1.861746 -0.710000
v 0.240933 1.840000 -0.710000
v 0.251422 1.814676 -0.710000
v 0.255000 1.787500 -0.710000
v 0.251422 1.760324 -0.710000
v 0.240933 1.735000 -0.710000
v 0.224246 1.713254 -0.710000
v 0.202500 1.696567 -0.710000
v 0.177176 1.686078 -0.710000
v 0.150000 1.682500 -0.710000
v 0.122824 1.686078 -0.710000
v 0.097500 1.696567 -0.710000
v 0.075754 1.713254 -0.710000
v 0.059067 1.735000 -0.710000
v 0.048578 1.760324 -0.710000
v 0.015353 1.787500 -0.748637
v 0.025000 1.787500 -0.744641
v 0.033284 1.787500 -0.738284
v 0.039641 1.787500 -0.730000
v 0.043637 1.787500 -0.720353
v 0.019941 1.752651 -0.748637
v 0.029259 1.755148 -0.744641
v 0.037261 1.757292 -0.738284
v 0.043401 1.758937 -0.730000
v 0.047261 1.759971 -0.720353
v 0.033392 1.720176 -0.748637
v 0.041747 1.725000 -0.744641
v 0.048921 1.729142 -0.738284
v 0.054426 1.732321 -0.730000
v 0.057887 1.734319 -0.720353
v 0.054790 1.692290 -0.748637
v 0.061612 1.699112 -0.744641
v 0.067470 1.704970 -0.738284
v 0.071964 1.709464 -0.730000
v 0.074790 1.712290 -0.720353
v 0.082676 1.670892 -0.748637
v 0.087500 1.679247 -0.744641
v 0.091642 1.686421 -0.738284
v 0.094821 1.691926 -0.730000
v 0.096819 1.695387 -0.720353
v 0.115151 1.657441 -0.748637
v 0.117648 1.666759 -0.744641
v 0.119792 1.674761 -0.738284
v 0.121437 1.680901 -0.730000
v 0.122471 1.684761 -0.720353
v 0.150000 1.652853 -0.748637
v 0.150000 1.662500 -0.744641
v 0.150000 1.670784 -0.738284
v 0.150000 1.677141 -0.730000
v 0.150000 1.681137 -0.720353
v 0.184849 1.657441 -0.748637
v 0.182352 1.666759 -0.744641
v 0.180208 1.674761 -0.738284
v 0.178563 1.680901 -0.730000
v 0.177529 1.684761 -0.720353
v 0.217324 1.670892 -0.748637
v 0.212500 1.679247 -0.744641
v 0.208358 1.686421 -0.738284
v 0.205179 1.691926 -0.730000
v 0.203181 1.695387 -0.720353
v 0.245210 1.692290 -0.748637
v 0.238388 1.699112 -0.744641
v 0.232530 1.704970 -0.738284
v 0.228036 1.709464 -0.730000
v 0.225210 1.712290 -0.720353
v 0.266608 1.720176 -0.748637
v 0.258253 1.725000 -0.744641
v 0.251079 1.729142 -0.738284
v 0.245574 1.732321 -0.730000
v 0.242113 1.734319 -0.720353
v 0.280059 1.752651 -0.748637
v 0.270741 1.755148 -0.744641
v 0.262739 1.757292 -0.738284
v 0.256599 1.758937 -0.730000
v 0.252739 1.759971 -0.720353
v 0.284647 1.787500 -0.748637
v 0.275000 1.787500 -0.744641
v 0.266716 1.787500 -0.738284
v 0.260359 1.787500 -0.730000
v 0.256363 1.787500 -0.720353
v 0.280059 1.822349 -0.748637
v 0.270741 1.819852 -0.744641
v 0.262739 1.817708 -0.738284
v 0.256599 1.816063 -0.730000
v 0.252739 1.815029 -0.720353
v 0.266608 1.854824 -0.748637
v 0.258253 1.850000 -0.744641
v 0.251079 1.845858 -0.738284
v 0.245574 1.842679 -0.730000
v 0.242113 1.840681 -0.720353
v 0.245210 1.882710 -0.748637
v 0.238388 1.875888 -0.744641
v 0.232530 1.870030 -0.738284
v 0.228036 1.865536 -0.730000
v 0.225210 1.862710 -0.720353
v 0.217324 1.904108 -0.748637
v 0.212500 1.895753 -0.744641
v 0.208358 1.888579 -0.738284
v 0.205179 1.883074 -0.730000
v 0.203181 1.879613 -0.720353
v 0.184849 1.917559 -0.748637
v 0.182352 1.908241 -0.744641
v 0.180208 1.900239 -0.738284
v 0.178563 1.894099 -0.730000
v 0.177529 1.890239 -0.720353
v 0.150000 1.922147 -0.748637
v 0.150000 1.912500 -0.744641
v 0.150000 1.904216 -0.738284
v 0.150000 1.897859 -0.730000
v 0.150000 1.893863 -0.720353
v 0.115151 1.917559 -0.748637
v 0.117648 1.908241 -0.744641
v 0.119792 1.900239 -0.738284
v 0.121437 1.894099 -0.730000
v 0.122471 1.890239 -0.720353
v 0.082676 1.904108 -0.748637
v 0.087500 1.895753 -0.744641
v 0.091642 1.888579 -0.738284
v 0.094821 1.883074 -0.730000
v 0.096819 1.879613 -0.720353
v 0.054790 1.882710 -0.748637
v 0.061612 1.875888 -0.744641
v 0.067470 1.870030 -0.738284
v 0.071964 1.865536 -0.730000
v 0.074790 1.862710 -0.720353
v 0.033392 1.854824 -0.748637
v 0.041747 1.850000 -0.744641
v 0.048921 1.845858 -0.738284
v 0.054426 1.842679 -0.730000
v 0.057887 1.840681 -0.720353
v 0.019941 1.822349 -0.748637
v 0.029259 1.819852 -0.744641
v 0.037261 1.817708 -0.738284
v 0.043401 1.816063 -0.730000
v 0.047261 1.815029 -0.720353
v -0.055000 1.787500 -0.750000
v -0.048015 1.734442 -0.750000
v -0.027535 1.685000 -0.750000
v 0.005043 1.642543 -0.750000
v 0.047500 1.609965 -0.750000
v 0.096942 1.589485 -0.750000
v 0.150000 1.582500 -0.750000
v 0.203058 1.589485 -0.750000
v 0.252500 1.609965 -0.750000
v 0.294957 1.642543 -0.750000
v 0.327535 1.685000 -0.750000
v 0.348015 1.734442 -0.750000
v 0.355000 1.787500 -0.750000
v 0.348015 1.840558 -0.750000
v 0.327535 1.890000 -0.750000
v 0.294957 1.932457 -0.750000
v 0.252500 1.965035 -0.750000
v 0.203058 1.985515 -0.750000
v 0.150000 1.992500 -0.750000
v 0.096942 1.985515 -0.750000
v 0.047500 1.965035 -0.750000
v 0.005043 1.932457 -0.750000
v -0.027535 1.890000 -0.750000
v -0.048015 1.840558 -0.750000
v 0.045000 1.787500 0.130000
v 0.045000 1.787500 -0.290000
v 0.048578 1.814676 0.130000
v 0.048578 1.814676 -0.290000
v 0.059067 1.840000 0.130000
v 0.059067 1.840000 -0.290000
v 0.075754 1.861746 0.130000
v 0.075754 1.861746 -0.290000
v 0.097500 1.878433 0.130000
v 0.097500 1.878433 -0.290000
v 0.122824 1.888922 0.130000
v 0.122824 1.888922 -0.290000
v 0.150000 1.892500 0.130000
v 0.150000 1.892500 -0.290000
v 0.177176 1.888922 0.130000
v 0.177176 1.888922 -0.290000
v 0.202500 1.878433 0.130000
v 0.202500 1.878433 -0.290000
v 0.224246 1.861746 0.130000
v 0.224246 1.861746 -0.290000
v 0.240933 1.840000 0.130000
v 0.240933 1.840000 -0.290000
v 0.251422 1.814676 0.130000
v 0.251422 1.814676 -0.290000
v 0.255000 1.787500 0.130000
v 0.255000 1.787500 -0.290000
v 0.251422 1.760324 0.130000
v 0.251422 1.760324 -0.290000
v 0.240933 1.735000 0.130000
v 0.240933 1.735000 -0.290000
v 0.224246 1.713254 0.130000
v 0.224246 1.713254 -0.290000
v 0.202500 1.696567 0.130000
v 0.202500 1.696567 -0.290000
v 0.177176 1.686078 0.130000
v 0.177176 1.686078 -0.290000
v 0.150000 1.682500 0.130000
v 0.150000 1.682500 -0.290000
v 0.122824 1.686078 0.130000
v 0.122824 1.686078 -0.290000
v 0.097500 1.696567 0.130000
v 0.097500 1.696567 -0.290000
v 0.075754 1.713254 0.130000
v 0.075754 1.713254 -0.290000
v 0.059067 1.735000 0.130000
v 0.059067 1.735000 -0.290000
v 0.048578 1.760324 0.130000
v 0.048578 1.760324 -0.290000
v -0.055000 1.787500 -0.850000
v -0.048015 1.734442 -0.850000
v -0.027535 1.685000 -0.850000
v 0.005043 1.642543 -0.850000
v 0.047500 1.609965 -0.850000
v 0.096942 1.589485 -0.850000
v 0.150000 1.582500 -0.850000
v 0.203058 1.589485 -0.850000
v 0.252500 1.609965 -0.850000
v 0.294957 1.642543 -0.850000
v 0.327535 1.685000 -0.850000
v 0.348015 1.734442 -0.850000
v 0.355000 1.787500 -0.850000
v 0.348015 1.840558 -0.850000
v 0.327535 1.890000 -0.850000
v 0.294957 1.932457 -0.850000
v 0.252500 1.965035 -0.850000
v 0.203058 1.985515 -0.850000
v 0.150000 1.992500 -0.850000
v 0.096942 1.985515 -0.850000
v 0.047500 1.965035 -0.850000
v 0.005043 1.932457 -0.850000
v -0.027535 1.890000 -0.850000
v -0.048015 1.840558 -0.850000
vt -0.350855 0.267138 0.000000
vt -0.000000 0.267138 0.000000
vt -0.350855 0.291423 0.000000
vt -0.000000 0.291423 0.000000
vt -0.350855 -0.291423 0.000000
vt -0.000000 -0.291423 0.000000
vt -0.350855 -0.267138 0.000000
vt -0.000000 -0.267138 0.000000
vt -0.350855 -0.242852 0.000000
vt -0.000000 -0.242852 0.000000
vt -0.350855 -0.218567 0.000000
vt -0.000000 -0.218567 0.000000
vt -0.350855 -0.194282 0.000000
vt -0.000000 -0.194282 0.000000
vt -0.350855 -0.169997 0.000000
vt -0.000000 -0.169997 0.000000
vt -0.350855 -0.145711 0.000000
vt -0.000000 -0.145711 0.000000
vt -0.350855 -0.121426 0.000000
vt -0.000000 -0.121426 0.000000
vt -0.350855 -0.097141 0.000000
vt -0.000000 -0.097141 0.000000
vt -0.350855 -0.072856 0.000000
vt -0.000000 -0.072856 0.000000
vt -0.350855 -0.048570 0.000000
vt -0.000000 -0.048570 0.000000
vt -0.350855 -0.024285 0.000000
vt -0.000000 -0.024285 0.000000
vt -0.350855 0.000000 0.000000
vt -0.000000 0.000000 0.000000
vt -0.350855 0.024285 0.000000
vt -0.000000 0.024285 0.000000
vt -0.350855 0.048570 0.000000
vt -0.000000 0.048570 0.000000
vt -0.350855 0.072856 0.000000
vt -0.000000 0.072856 0.000000
vt -0.350855 0.097141 0.000000
vt -0.000000 0.097141 0.000000
vt -0.350855 0.121426 0.000000
vt -0.000000 0.121426 0.000000
vt -0.350855 0.145711 0.000000
vt -0.000000 0.145711 0.000000
vt -0.350855 0.169997 0.000000
vt -0.000000 0.169997 0.000000
vt -0.350855 0.194282 0.000000
vt -0.000000 0.194282 0.000000
vt -0.350855 0.218567 0.000000
vt -0.000000 0.218567 0.000000
vt -0.350855 0.242852 0.000000
vt -0.000000 0.242852 0.000000
vt -0.077782 -0.020842 0.000000
vt 0.077782 -0.020842 0.000000
vt -0.080526 -0.000000 0.000000
vt 0.080526 0.000000 0.000000
vt -0.077782 0.020842 0.000000
vt 0.077782 0.020842 0.000000
vt -0.069737 0.040263 0.000000
vt 0.069737 0.040263 0.000000
vt -0.056940 0.056940 0.000000
vt 0.056940 0.056940 0.000000
vt -0.040263 0.069737 0.000000
vt 0.040263 0.069737 0.000000
vt -0.020842 0.077782 0.000000
vt 0.020842 0.077782 0.000000
vt 0.000000 0.080526 0.000000
vt 0.069737 -0.040263 0.000000
vt -0.069737 -0.040263 0.000000
vt 0.056940 -0.056940 0.000000
vt -0.056940 -0.056940 0.000000
vt 0.040263 -0.069737 0.000000
vt -0.040263 -0.069737 0.000000
vt 0.020842 -0.077782 0.000000
vt -0.020842 -0.077782 0.000000
vt 0.000000 -0.080526 0.000000
vt -0.062832 -0.336117 0.000000
vt -0.073304 -0.336117 0.000000
vt -0.062832 -0.366673 0.000000
vt -0.073304 -0.366673 0.000000
vt -0.062832 0.366673 0.000000
vt -0.073304 0.366673 0.000000
vt -0.062832 0.336117 0.000000
vt -0.073304 0.336117 0.000000
vt -0.062832 0.305561 0.000000
vt -0.073304 0.305561 0.000000
vt -0.062832 0.275005 0.000000
vt -0.073304 0.275005 0.000000
vt -0.062832 0.244449 0.000000
vt -0.073304 0.244449 0.000000
vt -0.062832 0.213893 0.000000
vt -0.073304 0.213893 0.000000
vt -0.062832 0.183337 0.000000
vt -0.073304 0.183337 0.000000
vt -0.062832 0.152781 0.000000
vt -0.073304 0.152781 0.000000
vt -0.062832 0.122224 0.000000
vt -0.073304 0.122224 0.000000
vt -0.062832 0.091668 0.000000
vt -0.073304 0.091668 0.000000
vt -0.062832 0.061112 0.000000
vt -0.073304 0.061112 0.000000
vt -0.062832 0.030556 0.000000
vt -0.073304 0.030556 0.000000
vt -0.062832 0.000000 0.000000
vt -0.073304 0.000000 0.000000
vt -0.062832 -0.030556 0.000000
vt -0.073304 -0.030556 0.000000
vt -0.062832 -0.061112 0.000000
vt -0.073304 -0.061112 0.000000
vt -0.062832 -0.091668 0.000000
vt -0.073304 -0.091668 0.000000
vt -0.062832 -0.122224 0.000000
vt -0.073304 -0.122224 0.000000
vt -0.062832 -0.152781 0.000000
vt -0.073304 -0.152781 0.000000
vt -0.062832 -0.183337 0.000000
vt -0.073304 -0.183337 0.000000
vt -0.062832 -0.213893 0.000000
vt -0.073304 -0.213893 0.000000
vt -0.062832 -0.244449 0.000000
vt -0.073304 -0.244449 0.000000
vt -0.062832 -0.275005 0.000000
vt -0.073304 -0.275005 0.000000
vt -0.062832 -0.305561 0.000000
vt -0.073304 -0.305561 0.000000
vt -0.125664 0.336117 0.000000
vt -0.115192 0.336117 0.000000
vt -0.125664 0.366673 0.000000
vt -0.115192 0.366673 0.000000
vt -0.125664 -0.366673 0.000000
vt -0.115192 -0.366673 0.000000
vt -0.125664 -0.336117 0.000000
vt -0.115192 -0.336117 0.000000
vt -0.125664 -0.305561 0.000000
vt -0.115192 -0.305561 0.000000
vt -0.125664 -0.275005 0.000000
vt -0.115192 -0.275005 0.000000
vt -0.125664 -0.244449 0.000000
vt -0.115192 -0.244449 0.000000
vt -0.125664 -0.213893 0.000000
vt -0.115192 -0.213893 0.000000
vt -0.125664 -0.183337 0.000000
vt -0.115192 -0.183337 0.000000
vt -0.125664 -0.152781 0.000000
vt -0.115192 -0.152781 0.000000
vt -0.125664 -0.122224 0.000000
vt -0.115192 -0.122224 0.000000
vt -0.125664 -0.091668 0.000000
vt -0.115192 -0.091668 0.000000
vt -0.125664 -0.061112 0.000000
vt -0.115192 -0.061112 0.000000
vt -0.125664 -0.030556 0.000000
vt -0.115192 -0.030556 0.000000
vt -0.125664 0.000000 0.000000
vt -0.115192 0.000000 0.000000
vt -0.125664 0.030556 0.000000
vt -0.115192 0.030556 0.000000
vt -0.125664 0.061112 0.000000
vt -0.115192 0.061112 0.000000
vt -0.125664 0.091668 0.000000
vt -0.115192 0.091668 0.000000
vt -0.125664 0.122224 0.000000
vt -0.115192 0.122224 0.000000
vt -0.125664 0.152781 0.000000
vt -0.115192 0.152781 0.000000
vt -0.125664 0.183337 0.000000
vt -0.115192 0.183337 0.000000
vt -0.125664 0.213893 0.000000
vt -0.115192 0.213893 0.000000
vt -0.125664 0.244449 0.000000
vt -0.115192 0.244449 0.000000
vt -0.125664 0.275005 0.000000
vt -0.115192 0.275005 0.000000
vt -0.125664 0.305561 0.000000
vt -0.115192 0.305561 0.000000
vt -0.083776 0.366673 0.000000
vt -0.083776 0.336117 0.000000
vt -0.083776 0.305561 0.000000
vt -0.083776 0.275005 0.000000
vt -0.083776 0.244449 0.000000
vt -0.083776 0.213893 0.000000
vt -0.083776 0.183337 0.000000
vt -0.083776 0.152781 0.000000
vt -0.083776 0.122224 0.000000
vt -0.083776 0.091668 0.000000
vt -0.083776 0.061112 0.000000
vt -0.083776 0.030556 0.000000
vt -0.083776 0.000000 0.000000
vt -0.083776 -0.030556 0.000000
vt -0.083776 -0.061112 0.000000
vt -0.083776 -0.091668 0.000000
vt -0.083776 -0.122224 0.000000
vt -0.083776 -0.152781 0.000000
vt -0.083776 -0.183337 0.000000
vt -0.083776 -0.213893 0.000000
vt -0.083776 -0.244449 0.000000
vt -0.083776 -0.275005 0.000000
vt -0.083776 -0.305561 0.000000
vt -0.083776 -0.336117 0.000000
vt -0.083776 -0.366673 0.000000
vt -0.094248 0.366673 0.000000
vt -0.094248 0.336117 0.000000
vt -0.094248 0.305561 0.000000
vt -0.094248 0.275005 0.000000
vt -0.094248 0.244449 0.000000
vt -0.094248 0.213893 0.000000
vt -0.094248 0.183337 0.000000
vt -0.094248 0.152781 0.000000
vt -0.094248 0.122224 0.000000
vt -0.094248 0.091668 0.000000
vt -0.094248 0.061112 0.000000
vt -0.094248 0.030556 0.000000
vt -0.094248 0.000000 0.000000
vt -0.094248 -0.030556 0.000000
vt -0.094248 -0.061112 0.000000
vt -0.094248 -0.091668 0.000000
vt -0.094248 -0.122224 0.000000
vt -0.094248 -0.152781 0.000000
vt -0.094248 -0.183337 0.000000
vt -0.094248 -0.213893 0.000000
vt -0.094248 -0.244449 0.000000
vt -0.094248 -0.275005 0.000000
vt -0.094248 -0.305561 0.000000
vt -0.094248 -0.336117 0.000000
vt -0.094248 -0.366673 0.000000
vt -0.104720 0.366673 0.000000
vt -0.104720 0.336117 0.000000
vt -0.104720 0.305561 0.000000
vt -0.104720 0.275005 0.000000
vt -0.104720 0.244449 0.000000
vt -0.104720 0.213893 0.000000
vt -0.104720 0.183337 0.000000
vt -0.104720 0.152781 0.000000
vt -0.104720 0.122224 0.000000
vt -0.104720 0.091668 0.000000
vt -0.104720 0.061112 0.000000
vt -0.104720 0.030556 0.000000
vt -0.104720 0.000000 0.000000
vt -0.104720 -0.030556 0.000000
vt -0.104720 -0.061112 0.000000
vt -0.104720 -0.091668 0.000000
vt -0.104720 -0.122224 0.000000
vt -0.104720 -0.152781 0.000000
vt -0.104720 -0.183337 0.000000
vt -0.104720 -0.213893 0.000000
vt -0.104720 -0.244449 0.000000
vt -0.104720 -0.275005 0.000000
vt -0.104720 -0.305561 0.000000
vt -0.104720 -0.336117 0.000000
vt -0.104720 -0.366673 0.000000
vt 0.198015 0.053058 0.000000
vt 0.140059 0.037529 0.000000
vt 0.205000 -0.000000 0.000000
vt 0.145000 0.000000 0.000000
vt 0.198015 -0.053058 0.000000
vt 0.140059 -0.037529 0.000000
vt 0.125574 -0.072500 0.000000
vt 0.125574 0.072500 0.000000
vt 0.177535 0.102500 0.000000
vt 0.102530 0.102530 0.000000
vt 0.144957 0.144957 0.000000
vt 0.072500 0.125574 0.000000
vt 0.102500 0.177535 0.000000
vt 0.037529 0.140059 0.000000
vt 0.053058 0.198015 0.000000
vt -0.000000 0.145000 0.000000
vt -0.000000 0.205000 0.000000
vt -0.053058 0.198015 0.000000
vt -0.037529 0.140059 0.000000
vt -0.102500 0.177535 0.000000
vt -0.072500 0.125574 0.000000
vt -0.144957 0.144957 0.000000
vt -0.102530 0.102530 0.000000
vt -0.177535 0.102500 0.000000
vt -0.125574 0.072500 0.000000
vt -0.198015 0.053058 0.000000
vt -0.140059 0.037529 0.000000
vt -0.205000 0.000000 0.000000
vt -0.145000 0.000000 0.000000
vt -0.140059 -0.037529 0.000000
vt -0.198015 -0.053058 0.000000
vt -0.125574 -0.072500 0.000000
vt -0.177535 -0.102500 0.000000
vt -0.102530 -0.102530 0.000000
vt -0.144957 -0.144957 0.000000
vt -0.072500 -0.125574 0.000000
vt -0.102500 -0.177535 0.000000
vt -0.037529 -0.140059 0.000000
vt -0.053058 -0.198015 0.000000
vt -0.000000 -0.145000 0.000000
vt -0.000000 -0.205000 0.000000
vt 0.053058 -0.198015 0.000000
vt 0.037529 -0.140059 0.000000
vt 0.102500 -0.177535 0.000000
vt 0.072500 -0.125574 0.000000
vt 0.144957 -0.144957 0.000000
vt 0.102530 -0.102530 0.000000
vt 0.177535 -0.102500 0.000000
vt -1.300000 0.302378 0.000000
vt -0.880000 0.302378 0.000000
vt -1.300000 0.329867 0.000000
vt -0.880000 0.329867 0.000000
vt -1.300000 -0.329867 0.000000
vt -0.880000 -0.329867 0.000000
vt -1.300000 -0.302378 0.000000
vt -0.880000 -0.302378 0.000000
vt -1.300000 -0.274889 0.000000
vt -0.880000 -0.274889 0.000000
vt -1.300000 -0.247400 0.000000
vt -0.880000 -0.247400 0.000000
vt -1.300000 -0.219911 0.000000
vt -0.880000 -0.219911 0.000000
vt -1.300000 -0.192423 0.000000
vt -0.880000 -0.192423 0.000000
vt -1.300000 -0.164934 0.000000
vt -0.880000 -0.164934 0.000000
vt -1.300000 -0.137445 0.000000
vt -0.880000 -0.137445 0.000000
vt -1.300000 -0.109956 0.000000
vt -0.880000 -0.109956 0.000000
vt -1.300000 -0.082467 0.000000
vt -0.880000 -0.082467 0.000000
vt -1.300000 -0.054978 0.000000
vt -0.880000 -0.054978 0.000000
vt -1.300000 -0.027489 0.000000
vt -0.880000 -0.027489 0.000000
vt -1.300000 0.000000 0.000000
vt -0.880000 0.000000 0.000000
vt -1.300000 0.027489 0.000000
vt -0.880000 0.027489 0.000000
vt -1.300000 0.054978 0.000000
vt -0.880000 0.054978 0.000000
vt -1.300000 0.082467 0.000000
vt -0.880000 0.082467 0.000000
vt -1.300000 0.109956 0.000000
vt -0.880000 0.109956 0.000000
vt -1.300000 0.137445 0.000000
vt -0.880000 0.137445 0.000000
vt -1.300000 0.164934 0.000000
vt -0.880000 0.164934 0.000000
vt -1.300000 0.192423 0.000000
vt -0.880000 0.192423 0.000000
vt -1.300000 0.219911 0.000000
vt -0.880000 0.219911 0.000000
vt -1.300000 0.247400 0.000000
vt -0.880000 0.247400 0.000000
vt -1.300000 0.274889 0.000000
vt -0.880000 0.274889 0.000000
vt -0.040000 -0.302378 0.000000
vt -0.460000 -0.302378 0.000000
vt -0.040000 -0.329867 0.000000
vt -0.460000 -0.329867 0.000000
vt -0.040000 0.329867 0.000000
vt -0.460000 0.329867 0.000000
vt -0.040000 0.302378 0.000000
vt -0.460000 0.302378 0.000000
vt -0.040000 0.274889 0.000000
vt -0.460000 0.274889 0.000000
vt -0.040000 0.247400 0.000000
vt -0.460000 0.247400 0.000000
vt -0.040000 0.219911 0.000000
vt -0.460000 0.219911 0.000000
vt -0.040000 0.192423 0.000000
vt -0.460000 0.192423 0.000000
vt -0.040000 0.164934 0.000000
vt -0.460000 0.164934 0.000000
vt -0.040000 0.137445 0.000000
vt -0.460000 0.137445 0.000000
vt -0.040000 0.109956 0.000000
vt -0.460000 0.109956 0.000000
vt -0.040000 0.082467 0.000000
vt -0.460000 0.082467 0.000000
vt -0.040000 0.054978 0.000000
vt -0.460000 0.054978 0.000000
vt -0.040000 0.027489 0.000000
vt -0.460000 0.027489 0.000000
vt -0.040000 0.000000 0.000000
vt -0.460000 0.000000 0.000000
vt -0.040000 -0.027489 0.000000
vt -0.460000 -0.027489 0.000000
vt -0.040000 -0.054978 0.000000
vt -0.460000 -0.054978 0.000000
vt -0.040000 -0.082467 0.000000
vt -0.460000 -0.082467 0.000000
vt -0.040000 -0.109956 0.000000
vt -0.460000 -0.109956 0.000000
vt -0.040000 -0.137445 0.000000
vt -0.460000 -0.137445 0.000000
vt -0.040000 -0.164934 0.000000
vt -0.460000 -0.164934 0.000000
vt -0.040000 -0.192423 0.000000
vt -0.460000 -0.192423 0.000000
vt -0.040000 -0.219911 0.000000
vt -0.460000 -0.219911 0.000000
vt -0.040000 -0.247400 0.000000
vt -0.460000 -0.247400 0.000000
vt -0.040000 -0.274889 0.000000
vt -0.460000 -0.274889 0.000000
vt -0.100000 0.590358 0.000000
vt -0.000000 0.590358 0.000000
vt -0.100000 0.644026 0.000000
vt -0.000000 0.644026 0.000000
vt -0.100000 -0.644026 0.000000
vt -0.000000 -0.644026 0.000000
vt -0.100000 -0.590358 0.000000
vt -0.000000 -0.590358 0.000000
vt -0.100000 -0.536689 0.000000
vt -0.000000 -0.536689 0.000000
vt -0.100000 -0.483020 0.000000
vt -0.000000 -0.483020 0.000000
vt -0.100000 -0.429351 0.000000
vt -0.000000 -0.429351 0.000000
vt -0.100000 -0.375682 0.000000
vt -0.000000 -0.375682 0.000000
vt -0.100000 -0.322013 0.000000
vt -0.000000 -0.322013 0.000000
vt -0.100000 -0.268344 0.000000
vt -0.000000 -0.268344 0.000000
vt -0.100000 -0.214675 0.000000
vt -0.000000 -0.214675 0.000000
vt -0.100000 -0.161007 0.000000
vt -0.000000 -0.161007 0.000000
vt -0.100000 -0.107338 0.000000
vt -0.000000 -0.107338 0.000000
vt -0.100000 -0.053669 0.000000
vt -0.000000 -0.053669 0.000000
vt -0.100000 0.000000 0.000000
vt -0.000000 0.000000 0.000000
vt -0.100000 0.053669 0.000000
vt -0.000000 0.053669 0.000000
vt -0.100000 0.107338 0.000000
vt -0.000000 0.107338 0.000000
vt -0.100000 0.161007 0.000000
vt -0.000000 0.161007 0.000000
vt -0.100000 0.214675 0.000000
vt -0.000000 0.214675 0.000000
vt -0.100000 0.268344 0.000000
vt -0.000000 0.268344 0.000000
vt -0.100000 0.322013 0.000000
vt -0.000000 0.322013 0.000000
vt -0.100000 0.375682 0.000000
vt 0.000000 0.375682 0.000000
vt -0.100000 0.429351 0.000000
vt -0.000000 0.429351 0.000000
vt -0.100000 0.483020 0.000000
vt 0.000000 0.483020 0.000000
vt -0.100000 0.536689 0.000000
vt -0.000000 0.536689 0.000000
vt -0.198015 -0.053058 0.000000
vt 0.198015 -0.053058 0.000000
vt -0.205000 -0.000000 0.000000
vt 0.205000 0.000000 0.000000
vt -0.198015 0.053058 0.000000
vt 0.198015 0.053058 0.000000
vt -0.177535 0.102500 0.000000
vt 0.177535 0.102500 0.000000
vt -0.144957 0.144957 0.000000
vt 0.144957 0.144957 0.000000
vt -0.102500 0.177535 0.000000
vt 0.102500 0.177535 0.000000
vt -0.053058 0.198015 0.000000
vt 0.053058 0.198015 0.000000
vt 0.000000 0.205000 0.000000
vt 0.177535 -0.102500 0.000000
vt -0.177535 -0.102500 0.000000
vt 0.144957 -0.144957 0.000000
vt -0.144957 -0.144957 0.000000
vt 0.102500 -0.177535 0.000000
vt -0.102500 -0.177535 0.000000
vt 0.053058 -0.198015 0.000000
vt -0.053058 -0.198015 0.000000
vt 0.000000 -0.205000 0.000000
vn -0.963573 0.258189 0.069756
vn -0.963573 0.258189 0.069756
vn -0.997564 0.000000 0.069756
vn -0.997564 0.000000 0.069756
vn -0.963573 -0.258189 0.069756
vn -0.963573 -0.258189 0.069756
vn -0.863916 -0.498782 0.069756
vn -0.863916 -0.498782 0.069756
vn -0.705384 -0.705384 0.069756
vn -0.705384 -0.705384 0.069756
vn -0.498782 -0.863916 0.069756
vn -0.498782 -0.863916 0.069756
vn -0.258189 -0.963573 0.069756
vn -0.258189 -0.963573 0.069756
vn 0.000000 -0.997564 0.069756
vn 0.000000 -0.997564 0.069756
vn 0.258189 -0.963573 0.069756
vn 0.258189 -0.963573 0.069756
vn 0.498782 -0.863916 0.069756
vn 0.498782 -0.863916 0.069756
vn 0.705384 -0.705384 0.069756
vn 0.705384 -0.705384 0.069756
vn 0.863916 -0.498782 0.069756
vn 0.863916 -0.498782 0.069756
vn 0.963573 -0.258189 0.069756
vn 0.963573 -0.258189 0.069756
vn 0.997564 -0.000000 0.069756
vn 0.997564 -0.000000 0.069756
vn 0.963573 0.258189 0.069756
vn 0.963573 0.258189 0.069756
vn 0.863916 0.498782 0.069756
vn 0.863916 0.498782 0.069756
vn 0.705384 0.705384 0.069756
vn 0.705384 0.705384 0.069756
vn 0.498782 0.863916 0.069756
vn 0.498782 0.863916 0.069756
vn 0.258189 0.963573 0.069756
vn 0.258189 0.963573 0.069756
vn 0.000000 0.997564 0.069756
vn 0.000000 0.997564 0.069756
vn -0.258189 0.963573 0.069756
vn -0.258189 0.963573 0.069756
vn -0.498782 0.863916 0.069756
vn -0.498782 0.863916 0.069756
vn -0.705384 0.705384 0.069756
vn -0.705384 0.705384 0.069756
vn -0.863916 0.498782 0.069756
vn -0.863916 0.498782 0.069756
vn 0.000000 0.000000 1.000000
vn 0.000000 0.000000 1.000000
vn 0.000000 0.000000 1.000000
vn 0.000000 0.000000 1.000000
vn 0.000000 0.000000 1.000000
vn 0.000000 0.000000 1.000000
vn 0.000000 0.000000 1.000000
vn 0.000000 0.000000 1.000000
vn 0.000000 0.000000 1.000000
vn 0.000000 0.000000 1.000000
vn 0.000000 0.000000 1.000000
vn 0.000000 0.000000 1.000000
vn 0.000000 0.000000 1.000000
vn 0.000000 0.000000 1.000000
vn 0.000000 0.000000 1.000000
vn 0.000000 0.000000 1.000000
vn 0.000000 0.000000 1.000000
vn 0.000000 0.000000 1.000000
vn 0.000000 0.000000 1.000000
vn 0.000000 0.000000 1.000000
vn 0.000000 0.000000 1.000000
vn 0.000000 0.000000 1.000000
vn 0.000000 0.000000 1.000000
vn 0.000000 0.000000 1.000000
vn 0.000000 0.000000 1.000000
vn -0.250000 -0.066987 0.965926
vn 0.000000 0.000000 1.000000
vn -0.258819 -0.000000 0.965926
vn 0.000000 -0.000000 1.000000
vn -0.250000 0.066987 0.965926
vn 0.000000 -0.000000 1.000000
vn -0.224144 0.129410 0.965926
vn 0.000000 -0.000000 1.000000
vn -0.183013 0.183013 0.965926
vn 0.000000 -0.000000 1.000000
vn -0.129410 0.224144 0.965926
vn 0.000000 -0.000000 1.000000
vn -0.066987 0.250000 0.965926
vn -0.000000 -0.000000 1.000000
vn 0.000000 0.258819 0.965926
vn -0.000000 -0.000000 1.000000
vn 0.066987 0.250000 0.965926
vn -0.000000 -0.000000 1.000000
vn 0.129410 0.224144 0.965926
vn -0.000000 -0.000000 1.000000
vn 0.183013 0.183013 0.965926
vn -0.000000 -0.000000 1.000000
vn 0.224144 0.129410 0.965926
vn -0.000000 -0.000000 1.000000
vn 0.250000 0.066987 0.965926
vn -0.000000 -0.000000 1.000000
vn 0.258819 0.000000 0.965926
vn 0.000000 -0.000000 1.000000
vn 0.250000 -0.066987 0.965926
vn -0.000000 0.000000 1.000000
vn 0.224144 -0.129410 0.965926
vn -0.000000 0.000000 1.000000
vn 0.183013 -0.183013 0.965926
vn -0.000000 0.000000 1.000000
vn 0.129410 -0.224144 0.965926
vn -0.000000 0.000000 1.000000
vn 0.066987 -0.250000 0.965926
vn -0.000000 0.000000 1.000000
vn 0.000000 -0.258819 0.965926
vn 0.000000 0.000000 1.000000
vn -0.066987 -0.250000 0.965926
vn 0.000000 0.000000 1.000000
vn -0.129410 -0.224144 0.965926
vn 0.000000 0.000000 1.000000
vn -0.183013 -0.183013 0.965926
vn 0.000000 0.000000 1.000000
vn -0.224144 -0.129410 0.965926
vn -0.965926 0.258819 0.000000
vn -0.933013 0.250000 0.258819
vn -1.000000 0.000000 0.000000
vn -0.965926 0.000000 0.258819
vn -0.965926 -0.258819 0.000000
vn -0.933013 -0.250000 0.258819
vn -0.866025 -0.500000 0.000000
vn -0.836516 -0.482963 0.258819
vn -0.707107 -0.707107 0.000000
vn -0.683013 -0.683013 0.258819
vn -0.500000 -0.866025 0.000000
vn -0.482963 -0.836516 0.258819
vn -0.258819 -0.965926 0.000000
vn -0.250000 -0.933013 0.258819
vn 0.000000 -1.000000 0.000000
vn 0.000000 -0.965926 0.258819
vn 0.258819 -0.965926 0.000000
vn 0.250000 -0.933013 0.258819
vn 0.500000 -0.866025 0.000000
vn 0.482963 -0.836516 0.258819
vn 0.707107 -0.707107 0.000000
vn 0.683013 -0.683013 0.258819
vn 0.866025 -0.500000 0.000000
vn 0.836516 -0.482963 0.258819
vn 0.965926 -0.258819 0.000000
vn 0.933013 -0.250000 0.258819
vn 1.000000 0.000000 0.000000
vn 0.965926 0.000000 0.258819
vn 0.965926 0.258819 0.000000
vn 0.933013 0.250000 0.258819
vn 0.866025 0.500000 0.000000
vn 0.836516 0.482963 0.258819
vn 0.707107 0.707107 0.000000
vn 0.683013 0.683013 0.258819
vn 0.500000 0.866025 0.000000
vn 0.482963 0.836516 0.258819
vn 0.258819 0.965926 0.000000
vn 0.250000 0.933013 0.258819
vn 0.000000 1.000000 0.000000
vn 0.000000 0.965926 0.258819
vn -0.258819 0.965926 0.000000
vn -0.250000 0.933013 0.258819
vn -0.500000 0.866025 0.000000
vn -0.482963 0.836516 0.258819
vn -0.707107 0.707107 0.000000
vn -0.683013 0.683013 0.258819
vn -0.866025 0.500000 0.000000
vn -0.836516 0.482963 0.258819
vn -0.500000 0.000000 0.866025
vn -0.482963 0.129410 0.866025
vn -0.433013 0.250000 0.866025
vn -0.353553 0.353553 0.866025
vn -0.250000 0.433013 0.866025
vn -0.129410 0.482963 0.866025
vn 0.000000 0.500000 0.866025
vn 0.129410 0.482963 0.866025
vn 0.250000 0.433013 0.866025
vn 0.353553 0.353553 0.866025
vn 0.433013 0.250000 0.866025
vn 0.482963 0.129410 0.866025
vn 0.500000 0.000000 0.866025
vn 0.482963 -0.129410 0.866025
vn 0.433013 -0.250000 0.866025
vn 0.353553 -0.353553 0.866025
vn 0.250000 -0.433013 0.866025
vn 0.129410 -0.482963 0.866025
vn 0.000000 -0.500000 0.866025
vn -0.129410 -0.482963 0.866025
vn -0.250000 -0.433013 0.866025
vn -0.353553 -0.353553 0.866025
vn -0.433013 -0.250000 0.866025
vn -0.482963 -0.129410 0.866025
vn -0.707107 0.000000 0.707107
vn -0.683013 0.183013 0.707107
vn -0.612372 0.353553 0.707107
vn -0.500000 0.500000 0.707107
vn -0.353553 0.612372 0.707107
vn -0.183013 0.683013 0.707107
vn 0.000000 0.707107 0.707107
vn 0.183013 0.683013 0.707107
vn 0.353553 0.612372 0.707107
vn 0.500000 0.500000 0.707107
vn 0.612372 0.353553 0.707107
vn 0.683013 0.183013 0.707107
vn 0.707107 0.000000 0.707107
vn 0.683013 -0.183013 0.707107
vn 0.612372 -0.353553 0.707107
vn 0.500000 -0.500000 0.707107
vn 0.353553 -0.612372 0.707107
vn 0.183013 -0.683013 0.707107
vn 0.000000 -0.707107 0.707107
vn -0.183013 -0.683013 0.707107
vn -0.353553 -0.612372 0.707107
vn -0.500000 -0.500000 0.707107
vn -0.612372 -0.353553 0.707107
vn -0.683013 -0.183013 0.707107
vn -0.866025 0.000000 0.500000
vn -0.836516 0.224144 0.500000
vn -0.750000 0.433013 0.500000
vn -0.612372 0.612372 0.500000
vn -0.433013 0.750000 0.500000
vn -0.224144 0.836516 0.500000
vn 0.000000 0.866025 0.500000
vn 0.224144 0.836516 0.500000
vn 0.433013 0.750000 0.500000
vn 0.612372 0.612372 0.500000
vn 0.750000 0.433013 0.500000
vn 0.836516 0.224144 0.500000
vn 0.866025 0.000000 0.500000
vn 0.836516 -0.224144 0.500000
vn 0.750000 -0.433013 0.500000
vn 0.612372 -0.612372 0.500000
vn 0.433013 -0.750000 0.500000
vn 0.224144 -0.836516 0.500000
vn 0.000000 -0.866025 0.500000
vn -0.224144 -0.836516 0.500000
vn -0.433013 -0.750000 0.500000
vn -0.612372 -0.612372 0.500000
vn -0.750000 -0.433013 0.500000
vn -0.836516 -0.224144 0.500000
vn -0.000000 -0.000000 1.000000
vn -0.000000 -0.000000 1.000000
vn -0.000000 -0.000000 1.000000
vn -0.000000 -0.000000 1.000000
vn -0.000000 -0.000000 1.000000
vn -0.000000 -0.000000 1.000000
vn -0.000000 -0.000000 1.000000
vn -0.000000 -0.000000 1.000000
vn -0.000000 -0.000000 1.000000
vn -0.000000 -0.000000 1.000000
vn -0.000000 -0.000000 1.000000
vn -0.000000 -0.000000 1.000000
vn -0.000000 -0.000000 1.000000
vn -0.000000 -0.000000 1.000000
vn -0.000000 -0.000000 1.000000
vn -0.000000 -0.000000 1.000000
vn -0.000000 -0.000000 1.000000
vn -0.000000 -0.000000 1.000000
vn -0.000000 -0.000000 1.000000
vn -0.000000 -0.000000 1.000000
vn -0.000000 -0.000000 1.000000
vn -0.000000 -0.000000 1.000000
vn -0.000000 -0.000000 1.000000
vn -0.000000 -0.000000 1.000000
vn -0.965926 0.258819 -0.000000
vn -0.965926 0.258819 -0.000000
vn -1.000000 0.000000 -0.000000
vn -1.000000 0.000000 -0.000000
vn -0.965926 -0.258819 0.000000
vn -0.965926 -0.258819 0.000000
vn -0.866025 -0.500000 0.000000
vn -0.866025 -0.500000 0.000000
vn -0.707107 -0.707107 0.000000
vn -0.707107 -0.707107 0.000000
vn -0.500000 -0.866025 0.000000
vn -0.500000 -0.866025 0.000000
vn -0.258819 -0.965926 0.000000
vn -0.258819 -0.965926 0.000000
vn 0.000000 -1.000000 -0.000000
vn 0.000000 -1.000000 -0.000000
vn 0.258819 -0.965926 -0.000000
vn 0.258819 -0.965926 -0.000000
vn 0.500000 -0.866025 -0.000000
vn 0.500000 -0.866025 -0.000000
vn 0.707107 -0.707107 -0.000000
vn 0.707107 -0.707107 -0.000000
vn 0.866025 -0.500000 -0.000000
vn 0.866025 -0.500000 -0.000000
vn 0.965926 -0.258819 -0.000000
vn 0.965926 -0.258819 -0.000000
vn 1.000000 -0.000000 -0.000000
vn 1.000000 -0.000000 -0.000000
vn 0.965926 0.258819 -0.000000
vn 0.965926 0.258819 -0.000000
vn 0.866025 0.500000 -0.000000
vn 0.866025 0.500000 -0.000000
vn 0.707107 0.707107 -0.000000
vn 0.707107 0.707107 -0.000000
vn 0.500000 0.866025 -0.000000
vn 0.500000 0.866025 -0.000000
vn 0.258819 0.965926 -0.000000
vn 0.258819 0.965926 -0.000000
vn 0.000000 1.000000 -0.000000
vn 0.000000 1.000000 -0.000000
vn -0.258819 0.965926 -0.000000
vn -0.258819 0.965926 -0.000000
vn -0.500000 0.866025 -0.000000
vn -0.500000 0.866025 -0.000000
vn -0.707107 0.707107 -0.000000
vn -0.707107 0.707107 -0.000000
vn -0.866025 0.500000 -0.000000
vn -0.866025 0.500000 -0.000000
vn -0.965926 -0.258819 0.000000
vn -1.000000 -0.000000 0.000000
vn -0.965926 0.258819 -0.000000
vn -0.866025 0.500000 -0.000000
vn -0.707107 0.707107 -0.000000
vn -0.500000 0.866025 -0.000000
vn -0.258819 0.965926 -0.000000
vn 0.000000 1.000000 -0.000000
vn 0.258819 0.965926 -0.000000
vn 0.500000 0.866025 -0.000000
vn 0.707107 0.707107 -0.000000
vn 0.866025 0.500000 -0.000000
vn 0.965926 0.258819 -0.000000
vn 1.000000 -0.000000 -0.000000
vn 0.965926 -0.258819 -0.000000
vn 0.866025 -0.500000 -0.000000
vn 0.707107 -0.707107 -0.000000
vn 0.500000 -0.866025 -0.000000
vn 0.258819 -0.965926 -0.000000
vn 0.000000 -1.000000 -0.000000
vn -0.258819 -0.965926 0.000000
vn -0.500000 -0.866025 0.000000
vn -0.707107 -0.707107 0.000000
vn -0.866025 -0.500000 0.000000
vn -0.965926 -0.258819 -0.000000
vn -0.965926 -0.258819 -0.000000
vn -1.000000 -0.000000 -0.000000
vn -1.000000 -0.000000 -0.000000
vn -0.965926 0.258819 -0.000000
vn -0.965926 0.258819 -0.000000
vn -0.866025 0.500000 -0.000000
vn -0.866025 0.500000 -0.000000
vn -0.707107 0.707107 -0.000000
vn -0.707107 0.707107 -0.000000
vn -0.500000 0.866025 -0.000000
vn -0.500000 0.866025 -0.000000
vn -0.258819 0.965926 -0.000000
vn -0.258819 0.965926 -0.000000
vn 0.000000 1.000000 0.000000
vn 0.000000 1.000000 0.000000
vn 0.258819 0.965926 0.000000
vn 0.258819 0.965926 0.000000
vn 0.500000 0.866025 0.000000
vn 0.500000 0.866025 0.000000
vn 0.707107 0.707107 0.000000
vn 0.707107 0.707107 0.000000
vn 0.866025 0.500000 0.000000
vn 0.866025 0.500000 0.000000
vn 0.965926 0.258819 0.000000
vn 0.965926 0.258819 0.000000
vn 1.000000 0.000000 0.000000
vn 1.000000 0.000000 0.000000
vn 0.965926 -0.258819 -0.000000
vn 0.965926 -0.258819 -0.000000
vn 0.866025 -0.500000 -0.000000
vn 0.866025 -0.500000 -0.000000
vn 0.707107 -0.707107 -0.000000
vn 0.707107 -0.707107 -0.000000
vn 0.500000 -0.866025 -0.000000
vn 0.500000 -0.866025 -0.000000
vn 0.258819 -0.965926 -0.000000
vn 0.258819 -0.965926 -0.000000
vn 0.000000 -1.000000 -0.000000
vn 0.000000 -1.000000 -0.000000
vn -0.258819 -0.965926 -0.000000
vn -0.258819 -0.965926 -0.000000
vn -0.500000 -0.866025 -0.000000
vn -0.500000 -0.866025 -0.000000
vn -0.707107 -0.707107 -0.000000
vn -0.707107 -0.707107 -0.000000
vn -0.866025 -0.500000 -0.000000
vn -0.866025 -0.500000 -0.000000
vn 0.000000 0.000000 -1.000000
vn 0.000000 0.000000 -1.000000
vn 0.000000 0.000000 -1.000000
vn 0.000000 0.000000 -1.000000
vn 0.000000 0.000000 -1.000000
vn 0.000000 0.000000 -1.000000
vn 0.000000 0.000000 -1.000000
vn 0.000000 0.000000 -1.000000
vn 0.000000 0.000000 -1.000000
vn 0.000000 0.000000 -1.000000
vn 0.000000 0.000000 -1.000000
vn 0.000000 0.000000 -1.000000
vn 0.000000 0.000000 -1.000000
vn 0.000000 0.000000 -1.000000
vn 0.000000 0.000000 -1.000000
vn 0.000000 0.000000 -1.000000
vn 0.000000 0.000000 -1.000000
vn 0.000000 0.000000 -1.000000
vn 0.000000 0.000000 -1.000000
vn 0.000000 0.000000 -1.000000
vn 0.000000 0.000000 -1.000000
vn 0.000000 0.000000 -1.000000
vn 0.000000 0.000000 -1.000000
vn 0.000000 0.000000 -1.000000
f 292/620/601 338/621/602 291/622/603
f 291/622/603 338/621/602 315/623/604
f 291/624/603 315/625/604 314/626/605
f 314/626/605 315/625/604 316/627/606
f 314/626/605 316/627/606 313/628/607
f 313/628/607 316/627/606 317/629/608
f 313/628/607 317/629/608 312/630/609
f 312/630/609 317/629/608 318/631/610
f 312/630/609 318/631/610 311/632/611
f 311/632/611 318/631/610 319/633/612
f 311/632/611 319/633/612 310/634/613
f 310/634/613 319/633/612 320/635/614
f 310/634/613 320/635/614 309/636/615
f 309/636/615 320/635/614 321/637/616
f 309/636/615 321/637/616 308/638/617
f 308/638/617 321/637/616 322/639/618
f 308/638/617 322/639/618 307/640/619
f 307/640/619 322/639/618 323/641/620
f 307/640/619 323/641/620 306/642/621
f 306/642/621 323/641/620 324/643/622
f 306/642/621 324/643/622 305/644/623
f 305/644/623 324/643/622 325/645/624
f 305/644/623 325/645/624 304/646/625
f 304/646/625 325/645/624 326/647/626
f 304/646/625 326/647/626 303/648/627
f 303/648/627 326/647/626 327/649/628
f 303/648/627 327/649/628 302/650/629
f 302/650/629 327/649/628 328/651/630
f 302/650/629 328/651/630 301/652/631
f 301/652/631 328/651/630 329/653/632
f 301/652/631 329/653/632 300/654/633
f 300/654/633 329/653/632 330/655/634
f 300/654/633 330/655/634 299/656/635
f 299/656/635 330/655/634 331/657/636
f 299/656/635 331/657/636 298/658/637
f 298/658/637 331/657/636 332/659/638
f 298/658/637 332/659/638 297/660/639
f 297/660/639 332/659/638 333/661/640
f 297/660/639 333/661/640 296/662/641
f 296/662/641 333/661/640 334/663/642
f 296/662/641 334/663/642 295/664/643
f 295/664/643 334/663/642 335/665/644
f 295/664/643 335/665/644 294/666/645
f 294/666/645 335/665/644 336/667/646
f 294/666/645 336/667/646 293/668/647
f 293/668/647 336/667/646 337/669/648
f 293/668/647 337/669/648 292/620/601
f 292/620/601 337/669/648 338/621/602
f 314/670/649 304/671/650 291/672/651
f 291/672/651 304/671/650 303/673/652
f 291/672/651 303/673/652 292/674/653
f 292/674/653 303/673/652 302/675/654
f 292/674/653 302/675/654 293/676/655
f 293/676/655 302/675/654 301/677/656
f 293/676/655 301/677/656 294/678/657
f 294/678/657 301/677/656 300/679/658
f 294/678/657 300/679/658 295/680/659
f 295/680/659 300/679/658 299/681/660
f 295/680/659 299/681/660 296/682/661
f 296/682/661 299/681/660 298/683/662
f 296/682/661 298/683/662 297/684/663
f 304/671/650 314/670/649 305/685/664
f 305/685/664 314/670/649 313/686/665
f 305/685/664 313/686/665 306/687/666
f 306/687/666 313/686/665 312/688/667
f 306/687/666 312/688/667 307/689/668
f 307/689/668 312/688/667 311/690/669
f 307/689/668 311/690/669 308/691/670
f 308/691/670 311/690/669 310/692/671
f 308/691/670 310/692/671 309/693/672
f 340/694/673 392/695/674 339/696/675
f 339/696/675 392/695/674 387/697/676
f 339/698/675 387/699/676 362/700/677
f 362/700/677 387/699/676 502/701/678
f 362/700/677 502/701/678 361/702/679
f 361/702/679 502/701/678 497/703/680
f 361/702/679 497/703/680 360/704/681
f 360/704/681 497/703/680 492/705/682
f 360/704/681 492/705/682 359/706/683
f 359/706/683 492/705/682 487/707/684
f 359/706/683 487/707/684 358/708/685
f 358/708/685 487/707/684 482/709/686
f 358/708/685 482/709/686 357/710/687
f 357/710/687 482/709/686 477/711/688
f 357/710/687 477/711/688 356/712/689
f 356/712/689 477/711/688 472/713/690
f 356/712/689 472/713/690 355/714/691
f 355/714/691 472/713/690 467/715/692
f 355/714/691 467/715/692 354/716/693
f 354/716/693 467/715/692 462/717/694
f 354/716/693 462/717/694 353/718/695
f 353/718/695 462/717/694 457/719/696
f 353/718/695 457/719/696 352/720/697
f 352/720/697 457/719/696 452/721/698
f 352/720/697 452/721/698 351/722/699
f 351/722/699 452/721/698 447/723/700
f 351/722/699 447/723/700 350/724/701
f 350/724/701 447/723/700 442/725/702
f 350/724/701 442/725/702 349/726/703
f 349/726/703 442/725/702 437/727/704
f 349/726/703 437/727/704 348/728/705
f 348/728/705 437/727/704 432/729/706
f 348/728/705 432/729/706 347/730/707
f 347/730/707 432/729/706 427/731/708
f 347/730/707 427/731/708 346/732/709
f 346/732/709 427/731/708 422/733/710
f 346/732/709 422/733/710 345/734/711
f 345/734/711 422/733/710 417/735/712
f 345/734/711 417/735/712 344/736/713
f 344/736/713 417/735/712 412/737/714
f 344/736/713 412/737/714 343/738/715
f 343/738/715 412/737/714 407/739/716
f 343/738/715 407/739/716 342/740/717
f 342/740/717 407/739/716 402/741/718
f 342/740/717 402/741/718 341/742/719
f 341/742/719 402/741/718 397/743/720
f 341/742/719 397/743/720 340/694/673
f 340/694/673 397/743/720 392/695/674
f 364/744/721 506/745/722 363/746/723
f 363/746/723 506/745/722 391/747/724
f 363/748/723 391/749/724 386/750/725
f 386/750/725 391/749/724 396/751/726
f 386/750/725 396/751/726 385/752/727
f 385/752/727 396/751/726 401/753/728
f 385/752/727 401/753/728 384/754/729
f 384/754/729 401/753/728 406/755/730
f 384/754/729 406/755/730 383/756/731
f 383/756/731 406/755/730 411/757/732
f 383/756/731 411/757/732 382/758/733
f 382/758/733 411/757/732 416/759/734
f 382/758/733 416/759/734 381/760/735
f 381/760/735 416/759/734 421/761/736
f 381/760/735 421/761/736 380/762/737
f 380/762/737 421/761/736 426/763/738
f 380/762/737 426/763/738 379/764/739
f 379/764/739 426/763/738 431/765/740
f 379/764/739 431/765/740 378/766/741
f 378/766/741 431/765/740 436/767/742
f 378/766/741 436/767/742 377/768/743
f 377/768/743 436/767/742 441/769/744
f 377/768/743 441/769/744 376/770/745
f 376/770/745 441/769/744 446/771/746
f 376/770/745 446/771/746 375/772/747
f 375/772/747 446/771/746 451/773/748
f 375/772/747 451/773/748 374/774/749
f 374/774/749 451/773/748 456/775/750
f 374/774/749 456/775/750 373/776/751
f 373/776/751 456/775/750 461/777/752
f 373/776/751 461/777/752 372/778/753
f 372/778/753 461/777/752 466/779/754
f 372/778/753 466/779/754 371/780/755
f 371/780/755 466/779/754 471/781/756
f 371/780/755 471/781/756 370/782/757
f 370/782/757 471/781/756 476/783/758
f 370/782/757 476/783/758 369/784/759
f 369/784/759 476/783/758 481/785/760
f 369/784/759 481/785/760 368/786/761
f 368/786/761 481/785/760 486/787/762
f 368/786/761 486/787/762 367/788/763
f 367/788/763 486/787/762 491/789/764
f 367/788/763 491/789/764 366/790/765
f 366/790/765 491/789/764 496/791/766
f 366/790/765 496/791/766 365/792/767
f 365/792/767 496/791/766 501/793/768
f 365/792/767 501/793/768 364/744/721
f 364/744/721 501/793/768 506/745/722
f 387/699/676 388/794/769 502/701/678
f 502/701/678 388/794/769 503/795/770
f 502/701/678 503/795/770 497/703/680
f 497/703/680 503/795/770 498/796/771
f 497/703/680 498/796/771 492/705/682
f 492/705/682 498/796/771 493/797/772
f 492/705/682 493/797/772 487/707/684
f 487/707/684 493/797/772 488/798/773
f 487/707/684 488/798/773 482/709/686
f 482/709/686 488/798/773 483/799/774
f 482/709/686 483/799/774 477/711/688
f 477/711/688 483/799/774 478/800/775
f 477/711/688 478/800/775 472/713/690
f 472/713/690 478/800/775 473/801/776
f 472/713/690 473/801/776 467/715/692
f 467/715/692 473/801/776 468/802/777
f 467/715/692 468/802/777 462/717/694
f 462/717/694 468/802/777 463/803/778
f 462/717/694 463/803/778 457/719/696
f 457/719/696 463/803/778 458/804/779
f 457/719/696 458/804/779 452/721/698
f 452/721/698 458/804/779 453/805/780
f 452/721/698 453/805/780 447/723/700
f 447/723/700 453/805/780 448/806/781
f 447/723/700 448/806/781 442/725/702
f 442/725/702 448/806/781 443/807/782
f 442/725/702 443/807/782 437/727/704
f 437/727/704 443/807/782 438/808/783
f 437/727/704 438/808/783 432/729/706
f 432/729/706 438/808/783 433/809/784
f 432/729/706 433/809/784 427/731/708
f 427/731/708 433/809/784 428/810/785
f 427/731/708 428/810/785 422/733/710
f 422/733/710 428/810/785 423/811/786
f 422/733/710 423/811/786 417/735/712
f 417/735/712 423/811/786 418/812/787
f 417/735/712 418/812/787 412/737/714
f 412/737/714 418/812/787 413/813/788
f 412/737/714 413/813/788 407/739/716
f 407/739/716 413/813/788 408/814/789
f 407/739/716 408/814/789 402/741/718
f 402/741/718 408/814/789 403/815/790
f 402/741/718 403/815/790 397/743/720
f 397/743/720 403/815/790 398/816/791
f 397/743/720 398/816/791 392/695/674
f 392/695/674 398/816/791 393/817/792
f 392/695/674 393/817/792 387/697/676
f 387/697/676 393/817/792 388/818/769
f 388/794/769 389/819/793 503/795/770
f 503/795/770 389/819/793 504/820/794
f 503/795/770 504/820/794 498/796/771
f 498/796/771 504/820/794 499/821/795
f 498/796/771 499/821/795 493/797/772
f 493/797/772 499/821/795 494/822/796
f 493/797/772 494/822/796 488/798/773
f 488/798/773 494/822/796 489/823/797
f 488/798/773 489/823/797 483/799/774
f 483/799/774 489/823/797 484/824/798
f 483/799/774 484/824/798 478/800/775
f 478/800/775 484/824/798 479/825/799
f 478/800/775 479/825/799 473/801/776
f 473/801/776 479/825/799 474/826/800
f 473/801/776 474/826/800 468/802/777
f 468/802/777 474/826/800 469/827/801
f 468/802/777 469/827/801 463/803/778
f 463/803/778 469/827/801 464/828/802
f 463/803/778 464/828/802 458/804/779
f 458/804/779 464/828/802 459/829/803
f 458/804/779 459/829/803 453/805/780
f 453/805/780 459/829/803 454/830/804
f 453/805/780 454/830/804 448/806/781
f 448/806/781 454/830/804 449/831/805
f 448/806/781 449/831/805 443/807/782
f 443/807/782 449/831/805 444/832/806
f 443/807/782 444/832/806 438/808/783
f 438/808/783 444/832/806 439/833/807
f 438/808/783 439/833/807 433/809/784
f 433/809/784 439/833/807 434/834/808
f 433/809/784 434/834/808 428/810/785
f 428/810/785 434/834/808 429/835/809
f 428/810/785 429/835/809 423/811/786
f 423/811/786 429/835/809 424/836/810
f 423/811/786 424/836/810 418/812/787
f 418/812/787 424/836/810 419/837/811
f 418/812/787 419/837/811 413/813/788
f 413/813/788 419/837/811 414/838/812
f 413/813/788 414/838/812 408/814/789
f 408/814/789 414/838/812 409/839/813
f 408/814/789 409/839/813 403/815/790
f 403/815/790 409/839/813 404/840/814
f 403/815/790 404/840/814 398/816/791
f 398/816/791 404/840/814 399/841/815
f 398/816/791 399/841/815 393/817/792
f 393/817/792 399/841/815 394/842/816
f 393/817/792 394/842/816 388/818/769
f 388/818/769 394/842/816 389/843/793
f 389/819/793 390/844/817 504/820/794
f 504/820/794 390/844/817 505/845/818
f 504/820/794 505/845/818 499/821/795
f 499/821/795 505/845/818 500/846/819
f 499/821/795 500/846/819 494/822/796
f 494/822/796 500/846/819 495/847/820
f 494/822/796 495/847/820 489/823/797
f 489/823/797 495/847/820 490/848/821
f 489/823/797 490/848/821 484/824/798
f 484/824/798 490/848/821 485/849/822
f 484/824/798 485/849/822 479/825/799
f 479/825/799 485/849/822 480/850/823
f 479/825/799 480/850/823 474/826/800
f 474/826/800 480/850/823 475/851/824
f 474/826/800 475/851/824 469/827/801
f 469/827/801 475/851/824 470/852/825
f 469/827/801 470/852/825 464/828/802
f 464/828/802 470/852/825 465/853/826
f 464/828/802 465/853/826 459/829/803
f 459/829/803 465/853/826 460/854/827
f 459/829/803 460/854/827 454/830/804
f 454/830/804 460/854/827 455/855/828
f 454/830/804 455/855/828 449/831/805
f 449/831/805 455/855/828 450/856/829
f 449/831/805 450/856/829 444/832/806
f 444/832/806 450/856/829 445/857/830
f 444/832/806 445/857/830 439/833/807
f 439/833/807 445/857/830 440/858/831
f 439/833/807 440/858/831 434/834/808
f 434/834/808 440/858/831 435/859/832
f 434/834/808 435/859/832 429/835/809
f 429/835/809 435/859/832 430/860/833
f 429/835/809 430/860/833 424/836/810
f 424/836/810 430/860/833 425/861/834
f 424/836/810 425/861/834 419/837/811
f 419/837/811 425/861/834 420/862/835
f 419/837/811 420/862/835 414/838/812
f 414/838/812 420/862/835 415/863/836
f 414/838/812 415/863/836 409/839/813
f 409/839/813 415/863/836 410/864/837
f 409/839/813 410/864/837 404/840/814
f 404/840/814 410/864/837 405/865/838
f 404/840/814 405/865/838 399/841/815
f 399/841/815 405/865/838 400/866/839
f 399/841/815 400/866/839 394/842/816
f 394/842/816 400/866/839 395/867/840
f 394/842/816 395/867/840 389/843/793
f 389/843/793 395/867/840 390/868/817
f 390/844/817 391/747/724 505/845/818
f 505/845/818 391/747/724 506/745/722
f 505/845/818 506/745/722 500/846/819
f 500/846/819 506/745/722 501/793/768
f 500/846/819 501/793/768 495/847/820
f 495/847/820 501/793/768 496/791/766
f 495/847/820 496/791/766 490/848/821
f 490/848/821 496/791/766 491/789/764
f 490/848/821 491/789/764 485/849/822
f 485/849/822 491/789/764 486/787/762
f 485/849/822 486/787/762 480/850/823
f 480/850/823 486/787/762 481/785/760
f 480/850/823 481/785/760 475/851/824
f 475/851/824 481/785/760 476/783/758
f 475/851/824 476/783/758 470/852/825
f 470/852/825 476/783/758 471/781/756
f 470/852/825 471/781/756 465/853/826
f 465/853/826 471/781/756 466/779/754
f 465/853/826 466/779/754 460/854/827
f 460/854/827 466/779/754 461/777/752
f 460/854/827 461/777/752 455/855/828
f 455/855/828 461/777/752 456/775/750
f 455/855/828 456/775/750 450/856/829
f 450/856/829 456/775/750 451/773/748
f 450/856/829 451/773/748 445/857/830
f 445/857/830 451/773/748 446/771/746
f 445/857/830 446/771/746 440/858/831
f 440/858/831 446/771/746 441/769/744
f 440/858/831 441/769/744 435/859/832
f 435/859/832 441/769/744 436/767/742
f 435/859/832 436/767/742 430/860/833
f 430/860/833 436/767/742 431/765/740
f 430/860/833 431/765/740 425/861/834
f 425/861/834 431/765/740 426/763/738
f 425/861/834 426/763/738 420/862/835
f 420/862/835 426/763/738 421/761/736
f 420/862/835 421/761/736 415/863/836
f 415/863/836 421/761/736 416/759/734
f 415/863/836 416/759/734 410/864/837
f 410/864/837 416/759/734 411/757/732
f 410/864/837 411/757/732 405/865/838
f 405/865/838 411/757/732 406/755/730
f 405/865/838 406/755/730 400/866/839
f 400/866/839 406/755/730 401/753/728
f 400/866/839 401/753/728 395/867/840
f 395/867/840 401/753/728 396/751/726
f 395/867/840 396/751/726 390/868/817
f 390/868/817 396/751/726 391/749/724
f 508/869/841 340/870/673 507/871/842
f 507/871/842 340/870/673 339/872/675
f 507/871/842 339/872/675 530/873/843
f 530/873/843 339/872/675 362/874/677
f 530/873/843 362/874/677 361/875/679
f 340/870/673 508/869/841 341/876/719
f 341/876/719 508/869/841 509/877/844
f 341/876/719 509/877/844 342/878/717
f 342/878/717 509/877/844 510/879/845
f 342/878/717 510/879/845 343/880/715
f 343/880/715 510/879/845 511/881/846
f 343/880/715 511/881/846 344/882/713
f 344/882/713 511/881/846 512/883/847
f 344/882/713 512/883/847 345/884/711
f 345/884/711 512/883/847 513/885/848
f 345/884/711 513/885/848 514/886/849
f 345/884/711 514/886/849 346/887/709
f 346/887/709 514/886/849 515/888/850
f 346/887/709 515/888/850 347/889/707
f 347/889/707 515/888/850 516/890/851
f 347/889/707 516/890/851 348/891/705
f 348/891/705 516/890/851 517/892/852
f 348/891/705 517/892/852 349/893/703
f 349/893/703 517/892/852 518/894/853
f 349/893/703 518/894/853 350/895/701
f 350/895/701 518/894/853 519/896/854
f 350/895/701 519/896/854 351/897/699
f 351/897/699 519/896/854 352/898/697
f 352/898/697 519/896/854 520/899/855
f 352/898/697 520/899/855 353/900/695
f 353/900/695 520/899/855 521/901/856
f 353/900/695 521/901/856 354/902/693
f 354/902/693 521/901/856 522/903/857
f 354/902/693 522/903/857 355/904/691
f 355/904/691 522/903/857 523/905/858
f 355/904/691 523/905/858 356/906/689
f 356/906/689 523/905/858 524/907/859
f 356/906/689 524/907/859 357/908/687
f 357/908/687 524/907/859 525/909/860
f 357/908/687 525/909/860 526/910/861
f 357/908/687 526/910/861 358/911/685
f 358/911/685 526/910/861 527/912/862
f 358/911/685 527/912/862 359/913/683
f 359/913/683 527/912/862 528/914/863
f 359/913/683 528/914/863 360/915/681
f 360/915/681 528/914/863 529/916/864
f 360/915/681 529/916/864 361/875/679
f 361/875/679 529/916/864 530/873/843
f 338/917/865 533/918/866 315/919/867
f 315/919/867 533/918/866 531/920/868
f 315/921/867 531/922/868 316/923/869
f 316/923/869 531/922/868 577/924/870
f 316/923/869 577/924/870 317/925/871
f 317/925/871 577/924/870 575/926/872
f 317/925/871 575/926/872 318/927/873
f 318/927/873 575/926/872 573/928/874
f 318/927/873 573/928/874 319/929/875
f 319/929/875 573/928/874 571/930/876
f 319/929/875 571/930/876 320/931/877
f 320/931/877 571/930/876 569/932/878
f 320/931/877 569/932/878 321/933/879
f 321/933/879 569/932/878 567/934/880
f 321/933/879 567/934/880 322/935/881
f 322/935/881 567/934/880 565/936/882
f 322/935/881 565/936/882 323/937/883
f 323/937/883 565/936/882 563/938/884
f 323/937/883 563/938/884 324/939/885
f 324/939/885 563/938/884 561/940/886
f 324/939/885 561/940/886 325/941/887
f 325/941/887 561/940/886 559/942/888
f 325/941/887 559/942/888 326/943/889
f 326/943/889 559/942/888 557/944/890
f 326/943/889 557/944/890 327/945/891
f 327/945/891 557/944/890 555/946/892
f 327/945/891 555/946/892 328/947/893
f 328/947/893 555/946/892 553/948/894
f 328/947/893 553/948/894 329/949/895
f 329/949/895 553/948/894 551/950/896
f 329/949/895 551/950/896 330/951/897
f 330/951/897 551/950/896 549/952/898
f 330/951/897 549/952/898 331/953/899
f 331/953/899 549/952/898 547/954/900
f 331/953/899 547/954/900 332/955/901
f 332/955/901 547/954/900 545/956/902
f 332/955/901 545/956/902 333/957/903
f 333/957/903 545/956/902 543/958/904
f 333/957/903 543/958/904 334/959/905
f 334/959/905 543/958/904 541/960/906
f 334/959/905 541/960/906 335/961/907
f 335/961/907 541/960/906 539/962/908
f 335/961/907 539/962/908 336/963/909
f 336/963/909 539/962/908 537/964/910
f 336/963/909 537/964/910 337/965/911
f 337/965/911 537/964/910 535/966/912
f 337/965/911 535/966/912 338/917/865
f 338/917/865 535/966/912 533/918/866
f 386/967/725 578/968/913 363/969/723
f 363/969/723 578/968/913 532/970/914
f 363/971/723 532/972/914 364/973/721
f 364/973/721 532/972/914 534/974/915
f 364/973/721 534/974/915 365/975/767
f 365/975/767 534/974/915 536/976/916
f 365/975/767 536/976/916 366/977/765
f 366/977/765 536/976/916 538/978/917
f 366/977/765 538/978/917 367/979/763
f 367/979/763 538/978/917 540/980/918
f 367/979/763 540/980/918 368/981/761
f 368/981/761 540/980/918 542/982/919
f 368/981/761 542/982/919 369/983/759
f 369/983/759 542/982/919 544/984/920
f 369/983/759 544/984/920 370/985/757
f 370/985/757 544/984/920 546/986/921
f 370/985/757 546/986/921 371/987/755
f 371/987/755 546/986/921 548/988/922
f 371/987/755 548/988/922 372/989/753
f 372/989/753 548/988/922 550/990/923
f 372/989/753 550/990/923 373/991/751
f 373/991/751 550/990/923 552/992/924
f 373/991/751 552/992/924 374/993/749
f 374/993/749 552/992/924 554/994/925
f 374/993/749 554/994/925 375/995/747
f 375/995/747 554/994/925 556/996/926
f 375/995/747 556/996/926 376/997/745
f 376/997/745 556/996/926 558/998/927
f 376/997/745 558/998/927 377/999/743
f 377/999/743 558/998/927 560/1000/928
f 377/999/743 560/1000/928 378/1001/741
f 378/1001/741 560/1000/928 562/1002/929
f 378/1001/741 562/1002/929 379/1003/739
f 379/1003/739 562/1002/929 564/1004/930
f 379/1003/739 564/1004/930 380/1005/737
f 380/1005/737 564/1004/930 566/1006/931
f 380/1005/737 566/1006/931 381/1007/735
f 381/1007/735 566/1006/931 568/1008/932
f 381/1007/735 568/1008/932 382/1009/733
f 382/1009/733 568/1008/932 570/1010/933
f 382/1009/733 570/1010/933 383/1011/731
f 383/1011/731 570/1010/933 572/1012/934
f 383/1011/731 572/1012/934 384/1013/729
f 384/1013/729 572/1012/934 574/1014/935
f 384/1013/729 574/1014/935 385/1015/727
f 385/1015/727 574/1014/935 576/1016/936
f 385/1015/727 576/1016/936 386/967/725
f 386/967/725 576/1016/936 578/968/913
f 531/922/868 532/970/914 577/924/870
f 577/924/870 532/970/914 578/968/913
f 577/924/870 578/968/913 575/926/872
f 575/926/872 578/968/913 576/1016/936
f 575/926/872 576/1016/936 573/928/874
f 573/928/874 576/1016/936 574/1014/935
f 573/928/874 574/1014/935 571/930/876
f 571/930/876 574/1014/935 572/1012/934
f 571/930/876 572/1012/934 569/932/878
f 569/932/878 572/1012/934 570/1010/933
f 569/932/878 570/1010/933 567/934/880
f 567/934/880 570/1010/933 568/1008/932
f 567/934/880 568/1008/932 565/936/882
f 565/936/882 568/1008/932 566/1006/931
f 565/936/882 566/1006/931 563/938/884
f 563/938/884 566/1006/931 564/1004/930
f 563/938/884 564/1004/930 561/940/886
f 561/940/886 564/1004/930 562/1002/929
f 561/940/886 562/1002/929 559/942/888
f 559/942/888 562/1002/929 560/1000/928
f 559/942/888 560/1000/928 557/944/890
f 557/944/890 560/1000/928 558/998/927
f 557/944/890 558/998/927 555/946/892
f 555/946/892 558/998/927 556/996/926
f 555/946/892 556/996/926 553/948/894
f 553/948/894 556/996/926 554/994/925
f 553/948/894 554/994/925 551/950/896
f 551/950/896 554/994/925 552/992/924
f 551/950/896 552/992/924 549/952/898
f 549/952/898 552/992/924 550/990/923
f 549/952/898 550/990/923 547/954/900
f 547/954/900 550/990/923 548/988/922
f 547/954/900 548/988/922 545/956/902
f 545/956/902 548/988/922 546/986/921
f 545/956/902 546/986/921 543/958/904
f 543/958/904 546/986/921 544/984/920
f 543/958/904 544/984/920 541/960/906
f 541/960/906 544/984/920 542/982/919
f 541/960/906 542/982/919 539/962/908
f 539/962/908 542/982/919 540/980/918
f 539/962/908 540/980/918 537/964/910
f 537/964/910 540/980/918 538/978/917
f 537/964/910 538/978/917 535/966/912
f 535/966/912 538/978/917 536/976/916
f 535/966/912 536/976/916 533/918/866
f 533/918/866 536/976/916 534/974/915
f 533/918/866 534/974/915 531/920/868
f 531/920/868 534/974/915 532/972/914
f 580/1017/937 508/1018/938 579/1019/939
f 579/1019/939 508/1018/938 507/1020/940
f 579/1021/939 507/1022/940 602/1023/941
f 602/1023/941 507/1022/940 530/1024/942
f 602/1023/941 530/1024/942 601/1025/943
f 601/1025/943 530/1024/942 529/1026/944
f 601/1025/943 529/1026/944 600/1027/945
f 600/1027/945 529/1026/944 528/1028/946
f 600/1027/945 528/1028/946 599/1029/947
f 599/1029/947 528/1028/946 527/1030/948
f 599/1029/947 527/1030/948 598/1031/949
f 598/1031/949 527/1030/948 526/1032/950
f 598/1031/949 526/1032/950 597/1033/951
f 597/1033/951 526/1032/950 525/1034/952
f 597/1033/951 525/1034/952 596/1035/953
f 596/1035/953 525/1034/952 524/1036/954
f 596/1035/953 524/1036/954 595/1037/955
f 595/1037/955 524/1036/954 523/1038/956
f 595/1037/955 523/1038/956 594/1039/957
f 594/1039/957 523/1038/956 522/1040/958
f 594/1039/957 522/1040/958 593/1041/959
f 593/1041/959 522/1040/958 521/1042/960
f 593/1041/959 521/1042/960 592/1043/961
f 592/1043/961 521/1042/960 520/1044/962
f 592/1043/961 520/1044/962 591/1045/963
f 591/1045/963 520/1044/962 519/1046/964
f 591/1045/963 519/1046/964 590/1047/965
f 590/1047/965 519/1046/964 518/1048/966
f 590/1047/965 518/1048/966 589/1049/967
f 589/1049/967 518/1048/966 517/1050/968
f 589/1049/967 517/1050/968 588/1051/969
f 588/1051/969 517/1050/968 516/1052/970
f 588/1051/969 516/1052/970 587/1053/971
f 587/1053/971 516/1052/970 515/1054/972
f 587/1053/971 515/1054/972 586/1055/973
f 586/1055/973 515/1054/972 514/1056/974
f 586/1055/973 514/1056/974 585/1057/975
f 585/1057/975 514/1056/974 513/1058/976
f 585/1057/975 513/1058/976 584/1059/977
f 584/1059/977 513/1058/976 512/1060/978
f 584/1059/977 512/1060/978 583/1061/979
f 583/1061/979 512/1060/978 511/1062/980
f 583/1061/979 511/1062/980 582/1063/981
f 582/1063/981 511/1062/980 510/1064/982
f 582/1063/981 510/1064/982 581/1065/983
f 581/1065/983 510/1064/982 509/1066/984
f 581/1065/983 509/1066/984 580/1017/937
f 580/1017/937 509/1066/984 508/1018/938
f 602/1067/985 592/1068/986 579/1069/987
f 579/1069/987 592/1068/986 591/1070/988
f 579/1069/987 591/1070/988 580/1071/989
f 580/1071/989 591/1070/988 590/1072/990
f 580/1071/989 590/1072/990 581/1073/991
f 581/1073/991 590/1072/990 589/1074/992
f 581/1073/991 589/1074/992 582/1075/993
f 582/1075/993 589/1074/992 588/1076/994
f 582/1075/993 588/1076/994 583/1077/995
f 583/1077/995 588/1076/994 587/1078/996
f 583/1077/995 587/1078/996 584/1079/997
f 584/1079/997 587/1078/996 586/1080/998
f 584/1079/997 586/1080/998 585/1081/999
f 592/1068/986 602/1067/985 593/1082/1000
f 593/1082/1000 602/1067/985 601/1083/1001
f 593/1082/1000 601/1083/1001 594/1084/1002
f 594/1084/1002 601/1083/1001 600/1085/1003
f 594/1084/1002 600/1085/1003 595/1086/1004
f 595/1086/1004 600/1085/1003 599/1087/1005
f 595/1086/1004 599/1087/1005 596/1088/1006
f 596/1088/1006 599/1087/1005 598/1089/1007
f 596/1088/1006 598/1089/1007 597/1090/1008
g Corps1:2

v -0.000000 0.450000 -0.400000
v -0.000000 1.455000 -0.400000
v -0.000000 1.455000 0.405000
v -0.000000 0.450000 0.405000
v -0.000000 1.405000 -0.250000
v -0.000000 0.650000 -0.250000
v -0.000000 0.650000 0.255000
v -0.000000 1.405000 0.255000
v -0.150000 1.455000 -0.400000
v -0.150000 1.455000 0.405000
v -0.150000 0.450000 0.405000
v -0.150000 0.450000 -0.400000
v 0.550000 0.759600 -0.140400
v 0.550000 0.759600 0.145400
v 0.350030 0.656110 0.248890
v 0.350030 0.656110 -0.243890
v 0.350030 1.398890 0.248890
v 0.550000 1.295400 0.145400
v 0.350030 1.398890 -0.243890
v 0.550000 1.295400 -0.140400
vt 0.502500 -0.402500 0.000000
vt -0.302500 -0.252500 0.000000
vt -0.502500 -0.402500 0.000000
vt -0.302500 0.252500 0.000000
vt -0.502500 0.402500 0.000000
vt 0.502500 0.402500 0.000000
vt 0.452500 0.252500 0.000000
vt 0.452500 -0.252500 0.000000
vt 0.000000 0.000000 0.000000
vt 0.805000 0.000000 0.000000
vt 0.000000 0.150000 0.000000
vt 0.805000 0.150000 0.000000
vt 0.000000 0.000000 0.000000
vt 1.005000 0.000000 0.000000
vt 0.000000 0.150000 0.000000
vt 1.005000 0.150000 0.000000
vt -0.000000 0.000000 0.000000
vt 0.805000 0.000000 0.000000
vt 0.000000 0.150000 0.000000
vt 0.805000 0.150000 0.000000
vt 0.000000 0.000000 0.000000
vt 1.005000 0.000000 0.000000
vt 0.000000 0.150000 0.000000
vt 1.005000 0.150000 0.000000
vt 0.502500 0.402500 0.000000
vt -0.502500 0.402500 0.000000
vt 0.502500 -0.402500 0.000000
vt -0.502500 -0.402500 0.000000
vt -0.112581 -0.269150 0.000000
vt 0.112581 -0.372640 0.000000
vt -0.112581 0.016650 0.000000
vt 0.112581 0.120140 0.000000
vt 0.112581 0.182640 0.000000
vt -0.112581 0.079150 0.000000
vt 0.112581 -0.560140 0.000000
vt -0.112581 -0.456650 0.000000
vt -0.112581 0.372640 0.000000
vt -0.112581 -0.120140 0.000000
vt 0.112581 0.269150 0.000000
vt 0.112581 -0.016650 0.000000
vt -0.112581 0.560140 0.000000
vt -0.112581 -0.182640 0.000000
vt 0.112581 0.456650 0.000000
vt 0.112581 -0.079150 0.000000
vt -0.006110 0.350084 0.000000
vt -0.748890 0.350084 0.000000
vt -0.000000 0.000000 0.000000
vt -0.755000 0.000000 0.000000
vt -0.006110 0.350084 0.000000
vt -0.498890 0.350084 0.000000
vt 0.000000 0.000000 0.000000
vt -0.505000 0.000000 0.000000
vt 0.267900 0.142900 0.000000
vt -0.267900 0.142900 0.000000
vt 0.267900 -0.142900 0.000000
vt -0.267900 -0.142900 0.000000
vt -0.006110 0.350084 0.000000
vt -0.748890 0.350084 0.000000
vt 0.000000 0.000000 0.000000
vt -0.755000 0.000000 0.000000
vt -0.006110 0.350084 0.000000
vt -0.498890 0.350084 0.000000
vt -0.000000 0.000000 0.000000
vt -0.505000 0.000000 0.000000
vn 1.000000 0.000000 -0.000000
vn 1.000000 0.000000 -0.000000
vn 1.000000 0.000000 -0.000000
vn 1.000000 0.000000 -0.000000
vn 1.000000 0.000000 -0.000000
vn 1.000000 0.000000 -0.000000
vn 1.000000 0.000000 -0.000000
vn 1.000000 0.000000 -0.000000
vn -0.000000 1.000000 0.000000
vn -0.000000 1.000000 0.000000
vn -0.000000 1.000000 0.000000
vn -0.000000 1.000000 0.000000
vn 0.000000 0.000000 1.000000
vn 0.000000 0.000000 1.000000
vn 0.000000 0.000000 1.000000
vn 0.000000 0.000000 1.000000
vn 0.000000 -1.000000 -0.000000
vn 0.000000 -1.000000 -0.000000
vn 0.000000 -1.000000 -0.000000
vn 0.000000 -1.000000 -0.000000
vn -0.000000 -0.000000 -1.000000
vn -0.000000 -0.000000 -1.000000
vn -0.000000 -0.000000 -1.000000
vn -0.000000 -0.000000 -1.000000
vn -1.000000 -0.000000 0.000000
vn -1.000000 -0.000000 0.000000
vn -1.000000 -0.000000 0.000000
vn -1.000000 -0.000000 0.000000
vn 0.459626 -0.888113 -0.000000
vn 0.459626 -0.888113 -0.000000
vn 0.459626 -0.888113 -0.000000
vn 0.459626 -0.888113 -0.000000
vn 0.459626 0.000000 0.888113
vn 0.459626 0.000000 0.888113
vn 0.459626 0.000000 0.888113
vn 0.459626 0.000000 0.888113
vn 0.459626 0.888113 -0.000000
vn 0.459626 0.888113 -0.000000
vn 0.459626 0.888113 -0.000000
vn 0.459626 0.888113 -0.000000
vn 0.459626 0.000000 -0.888113
vn 0.459626 0.000000 -0.888113
vn 0.459626 0.000000 -0.888113
vn 0.459626 0.000000 -0.888113
vn 0.017452 0.000000 -0.999848
vn 0.017452 0.000000 -0.999848
vn 0.017452 0.000000 -0.999848
vn 0.017452 0.000000 -0.999848
vn 0.017452 -0.999848 -0.000000
vn 0.017452 -0.999848 -0.000000
vn 0.017452 -0.999848 -0.000000
vn 0.017452 -0.999848 -0.000000
vn 1.000000 0.000000 -0.000000
vn 1.000000 0.000000 -0.000000
vn 1.000000 0.000000 -0.000000
vn 1.000000 0.000000 -0.000000
vn 0.017452 0.000000 0.999848
vn 0.017452 0.000000 0.999848
vn 0.017452 0.000000 0.999848
vn 0.017452 0.000000 0.999848
vn 0.017452 0.999848 -0.000000
vn 0.017452 0.999848 -0.000000
vn 0.017452 0.999848 -0.000000
vn 0.017452 0.999848 -0.000000
usemtl Plastique_-_Translucide_mat_(gris)_1
f 604/1091/1009 608/1092/1010 603/1093/1011
f 603/1093/1011 608/1092/1010 609/1094/1012
f 603/1093/1011 609/1094/1012 606/1095/1013
f 606/1095/1013 609/1094/1012 605/1096/1014
f 605/1096/1014 609/1094/1012 610/1097/1015
f 605/1096/1014 610/1097/1015 604/1091/1009
f 604/1091/1009 610/1097/1015 607/1098/1016
f 604/1091/1009 607/1098/1016 608/1092/1010
f 605/1099/1017 604/1100/1018 612/1101/1019
f 612/1101/1019 604/1100/1018 611/1102/1020
f 606/1103/1021 605/1104/1022 613/1105/1023
f 613/1105/1023 605/1104/1022 612/1106/1024
f 603/1107/1025 606/1108/1026 614/1109/1027
f 614/1109/1027 606/1108/1026 613/1110/1028
f 604/1111/1029 603/1112/1030 611/1113/1031
f 611/1113/1031 603/1112/1030 614/1114/1032
f 611/1115/1033 614/1116/1034 612/1117/1035
f 612/1117/1035 614/1116/1034 613/1118/1036
f 616/1119/1037 617/1120/1038 615/1121/1039
f 615/1121/1039 617/1120/1038 618/1122/1040
f 617/1123/1041 616/1124/1042 619/1125/1043
f 619/1125/1043 616/1124/1042 620/1126/1044
f 621/1127/1045 619/1128/1046 622/1129/1047
f 622/1129/1047 619/1128/1046 620/1130/1048
f 618/1131/1049 621/1132/1050 615/1133/1051
f 615/1133/1051 621/1132/1050 622/1134/1052
f 621/1135/1053 618/1136/1054 607/1137/1055
f 607/1137/1055 618/1136/1054 608/1138/1056
f 618/1139/1057 617/1140/1058 608/1141/1059
f 608/1141/1059 617/1140/1058 609/1142/1060
f 615/1143/1061 622/1144/1062 616/1145/1063
f 616/1145/1063 622/1144/1062 620/1146/1064
f 617/1147/1065 619/1148/1066 609/1149/1067
f 609/1149/1067 619/1148/1066 610/1150/1068
f 619/1151/1069 621/1152/1070 610/1153/1071
f 610/1153/1071 621/1152/1070 607/1154/1072
# 622 vertices
# 1154 texture params
# 1072 normals
# 1256 facets

# 3 groups
