# WaveFront *.obj file (generated by Autodesk ATF)

mtllib galet_lateral.mtl

g roue_tendeuse

v 0.000000 0.700000 -1.100000
v 0.051764 0.700000 -1.093185
v 0.100000 0.700000 -1.073205
v 0.141421 0.700000 -1.041421
v 0.173205 0.700000 -1.000000
v 0.193185 0.700000 -0.951764
v 0.200000 0.700000 -0.900000
v 0.193185 0.700000 -0.848236
v 0.173205 0.700000 -0.800000
v 0.141421 0.700000 -0.758579
v 0.100000 0.700000 -0.726795
v 0.051764 0.700000 -0.706815
v 0.000000 0.700000 -0.700000
v -0.051764 0.700000 -0.706815
v -0.100000 0.700000 -0.726795
v -0.141421 0.700000 -0.758579
v -0.173205 0.700000 -0.800000
v -0.193185 0.700000 -0.848236
v -0.200000 0.700000 -0.900000
v -0.193185 0.700000 -0.951764
v -0.173205 0.700000 -1.000000
v -0.141421 0.700000 -1.041421
v -0.100000 0.700000 -1.073205
v -0.051764 0.700000 -1.093185
v 0.200000 1.000000 -0.900000
v 0.193185 1.000000 -0.951764
v 0.173205 1.000000 -1.000000
v 0.141421 1.000000 -1.041421
v 0.100000 1.000000 -1.073205
v 0.051764 1.000000 -1.093185
v -0.000000 1.000000 -1.100000
v -0.051764 1.000000 -1.093185
v -0.100000 1.000000 -1.073205
v -0.141421 1.000000 -1.041421
v -0.173205 1.000000 -1.000000
v -0.193185 1.000000 -0.951764
v -0.200000 1.000000 -0.900000
v -0.193185 1.000000 -0.848236
v -0.173205 1.000000 -0.800000
v -0.141421 1.000000 -0.758579
v -0.100000 1.000000 -0.726795
v -0.051764 1.000000 -0.706815
v -0.000000 1.000000 -0.700000
v 0.051764 1.000000 -0.706815
v 0.100000 1.000000 -0.726795
v 0.141421 1.000000 -0.758579
v 0.173205 1.000000 -0.800000
v 0.193185 1.000000 -0.848236
v 0.196413 0.700000 -1.082323
v 0.386512 0.700000 -1.029858
v 0.564189 0.700000 -0.944294
v 0.723733 0.700000 -0.828379
v 0.860015 0.700000 -0.685839
v 0.968655 0.700000 -0.521256
v 1.046162 0.700000 -0.339919
v 1.090045 0.700000 -0.147657
v 1.098892 0.700000 0.049351
v 1.072421 0.700000 0.244773
v 1.011481 0.700000 0.432328
v 0.918031 0.700000 0.605987
v 0.795074 0.700000 0.760169
v 0.646564 0.700000 0.889919
v 0.477272 0.700000 0.991066
v 0.292641 0.700000 1.060359
v 0.098603 0.700000 1.095572
v -0.098603 0.700000 1.095572
v -0.292641 0.700000 1.060359
v -0.477272 0.700000 0.991066
v -0.646564 0.700000 0.889919
v -0.795074 0.700000 0.760169
v -0.918031 0.700000 0.605987
v -1.011481 0.700000 0.432328
v -1.072421 0.700000 0.244773
v -1.098892 0.700000 0.049351
v -1.090045 0.700000 -0.147657
v -1.046162 0.700000 -0.339919
v -0.968655 0.700000 -0.521256
v -0.860015 0.700000 -0.685839
v -0.723733 0.700000 -0.828379
v -0.564189 0.700000 -0.944294
v -0.386512 0.700000 -1.029858
v -0.196413 0.700000 -1.082323
v 0.135000 0.700000 -0.000000
v 0.130400 0.700000 -0.034941
v 0.116913 0.700000 -0.067500
v 0.095459 0.700000 -0.095459
v 0.067500 0.700000 -0.116913
v 0.034941 0.700000 -0.130400
v -0.000000 0.700000 -0.135000
v -0.034941 0.700000 -0.130400
v -0.067500 0.700000 -0.116913
v -0.095459 0.700000 -0.095459
v -0.116913 0.700000 -0.067500
v -0.130400 0.700000 -0.034941
v -0.135000 0.700000 0.000000
v -0.130400 0.700000 0.034941
v -0.116913 0.700000 0.067500
v -0.095459 0.700000 0.095459
v -0.067500 0.700000 0.116913
v -0.034941 0.700000 0.130400
v -0.000000 0.700000 0.135000
v 0.034941 0.700000 0.130400
v 0.067500 0.700000 0.116913
v 0.095459 0.700000 0.095459
v 0.116913 0.700000 0.067500
v 0.130400 0.700000 0.034941
v 0.410000 0.900000 -0.000000
v 0.396030 0.900000 0.106116
v 0.355070 0.900000 0.205000
v 0.289914 0.900000 0.289914
v 0.205000 0.900000 0.355070
v 0.106116 0.900000 0.396030
v -0.000000 0.900000 0.410000
v -0.106116 0.900000 0.396030
v -0.205000 0.900000 0.355070
v -0.289914 0.900000 0.289914
v -0.355070 0.900000 0.205000
v -0.396030 0.900000 0.106116
v -0.410000 0.900000 0.000000
v -0.396030 0.900000 -0.106116
v -0.355070 0.900000 -0.205000
v -0.289914 0.900000 -0.289914
v -0.205000 0.900000 -0.355070
v -0.106116 0.900000 -0.396030
v -0.000000 0.900000 -0.410000
v 0.106116 0.900000 -0.396030
v 0.205000 0.900000 -0.355070
v 0.289914 0.900000 -0.289914
v 0.355070 0.900000 -0.205000
v 0.396030 0.900000 -0.106116
v 0.410000 1.000000 -0.000000
v 0.396030 1.000000 -0.106116
v 0.355070 1.000000 -0.205000
v 0.289914 1.000000 -0.289914
v 0.205000 1.000000 -0.355070
v 0.106116 1.000000 -0.396030
v -0.000000 1.000000 -0.410000
v -0.106116 1.000000 -0.396030
v -0.205000 1.000000 -0.355070
v -0.289914 1.000000 -0.289914
v -0.355070 1.000000 -0.205000
v -0.396030 1.000000 -0.106116
v -0.410000 1.000000 0.000000
v -0.396030 1.000000 0.106116
v -0.355070 1.000000 0.205000
v -0.289914 1.000000 0.289914
v -0.205000 1.000000 0.355070
v -0.106116 1.000000 0.396030
v -0.000000 1.000000 0.410000
v 0.106116 1.000000 0.396030
v 0.205000 1.000000 0.355070
v 0.289914 1.000000 0.289914
v 0.355070 1.000000 0.205000
v 0.396030 1.000000 0.106116
v 0.135000 0.900000 -0.000000
v 0.130400 0.900000 0.034941
v 0.116913 0.900000 0.067500
v 0.095459 0.900000 0.095459
v 0.067500 0.900000 0.116913
v 0.034941 0.900000 0.130400
v -0.000000 0.900000 0.135000
v -0.034941 0.900000 0.130400
v -0.067500 0.900000 0.116913
v -0.095459 0.900000 0.095459
v -0.116913 0.900000 0.067500
v -0.130400 0.900000 0.034941
v -0.135000 0.900000 0.000000
v -0.130400 0.900000 -0.034941
v -0.116913 0.900000 -0.067500
v -0.095459 0.900000 -0.095459
v -0.067500 0.900000 -0.116913
v -0.034941 0.900000 -0.130400
v -0.000000 0.900000 -0.135000
v 0.034941 0.900000 -0.130400
v 0.067500 0.900000 -0.116913
v 0.095459 0.900000 -0.095459
v 0.116913 0.900000 -0.067500
v 0.130400 0.900000 -0.034941
v -1.500000 0.775000 0.000000
v -1.481533 0.775000 0.234652
v -1.426585 0.775000 0.463525
v -1.336510 0.775000 0.680986
v -1.213525 0.775000 0.881678
v -1.060660 0.775000 1.060660
v -0.881678 0.775000 1.213525
v -0.680986 0.775000 1.336510
v -0.463525 0.775000 1.426585
v -0.234652 0.775000 1.481533
v 0.000000 0.775000 1.500000
v 0.234652 0.775000 1.481533
v 0.463525 0.775000 1.426585
v 0.680986 0.775000 1.336510
v 0.881678 0.775000 1.213525
v 1.060660 0.775000 1.060660
v 1.213525 0.775000 0.881678
v 1.336510 0.775000 0.680986
v 1.426585 0.775000 0.463525
v 1.481533 0.775000 0.234652
v 1.500000 0.775000 0.000000
v 1.481533 0.775000 -0.234652
v 1.426585 0.775000 -0.463525
v 1.336510 0.775000 -0.680986
v 1.213525 0.775000 -0.881678
v 1.060660 0.775000 -1.060660
v 0.881678 0.775000 -1.213525
v 0.680986 0.775000 -1.336510
v 0.463525 0.775000 -1.426585
v 0.234652 0.775000 -1.481533
v 0.000000 0.775000 -1.500000
v -0.234652 0.775000 -1.481533
v -0.463525 0.775000 -1.426585
v -0.680986 0.775000 -1.336510
v -0.881678 0.775000 -1.213525
v -1.060660 0.775000 -1.060660
v -1.213525 0.775000 -0.881678
v -1.336510 0.775000 -0.680986
v -1.426585 0.775000 -0.463525
v -1.481533 0.775000 -0.234652
v -1.600000 0.875000 -0.000000
v -1.582129 0.875000 -0.238468
v -1.528916 0.875000 -0.471608
v -1.441550 0.875000 -0.694214
v -1.321982 0.875000 -0.901312
v -1.172883 0.875000 -1.088276
v -0.997584 0.875000 -1.250930
v -0.800000 0.875000 -1.385641
v -0.584546 0.875000 -1.489398
v -0.356033 0.875000 -1.559885
v -0.119568 0.875000 -1.595526
v 0.119568 0.875000 -1.595526
v 0.356033 0.875000 -1.559885
v 0.584546 0.875000 -1.489398
v 0.800000 0.875000 -1.385641
v 0.997584 0.875000 -1.250930
v 1.172883 0.875000 -1.088276
v 1.321982 0.875000 -0.901312
v 1.441550 0.875000 -0.694214
v 1.528916 0.875000 -0.471608
v 1.582129 0.875000 -0.238468
v 1.600000 0.875000 0.000000
v 1.582129 0.875000 0.238468
v 1.528916 0.875000 0.471608
v 1.441550 0.875000 0.694214
v 1.321982 0.875000 0.901312
v 1.172883 0.875000 1.088276
v 0.997584 0.875000 1.250930
v 0.800000 0.875000 1.385641
v 0.584546 0.875000 1.489398
v 0.356033 0.875000 1.559885
v 0.119568 0.875000 1.595526
v -0.119568 0.875000 1.595526
v -0.356033 0.875000 1.559885
v -0.584546 0.875000 1.489398
v -0.800000 0.875000 1.385641
v -0.997584 0.875000 1.250930
v -1.172883 0.875000 1.088276
v -1.321982 0.875000 0.901312
v -1.441550 0.875000 0.694214
v -1.528916 0.875000 0.471608
v -1.582129 0.875000 0.238468
v 0.000000 0.775000 1.300000
v 0.213973 0.775000 1.282270
v 0.422109 0.775000 1.229562
v 0.618732 0.775000 1.143316
v 0.798477 0.775000 1.025883
v 0.956441 0.775000 0.880466
v 1.088316 0.775000 0.711033
v 1.190505 0.775000 0.522204
v 1.260220 0.775000 0.319131
v 1.295560 0.775000 0.107353
v 1.295560 0.775000 -0.107353
v 1.260220 0.775000 -0.319131
v 1.190505 0.775000 -0.522204
v 1.088316 0.775000 -0.711033
v 0.956441 0.775000 -0.880466
v 0.798477 0.775000 -1.025883
v 0.618732 0.775000 -1.143316
v 0.422109 0.775000 -1.229562
v 0.213973 0.775000 -1.282270
v 0.000000 0.775000 -1.300000
v -0.213973 0.775000 -1.282270
v -0.422109 0.775000 -1.229562
v -0.618732 0.775000 -1.143316
v -0.798477 0.775000 -1.025883
v -0.956441 0.775000 -0.880466
v -1.088316 0.775000 -0.711033
v -1.190505 0.775000 -0.522204
v -1.260220 0.775000 -0.319131
v -1.295560 0.775000 -0.107353
v -1.295560 0.775000 0.107353
v -1.260220 0.775000 0.319131
v -1.190505 0.775000 0.522204
v -1.088316 0.775000 0.711033
v -0.956441 0.775000 0.880466
v -0.798477 0.775000 1.025883
v -0.618732 0.775000 1.143316
v -0.422109 0.775000 1.229562
v -0.213973 0.775000 1.282270
v -1.600000 1.000000 0.000000
v -1.582129 1.000000 -0.238468
v -1.528916 1.000000 -0.471608
v -1.441550 1.000000 -0.694214
v -1.321982 1.000000 -0.901312
v -1.172883 1.000000 -1.088276
v -0.997584 1.000000 -1.250930
v -0.800000 1.000000 -1.385641
v -0.584546 1.000000 -1.489398
v -0.356033 1.000000 -1.559885
v -0.119568 1.000000 -1.595526
v 0.119568 1.000000 -1.595526
v 0.356033 1.000000 -1.559885
v 0.584546 1.000000 -1.489398
v 0.800000 1.000000 -1.385641
v 0.997584 1.000000 -1.250930
v 1.172883 1.000000 -1.088276
v 1.321982 1.000000 -0.901312
v 1.441550 1.000000 -0.694214
v 1.528916 1.000000 -0.471608
v 1.582129 1.000000 -0.238468
v 1.600000 1.000000 0.000000
v 1.582129 1.000000 0.238468
v 1.528916 1.000000 0.471608
v 1.441550 1.000000 0.694214
v 1.321982 1.000000 0.901312
v 1.172883 1.000000 1.088276
v 0.997584 1.000000 1.250930
v 0.800000 1.000000 1.385641
v 0.584546 1.000000 1.489398
v 0.356033 1.000000 1.559885
v 0.119568 1.000000 1.595526
v -0.119568 1.000000 1.595526
v -0.356033 1.000000 1.559885
v -0.584546 1.000000 1.489398
v -0.800000 1.000000 1.385641
v -0.997584 1.000000 1.250930
v -1.172883 1.000000 1.088276
v -1.321982 1.000000 0.901312
v -1.441550 1.000000 0.694214
v -1.528916 1.000000 0.471608
v -1.582129 1.000000 0.238468
v -1.500000 0.225000 -0.000000
v -1.481533 0.225000 -0.234652
v -1.426585 0.225000 -0.463525
v -1.336510 0.225000 -0.680986
v -1.213525 0.225000 -0.881678
v -1.060660 0.225000 -1.060660
v -0.881678 0.225000 -1.213525
v -0.680986 0.225000 -1.336510
v -0.463525 0.225000 -1.426585
v -0.234652 0.225000 -1.481533
v 0.000000 0.225000 -1.500000
v 0.234652 0.225000 -1.481533
v 0.463525 0.225000 -1.426585
v 0.680986 0.225000 -1.336510
v 0.881678 0.225000 -1.213525
v 1.060660 0.225000 -1.060660
v 1.213525 0.225000 -0.881678
v 1.336510 0.225000 -0.680986
v 1.426585 0.225000 -0.463525
v 1.481533 0.225000 -0.234652
v 1.500000 0.225000 0.000000
v 1.481533 0.225000 0.234652
v 1.426585 0.225000 0.463525
v 1.336510 0.225000 0.680986
v 1.213525 0.225000 0.881678
v 1.060660 0.225000 1.060660
v 0.881678 0.225000 1.213525
v 0.680986 0.225000 1.336510
v 0.463525 0.225000 1.426585
v 0.234652 0.225000 1.481533
v 0.000000 0.225000 1.500000
v -0.234652 0.225000 1.481533
v -0.463525 0.225000 1.426585
v -0.680986 0.225000 1.336510
v -0.881678 0.225000 1.213525
v -1.060660 0.225000 1.060660
v -1.213525 0.225000 0.881678
v -1.336510 0.225000 0.680986
v -1.426585 0.225000 0.463525
v -1.481533 0.225000 0.234652
v -1.600000 0.125000 0.000000
v -1.582129 0.125000 0.238468
v -1.528916 0.125000 0.471608
v -1.441550 0.125000 0.694214
v -1.321982 0.125000 0.901312
v -1.172883 0.125000 1.088276
v -0.997584 0.125000 1.250930
v -0.800000 0.125000 1.385641
v -0.584546 0.125000 1.489398
v -0.356033 0.125000 1.559885
v -0.119568 0.125000 1.595526
v 0.119568 0.125000 1.595526
v 0.356033 0.125000 1.559885
v 0.584546 0.125000 1.489398
v 0.800000 0.125000 1.385641
v 0.997584 0.125000 1.250930
v 1.172883 0.125000 1.088276
v 1.321982 0.125000 0.901312
v 1.441550 0.125000 0.694214
v 1.528916 0.125000 0.471608
v 1.582129 0.125000 0.238468
v 1.600000 0.125000 0.000000
v 1.582129 0.125000 -0.238468
v 1.528916 0.125000 -0.471608
v 1.441550 0.125000 -0.694214
v 1.321982 0.125000 -0.901312
v 1.172883 0.125000 -1.088276
v 0.997584 0.125000 -1.250930
v 0.800000 0.125000 -1.385641
v 0.584546 0.125000 -1.489398
v 0.356033 0.125000 -1.559885
v 0.119568 0.125000 -1.595526
v -0.119568 0.125000 -1.595526
v -0.356033 0.125000 -1.559885
v -0.584546 0.125000 -1.489398
v -0.800000 0.125000 -1.385641
v -0.997584 0.125000 -1.250930
v -1.172883 0.125000 -1.088276
v -1.321982 0.125000 -0.901312
v -1.441550 0.125000 -0.694214
v -1.528916 0.125000 -0.471608
v -1.582129 0.125000 -0.238468
v 0.000000 0.225000 1.300000
v -0.213973 0.225000 1.282270
v -0.422109 0.225000 1.229562
v -0.618732 0.225000 1.143316
v -0.798477 0.225000 1.025883
v -0.956441 0.225000 0.880466
v -1.088316 0.225000 0.711033
v -1.190505 0.225000 0.522204
v -1.260220 0.225000 0.319131
v -1.295560 0.225000 0.107353
v -1.295560 0.225000 -0.107353
v -1.260220 0.225000 -0.319131
v -1.190505 0.225000 -0.522204
v -1.088316 0.225000 -0.711033
v -0.956441 0.225000 -0.880466
v -0.798477 0.225000 -1.025883
v -0.618732 0.225000 -1.143316
v -0.422109 0.225000 -1.229562
v -0.213973 0.225000 -1.282270
v 0.000000 0.225000 -1.300000
v 0.213973 0.225000 -1.282270
v 0.422109 0.225000 -1.229562
v 0.618732 0.225000 -1.143316
v 0.798477 0.225000 -1.025883
v 0.956441 0.225000 -0.880466
v 1.088316 0.225000 -0.711033
v 1.190505 0.225000 -0.522204
v 1.260220 0.225000 -0.319131
v 1.295560 0.225000 -0.107353
v 1.295560 0.225000 0.107353
v 1.260220 0.225000 0.319131
v 1.190505 0.225000 0.522204
v 1.088316 0.225000 0.711033
v 0.956441 0.225000 0.880466
v 0.798477 0.225000 1.025883
v 0.618732 0.225000 1.143316
v 0.422109 0.225000 1.229562
v 0.213973 0.225000 1.282270
v -1.600000 0.000000 0.000000
v -1.582129 0.000000 0.238468
v -1.528916 0.000000 0.471608
v -1.441550 0.000000 0.694214
v -1.321982 0.000000 0.901312
v -1.172883 0.000000 1.088276
v -0.997584 0.000000 1.250930
v -0.800000 0.000000 1.385641
v -0.584546 0.000000 1.489398
v -0.356033 0.000000 1.559885
v -0.119568 0.000000 1.595526
v 0.119568 0.000000 1.595526
v 0.356033 0.000000 1.559885
v 0.584546 0.000000 1.489398
v 0.800000 0.000000 1.385641
v 0.997584 0.000000 1.250930
v 1.172883 0.000000 1.088276
v 1.321982 0.000000 0.901312
v 1.441550 0.000000 0.694214
v 1.528916 0.000000 0.471608
v 1.582129 0.000000 0.238468
v 1.600000 0.000000 0.000000
v 1.582129 0.000000 -0.238468
v 1.528916 0.000000 -0.471608
v 1.441550 0.000000 -0.694214
v 1.321982 0.000000 -0.901312
v 1.172883 0.000000 -1.088276
v 0.997584 0.000000 -1.250930
v 0.800000 0.000000 -1.385641
v 0.584546 0.000000 -1.489398
v 0.356033 0.000000 -1.559885
v 0.119568 0.000000 -1.595526
v -0.119568 0.000000 -1.595526
v -0.356033 0.000000 -1.559885
v -0.584546 0.000000 -1.489398
v -0.800000 0.000000 -1.385641
v -0.997584 0.000000 -1.250930
v -1.172883 0.000000 -1.088276
v -1.321982 0.000000 -0.901312
v -1.441550 0.000000 -0.694214
v -1.528916 0.000000 -0.471608
v -1.582129 0.000000 -0.238468
v -1.100000 0.100000 0.000000
v -1.082323 0.100000 0.196413
v -1.029858 0.100000 0.386512
v -0.944294 0.100000 0.564189
v -0.828379 0.100000 0.723733
v -0.685839 0.100000 0.860015
v -0.521256 0.100000 0.968655
v -0.339919 0.100000 1.046162
v -0.147657 0.100000 1.090045
v 0.049351 0.100000 1.098892
v 0.244773 0.100000 1.072421
v 0.432328 0.100000 1.011481
v 0.605987 0.100000 0.918031
v 0.760169 0.100000 0.795074
v 0.889919 0.100000 0.646564
v 0.991066 0.100000 0.477272
v 1.060359 0.100000 0.292641
v 1.095572 0.100000 0.098603
v 1.095572 0.100000 -0.098603
v 1.060359 0.100000 -0.292641
v 0.991066 0.100000 -0.477272
v 0.889919 0.100000 -0.646564
v 0.760169 0.100000 -0.795074
v 0.605987 0.100000 -0.918031
v 0.432328 0.100000 -1.011481
v 0.244773 0.100000 -1.072421
v 0.049351 0.100000 -1.098892
v -0.147657 0.100000 -1.090045
v -0.339919 0.100000 -1.046162
v -0.521256 0.100000 -0.968655
v -0.685839 0.100000 -0.860015
v -0.828379 0.100000 -0.723733
v -0.944294 0.100000 -0.564189
v -1.029858 0.100000 -0.386512
v -1.082323 0.100000 -0.196413
v -1.200000 0.000000 -0.000000
v -1.181769 0.000000 -0.208378
v -1.127631 0.000000 -0.410424
v -1.039230 0.000000 -0.600000
v -0.919253 0.000000 -0.771345
v -0.771345 0.000000 -0.919253
v -0.600000 0.000000 -1.039230
v -0.410424 0.000000 -1.127631
v -0.208378 0.000000 -1.181769
v 0.000000 0.000000 -1.200000
v 0.208378 0.000000 -1.181769
v 0.410424 0.000000 -1.127631
v 0.600000 0.000000 -1.039230
v 0.771345 0.000000 -0.919253
v 0.919253 0.000000 -0.771345
v 1.039230 0.000000 -0.600000
v 1.127631 0.000000 -0.410424
v 1.181769 0.000000 -0.208378
v 1.200000 0.000000 0.000000
v 1.181769 0.000000 0.208378
v 1.127631 0.000000 0.410424
v 1.039230 0.000000 0.600000
v 0.919253 0.000000 0.771345
v 0.771345 0.000000 0.919253
v 0.600000 0.000000 1.039230
v 0.410424 0.000000 1.127631
v 0.208378 0.000000 1.181769
v 0.000000 0.000000 1.200000
v -0.208378 0.000000 1.181769
v -0.410424 0.000000 1.127631
v -0.600000 0.000000 1.039230
v -0.771345 0.000000 0.919253
v -0.919253 0.000000 0.771345
v -1.039230 0.000000 0.600000
v -1.127631 0.000000 0.410424
v -1.181769 0.000000 0.208378
vt 0.300000 0.366519 0.000000
vt 0.000000 0.366519 0.000000
vt 0.300000 0.314159 0.000000
vt 0.000000 0.314159 0.000000
vt 0.300000 0.261799 0.000000
vt 0.000000 0.261799 0.000000
vt 0.300000 0.209440 0.000000
vt 0.000000 0.209440 0.000000
vt 0.300000 0.157080 0.000000
vt 0.000000 0.157080 0.000000
vt 0.300000 0.104720 0.000000
vt -0.000000 0.104720 0.000000
vt 0.300000 0.052360 0.000000
vt -0.000000 0.052360 0.000000
vt 0.300000 0.000000 0.000000
vt 0.000000 0.000000 0.000000
vt 0.300000 -0.052360 0.000000
vt 0.000000 -0.052360 0.000000
vt 0.300000 -0.104720 0.000000
vt 0.000000 -0.104720 0.000000
vt 0.300000 -0.157080 0.000000
vt 0.000000 -0.157080 0.000000
vt 0.300000 -0.209440 0.000000
vt 0.000000 -0.209440 0.000000
vt 0.300000 -0.261799 0.000000
vt 0.000000 -0.261799 0.000000
vt 0.300000 -0.314159 0.000000
vt 0.000000 -0.314159 0.000000
vt 0.300000 -0.366519 0.000000
vt 0.000000 -0.366519 0.000000
vt 0.300000 -0.418879 0.000000
vt 0.000000 -0.418879 0.000000
vt 0.300000 -0.471239 0.000000
vt 0.000000 -0.471239 0.000000
vt 0.300000 -0.523599 0.000000
vt 0.000000 -0.523599 0.000000
vt 0.300000 -0.575959 0.000000
vt 0.000000 -0.575959 0.000000
vt 0.300000 -0.628319 0.000000
vt 0.000000 -0.628319 0.000000
vt 0.300000 0.628319 0.000000
vt 0.000000 0.628319 0.000000
vt 0.300000 0.575959 0.000000
vt 0.000000 0.575959 0.000000
vt 0.300000 0.523599 0.000000
vt 0.000000 0.523599 0.000000
vt 0.300000 0.471239 0.000000
vt 0.000000 0.471239 0.000000
vt 0.300000 0.418879 0.000000
vt 0.000000 0.418879 0.000000
vt -0.000000 1.100000 0.000000
vt -0.196413 1.082323 0.000000
vt -0.051764 1.093185 0.000000
vt -0.100000 1.073205 0.000000
vt -0.141421 1.041421 0.000000
vt -0.173205 1.000000 0.000000
vt -0.386512 1.029858 0.000000
vt -0.193185 0.951764 0.000000
vt -0.200000 0.900000 0.000000
vt -0.193185 0.848236 0.000000
vt -0.564189 0.944294 0.000000
vt -0.173205 0.800000 0.000000
vt -0.723733 0.828379 0.000000
vt -0.141421 0.758579 0.000000
vt -0.860015 0.685839 0.000000
vt -0.095459 0.095459 0.000000
vt -0.116913 0.067500 0.000000
vt -0.968655 0.521256 0.000000
vt -1.046162 0.339919 0.000000
vt -0.130400 0.034941 0.000000
vt -1.090045 0.147657 0.000000
vt -0.135000 0.000000 0.000000
vt -1.098892 -0.049351 0.000000
vt -0.130400 -0.034941 0.000000
vt -1.072421 -0.244773 0.000000
vt -1.011481 -0.432328 0.000000
vt -0.116913 -0.067500 0.000000
vt -0.918031 -0.605987 0.000000
vt -0.095459 -0.095459 0.000000
vt -0.795074 -0.760169 0.000000
vt -0.646564 -0.889919 0.000000
vt -0.067500 -0.116913 0.000000
vt -0.477272 -0.991066 0.000000
vt -0.034941 -0.130400 0.000000
vt -0.292641 -1.060359 0.000000
vt -0.098603 -1.095572 0.000000
vt 0.000000 -0.135000 0.000000
vt 0.098603 -1.095572 0.000000
vt 0.034941 -0.130400 0.000000
vt 0.292641 -1.060359 0.000000
vt 0.477272 -0.991066 0.000000
vt 0.067500 -0.116913 0.000000
vt 0.646564 -0.889919 0.000000
vt 0.095459 -0.095459 0.000000
vt 0.795074 -0.760169 0.000000
vt 0.918031 -0.605987 0.000000
vt 0.116913 -0.067500 0.000000
vt 1.011481 -0.432328 0.000000
vt 0.130400 -0.034941 0.000000
vt 1.072421 -0.244773 0.000000
vt 1.098892 -0.049351 0.000000
vt 0.135000 0.000000 0.000000
vt 1.090045 0.147657 0.000000
vt 0.130400 0.034941 0.000000
vt 1.046162 0.339919 0.000000
vt 0.116913 0.067500 0.000000
vt 0.968655 0.521256 0.000000
vt 0.860015 0.685839 0.000000
vt 0.723733 0.828379 0.000000
vt 0.141421 0.758579 0.000000
vt 0.095459 0.095459 0.000000
vt 0.173205 0.800000 0.000000
vt 0.564189 0.944294 0.000000
vt 0.193185 0.848236 0.000000
vt 0.386512 1.029858 0.000000
vt 0.200000 0.900000 0.000000
vt 0.193185 0.951764 0.000000
vt 0.173205 1.000000 0.000000
vt 0.196413 1.082323 0.000000
vt 0.141421 1.041421 0.000000
vt 0.100000 1.073205 0.000000
vt 0.051764 1.093185 0.000000
vt 0.100000 0.726795 0.000000
vt 0.067500 0.116913 0.000000
vt 0.051764 0.706815 0.000000
vt 0.034941 0.130400 0.000000
vt -0.000000 0.700000 0.000000
vt 0.000000 0.135000 0.000000
vt -0.034941 0.130400 0.000000
vt -0.051764 0.706815 0.000000
vt -0.067500 0.116913 0.000000
vt -0.100000 0.726795 0.000000
vt 0.100000 -1.180715 0.000000
vt 0.000000 -1.180715 0.000000
vt 0.100000 -1.288053 0.000000
vt 0.000000 -1.288053 0.000000
vt 0.100000 1.288053 0.000000
vt 0.000000 1.288053 0.000000
vt 0.100000 1.180715 0.000000
vt 0.000000 1.180715 0.000000
vt 0.100000 1.073377 0.000000
vt 0.000000 1.073377 0.000000
vt 0.100000 0.966040 0.000000
vt 0.000000 0.966040 0.000000
vt 0.100000 0.858702 0.000000
vt 0.000000 0.858702 0.000000
vt 0.100000 0.751364 0.000000
vt 0.000000 0.751364 0.000000
vt 0.100000 0.644026 0.000000
vt -0.000000 0.644026 0.000000
vt 0.100000 0.536689 0.000000
vt -0.000000 0.536689 0.000000
vt 0.100000 0.429351 0.000000
vt 0.000000 0.429351 0.000000
vt 0.100000 0.322013 0.000000
vt -0.000000 0.322013 0.000000
vt 0.100000 0.214675 0.000000
vt -0.000000 0.214675 0.000000
vt 0.100000 0.107338 0.000000
vt -0.000000 0.107338 0.000000
vt 0.100000 0.000000 0.000000
vt 0.000000 0.000000 0.000000
vt 0.100000 -0.107338 0.000000
vt 0.000000 -0.107338 0.000000
vt 0.100000 -0.214675 0.000000
vt 0.000000 -0.214675 0.000000
vt 0.100000 -0.322013 0.000000
vt 0.000000 -0.322013 0.000000
vt 0.100000 -0.429351 0.000000
vt 0.000000 -0.429351 0.000000
vt 0.100000 -0.536689 0.000000
vt 0.000000 -0.536689 0.000000
vt 0.100000 -0.644026 0.000000
vt 0.000000 -0.644026 0.000000
vt 0.100000 -0.751364 0.000000
vt 0.000000 -0.751364 0.000000
vt 0.100000 -0.858702 0.000000
vt 0.000000 -0.858702 0.000000
vt 0.100000 -0.966040 0.000000
vt 0.000000 -0.966040 0.000000
vt 0.100000 -1.073377 0.000000
vt 0.000000 -1.073377 0.000000
vt -0.130400 -0.034941 0.000000
vt -0.135000 -0.000000 0.000000
vt -0.410000 -0.000000 0.000000
vt -0.130400 0.034941 0.000000
vt -0.396030 0.106116 0.000000
vt -0.116913 0.067500 0.000000
vt -0.355070 0.205000 0.000000
vt -0.095459 0.095459 0.000000
vt -0.289914 0.289914 0.000000
vt -0.067500 0.116913 0.000000
vt -0.205000 0.355070 0.000000
vt -0.034941 0.130400 0.000000
vt -0.106116 0.396030 0.000000
vt 0.000000 0.135000 0.000000
vt 0.000000 0.410000 0.000000
vt 0.106116 0.396030 0.000000
vt 0.034941 0.130400 0.000000
vt 0.205000 0.355070 0.000000
vt 0.067500 0.116913 0.000000
vt 0.289914 0.289914 0.000000
vt 0.095459 0.095459 0.000000
vt 0.355070 0.205000 0.000000
vt 0.116913 0.067500 0.000000
vt 0.396030 0.106116 0.000000
vt 0.130400 0.034941 0.000000
vt 0.410000 0.000000 0.000000
vt 0.135000 0.000000 0.000000
vt 0.396030 -0.106116 0.000000
vt 0.130400 -0.034941 0.000000
vt 0.116913 -0.067500 0.000000
vt 0.355070 -0.205000 0.000000
vt 0.095459 -0.095459 0.000000
vt 0.289914 -0.289914 0.000000
vt 0.067500 -0.116913 0.000000
vt 0.205000 -0.355070 0.000000
vt 0.034941 -0.130400 0.000000
vt 0.106116 -0.396030 0.000000
vt 0.000000 -0.135000 0.000000
vt 0.000000 -0.410000 0.000000
vt -0.106116 -0.396030 0.000000
vt -0.034941 -0.130400 0.000000
vt -0.205000 -0.355070 0.000000
vt -0.067500 -0.116913 0.000000
vt -0.289914 -0.289914 0.000000
vt -0.095459 -0.095459 0.000000
vt -0.355070 -0.205000 0.000000
vt -0.116913 -0.067500 0.000000
vt -0.396030 -0.106116 0.000000
vt 0.100000 0.388772 0.000000
vt 0.300000 0.388772 0.000000
vt 0.100000 0.424115 0.000000
vt 0.300000 0.424115 0.000000
vt 0.100000 -0.424115 0.000000
vt 0.300000 -0.424115 0.000000
vt 0.100000 -0.388772 0.000000
vt 0.300000 -0.388772 0.000000
vt 0.100000 -0.353429 0.000000
vt 0.300000 -0.353429 0.000000
vt 0.100000 -0.318086 0.000000
vt 0.300000 -0.318086 0.000000
vt 0.100000 -0.282743 0.000000
vt 0.300000 -0.282743 0.000000
vt 0.100000 -0.247400 0.000000
vt 0.300000 -0.247400 0.000000
vt 0.100000 -0.212058 0.000000
vt 0.300000 -0.212058 0.000000
vt 0.100000 -0.176715 0.000000
vt 0.300000 -0.176715 0.000000
vt 0.100000 -0.141372 0.000000
vt 0.300000 -0.141372 0.000000
vt 0.100000 -0.106029 0.000000
vt 0.300000 -0.106029 0.000000
vt 0.100000 -0.070686 0.000000
vt 0.300000 -0.070686 0.000000
vt 0.100000 -0.035343 0.000000
vt 0.300000 -0.035343 0.000000
vt 0.100000 0.000000 0.000000
vt 0.300000 0.000000 0.000000
vt 0.100000 0.035343 0.000000
vt 0.300000 0.035343 0.000000
vt 0.100000 0.070686 0.000000
vt 0.300000 0.070686 0.000000
vt 0.100000 0.106029 0.000000
vt 0.300000 0.106029 0.000000
vt 0.100000 0.141372 0.000000
vt 0.300000 0.141372 0.000000
vt 0.100000 0.176715 0.000000
vt 0.300000 0.176715 0.000000
vt 0.100000 0.212058 0.000000
vt 0.300000 0.212058 0.000000
vt 0.100000 0.247400 0.000000
vt 0.300000 0.247400 0.000000
vt 0.100000 0.282743 0.000000
vt 0.300000 0.282743 0.000000
vt 0.100000 0.318086 0.000000
vt 0.300000 0.318086 0.000000
vt 0.100000 0.353429 0.000000
vt 0.300000 0.353429 0.000000
vt 0.070711 -4.625995 0.000000
vt -0.070711 -4.637589 0.000000
vt 0.070711 -4.869469 0.000000
vt -0.070711 -4.869469 0.000000
vt 0.070711 4.869469 0.000000
vt -0.070711 4.869469 0.000000
vt -0.070711 4.637589 0.000000
vt -0.070711 -4.405710 0.000000
vt 0.070711 -4.382522 0.000000
vt -0.070711 -4.173830 0.000000
vt 0.070711 -4.139048 0.000000
vt -0.070711 -3.941951 0.000000
vt 0.070711 -3.895575 0.000000
vt -0.070711 -3.710071 0.000000
vt 0.070711 -3.652101 0.000000
vt -0.070711 -3.478192 0.000000
vt 0.070711 -3.408628 0.000000
vt -0.070711 -3.246312 0.000000
vt 0.070711 -3.165155 0.000000
vt -0.070711 -3.014433 0.000000
vt 0.070711 -2.921681 0.000000
vt -0.070711 -2.782553 0.000000
vt 0.070711 -2.678208 0.000000
vt -0.070711 -2.550674 0.000000
vt 0.070711 -2.434734 0.000000
vt -0.070711 -2.318795 0.000000
vt 0.070711 -2.191261 0.000000
vt -0.070711 -2.086915 0.000000
vt 0.070711 -1.947787 0.000000
vt -0.070711 -1.855036 0.000000
vt 0.070711 -1.704314 0.000000
vt -0.070711 -1.623156 0.000000
vt 0.070711 -1.460841 0.000000
vt -0.070711 -1.391277 0.000000
vt 0.070711 -1.217367 0.000000
vt -0.070711 -1.159397 0.000000
vt 0.070711 -0.973894 0.000000
vt -0.070711 -0.927518 0.000000
vt 0.070711 -0.730420 0.000000
vt -0.070711 -0.695638 0.000000
vt 0.070711 -0.486947 0.000000
vt -0.070711 -0.463759 0.000000
vt 0.070711 -0.243473 0.000000
vt -0.070711 -0.231879 0.000000
vt 0.070711 0.000000 0.000000
vt -0.070711 0.000000 0.000000
vt -0.070711 0.231879 0.000000
vt 0.070711 0.243473 0.000000
vt -0.070711 0.463759 0.000000
vt 0.070711 0.486947 0.000000
vt -0.070711 0.695638 0.000000
vt 0.070711 0.730420 0.000000
vt -0.070711 0.927518 0.000000
vt 0.070711 0.973894 0.000000
vt -0.070711 1.159397 0.000000
vt 0.070711 1.217367 0.000000
vt -0.070711 1.391277 0.000000
vt 0.070711 1.460841 0.000000
vt -0.070711 1.623156 0.000000
vt 0.070711 1.704314 0.000000
vt -0.070711 1.855036 0.000000
vt 0.070711 1.947787 0.000000
vt -0.070711 2.086915 0.000000
vt 0.070711 2.191261 0.000000
vt -0.070711 2.318795 0.000000
vt 0.070711 2.434734 0.000000
vt -0.070711 2.550674 0.000000
vt 0.070711 2.678208 0.000000
vt -0.070711 2.782553 0.000000
vt 0.070711 2.921681 0.000000
vt -0.070711 3.014433 0.000000
vt 0.070711 3.165155 0.000000
vt -0.070711 3.246312 0.000000
vt 0.070711 3.408628 0.000000
vt -0.070711 3.478192 0.000000
vt 0.070711 3.652101 0.000000
vt -0.070711 3.710071 0.000000
vt 0.070711 3.895575 0.000000
vt -0.070711 3.941951 0.000000
vt 0.070711 4.139048 0.000000
vt -0.070711 4.173830 0.000000
vt 0.070711 4.382522 0.000000
vt -0.070711 4.405710 0.000000
vt 0.070711 4.625995 0.000000
vt 0.017730 0.213973 0.000000
vt -0.181533 0.234652 0.000000
vt -0.000000 0.000000 0.000000
vt -0.200000 0.000000 0.000000
vt -0.181533 -0.234652 0.000000
vt -0.126585 0.463525 0.000000
vt 0.070438 0.422109 0.000000
vt -0.036510 0.680986 0.000000
vt 0.156684 0.618732 0.000000
vt 0.086475 0.881678 0.000000
vt 0.274117 0.798477 0.000000
vt 0.239340 1.060660 0.000000
vt 0.419534 0.956441 0.000000
vt 0.418322 1.213525 0.000000
vt 0.588967 1.088316 0.000000
vt 0.619014 1.336510 0.000000
vt 0.777796 1.190505 0.000000
vt 0.836475 1.426585 0.000000
vt 0.980869 1.260220 0.000000
vt 1.065348 1.481533 0.000000
vt 1.192647 1.295560 0.000000
vt 1.300000 1.500000 0.000000
vt 1.407353 1.295560 0.000000
vt 1.534652 1.481533 0.000000
vt 1.619131 1.260220 0.000000
vt 1.763525 1.426585 0.000000
vt 1.822204 1.190505 0.000000
vt 1.980986 1.336510 0.000000
vt 2.011033 1.088316 0.000000
vt 2.181678 1.213525 0.000000
vt 2.180466 0.956441 0.000000
vt 2.360660 1.060660 0.000000
vt 2.325883 0.798477 0.000000
vt 2.513525 0.881678 0.000000
vt 2.443316 0.618732 0.000000
vt 2.636510 0.680986 0.000000
vt 2.529562 0.422109 0.000000
vt 2.726585 0.463525 0.000000
vt 2.582270 0.213973 0.000000
vt 2.781533 0.234652 0.000000
vt 2.600000 0.000000 0.000000
vt 2.800000 0.000000 0.000000
vt 2.781533 -0.234652 0.000000
vt 2.582270 -0.213973 0.000000
vt 2.726585 -0.463525 0.000000
vt 2.529562 -0.422109 0.000000
vt 2.636510 -0.680986 0.000000
vt 2.443316 -0.618732 0.000000
vt 2.513525 -0.881678 0.000000
vt 2.325883 -0.798477 0.000000
vt 2.360660 -1.060660 0.000000
vt 2.180466 -0.956441 0.000000
vt 2.181678 -1.213525 0.000000
vt 2.011033 -1.088316 0.000000
vt 1.980986 -1.336510 0.000000
vt 1.822204 -1.190505 0.000000
vt 1.763525 -1.426585 0.000000
vt 1.619131 -1.260220 0.000000
vt 1.534652 -1.481533 0.000000
vt 1.407353 -1.295560 0.000000
vt 1.300000 -1.500000 0.000000
vt 1.192647 -1.295560 0.000000
vt 1.065348 -1.481533 0.000000
vt 0.980869 -1.260220 0.000000
vt 0.836475 -1.426585 0.000000
vt 0.777796 -1.190505 0.000000
vt 0.619014 -1.336510 0.000000
vt 0.588967 -1.088316 0.000000
vt 0.418322 -1.213525 0.000000
vt 0.419534 -0.956441 0.000000
vt 0.239340 -1.060660 0.000000
vt 0.274117 -0.798477 0.000000
vt 0.086475 -0.881678 0.000000
vt 0.156684 -0.618732 0.000000
vt -0.036510 -0.680986 0.000000
vt 0.070438 -0.422109 0.000000
vt -0.126585 -0.463525 0.000000
vt 0.017730 -0.213973 0.000000
vt -1.000000 4.787189 0.000000
vt -0.875000 4.787189 0.000000
vt -1.000000 5.026548 0.000000
vt -0.875000 5.026548 0.000000
vt -1.000000 -5.026548 0.000000
vt -0.875000 -5.026548 0.000000
vt -1.000000 -4.787189 0.000000
vt -0.875000 -4.787189 0.000000
vt -1.000000 -4.547829 0.000000
vt -0.875000 -4.547829 0.000000
vt -1.000000 -4.308470 0.000000
vt -0.875000 -4.308470 0.000000
vt -1.000000 -4.069110 0.000000
vt -0.875000 -4.069110 0.000000
vt -1.000000 -3.829751 0.000000
vt -0.875000 -3.829751 0.000000
vt -1.000000 -3.590392 0.000000
vt -0.875000 -3.590392 0.000000
vt -1.000000 -3.351032 0.000000
vt -0.875000 -3.351032 0.000000
vt -1.000000 -3.111673 0.000000
vt -0.875000 -3.111673 0.000000
vt -1.000000 -2.872313 0.000000
vt -0.875000 -2.872313 0.000000
vt -1.000000 -2.632954 0.000000
vt -0.875000 -2.632954 0.000000
vt -1.000000 -2.393594 0.000000
vt -0.875000 -2.393594 0.000000
vt -1.000000 -2.154235 0.000000
vt -0.875000 -2.154235 0.000000
vt -1.000000 -1.914876 0.000000
vt -0.875000 -1.914876 0.000000
vt -1.000000 -1.675516 0.000000
vt -0.875000 -1.675516 0.000000
vt -1.000000 -1.436157 0.000000
vt -0.875000 -1.436157 0.000000
vt -1.000000 -1.196797 0.000000
vt -0.875000 -1.196797 0.000000
vt -1.000000 -0.957438 0.000000
vt -0.875000 -0.957438 0.000000
vt -1.000000 -0.718078 0.000000
vt -0.875000 -0.718078 0.000000
vt -1.000000 -0.478719 0.000000
vt -0.875000 -0.478719 0.000000
vt -1.000000 -0.239359 0.000000
vt -0.875000 -0.239359 0.000000
vt -1.000000 0.000000 0.000000
vt -0.875000 0.000000 0.000000
vt -1.000000 0.239359 0.000000
vt -0.875000 0.239359 0.000000
vt -1.000000 0.478719 0.000000
vt -0.875000 0.478719 0.000000
vt -1.000000 0.718078 0.000000
vt -0.875000 0.718078 0.000000
vt -1.000000 0.957438 0.000000
vt -0.875000 0.957438 0.000000
vt -1.000000 1.196797 0.000000
vt -0.875000 1.196797 0.000000
vt -1.000000 1.436157 0.000000
vt -0.875000 1.436157 0.000000
vt -1.000000 1.675516 0.000000
vt -0.875000 1.675516 0.000000
vt -1.000000 1.914876 0.000000
vt -0.875000 1.914876 0.000000
vt -1.000000 2.154235 0.000000
vt -0.875000 2.154235 0.000000
vt -1.000000 2.393594 0.000000
vt -0.875000 2.393594 0.000000
vt -1.000000 2.632954 0.000000
vt -0.875000 2.632954 0.000000
vt -1.000000 2.872313 0.000000
vt -0.875000 2.872313 0.000000
vt -1.000000 3.111673 0.000000
vt -0.875000 3.111673 0.000000
vt -1.000000 3.351032 0.000000
vt -0.875000 3.351032 0.000000
vt -1.000000 3.590392 0.000000
vt -0.875000 3.590392 0.000000
vt -1.000000 3.829751 0.000000
vt -0.875000 3.829751 0.000000
vt -1.000000 4.069110 0.000000
vt -0.875000 4.069110 0.000000
vt -1.000000 4.308470 0.000000
vt -0.875000 4.308470 0.000000
vt -1.000000 4.547829 0.000000
vt -0.875000 4.547829 0.000000
vt 0.070711 -4.625995 0.000000
vt -0.070711 -4.637589 0.000000
vt 0.070711 -4.869469 0.000000
vt -0.070711 -4.869469 0.000000
vt 0.070711 4.869469 0.000000
vt -0.070711 4.869469 0.000000
vt -0.070711 4.637589 0.000000
vt -0.070711 -4.405710 0.000000
vt 0.070711 -4.382522 0.000000
vt -0.070711 -4.173830 0.000000
vt 0.070711 -4.139048 0.000000
vt -0.070711 -3.941951 0.000000
vt 0.070711 -3.895575 0.000000
vt -0.070711 -3.710071 0.000000
vt 0.070711 -3.652101 0.000000
vt -0.070711 -3.478192 0.000000
vt 0.070711 -3.408628 0.000000
vt -0.070711 -3.246312 0.000000
vt 0.070711 -3.165155 0.000000
vt -0.070711 -3.014433 0.000000
vt 0.070711 -2.921681 0.000000
vt -0.070711 -2.782553 0.000000
vt 0.070711 -2.678208 0.000000
vt -0.070711 -2.550674 0.000000
vt 0.070711 -2.434734 0.000000
vt -0.070711 -2.318795 0.000000
vt 0.070711 -2.191261 0.000000
vt -0.070711 -2.086915 0.000000
vt 0.070711 -1.947787 0.000000
vt -0.070711 -1.855036 0.000000
vt 0.070711 -1.704314 0.000000
vt -0.070711 -1.623156 0.000000
vt 0.070711 -1.460841 0.000000
vt -0.070711 -1.391277 0.000000
vt 0.070711 -1.217367 0.000000
vt -0.070711 -1.159397 0.000000
vt 0.070711 -0.973894 0.000000
vt -0.070711 -0.927518 0.000000
vt 0.070711 -0.730420 0.000000
vt -0.070711 -0.695638 0.000000
vt 0.070711 -0.486947 0.000000
vt -0.070711 -0.463759 0.000000
vt 0.070711 -0.243473 0.000000
vt -0.070711 -0.231879 0.000000
vt 0.070711 0.000000 0.000000
vt -0.070711 0.000000 0.000000
vt -0.070711 0.231879 0.000000
vt 0.070711 0.243473 0.000000
vt -0.070711 0.463759 0.000000
vt 0.070711 0.486947 0.000000
vt -0.070711 0.695638 0.000000
vt 0.070711 0.730420 0.000000
vt -0.070711 0.927518 0.000000
vt 0.070711 0.973894 0.000000
vt -0.070711 1.159397 0.000000
vt 0.070711 1.217367 0.000000
vt -0.070711 1.391277 0.000000
vt 0.070711 1.460841 0.000000
vt -0.070711 1.623156 0.000000
vt 0.070711 1.704314 0.000000
vt -0.070711 1.855036 0.000000
vt 0.070711 1.947787 0.000000
vt -0.070711 2.086915 0.000000
vt 0.070711 2.191261 0.000000
vt -0.070711 2.318795 0.000000
vt 0.070711 2.434734 0.000000
vt -0.070711 2.550674 0.000000
vt 0.070711 2.678208 0.000000
vt -0.070711 2.782553 0.000000
vt 0.070711 2.921681 0.000000
vt -0.070711 3.014433 0.000000
vt 0.070711 3.165155 0.000000
vt -0.070711 3.246312 0.000000
vt 0.070711 3.408628 0.000000
vt -0.070711 3.478192 0.000000
vt 0.070711 3.652101 0.000000
vt -0.070711 3.710071 0.000000
vt 0.070711 3.895575 0.000000
vt -0.070711 3.941951 0.000000
vt 0.070711 4.139048 0.000000
vt -0.070711 4.173830 0.000000
vt 0.070711 4.382522 0.000000
vt -0.070711 4.405710 0.000000
vt 0.070711 4.625995 0.000000
vt -0.317730 -0.213973 0.000000
vt -0.118467 -0.234652 0.000000
vt -0.300000 0.000000 0.000000
vt -0.100000 0.000000 0.000000
vt -0.118467 0.234652 0.000000
vt -0.173415 -0.463525 0.000000
vt -0.370438 -0.422109 0.000000
vt -0.263490 -0.680986 0.000000
vt -0.456684 -0.618732 0.000000
vt -0.386475 -0.881678 0.000000
vt -0.574117 -0.798477 0.000000
vt -0.539340 -1.060660 0.000000
vt -0.719534 -0.956441 0.000000
vt -0.718322 -1.213525 0.000000
vt -0.888967 -1.088316 0.000000
vt -0.919014 -1.336510 0.000000
vt -1.077796 -1.190505 0.000000
vt -1.136475 -1.426585 0.000000
vt -1.280869 -1.260220 0.000000
vt -1.365348 -1.481533 0.000000
vt -1.492647 -1.295560 0.000000
vt -1.600000 -1.500000 0.000000
vt -1.707353 -1.295560 0.000000
vt -1.834652 -1.481533 0.000000
vt -1.919131 -1.260220 0.000000
vt -2.063525 -1.426585 0.000000
vt -2.122204 -1.190505 0.000000
vt -2.280986 -1.336510 0.000000
vt -2.311033 -1.088316 0.000000
vt -2.481678 -1.213525 0.000000
vt -2.480466 -0.956441 0.000000
vt -2.660660 -1.060660 0.000000
vt -2.625883 -0.798477 0.000000
vt -2.813525 -0.881678 0.000000
vt -2.743316 -0.618732 0.000000
vt -2.936510 -0.680986 0.000000
vt -2.829562 -0.422109 0.000000
vt -3.026585 -0.463525 0.000000
vt -2.882270 -0.213973 0.000000
vt -3.081533 -0.234652 0.000000
vt -2.900000 0.000000 0.000000
vt -3.100000 0.000000 0.000000
vt -3.081533 0.234652 0.000000
vt -2.882270 0.213973 0.000000
vt -3.026585 0.463525 0.000000
vt -2.829562 0.422109 0.000000
vt -2.936510 0.680986 0.000000
vt -2.743316 0.618732 0.000000
vt -2.813525 0.881678 0.000000
vt -2.625883 0.798477 0.000000
vt -2.660660 1.060660 0.000000
vt -2.480466 0.956441 0.000000
vt -2.481678 1.213525 0.000000
vt -2.311033 1.088316 0.000000
vt -2.280986 1.336510 0.000000
vt -2.122204 1.190505 0.000000
vt -2.063525 1.426585 0.000000
vt -1.919131 1.260220 0.000000
vt -1.834652 1.481533 0.000000
vt -1.707353 1.295560 0.000000
vt -1.600000 1.500000 0.000000
vt -1.492647 1.295560 0.000000
vt -1.365348 1.481533 0.000000
vt -1.280869 1.260220 0.000000
vt -1.136475 1.426585 0.000000
vt -1.077796 1.190505 0.000000
vt -0.919014 1.336510 0.000000
vt -0.888967 1.088316 0.000000
vt -0.718322 1.213525 0.000000
vt -0.719534 0.956441 0.000000
vt -0.539340 1.060660 0.000000
vt -0.574117 0.798477 0.000000
vt -0.386475 0.881678 0.000000
vt -0.456684 0.618732 0.000000
vt -0.263490 0.680986 0.000000
vt -0.370438 0.422109 0.000000
vt -0.173415 0.463525 0.000000
vt -0.317730 0.213973 0.000000
vt -0.000000 -4.787189 0.000000
vt -0.125000 -4.787189 0.000000
vt -0.000000 -5.026548 0.000000
vt -0.125000 -5.026548 0.000000
vt -0.000000 5.026548 0.000000
vt -0.125000 5.026548 0.000000
vt -0.000000 4.787189 0.000000
vt -0.125000 4.787189 0.000000
vt -0.000000 4.547829 0.000000
vt -0.125000 4.547829 0.000000
vt -0.000000 4.308470 0.000000
vt -0.125000 4.308470 0.000000
vt -0.000000 4.069110 0.000000
vt -0.125000 4.069110 0.000000
vt -0.000000 3.829751 0.000000
vt -0.125000 3.829751 0.000000
vt -0.000000 3.590392 0.000000
vt -0.125000 3.590392 0.000000
vt -0.000000 3.351032 0.000000
vt -0.125000 3.351032 0.000000
vt -0.000000 3.111673 0.000000
vt -0.125000 3.111673 0.000000
vt -0.000000 2.872313 0.000000
vt -0.125000 2.872313 0.000000
vt -0.000000 2.632954 0.000000
vt -0.125000 2.632954 0.000000
vt -0.000000 2.393594 0.000000
vt -0.125000 2.393594 0.000000
vt -0.000000 2.154235 0.000000
vt -0.125000 2.154235 0.000000
vt -0.000000 1.914876 0.000000
vt -0.125000 1.914876 0.000000
vt -0.000000 1.675516 0.000000
vt -0.125000 1.675516 0.000000
vt -0.000000 1.436157 0.000000
vt -0.125000 1.436157 0.000000
vt -0.000000 1.196797 0.000000
vt -0.125000 1.196797 0.000000
vt -0.000000 0.957438 0.000000
vt -0.125000 0.957438 0.000000
vt -0.000000 0.718078 0.000000
vt -0.125000 0.718078 0.000000
vt -0.000000 0.478719 0.000000
vt -0.125000 0.478719 0.000000
vt -0.000000 0.239359 0.000000
vt -0.125000 0.239359 0.000000
vt -0.000000 0.000000 0.000000
vt -0.125000 0.000000 0.000000
vt -0.000000 -0.239359 0.000000
vt -0.125000 -0.239359 0.000000
vt -0.000000 -0.478719 0.000000
vt -0.125000 -0.478719 0.000000
vt -0.000000 -0.718078 0.000000
vt -0.125000 -0.718078 0.000000
vt -0.000000 -0.957438 0.000000
vt -0.125000 -0.957438 0.000000
vt -0.000000 -1.196797 0.000000
vt -0.125000 -1.196797 0.000000
vt -0.000000 -1.436157 0.000000
vt -0.125000 -1.436157 0.000000
vt -0.000000 -1.675516 0.000000
vt -0.125000 -1.675516 0.000000
vt -0.000000 -1.914876 0.000000
vt -0.125000 -1.914876 0.000000
vt -0.000000 -2.154235 0.000000
vt -0.125000 -2.154235 0.000000
vt -0.000000 -2.393594 0.000000
vt -0.125000 -2.393594 0.000000
vt -0.000000 -2.632954 0.000000
vt -0.125000 -2.632954 0.000000
vt -0.000000 -2.872313 0.000000
vt -0.125000 -2.872313 0.000000
vt -0.000000 -3.111673 0.000000
vt -0.125000 -3.111673 0.000000
vt -0.000000 -3.351032 0.000000
vt -0.125000 -3.351032 0.000000
vt -0.000000 -3.590392 0.000000
vt -0.125000 -3.590392 0.000000
vt -0.000000 -3.829751 0.000000
vt -0.125000 -3.829751 0.000000
vt -0.000000 -4.069110 0.000000
vt -0.125000 -4.069110 0.000000
vt -0.000000 -4.308470 0.000000
vt -0.125000 -4.308470 0.000000
vt -0.000000 -4.547829 0.000000
vt -0.125000 -4.547829 0.000000
vt -0.275000 -0.214951 0.000000
vt 0.275000 -0.214951 0.000000
vt -0.275000 0.000000 0.000000
vt 0.275000 0.000000 0.000000
vt -0.275000 0.214951 0.000000
vt 0.275000 0.214951 0.000000
vt -0.275000 0.429902 0.000000
vt 0.275000 0.429902 0.000000
vt -0.275000 0.644853 0.000000
vt 0.275000 0.644853 0.000000
vt -0.275000 0.859804 0.000000
vt 0.275000 0.859804 0.000000
vt -0.275000 1.074755 0.000000
vt 0.275000 1.074755 0.000000
vt -0.275000 1.289706 0.000000
vt 0.275000 1.289706 0.000000
vt -0.275000 1.504658 0.000000
vt 0.275000 1.504658 0.000000
vt -0.275000 1.719609 0.000000
vt 0.275000 1.719609 0.000000
vt -0.275000 1.934560 0.000000
vt 0.275000 1.934560 0.000000
vt -0.275000 2.149511 0.000000
vt 0.275000 2.149511 0.000000
vt -0.275000 2.364462 0.000000
vt 0.275000 2.364462 0.000000
vt -0.275000 2.579413 0.000000
vt 0.275000 2.579413 0.000000
vt -0.275000 2.794364 0.000000
vt 0.275000 2.794364 0.000000
vt -0.275000 3.009315 0.000000
vt 0.275000 3.009315 0.000000
vt -0.275000 3.224266 0.000000
vt 0.275000 3.224266 0.000000
vt -0.275000 3.439217 0.000000
vt 0.275000 3.439217 0.000000
vt -0.275000 3.654168 0.000000
vt 0.275000 3.654168 0.000000
vt -0.275000 3.869119 0.000000
vt 0.275000 3.869119 0.000000
vt -0.275000 4.084070 0.000000
vt 0.275000 4.084070 0.000000
vt -0.275000 -4.084070 0.000000
vt 0.275000 -4.084070 0.000000
vt -0.275000 -3.869119 0.000000
vt 0.275000 -3.869119 0.000000
vt -0.275000 -3.654168 0.000000
vt 0.275000 -3.654168 0.000000
vt -0.275000 -3.439217 0.000000
vt 0.275000 -3.439217 0.000000
vt -0.275000 -3.224266 0.000000
vt 0.275000 -3.224266 0.000000
vt -0.275000 -3.009315 0.000000
vt 0.275000 -3.009315 0.000000
vt -0.275000 -2.794364 0.000000
vt 0.275000 -2.794364 0.000000
vt -0.275000 -2.579413 0.000000
vt 0.275000 -2.579413 0.000000
vt -0.275000 -2.364462 0.000000
vt 0.275000 -2.364462 0.000000
vt -0.275000 -2.149511 0.000000
vt 0.275000 -2.149511 0.000000
vt -0.275000 -1.934560 0.000000
vt 0.275000 -1.934560 0.000000
vt -0.275000 -1.719609 0.000000
vt 0.275000 -1.719609 0.000000
vt -0.275000 -1.504658 0.000000
vt 0.275000 -1.504658 0.000000
vt -0.275000 -1.289706 0.000000
vt 0.275000 -1.289706 0.000000
vt -0.275000 -1.074755 0.000000
vt 0.275000 -1.074755 0.000000
vt -0.275000 -0.859804 0.000000
vt 0.275000 -0.859804 0.000000
vt -0.275000 -0.644853 0.000000
vt 0.275000 -0.644853 0.000000
vt -0.275000 -0.429902 0.000000
vt 0.275000 -0.429902 0.000000
vt -0.070711 3.406384 0.000000
vt 0.070711 3.412119 0.000000
vt -0.070711 3.612832 0.000000
vt 0.070711 3.612832 0.000000
vt -0.070711 -3.612832 0.000000
vt 0.070711 -3.612832 0.000000
vt 0.070711 -3.412119 0.000000
vt 0.070711 3.211406 0.000000
vt -0.070711 3.199937 0.000000
vt 0.070711 3.010693 0.000000
vt -0.070711 2.993489 0.000000
vt 0.070711 2.809980 0.000000
vt -0.070711 2.787041 0.000000
vt 0.070711 2.609267 0.000000
vt -0.070711 2.580594 0.000000
vt 0.070711 2.408554 0.000000
vt -0.070711 2.374146 0.000000
vt 0.070711 2.207842 0.000000
vt -0.070711 2.167699 0.000000
vt 0.070711 2.007129 0.000000
vt -0.070711 1.961251 0.000000
vt 0.070711 1.806416 0.000000
vt -0.070711 1.754804 0.000000
vt 0.070711 1.605703 0.000000
vt -0.070711 1.548356 0.000000
vt 0.070711 1.404990 0.000000
vt -0.070711 1.341909 0.000000
vt 0.070711 1.204277 0.000000
vt -0.070711 1.135461 0.000000
vt 0.070711 1.003564 0.000000
vt -0.070711 0.929014 0.000000
vt 0.070711 0.802851 0.000000
vt -0.070711 0.722566 0.000000
vt 0.070711 0.602139 0.000000
vt -0.070711 0.516119 0.000000
vt 0.070711 0.401426 0.000000
vt -0.070711 0.309671 0.000000
vt 0.070711 0.200713 0.000000
vt -0.070711 0.103224 0.000000
vt 0.070711 0.000000 0.000000
vt -0.070711 -0.103224 0.000000
vt 0.070711 -0.200713 0.000000
vt -0.070711 -0.309671 0.000000
vt 0.070711 -0.401426 0.000000
vt -0.070711 -0.516119 0.000000
vt 0.070711 -0.602139 0.000000
vt -0.070711 -0.722566 0.000000
vt 0.070711 -0.802851 0.000000
vt -0.070711 -0.929014 0.000000
vt 0.070711 -1.003564 0.000000
vt -0.070711 -1.135461 0.000000
vt 0.070711 -1.204277 0.000000
vt -0.070711 -1.341909 0.000000
vt 0.070711 -1.404990 0.000000
vt -0.070711 -1.548356 0.000000
vt 0.070711 -1.605703 0.000000
vt -0.070711 -1.754804 0.000000
vt 0.070711 -1.806416 0.000000
vt -0.070711 -1.961251 0.000000
vt 0.070711 -2.007129 0.000000
vt -0.070711 -2.167699 0.000000
vt 0.070711 -2.207842 0.000000
vt -0.070711 -2.374146 0.000000
vt 0.070711 -2.408554 0.000000
vt -0.070711 -2.580594 0.000000
vt 0.070711 -2.609267 0.000000
vt -0.070711 -2.787041 0.000000
vt 0.070711 -2.809980 0.000000
vt -0.070711 -2.993489 0.000000
vt 0.070711 -3.010693 0.000000
vt -0.070711 -3.199937 0.000000
vt 0.070711 -3.211406 0.000000
vt -0.070711 -3.406384 0.000000
vt 0.700000 1.925347 0.000000
vt 0.100000 1.875980 0.000000
vt 0.700000 1.727876 0.000000
vt 0.100000 1.678508 0.000000
vt 0.700000 1.530404 0.000000
vt 0.100000 1.481037 0.000000
vt 0.700000 1.332933 0.000000
vt 0.100000 1.283565 0.000000
vt 0.700000 1.135461 0.000000
vt 0.100000 1.086093 0.000000
vt 0.700000 0.937990 0.000000
vt 0.100000 0.888622 0.000000
vt 0.700000 0.740518 0.000000
vt 0.100000 0.691150 0.000000
vt 0.700000 0.543047 0.000000
vt 0.100000 0.493679 0.000000
vt 0.700000 0.345575 0.000000
vt 0.100000 0.296207 0.000000
vt 0.700000 0.148104 0.000000
vt 0.100000 0.098736 0.000000
vt 0.700000 -0.049368 0.000000
vt 0.100000 -0.098736 0.000000
vt 0.700000 -0.246839 0.000000
vt 0.100000 -0.296207 0.000000
vt 0.700000 -0.444311 0.000000
vt 0.100000 -0.493679 0.000000
vt 0.700000 -0.641782 0.000000
vt 0.100000 -0.691150 0.000000
vt 0.700000 -0.839254 0.000000
vt 0.100000 -0.888622 0.000000
vt 0.700000 -1.036726 0.000000
vt 0.100000 -1.086093 0.000000
vt 0.700000 -1.234197 0.000000
vt 0.100000 -1.283565 0.000000
vt 0.700000 -1.431669 0.000000
vt 0.100000 -1.481037 0.000000
vt 0.700000 -1.629140 0.000000
vt 0.100000 -1.678508 0.000000
vt 0.700000 -1.826612 0.000000
vt 0.100000 -1.875980 0.000000
vt 0.700000 -2.024083 0.000000
vt 0.100000 -2.073451 0.000000
vt 0.700000 -2.221555 0.000000
vt 0.100000 -2.270923 0.000000
vt 0.700000 -2.419026 0.000000
vt 0.100000 -2.468394 0.000000
vt 0.700000 -2.616498 0.000000
vt 0.100000 -2.665866 0.000000
vt 0.700000 -2.813969 0.000000
vt 0.100000 -2.863337 0.000000
vt 0.700000 -3.011441 0.000000
vt 0.100000 -3.060809 0.000000
vt 0.700000 -3.208912 0.000000
vt 0.100000 -3.258280 0.000000
vt 0.700000 -3.406384 0.000000
vt 0.100000 -3.455752 0.000000
vt 0.700000 -3.603856 0.000000
vt 0.700000 3.307648 0.000000
vt 0.100000 3.455752 0.000000
vt 0.100000 3.258280 0.000000
vt 0.700000 3.110177 0.000000
vt 0.100000 3.060809 0.000000
vt 0.700000 2.912705 0.000000
vt 0.100000 2.863337 0.000000
vt 0.700000 2.715234 0.000000
vt 0.100000 2.665866 0.000000
vt 0.700000 2.517762 0.000000
vt 0.100000 2.468394 0.000000
vt 0.700000 2.320291 0.000000
vt 0.100000 2.270923 0.000000
vt 0.700000 2.122819 0.000000
vt 0.100000 2.073451 0.000000
vt 1.582129 -0.238468 0.000000
vt 1.600000 -0.000000 0.000000
vt 1.200000 0.000000 0.000000
vt 1.582129 0.238468 0.000000
vt 1.181769 0.208378 0.000000
vt 1.528916 0.471608 0.000000
vt 1.127631 0.410424 0.000000
vt 1.441550 0.694214 0.000000
vt 1.039230 0.600000 0.000000
vt 1.321982 0.901312 0.000000
vt 0.919253 0.771345 0.000000
vt 1.172883 1.088276 0.000000
vt 0.771345 0.919253 0.000000
vt 0.997584 1.250930 0.000000
vt 0.600000 1.039230 0.000000
vt 0.800000 1.385641 0.000000
vt 0.584546 1.489398 0.000000
vt 0.410424 1.127631 0.000000
vt 0.356033 1.559885 0.000000
vt 0.208378 1.181769 0.000000
vt 0.119568 1.595526 0.000000
vt -0.000000 1.200000 0.000000
vt -0.119568 1.595526 0.000000
vt -0.208378 1.181769 0.000000
vt -0.356033 1.559885 0.000000
vt -0.410424 1.127631 0.000000
vt -0.584546 1.489398 0.000000
vt -0.600000 1.039230 0.000000
vt -0.800000 1.385641 0.000000
vt -0.997584 1.250930 0.000000
vt -0.771345 0.919253 0.000000
vt -1.172883 1.088276 0.000000
vt -0.919253 0.771345 0.000000
vt -1.321982 0.901312 0.000000
vt -1.039230 0.600000 0.000000
vt -1.441550 0.694214 0.000000
vt -1.127631 0.410424 0.000000
vt -1.528916 0.471608 0.000000
vt -1.181769 0.208378 0.000000
vt -1.582129 0.238468 0.000000
vt -1.200000 0.000000 0.000000
vt -1.600000 0.000000 0.000000
vt -1.582129 -0.238468 0.000000
vt -1.181769 -0.208378 0.000000
vt -1.528916 -0.471608 0.000000
vt -1.127631 -0.410424 0.000000
vt -1.441550 -0.694214 0.000000
vt -1.039230 -0.600000 0.000000
vt -1.321982 -0.901312 0.000000
vt -0.919253 -0.771345 0.000000
vt -1.172883 -1.088276 0.000000
vt -0.771345 -0.919253 0.000000
vt -0.997584 -1.250930 0.000000
vt -0.600000 -1.039230 0.000000
vt -0.800000 -1.385641 0.000000
vt -0.584546 -1.489398 0.000000
vt -0.410424 -1.127631 0.000000
vt -0.356033 -1.559885 0.000000
vt -0.208378 -1.181769 0.000000
vt -0.119568 -1.595526 0.000000
vt -0.000000 -1.200000 0.000000
vt 0.119568 -1.595526 0.000000
vt 0.208378 -1.181769 0.000000
vt 0.356033 -1.559885 0.000000
vt 0.410424 -1.127631 0.000000
vt 0.584546 -1.489398 0.000000
vt 0.600000 -1.039230 0.000000
vt 0.800000 -1.385641 0.000000
vt 0.997584 -1.250930 0.000000
vt 0.771345 -0.919253 0.000000
vt 1.172883 -1.088276 0.000000
vt 0.919253 -0.771345 0.000000
vt 1.321982 -0.901312 0.000000
vt 1.039230 -0.600000 0.000000
vt 1.441550 -0.694214 0.000000
vt 1.127631 -0.410424 0.000000
vt 1.528916 -0.471608 0.000000
vt 1.181769 -0.208378 0.000000
vt 0.193185 0.848236 0.000000
vt 0.997584 1.250930 0.000000
vt 0.200000 0.900000 0.000000
vt 0.800000 1.385641 0.000000
vt 0.193185 0.951764 0.000000
vt 0.584546 1.489398 0.000000
vt 0.173205 1.000000 0.000000
vt 0.141421 1.041421 0.000000
vt 0.356033 1.559885 0.000000
vt 0.100000 1.073205 0.000000
vt 0.119568 1.595526 0.000000
vt 0.051764 1.093185 0.000000
vt -0.000000 1.100000 0.000000
vt -0.119568 1.595526 0.000000
vt -0.051764 1.093185 0.000000
vt -0.100000 1.073205 0.000000
vt -0.356033 1.559885 0.000000
vt -0.141421 1.041421 0.000000
vt -0.584546 1.489398 0.000000
vt -0.173205 1.000000 0.000000
vt -0.193185 0.951764 0.000000
vt -0.800000 1.385641 0.000000
vt -0.200000 0.900000 0.000000
vt -0.997584 1.250930 0.000000
vt -0.193185 0.848236 0.000000
vt -1.172883 1.088276 0.000000
vt -0.289914 0.289914 0.000000
vt -1.321982 0.901312 0.000000
vt -0.355070 0.205000 0.000000
vt -1.441550 0.694214 0.000000
vt -0.396030 0.106116 0.000000
vt -1.528916 0.471608 0.000000
vt -1.582129 0.238468 0.000000
vt 0.173205 0.800000 0.000000
vt 0.289914 0.289914 0.000000
vt 1.172883 1.088276 0.000000
vt 0.205000 0.355070 0.000000
vt 0.141421 0.758579 0.000000
vt 0.100000 0.726795 0.000000
vt 0.106116 0.396030 0.000000
vt 0.051764 0.706815 0.000000
vt -0.000000 0.410000 0.000000
vt -0.000000 0.700000 0.000000
vt -0.051764 0.706815 0.000000
vt -0.106116 0.396030 0.000000
vt -0.100000 0.726795 0.000000
vt -0.205000 0.355070 0.000000
vt -0.141421 0.758579 0.000000
vt -0.173205 0.800000 0.000000
vt 0.396030 -0.106116 0.000000
vt 1.582129 -0.238468 0.000000
vt 0.410000 0.000000 0.000000
vt 1.600000 0.000000 0.000000
vt 1.582129 0.238468 0.000000
vt 0.355070 -0.205000 0.000000
vt 1.441550 -0.694214 0.000000
vt 1.528916 -0.471608 0.000000
vt 1.321982 -0.901312 0.000000
vt 0.289914 -0.289914 0.000000
vt 1.172883 -1.088276 0.000000
vt 0.997584 -1.250930 0.000000
vt 0.205000 -0.355070 0.000000
vt 0.800000 -1.385641 0.000000
vt 0.584546 -1.489398 0.000000
vt 0.106116 -0.396030 0.000000
vt 0.356033 -1.559885 0.000000
vt 0.119568 -1.595526 0.000000
vt -0.000000 -0.410000 0.000000
vt -0.119568 -1.595526 0.000000
vt -0.106116 -0.396030 0.000000
vt -0.356033 -1.559885 0.000000
vt -0.584546 -1.489398 0.000000
vt -0.205000 -0.355070 0.000000
vt -0.800000 -1.385641 0.000000
vt -0.997584 -1.250930 0.000000
vt -0.289914 -0.289914 0.000000
vt -1.172883 -1.088276 0.000000
vt -1.321982 -0.901312 0.000000
vt -0.355070 -0.205000 0.000000
vt -1.441550 -0.694214 0.000000
vt -0.396030 -0.106116 0.000000
vt -1.528916 -0.471608 0.000000
vt -1.582129 -0.238468 0.000000
vt -0.410000 0.000000 0.000000
vt -1.600000 -0.000000 0.000000
vt 1.321982 0.901312 0.000000
vt 0.355070 0.205000 0.000000
vt 1.441550 0.694214 0.000000
vt 0.396030 0.106116 0.000000
vt 1.528916 0.471608 0.000000
vn -0.258819 0.000000 0.965926
vn -0.258819 0.000000 0.965926
vn 0.000000 0.000000 1.000000
vn 0.000000 0.000000 1.000000
vn 0.258819 0.000000 0.965926
vn 0.258819 0.000000 0.965926
vn 0.500000 0.000000 0.866025
vn 0.500000 0.000000 0.866025
vn 0.707107 0.000000 0.707107
vn 0.707107 0.000000 0.707107
vn 0.866025 0.000000 0.500000
vn 0.866025 0.000000 0.500000
vn 0.965926 0.000000 0.258819
vn 0.965926 0.000000 0.258819
vn 1.000000 0.000000 0.000000
vn 1.000000 0.000000 0.000000
vn 0.965926 0.000000 -0.258819
vn 0.965926 0.000000 -0.258819
vn 0.866025 0.000000 -0.500000
vn 0.866025 0.000000 -0.500000
vn 0.707107 0.000000 -0.707107
vn 0.707107 0.000000 -0.707107
vn 0.500000 0.000000 -0.866025
vn 0.500000 0.000000 -0.866025
vn 0.258819 0.000000 -0.965926
vn 0.258819 0.000000 -0.965926
vn -0.000000 -0.000000 -1.000000
vn 0.000000 0.000000 -1.000000
vn -0.258819 -0.000000 -0.965926
vn -0.258819 -0.000000 -0.965926
vn -0.500000 -0.000000 -0.866025
vn -0.500000 -0.000000 -0.866025
vn -0.707107 -0.000000 -0.707107
vn -0.707107 -0.000000 -0.707107
vn -0.866025 -0.000000 -0.500000
vn -0.866025 -0.000000 -0.500000
vn -0.965926 -0.000000 -0.258819
vn -0.965926 -0.000000 -0.258819
vn -1.000000 -0.000000 -0.000000
vn -1.000000 -0.000000 -0.000000
vn -0.965926 0.000000 0.258819
vn -0.965926 0.000000 0.258819
vn -0.866025 0.000000 0.500000
vn -0.866025 0.000000 0.500000
vn -0.707107 0.000000 0.707107
vn -0.707107 0.000000 0.707107
vn -0.500000 0.000000 0.866025
vn -0.500000 0.000000 0.866025
vn -0.000000 -1.000000 -0.000000
vn -0.000000 -1.000000 -0.000000
vn -0.000000 -1.000000 -0.000000
vn -0.000000 -1.000000 -0.000000
vn -0.000000 -1.000000 -0.000000
vn -0.000000 -1.000000 -0.000000
vn -0.000000 -1.000000 -0.000000
vn -0.000000 -1.000000 -0.000000
vn -0.000000 -1.000000 -0.000000
vn -0.000000 -1.000000 -0.000000
vn -0.000000 -1.000000 -0.000000
vn -0.000000 -1.000000 -0.000000
vn -0.000000 -1.000000 -0.000000
vn -0.000000 -1.000000 -0.000000
vn -0.000000 -1.000000 -0.000000
vn -0.000000 -1.000000 -0.000000
vn -0.000000 -1.000000 -0.000000
vn -0.000000 -1.000000 -0.000000
vn -0.000000 -1.000000 -0.000000
vn -0.000000 -1.000000 -0.000000
vn -0.000000 -1.000000 -0.000000
vn -0.000000 -1.000000 -0.000000
vn -0.000000 -1.000000 -0.000000
vn -0.000000 -1.000000 -0.000000
vn -0.000000 -1.000000 -0.000000
vn -0.000000 -1.000000 -0.000000
vn -0.000000 -1.000000 -0.000000
vn -0.000000 -1.000000 -0.000000
vn -0.000000 -1.000000 -0.000000
vn -0.000000 -1.000000 -0.000000
vn -0.000000 -1.000000 -0.000000
vn -0.000000 -1.000000 -0.000000
vn -0.000000 -1.000000 -0.000000
vn -0.000000 -1.000000 -0.000000
vn -0.000000 -1.000000 -0.000000
vn -0.000000 -1.000000 -0.000000
vn -0.000000 -1.000000 -0.000000
vn -0.000000 -1.000000 -0.000000
vn -0.000000 -1.000000 -0.000000
vn -0.000000 -1.000000 -0.000000
vn -0.000000 -1.000000 -0.000000
vn -0.000000 -1.000000 -0.000000
vn -0.000000 -1.000000 -0.000000
vn -0.000000 -1.000000 -0.000000
vn -0.000000 -1.000000 -0.000000
vn -0.000000 -1.000000 -0.000000
vn -0.000000 -1.000000 -0.000000
vn -0.000000 -1.000000 -0.000000
vn -0.000000 -1.000000 -0.000000
vn -0.000000 -1.000000 -0.000000
vn -0.000000 -1.000000 -0.000000
vn -0.000000 -1.000000 -0.000000
vn -0.000000 -1.000000 -0.000000
vn -0.000000 -1.000000 -0.000000
vn -0.000000 -1.000000 -0.000000
vn -0.000000 -1.000000 -0.000000
vn -0.000000 -1.000000 -0.000000
vn -0.000000 -1.000000 -0.000000
vn -0.000000 -1.000000 -0.000000
vn -0.000000 -1.000000 -0.000000
vn -0.000000 -1.000000 -0.000000
vn -0.000000 -1.000000 -0.000000
vn -0.000000 -1.000000 -0.000000
vn -0.000000 -1.000000 -0.000000
vn -0.000000 -1.000000 -0.000000
vn -0.000000 -1.000000 -0.000000
vn -0.000000 -1.000000 -0.000000
vn -0.000000 -1.000000 -0.000000
vn -0.000000 -1.000000 -0.000000
vn -0.000000 -1.000000 -0.000000
vn -0.000000 -1.000000 -0.000000
vn -0.000000 -1.000000 -0.000000
vn -0.000000 -1.000000 -0.000000
vn -0.000000 -1.000000 -0.000000
vn -0.000000 -1.000000 -0.000000
vn -0.000000 -1.000000 -0.000000
vn -0.000000 -1.000000 -0.000000
vn -0.000000 -1.000000 -0.000000
vn -0.000000 -1.000000 -0.000000
vn -0.000000 -1.000000 -0.000000
vn -0.000000 -1.000000 -0.000000
vn -0.000000 -1.000000 -0.000000
vn -0.965926 -0.000000 -0.258819
vn -0.965926 -0.000000 -0.258819
vn -1.000000 -0.000000 -0.000000
vn -1.000000 -0.000000 -0.000000
vn -0.965926 0.000000 0.258819
vn -0.965926 0.000000 0.258819
vn -0.866025 0.000000 0.500000
vn -0.866025 0.000000 0.500000
vn -0.707107 0.000000 0.707107
vn -0.707107 0.000000 0.707107
vn -0.500000 0.000000 0.866025
vn -0.500000 0.000000 0.866025
vn -0.258819 0.000000 0.965926
vn -0.258819 0.000000 0.965926
vn 0.000000 0.000000 1.000000
vn 0.000000 0.000000 1.000000
vn 0.258819 0.000000 0.965926
vn 0.258819 0.000000 0.965926
vn 0.500000 0.000000 0.866025
vn 0.500000 0.000000 0.866025
vn 0.707107 0.000000 0.707107
vn 0.707107 0.000000 0.707107
vn 0.866025 0.000000 0.500000
vn 0.866025 0.000000 0.500000
vn 0.965926 0.000000 0.258819
vn 0.965926 0.000000 0.258819
vn 1.000000 0.000000 0.000000
vn 1.000000 0.000000 0.000000
vn 0.965926 0.000000 -0.258819
vn 0.965926 0.000000 -0.258819
vn 0.866025 0.000000 -0.500000
vn 0.866025 0.000000 -0.500000
vn 0.707107 0.000000 -0.707107
vn 0.707107 0.000000 -0.707107
vn 0.500000 0.000000 -0.866025
vn 0.500000 0.000000 -0.866025
vn 0.258819 0.000000 -0.965926
vn 0.258819 0.000000 -0.965926
vn 0.000000 0.000000 -1.000000
vn 0.000000 0.000000 -1.000000
vn -0.258819 -0.000000 -0.965926
vn -0.258819 -0.000000 -0.965926
vn -0.500000 -0.000000 -0.866025
vn -0.500000 -0.000000 -0.866025
vn -0.707107 -0.000000 -0.707107
vn -0.707107 -0.000000 -0.707107
vn -0.866025 -0.000000 -0.500000
vn -0.866025 -0.000000 -0.500000
vn 0.000000 1.000000 0.000000
vn 0.000000 1.000000 0.000000
vn 0.000000 1.000000 0.000000
vn 0.000000 1.000000 0.000000
vn 0.000000 1.000000 0.000000
vn 0.000000 1.000000 0.000000
vn 0.000000 1.000000 0.000000
vn 0.000000 1.000000 0.000000
vn 0.000000 1.000000 0.000000
vn 0.000000 1.000000 0.000000
vn 0.000000 1.000000 0.000000
vn 0.000000 1.000000 0.000000
vn 0.000000 1.000000 0.000000
vn 0.000000 1.000000 0.000000
vn 0.000000 1.000000 0.000000
vn 0.000000 1.000000 0.000000
vn 0.000000 1.000000 0.000000
vn 0.000000 1.000000 0.000000
vn 0.000000 1.000000 0.000000
vn 0.000000 1.000000 0.000000
vn 0.000000 1.000000 0.000000
vn 0.000000 1.000000 0.000000
vn 0.000000 1.000000 0.000000
vn 0.000000 1.000000 0.000000
vn 0.000000 1.000000 0.000000
vn 0.000000 1.000000 0.000000
vn 0.000000 1.000000 0.000000
vn 0.000000 1.000000 0.000000
vn 0.000000 1.000000 0.000000
vn 0.000000 1.000000 0.000000
vn 0.000000 1.000000 0.000000
vn 0.000000 1.000000 0.000000
vn 0.000000 1.000000 0.000000
vn 0.000000 1.000000 0.000000
vn 0.000000 1.000000 0.000000
vn 0.000000 1.000000 0.000000
vn 0.000000 1.000000 0.000000
vn 0.000000 1.000000 0.000000
vn 0.000000 1.000000 0.000000
vn 0.000000 1.000000 0.000000
vn 0.000000 1.000000 0.000000
vn 0.000000 1.000000 0.000000
vn 0.000000 1.000000 0.000000
vn 0.000000 1.000000 0.000000
vn 0.000000 1.000000 0.000000
vn 0.000000 1.000000 0.000000
vn 0.000000 1.000000 0.000000
vn 0.000000 1.000000 0.000000
vn -0.965926 0.000000 0.258819
vn -0.965926 0.000000 0.258819
vn -1.000000 0.000000 0.000000
vn -1.000000 0.000000 0.000000
vn -0.965926 -0.000000 -0.258819
vn -0.965926 -0.000000 -0.258819
vn -0.866025 -0.000000 -0.500000
vn -0.866025 -0.000000 -0.500000
vn -0.707107 -0.000000 -0.707107
vn -0.707107 -0.000000 -0.707107
vn -0.500000 -0.000000 -0.866025
vn -0.500000 -0.000000 -0.866025
vn -0.258819 -0.000000 -0.965926
vn -0.258819 -0.000000 -0.965926
vn 0.000000 0.000000 -1.000000
vn 0.000000 0.000000 -1.000000
vn 0.258819 0.000000 -0.965926
vn 0.258819 0.000000 -0.965926
vn 0.500000 0.000000 -0.866025
vn 0.500000 0.000000 -0.866025
vn 0.707107 0.000000 -0.707107
vn 0.707107 0.000000 -0.707107
vn 0.866025 0.000000 -0.500000
vn 0.866025 0.000000 -0.500000
vn 0.965926 0.000000 -0.258819
vn 0.965926 0.000000 -0.258819
vn 1.000000 0.000000 0.000000
vn 1.000000 0.000000 0.000000
vn 0.965926 0.000000 0.258819
vn 0.965926 0.000000 0.258819
vn 0.866025 0.000000 0.500000
vn 0.866025 0.000000 0.500000
vn 0.707107 0.000000 0.707107
vn 0.707107 0.000000 0.707107
vn 0.500000 0.000000 0.866025
vn 0.500000 0.000000 0.866025
vn 0.258819 0.000000 0.965926
vn 0.258819 0.000000 0.965926
vn 0.000000 0.000000 1.000000
vn 0.000000 0.000000 1.000000
vn -0.258819 0.000000 0.965926
vn -0.258819 0.000000 0.965926
vn -0.500000 0.000000 0.866025
vn -0.500000 0.000000 0.866025
vn -0.707107 0.000000 0.707107
vn -0.707107 0.000000 0.707107
vn -0.866025 0.000000 0.500000
vn -0.866025 0.000000 0.500000
vn -0.698401 -0.707107 0.110616
vn -0.699209 -0.707107 0.105389
vn -0.707107 -0.707107 0.000000
vn -0.707107 -0.707107 0.000000
vn -0.699209 -0.707107 -0.105389
vn -0.675692 -0.707107 0.208423
vn -0.672499 -0.707107 0.218508
vn -0.637081 -0.707107 0.306802
vn -0.630037 -0.707107 0.321020
vn -0.584239 -0.707107 0.398327
vn -0.572061 -0.707107 0.415627
vn -0.518346 -0.707107 0.480955
vn -0.500000 -0.707107 0.500000
vn -0.440874 -0.707107 0.552838
vn -0.415627 -0.707107 0.572061
vn -0.353553 -0.707107 0.612372
vn -0.321020 -0.707107 0.630037
vn -0.258335 -0.707107 0.658227
vn -0.218508 -0.707107 0.672499
vn -0.157346 -0.707107 0.689378
vn -0.110616 -0.707107 0.698401
vn -0.052842 -0.707107 0.705130
vn 0.000000 -0.707107 0.707107
vn 0.052842 -0.707107 0.705130
vn 0.110616 -0.707107 0.698401
vn 0.157346 -0.707107 0.689378
vn 0.218508 -0.707107 0.672499
vn 0.258335 -0.707107 0.658227
vn 0.321020 -0.707107 0.630037
vn 0.353553 -0.707107 0.612372
vn 0.415627 -0.707107 0.572061
vn 0.440874 -0.707107 0.552838
vn 0.500000 -0.707107 0.500000
vn 0.518346 -0.707107 0.480955
vn 0.572061 -0.707107 0.415627
vn 0.584239 -0.707107 0.398327
vn 0.630037 -0.707107 0.321020
vn 0.637081 -0.707107 0.306802
vn 0.672499 -0.707107 0.218508
vn 0.675692 -0.707107 0.208423
vn 0.698401 -0.707107 0.110616
vn 0.699209 -0.707107 0.105389
vn 0.707107 -0.707107 -0.000000
vn 0.707107 -0.707107 -0.000000
vn 0.699209 -0.707107 -0.105389
vn 0.698401 -0.707107 -0.110616
vn 0.675692 -0.707107 -0.208423
vn 0.672499 -0.707107 -0.218508
vn 0.637081 -0.707107 -0.306802
vn 0.630037 -0.707107 -0.321020
vn 0.584239 -0.707107 -0.398327
vn 0.572061 -0.707107 -0.415627
vn 0.518346 -0.707107 -0.480955
vn 0.500000 -0.707107 -0.500000
vn 0.440874 -0.707107 -0.552838
vn 0.415627 -0.707107 -0.572061
vn 0.353553 -0.707107 -0.612372
vn 0.321020 -0.707107 -0.630037
vn 0.258335 -0.707107 -0.658227
vn 0.218508 -0.707107 -0.672499
vn 0.157346 -0.707107 -0.689378
vn 0.110616 -0.707107 -0.698401
vn 0.052842 -0.707107 -0.705130
vn 0.000000 -0.707107 -0.707107
vn -0.052842 -0.707107 -0.705130
vn -0.110616 -0.707107 -0.698401
vn -0.157346 -0.707107 -0.689378
vn -0.218508 -0.707107 -0.672499
vn -0.258335 -0.707107 -0.658227
vn -0.321020 -0.707107 -0.630037
vn -0.353553 -0.707107 -0.612372
vn -0.415627 -0.707107 -0.572061
vn -0.440874 -0.707107 -0.552838
vn -0.500000 -0.707107 -0.500000
vn -0.518346 -0.707107 -0.480955
vn -0.572061 -0.707107 -0.415627
vn -0.584239 -0.707107 -0.398327
vn -0.630037 -0.707107 -0.321020
vn -0.637081 -0.707107 -0.306802
vn -0.672499 -0.707107 -0.218508
vn -0.675692 -0.707107 -0.208423
vn -0.698401 -0.707107 -0.110616
vn -0.000000 -1.000000 -0.000000
vn -0.000000 -1.000000 -0.000000
vn -0.000000 -1.000000 -0.000000
vn -0.000000 -1.000000 -0.000000
vn -0.000000 -1.000000 -0.000000
vn -0.000000 -1.000000 -0.000000
vn -0.000000 -1.000000 -0.000000
vn -0.000000 -1.000000 -0.000000
vn -0.000000 -1.000000 -0.000000
vn -0.000000 -1.000000 -0.000000
vn -0.000000 -1.000000 -0.000000
vn -0.000000 -1.000000 -0.000000
vn -0.000000 -1.000000 -0.000000
vn -0.000000 -1.000000 -0.000000
vn -0.000000 -1.000000 -0.000000
vn -0.000000 -1.000000 -0.000000
vn -0.000000 -1.000000 -0.000000
vn -0.000000 -1.000000 -0.000000
vn -0.000000 -1.000000 -0.000000
vn -0.000000 -1.000000 -0.000000
vn -0.000000 -1.000000 -0.000000
vn -0.000000 -1.000000 -0.000000
vn -0.000000 -1.000000 -0.000000
vn -0.000000 -1.000000 -0.000000
vn -0.000000 -1.000000 -0.000000
vn -0.000000 -1.000000 -0.000000
vn -0.000000 -1.000000 -0.000000
vn -0.000000 -1.000000 -0.000000
vn -0.000000 -1.000000 -0.000000
vn -0.000000 -1.000000 -0.000000
vn -0.000000 -1.000000 -0.000000
vn -0.000000 -1.000000 -0.000000
vn -0.000000 -1.000000 -0.000000
vn -0.000000 -1.000000 -0.000000
vn -0.000000 -1.000000 -0.000000
vn -0.000000 -1.000000 -0.000000
vn -0.000000 -1.000000 -0.000000
vn -0.000000 -1.000000 -0.000000
vn -0.000000 -1.000000 -0.000000
vn -0.000000 -1.000000 -0.000000
vn -0.000000 -1.000000 -0.000000
vn -0.000000 -1.000000 -0.000000
vn -0.000000 -1.000000 -0.000000
vn -0.000000 -1.000000 -0.000000
vn -0.000000 -1.000000 -0.000000
vn -0.000000 -1.000000 -0.000000
vn -0.000000 -1.000000 -0.000000
vn -0.000000 -1.000000 -0.000000
vn -0.000000 -1.000000 -0.000000
vn -0.000000 -1.000000 -0.000000
vn -0.000000 -1.000000 -0.000000
vn -0.000000 -1.000000 -0.000000
vn -0.000000 -1.000000 -0.000000
vn -0.000000 -1.000000 -0.000000
vn -0.000000 -1.000000 -0.000000
vn -0.000000 -1.000000 -0.000000
vn -0.000000 -1.000000 -0.000000
vn -0.000000 -1.000000 -0.000000
vn -0.000000 -1.000000 -0.000000
vn -0.000000 -1.000000 -0.000000
vn -0.000000 -1.000000 -0.000000
vn -0.000000 -1.000000 -0.000000
vn -0.000000 -1.000000 -0.000000
vn -0.000000 -1.000000 -0.000000
vn -0.000000 -1.000000 -0.000000
vn -0.000000 -1.000000 -0.000000
vn -0.000000 -1.000000 -0.000000
vn -0.000000 -1.000000 -0.000000
vn -0.000000 -1.000000 -0.000000
vn -0.000000 -1.000000 -0.000000
vn -0.000000 -1.000000 -0.000000
vn -0.000000 -1.000000 -0.000000
vn -0.000000 -1.000000 -0.000000
vn -0.000000 -1.000000 -0.000000
vn -0.000000 -1.000000 -0.000000
vn -0.000000 -1.000000 -0.000000
vn -0.000000 -1.000000 -0.000000
vn -0.000000 -1.000000 -0.000000
vn -0.988831 0.000000 -0.149042
vn -0.988831 0.000000 -0.149042
vn -1.000000 0.000000 -0.000000
vn -1.000000 0.000000 -0.000000
vn -0.988831 -0.000000 0.149042
vn -0.988831 -0.000000 0.149042
vn -0.955573 -0.000000 0.294755
vn -0.955573 -0.000000 0.294755
vn -0.900969 -0.000000 0.433884
vn -0.900969 -0.000000 0.433884
vn -0.826239 -0.000000 0.563320
vn -0.826239 -0.000000 0.563320
vn -0.733052 -0.000000 0.680173
vn -0.733052 -0.000000 0.680173
vn -0.623490 -0.000000 0.781831
vn -0.623490 -0.000000 0.781831
vn -0.500000 -0.000000 0.866025
vn -0.500000 -0.000000 0.866025
vn -0.365341 -0.000000 0.930874
vn -0.365341 -0.000000 0.930874
vn -0.222521 -0.000000 0.974928
vn -0.222521 -0.000000 0.974928
vn -0.074730 -0.000000 0.997204
vn -0.074730 -0.000000 0.997204
vn 0.074730 -0.000000 0.997204
vn 0.074730 -0.000000 0.997204
vn 0.222521 -0.000000 0.974928
vn 0.222521 -0.000000 0.974928
vn 0.365341 -0.000000 0.930874
vn 0.365341 -0.000000 0.930874
vn 0.500000 -0.000000 0.866025
vn 0.500000 -0.000000 0.866025
vn 0.623490 -0.000000 0.781831
vn 0.623490 -0.000000 0.781831
vn 0.733052 -0.000000 0.680173
vn 0.733052 -0.000000 0.680173
vn 0.826239 -0.000000 0.563320
vn 0.826239 -0.000000 0.563320
vn 0.900969 -0.000000 0.433884
vn 0.900969 -0.000000 0.433884
vn 0.955573 -0.000000 0.294755
vn 0.955573 -0.000000 0.294755
vn 0.988831 -0.000000 0.149042
vn 0.988831 -0.000000 0.149042
vn 1.000000 -0.000000 -0.000000
vn 1.000000 -0.000000 -0.000000
vn 0.988831 -0.000000 -0.149042
vn 0.988831 -0.000000 -0.149042
vn 0.955573 -0.000000 -0.294755
vn 0.955573 -0.000000 -0.294755
vn 0.900969 -0.000000 -0.433884
vn 0.900969 -0.000000 -0.433884
vn 0.826239 -0.000000 -0.563320
vn 0.826239 -0.000000 -0.563320
vn 0.733052 -0.000000 -0.680173
vn 0.733052 -0.000000 -0.680173
vn 0.623490 -0.000000 -0.781831
vn 0.623490 -0.000000 -0.781831
vn 0.500000 -0.000000 -0.866025
vn 0.500000 -0.000000 -0.866025
vn 0.365341 -0.000000 -0.930874
vn 0.365341 -0.000000 -0.930874
vn 0.222521 -0.000000 -0.974928
vn 0.222521 -0.000000 -0.974928
vn 0.074730 -0.000000 -0.997204
vn 0.074730 -0.000000 -0.997204
vn -0.074730 0.000000 -0.997204
vn -0.074730 0.000000 -0.997204
vn -0.222521 0.000000 -0.974928
vn -0.222521 0.000000 -0.974928
vn -0.365341 0.000000 -0.930874
vn -0.365341 0.000000 -0.930874
vn -0.500000 0.000000 -0.866025
vn -0.500000 0.000000 -0.866025
vn -0.623490 0.000000 -0.781831
vn -0.623490 0.000000 -0.781831
vn -0.733052 0.000000 -0.680173
vn -0.733052 0.000000 -0.680173
vn -0.826239 0.000000 -0.563320
vn -0.826239 0.000000 -0.563320
vn -0.900969 0.000000 -0.433884
vn -0.900969 0.000000 -0.433884
vn -0.955573 0.000000 -0.294755
vn -0.955573 0.000000 -0.294755
vn -0.698401 0.707107 -0.110616
vn -0.699209 0.707107 -0.105389
vn -0.707107 0.707107 -0.000000
vn -0.707107 0.707107 -0.000000
vn -0.699209 0.707107 0.105389
vn -0.675692 0.707107 -0.208423
vn -0.672499 0.707107 -0.218508
vn -0.637081 0.707107 -0.306802
vn -0.630037 0.707107 -0.321020
vn -0.584239 0.707107 -0.398327
vn -0.572061 0.707107 -0.415627
vn -0.518346 0.707107 -0.480955
vn -0.500000 0.707107 -0.500000
vn -0.440874 0.707107 -0.552838
vn -0.415627 0.707107 -0.572061
vn -0.353553 0.707107 -0.612372
vn -0.321020 0.707107 -0.630037
vn -0.258335 0.707107 -0.658227
vn -0.218508 0.707107 -0.672499
vn -0.157346 0.707107 -0.689378
vn -0.110616 0.707107 -0.698401
vn -0.052842 0.707107 -0.705130
vn 0.000000 0.707107 -0.707107
vn 0.052842 0.707107 -0.705130
vn 0.110616 0.707107 -0.698401
vn 0.157346 0.707107 -0.689378
vn 0.218508 0.707107 -0.672499
vn 0.258335 0.707107 -0.658227
vn 0.321020 0.707107 -0.630037
vn 0.353553 0.707107 -0.612372
vn 0.415627 0.707107 -0.572061
vn 0.440874 0.707107 -0.552838
vn 0.500000 0.707107 -0.500000
vn 0.518346 0.707107 -0.480955
vn 0.572061 0.707107 -0.415627
vn 0.584239 0.707107 -0.398327
vn 0.630037 0.707107 -0.321020
vn 0.637081 0.707107 -0.306802
vn 0.672499 0.707107 -0.218508
vn 0.675692 0.707107 -0.208423
vn 0.698401 0.707107 -0.110616
vn 0.699209 0.707107 -0.105389
vn 0.707107 0.707107 -0.000000
vn 0.707107 0.707107 -0.000000
vn 0.699209 0.707107 0.105389
vn 0.698401 0.707107 0.110616
vn 0.675692 0.707107 0.208423
vn 0.672499 0.707107 0.218508
vn 0.637081 0.707107 0.306802
vn 0.630037 0.707107 0.321020
vn 0.584239 0.707107 0.398327
vn 0.572061 0.707107 0.415627
vn 0.518346 0.707107 0.480955
vn 0.500000 0.707107 0.500000
vn 0.440874 0.707107 0.552838
vn 0.415627 0.707107 0.572061
vn 0.353553 0.707107 0.612372
vn 0.321020 0.707107 0.630037
vn 0.258335 0.707107 0.658227
vn 0.218508 0.707107 0.672499
vn 0.157346 0.707107 0.689378
vn 0.110616 0.707107 0.698401
vn 0.052842 0.707107 0.705130
vn 0.000000 0.707107 0.707107
vn -0.052842 0.707107 0.705130
vn -0.110616 0.707107 0.698401
vn -0.157346 0.707107 0.689378
vn -0.218508 0.707107 0.672499
vn -0.258335 0.707107 0.658227
vn -0.321020 0.707107 0.630037
vn -0.353553 0.707107 0.612372
vn -0.415627 0.707107 0.572061
vn -0.440874 0.707107 0.552838
vn -0.500000 0.707107 0.500000
vn -0.518346 0.707107 0.480955
vn -0.572061 0.707107 0.415627
vn -0.584239 0.707107 0.398327
vn -0.630037 0.707107 0.321020
vn -0.637081 0.707107 0.306802
vn -0.672499 0.707107 0.218508
vn -0.675692 0.707107 0.208423
vn -0.698401 0.707107 0.110616
vn 0.000000 1.000000 0.000000
vn 0.000000 1.000000 0.000000
vn 0.000000 1.000000 0.000000
vn 0.000000 1.000000 0.000000
vn 0.000000 1.000000 0.000000
vn 0.000000 1.000000 0.000000
vn 0.000000 1.000000 0.000000
vn 0.000000 1.000000 0.000000
vn 0.000000 1.000000 0.000000
vn 0.000000 1.000000 0.000000
vn 0.000000 1.000000 0.000000
vn 0.000000 1.000000 0.000000
vn 0.000000 1.000000 0.000000
vn 0.000000 1.000000 0.000000
vn 0.000000 1.000000 0.000000
vn 0.000000 1.000000 0.000000
vn 0.000000 1.000000 0.000000
vn 0.000000 1.000000 0.000000
vn 0.000000 1.000000 0.000000
vn 0.000000 1.000000 0.000000
vn 0.000000 1.000000 0.000000
vn 0.000000 1.000000 0.000000
vn 0.000000 1.000000 0.000000
vn 0.000000 1.000000 0.000000
vn 0.000000 1.000000 0.000000
vn 0.000000 1.000000 0.000000
vn 0.000000 1.000000 0.000000
vn 0.000000 1.000000 0.000000
vn 0.000000 1.000000 0.000000
vn 0.000000 1.000000 0.000000
vn 0.000000 1.000000 0.000000
vn 0.000000 1.000000 0.000000
vn 0.000000 1.000000 0.000000
vn 0.000000 1.000000 0.000000
vn 0.000000 1.000000 0.000000
vn 0.000000 1.000000 0.000000
vn 0.000000 1.000000 0.000000
vn 0.000000 1.000000 0.000000
vn 0.000000 1.000000 0.000000
vn 0.000000 1.000000 0.000000
vn 0.000000 1.000000 0.000000
vn 0.000000 1.000000 0.000000
vn 0.000000 1.000000 0.000000
vn 0.000000 1.000000 0.000000
vn 0.000000 1.000000 0.000000
vn 0.000000 1.000000 0.000000
vn 0.000000 1.000000 0.000000
vn 0.000000 1.000000 0.000000
vn 0.000000 1.000000 0.000000
vn 0.000000 1.000000 0.000000
vn 0.000000 1.000000 0.000000
vn 0.000000 1.000000 0.000000
vn 0.000000 1.000000 0.000000
vn 0.000000 1.000000 0.000000
vn 0.000000 1.000000 0.000000
vn 0.000000 1.000000 0.000000
vn 0.000000 1.000000 0.000000
vn 0.000000 1.000000 0.000000
vn 0.000000 1.000000 0.000000
vn 0.000000 1.000000 0.000000
vn 0.000000 1.000000 0.000000
vn 0.000000 1.000000 0.000000
vn 0.000000 1.000000 0.000000
vn 0.000000 1.000000 0.000000
vn 0.000000 1.000000 0.000000
vn 0.000000 1.000000 0.000000
vn 0.000000 1.000000 0.000000
vn 0.000000 1.000000 0.000000
vn 0.000000 1.000000 0.000000
vn 0.000000 1.000000 0.000000
vn 0.000000 1.000000 0.000000
vn 0.000000 1.000000 0.000000
vn 0.000000 1.000000 0.000000
vn 0.000000 1.000000 0.000000
vn 0.000000 1.000000 0.000000
vn 0.000000 1.000000 0.000000
vn 0.000000 1.000000 0.000000
vn 0.000000 1.000000 0.000000
vn -0.988831 -0.000000 0.149042
vn -0.988831 -0.000000 0.149042
vn -1.000000 -0.000000 0.000000
vn -1.000000 -0.000000 0.000000
vn -0.988831 0.000000 -0.149042
vn -0.988831 0.000000 -0.149042
vn -0.955573 0.000000 -0.294755
vn -0.955573 0.000000 -0.294755
vn -0.900969 0.000000 -0.433884
vn -0.900969 0.000000 -0.433884
vn -0.826239 0.000000 -0.563320
vn -0.826239 0.000000 -0.563320
vn -0.733052 0.000000 -0.680173
vn -0.733052 0.000000 -0.680173
vn -0.623490 0.000000 -0.781831
vn -0.623490 0.000000 -0.781831
vn -0.500000 0.000000 -0.866025
vn -0.500000 0.000000 -0.866025
vn -0.365341 0.000000 -0.930874
vn -0.365341 0.000000 -0.930874
vn -0.222521 0.000000 -0.974928
vn -0.222521 0.000000 -0.974928
vn -0.074730 0.000000 -0.997204
vn -0.074730 0.000000 -0.997204
vn 0.074730 -0.000000 -0.997204
vn 0.074730 -0.000000 -0.997204
vn 0.222521 -0.000000 -0.974928
vn 0.222521 -0.000000 -0.974928
vn 0.365341 -0.000000 -0.930874
vn 0.365341 -0.000000 -0.930874
vn 0.500000 -0.000000 -0.866025
vn 0.500000 -0.000000 -0.866025
vn 0.623490 -0.000000 -0.781831
vn 0.623490 -0.000000 -0.781831
vn 0.733052 -0.000000 -0.680173
vn 0.733052 -0.000000 -0.680173
vn 0.826239 -0.000000 -0.563320
vn 0.826239 -0.000000 -0.563320
vn 0.900969 -0.000000 -0.433884
vn 0.900969 -0.000000 -0.433884
vn 0.955573 -0.000000 -0.294755
vn 0.955573 -0.000000 -0.294755
vn 0.988831 -0.000000 -0.149042
vn 0.988831 -0.000000 -0.149042
vn 1.000000 -0.000000 -0.000000
vn 1.000000 -0.000000 -0.000000
vn 0.988831 -0.000000 0.149042
vn 0.988831 -0.000000 0.149042
vn 0.955573 -0.000000 0.294755
vn 0.955573 -0.000000 0.294755
vn 0.900969 -0.000000 0.433884
vn 0.900969 -0.000000 0.433884
vn 0.826239 -0.000000 0.563320
vn 0.826239 -0.000000 0.563320
vn 0.733052 -0.000000 0.680173
vn 0.733052 -0.000000 0.680173
vn 0.623490 -0.000000 0.781831
vn 0.623490 -0.000000 0.781831
vn 0.500000 -0.000000 0.866025
vn 0.500000 -0.000000 0.866025
vn 0.365341 -0.000000 0.930874
vn 0.365341 -0.000000 0.930874
vn 0.222521 -0.000000 0.974928
vn 0.222521 -0.000000 0.974928
vn 0.074730 -0.000000 0.997204
vn 0.074730 -0.000000 0.997204
vn -0.074730 -0.000000 0.997204
vn -0.074730 -0.000000 0.997204
vn -0.222521 -0.000000 0.974928
vn -0.222521 -0.000000 0.974928
vn -0.365341 -0.000000 0.930874
vn -0.365341 -0.000000 0.930874
vn -0.500000 -0.000000 0.866025
vn -0.500000 -0.000000 0.866025
vn -0.623490 -0.000000 0.781831
vn -0.623490 -0.000000 0.781831
vn -0.733052 -0.000000 0.680173
vn -0.733052 -0.000000 0.680173
vn -0.826239 -0.000000 0.563320
vn -0.826239 -0.000000 0.563320
vn -0.900969 -0.000000 0.433884
vn -0.900969 -0.000000 0.433884
vn -0.955573 -0.000000 0.294755
vn -0.955573 -0.000000 0.294755
vn -0.164595 -0.000000 0.986361
vn -0.164595 -0.000000 0.986361
vn -0.000000 -0.000000 1.000000
vn -0.000000 -0.000000 1.000000
vn 0.164595 -0.000000 0.986361
vn 0.164595 -0.000000 0.986361
vn 0.324699 -0.000000 0.945817
vn 0.324699 -0.000000 0.945817
vn 0.475947 -0.000000 0.879474
vn 0.475947 -0.000000 0.879474
vn 0.614213 -0.000000 0.789141
vn 0.614213 -0.000000 0.789141
vn 0.735724 -0.000000 0.677282
vn 0.735724 -0.000000 0.677282
vn 0.837166 -0.000000 0.546948
vn 0.837166 -0.000000 0.546948
vn 0.915773 -0.000000 0.401695
vn 0.915773 -0.000000 0.401695
vn 0.969400 -0.000000 0.245485
vn 0.969400 -0.000000 0.245485
vn 0.996584 -0.000000 0.082579
vn 0.996584 -0.000000 0.082579
vn 0.996584 -0.000000 -0.082579
vn 0.996584 -0.000000 -0.082579
vn 0.969400 -0.000000 -0.245485
vn 0.969400 -0.000000 -0.245485
vn 0.915773 -0.000000 -0.401695
vn 0.915773 -0.000000 -0.401695
vn 0.837166 -0.000000 -0.546948
vn 0.837166 -0.000000 -0.546948
vn 0.735724 -0.000000 -0.677282
vn 0.735724 -0.000000 -0.677282
vn 0.614213 -0.000000 -0.789141
vn 0.614213 -0.000000 -0.789141
vn 0.475947 -0.000000 -0.879474
vn 0.475947 -0.000000 -0.879474
vn 0.324699 -0.000000 -0.945817
vn 0.324699 -0.000000 -0.945817
vn 0.164595 -0.000000 -0.986361
vn 0.164595 -0.000000 -0.986361
vn 0.000000 -0.000000 -1.000000
vn 0.000000 -0.000000 -1.000000
vn -0.164595 0.000000 -0.986361
vn -0.164595 0.000000 -0.986361
vn -0.324699 0.000000 -0.945817
vn -0.324699 0.000000 -0.945817
vn -0.475947 0.000000 -0.879474
vn -0.475947 0.000000 -0.879474
vn -0.614213 0.000000 -0.789141
vn -0.614213 0.000000 -0.789141
vn -0.735724 0.000000 -0.677282
vn -0.735724 0.000000 -0.677282
vn -0.837166 0.000000 -0.546948
vn -0.837166 0.000000 -0.546948
vn -0.915773 0.000000 -0.401695
vn -0.915773 0.000000 -0.401695
vn -0.969400 0.000000 -0.245485
vn -0.969400 0.000000 -0.245485
vn -0.996584 0.000000 -0.082579
vn -0.996584 0.000000 -0.082579
vn -0.996584 -0.000000 0.082579
vn -0.996584 -0.000000 0.082579
vn -0.969400 -0.000000 0.245485
vn -0.969400 -0.000000 0.245485
vn -0.915773 -0.000000 0.401695
vn -0.915773 -0.000000 0.401695
vn -0.837166 -0.000000 0.546948
vn -0.837166 -0.000000 0.546948
vn -0.735724 -0.000000 0.677282
vn -0.735724 -0.000000 0.677282
vn -0.614213 -0.000000 0.789141
vn -0.614213 -0.000000 0.789141
vn -0.475947 -0.000000 0.879474
vn -0.475947 -0.000000 0.879474
vn -0.324699 -0.000000 0.945817
vn -0.324699 -0.000000 0.945817
vn 0.695743 -0.707107 -0.126259
vn 0.696364 -0.707107 -0.122788
vn 0.707107 -0.707107 -0.000000
vn 0.707107 -0.707107 -0.000000
vn 0.696364 -0.707107 0.122788
vn 0.664463 -0.707107 -0.241845
vn 0.662018 -0.707107 -0.248460
vn 0.612372 -0.707107 -0.353553
vn 0.607015 -0.707107 -0.362675
vn 0.541675 -0.707107 -0.454519
vn 0.532502 -0.707107 -0.465233
vn 0.454519 -0.707107 -0.541675
vn 0.440874 -0.707107 -0.552838
vn 0.353553 -0.707107 -0.612372
vn 0.335076 -0.707107 -0.622675
vn 0.241845 -0.707107 -0.664463
vn 0.218508 -0.707107 -0.672499
vn 0.122788 -0.707107 -0.696364
vn 0.094917 -0.707107 -0.700707
vn -0.000000 -0.707107 -0.707107
vn -0.031724 -0.707107 -0.706395
vn -0.122788 -0.707107 -0.696364
vn -0.157346 -0.707107 -0.689378
vn -0.241845 -0.707107 -0.664463
vn -0.277911 -0.707107 -0.650204
vn -0.353553 -0.707107 -0.612372
vn -0.389543 -0.707107 -0.590132
vn -0.454519 -0.707107 -0.541675
vn -0.488655 -0.707107 -0.511093
vn -0.541675 -0.707107 -0.454519
vn -0.572061 -0.707107 -0.415627
vn -0.612372 -0.707107 -0.353553
vn -0.637081 -0.707107 -0.306802
vn -0.664463 -0.707107 -0.241845
vn -0.681625 -0.707107 -0.188116
vn -0.696364 -0.707107 -0.122788
vn -0.704260 -0.707107 -0.063385
vn -0.707107 -0.707107 0.000000
vn -0.704260 -0.707107 0.063385
vn -0.696364 -0.707107 0.122788
vn -0.681625 -0.707107 0.188116
vn -0.664463 -0.707107 0.241845
vn -0.637081 -0.707107 0.306802
vn -0.612372 -0.707107 0.353553
vn -0.572061 -0.707107 0.415627
vn -0.541675 -0.707107 0.454519
vn -0.488655 -0.707107 0.511093
vn -0.454519 -0.707107 0.541675
vn -0.389543 -0.707107 0.590132
vn -0.353553 -0.707107 0.612372
vn -0.277911 -0.707107 0.650204
vn -0.241845 -0.707107 0.664463
vn -0.157346 -0.707107 0.689378
vn -0.122788 -0.707107 0.696364
vn -0.031724 -0.707107 0.706395
vn -0.000000 -0.707107 0.707107
vn 0.094917 -0.707107 0.700707
vn 0.122788 -0.707107 0.696364
vn 0.218508 -0.707107 0.672499
vn 0.241845 -0.707107 0.664463
vn 0.335076 -0.707107 0.622675
vn 0.353553 -0.707107 0.612372
vn 0.440874 -0.707107 0.552838
vn 0.454519 -0.707107 0.541675
vn 0.532502 -0.707107 0.465233
vn 0.541675 -0.707107 0.454519
vn 0.607015 -0.707107 0.362675
vn 0.612372 -0.707107 0.353553
vn 0.662018 -0.707107 0.248460
vn 0.664463 -0.707107 0.241845
vn 0.695743 -0.707107 0.126259
vn 0.178557 -0.000000 0.983930
vn 0.134233 -0.000000 0.990950
vn -0.044865 0.000000 0.998993
vn -0.178557 0.000000 0.983930
vn -0.222521 0.000000 0.974928
vn -0.351375 0.000000 0.936235
vn -0.393025 0.000000 0.919528
vn -0.512899 0.000000 0.858449
vn -0.550897 0.000000 0.834573
vn -0.657939 0.000000 0.753071
vn -0.691063 0.000000 0.722795
vn -0.781831 0.000000 0.623490
vn -0.809017 0.000000 0.587785
vn -0.880596 0.000000 0.473869
vn -0.900969 0.000000 0.433884
vn -0.951057 0.000000 0.309017
vn -0.963963 0.000000 0.266037
vn -0.990950 0.000000 0.134233
vn -0.995974 0.000000 0.089639
vn -0.998993 0.000000 -0.044865
vn -0.995974 0.000000 -0.089639
vn -0.974928 0.000000 -0.222521
vn -0.963963 0.000000 -0.266037
vn -0.919528 0.000000 -0.393025
vn -0.900969 0.000000 -0.433884
vn -0.834573 0.000000 -0.550897
vn -0.809017 0.000000 -0.587785
vn -0.722795 0.000000 -0.691063
vn -0.691063 0.000000 -0.722795
vn -0.587785 0.000000 -0.809017
vn -0.550897 0.000000 -0.834573
vn -0.433884 0.000000 -0.900969
vn -0.393025 0.000000 -0.919528
vn -0.266037 0.000000 -0.963963
vn -0.222521 0.000000 -0.974928
vn -0.089639 0.000000 -0.995974
vn -0.044865 0.000000 -0.998993
vn 0.089639 0.000000 -0.995974
vn 0.134233 0.000000 -0.990950
vn 0.266037 0.000000 -0.963963
vn 0.309017 0.000000 -0.951057
vn 0.433884 0.000000 -0.900969
vn 0.473869 0.000000 -0.880596
vn 0.587785 0.000000 -0.809017
vn 0.623490 0.000000 -0.781831
vn 0.722795 0.000000 -0.691063
vn 0.753071 0.000000 -0.657939
vn 0.834573 0.000000 -0.550897
vn 0.858449 0.000000 -0.512899
vn 0.919528 0.000000 -0.393025
vn 0.936235 0.000000 -0.351375
vn 0.974928 0.000000 -0.222521
vn 0.983930 0.000000 -0.178557
vn 0.998993 0.000000 -0.044865
vn 1.000000 0.000000 -0.000000
vn 0.990950 -0.000000 0.134233
vn 0.983930 -0.000000 0.178557
vn 0.951057 -0.000000 0.309017
vn 0.936235 -0.000000 0.351375
vn 0.880596 -0.000000 0.473869
vn 0.858449 -0.000000 0.512899
vn 0.781831 -0.000000 0.623490
vn 0.753071 -0.000000 0.657939
vn 0.657939 -0.000000 0.753071
vn 0.623490 -0.000000 0.781831
vn 0.512899 -0.000000 0.858449
vn 0.473869 -0.000000 0.880596
vn 0.351375 -0.000000 0.936235
vn 0.309017 -0.000000 0.951057
vn -0.000000 -1.000000 -0.000000
vn -0.000000 -1.000000 -0.000000
vn -0.000000 -1.000000 -0.000000
vn -0.000000 -1.000000 -0.000000
vn -0.000000 -1.000000 -0.000000
vn -0.000000 -1.000000 -0.000000
vn -0.000000 -1.000000 -0.000000
vn -0.000000 -1.000000 -0.000000
vn -0.000000 -1.000000 -0.000000
vn -0.000000 -1.000000 -0.000000
vn -0.000000 -1.000000 -0.000000
vn -0.000000 -1.000000 -0.000000
vn -0.000000 -1.000000 -0.000000
vn -0.000000 -1.000000 -0.000000
vn -0.000000 -1.000000 -0.000000
vn -0.000000 -1.000000 -0.000000
vn -0.000000 -1.000000 -0.000000
vn -0.000000 -1.000000 -0.000000
vn -0.000000 -1.000000 -0.000000
vn -0.000000 -1.000000 -0.000000
vn -0.000000 -1.000000 -0.000000
vn -0.000000 -1.000000 -0.000000
vn -0.000000 -1.000000 -0.000000
vn -0.000000 -1.000000 -0.000000
vn -0.000000 -1.000000 -0.000000
vn -0.000000 -1.000000 -0.000000
vn -0.000000 -1.000000 -0.000000
vn -0.000000 -1.000000 -0.000000
vn -0.000000 -1.000000 -0.000000
vn -0.000000 -1.000000 -0.000000
vn -0.000000 -1.000000 -0.000000
vn -0.000000 -1.000000 -0.000000
vn -0.000000 -1.000000 -0.000000
vn -0.000000 -1.000000 -0.000000
vn -0.000000 -1.000000 -0.000000
vn -0.000000 -1.000000 -0.000000
vn -0.000000 -1.000000 -0.000000
vn -0.000000 -1.000000 -0.000000
vn -0.000000 -1.000000 -0.000000
vn -0.000000 -1.000000 -0.000000
vn -0.000000 -1.000000 -0.000000
vn -0.000000 -1.000000 -0.000000
vn -0.000000 -1.000000 -0.000000
vn -0.000000 -1.000000 -0.000000
vn -0.000000 -1.000000 -0.000000
vn -0.000000 -1.000000 -0.000000
vn -0.000000 -1.000000 -0.000000
vn -0.000000 -1.000000 -0.000000
vn -0.000000 -1.000000 -0.000000
vn -0.000000 -1.000000 -0.000000
vn -0.000000 -1.000000 -0.000000
vn -0.000000 -1.000000 -0.000000
vn -0.000000 -1.000000 -0.000000
vn -0.000000 -1.000000 -0.000000
vn -0.000000 -1.000000 -0.000000
vn -0.000000 -1.000000 -0.000000
vn -0.000000 -1.000000 -0.000000
vn -0.000000 -1.000000 -0.000000
vn -0.000000 -1.000000 -0.000000
vn -0.000000 -1.000000 -0.000000
vn -0.000000 -1.000000 -0.000000
vn -0.000000 -1.000000 -0.000000
vn -0.000000 -1.000000 -0.000000
vn -0.000000 -1.000000 -0.000000
vn -0.000000 -1.000000 -0.000000
vn -0.000000 -1.000000 -0.000000
vn -0.000000 -1.000000 -0.000000
vn -0.000000 -1.000000 -0.000000
vn -0.000000 -1.000000 -0.000000
vn -0.000000 -1.000000 -0.000000
vn -0.000000 -1.000000 -0.000000
vn -0.000000 -1.000000 -0.000000
vn -0.000000 -1.000000 -0.000000
vn -0.000000 -1.000000 -0.000000
vn -0.000000 -1.000000 -0.000000
vn -0.000000 -1.000000 -0.000000
vn -0.000000 -1.000000 -0.000000
vn -0.000000 -1.000000 -0.000000
vn 0.000000 1.000000 0.000000
vn 0.000000 1.000000 0.000000
vn 0.000000 1.000000 0.000000
vn 0.000000 1.000000 0.000000
vn 0.000000 1.000000 0.000000
vn 0.000000 1.000000 0.000000
vn 0.000000 1.000000 0.000000
vn 0.000000 1.000000 0.000000
vn 0.000000 1.000000 0.000000
vn 0.000000 1.000000 0.000000
vn 0.000000 1.000000 0.000000
vn 0.000000 1.000000 0.000000
vn 0.000000 1.000000 0.000000
vn 0.000000 1.000000 0.000000
vn 0.000000 1.000000 0.000000
vn 0.000000 1.000000 0.000000
vn 0.000000 1.000000 0.000000
vn 0.000000 1.000000 0.000000
vn 0.000000 1.000000 0.000000
vn 0.000000 1.000000 0.000000
vn 0.000000 1.000000 0.000000
vn 0.000000 1.000000 0.000000
vn 0.000000 1.000000 0.000000
vn 0.000000 1.000000 0.000000
vn 0.000000 1.000000 0.000000
vn 0.000000 1.000000 0.000000
vn 0.000000 1.000000 0.000000
vn 0.000000 1.000000 0.000000
vn 0.000000 1.000000 0.000000
vn 0.000000 1.000000 0.000000
vn 0.000000 1.000000 0.000000
vn 0.000000 1.000000 0.000000
vn 0.000000 1.000000 0.000000
vn 0.000000 1.000000 0.000000
vn 0.000000 1.000000 0.000000
vn 0.000000 1.000000 0.000000
vn 0.000000 1.000000 0.000000
vn 0.000000 1.000000 0.000000
vn 0.000000 1.000000 0.000000
vn 0.000000 1.000000 0.000000
vn 0.000000 1.000000 0.000000
vn 0.000000 1.000000 0.000000
vn 0.000000 1.000000 0.000000
vn 0.000000 1.000000 0.000000
vn 0.000000 1.000000 0.000000
vn 0.000000 1.000000 0.000000
vn 0.000000 1.000000 0.000000
vn 0.000000 1.000000 0.000000
vn 0.000000 1.000000 0.000000
vn 0.000000 1.000000 0.000000
vn 0.000000 1.000000 0.000000
vn 0.000000 1.000000 0.000000
vn 0.000000 1.000000 0.000000
vn 0.000000 1.000000 0.000000
vn 0.000000 1.000000 0.000000
vn 0.000000 1.000000 0.000000
vn 0.000000 1.000000 0.000000
vn 0.000000 1.000000 0.000000
vn 0.000000 1.000000 0.000000
vn 0.000000 1.000000 0.000000
vn 0.000000 1.000000 0.000000
vn 0.000000 1.000000 0.000000
vn 0.000000 1.000000 0.000000
vn 0.000000 1.000000 0.000000
vn 0.000000 1.000000 0.000000
vn 0.000000 1.000000 0.000000
vn 0.000000 1.000000 0.000000
vn 0.000000 1.000000 0.000000
vn 0.000000 1.000000 0.000000
vn 0.000000 1.000000 0.000000
vn 0.000000 1.000000 0.000000
vn 0.000000 1.000000 0.000000
vn 0.000000 1.000000 0.000000
vn 0.000000 1.000000 0.000000
vn 0.000000 1.000000 0.000000
vn 0.000000 1.000000 0.000000
vn 0.000000 1.000000 0.000000
vn 0.000000 1.000000 0.000000
vn 0.000000 1.000000 0.000000
vn 0.000000 1.000000 0.000000
vn 0.000000 1.000000 0.000000
vn 0.000000 1.000000 0.000000
vn 0.000000 1.000000 0.000000
vn 0.000000 1.000000 0.000000
vn 0.000000 1.000000 0.000000
vn 0.000000 1.000000 0.000000
vn 0.000000 1.000000 0.000000
vn 0.000000 1.000000 0.000000
vn 0.000000 1.000000 0.000000
vn 0.000000 1.000000 0.000000
usemtl Plastique_-_Translucide_mat_(gris)
f 2/1/1 30/2/2 1/3/3
f 1/3/3 30/2/2 31/4/4
f 1/3/3 31/4/4 24/5/5
f 24/5/5 31/4/4 32/6/6
f 24/5/5 32/6/6 23/7/7
f 23/7/7 32/6/6 33/8/8
f 23/7/7 33/8/8 22/9/9
f 22/9/9 33/8/8 34/10/10
f 22/9/9 34/10/10 21/11/11
f 21/11/11 34/10/10 35/12/12
f 21/11/11 35/12/12 20/13/13
f 20/13/13 35/12/12 36/14/14
f 20/13/13 36/14/14 19/15/15
f 19/15/15 36/14/14 37/16/16
f 19/15/15 37/16/16 18/17/17
f 18/17/17 37/16/16 38/18/18
f 18/17/17 38/18/18 17/19/19
f 17/19/19 38/18/18 39/20/20
f 17/19/19 39/20/20 16/21/21
f 16/21/21 39/20/20 40/22/22
f 16/21/21 40/22/22 15/23/23
f 15/23/23 40/22/22 41/24/24
f 15/23/23 41/24/24 14/25/25
f 14/25/25 41/24/24 42/26/26
f 14/25/25 42/26/26 13/27/27
f 13/27/27 42/26/26 43/28/28
f 13/27/27 43/28/28 12/29/29
f 12/29/29 43/28/28 44/30/30
f 12/29/29 44/30/30 11/31/31
f 11/31/31 44/30/30 45/32/32
f 11/31/31 45/32/32 10/33/33
f 10/33/33 45/32/32 46/34/34
f 10/33/33 46/34/34 9/35/35
f 9/35/35 46/34/34 47/36/36
f 9/35/35 47/36/36 8/37/37
f 8/37/37 47/36/36 48/38/38
f 8/37/37 48/38/38 7/39/39
f 7/39/39 48/38/38 25/40/40
f 7/41/39 25/42/40 6/43/41
f 6/43/41 25/42/40 26/44/42
f 6/43/41 26/44/42 5/45/43
f 5/45/43 26/44/42 27/46/44
f 5/45/43 27/46/44 4/47/45
f 4/47/45 27/46/44 28/48/46
f 4/47/45 28/48/46 3/49/47
f 3/49/47 28/48/46 29/50/48
f 3/49/47 29/50/48 2/1/1
f 2/1/1 29/50/48 30/2/2
f 1/51/49 49/52/50 2/53/51
f 2/53/51 49/52/50 3/54/52
f 3/54/52 49/52/50 4/55/53
f 4/55/53 49/52/50 5/56/54
f 5/56/54 49/52/50 50/57/55
f 5/56/54 50/57/55 6/58/56
f 6/58/56 50/57/55 7/59/57
f 7/59/57 50/57/55 8/60/58
f 8/60/58 50/57/55 51/61/59
f 8/60/58 51/61/59 9/62/60
f 9/62/60 51/61/59 52/63/61
f 9/62/60 52/63/61 10/64/62
f 10/64/62 52/63/61 53/65/63
f 10/64/62 53/65/63 86/66/64
f 86/66/64 53/65/63 85/67/65
f 85/67/65 53/65/63 54/68/66
f 85/67/65 54/68/66 55/69/67
f 85/67/65 55/69/67 84/70/68
f 84/70/68 55/69/67 56/71/69
f 84/70/68 56/71/69 83/72/70
f 83/72/70 56/71/69 57/73/71
f 83/72/70 57/73/71 106/74/72
f 106/74/72 57/73/71 58/75/73
f 106/74/72 58/75/73 59/76/74
f 106/74/72 59/76/74 105/77/75
f 105/77/75 59/76/74 60/78/76
f 105/77/75 60/78/76 104/79/77
f 104/79/77 60/78/76 61/80/78
f 104/79/77 61/80/78 62/81/79
f 104/79/77 62/81/79 103/82/80
f 103/82/80 62/81/79 63/83/81
f 103/82/80 63/83/81 102/84/82
f 102/84/82 63/83/81 64/85/83
f 102/84/82 64/85/83 65/86/84
f 102/84/82 65/86/84 101/87/85
f 101/87/85 65/86/84 66/88/86
f 101/87/85 66/88/86 100/89/87
f 100/89/87 66/88/86 67/90/88
f 100/89/87 67/90/88 68/91/89
f 100/89/87 68/91/89 99/92/90
f 99/92/90 68/91/89 69/93/91
f 99/92/90 69/93/91 98/94/92
f 98/94/92 69/93/91 70/95/93
f 98/94/92 70/95/93 71/96/94
f 98/94/92 71/96/94 97/97/95
f 97/97/95 71/96/94 72/98/96
f 97/97/95 72/98/96 96/99/97
f 96/99/97 72/98/96 73/100/98
f 96/99/97 73/100/98 74/101/99
f 96/99/97 74/101/99 95/102/100
f 95/102/100 74/101/99 75/103/101
f 95/102/100 75/103/101 94/104/102
f 94/104/102 75/103/101 76/105/103
f 94/104/102 76/105/103 93/106/104
f 93/106/104 76/105/103 77/107/105
f 93/106/104 77/107/105 78/108/106
f 79/109/107 16/110/108 78/108/106
f 78/108/106 16/110/108 92/111/109
f 78/108/106 92/111/109 93/106/104
f 16/110/108 79/109/107 17/112/110
f 17/112/110 79/109/107 80/113/111
f 17/112/110 80/113/111 18/114/112
f 18/114/112 80/113/111 81/115/113
f 18/114/112 81/115/113 19/116/114
f 19/116/114 81/115/113 20/117/115
f 20/117/115 81/115/113 21/118/116
f 21/118/116 81/115/113 82/119/117
f 21/118/116 82/119/117 22/120/118
f 22/120/118 82/119/117 23/121/119
f 23/121/119 82/119/117 24/122/120
f 24/122/120 82/119/117 1/51/49
f 16/110/108 15/123/121 92/111/109
f 92/111/109 15/123/121 91/124/122
f 91/124/122 15/123/121 14/125/123
f 91/124/122 14/125/123 90/126/124
f 90/126/124 14/125/123 13/127/125
f 90/126/124 13/127/125 89/128/126
f 89/128/126 13/127/125 88/129/127
f 88/129/127 13/127/125 12/130/128
f 88/129/127 12/130/128 87/131/129
f 87/131/129 12/130/128 11/132/130
f 87/131/129 11/132/130 86/66/64
f 86/66/64 11/132/130 10/64/62
f 108/133/131 154/134/132 107/135/133
f 107/135/133 154/134/132 131/136/134
f 107/137/133 131/138/134 130/139/135
f 130/139/135 131/138/134 132/140/136
f 130/139/135 132/140/136 129/141/137
f 129/141/137 132/140/136 133/142/138
f 129/141/137 133/142/138 128/143/139
f 128/143/139 133/142/138 134/144/140
f 128/143/139 134/144/140 127/145/141
f 127/145/141 134/144/140 135/146/142
f 127/145/141 135/146/142 126/147/143
f 126/147/143 135/146/142 136/148/144
f 126/147/143 136/148/144 125/149/145
f 125/149/145 136/148/144 137/150/146
f 125/149/145 137/150/146 124/151/147
f 124/151/147 137/150/146 138/152/148
f 124/151/147 138/152/148 123/153/149
f 123/153/149 138/152/148 139/154/150
f 123/153/149 139/154/150 122/155/151
f 122/155/151 139/154/150 140/156/152
f 122/155/151 140/156/152 121/157/153
f 121/157/153 140/156/152 141/158/154
f 121/157/153 141/158/154 120/159/155
f 120/159/155 141/158/154 142/160/156
f 120/159/155 142/160/156 119/161/157
f 119/161/157 142/160/156 143/162/158
f 119/161/157 143/162/158 118/163/159
f 118/163/159 143/162/158 144/164/160
f 118/163/159 144/164/160 117/165/161
f 117/165/161 144/164/160 145/166/162
f 117/165/161 145/166/162 116/167/163
f 116/167/163 145/166/162 146/168/164
f 116/167/163 146/168/164 115/169/165
f 115/169/165 146/168/164 147/170/166
f 115/169/165 147/170/166 114/171/167
f 114/171/167 147/170/166 148/172/168
f 114/171/167 148/172/168 113/173/169
f 113/173/169 148/172/168 149/174/170
f 113/173/169 149/174/170 112/175/171
f 112/175/171 149/174/170 150/176/172
f 112/175/171 150/176/172 111/177/173
f 111/177/173 150/176/172 151/178/174
f 111/177/173 151/178/174 110/179/175
f 110/179/175 151/178/174 152/180/176
f 110/179/175 152/180/176 109/181/177
f 109/181/177 152/180/176 153/182/178
f 109/181/177 153/182/178 108/133/131
f 108/133/131 153/182/178 154/134/132
f 178/183/179 155/184/180 107/185/181
f 107/185/181 155/184/180 156/186/182
f 107/185/181 156/186/182 108/187/183
f 108/187/183 156/186/182 157/188/184
f 108/187/183 157/188/184 109/189/185
f 109/189/185 157/188/184 158/190/186
f 109/189/185 158/190/186 110/191/187
f 110/191/187 158/190/186 159/192/188
f 110/191/187 159/192/188 111/193/189
f 111/193/189 159/192/188 160/194/190
f 111/193/189 160/194/190 112/195/191
f 112/195/191 160/194/190 161/196/192
f 112/195/191 161/196/192 113/197/193
f 113/197/193 161/196/192 114/198/194
f 114/198/194 161/196/192 162/199/195
f 114/198/194 162/199/195 115/200/196
f 115/200/196 162/199/195 163/201/197
f 115/200/196 163/201/197 116/202/198
f 116/202/198 163/201/197 164/203/199
f 116/202/198 164/203/199 117/204/200
f 117/204/200 164/203/199 165/205/201
f 117/204/200 165/205/201 118/206/202
f 118/206/202 165/205/201 166/207/203
f 118/206/202 166/207/203 119/208/204
f 119/208/204 166/207/203 167/209/205
f 119/208/204 167/209/205 120/210/206
f 120/210/206 167/209/205 168/211/207
f 120/210/206 168/211/207 169/212/208
f 120/210/206 169/212/208 121/213/209
f 121/213/209 169/212/208 170/214/210
f 121/213/209 170/214/210 122/215/211
f 122/215/211 170/214/210 171/216/212
f 122/215/211 171/216/212 123/217/213
f 123/217/213 171/216/212 172/218/214
f 123/217/213 172/218/214 124/219/215
f 124/219/215 172/218/214 173/220/216
f 124/219/215 173/220/216 125/221/217
f 125/221/217 173/220/216 126/222/218
f 126/222/218 173/220/216 174/223/219
f 126/222/218 174/223/219 127/224/220
f 127/224/220 174/223/219 175/225/221
f 127/224/220 175/225/221 128/226/222
f 128/226/222 175/225/221 176/227/223
f 128/226/222 176/227/223 129/228/224
f 129/228/224 176/227/223 177/229/225
f 129/228/224 177/229/225 130/230/226
f 130/230/226 177/229/225 178/183/179
f 130/230/226 178/183/179 107/185/181
f 178/231/227 84/232/228 155/233/229
f 155/233/229 84/232/228 83/234/230
f 155/235/229 83/236/230 156/237/231
f 156/237/231 83/236/230 106/238/232
f 156/237/231 106/238/232 157/239/233
f 157/239/233 106/238/232 105/240/234
f 157/239/233 105/240/234 158/241/235
f 158/241/235 105/240/234 104/242/236
f 158/241/235 104/242/236 159/243/237
f 159/243/237 104/242/236 103/244/238
f 159/243/237 103/244/238 160/245/239
f 160/245/239 103/244/238 102/246/240
f 160/245/239 102/246/240 161/247/241
f 161/247/241 102/246/240 101/248/242
f 161/247/241 101/248/242 162/249/243
f 162/249/243 101/248/242 100/250/244
f 162/249/243 100/250/244 163/251/245
f 163/251/245 100/250/244 99/252/246
f 163/251/245 99/252/246 164/253/247
f 164/253/247 99/252/246 98/254/248
f 164/253/247 98/254/248 165/255/249
f 165/255/249 98/254/248 97/256/250
f 165/255/249 97/256/250 166/257/251
f 166/257/251 97/256/250 96/258/252
f 166/257/251 96/258/252 167/259/253
f 167/259/253 96/258/252 95/260/254
f 167/259/253 95/260/254 168/261/255
f 168/261/255 95/260/254 94/262/256
f 168/261/255 94/262/256 169/263/257
f 169/263/257 94/262/256 93/264/258
f 169/263/257 93/264/258 170/265/259
f 170/265/259 93/264/258 92/266/260
f 170/265/259 92/266/260 171/267/261
f 171/267/261 92/266/260 91/268/262
f 171/267/261 91/268/262 172/269/263
f 172/269/263 91/268/262 90/270/264
f 172/269/263 90/270/264 173/271/265
f 173/271/265 90/270/264 89/272/266
f 173/271/265 89/272/266 174/273/267
f 174/273/267 89/272/266 88/274/268
f 174/273/267 88/274/268 175/275/269
f 175/275/269 88/274/268 87/276/270
f 175/275/269 87/276/270 176/277/271
f 176/277/271 87/276/270 86/278/272
f 176/277/271 86/278/272 177/279/273
f 177/279/273 86/278/272 85/280/274
f 177/279/273 85/280/274 178/231/227
f 178/231/227 85/280/274 84/232/228
f 180/281/275 260/282/276 179/283/277
f 179/283/277 260/282/276 219/284/278
f 179/285/277 219/286/278 220/287/279
f 260/282/276 180/281/275 259/288/280
f 259/288/280 180/281/275 181/289/281
f 259/288/280 181/289/281 258/290/282
f 258/290/282 181/289/281 182/291/283
f 258/290/282 182/291/283 257/292/284
f 257/292/284 182/291/283 183/293/285
f 257/292/284 183/293/285 256/294/286
f 256/294/286 183/293/285 184/295/287
f 256/294/286 184/295/287 255/296/288
f 255/296/288 184/295/287 185/297/289
f 255/296/288 185/297/289 254/298/290
f 254/298/290 185/297/289 186/299/291
f 254/298/290 186/299/291 253/300/292
f 253/300/292 186/299/291 187/301/293
f 253/300/292 187/301/293 252/302/294
f 252/302/294 187/301/293 188/303/295
f 252/302/294 188/303/295 251/304/296
f 251/304/296 188/303/295 189/305/297
f 251/304/296 189/305/297 250/306/298
f 250/306/298 189/305/297 190/307/299
f 250/306/298 190/307/299 249/308/300
f 249/308/300 190/307/299 191/309/301
f 249/308/300 191/309/301 248/310/302
f 248/310/302 191/309/301 192/311/303
f 248/310/302 192/311/303 247/312/304
f 247/312/304 192/311/303 193/313/305
f 247/312/304 193/313/305 246/314/306
f 246/314/306 193/313/305 194/315/307
f 246/314/306 194/315/307 245/316/308
f 245/316/308 194/315/307 195/317/309
f 245/316/308 195/317/309 244/318/310
f 244/318/310 195/317/309 196/319/311
f 244/318/310 196/319/311 243/320/312
f 243/320/312 196/319/311 197/321/313
f 243/320/312 197/321/313 242/322/314
f 242/322/314 197/321/313 198/323/315
f 242/322/314 198/323/315 241/324/316
f 241/324/316 198/323/315 199/325/317
f 241/324/316 199/325/317 240/326/318
f 240/326/318 199/325/317 239/327/319
f 239/327/319 199/325/317 200/328/320
f 239/327/319 200/328/320 238/329/321
f 238/329/321 200/328/320 201/330/322
f 238/329/321 201/330/322 237/331/323
f 237/331/323 201/330/322 202/332/324
f 237/331/323 202/332/324 236/333/325
f 236/333/325 202/332/324 203/334/326
f 236/333/325 203/334/326 235/335/327
f 235/335/327 203/334/326 204/336/328
f 235/335/327 204/336/328 234/337/329
f 234/337/329 204/336/328 205/338/330
f 234/337/329 205/338/330 233/339/331
f 233/339/331 205/338/330 206/340/332
f 233/339/331 206/340/332 232/341/333
f 232/341/333 206/340/332 207/342/334
f 232/341/333 207/342/334 231/343/335
f 231/343/335 207/342/334 208/344/336
f 231/343/335 208/344/336 230/345/337
f 230/345/337 208/344/336 209/346/338
f 230/345/337 209/346/338 229/347/339
f 229/347/339 209/346/338 210/348/340
f 229/347/339 210/348/340 228/349/341
f 228/349/341 210/348/340 211/350/342
f 228/349/341 211/350/342 227/351/343
f 227/351/343 211/350/342 212/352/344
f 227/351/343 212/352/344 226/353/345
f 226/353/345 212/352/344 213/354/346
f 226/353/345 213/354/346 225/355/347
f 225/355/347 213/354/346 214/356/348
f 225/355/347 214/356/348 224/357/349
f 224/357/349 214/356/348 215/358/350
f 224/357/349 215/358/350 223/359/351
f 223/359/351 215/358/350 216/360/352
f 223/359/351 216/360/352 222/361/353
f 222/361/353 216/360/352 217/362/354
f 222/361/353 217/362/354 221/363/355
f 221/363/355 217/362/354 218/364/356
f 221/363/355 218/364/356 220/287/279
f 220/287/279 218/364/356 179/285/277
f 262/365/357 190/366/358 261/367/359
f 261/367/359 190/366/358 189/368/360
f 261/367/359 189/368/360 188/369/361
f 190/366/358 262/365/357 191/370/362
f 191/370/362 262/365/357 263/371/363
f 191/370/362 263/371/363 192/372/364
f 192/372/364 263/371/363 264/373/365
f 192/372/364 264/373/365 193/374/366
f 193/374/366 264/373/365 265/375/367
f 193/374/366 265/375/367 194/376/368
f 194/376/368 265/375/367 266/377/369
f 194/376/368 266/377/369 195/378/370
f 195/378/370 266/377/369 267/379/371
f 195/378/370 267/379/371 196/380/372
f 196/380/372 267/379/371 268/381/373
f 196/380/372 268/381/373 197/382/374
f 197/382/374 268/381/373 269/383/375
f 197/382/374 269/383/375 198/384/376
f 198/384/376 269/383/375 270/385/377
f 198/384/376 270/385/377 199/386/378
f 199/386/378 270/385/377 271/387/379
f 199/386/378 271/387/379 200/388/380
f 200/388/380 271/387/379 272/389/381
f 200/388/380 272/389/381 201/390/382
f 201/390/382 272/389/381 273/391/383
f 201/390/382 273/391/383 202/392/384
f 202/392/384 273/391/383 274/393/385
f 202/392/384 274/393/385 203/394/386
f 203/394/386 274/393/385 275/395/387
f 203/394/386 275/395/387 204/396/388
f 204/396/388 275/395/387 276/397/389
f 204/396/388 276/397/389 205/398/390
f 205/398/390 276/397/389 277/399/391
f 205/398/390 277/399/391 206/400/392
f 206/400/392 277/399/391 278/401/393
f 206/400/392 278/401/393 207/402/394
f 207/402/394 278/401/393 279/403/395
f 207/402/394 279/403/395 208/404/396
f 208/404/396 279/403/395 280/405/397
f 208/404/396 280/405/397 209/406/398
f 209/406/398 280/405/397 210/407/399
f 210/407/399 280/405/397 281/408/400
f 210/407/399 281/408/400 211/409/401
f 211/409/401 281/408/400 282/410/402
f 211/409/401 282/410/402 212/411/403
f 212/411/403 282/410/402 283/412/404
f 212/411/403 283/412/404 213/413/405
f 213/413/405 283/412/404 284/414/406
f 213/413/405 284/414/406 214/415/407
f 214/415/407 284/414/406 285/416/408
f 214/415/407 285/416/408 215/417/409
f 215/417/409 285/416/408 286/418/410
f 215/417/409 286/418/410 216/419/411
f 216/419/411 286/418/410 287/420/412
f 216/419/411 287/420/412 217/421/413
f 217/421/413 287/420/412 288/422/414
f 217/421/413 288/422/414 218/423/415
f 218/423/415 288/422/414 289/424/416
f 218/423/415 289/424/416 179/425/417
f 179/425/417 289/424/416 290/426/418
f 179/425/417 290/426/418 180/427/419
f 180/427/419 290/426/418 291/428/420
f 180/427/419 291/428/420 181/429/421
f 181/429/421 291/428/420 292/430/422
f 181/429/421 292/430/422 182/431/423
f 182/431/423 292/430/422 293/432/424
f 182/431/423 293/432/424 183/433/425
f 183/433/425 293/432/424 294/434/426
f 183/433/425 294/434/426 184/435/427
f 184/435/427 294/434/426 295/436/428
f 184/435/427 295/436/428 185/437/429
f 185/437/429 295/436/428 296/438/430
f 185/437/429 296/438/430 186/439/431
f 186/439/431 296/438/430 297/440/432
f 186/439/431 297/440/432 187/441/433
f 187/441/433 297/440/432 298/442/434
f 187/441/433 298/442/434 188/369/361
f 188/369/361 298/442/434 261/367/359
f 300/443/435 220/444/436 299/445/437
f 299/445/437 220/444/436 219/446/438
f 299/447/437 219/448/438 340/449/439
f 340/449/439 219/448/438 260/450/440
f 340/449/439 260/450/440 339/451/441
f 339/451/441 260/450/440 259/452/442
f 339/451/441 259/452/442 338/453/443
f 338/453/443 259/452/442 258/454/444
f 338/453/443 258/454/444 337/455/445
f 337/455/445 258/454/444 257/456/446
f 337/455/445 257/456/446 336/457/447
f 336/457/447 257/456/446 256/458/448
f 336/457/447 256/458/448 335/459/449
f 335/459/449 256/458/448 255/460/450
f 335/459/449 255/460/450 334/461/451
f 334/461/451 255/460/450 254/462/452
f 334/461/451 254/462/452 333/463/453
f 333/463/453 254/462/452 253/464/454
f 333/463/453 253/464/454 332/465/455
f 332/465/455 253/464/454 252/466/456
f 332/465/455 252/466/456 331/467/457
f 331/467/457 252/466/456 251/468/458
f 331/467/457 251/468/458 330/469/459
f 330/469/459 251/468/458 250/470/460
f 330/469/459 250/470/460 329/471/461
f 329/471/461 250/470/460 249/472/462
f 329/471/461 249/472/462 328/473/463
f 328/473/463 249/472/462 248/474/464
f 328/473/463 248/474/464 327/475/465
f 327/475/465 248/474/464 247/476/466
f 327/475/465 247/476/466 326/477/467
f 326/477/467 247/476/466 246/478/468
f 326/477/467 246/478/468 325/479/469
f 325/479/469 246/478/468 245/480/470
f 325/479/469 245/480/470 324/481/471
f 324/481/471 245/480/470 244/482/472
f 324/481/471 244/482/472 323/483/473
f 323/483/473 244/482/472 243/484/474
f 323/483/473 243/484/474 322/485/475
f 322/485/475 243/484/474 242/486/476
f 322/485/475 242/486/476 321/487/477
f 321/487/477 242/486/476 241/488/478
f 321/487/477 241/488/478 320/489/479
f 320/489/479 241/488/478 240/490/480
f 320/489/479 240/490/480 319/491/481
f 319/491/481 240/490/480 239/492/482
f 319/491/481 239/492/482 318/493/483
f 318/493/483 239/492/482 238/494/484
f 318/493/483 238/494/484 317/495/485
f 317/495/485 238/494/484 237/496/486
f 317/495/485 237/496/486 316/497/487
f 316/497/487 237/496/486 236/498/488
f 316/497/487 236/498/488 315/499/489
f 315/499/489 236/498/488 235/500/490
f 315/499/489 235/500/490 314/501/491
f 314/501/491 235/500/490 234/502/492
f 314/501/491 234/502/492 313/503/493
f 313/503/493 234/502/492 233/504/494
f 313/503/493 233/504/494 312/505/495
f 312/505/495 233/504/494 232/506/496
f 312/505/495 232/506/496 311/507/497
f 311/507/497 232/506/496 231/508/498
f 311/507/497 231/508/498 310/509/499
f 310/509/499 231/508/498 230/510/500
f 310/509/499 230/510/500 309/511/501
f 309/511/501 230/510/500 229/512/502
f 309/511/501 229/512/502 308/513/503
f 308/513/503 229/512/502 228/514/504
f 308/513/503 228/514/504 307/515/505
f 307/515/505 228/514/504 227/516/506
f 307/515/505 227/516/506 306/517/507
f 306/517/507 227/516/506 226/518/508
f 306/517/507 226/518/508 305/519/509
f 305/519/509 226/518/508 225/520/510
f 305/519/509 225/520/510 304/521/511
f 304/521/511 225/520/510 224/522/512
f 304/521/511 224/522/512 303/523/513
f 303/523/513 224/522/512 223/524/514
f 303/523/513 223/524/514 302/525/515
f 302/525/515 223/524/514 222/526/516
f 302/525/515 222/526/516 301/527/517
f 301/527/517 222/526/516 221/528/518
f 301/527/517 221/528/518 300/443/435
f 300/443/435 221/528/518 220/444/436
f 342/529/519 422/530/520 341/531/521
f 341/531/521 422/530/520 381/532/522
f 341/533/521 381/534/522 382/535/523
f 422/530/520 342/529/519 421/536/524
f 421/536/524 342/529/519 343/537/525
f 421/536/524 343/537/525 420/538/526
f 420/538/526 343/537/525 344/539/527
f 420/538/526 344/539/527 419/540/528
f 419/540/528 344/539/527 345/541/529
f 419/540/528 345/541/529 418/542/530
f 418/542/530 345/541/529 346/543/531
f 418/542/530 346/543/531 417/544/532
f 417/544/532 346/543/531 347/545/533
f 417/544/532 347/545/533 416/546/534
f 416/546/534 347/545/533 348/547/535
f 416/546/534 348/547/535 415/548/536
f 415/548/536 348/547/535 349/549/537
f 415/548/536 349/549/537 414/550/538
f 414/550/538 349/549/537 350/551/539
f 414/550/538 350/551/539 413/552/540
f 413/552/540 350/551/539 351/553/541
f 413/552/540 351/553/541 412/554/542
f 412/554/542 351/553/541 352/555/543
f 412/554/542 352/555/543 411/556/544
f 411/556/544 352/555/543 353/557/545
f 411/556/544 353/557/545 410/558/546
f 410/558/546 353/557/545 354/559/547
f 410/558/546 354/559/547 409/560/548
f 409/560/548 354/559/547 355/561/549
f 409/560/548 355/561/549 408/562/550
f 408/562/550 355/561/549 356/563/551
f 408/562/550 356/563/551 407/564/552
f 407/564/552 356/563/551 357/565/553
f 407/564/552 357/565/553 406/566/554
f 406/566/554 357/565/553 358/567/555
f 406/566/554 358/567/555 405/568/556
f 405/568/556 358/567/555 359/569/557
f 405/568/556 359/569/557 404/570/558
f 404/570/558 359/569/557 360/571/559
f 404/570/558 360/571/559 403/572/560
f 403/572/560 360/571/559 361/573/561
f 403/572/560 361/573/561 402/574/562
f 402/574/562 361/573/561 401/575/563
f 401/575/563 361/573/561 362/576/564
f 401/575/563 362/576/564 400/577/565
f 400/577/565 362/576/564 363/578/566
f 400/577/565 363/578/566 399/579/567
f 399/579/567 363/578/566 364/580/568
f 399/579/567 364/580/568 398/581/569
f 398/581/569 364/580/568 365/582/570
f 398/581/569 365/582/570 397/583/571
f 397/583/571 365/582/570 366/584/572
f 397/583/571 366/584/572 396/585/573
f 396/585/573 366/584/572 367/586/574
f 396/585/573 367/586/574 395/587/575
f 395/587/575 367/586/574 368/588/576
f 395/587/575 368/588/576 394/589/577
f 394/589/577 368/588/576 369/590/578
f 394/589/577 369/590/578 393/591/579
f 393/591/579 369/590/578 370/592/580
f 393/591/579 370/592/580 392/593/581
f 392/593/581 370/592/580 371/594/582
f 392/593/581 371/594/582 391/595/583
f 391/595/583 371/594/582 372/596/584
f 391/595/583 372/596/584 390/597/585
f 390/597/585 372/596/584 373/598/586
f 390/597/585 373/598/586 389/599/587
f 389/599/587 373/598/586 374/600/588
f 389/599/587 374/600/588 388/601/589
f 388/601/589 374/600/588 375/602/590
f 388/601/589 375/602/590 387/603/591
f 387/603/591 375/602/590 376/604/592
f 387/603/591 376/604/592 386/605/593
f 386/605/593 376/604/592 377/606/594
f 386/605/593 377/606/594 385/607/595
f 385/607/595 377/606/594 378/608/596
f 385/607/595 378/608/596 384/609/597
f 384/609/597 378/608/596 379/610/598
f 384/609/597 379/610/598 383/611/599
f 383/611/599 379/610/598 380/612/600
f 383/611/599 380/612/600 382/535/523
f 382/535/523 380/612/600 341/533/521
f 424/613/601 372/614/602 423/615/603
f 423/615/603 372/614/602 371/616/604
f 423/615/603 371/616/604 370/617/605
f 372/614/602 424/613/601 373/618/606
f 373/618/606 424/613/601 425/619/607
f 373/618/606 425/619/607 374/620/608
f 374/620/608 425/619/607 426/621/609
f 374/620/608 426/621/609 375/622/610
f 375/622/610 426/621/609 427/623/611
f 375/622/610 427/623/611 376/624/612
f 376/624/612 427/623/611 428/625/613
f 376/624/612 428/625/613 377/626/614
f 377/626/614 428/625/613 429/627/615
f 377/626/614 429/627/615 378/628/616
f 378/628/616 429/627/615 430/629/617
f 378/628/616 430/629/617 379/630/618
f 379/630/618 430/629/617 431/631/619
f 379/630/618 431/631/619 380/632/620
f 380/632/620 431/631/619 432/633/621
f 380/632/620 432/633/621 341/634/622
f 341/634/622 432/633/621 433/635/623
f 341/634/622 433/635/623 342/636/624
f 342/636/624 433/635/623 434/637/625
f 342/636/624 434/637/625 343/638/626
f 343/638/626 434/637/625 435/639/627
f 343/638/626 435/639/627 344/640/628
f 344/640/628 435/639/627 436/641/629
f 344/640/628 436/641/629 345/642/630
f 345/642/630 436/641/629 437/643/631
f 345/642/630 437/643/631 346/644/632
f 346/644/632 437/643/631 438/645/633
f 346/644/632 438/645/633 347/646/634
f 347/646/634 438/645/633 439/647/635
f 347/646/634 439/647/635 348/648/636
f 348/648/636 439/647/635 440/649/637
f 348/648/636 440/649/637 349/650/638
f 349/650/638 440/649/637 441/651/639
f 349/650/638 441/651/639 350/652/640
f 350/652/640 441/651/639 442/653/641
f 350/652/640 442/653/641 351/654/642
f 351/654/642 442/653/641 352/655/643
f 352/655/643 442/653/641 443/656/644
f 352/655/643 443/656/644 353/657/645
f 353/657/645 443/656/644 444/658/646
f 353/657/645 444/658/646 354/659/647
f 354/659/647 444/658/646 445/660/648
f 354/659/647 445/660/648 355/661/649
f 355/661/649 445/660/648 446/662/650
f 355/661/649 446/662/650 356/663/651
f 356/663/651 446/662/650 447/664/652
f 356/663/651 447/664/652 357/665/653
f 357/665/653 447/664/652 448/666/654
f 357/665/653 448/666/654 358/667/655
f 358/667/655 448/666/654 449/668/656
f 358/667/655 449/668/656 359/669/657
f 359/669/657 449/668/656 450/670/658
f 359/669/657 450/670/658 360/671/659
f 360/671/659 450/670/658 451/672/660
f 360/671/659 451/672/660 361/673/661
f 361/673/661 451/672/660 452/674/662
f 361/673/661 452/674/662 362/675/663
f 362/675/663 452/674/662 453/676/664
f 362/675/663 453/676/664 363/677/665
f 363/677/665 453/676/664 454/678/666
f 363/677/665 454/678/666 364/679/667
f 364/679/667 454/678/666 455/680/668
f 364/679/667 455/680/668 365/681/669
f 365/681/669 455/680/668 456/682/670
f 365/681/669 456/682/670 366/683/671
f 366/683/671 456/682/670 457/684/672
f 366/683/671 457/684/672 367/685/673
f 367/685/673 457/684/672 458/686/674
f 367/685/673 458/686/674 368/687/675
f 368/687/675 458/686/674 459/688/676
f 368/687/675 459/688/676 369/689/677
f 369/689/677 459/688/676 460/690/678
f 369/689/677 460/690/678 370/617/605
f 370/617/605 460/690/678 423/615/603
f 462/691/679 382/692/680 461/693/681
f 461/693/681 382/692/680 381/694/682
f 461/695/681 381/696/682 502/697/683
f 502/697/683 381/696/682 422/698/684
f 502/697/683 422/698/684 501/699/685
f 501/699/685 422/698/684 421/700/686
f 501/699/685 421/700/686 500/701/687
f 500/701/687 421/700/686 420/702/688
f 500/701/687 420/702/688 499/703/689
f 499/703/689 420/702/688 419/704/690
f 499/703/689 419/704/690 498/705/691
f 498/705/691 419/704/690 418/706/692
f 498/705/691 418/706/692 497/707/693
f 497/707/693 418/706/692 417/708/694
f 497/707/693 417/708/694 496/709/695
f 496/709/695 417/708/694 416/710/696
f 496/709/695 416/710/696 495/711/697
f 495/711/697 416/710/696 415/712/698
f 495/711/697 415/712/698 494/713/699
f 494/713/699 415/712/698 414/714/700
f 494/713/699 414/714/700 493/715/701
f 493/715/701 414/714/700 413/716/702
f 493/715/701 413/716/702 492/717/703
f 492/717/703 413/716/702 412/718/704
f 492/717/703 412/718/704 491/719/705
f 491/719/705 412/718/704 411/720/706
f 491/719/705 411/720/706 490/721/707
f 490/721/707 411/720/706 410/722/708
f 490/721/707 410/722/708 489/723/709
f 489/723/709 410/722/708 409/724/710
f 489/723/709 409/724/710 488/725/711
f 488/725/711 409/724/710 408/726/712
f 488/725/711 408/726/712 487/727/713
f 487/727/713 408/726/712 407/728/714
f 487/727/713 407/728/714 486/729/715
f 486/729/715 407/728/714 406/730/716
f 486/729/715 406/730/716 485/731/717
f 485/731/717 406/730/716 405/732/718
f 485/731/717 405/732/718 484/733/719
f 484/733/719 405/732/718 404/734/720
f 484/733/719 404/734/720 483/735/721
f 483/735/721 404/734/720 403/736/722
f 483/735/721 403/736/722 482/737/723
f 482/737/723 403/736/722 402/738/724
f 482/737/723 402/738/724 481/739/725
f 481/739/725 402/738/724 401/740/726
f 481/739/725 401/740/726 480/741/727
f 480/741/727 401/740/726 400/742/728
f 480/741/727 400/742/728 479/743/729
f 479/743/729 400/742/728 399/744/730
f 479/743/729 399/744/730 478/745/731
f 478/745/731 399/744/730 398/746/732
f 478/745/731 398/746/732 477/747/733
f 477/747/733 398/746/732 397/748/734
f 477/747/733 397/748/734 476/749/735
f 476/749/735 397/748/734 396/750/736
f 476/749/735 396/750/736 475/751/737
f 475/751/737 396/750/736 395/752/738
f 475/751/737 395/752/738 474/753/739
f 474/753/739 395/752/738 394/754/740
f 474/753/739 394/754/740 473/755/741
f 473/755/741 394/754/740 393/756/742
f 473/755/741 393/756/742 472/757/743
f 472/757/743 393/756/742 392/758/744
f 472/757/743 392/758/744 471/759/745
f 471/759/745 392/758/744 391/760/746
f 471/759/745 391/760/746 470/761/747
f 470/761/747 391/760/746 390/762/748
f 470/761/747 390/762/748 469/763/749
f 469/763/749 390/762/748 389/764/750
f 469/763/749 389/764/750 468/765/751
f 468/765/751 389/764/750 388/766/752
f 468/765/751 388/766/752 467/767/753
f 467/767/753 388/766/752 387/768/754
f 467/767/753 387/768/754 466/769/755
f 466/769/755 387/768/754 386/770/756
f 466/769/755 386/770/756 465/771/757
f 465/771/757 386/770/756 385/772/758
f 465/771/757 385/772/758 464/773/759
f 464/773/759 385/772/758 384/774/760
f 464/773/759 384/774/760 463/775/761
f 463/775/761 384/774/760 383/776/762
f 463/775/761 383/776/762 462/691/679
f 462/691/679 383/776/762 382/692/680
f 298/777/763 424/778/764 261/779/765
f 261/779/765 424/778/764 423/780/766
f 261/779/765 423/780/766 262/781/767
f 262/781/767 423/780/766 460/782/768
f 262/781/767 460/782/768 263/783/769
f 263/783/769 460/782/768 459/784/770
f 263/783/769 459/784/770 264/785/771
f 264/785/771 459/784/770 458/786/772
f 264/785/771 458/786/772 265/787/773
f 265/787/773 458/786/772 457/788/774
f 265/787/773 457/788/774 266/789/775
f 266/789/775 457/788/774 456/790/776
f 266/789/775 456/790/776 267/791/777
f 267/791/777 456/790/776 455/792/778
f 267/791/777 455/792/778 268/793/779
f 268/793/779 455/792/778 454/794/780
f 268/793/779 454/794/780 269/795/781
f 269/795/781 454/794/780 453/796/782
f 269/795/781 453/796/782 270/797/783
f 270/797/783 453/796/782 452/798/784
f 270/797/783 452/798/784 271/799/785
f 271/799/785 452/798/784 451/800/786
f 271/799/785 451/800/786 272/801/787
f 272/801/787 451/800/786 450/802/788
f 272/801/787 450/802/788 273/803/789
f 273/803/789 450/802/788 449/804/790
f 273/803/789 449/804/790 274/805/791
f 274/805/791 449/804/790 448/806/792
f 274/805/791 448/806/792 275/807/793
f 275/807/793 448/806/792 447/808/794
f 275/807/793 447/808/794 276/809/795
f 276/809/795 447/808/794 446/810/796
f 276/809/795 446/810/796 277/811/797
f 277/811/797 446/810/796 445/812/798
f 277/811/797 445/812/798 278/813/799
f 278/813/799 445/812/798 444/814/800
f 278/813/799 444/814/800 279/815/801
f 279/815/801 444/814/800 443/816/802
f 279/815/801 443/816/802 280/817/803
f 280/817/803 443/816/802 442/818/804
f 280/819/803 442/820/804 281/821/805
f 281/821/805 442/820/804 441/822/806
f 281/821/805 441/822/806 282/823/807
f 282/823/807 441/822/806 440/824/808
f 282/823/807 440/824/808 283/825/809
f 283/825/809 440/824/808 439/826/810
f 283/825/809 439/826/810 284/827/811
f 284/827/811 439/826/810 438/828/812
f 284/827/811 438/828/812 285/829/813
f 285/829/813 438/828/812 437/830/814
f 285/829/813 437/830/814 286/831/815
f 286/831/815 437/830/814 436/832/816
f 286/831/815 436/832/816 287/833/817
f 287/833/817 436/832/816 435/834/818
f 287/833/817 435/834/818 288/835/819
f 288/835/819 435/834/818 434/836/820
f 288/835/819 434/836/820 289/837/821
f 289/837/821 434/836/820 433/838/822
f 289/837/821 433/838/822 290/839/823
f 290/839/823 433/838/822 432/840/824
f 290/839/823 432/840/824 291/841/825
f 291/841/825 432/840/824 431/842/826
f 291/841/825 431/842/826 292/843/827
f 292/843/827 431/842/826 430/844/828
f 292/843/827 430/844/828 293/845/829
f 293/845/829 430/844/828 429/846/830
f 293/845/829 429/846/830 294/847/831
f 294/847/831 429/846/830 428/848/832
f 294/847/831 428/848/832 295/849/833
f 295/849/833 428/848/832 427/850/834
f 295/849/833 427/850/834 296/851/835
f 296/851/835 427/850/834 426/852/836
f 296/851/835 426/852/836 297/853/837
f 297/853/837 426/852/836 425/854/838
f 297/853/837 425/854/838 298/777/763
f 298/777/763 425/854/838 424/778/764
f 504/855/839 573/856/840 503/857/841
f 503/857/841 573/856/840 538/858/842
f 503/859/841 538/860/842 539/861/843
f 573/856/840 504/855/839 572/862/844
f 572/862/844 504/855/839 505/863/845
f 572/862/844 505/863/845 571/864/846
f 571/864/846 505/863/845 506/865/847
f 571/864/846 506/865/847 570/866/848
f 570/866/848 506/865/847 507/867/849
f 570/866/848 507/867/849 569/868/850
f 569/868/850 507/867/849 508/869/851
f 569/868/850 508/869/851 568/870/852
f 568/870/852 508/869/851 509/871/853
f 568/870/852 509/871/853 567/872/854
f 567/872/854 509/871/853 510/873/855
f 567/872/854 510/873/855 566/874/856
f 566/874/856 510/873/855 511/875/857
f 566/874/856 511/875/857 565/876/858
f 565/876/858 511/875/857 512/877/859
f 565/876/858 512/877/859 564/878/860
f 564/878/860 512/877/859 513/879/861
f 564/878/860 513/879/861 563/880/862
f 563/880/862 513/879/861 514/881/863
f 563/880/862 514/881/863 562/882/864
f 562/882/864 514/881/863 515/883/865
f 562/882/864 515/883/865 561/884/866
f 561/884/866 515/883/865 516/885/867
f 561/884/866 516/885/867 560/886/868
f 560/886/868 516/885/867 517/887/869
f 560/886/868 517/887/869 559/888/870
f 559/888/870 517/887/869 518/889/871
f 559/888/870 518/889/871 558/890/872
f 558/890/872 518/889/871 519/891/873
f 558/890/872 519/891/873 557/892/874
f 557/892/874 519/891/873 520/893/875
f 557/892/874 520/893/875 556/894/876
f 556/894/876 520/893/875 521/895/877
f 556/894/876 521/895/877 555/896/878
f 555/896/878 521/895/877 522/897/879
f 555/896/878 522/897/879 554/898/880
f 554/898/880 522/897/879 523/899/881
f 554/898/880 523/899/881 553/900/882
f 553/900/882 523/899/881 524/901/883
f 553/900/882 524/901/883 552/902/884
f 552/902/884 524/901/883 525/903/885
f 552/902/884 525/903/885 551/904/886
f 551/904/886 525/903/885 526/905/887
f 551/904/886 526/905/887 550/906/888
f 550/906/888 526/905/887 527/907/889
f 550/906/888 527/907/889 549/908/890
f 549/908/890 527/907/889 528/909/891
f 549/908/890 528/909/891 548/910/892
f 548/910/892 528/909/891 529/911/893
f 548/910/892 529/911/893 547/912/894
f 547/912/894 529/911/893 530/913/895
f 547/912/894 530/913/895 546/914/896
f 546/914/896 530/913/895 531/915/897
f 546/914/896 531/915/897 545/916/898
f 545/916/898 531/915/897 532/917/899
f 545/916/898 532/917/899 544/918/900
f 544/918/900 532/917/899 533/919/901
f 544/918/900 533/919/901 543/920/902
f 543/920/902 533/919/901 534/921/903
f 543/920/902 534/921/903 542/922/904
f 542/922/904 534/921/903 535/923/905
f 542/922/904 535/923/905 541/924/906
f 541/924/906 535/923/905 536/925/907
f 541/924/906 536/925/907 540/926/908
f 540/926/908 536/925/907 537/927/909
f 540/926/908 537/927/909 539/861/843
f 539/861/843 537/927/909 503/859/841
f 82/928/910 530/929/911 1/930/3
f 1/930/3 530/929/911 529/931/912
f 1/930/3 529/931/912 49/932/913
f 49/932/913 529/931/912 528/933/914
f 49/932/913 528/933/914 50/934/915
f 50/934/915 528/933/914 527/935/916
f 50/934/915 527/935/916 51/936/917
f 51/936/917 527/935/916 526/937/918
f 51/936/917 526/937/918 52/938/919
f 52/938/919 526/937/918 525/939/920
f 52/938/919 525/939/920 53/940/921
f 53/940/921 525/939/920 524/941/922
f 53/940/921 524/941/922 54/942/923
f 54/942/923 524/941/922 523/943/924
f 54/942/923 523/943/924 55/944/925
f 55/944/925 523/943/924 522/945/926
f 55/944/925 522/945/926 56/946/927
f 56/946/927 522/945/926 521/947/928
f 56/946/927 521/947/928 57/948/929
f 57/948/929 521/947/928 520/949/930
f 57/948/929 520/949/930 58/950/931
f 58/950/931 520/949/930 519/951/932
f 58/950/931 519/951/932 59/952/933
f 59/952/933 519/951/932 518/953/934
f 59/952/933 518/953/934 60/954/935
f 60/954/935 518/953/934 517/955/936
f 60/954/935 517/955/936 61/956/937
f 61/956/937 517/955/936 516/957/938
f 61/956/937 516/957/938 62/958/939
f 62/958/939 516/957/938 515/959/940
f 62/958/939 515/959/940 63/960/941
f 63/960/941 515/959/940 514/961/942
f 63/960/941 514/961/942 64/962/943
f 64/962/943 514/961/942 513/963/944
f 64/962/943 513/963/944 65/964/945
f 65/964/945 513/963/944 512/965/946
f 65/964/945 512/965/946 66/966/947
f 66/966/947 512/965/946 511/967/948
f 66/966/947 511/967/948 67/968/949
f 67/968/949 511/967/948 510/969/950
f 67/968/949 510/969/950 68/970/951
f 68/970/951 510/969/950 509/971/952
f 68/970/951 509/971/952 69/972/953
f 69/972/953 509/971/952 508/973/954
f 69/972/953 508/973/954 70/974/955
f 70/974/955 508/973/954 507/975/956
f 70/974/955 507/975/956 71/976/957
f 71/976/957 507/975/956 506/977/958
f 71/976/957 506/977/958 72/978/959
f 72/978/959 506/977/958 505/979/960
f 72/978/959 505/979/960 73/980/961
f 73/980/961 505/979/960 504/981/962
f 73/980/961 504/981/962 74/982/963
f 74/982/963 504/981/962 503/983/964
f 74/982/963 503/983/964 75/984/965
f 75/985/965 503/986/964 537/987/966
f 75/985/965 537/987/966 76/988/967
f 76/988/967 537/987/966 536/989/968
f 76/988/967 536/989/968 77/990/969
f 77/990/969 536/989/968 535/991/970
f 77/990/969 535/991/970 78/992/971
f 78/992/971 535/991/970 534/993/972
f 78/992/971 534/993/972 79/994/973
f 79/994/973 534/993/972 533/995/974
f 79/994/973 533/995/974 80/996/975
f 80/996/975 533/995/974 532/997/976
f 80/996/975 532/997/976 81/998/977
f 81/998/977 532/997/976 531/999/978
f 81/998/977 531/999/978 82/928/910
f 82/928/910 531/999/978 530/929/911
f 462/1000/979 461/1001/980 538/1002/981
f 538/1002/981 461/1001/980 502/1003/982
f 538/1002/981 502/1003/982 539/1004/983
f 539/1004/983 502/1003/982 501/1005/984
f 539/1004/983 501/1005/984 540/1006/985
f 540/1006/985 501/1005/984 500/1007/986
f 540/1006/985 500/1007/986 541/1008/987
f 541/1008/987 500/1007/986 499/1009/988
f 541/1008/987 499/1009/988 542/1010/989
f 542/1010/989 499/1009/988 498/1011/990
f 542/1010/989 498/1011/990 543/1012/991
f 543/1012/991 498/1011/990 497/1013/992
f 543/1012/991 497/1013/992 544/1014/993
f 544/1014/993 497/1013/992 496/1015/994
f 544/1014/993 496/1015/994 495/1016/995
f 544/1014/993 495/1016/995 545/1017/996
f 545/1017/996 495/1016/995 494/1018/997
f 545/1017/996 494/1018/997 546/1019/998
f 546/1019/998 494/1018/997 493/1020/999
f 546/1019/998 493/1020/999 547/1021/1000
f 547/1021/1000 493/1020/999 492/1022/1001
f 547/1021/1000 492/1022/1001 548/1023/1002
f 548/1023/1002 492/1022/1001 491/1024/1003
f 548/1023/1002 491/1024/1003 549/1025/1004
f 549/1025/1004 491/1024/1003 490/1026/1005
f 549/1025/1004 490/1026/1005 550/1027/1006
f 550/1027/1006 490/1026/1005 489/1028/1007
f 550/1027/1006 489/1028/1007 488/1029/1008
f 550/1027/1006 488/1029/1008 551/1030/1009
f 551/1030/1009 488/1029/1008 487/1031/1010
f 551/1030/1009 487/1031/1010 552/1032/1011
f 552/1032/1011 487/1031/1010 486/1033/1012
f 552/1032/1011 486/1033/1012 553/1034/1013
f 553/1034/1013 486/1033/1012 485/1035/1014
f 553/1034/1013 485/1035/1014 554/1036/1015
f 554/1036/1015 485/1035/1014 484/1037/1016
f 554/1036/1015 484/1037/1016 555/1038/1017
f 555/1038/1017 484/1037/1016 483/1039/1018
f 555/1038/1017 483/1039/1018 556/1040/1019
f 556/1040/1019 483/1039/1018 482/1041/1020
f 556/1040/1019 482/1041/1020 481/1042/1021
f 556/1040/1019 481/1042/1021 557/1043/1022
f 557/1043/1022 481/1042/1021 480/1044/1023
f 557/1043/1022 480/1044/1023 558/1045/1024
f 558/1045/1024 480/1044/1023 479/1046/1025
f 558/1045/1024 479/1046/1025 559/1047/1026
f 559/1047/1026 479/1046/1025 478/1048/1027
f 559/1047/1026 478/1048/1027 560/1049/1028
f 560/1049/1028 478/1048/1027 477/1050/1029
f 560/1049/1028 477/1050/1029 561/1051/1030
f 561/1051/1030 477/1050/1029 476/1052/1031
f 561/1051/1030 476/1052/1031 562/1053/1032
f 562/1053/1032 476/1052/1031 475/1054/1033
f 562/1053/1032 475/1054/1033 474/1055/1034
f 562/1053/1032 474/1055/1034 563/1056/1035
f 563/1056/1035 474/1055/1034 473/1057/1036
f 563/1056/1035 473/1057/1036 564/1058/1037
f 564/1058/1037 473/1057/1036 472/1059/1038
f 564/1058/1037 472/1059/1038 565/1060/1039
f 565/1060/1039 472/1059/1038 471/1061/1040
f 565/1060/1039 471/1061/1040 566/1062/1041
f 566/1062/1041 471/1061/1040 470/1063/1042
f 566/1062/1041 470/1063/1042 567/1064/1043
f 567/1064/1043 470/1063/1042 469/1065/1044
f 567/1064/1043 469/1065/1044 568/1066/1045
f 568/1066/1045 469/1065/1044 468/1067/1046
f 568/1066/1045 468/1067/1046 467/1068/1047
f 568/1066/1045 467/1068/1047 569/1069/1048
f 569/1069/1048 467/1068/1047 466/1070/1049
f 569/1069/1048 466/1070/1049 570/1071/1050
f 570/1071/1050 466/1070/1049 465/1072/1051
f 570/1071/1050 465/1072/1051 571/1073/1052
f 571/1073/1052 465/1072/1051 464/1074/1053
f 571/1073/1052 464/1074/1053 572/1075/1054
f 572/1075/1054 464/1074/1053 463/1076/1055
f 572/1075/1054 463/1076/1055 573/1077/1056
f 573/1077/1056 463/1076/1055 462/1000/979
f 573/1077/1056 462/1000/979 538/1002/981
f 48/1078/1057 314/1079/1058 25/1080/1059
f 25/1080/1059 314/1079/1058 313/1081/1060
f 25/1080/1059 313/1081/1060 26/1082/1061
f 26/1082/1061 313/1081/1060 312/1083/1062
f 26/1082/1061 312/1083/1062 27/1084/1063
f 27/1084/1063 312/1083/1062 28/1085/1064
f 28/1085/1064 312/1083/1062 311/1086/1065
f 28/1085/1064 311/1086/1065 29/1087/1066
f 29/1087/1066 311/1086/1065 310/1088/1067
f 29/1087/1066 310/1088/1067 30/1089/1068
f 30/1089/1068 310/1088/1067 31/1090/1069
f 31/1090/1069 310/1088/1067 309/1091/1070
f 31/1090/1069 309/1091/1070 32/1092/1071
f 32/1092/1071 309/1091/1070 33/1093/1072
f 33/1093/1072 309/1091/1070 308/1094/1073
f 33/1093/1072 308/1094/1073 34/1095/1074
f 34/1095/1074 308/1094/1073 307/1096/1075
f 34/1095/1074 307/1096/1075 35/1097/1076
f 35/1097/1076 307/1096/1075 36/1098/1077
f 36/1098/1077 307/1096/1075 306/1099/1078
f 36/1098/1077 306/1099/1078 37/1100/1079
f 37/1100/1079 306/1099/1078 305/1101/1080
f 37/1100/1079 305/1101/1080 38/1102/1081
f 38/1102/1081 305/1101/1080 304/1103/1082
f 38/1102/1081 304/1103/1082 140/1104/1083
f 140/1104/1083 304/1103/1082 303/1105/1084
f 140/1104/1083 303/1105/1084 141/1106/1085
f 141/1106/1085 303/1105/1084 302/1107/1086
f 141/1106/1085 302/1107/1086 142/1108/1087
f 142/1108/1087 302/1107/1086 301/1109/1088
f 142/1108/1087 301/1109/1088 300/1110/1089
f 47/1111/1090 134/1112/1091 48/1078/1057
f 48/1078/1057 134/1112/1091 315/1113/1092
f 48/1078/1057 315/1113/1092 314/1079/1058
f 134/1112/1091 47/1111/1090 135/1114/1093
f 135/1114/1093 47/1111/1090 46/1115/1094
f 135/1114/1093 46/1115/1094 45/1116/1095
f 135/1114/1093 45/1116/1095 136/1117/1096
f 136/1117/1096 45/1116/1095 44/1118/1097
f 136/1117/1096 44/1118/1097 137/1119/1098
f 137/1119/1098 44/1118/1097 43/1120/1099
f 137/1119/1098 43/1120/1099 42/1121/1100
f 137/1119/1098 42/1121/1100 138/1122/1101
f 138/1122/1101 42/1121/1100 41/1123/1102
f 138/1122/1101 41/1123/1102 139/1124/1103
f 139/1124/1103 41/1123/1102 40/1125/1104
f 139/1124/1103 40/1125/1104 39/1126/1105
f 139/1124/1103 39/1126/1105 140/1104/1083
f 140/1104/1083 39/1126/1105 38/1102/1081
f 154/1127/1106 321/1128/1107 131/1129/1108
f 131/1129/1108 321/1128/1107 320/1130/1109
f 131/1129/1108 320/1130/1109 319/1131/1110
f 153/1132/1111 323/1133/1112 154/1127/1106
f 154/1127/1106 323/1133/1112 322/1134/1113
f 154/1127/1106 322/1134/1113 321/1128/1107
f 323/1133/1112 153/1132/1111 324/1135/1114
f 324/1135/1114 153/1132/1111 152/1136/1115
f 324/1135/1114 152/1136/1115 325/1137/1116
f 325/1137/1116 152/1136/1115 326/1138/1117
f 326/1138/1117 152/1136/1115 151/1139/1118
f 326/1138/1117 151/1139/1118 327/1140/1119
f 327/1140/1119 151/1139/1118 328/1141/1120
f 328/1141/1120 151/1139/1118 150/1142/1121
f 328/1141/1120 150/1142/1121 329/1143/1122
f 329/1143/1122 150/1142/1121 330/1144/1123
f 330/1144/1123 150/1142/1121 149/1145/1124
f 330/1144/1123 149/1145/1124 331/1146/1125
f 331/1146/1125 149/1145/1124 148/1147/1126
f 331/1146/1125 148/1147/1126 332/1148/1127
f 332/1148/1127 148/1147/1126 333/1149/1128
f 333/1149/1128 148/1147/1126 147/1150/1129
f 333/1149/1128 147/1150/1129 334/1151/1130
f 334/1151/1130 147/1150/1129 335/1152/1131
f 335/1152/1131 147/1150/1129 146/1153/1132
f 335/1152/1131 146/1153/1132 336/1154/1133
f 336/1154/1133 146/1153/1132 337/1155/1134
f 337/1155/1134 146/1153/1132 145/1156/1135
f 337/1155/1134 145/1156/1135 338/1157/1136
f 338/1157/1136 145/1156/1135 144/1158/1137
f 338/1157/1136 144/1158/1137 339/1159/1138
f 339/1159/1138 144/1158/1137 340/1160/1139
f 340/1160/1139 144/1158/1137 143/1161/1140
f 340/1160/1139 143/1161/1140 299/1162/1141
f 299/1162/1141 143/1161/1140 300/1110/1089
f 300/1110/1089 143/1161/1140 142/1108/1087
f 315/1113/1092 134/1112/1091 316/1163/1142
f 316/1163/1142 134/1112/1091 133/1164/1143
f 316/1163/1142 133/1164/1143 317/1165/1144
f 317/1165/1144 133/1164/1143 132/1166/1145
f 317/1165/1144 132/1166/1145 318/1167/1146
f 318/1167/1146 132/1166/1145 319/1131/1110
f 319/1131/1110 132/1166/1145 131/1129/1108
# 573 vertices
# 1167 texture params
# 1146 normals
# 1150 facets

# 1 groups
