# WaveFront *.obj file (generated by Autodesk ATF)

mtllib roue_avant.mtl

g Corps40

v 0.400000 -0.387500 0.000000
v 0.400000 -0.374296 0.100292
v 0.400000 -0.335585 0.193750
v 0.400000 -0.274004 0.274004
v 0.400000 -0.193750 0.335585
v 0.400000 -0.100292 0.374296
v 0.400000 0.000000 0.387500
v 0.400000 0.100292 0.374296
v 0.400000 0.193750 0.335585
v 0.400000 0.274004 0.274004
v 0.400000 0.335585 0.193750
v 0.400000 0.374296 0.100292
v 0.400000 0.387500 0.000000
v 0.400000 0.374296 -0.100292
v 0.400000 0.335585 -0.193750
v 0.400000 0.274004 -0.274004
v 0.400000 0.193750 -0.335585
v 0.400000 0.100292 -0.374296
v 0.400000 0.000000 -0.387500
v 0.400000 -0.100292 -0.374296
v 0.400000 -0.193750 -0.335585
v 0.400000 -0.274004 -0.274004
v 0.400000 -0.335585 -0.193750
v 0.400000 -0.374296 -0.100292
v 0.300000 -0.487500 -0.000000
v 0.300000 -0.470889 -0.126174
v 0.300000 -0.422187 -0.243750
v 0.300000 -0.344715 -0.344715
v 0.300000 -0.243750 -0.422187
v 0.300000 -0.126174 -0.470889
v 0.300000 0.000000 -0.487500
v 0.300000 0.126174 -0.470889
v 0.300000 0.243750 -0.422187
v 0.300000 0.344715 -0.344715
v 0.300000 0.422187 -0.243750
v 0.300000 0.470889 -0.126174
v 0.300000 0.487500 0.000000
v 0.300000 0.470889 0.126174
v 0.300000 0.422187 0.243750
v 0.300000 0.344715 0.344715
v 0.300000 0.243750 0.422187
v 0.300000 0.126174 0.470889
v 0.300000 0.000000 0.487500
v 0.300000 -0.126174 0.470889
v 0.300000 -0.243750 0.422187
v 0.300000 -0.344715 0.344715
v 0.300000 -0.422187 0.243750
v 0.300000 -0.470889 0.126174
v 0.374118 0.000000 -0.390907
v 0.350000 0.000000 -0.400897
v 0.329289 0.000000 -0.416789
v 0.313397 0.000000 -0.437500
v 0.303407 0.000000 -0.461618
v 0.374118 -0.377588 0.101174
v 0.350000 -0.387237 0.103760
v 0.329289 -0.402588 0.107873
v 0.313397 -0.422593 0.113233
v 0.303407 -0.445889 0.119476
v 0.303407 -0.461618 -0.000000
v 0.313397 -0.437500 -0.000000
v 0.329289 -0.416789 -0.000000
v 0.350000 -0.400897 -0.000000
v 0.374118 -0.390907 0.000000
v 0.374118 -0.338536 0.195454
v 0.350000 -0.347187 0.200449
v 0.329289 -0.360950 0.208395
v 0.313397 -0.378886 0.218750
v 0.303407 -0.399773 0.230809
v 0.374118 -0.276413 0.276413
v 0.350000 -0.283477 0.283477
v 0.329289 -0.294715 0.294715
v 0.313397 -0.309359 0.309359
v 0.303407 -0.326413 0.326413
v 0.374118 -0.195454 0.338536
v 0.350000 -0.200449 0.347187
v 0.329289 -0.208395 0.360950
v 0.313397 -0.218750 0.378886
v 0.303407 -0.230809 0.399773
v 0.374118 -0.101174 0.377588
v 0.350000 -0.103760 0.387237
v 0.329289 -0.107873 0.402588
v 0.313397 -0.113233 0.422593
v 0.303407 -0.119476 0.445889
v 0.374118 0.000000 0.390907
v 0.350000 0.000000 0.400897
v 0.329289 0.000000 0.416789
v 0.313397 0.000000 0.437500
v 0.303407 0.000000 0.461618
v 0.374118 0.101174 0.377588
v 0.350000 0.103760 0.387237
v 0.329289 0.107873 0.402588
v 0.313397 0.113233 0.422593
v 0.303407 0.119476 0.445889
v 0.374118 0.195454 0.338536
v 0.350000 0.200449 0.347187
v 0.329289 0.208395 0.360950
v 0.313397 0.218750 0.378886
v 0.303407 0.230809 0.399773
v 0.374118 0.276413 0.276413
v 0.350000 0.283477 0.283477
v 0.329289 0.294715 0.294715
v 0.313397 0.309359 0.309359
v 0.303407 0.326413 0.326413
v 0.374118 0.338536 0.195454
v 0.350000 0.347187 0.200449
v 0.329289 0.360950 0.208395
v 0.313397 0.378886 0.218750
v 0.303407 0.399773 0.230809
v 0.374118 0.377588 0.101174
v 0.350000 0.387237 0.103760
v 0.329289 0.402588 0.107873
v 0.313397 0.422593 0.113233
v 0.303407 0.445889 0.119476
v 0.374118 0.390907 0.000000
v 0.350000 0.400897 0.000000
v 0.329289 0.416789 0.000000
v 0.313397 0.437500 0.000000
v 0.303407 0.461618 0.000000
v 0.374118 0.377588 -0.101174
v 0.350000 0.387237 -0.103760
v 0.329289 0.402588 -0.107873
v 0.313397 0.422593 -0.113233
v 0.303407 0.445889 -0.119476
v 0.374118 0.338536 -0.195454
v 0.350000 0.347187 -0.200449
v 0.329289 0.360950 -0.208395
v 0.313397 0.378886 -0.218750
v 0.303407 0.399773 -0.230809
v 0.374118 0.276413 -0.276413
v 0.350000 0.283477 -0.283477
v 0.329289 0.294715 -0.294715
v 0.313397 0.309359 -0.309359
v 0.303407 0.326413 -0.326413
v 0.374118 0.195454 -0.338536
v 0.350000 0.200449 -0.347187
v 0.329289 0.208395 -0.360950
v 0.313397 0.218750 -0.378886
v 0.303407 0.230809 -0.399773
v 0.374118 0.101174 -0.377588
v 0.350000 0.103760 -0.387237
v 0.329289 0.107873 -0.402588
v 0.313397 0.113233 -0.422593
v 0.303407 0.119476 -0.445889
v 0.374118 -0.101174 -0.377588
v 0.350000 -0.103760 -0.387237
v 0.329289 -0.107873 -0.402588
v 0.313397 -0.113233 -0.422593
v 0.303407 -0.119476 -0.445889
v 0.374118 -0.195454 -0.338536
v 0.350000 -0.200449 -0.347187
v 0.329289 -0.208395 -0.360950
v 0.313397 -0.218750 -0.378886
v 0.303407 -0.230809 -0.399773
v 0.374118 -0.276413 -0.276413
v 0.350000 -0.283477 -0.283477
v 0.329289 -0.294715 -0.294715
v 0.313397 -0.309359 -0.309359
v 0.303407 -0.326413 -0.326413
v 0.374118 -0.338536 -0.195454
v 0.350000 -0.347187 -0.200449
v 0.329289 -0.360950 -0.208395
v 0.313397 -0.378886 -0.218750
v 0.303407 -0.399773 -0.230809
v 0.374118 -0.377588 -0.101174
v 0.350000 -0.387237 -0.103760
v 0.329289 -0.402588 -0.107873
v 0.313397 -0.422593 -0.113233
v 0.303407 -0.445889 -0.119476
v 1.200000 -0.387500 -0.000000
v 1.200000 -0.374296 0.100292
v 1.200000 -0.335585 0.193750
v 1.200000 -0.274004 0.274004
v 1.200000 -0.193750 0.335585
v 1.200000 -0.100292 0.374296
v 1.200000 0.000000 0.387500
v 1.200000 0.100292 0.374296
v 1.200000 0.193750 0.335585
v 1.200000 0.274004 0.274004
v 1.200000 0.335585 0.193750
v 1.200000 0.374296 0.100292
v 1.200000 0.387500 0.000000
v 1.200000 0.374296 -0.100292
v 1.200000 0.335585 -0.193750
v 1.200000 0.274004 -0.274004
v 1.200000 0.193750 -0.335585
v 1.200000 0.100292 -0.374296
v 1.200000 0.000000 -0.387500
v 1.200000 -0.100292 -0.374296
v 1.200000 -0.193750 -0.335585
v 1.200000 -0.274004 -0.274004
v 1.200000 -0.335585 -0.193750
v 1.200000 -0.374296 -0.100292
v 0.300000 -1.250000 -0.000000
v 0.300000 -1.222685 -0.259890
v 0.300000 -1.141932 -0.508421
v 0.300000 -1.011271 -0.734732
v 0.300000 -0.836413 -0.928931
v 0.300000 -0.625000 -1.082532
v 0.300000 -0.386271 -1.188821
v 0.300000 -0.130661 -1.243152
v 0.300000 0.130661 -1.243152
v 0.300000 0.386271 -1.188821
v 0.300000 0.625000 -1.082532
v 0.300000 0.836413 -0.928931
v 0.300000 1.011271 -0.734732
v 0.300000 1.141932 -0.508421
v 0.300000 1.222685 -0.259890
v 0.300000 1.250000 0.000000
v 0.300000 1.222685 0.259890
v 0.300000 1.141932 0.508421
v 0.300000 1.011271 0.734732
v 0.300000 0.836413 0.928931
v 0.300000 0.625000 1.082532
v 0.300000 0.386271 1.188821
v 0.300000 0.130661 1.243152
v 0.300000 -0.130661 1.243152
v 0.300000 -0.386271 1.188821
v 0.300000 -0.625000 1.082532
v 0.300000 -0.836413 0.928931
v 0.300000 -1.011271 0.734732
v 0.300000 -1.141932 0.508421
v 0.300000 -1.222685 0.259890
v 1.150000 -0.210000 0.000000
v 1.150000 -0.202844 0.054352
v 1.150000 -0.181865 0.105000
v 1.150000 -0.148492 0.148492
v 1.150000 -0.105000 0.181865
v 1.150000 -0.054352 0.202844
v 1.150000 0.000000 0.210000
v 1.150000 0.054352 0.202844
v 1.150000 0.105000 0.181865
v 1.150000 0.148492 0.148492
v 1.150000 0.181865 0.105000
v 1.150000 0.202844 0.054352
v 1.150000 0.210000 0.000000
v 1.150000 0.202844 -0.054352
v 1.150000 0.181865 -0.105000
v 1.150000 0.148492 -0.148492
v 1.150000 0.105000 -0.181865
v 1.150000 0.054352 -0.202844
v 1.150000 0.000000 -0.210000
v 1.150000 -0.054352 -0.202844
v 1.150000 -0.105000 -0.181865
v 1.150000 -0.148492 -0.148492
v 1.150000 -0.181865 -0.105000
v 1.150000 -0.202844 -0.054352
v 1.200000 -0.260000 -0.000000
v 1.200000 -0.251141 -0.067293
v 1.200000 -0.225167 -0.130000
v 1.200000 -0.183848 -0.183848
v 1.200000 -0.130000 -0.225167
v 1.200000 -0.067293 -0.251141
v 1.200000 0.000000 -0.260000
v 1.200000 0.067293 -0.251141
v 1.200000 0.130000 -0.225167
v 1.200000 0.183848 -0.183848
v 1.200000 0.225167 -0.130000
v 1.200000 0.251141 -0.067293
v 1.200000 0.260000 0.000000
v 1.200000 0.251141 0.067293
v 1.200000 0.225167 0.130000
v 1.200000 0.183848 0.183848
v 1.200000 0.130000 0.225167
v 1.200000 0.067293 0.251141
v 1.200000 0.000000 0.260000
v 1.200000 -0.067293 0.251141
v 1.200000 -0.130000 0.225167
v 1.200000 -0.183848 0.183848
v 1.200000 -0.225167 0.130000
v 1.200000 -0.251141 0.067293
v 0.770000 -0.210000 -0.000000
v 0.770000 -0.202844 0.054352
v 0.770000 -0.181865 0.105000
v 0.770000 -0.148492 0.148492
v 0.770000 -0.105000 0.181865
v 0.770000 -0.054352 0.202844
v 0.770000 0.000000 0.210000
v 0.770000 0.054352 0.202844
v 0.770000 0.105000 0.181865
v 0.770000 0.148492 0.148492
v 0.770000 0.181865 0.105000
v 0.770000 0.202844 0.054352
v 0.770000 0.210000 0.000000
v 0.770000 0.202844 -0.054352
v 0.770000 0.181865 -0.105000
v 0.770000 0.148492 -0.148492
v 0.770000 0.105000 -0.181865
v 0.770000 0.054352 -0.202844
v 0.770000 0.000000 -0.210000
v 0.770000 -0.054352 -0.202844
v 0.770000 -0.105000 -0.181865
v 0.770000 -0.148492 -0.148492
v 0.770000 -0.181865 -0.105000
v 0.770000 -0.202844 -0.054352
v -0.087500 1.509864 0.884766
v -0.087500 1.584443 0.742994
v -0.087500 1.645746 0.594995
v -0.087500 1.693259 0.442011
v -0.087816 1.693181 0.442312
v -0.102750 1.691701 0.457155
v -0.116864 1.694916 0.472447
v -0.123247 1.698528 0.479969
v -0.128885 1.703658 0.487159
v -0.133425 1.710407 0.493686
v -0.136434 1.718734 0.499085
v -0.137500 1.728035 0.503878
v -0.137500 1.686902 0.627981
v -0.137500 1.636870 0.748771
v -0.137500 1.578201 0.865610
v -0.136434 1.568235 0.862422
v -0.133425 1.558529 0.860352
v -0.128885 1.549141 0.860194
v -0.123247 1.540430 0.861652
v -0.116864 1.532558 0.864416
v -0.102750 1.519471 0.872956
v -0.087816 1.510022 0.884498
v -0.100441 1.618363 0.670348
v -0.112500 1.622978 0.672259
v -0.122855 1.630319 0.675300
v -0.130801 1.639886 0.679263
v -0.135796 1.651027 0.683878
v -0.437500 1.693259 0.442011
v -0.437184 1.693181 0.442312
v -0.422250 1.691701 0.457155
v -0.408136 1.694916 0.472447
v -0.401753 1.698528 0.479969
v -0.396115 1.703658 0.487159
v -0.391575 1.710407 0.493686
v -0.388566 1.718734 0.499085
v -0.262500 1.691661 0.453125
v -0.262500 1.692583 0.464316
v -0.262500 1.695980 0.475019
v -0.262500 1.701679 0.484694
v -0.262500 1.709393 0.492853
v -0.388566 1.568235 0.862422
v -0.391575 1.558529 0.860352
v -0.396115 1.549141 0.860194
v -0.401753 1.540430 0.861652
v -0.408136 1.532558 0.864416
v -0.422250 1.519471 0.872956
v -0.437184 1.510022 0.884498
v -0.437500 1.509864 0.884766
v -0.262500 1.545999 0.860538
v -0.262500 1.557223 0.860224
v -0.262500 1.535128 0.863350
v -0.262500 1.525158 0.868516
v -0.262500 1.516593 0.875777
v -0.437500 1.645746 0.594995
v -0.437500 1.584443 0.742994
v -0.387500 1.578201 0.865610
v -0.387500 1.636870 0.748771
v -0.387500 1.686902 0.627981
v -0.387500 1.728035 0.503878
v -0.424559 1.618363 0.670348
v -0.412500 1.622978 0.672259
v -0.402145 1.630319 0.675300
v -0.394199 1.639886 0.679263
v -0.389204 1.651027 0.683878
v -0.137500 1.696919 0.903580
v -0.137500 1.698322 0.904029
v -0.262500 1.698322 0.904029
v -0.387499 1.698322 0.904029
v -0.387500 1.696919 0.903580
v -0.137500 1.838831 0.560975
v -0.137500 1.767875 0.732278
v -0.087500 1.509864 -0.884766
v -0.087500 1.584443 -0.742994
v -0.087500 1.645746 -0.594995
v -0.087500 1.693259 -0.442011
v -0.437500 1.693259 -0.442011
v -0.437500 1.645746 -0.594995
v -0.437500 1.584443 -0.742994
v -0.437500 1.509864 -0.884766
v -0.087500 -0.884766 -1.509864
v -0.087500 -0.742994 -1.584443
v -0.087500 -0.594995 -1.645746
v -0.087500 -0.442011 -1.693259
v -0.437500 -0.442011 -1.693259
v -0.437500 -0.594995 -1.645746
v -0.437500 -0.742994 -1.584443
v -0.437500 -0.884766 -1.509864
v -0.087500 -1.509864 0.884766
v -0.087500 -1.584443 0.742994
v -0.087500 -1.645746 0.594995
v -0.087500 -1.693259 0.442011
v -0.437500 -1.693259 0.442011
v -0.437500 -1.645746 0.594995
v -0.437500 -1.584443 0.742994
v -0.437500 -1.509864 0.884766
v -0.087500 0.884766 1.509864
v -0.087500 0.742994 1.584443
v -0.087500 0.594995 1.645746
v -0.087500 0.442011 1.693259
v -0.437500 0.442011 1.693259
v -0.437500 0.594995 1.645746
v -0.437500 0.742994 1.584443
v -0.437500 0.884766 1.509864
v -0.735000 0.000000 1.750000
v -0.735000 -0.312475 1.721877
v -0.735000 -0.614906 1.638411
v -0.735000 -0.897574 1.502285
v -0.735000 -1.151393 1.317875
v -0.735000 -1.368205 1.091107
v -0.735000 -1.541042 0.829270
v -0.735000 -1.664349 0.540780
v -0.735000 -1.734162 0.234908
v -0.735000 -1.748238 -0.078513
v -0.735000 -1.706124 -0.389412
v -0.735000 -1.609174 -0.687794
v -0.735000 -1.460503 -0.964070
v -0.735000 -1.264891 -1.209360
v -0.735000 -1.028624 -1.415780
v -0.735000 -0.759297 -1.576696
v -0.735000 -0.465564 -1.686935
v -0.735000 -0.156869 -1.742955
v -0.735000 0.156869 -1.742955
v -0.735000 0.465564 -1.686935
v -0.735000 0.759297 -1.576696
v -0.735000 1.028624 -1.415780
v -0.735000 1.264891 -1.209360
v -0.735000 1.460503 -0.964070
v -0.735000 1.609174 -0.687794
v -0.735000 1.706124 -0.389412
v -0.735000 1.748238 -0.078513
v -0.735000 1.734162 0.234908
v -0.735000 1.664349 0.540780
v -0.735000 1.541042 0.829270
v -0.735000 1.368205 1.091107
v -0.735000 1.151393 1.317875
v -0.735000 0.897574 1.502285
v -0.735000 0.614906 1.638411
v -0.735000 0.312475 1.721877
v 0.000000 -1.750000 -0.000000
v 0.000000 -1.721877 0.312475
v 0.000000 -1.638411 0.614906
v 0.000000 -1.502285 0.897574
v 0.000000 -1.317875 1.151393
v 0.000000 -1.091107 1.368205
v 0.000000 -0.829270 1.541042
v 0.000000 -0.540780 1.664349
v 0.000000 -0.234908 1.734162
v 0.000000 0.078513 1.748238
v 0.000000 0.389412 1.706124
v 0.000000 0.687794 1.609174
v 0.000000 0.964070 1.460503
v 0.000000 1.209360 1.264891
v 0.000000 1.415780 1.028624
v 0.000000 1.576696 0.759297
v 0.000000 1.686935 0.465564
v 0.000000 1.742955 0.156869
v 0.000000 1.742955 -0.156869
v 0.000000 1.686935 -0.465564
v 0.000000 1.576696 -0.759297
v 0.000000 1.415780 -1.028624
v 0.000000 1.209360 -1.264891
v 0.000000 0.964070 -1.460503
v 0.000000 0.687794 -1.609174
v 0.000000 0.389412 -1.706124
v 0.000000 0.078513 -1.748238
v 0.000000 -0.234908 -1.734162
v 0.000000 -0.540780 -1.664349
v 0.000000 -0.829270 -1.541042
v 0.000000 -1.091107 -1.368205
v 0.000000 -1.317875 -1.151393
v 0.000000 -1.502285 -0.897574
v 0.000000 -1.638411 -0.614906
v 0.000000 -1.721877 -0.312475
v -0.087500 -0.442011 1.693259
v -0.087500 -0.594995 1.645746
v -0.087500 -0.742994 1.584443
v -0.087500 -0.884766 1.509864
v -0.437500 -0.884766 1.509864
v -0.437500 -0.742994 1.584443
v -0.437500 -0.594995 1.645746
v -0.437500 -0.442011 1.693259
v -0.087500 -1.693259 -0.442011
v -0.087500 -1.645746 -0.594995
v -0.087500 -1.584443 -0.742994
v -0.087500 -1.509864 -0.884766
v -0.437500 -1.509864 -0.884766
v -0.437500 -1.584443 -0.742994
v -0.437500 -1.645746 -0.594995
v -0.437500 -1.693259 -0.442011
v -0.087500 0.442011 -1.693259
v -0.087500 0.594995 -1.645746
v -0.087500 0.742994 -1.584443
v -0.087500 0.884766 -1.509864
v -0.437500 0.884766 -1.509864
v -0.437500 0.742994 -1.584443
v -0.437500 0.594995 -1.645746
v -0.437500 0.442011 -1.693259
v -0.087816 1.510022 -0.884498
v -0.102750 1.519471 -0.872956
v -0.116864 1.532558 -0.864416
v -0.123247 1.540430 -0.861652
v -0.128885 1.549141 -0.860194
v -0.133425 1.558529 -0.860352
v -0.136434 1.568235 -0.862422
v -0.137500 1.578201 -0.865610
v -0.137500 1.636870 -0.748771
v -0.137500 1.686902 -0.627981
v -0.137500 1.728035 -0.503878
v -0.136434 1.718734 -0.499085
v -0.133425 1.710407 -0.493686
v -0.128885 1.703658 -0.487159
v -0.123247 1.698528 -0.479969
v -0.116864 1.694916 -0.472447
v -0.102750 1.691701 -0.457155
v -0.087816 1.693181 -0.442312
v -0.100441 1.618363 -0.670348
v -0.112500 1.622978 -0.672259
v -0.122855 1.630319 -0.675300
v -0.130801 1.639886 -0.679263
v -0.135796 1.651027 -0.683878
v -0.437184 1.510022 -0.884498
v -0.422250 1.519471 -0.872956
v -0.408136 1.532558 -0.864416
v -0.401753 1.540430 -0.861652
v -0.396115 1.549141 -0.860194
v -0.391575 1.558529 -0.860352
v -0.388566 1.568235 -0.862422
v -0.262500 1.516593 -0.875777
v -0.262500 1.525158 -0.868516
v -0.262500 1.535128 -0.863350
v -0.262500 1.545999 -0.860538
v -0.262500 1.557223 -0.860224
v -0.387500 1.728035 -0.503878
v -0.387500 1.686902 -0.627981
v -0.387500 1.636870 -0.748771
v -0.387500 1.578201 -0.865610
v -0.437184 1.693181 -0.442312
v -0.422250 1.691701 -0.457155
v -0.408136 1.694916 -0.472447
v -0.401753 1.698528 -0.479969
v -0.396115 1.703658 -0.487159
v -0.391575 1.710407 -0.493686
v -0.388566 1.718734 -0.499085
v -0.389204 1.651027 -0.683878
v -0.394199 1.639886 -0.679263
v -0.402145 1.630319 -0.675300
v -0.412500 1.622978 -0.672259
v -0.424559 1.618363 -0.670348
v -0.262500 1.691661 -0.453125
v -0.262500 1.692583 -0.464316
v -0.262500 1.695980 -0.475019
v -0.262500 1.701679 -0.484694
v -0.262500 1.709393 -0.492853
v -0.137500 1.838831 -0.560975
v -0.137500 1.840140 -0.561650
v -0.262500 1.840140 -0.561650
v -0.387499 1.840140 -0.561650
v -0.387500 1.838831 -0.560975
v -0.137500 1.696919 -0.903580
v -0.137500 1.767875 -0.732278
v -0.087816 0.442312 -1.693181
v -0.102750 0.457155 -1.691701
v -0.116864 0.472447 -1.694916
v -0.123247 0.479969 -1.698528
v -0.128885 0.487159 -1.703658
v -0.133425 0.493686 -1.710407
v -0.136434 0.499085 -1.718734
v -0.137500 0.503878 -1.728035
v -0.137500 0.627981 -1.686902
v -0.137500 0.748771 -1.636870
v -0.137500 0.865610 -1.578201
v -0.136434 0.862422 -1.568235
v -0.133425 0.860352 -1.558529
v -0.128885 0.860194 -1.549141
v -0.123247 0.861652 -1.540430
v -0.116864 0.864416 -1.532558
v -0.102750 0.872956 -1.519471
v -0.087816 0.884498 -1.510022
v -0.100441 0.670348 -1.618363
v -0.112500 0.672259 -1.622978
v -0.122855 0.675300 -1.630319
v -0.130801 0.679263 -1.639886
v -0.135796 0.683878 -1.651027
v -0.437184 0.442312 -1.693181
v -0.422250 0.457155 -1.691701
v -0.408136 0.472447 -1.694916
v -0.401753 0.479969 -1.698528
v -0.396115 0.487159 -1.703658
v -0.391575 0.493686 -1.710407
v -0.388566 0.499085 -1.718734
v -0.262500 0.453125 -1.691661
v -0.262500 0.464316 -1.692583
v -0.262500 0.475019 -1.695980
v -0.262500 0.484694 -1.701679
v -0.262500 0.492853 -1.709393
v -0.387500 0.865610 -1.578201
v -0.387500 0.748771 -1.636870
v -0.387500 0.627981 -1.686902
v -0.387500 0.503878 -1.728035
v -0.437184 0.884498 -1.510022
v -0.422250 0.872956 -1.519471
v -0.408136 0.864416 -1.532558
v -0.401753 0.861652 -1.540430
v -0.396115 0.860194 -1.549141
v -0.391575 0.860352 -1.558529
v -0.388566 0.862422 -1.568235
v -0.389204 0.683878 -1.651027
v -0.394199 0.679263 -1.639886
v -0.402145 0.675300 -1.630319
v -0.412500 0.672259 -1.622978
v -0.424559 0.670348 -1.618363
v -0.262500 0.875777 -1.516593
v -0.262500 0.868516 -1.525158
v -0.262500 0.863350 -1.535128
v -0.262500 0.860538 -1.545999
v -0.262500 0.860224 -1.557223
v -0.137500 0.903580 -1.696919
v -0.137500 0.904029 -1.698322
v -0.262500 0.904029 -1.698322
v -0.387499 0.904029 -1.698322
v -0.387500 0.903580 -1.696919
v -0.137500 0.560975 -1.838831
v -0.137500 0.732278 -1.767875
v -0.087816 -0.884498 -1.510022
v -0.102750 -0.872956 -1.519471
v -0.116864 -0.864416 -1.532558
v -0.123247 -0.861652 -1.540430
v -0.128885 -0.860194 -1.549141
v -0.133425 -0.860352 -1.558529
v -0.136434 -0.862422 -1.568235
v -0.137500 -0.865610 -1.578201
v -0.137500 -0.748771 -1.636870
v -0.137500 -0.627981 -1.686902
v -0.137500 -0.503878 -1.728035
v -0.136434 -0.499085 -1.718734
v -0.133425 -0.493686 -1.710407
v -0.128885 -0.487159 -1.703658
v -0.123247 -0.479969 -1.698528
v -0.116864 -0.472447 -1.694916
v -0.102750 -0.457155 -1.691701
v -0.087816 -0.442312 -1.693181
v -0.100441 -0.670348 -1.618363
v -0.112500 -0.672259 -1.622978
v -0.122855 -0.675300 -1.630319
v -0.130801 -0.679263 -1.639886
v -0.135796 -0.683878 -1.651027
v -0.437184 -0.884498 -1.510022
v -0.422250 -0.872956 -1.519471
v -0.408136 -0.864416 -1.532558
v -0.401753 -0.861652 -1.540430
v -0.396115 -0.860194 -1.549141
v -0.391575 -0.860352 -1.558529
v -0.388566 -0.862422 -1.568235
v -0.262500 -0.875777 -1.516593
v -0.262500 -0.868516 -1.525158
v -0.262500 -0.863350 -1.535128
v -0.262500 -0.860538 -1.545999
v -0.262500 -0.860224 -1.557223
v -0.387500 -0.503878 -1.728035
v -0.387500 -0.627981 -1.686902
v -0.387500 -0.748771 -1.636870
v -0.387500 -0.865610 -1.578201
v -0.437184 -0.442312 -1.693181
v -0.422250 -0.457155 -1.691701
v -0.408136 -0.472447 -1.694916
v -0.401753 -0.479969 -1.698528
v -0.396115 -0.487159 -1.703658
v -0.391575 -0.493686 -1.710407
v -0.388566 -0.499085 -1.718734
v -0.389204 -0.683878 -1.651027
v -0.394199 -0.679263 -1.639886
v -0.402145 -0.675300 -1.630319
v -0.412500 -0.672259 -1.622978
v -0.424559 -0.670348 -1.618363
v -0.262500 -0.453125 -1.691661
v -0.262500 -0.464316 -1.692583
v -0.262500 -0.475019 -1.695980
v -0.262500 -0.484694 -1.701679
v -0.262500 -0.492853 -1.709393
v -0.137500 -0.560975 -1.838831
v -0.137500 -0.561650 -1.840140
v -0.262500 -0.561650 -1.840140
v -0.387499 -0.561650 -1.840140
v -0.387500 -0.560975 -1.838831
v -0.137500 -0.903580 -1.696919
v -0.137500 -0.732278 -1.767875
v -0.087816 -1.693181 -0.442312
v -0.102750 -1.691701 -0.457155
v -0.116864 -1.694916 -0.472447
v -0.123247 -1.698528 -0.479969
v -0.128885 -1.703658 -0.487159
v -0.133425 -1.710407 -0.493686
v -0.136434 -1.718734 -0.499085
v -0.137500 -1.728035 -0.503878
v -0.137500 -1.686902 -0.627981
v -0.137500 -1.636870 -0.748771
v -0.137500 -1.578201 -0.865610
v -0.136434 -1.568235 -0.862422
v -0.133425 -1.558529 -0.860352
v -0.128885 -1.549141 -0.860194
v -0.123247 -1.540430 -0.861652
v -0.116864 -1.532558 -0.864416
v -0.102750 -1.519471 -0.872956
v -0.087816 -1.510022 -0.884498
v -0.100441 -1.618363 -0.670348
v -0.112500 -1.622978 -0.672259
v -0.122855 -1.630319 -0.675300
v -0.130801 -1.639886 -0.679263
v -0.135796 -1.651027 -0.683878
v -0.437184 -1.693181 -0.442312
v -0.422250 -1.691701 -0.457155
v -0.408136 -1.694916 -0.472447
v -0.401753 -1.698528 -0.479969
v -0.396115 -1.703658 -0.487159
v -0.391575 -1.710407 -0.493686
v -0.388566 -1.718734 -0.499085
v -0.262500 -1.691661 -0.453125
v -0.262500 -1.692583 -0.464316
v -0.262500 -1.695980 -0.475019
v -0.262500 -1.701679 -0.484694
v -0.262500 -1.709393 -0.492853
v -0.388566 -1.568235 -0.862422
v -0.391575 -1.558529 -0.860352
v -0.396115 -1.549141 -0.860194
v -0.401753 -1.540430 -0.861652
v -0.408136 -1.532558 -0.864416
v -0.422250 -1.519471 -0.872956
v -0.437184 -1.510022 -0.884498
v -0.262500 -1.545999 -0.860538
v -0.262500 -1.557223 -0.860224
v -0.262500 -1.535128 -0.863350
v -0.262500 -1.525158 -0.868516
v -0.262500 -1.516593 -0.875777
v -0.387500 -1.578201 -0.865610
v -0.387500 -1.636870 -0.748771
v -0.387500 -1.686902 -0.627981
v -0.387500 -1.728035 -0.503878
v -0.424559 -1.618363 -0.670348
v -0.412500 -1.622978 -0.672259
v -0.402145 -1.630319 -0.675300
v -0.394199 -1.639886 -0.679263
v -0.389204 -1.651027 -0.683878
v -0.137500 -1.696919 -0.903580
v -0.137500 -1.698322 -0.904029
v -0.262500 -1.698322 -0.904029
v -0.387499 -1.698322 -0.904029
v -0.387500 -1.696919 -0.903580
v -0.137500 -1.838831 -0.560975
v -0.137500 -1.767875 -0.732278
v -0.087816 -1.510022 0.884498
v -0.102750 -1.519471 0.872956
v -0.116864 -1.532558 0.864416
v -0.123247 -1.540430 0.861652
v -0.128885 -1.549141 0.860194
v -0.133425 -1.558529 0.860352
v -0.136434 -1.568235 0.862422
v -0.137500 -1.578201 0.865610
v -0.137500 -1.636870 0.748771
v -0.137500 -1.686902 0.627981
v -0.137500 -1.728035 0.503878
v -0.136434 -1.718734 0.499085
v -0.133425 -1.710407 0.493686
v -0.128885 -1.703658 0.487159
v -0.123247 -1.698528 0.479969
v -0.116864 -1.694916 0.472447
v -0.102750 -1.691701 0.457155
v -0.087816 -1.693181 0.442312
v -0.100441 -1.618363 0.670348
v -0.112500 -1.622978 0.672259
v -0.122855 -1.630319 0.675300
v -0.130801 -1.639886 0.679263
v -0.135796 -1.651027 0.683878
v -0.437184 -1.510022 0.884498
v -0.422250 -1.519471 0.872956
v -0.408136 -1.532558 0.864416
v -0.401753 -1.540430 0.861652
v -0.396115 -1.549141 0.860194
v -0.391575 -1.558529 0.860352
v -0.388566 -1.568235 0.862422
v -0.262500 -1.516593 0.875777
v -0.262500 -1.525158 0.868516
v -0.262500 -1.535128 0.863350
v -0.262500 -1.545999 0.860538
v -0.262500 -1.557223 0.860224
v -0.387500 -1.728035 0.503878
v -0.387500 -1.686902 0.627981
v -0.387500 -1.636870 0.748771
v -0.387500 -1.578201 0.865610
v -0.437184 -1.693181 0.442312
v -0.422250 -1.691701 0.457155
v -0.408136 -1.694916 0.472447
v -0.401753 -1.698528 0.479969
v -0.396115 -1.703658 0.487159
v -0.391575 -1.710407 0.493686
v -0.388566 -1.718734 0.499085
v -0.389204 -1.651027 0.683878
v -0.394199 -1.639886 0.679263
v -0.402145 -1.630319 0.675300
v -0.412500 -1.622978 0.672259
v -0.424559 -1.618363 0.670348
v -0.262500 -1.691661 0.453125
v -0.262500 -1.692583 0.464316
v -0.262500 -1.695980 0.475019
v -0.262500 -1.701679 0.484694
v -0.262500 -1.709393 0.492853
v -0.137500 -1.838831 0.560975
v -0.137500 -1.840140 0.561650
v -0.262500 -1.840140 0.561650
v -0.387499 -1.840140 0.561650
v -0.387500 -1.838831 0.560975
v -0.137500 -1.696919 0.903580
v -0.137500 -1.767875 0.732278
v -0.087816 -0.442312 1.693181
v -0.102750 -0.457155 1.691701
v -0.116864 -0.472447 1.694916
v -0.123247 -0.479969 1.698528
v -0.128885 -0.487159 1.703658
v -0.133425 -0.493686 1.710407
v -0.136434 -0.499085 1.718734
v -0.137500 -0.503878 1.728035
v -0.137500 -0.627981 1.686902
v -0.137500 -0.748771 1.636870
v -0.137500 -0.865610 1.578201
v -0.136434 -0.862422 1.568235
v -0.133425 -0.860352 1.558529
v -0.128885 -0.860194 1.549141
v -0.123247 -0.861652 1.540430
v -0.116864 -0.864416 1.532558
v -0.102750 -0.872956 1.519471
v -0.087816 -0.884498 1.510022
v -0.100441 -0.670348 1.618363
v -0.112500 -0.672259 1.622978
v -0.122855 -0.675300 1.630319
v -0.130801 -0.679263 1.639886
v -0.135796 -0.683878 1.651027
v -0.437184 -0.442312 1.693181
v -0.422250 -0.457155 1.691701
v -0.408136 -0.472447 1.694916
v -0.401753 -0.479969 1.698528
v -0.396115 -0.487159 1.703658
v -0.391575 -0.493686 1.710407
v -0.388566 -0.499085 1.718734
v -0.262500 -0.453125 1.691661
v -0.262500 -0.464316 1.692583
v -0.262500 -0.475019 1.695980
v -0.262500 -0.484694 1.701679
v -0.262500 -0.492853 1.709393
v -0.387500 -0.865610 1.578201
v -0.387500 -0.748771 1.636870
v -0.387500 -0.627981 1.686902
v -0.387500 -0.503878 1.728035
v -0.437184 -0.884498 1.510022
v -0.422250 -0.872956 1.519471
v -0.408136 -0.864416 1.532558
v -0.401753 -0.861652 1.540430
v -0.396115 -0.860194 1.549141
v -0.391575 -0.860352 1.558529
v -0.388566 -0.862422 1.568235
v -0.389204 -0.683878 1.651027
v -0.394199 -0.679263 1.639886
v -0.402145 -0.675300 1.630319
v -0.412500 -0.672259 1.622978
v -0.424559 -0.670348 1.618363
v -0.262500 -0.875777 1.516593
v -0.262500 -0.868516 1.525158
v -0.262500 -0.863350 1.535128
v -0.262500 -0.860538 1.545999
v -0.262500 -0.860224 1.557223
v -0.137500 -0.903580 1.696919
v -0.137500 -0.904029 1.698322
v -0.262500 -0.904029 1.698322
v -0.387499 -0.904029 1.698322
v -0.387500 -0.903580 1.696919
v -0.137500 -0.560975 1.838831
v -0.137500 -0.732278 1.767875
v -0.087816 0.884498 1.510022
v -0.102750 0.872956 1.519471
v -0.116864 0.864416 1.532558
v -0.123247 0.861652 1.540430
v -0.128885 0.860194 1.549141
v -0.133425 0.860352 1.558529
v -0.136434 0.862422 1.568235
v -0.137500 0.865610 1.578201
v -0.137500 0.748771 1.636870
v -0.137500 0.627981 1.686902
v -0.137500 0.503878 1.728035
v -0.136434 0.499085 1.718734
v -0.133425 0.493686 1.710407
v -0.128885 0.487159 1.703658
v -0.123247 0.479969 1.698528
v -0.116864 0.472447 1.694916
v -0.102750 0.457155 1.691701
v -0.087816 0.442312 1.693181
v -0.100441 0.670348 1.618363
v -0.112500 0.672259 1.622978
v -0.122855 0.675300 1.630319
v -0.130801 0.679263 1.639886
v -0.135796 0.683878 1.651027
v -0.437184 0.884498 1.510022
v -0.422250 0.872956 1.519471
v -0.408136 0.864416 1.532558
v -0.401753 0.861652 1.540430
v -0.396115 0.860194 1.549141
v -0.391575 0.860352 1.558529
v -0.388566 0.862422 1.568235
v -0.262500 0.875777 1.516593
v -0.262500 0.868516 1.525158
v -0.262500 0.863350 1.535128
v -0.262500 0.860538 1.545999
v -0.262500 0.860224 1.557223
v -0.387500 0.503878 1.728035
v -0.387500 0.627981 1.686902
v -0.387500 0.748771 1.636870
v -0.387500 0.865610 1.578201
v -0.437184 0.442312 1.693181
v -0.422250 0.457155 1.691701
v -0.408136 0.472447 1.694916
v -0.401753 0.479969 1.698528
v -0.396115 0.487159 1.703658
v -0.391575 0.493686 1.710407
v -0.388566 0.499085 1.718734
v -0.389204 0.683878 1.651027
v -0.394199 0.679263 1.639886
v -0.402145 0.675300 1.630319
v -0.412500 0.672259 1.622978
v -0.424559 0.670348 1.618363
v -0.262500 0.453125 1.691661
v -0.262500 0.464316 1.692583
v -0.262500 0.475019 1.695980
v -0.262500 0.484694 1.701679
v -0.262500 0.492853 1.709393
v -0.137500 0.560975 1.838831
v -0.137500 0.561650 1.840140
v -0.262500 0.561650 1.840140
v -0.387499 0.561650 1.840140
v -0.387500 0.560975 1.838831
v -0.137500 0.903580 1.696919
v -0.137500 0.732278 1.767875
v -1.912500 1.693259 0.442011
v -1.912500 1.645746 0.594995
v -1.912500 1.584443 0.742994
v -1.912500 1.509864 0.884766
v -1.912184 1.510022 0.884498
v -1.897250 1.519471 0.872956
v -1.883136 1.532558 0.864416
v -1.876753 1.540430 0.861652
v -1.871115 1.549141 0.860194
v -1.866575 1.558529 0.860352
v -1.863566 1.568235 0.862422
v -1.862500 1.578201 0.865610
v -1.862500 1.636870 0.748771
v -1.862500 1.686902 0.627981
v -1.862500 1.728035 0.503878
v -1.863566 1.718734 0.499085
v -1.866575 1.710407 0.493686
v -1.871115 1.703658 0.487159
v -1.876753 1.698528 0.479969
v -1.883136 1.694916 0.472447
v -1.897250 1.691701 0.457155
v -1.912184 1.693181 0.442312
v -1.899559 1.618363 0.670348
v -1.887500 1.622978 0.672259
v -1.877145 1.630319 0.675300
v -1.869199 1.639886 0.679263
v -1.864204 1.651027 0.683878
v -1.611434 1.568235 0.862422
v -1.562500 1.509864 0.884766
v -1.562816 1.510022 0.884498
v -1.577750 1.519471 0.872956
v -1.591864 1.532558 0.864416
v -1.598247 1.540430 0.861652
v -1.603885 1.549141 0.860194
v -1.608425 1.558529 0.860352
v -1.737500 1.545999 0.860538
v -1.737500 1.557223 0.860224
v -1.737500 1.535128 0.863350
v -1.737500 1.525158 0.868516
v -1.737500 1.516593 0.875777
v -1.562500 1.693259 0.442011
v -1.611434 1.718734 0.499085
v -1.608425 1.710407 0.493686
v -1.603885 1.703658 0.487159
v -1.598247 1.698528 0.479969
v -1.591864 1.694916 0.472447
v -1.577750 1.691701 0.457155
v -1.562816 1.693181 0.442312
v -1.737500 1.691661 0.453125
v -1.737500 1.692583 0.464316
v -1.737500 1.695980 0.475019
v -1.737500 1.701679 0.484694
v -1.737500 1.709393 0.492853
v -1.562500 1.584443 0.742994
v -1.562500 1.645746 0.594995
v -1.612500 1.728035 0.503878
v -1.612500 1.686902 0.627981
v -1.612500 1.636870 0.748771
v -1.612500 1.578201 0.865610
v -1.575441 1.618363 0.670348
v -1.587500 1.622978 0.672259
v -1.597855 1.630319 0.675300
v -1.605801 1.639886 0.679263
v -1.610796 1.651027 0.683878
v -1.862500 1.838831 0.560975
v -1.862499 1.840140 0.561650
v -1.737500 1.840140 0.561650
v -1.612500 1.840140 0.561650
v -1.612500 1.838831 0.560975
v -1.862500 1.696919 0.903580
v -1.862500 1.767875 0.732278
v -1.912500 1.693259 -0.442011
v -1.912500 1.645746 -0.594995
v -1.912500 1.584443 -0.742994
v -1.912500 1.509864 -0.884766
v -1.562500 1.509864 -0.884766
v -1.562500 1.584443 -0.742994
v -1.562500 1.645746 -0.594995
v -1.562500 1.693259 -0.442011
v -1.562500 -0.442011 -1.693259
v -1.912500 -0.442011 -1.693259
v -1.912500 -0.594995 -1.645746
v -1.912500 -0.742994 -1.584443
v -1.912500 -0.884766 -1.509864
v -1.562500 -0.884766 -1.509864
v -1.562500 -0.742994 -1.584443
v -1.562500 -0.594995 -1.645746
v -1.912500 -1.693259 0.442011
v -1.912500 -1.645746 0.594995
v -1.912500 -1.584443 0.742994
v -1.912500 -1.509864 0.884766
v -1.562500 -1.509864 0.884766
v -1.562500 -1.584443 0.742994
v -1.562500 -1.645746 0.594995
v -1.562500 -1.693259 0.442011
v -1.562500 0.442011 1.693259
v -1.912500 0.442011 1.693259
v -1.912500 0.594995 1.645746
v -1.912500 0.742994 1.584443
v -1.912500 0.884766 1.509864
v -1.562500 0.884766 1.509864
v -1.562500 0.742994 1.584443
v -1.562500 0.594995 1.645746
v -2.000000 -1.750000 -0.000000
v -2.000000 -1.721877 -0.312475
v -2.000000 -1.638411 -0.614906
v -2.000000 -1.502285 -0.897574
v -2.000000 -1.317875 -1.151393
v -2.000000 -1.091107 -1.368205
v -2.000000 -0.829270 -1.541042
v -2.000000 -0.540780 -1.664349
v -2.000000 -0.234908 -1.734162
v -2.000000 0.078513 -1.748238
v -2.000000 0.389412 -1.706124
v -2.000000 0.687794 -1.609174
v -2.000000 0.964070 -1.460503
v -2.000000 1.209360 -1.264891
v -2.000000 1.415780 -1.028624
v -2.000000 1.576696 -0.759297
v -2.000000 1.686935 -0.465564
v -2.000000 1.742955 -0.156869
v -2.000000 1.742955 0.156869
v -2.000000 1.686935 0.465564
v -2.000000 1.576696 0.759297
v -2.000000 1.415780 1.028624
v -2.000000 1.209360 1.264891
v -2.000000 0.964070 1.460503
v -2.000000 0.687794 1.609174
v -2.000000 0.389412 1.706124
v -2.000000 0.078513 1.748238
v -2.000000 -0.234908 1.734162
v -2.000000 -0.540780 1.664349
v -2.000000 -0.829270 1.541042
v -2.000000 -1.091107 1.368205
v -2.000000 -1.317875 1.151393
v -2.000000 -1.502285 0.897574
v -2.000000 -1.638411 0.614906
v -2.000000 -1.721877 0.312475
v -1.265000 0.000000 1.750000
v -1.265000 0.312475 1.721877
v -1.265000 0.614906 1.638411
v -1.265000 0.897574 1.502285
v -1.265000 1.151393 1.317875
v -1.265000 1.368205 1.091107
v -1.265000 1.541042 0.829270
v -1.265000 1.664349 0.540780
v -1.265000 1.734162 0.234908
v -1.265000 1.748238 -0.078513
v -1.265000 1.706124 -0.389412
v -1.265000 1.609174 -0.687794
v -1.265000 1.460503 -0.964070
v -1.265000 1.264891 -1.209360
v -1.265000 1.028624 -1.415780
v -1.265000 0.759297 -1.576696
v -1.265000 0.465564 -1.686935
v -1.265000 0.156869 -1.742955
v -1.265000 -0.156869 -1.742955
v -1.265000 -0.465564 -1.686935
v -1.265000 -0.759297 -1.576696
v -1.265000 -1.028624 -1.415780
v -1.265000 -1.264891 -1.209360
v -1.265000 -1.460503 -0.964070
v -1.265000 -1.609174 -0.687794
v -1.265000 -1.706124 -0.389412
v -1.265000 -1.748238 -0.078513
v -1.265000 -1.734162 0.234908
v -1.265000 -1.664349 0.540780
v -1.265000 -1.541042 0.829270
v -1.265000 -1.368205 1.091107
v -1.265000 -1.151393 1.317875
v -1.265000 -0.897574 1.502285
v -1.265000 -0.614906 1.638411
v -1.265000 -0.312475 1.721877
v -1.562500 -0.884766 1.509864
v -1.912500 -0.884766 1.509864
v -1.912500 -0.742994 1.584443
v -1.912500 -0.594995 1.645746
v -1.912500 -0.442011 1.693259
v -1.562500 -0.442011 1.693259
v -1.562500 -0.594995 1.645746
v -1.562500 -0.742994 1.584443
v -1.562500 -1.509864 -0.884766
v -1.912500 -1.509864 -0.884766
v -1.912500 -1.584443 -0.742994
v -1.912500 -1.645746 -0.594995
v -1.912500 -1.693259 -0.442011
v -1.562500 -1.693259 -0.442011
v -1.562500 -1.645746 -0.594995
v -1.562500 -1.584443 -0.742994
v -1.562500 0.884766 -1.509864
v -1.912500 0.884766 -1.509864
v -1.912500 0.742994 -1.584443
v -1.912500 0.594995 -1.645746
v -1.912500 0.442011 -1.693259
v -1.562500 0.442011 -1.693259
v -1.562500 0.594995 -1.645746
v -1.562500 0.742994 -1.584443
v -1.912184 1.693181 -0.442312
v -1.897250 1.691701 -0.457155
v -1.883136 1.694916 -0.472447
v -1.876753 1.698528 -0.479969
v -1.871115 1.703658 -0.487159
v -1.866575 1.710407 -0.493686
v -1.863566 1.718734 -0.499085
v -1.862500 1.728035 -0.503878
v -1.862500 1.686902 -0.627981
v -1.862500 1.636870 -0.748771
v -1.862500 1.578201 -0.865610
v -1.863566 1.568235 -0.862422
v -1.866575 1.558529 -0.860352
v -1.871115 1.549141 -0.860194
v -1.876753 1.540430 -0.861652
v -1.883136 1.532558 -0.864416
v -1.897250 1.519471 -0.872956
v -1.912184 1.510022 -0.884498
v -1.899559 1.618363 -0.670348
v -1.887500 1.622978 -0.672259
v -1.877145 1.630319 -0.675300
v -1.869199 1.639886 -0.679263
v -1.864204 1.651027 -0.683878
v -1.562816 1.693181 -0.442312
v -1.577750 1.691701 -0.457155
v -1.591864 1.694916 -0.472447
v -1.598247 1.698528 -0.479969
v -1.603885 1.703658 -0.487159
v -1.608425 1.710407 -0.493686
v -1.611434 1.718734 -0.499085
v -1.737500 1.691661 -0.453125
v -1.737500 1.692583 -0.464316
v -1.737500 1.695980 -0.475019
v -1.737500 1.701679 -0.484694
v -1.737500 1.709393 -0.492853
v -1.612500 1.578201 -0.865610
v -1.612500 1.636870 -0.748771
v -1.612500 1.686902 -0.627981
v -1.612500 1.728035 -0.503878
v -1.562816 1.510022 -0.884498
v -1.577750 1.519471 -0.872956
v -1.591864 1.532558 -0.864416
v -1.598247 1.540430 -0.861652
v -1.603885 1.549141 -0.860194
v -1.608425 1.558529 -0.860352
v -1.611434 1.568235 -0.862422
v -1.610796 1.651027 -0.683878
v -1.605801 1.639886 -0.679263
v -1.597855 1.630319 -0.675300
v -1.587500 1.622978 -0.672259
v -1.575441 1.618363 -0.670348
v -1.737500 1.516593 -0.875777
v -1.737500 1.525158 -0.868516
v -1.737500 1.535128 -0.863350
v -1.737500 1.545999 -0.860538
v -1.737500 1.557223 -0.860224
v -1.862500 1.696919 -0.903580
v -1.862499 1.698322 -0.904029
v -1.737500 1.698322 -0.904029
v -1.612500 1.698322 -0.904029
v -1.612500 1.696919 -0.903580
v -1.862500 1.838831 -0.560975
v -1.862500 1.767875 -0.732278
v -1.562816 0.884498 -1.510022
v -1.577750 0.872956 -1.519471
v -1.591864 0.864416 -1.532558
v -1.598247 0.861652 -1.540430
v -1.603885 0.860194 -1.549141
v -1.608425 0.860352 -1.558529
v -1.611434 0.862422 -1.568235
v -1.863566 0.862422 -1.568235
v -1.866575 0.860352 -1.558529
v -1.871115 0.860194 -1.549141
v -1.876753 0.861652 -1.540430
v -1.883136 0.864416 -1.532558
v -1.897250 0.872956 -1.519471
v -1.912184 0.884498 -1.510022
v -1.737500 0.875777 -1.516593
v -1.737500 0.868516 -1.525158
v -1.737500 0.863350 -1.535128
v -1.737500 0.860538 -1.545999
v -1.737500 0.860224 -1.557223
v -1.862500 0.865610 -1.578201
v -1.862500 0.748771 -1.636870
v -1.862500 0.627981 -1.686902
v -1.862500 0.503878 -1.728035
v -1.863566 0.499085 -1.718734
v -1.866575 0.493686 -1.710407
v -1.871115 0.487159 -1.703658
v -1.876753 0.479969 -1.698528
v -1.883136 0.472447 -1.694916
v -1.897250 0.457155 -1.691701
v -1.912184 0.442312 -1.693181
v -1.864204 0.683878 -1.651027
v -1.869199 0.679263 -1.639886
v -1.877145 0.675300 -1.630319
v -1.887500 0.672259 -1.622978
v -1.899559 0.670348 -1.618363
v -1.611434 0.499085 -1.718734
v -1.608425 0.493686 -1.710407
v -1.603885 0.487159 -1.703658
v -1.598247 0.479969 -1.698528
v -1.591864 0.472447 -1.694916
v -1.577750 0.457155 -1.691701
v -1.562816 0.442312 -1.693181
v -1.737500 0.453125 -1.691661
v -1.737500 0.464316 -1.692583
v -1.737500 0.475019 -1.695980
v -1.737500 0.484694 -1.701679
v -1.737500 0.492853 -1.709393
v -1.612500 0.503878 -1.728035
v -1.612500 0.627981 -1.686902
v -1.612500 0.748771 -1.636870
v -1.612500 0.865610 -1.578201
v -1.575441 0.670348 -1.618363
v -1.587500 0.672259 -1.622978
v -1.597855 0.675300 -1.630319
v -1.605801 0.679263 -1.639886
v -1.610796 0.683878 -1.651027
v -1.612500 0.560975 -1.838831
v -1.612500 0.732278 -1.767875
v -1.612500 0.903580 -1.696919
v -1.862500 0.560975 -1.838831
v -1.862499 0.561650 -1.840140
v -1.737500 0.561650 -1.840140
v -1.612500 0.561650 -1.840140
v -1.562816 -0.442312 -1.693181
v -1.577750 -0.457155 -1.691701
v -1.591864 -0.472447 -1.694916
v -1.598247 -0.479969 -1.698528
v -1.603885 -0.487159 -1.703658
v -1.608425 -0.493686 -1.710407
v -1.611434 -0.499085 -1.718734
v -1.863566 -0.499085 -1.718734
v -1.866575 -0.493686 -1.710407
v -1.871115 -0.487159 -1.703658
v -1.876753 -0.479969 -1.698528
v -1.883136 -0.472447 -1.694916
v -1.897250 -0.457155 -1.691701
v -1.912184 -0.442312 -1.693181
v -1.737500 -0.453125 -1.691661
v -1.737500 -0.464316 -1.692583
v -1.737500 -0.475019 -1.695980
v -1.737500 -0.484694 -1.701679
v -1.737500 -0.492853 -1.709393
v -1.862500 -0.503878 -1.728035
v -1.862500 -0.627981 -1.686902
v -1.862500 -0.748771 -1.636870
v -1.862500 -0.865610 -1.578201
v -1.863566 -0.862422 -1.568235
v -1.866575 -0.860352 -1.558529
v -1.871115 -0.860194 -1.549141
v -1.876753 -0.861652 -1.540430
v -1.883136 -0.864416 -1.532558
v -1.897250 -0.872956 -1.519471
v -1.912184 -0.884498 -1.510022
v -1.864204 -0.683878 -1.651027
v -1.869199 -0.679263 -1.639886
v -1.877145 -0.675300 -1.630319
v -1.887500 -0.672259 -1.622978
v -1.899559 -0.670348 -1.618363
v -1.611434 -0.862422 -1.568235
v -1.608425 -0.860352 -1.558529
v -1.603885 -0.860194 -1.549141
v -1.598247 -0.861652 -1.540430
v -1.591864 -0.864416 -1.532558
v -1.577750 -0.872956 -1.519471
v -1.562816 -0.884498 -1.510022
v -1.737500 -0.875777 -1.516593
v -1.737500 -0.868516 -1.525158
v -1.737500 -0.863350 -1.535128
v -1.737500 -0.860538 -1.545999
v -1.737500 -0.860224 -1.557223
v -1.612500 -0.865610 -1.578201
v -1.612500 -0.748771 -1.636870
v -1.612500 -0.627981 -1.686902
v -1.612500 -0.503878 -1.728035
v -1.575441 -0.670348 -1.618363
v -1.587500 -0.672259 -1.622978
v -1.597855 -0.675300 -1.630319
v -1.605801 -0.679263 -1.639886
v -1.610796 -0.683878 -1.651027
v -1.612500 -0.903580 -1.696919
v -1.612500 -0.732278 -1.767875
v -1.612500 -0.560975 -1.838831
v -1.862500 -0.903580 -1.696919
v -1.862499 -0.904029 -1.698322
v -1.737500 -0.904029 -1.698322
v -1.612500 -0.904029 -1.698322
v -1.562816 -1.510022 -0.884498
v -1.577750 -1.519471 -0.872956
v -1.591864 -1.532558 -0.864416
v -1.598247 -1.540430 -0.861652
v -1.603885 -1.549141 -0.860194
v -1.608425 -1.558529 -0.860352
v -1.611434 -1.568235 -0.862422
v -1.863566 -1.568235 -0.862422
v -1.866575 -1.558529 -0.860352
v -1.871115 -1.549141 -0.860194
v -1.876753 -1.540430 -0.861652
v -1.883136 -1.532558 -0.864416
v -1.897250 -1.519471 -0.872956
v -1.912184 -1.510022 -0.884498
v -1.737500 -1.516593 -0.875777
v -1.737500 -1.525158 -0.868516
v -1.737500 -1.535128 -0.863350
v -1.737500 -1.545999 -0.860538
v -1.737500 -1.557223 -0.860224
v -1.862500 -1.578201 -0.865610
v -1.862500 -1.636870 -0.748771
v -1.862500 -1.686902 -0.627981
v -1.862500 -1.728035 -0.503878
v -1.863566 -1.718734 -0.499085
v -1.866575 -1.710407 -0.493686
v -1.871115 -1.703658 -0.487159
v -1.876753 -1.698528 -0.479969
v -1.883136 -1.694916 -0.472447
v -1.897250 -1.691701 -0.457155
v -1.912184 -1.693181 -0.442312
v -1.864204 -1.651027 -0.683878
v -1.869199 -1.639886 -0.679263
v -1.877145 -1.630319 -0.675300
v -1.887500 -1.622978 -0.672259
v -1.899559 -1.618363 -0.670348
v -1.611434 -1.718734 -0.499085
v -1.608425 -1.710407 -0.493686
v -1.603885 -1.703658 -0.487159
v -1.598247 -1.698528 -0.479969
v -1.591864 -1.694916 -0.472447
v -1.577750 -1.691701 -0.457155
v -1.562816 -1.693181 -0.442312
v -1.737500 -1.691661 -0.453125
v -1.737500 -1.692583 -0.464316
v -1.737500 -1.695980 -0.475019
v -1.737500 -1.701679 -0.484694
v -1.737500 -1.709393 -0.492853
v -1.612500 -1.728035 -0.503878
v -1.612500 -1.686902 -0.627981
v -1.612500 -1.636870 -0.748771
v -1.612500 -1.578201 -0.865610
v -1.575441 -1.618363 -0.670348
v -1.587500 -1.622978 -0.672259
v -1.597855 -1.630319 -0.675300
v -1.605801 -1.639886 -0.679263
v -1.610796 -1.651027 -0.683878
v -1.612500 -1.838831 -0.560975
v -1.612500 -1.767875 -0.732278
v -1.612500 -1.696919 -0.903580
v -1.862500 -1.838831 -0.560975
v -1.862499 -1.840140 -0.561650
v -1.737500 -1.840140 -0.561650
v -1.612500 -1.840140 -0.561650
v -1.912184 -1.693181 0.442312
v -1.897250 -1.691701 0.457155
v -1.883136 -1.694916 0.472447
v -1.876753 -1.698528 0.479969
v -1.871115 -1.703658 0.487159
v -1.866575 -1.710407 0.493686
v -1.863566 -1.718734 0.499085
v -1.862500 -1.728035 0.503878
v -1.862500 -1.686902 0.627981
v -1.862500 -1.636870 0.748771
v -1.862500 -1.578201 0.865610
v -1.863566 -1.568235 0.862422
v -1.866575 -1.558529 0.860352
v -1.871115 -1.549141 0.860194
v -1.876753 -1.540430 0.861652
v -1.883136 -1.532558 0.864416
v -1.897250 -1.519471 0.872956
v -1.912184 -1.510022 0.884498
v -1.899559 -1.618363 0.670348
v -1.887500 -1.622978 0.672259
v -1.877145 -1.630319 0.675300
v -1.869199 -1.639886 0.679263
v -1.864204 -1.651027 0.683878
v -1.562816 -1.693181 0.442312
v -1.577750 -1.691701 0.457155
v -1.591864 -1.694916 0.472447
v -1.598247 -1.698528 0.479969
v -1.603885 -1.703658 0.487159
v -1.608425 -1.710407 0.493686
v -1.611434 -1.718734 0.499085
v -1.737500 -1.691661 0.453125
v -1.737500 -1.692583 0.464316
v -1.737500 -1.695980 0.475019
v -1.737500 -1.701679 0.484694
v -1.737500 -1.709393 0.492853
v -1.611434 -1.568235 0.862422
v -1.608425 -1.558529 0.860352
v -1.603885 -1.549141 0.860194
v -1.598247 -1.540430 0.861652
v -1.591864 -1.532558 0.864416
v -1.577750 -1.519471 0.872956
v -1.562816 -1.510022 0.884498
v -1.737500 -1.545999 0.860538
v -1.737500 -1.557223 0.860224
v -1.737500 -1.535128 0.863350
v -1.737500 -1.525158 0.868516
v -1.737500 -1.516593 0.875777
v -1.612500 -1.578201 0.865610
v -1.612500 -1.636870 0.748771
v -1.612500 -1.686902 0.627981
v -1.612500 -1.728035 0.503878
v -1.575441 -1.618363 0.670348
v -1.587500 -1.622978 0.672259
v -1.597855 -1.630319 0.675300
v -1.605801 -1.639886 0.679263
v -1.610796 -1.651027 0.683878
v -1.862500 -1.696919 0.903580
v -1.862499 -1.698322 0.904029
v -1.737500 -1.698322 0.904029
v -1.612500 -1.698322 0.904029
v -1.612500 -1.696919 0.903580
v -1.862500 -1.838831 0.560975
v -1.862500 -1.767875 0.732278
v -1.562816 -0.884498 1.510022
v -1.577750 -0.872956 1.519471
v -1.591864 -0.864416 1.532558
v -1.598247 -0.861652 1.540430
v -1.603885 -0.860194 1.549141
v -1.608425 -0.860352 1.558529
v -1.611434 -0.862422 1.568235
v -1.863566 -0.862422 1.568235
v -1.866575 -0.860352 1.558529
v -1.871115 -0.860194 1.549141
v -1.876753 -0.861652 1.540430
v -1.883136 -0.864416 1.532558
v -1.897250 -0.872956 1.519471
v -1.912184 -0.884498 1.510022
v -1.737500 -0.875777 1.516593
v -1.737500 -0.868516 1.525158
v -1.737500 -0.863350 1.535128
v -1.737500 -0.860538 1.545999
v -1.737500 -0.860224 1.557223
v -1.862500 -0.865610 1.578201
v -1.862500 -0.748771 1.636870
v -1.862500 -0.627981 1.686902
v -1.862500 -0.503878 1.728035
v -1.863566 -0.499085 1.718734
v -1.866575 -0.493686 1.710407
v -1.871115 -0.487159 1.703658
v -1.876753 -0.479969 1.698528
v -1.883136 -0.472447 1.694916
v -1.897250 -0.457155 1.691701
v -1.912184 -0.442312 1.693181
v -1.864204 -0.683878 1.651027
v -1.869199 -0.679263 1.639886
v -1.877145 -0.675300 1.630319
v -1.887500 -0.672259 1.622978
v -1.899559 -0.670348 1.618363
v -1.611434 -0.499085 1.718734
v -1.608425 -0.493686 1.710407
v -1.603885 -0.487159 1.703658
v -1.598247 -0.479969 1.698528
v -1.591864 -0.472447 1.694916
v -1.577750 -0.457155 1.691701
v -1.562816 -0.442312 1.693181
v -1.737500 -0.453125 1.691661
v -1.737500 -0.464316 1.692583
v -1.737500 -0.475019 1.695980
v -1.737500 -0.484694 1.701679
v -1.737500 -0.492853 1.709393
v -1.612500 -0.503878 1.728035
v -1.612500 -0.627981 1.686902
v -1.612500 -0.748771 1.636870
v -1.612500 -0.865610 1.578201
v -1.575441 -0.670348 1.618363
v -1.587500 -0.672259 1.622978
v -1.597855 -0.675300 1.630319
v -1.605801 -0.679263 1.639886
v -1.610796 -0.683878 1.651027
v -1.612500 -0.560975 1.838831
v -1.612500 -0.732278 1.767875
v -1.612500 -0.903580 1.696919
v -1.862500 -0.560975 1.838831
v -1.862499 -0.561650 1.840140
v -1.737500 -0.561650 1.840140
v -1.612500 -0.561650 1.840140
v -1.562816 0.442312 1.693181
v -1.577750 0.457155 1.691701
v -1.591864 0.472447 1.694916
v -1.598247 0.479969 1.698528
v -1.603885 0.487159 1.703658
v -1.608425 0.493686 1.710407
v -1.611434 0.499085 1.718734
v -1.863566 0.499085 1.718734
v -1.866575 0.493686 1.710407
v -1.871115 0.487159 1.703658
v -1.876753 0.479969 1.698528
v -1.883136 0.472447 1.694916
v -1.897250 0.457155 1.691701
v -1.912184 0.442312 1.693181
v -1.737500 0.453125 1.691661
v -1.737500 0.464316 1.692583
v -1.737500 0.475019 1.695980
v -1.737500 0.484694 1.701679
v -1.737500 0.492853 1.709393
v -1.862500 0.503878 1.728035
v -1.862500 0.627981 1.686902
v -1.862500 0.748771 1.636870
v -1.862500 0.865610 1.578201
v -1.863566 0.862422 1.568235
v -1.866575 0.860352 1.558529
v -1.871115 0.860194 1.549141
v -1.876753 0.861652 1.540430
v -1.883136 0.864416 1.532558
v -1.897250 0.872956 1.519471
v -1.912184 0.884498 1.510022
v -1.864204 0.683878 1.651027
v -1.869199 0.679263 1.639886
v -1.877145 0.675300 1.630319
v -1.887500 0.672259 1.622978
v -1.899559 0.670348 1.618363
v -1.611434 0.862422 1.568235
v -1.608425 0.860352 1.558529
v -1.603885 0.860194 1.549141
v -1.598247 0.861652 1.540430
v -1.591864 0.864416 1.532558
v -1.577750 0.872956 1.519471
v -1.562816 0.884498 1.510022
v -1.737500 0.875777 1.516593
v -1.737500 0.868516 1.525158
v -1.737500 0.863350 1.535128
v -1.737500 0.860538 1.545999
v -1.737500 0.860224 1.557223
v -1.612500 0.865610 1.578201
v -1.612500 0.748771 1.636870
v -1.612500 0.627981 1.686902
v -1.612500 0.503878 1.728035
v -1.575441 0.670348 1.618363
v -1.587500 0.672259 1.622978
v -1.597855 0.675300 1.630319
v -1.605801 0.679263 1.639886
v -1.610796 0.683878 1.651027
v -1.612500 0.903580 1.696919
v -1.612500 0.732278 1.767875
v -1.612500 0.560975 1.838831
v -1.862500 0.903580 1.696919
v -1.862499 0.904029 1.698322
v -1.737500 0.904029 1.698322
v -1.612500 0.904029 1.698322
v -1.737500 2.150956 -0.918015
v -1.737500 2.170091 -0.871821
v -1.737230 2.170198 -0.871560
v -1.729621 2.172472 -0.863863
v -1.722199 2.173315 -0.855685
v -1.708313 2.171152 -0.838560
v -1.695911 2.164877 -0.821136
v -1.684869 2.155516 -0.803765
v -1.664526 2.127267 -0.766310
v -1.646726 2.086856 -0.725705
v -1.621511 1.976973 -0.641636
v -1.612501 1.840140 -0.561650
v -1.612500 1.838831 -0.560975
v -1.612500 1.767875 -0.732278
v -1.621511 1.851636 -0.944225
v -1.646726 1.988781 -0.962479
v -1.664526 2.046068 -0.962342
v -1.684869 2.092528 -0.955833
v -1.695911 2.111430 -0.950168
v -1.708313 2.128188 -0.942285
v -1.722199 2.141826 -0.931705
v -1.729621 2.147014 -0.925326
v -1.737230 2.150848 -0.918275
v -1.627788 2.013689 -0.671034
v -1.627788 1.991515 -0.724566
v -1.729737 2.159766 -0.894604
v -1.721820 2.157422 -0.893633
v -1.713791 2.153396 -0.891966
v -1.705703 2.147608 -0.889568
v -1.689576 2.130520 -0.882490
v -1.673931 2.105957 -0.872316
v -1.647606 2.040708 -0.845289
v -1.627788 1.956037 -0.810217
v -1.627788 1.920560 -0.895869
v -1.647606 2.005230 -0.930940
v -1.673931 2.070479 -0.957967
v -1.713791 2.171135 -0.849140
v -1.705703 2.165347 -0.846743
v -1.689576 2.148259 -0.839665
v -1.673931 2.123696 -0.829490
v -1.647606 2.058447 -0.802463
v -1.627788 1.973776 -0.767392
v -1.673931 2.141435 -0.786665
v -1.647606 2.076186 -0.759638
v -1.627788 2.000385 -0.703153
v -1.647606 2.085056 -0.738225
v -1.627788 2.009254 -0.681740
v -1.737770 2.170198 -0.871560
v -1.745379 2.172472 -0.863863
v -1.752801 2.173315 -0.855685
v -1.766687 2.171152 -0.838560
v -1.779089 2.164877 -0.821136
v -1.790131 2.155516 -0.803765
v -1.810474 2.127267 -0.766310
v -1.828274 2.086856 -0.725705
v -1.853489 1.976973 -0.641636
v -1.862500 1.840140 -0.561650
v -1.737500 1.840140 -0.561650
v -1.747917 2.016293 -0.668909
v -1.690625 2.016293 -0.668909
v -1.747917 2.089071 -0.727721
v -1.690625 2.089071 -0.727721
v -1.747917 2.141148 -0.783109
v -1.747917 2.173324 -0.854915
v -1.747917 2.172517 -0.845087
v -1.747917 2.169967 -0.834356
v -1.747917 2.159357 -0.810297
v -1.690625 2.141148 -0.783109
v -1.690625 2.159357 -0.810297
v -1.633333 2.016293 -0.668909
v -1.853489 1.851636 -0.944225
v -1.828274 1.988781 -0.962479
v -1.810474 2.046068 -0.962342
v -1.790131 2.092528 -0.955833
v -1.779089 2.111430 -0.950168
v -1.766687 2.128188 -0.942285
v -1.752801 2.141826 -0.931705
v -1.745379 2.147014 -0.925326
v -1.737770 2.150848 -0.918275
v -1.661979 1.900864 -0.953081
v -1.805208 1.900864 -0.953081
v -1.747916 1.900864 -0.953081
v -1.747916 1.994561 -0.962739
v -1.747916 2.070564 -0.959902
v -1.747916 2.101527 -0.953450
v -1.747916 2.125187 -0.943986
v -1.747916 2.134265 -0.938273
v -1.747916 2.141547 -0.931993
v -1.690625 2.101527 -0.953450
v -1.690625 2.070564 -0.959902
v -1.690625 1.994561 -0.962739
v -1.690625 1.900864 -0.953081
v -1.661979 1.994561 -0.962739
v -1.647656 1.900864 -0.953081
v -1.633333 1.900864 -0.953081
v -1.805208 1.994561 -0.962739
v -1.848011 1.915892 -0.893935
v -1.829171 1.999333 -0.928498
v -1.803972 2.064926 -0.955667
v -1.848011 1.969109 -0.765458
v -1.829171 2.052550 -0.800021
v -1.803972 2.118143 -0.827190
v -1.787716 2.145186 -0.838392
v -1.770850 2.164030 -0.846197
v -1.762370 2.170413 -0.848841
v -1.745639 2.159690 -0.894573
v -1.753946 2.157110 -0.893504
v -1.762370 2.152674 -0.891667
v -1.770850 2.146291 -0.889023
v -1.787716 2.127447 -0.881217
v -1.803972 2.100404 -0.870016
v -1.829171 2.034811 -0.842846
v -1.848011 1.951370 -0.808284
v -1.829171 2.070289 -0.757195
v -1.803972 2.127107 -0.805549
v -1.848011 1.978025 -0.743931
v -1.848011 1.986847 -0.722632
v -1.848011 2.004586 -0.679807
v -1.787716 2.154163 -0.816718
v -1.829171 2.061490 -0.778437
v -1.803972 2.135882 -0.784364
v -1.762370 2.134935 -0.934492
v -1.770850 2.128552 -0.931848
v -1.787716 2.109708 -0.924043
v -1.803972 2.082665 -0.912841
v -1.829171 2.017072 -0.885672
v -1.848011 1.933631 -0.851109
v -1.737500 0.871821 -2.170091
v -1.737500 0.918015 -2.150956
v -1.737230 0.918275 -2.150848
v -1.729621 0.925326 -2.147014
v -1.722199 0.931705 -2.141826
v -1.708313 0.942285 -2.128188
v -1.695911 0.950168 -2.111430
v -1.684869 0.955833 -2.092528
v -1.664526 0.962342 -2.046068
v -1.646726 0.962479 -1.988781
v -1.621511 0.944225 -1.851636
v -1.612501 0.904029 -1.698322
v -1.621511 0.641636 -1.976973
v -1.646726 0.725705 -2.086856
v -1.664526 0.766310 -2.127267
v -1.684869 0.803765 -2.155516
v -1.695911 0.821136 -2.164877
v -1.708313 0.838560 -2.171152
v -1.722199 0.855685 -2.173315
v -1.729621 0.863863 -2.172472
v -1.737230 0.871560 -2.170198
v -1.627788 0.949401 -1.898386
v -1.627788 0.895869 -1.920560
v -1.729737 0.894604 -2.159766
v -1.721820 0.893633 -2.157422
v -1.713791 0.891966 -2.153396
v -1.705703 0.889568 -2.147608
v -1.689576 0.882490 -2.130520
v -1.673931 0.872316 -2.105957
v -1.647606 0.845289 -2.040708
v -1.627788 0.810217 -1.956037
v -1.627788 0.724566 -1.991515
v -1.647606 0.759638 -2.076186
v -1.673931 0.786665 -2.141435
v -1.713791 0.934792 -2.135657
v -1.705703 0.932394 -2.129869
v -1.689576 0.925316 -2.112781
v -1.673931 0.915142 -2.088218
v -1.647606 0.888115 -2.022969
v -1.627788 0.853043 -1.938299
v -1.673931 0.957967 -2.070479
v -1.647606 0.930940 -2.005230
v -1.627788 0.917281 -1.911690
v -1.647606 0.952353 -1.996361
v -1.627788 0.938694 -1.902821
v -1.737770 0.918275 -2.150848
v -1.745379 0.925326 -2.147014
v -1.752801 0.931705 -2.141826
v -1.766687 0.942285 -2.128188
v -1.779089 0.950168 -2.111430
v -1.790131 0.955833 -2.092528
v -1.810474 0.962342 -2.046068
v -1.828274 0.962479 -1.988781
v -1.853489 0.944225 -1.851636
v -1.862500 0.904029 -1.698322
v -1.737500 0.904029 -1.698322
v -1.747917 0.952744 -1.898724
v -1.690625 0.952744 -1.898724
v -1.747917 0.962620 -1.991773
v -1.690625 0.962620 -1.991773
v -1.747917 0.960278 -2.067762
v -1.747917 0.932256 -2.141288
v -1.747917 0.938635 -2.133768
v -1.747917 0.944420 -2.124377
v -1.747917 0.953929 -2.099862
v -1.690625 0.960278 -2.067762
v -1.690625 0.953929 -2.099862
v -1.633333 0.952744 -1.898724
v -1.853489 0.641636 -1.976973
v -1.828274 0.725705 -2.086856
v -1.810474 0.766310 -2.127267
v -1.790131 0.803765 -2.155516
v -1.779089 0.821136 -2.164877
v -1.766687 0.838560 -2.171152
v -1.752801 0.855685 -2.173315
v -1.745379 0.863863 -2.172472
v -1.737770 0.871560 -2.170198
v -1.661979 0.670184 -2.018044
v -1.805208 0.670184 -2.018044
v -1.747916 0.670184 -2.018044
v -1.747916 0.729608 -2.091126
v -1.747916 0.785356 -2.142863
v -1.747916 0.811813 -2.160195
v -1.747916 0.835235 -2.170234
v -1.747916 0.845694 -2.172612
v -1.747916 0.855284 -2.173321
v -1.690625 0.811813 -2.160195
v -1.690625 0.785356 -2.142863
v -1.690625 0.729608 -2.091126
v -1.690625 0.670184 -2.018044
v -1.661979 0.729608 -2.091126
v -1.647656 0.670184 -2.018044
v -1.633333 0.670184 -2.018044
v -1.805208 0.729608 -2.091126
v -1.862500 0.732278 -1.767875
v -1.862500 0.903580 -1.696919
v -1.848011 0.722632 -1.986847
v -1.829171 0.757195 -2.070289
v -1.803972 0.784364 -2.135882
v -1.848011 0.851109 -1.933631
v -1.829171 0.885672 -2.017072
v -1.803972 0.912841 -2.082665
v -1.787716 0.924043 -2.109708
v -1.770850 0.931848 -2.128552
v -1.762370 0.934492 -2.134935
v -1.745639 0.894573 -2.159690
v -1.753946 0.893504 -2.157110
v -1.762370 0.891667 -2.152674
v -1.770850 0.889023 -2.146291
v -1.787716 0.881217 -2.127447
v -1.803972 0.870016 -2.100404
v -1.829171 0.842846 -2.034811
v -1.848011 0.808284 -1.951370
v -1.829171 0.928498 -1.999333
v -1.803972 0.934482 -2.073701
v -1.848011 0.872636 -1.924714
v -1.848011 0.893935 -1.915892
v -1.848011 0.936761 -1.898153
v -1.787716 0.945717 -2.100730
v -1.829171 0.907256 -2.008132
v -1.803972 0.955667 -2.064926
v -1.762370 0.848841 -2.170413
v -1.770850 0.846197 -2.164030
v -1.787716 0.838392 -2.145186
v -1.803972 0.827190 -2.118143
v -1.829171 0.800021 -2.052550
v -1.848011 0.765458 -1.969109
v -0.262500 -0.871821 -2.170091
v -0.262500 -0.918015 -2.150956
v -0.262770 -0.918275 -2.150848
v -0.270379 -0.925326 -2.147014
v -0.277801 -0.931705 -2.141826
v -0.291687 -0.942285 -2.128188
v -0.304089 -0.950168 -2.111430
v -0.315131 -0.955833 -2.092528
v -0.335474 -0.962342 -2.046068
v -0.353274 -0.962479 -1.988781
v -0.378489 -0.944225 -1.851636
v -0.387500 -0.904029 -1.698322
v -0.387500 -0.903580 -1.696919
v -0.387500 -0.732278 -1.767875
v -0.378489 -0.641636 -1.976973
v -0.353274 -0.725705 -2.086856
v -0.335474 -0.766310 -2.127267
v -0.315131 -0.803765 -2.155516
v -0.304089 -0.821136 -2.164877
v -0.291687 -0.838560 -2.171152
v -0.277801 -0.855685 -2.173315
v -0.270379 -0.863863 -2.172472
v -0.262770 -0.871560 -2.170198
v -0.372212 -0.681740 -2.009254
v -0.372212 -0.724566 -1.991515
v -0.372212 -0.671034 -2.013689
v -0.372212 -0.895869 -1.920560
v -0.270263 -0.894604 -2.159766
v -0.278180 -0.893633 -2.157422
v -0.286209 -0.891966 -2.153396
v -0.294297 -0.889568 -2.147608
v -0.310424 -0.882490 -2.130520
v -0.326069 -0.872316 -2.105957
v -0.352394 -0.845289 -2.040708
v -0.372212 -0.810217 -1.956037
v -0.372212 -0.767392 -1.973776
v -0.352394 -0.802463 -2.058447
v -0.326069 -0.829490 -2.123696
v -0.310424 -0.839665 -2.148259
v -0.294297 -0.846743 -2.165347
v -0.286209 -0.849140 -2.171135
v -0.326069 -0.957967 -2.070479
v -0.352394 -0.930940 -2.005230
v -0.352394 -0.738225 -2.085056
v -0.372212 -0.703153 -2.000385
v -0.352394 -0.759638 -2.076186
v -0.326069 -0.786665 -2.141435
v -0.146511 -0.641636 -1.976973
v -0.171726 -0.725705 -2.086856
v -0.189526 -0.766310 -2.127267
v -0.209869 -0.803765 -2.155516
v -0.220911 -0.821136 -2.164877
v -0.233313 -0.838560 -2.171152
v -0.247199 -0.855685 -2.173315
v -0.254621 -0.863863 -2.172472
v -0.262230 -0.871560 -2.170198
v -0.309375 -0.668909 -2.016293
v -0.252083 -0.854915 -2.173324
v -0.252083 -0.845087 -2.172517
v -0.252083 -0.834356 -2.169967
v -0.252083 -0.810297 -2.159357
v -0.252083 -0.783109 -2.141148
v -0.252083 -0.727721 -2.089071
v -0.252083 -0.668909 -2.016293
v -0.309375 -0.783109 -2.141148
v -0.309375 -0.727721 -2.089071
v -0.309375 -0.810297 -2.159357
v -0.366667 -0.668909 -2.016293
v -0.262230 -0.918275 -2.150848
v -0.254621 -0.925326 -2.147014
v -0.247199 -0.931705 -2.141826
v -0.233313 -0.942285 -2.128188
v -0.220911 -0.950168 -2.111430
v -0.209869 -0.955833 -2.092528
v -0.189526 -0.962342 -2.046068
v -0.171726 -0.962479 -1.988781
v -0.146511 -0.944225 -1.851636
v -0.137501 -0.904029 -1.698322
v -0.262500 -0.904029 -1.698322
v -0.194792 -0.953081 -1.900864
v -0.338021 -0.953081 -1.900864
v -0.352344 -0.953081 -1.900864
v -0.366667 -0.953081 -1.900864
v -0.309375 -0.953450 -2.101527
v -0.309375 -0.959902 -2.070564
v -0.309375 -0.962739 -1.994561
v -0.309375 -0.953081 -1.900864
v -0.338021 -0.962739 -1.994561
v -0.252084 -0.931993 -2.141547
v -0.252084 -0.938273 -2.134265
v -0.252084 -0.943986 -2.125187
v -0.252084 -0.953450 -2.101527
v -0.252084 -0.959902 -2.070564
v -0.252084 -0.962739 -1.994561
v -0.252084 -0.953081 -1.900864
v -0.194792 -0.962739 -1.994561
v -0.151989 -0.743931 -1.978025
v -0.254361 -0.894573 -2.159690
v -0.151989 -0.893935 -1.915892
v -0.151989 -0.679807 -2.004586
v -0.151989 -0.851109 -1.933631
v -0.170829 -0.885672 -2.017072
v -0.196028 -0.912841 -2.082665
v -0.212284 -0.924043 -2.109708
v -0.229150 -0.931848 -2.128552
v -0.237630 -0.934492 -2.134935
v -0.246054 -0.893504 -2.157110
v -0.237630 -0.891667 -2.152674
v -0.229150 -0.889023 -2.146291
v -0.212284 -0.881217 -2.127447
v -0.196028 -0.870016 -2.100404
v -0.170829 -0.842846 -2.034811
v -0.151989 -0.808284 -1.951370
v -0.170829 -0.928498 -1.999333
v -0.196028 -0.955667 -2.064926
v -0.237630 -0.848841 -2.170413
v -0.229150 -0.846197 -2.164030
v -0.212284 -0.838392 -2.145186
v -0.196028 -0.827190 -2.118143
v -0.170829 -0.800021 -2.052550
v -0.151989 -0.765458 -1.969109
v -0.212284 -0.816718 -2.154163
v -0.196028 -0.805549 -2.127107
v -0.170829 -0.778437 -2.061490
v -0.151989 -0.722632 -1.986847
v -0.170829 -0.757195 -2.070289
v -0.196028 -0.784364 -2.135882
v -0.262500 0.918015 -2.150956
v -0.262500 0.871821 -2.170091
v -0.262770 0.871560 -2.170198
v -0.270379 0.863863 -2.172472
v -0.277801 0.855685 -2.173315
v -0.291687 0.838560 -2.171152
v -0.304089 0.821136 -2.164877
v -0.315131 0.803765 -2.155516
v -0.335474 0.766310 -2.127267
v -0.353274 0.725705 -2.086856
v -0.378489 0.641636 -1.976973
v -0.387500 0.561650 -1.840140
v -0.387500 0.560975 -1.838831
v -0.387500 0.732278 -1.767875
v -0.378489 0.944225 -1.851636
v -0.353274 0.962479 -1.988781
v -0.335474 0.962342 -2.046068
v -0.315131 0.955833 -2.092528
v -0.304089 0.950168 -2.111430
v -0.291687 0.942285 -2.128188
v -0.277801 0.931705 -2.141826
v -0.270379 0.925326 -2.147014
v -0.262770 0.918275 -2.150848
v -0.372212 0.938694 -1.902821
v -0.372212 0.895869 -1.920560
v -0.372212 0.949401 -1.898386
v -0.372212 0.724566 -1.991515
v -0.270263 0.894604 -2.159766
v -0.278180 0.893633 -2.157422
v -0.286209 0.891966 -2.153396
v -0.294297 0.889568 -2.147608
v -0.310424 0.882490 -2.130520
v -0.326069 0.872316 -2.105957
v -0.352394 0.845289 -2.040708
v -0.372212 0.810217 -1.956037
v -0.372212 0.853043 -1.938299
v -0.352394 0.888115 -2.022969
v -0.326069 0.915142 -2.088218
v -0.310424 0.925316 -2.112781
v -0.294297 0.932394 -2.129869
v -0.286209 0.934792 -2.135657
v -0.326069 0.786665 -2.141435
v -0.352394 0.759638 -2.076186
v -0.352394 0.952353 -1.996361
v -0.372212 0.917281 -1.911690
v -0.352394 0.930940 -2.005230
v -0.326069 0.957967 -2.070479
v -0.146511 0.944225 -1.851636
v -0.171726 0.962479 -1.988781
v -0.189526 0.962342 -2.046068
v -0.209869 0.955833 -2.092528
v -0.220911 0.950168 -2.111430
v -0.233313 0.942285 -2.128188
v -0.247199 0.931705 -2.141826
v -0.254621 0.925326 -2.147014
v -0.262230 0.918275 -2.150848
v -0.309375 0.952744 -1.898724
v -0.252083 0.932256 -2.141288
v -0.252083 0.938635 -2.133768
v -0.252083 0.944420 -2.124377
v -0.252083 0.953929 -2.099862
v -0.252083 0.960278 -2.067762
v -0.252083 0.962620 -1.991773
v -0.252083 0.952744 -1.898724
v -0.309375 0.960278 -2.067762
v -0.309375 0.962620 -1.991773
v -0.309375 0.953929 -2.099862
v -0.366667 0.952744 -1.898724
v -0.262230 0.871560 -2.170198
v -0.254621 0.863863 -2.172472
v -0.247199 0.855685 -2.173315
v -0.233313 0.838560 -2.171152
v -0.220911 0.821136 -2.164877
v -0.209869 0.803765 -2.155516
v -0.189526 0.766310 -2.127267
v -0.171726 0.725705 -2.086856
v -0.146511 0.641636 -1.976973
v -0.137501 0.561650 -1.840140
v -0.262500 0.561650 -1.840140
v -0.194792 0.670184 -2.018044
v -0.338021 0.670184 -2.018044
v -0.352344 0.670184 -2.018044
v -0.366667 0.670184 -2.018044
v -0.309375 0.811813 -2.160195
v -0.309375 0.785356 -2.142863
v -0.309375 0.729608 -2.091126
v -0.309375 0.670184 -2.018044
v -0.338021 0.729608 -2.091126
v -0.252084 0.855284 -2.173321
v -0.252084 0.845694 -2.172612
v -0.252084 0.835235 -2.170234
v -0.252084 0.811813 -2.160195
v -0.252084 0.785356 -2.142863
v -0.252084 0.729608 -2.091126
v -0.252084 0.670184 -2.018044
v -0.194792 0.729608 -2.091126
v -0.151989 0.872636 -1.924714
v -0.254361 0.894573 -2.159690
v -0.151989 0.722632 -1.986847
v -0.151989 0.936761 -1.898153
v -0.151989 0.765458 -1.969109
v -0.170829 0.800021 -2.052550
v -0.196028 0.827190 -2.118143
v -0.212284 0.838392 -2.145186
v -0.229150 0.846197 -2.164030
v -0.237630 0.848841 -2.170413
v -0.246054 0.893504 -2.157110
v -0.237630 0.891667 -2.152674
v -0.229150 0.889023 -2.146291
v -0.212284 0.881217 -2.127447
v -0.196028 0.870016 -2.100404
v -0.170829 0.842846 -2.034811
v -0.151989 0.808284 -1.951370
v -0.170829 0.757195 -2.070289
v -0.196028 0.784364 -2.135882
v -0.237630 0.934492 -2.134935
v -0.229150 0.931848 -2.128552
v -0.212284 0.924043 -2.109708
v -0.196028 0.912841 -2.082665
v -0.170829 0.885672 -2.017072
v -0.151989 0.851109 -1.933631
v -0.212284 0.945717 -2.100730
v -0.196028 0.934482 -2.073701
v -0.170829 0.907256 -2.008132
v -0.151989 0.893935 -1.915892
v -0.170829 0.928498 -1.999333
v -0.196028 0.955667 -2.064926
v -1.737500 -0.871821 2.170091
v -1.737500 -0.918015 2.150956
v -1.737230 -0.918275 2.150848
v -1.729621 -0.925326 2.147014
v -1.722199 -0.931705 2.141826
v -1.708313 -0.942285 2.128188
v -1.695911 -0.950168 2.111430
v -1.684869 -0.955833 2.092528
v -1.664526 -0.962342 2.046068
v -1.646726 -0.962479 1.988781
v -1.621511 -0.944225 1.851636
v -1.612501 -0.904029 1.698322
v -1.621511 -0.641636 1.976973
v -1.646726 -0.725705 2.086856
v -1.664526 -0.766310 2.127267
v -1.684869 -0.803765 2.155516
v -1.695911 -0.821136 2.164877
v -1.708313 -0.838560 2.171152
v -1.722199 -0.855685 2.173315
v -1.729621 -0.863863 2.172472
v -1.737230 -0.871560 2.170198
v -1.627788 -0.949401 1.898386
v -1.627788 -0.895869 1.920560
v -1.729737 -0.894604 2.159766
v -1.721820 -0.893633 2.157422
v -1.713791 -0.891966 2.153396
v -1.705703 -0.889568 2.147608
v -1.689576 -0.882490 2.130520
v -1.673931 -0.872316 2.105957
v -1.647606 -0.845289 2.040708
v -1.627788 -0.810217 1.956037
v -1.627788 -0.724566 1.991515
v -1.647606 -0.759638 2.076186
v -1.673931 -0.786665 2.141435
v -1.713791 -0.934792 2.135657
v -1.705703 -0.932394 2.129869
v -1.689576 -0.925316 2.112781
v -1.673931 -0.915142 2.088218
v -1.647606 -0.888115 2.022969
v -1.627788 -0.853043 1.938299
v -1.673931 -0.957967 2.070479
v -1.647606 -0.930940 2.005230
v -1.627788 -0.917281 1.911690
v -1.647606 -0.952353 1.996361
v -1.627788 -0.938694 1.902821
v -1.737770 -0.918275 2.150848
v -1.745379 -0.925326 2.147014
v -1.752801 -0.931705 2.141826
v -1.766687 -0.942285 2.128188
v -1.779089 -0.950168 2.111430
v -1.790131 -0.955833 2.092528
v -1.810474 -0.962342 2.046068
v -1.828274 -0.962479 1.988781
v -1.853489 -0.944225 1.851636
v -1.862500 -0.904029 1.698322
v -1.737500 -0.904029 1.698322
v -1.747917 -0.952744 1.898724
v -1.690625 -0.952744 1.898724
v -1.747917 -0.962620 1.991773
v -1.690625 -0.962620 1.991773
v -1.747917 -0.960278 2.067762
v -1.747917 -0.932256 2.141288
v -1.747917 -0.938635 2.133768
v -1.747917 -0.944420 2.124377
v -1.747917 -0.953929 2.099862
v -1.690625 -0.960278 2.067762
v -1.690625 -0.953929 2.099862
v -1.633333 -0.952744 1.898724
v -1.853489 -0.641636 1.976973
v -1.828274 -0.725705 2.086856
v -1.810474 -0.766310 2.127267
v -1.790131 -0.803765 2.155516
v -1.779089 -0.821136 2.164877
v -1.766687 -0.838560 2.171152
v -1.752801 -0.855685 2.173315
v -1.745379 -0.863863 2.172472
v -1.737770 -0.871560 2.170198
v -1.661979 -0.670184 2.018044
v -1.805208 -0.670184 2.018044
v -1.747916 -0.670184 2.018044
v -1.747916 -0.729608 2.091126
v -1.747916 -0.785356 2.142863
v -1.747916 -0.811813 2.160195
v -1.747916 -0.835235 2.170234
v -1.747916 -0.845694 2.172612
v -1.747916 -0.855284 2.173321
v -1.690625 -0.811813 2.160195
v -1.690625 -0.785356 2.142863
v -1.690625 -0.729608 2.091126
v -1.690625 -0.670184 2.018044
v -1.661979 -0.729608 2.091126
v -1.647656 -0.670184 2.018044
v -1.633333 -0.670184 2.018044
v -1.805208 -0.729608 2.091126
v -1.862500 -0.732278 1.767875
v -1.862500 -0.903580 1.696919
v -1.848011 -0.722632 1.986847
v -1.829171 -0.757195 2.070289
v -1.803972 -0.784364 2.135882
v -1.848011 -0.851109 1.933631
v -1.829171 -0.885672 2.017072
v -1.803972 -0.912841 2.082665
v -1.787716 -0.924043 2.109708
v -1.770850 -0.931848 2.128552
v -1.762370 -0.934492 2.134935
v -1.745639 -0.894573 2.159690
v -1.753946 -0.893504 2.157110
v -1.762370 -0.891667 2.152674
v -1.770850 -0.889023 2.146291
v -1.787716 -0.881217 2.127447
v -1.803972 -0.870016 2.100404
v -1.829171 -0.842846 2.034811
v -1.848011 -0.808284 1.951370
v -1.829171 -0.928498 1.999333
v -1.803972 -0.934482 2.073701
v -1.848011 -0.872636 1.924714
v -1.848011 -0.893935 1.915892
v -1.848011 -0.936761 1.898153
v -1.787716 -0.945717 2.100730
v -1.829171 -0.907256 2.008132
v -1.803972 -0.955667 2.064926
v -1.762370 -0.848841 2.170413
v -1.770850 -0.846197 2.164030
v -1.787716 -0.838392 2.145186
v -1.803972 -0.827190 2.118143
v -1.829171 -0.800021 2.052550
v -1.848011 -0.765458 1.969109
v -0.262500 -0.918015 2.150956
v -0.262500 -0.871821 2.170091
v -0.262770 -0.871560 2.170198
v -0.270379 -0.863863 2.172472
v -0.277801 -0.855685 2.173315
v -0.291687 -0.838560 2.171152
v -0.304089 -0.821136 2.164877
v -0.315131 -0.803765 2.155516
v -0.335474 -0.766310 2.127267
v -0.353274 -0.725705 2.086856
v -0.378489 -0.641636 1.976973
v -0.387500 -0.561650 1.840140
v -0.387500 -0.560975 1.838831
v -0.387500 -0.732278 1.767875
v -0.378489 -0.944225 1.851636
v -0.353274 -0.962479 1.988781
v -0.335474 -0.962342 2.046068
v -0.315131 -0.955833 2.092528
v -0.304089 -0.950168 2.111430
v -0.291687 -0.942285 2.128188
v -0.277801 -0.931705 2.141826
v -0.270379 -0.925326 2.147014
v -0.262770 -0.918275 2.150848
v -0.372212 -0.938694 1.902821
v -0.372212 -0.895869 1.920560
v -0.372212 -0.949401 1.898386
v -0.372212 -0.724566 1.991515
v -0.270263 -0.894604 2.159766
v -0.278180 -0.893633 2.157422
v -0.286209 -0.891966 2.153396
v -0.294297 -0.889568 2.147608
v -0.310424 -0.882490 2.130520
v -0.326069 -0.872316 2.105957
v -0.352394 -0.845289 2.040708
v -0.372212 -0.810217 1.956037
v -0.372212 -0.853043 1.938299
v -0.352394 -0.888115 2.022969
v -0.326069 -0.915142 2.088218
v -0.310424 -0.925316 2.112781
v -0.294297 -0.932394 2.129869
v -0.286209 -0.934792 2.135657
v -0.326069 -0.786665 2.141435
v -0.352394 -0.759638 2.076186
v -0.352394 -0.952353 1.996361
v -0.372212 -0.917281 1.911690
v -0.352394 -0.930940 2.005230
v -0.326069 -0.957967 2.070479
v -0.146511 -0.944225 1.851636
v -0.171726 -0.962479 1.988781
v -0.189526 -0.962342 2.046068
v -0.209869 -0.955833 2.092528
v -0.220911 -0.950168 2.111430
v -0.233313 -0.942285 2.128188
v -0.247199 -0.931705 2.141826
v -0.254621 -0.925326 2.147014
v -0.262230 -0.918275 2.150848
v -0.309375 -0.952744 1.898724
v -0.252083 -0.932256 2.141288
v -0.252083 -0.938635 2.133768
v -0.252083 -0.944420 2.124377
v -0.252083 -0.953929 2.099862
v -0.252083 -0.960278 2.067762
v -0.252083 -0.962620 1.991773
v -0.252083 -0.952744 1.898724
v -0.309375 -0.960278 2.067762
v -0.309375 -0.962620 1.991773
v -0.309375 -0.953929 2.099862
v -0.366667 -0.952744 1.898724
v -0.262230 -0.871560 2.170198
v -0.254621 -0.863863 2.172472
v -0.247199 -0.855685 2.173315
v -0.233313 -0.838560 2.171152
v -0.220911 -0.821136 2.164877
v -0.209869 -0.803765 2.155516
v -0.189526 -0.766310 2.127267
v -0.171726 -0.725705 2.086856
v -0.146511 -0.641636 1.976973
v -0.137501 -0.561650 1.840140
v -0.262500 -0.561650 1.840140
v -0.194792 -0.670184 2.018044
v -0.338021 -0.670184 2.018044
v -0.352344 -0.670184 2.018044
v -0.366667 -0.670184 2.018044
v -0.309375 -0.811813 2.160195
v -0.309375 -0.785356 2.142863
v -0.309375 -0.729608 2.091126
v -0.309375 -0.670184 2.018044
v -0.338021 -0.729608 2.091126
v -0.252084 -0.855284 2.173321
v -0.252084 -0.845694 2.172612
v -0.252084 -0.835235 2.170234
v -0.252084 -0.811813 2.160195
v -0.252084 -0.785356 2.142863
v -0.252084 -0.729608 2.091126
v -0.252084 -0.670184 2.018044
v -0.194792 -0.729608 2.091126
v -0.151989 -0.872636 1.924714
v -0.254361 -0.894573 2.159690
v -0.151989 -0.722632 1.986847
v -0.151989 -0.936761 1.898153
v -0.151989 -0.765458 1.969109
v -0.170829 -0.800021 2.052550
v -0.196028 -0.827190 2.118143
v -0.212284 -0.838392 2.145186
v -0.229150 -0.846197 2.164030
v -0.237630 -0.848841 2.170413
v -0.246054 -0.893504 2.157110
v -0.237630 -0.891667 2.152674
v -0.229150 -0.889023 2.146291
v -0.212284 -0.881217 2.127447
v -0.196028 -0.870016 2.100404
v -0.170829 -0.842846 2.034811
v -0.151989 -0.808284 1.951370
v -0.170829 -0.757195 2.070289
v -0.196028 -0.784364 2.135882
v -0.237630 -0.934492 2.134935
v -0.229150 -0.931848 2.128552
v -0.212284 -0.924043 2.109708
v -0.196028 -0.912841 2.082665
v -0.170829 -0.885672 2.017072
v -0.151989 -0.851109 1.933631
v -0.212284 -0.945717 2.100730
v -0.196028 -0.934482 2.073701
v -0.170829 -0.907256 2.008132
v -0.151989 -0.893935 1.915892
v -0.170829 -0.928498 1.999333
v -0.196028 -0.955667 2.064926
v -1.737500 2.170091 0.871821
v -1.737500 2.150956 0.918015
v -1.737230 2.150848 0.918275
v -1.729621 2.147014 0.925326
v -1.722199 2.141826 0.931705
v -1.708313 2.128188 0.942285
v -1.695911 2.111430 0.950168
v -1.684869 2.092528 0.955833
v -1.664526 2.046068 0.962342
v -1.646726 1.988781 0.962479
v -1.621511 1.851636 0.944225
v -1.612501 1.698322 0.904029
v -1.612500 1.696919 0.903580
v -1.612500 1.767875 0.732278
v -1.621511 1.976973 0.641636
v -1.646726 2.086856 0.725705
v -1.664526 2.127267 0.766310
v -1.684869 2.155516 0.803765
v -1.695911 2.164877 0.821136
v -1.708313 2.171152 0.838560
v -1.722199 2.173315 0.855685
v -1.729621 2.172472 0.863863
v -1.737230 2.170198 0.871560
v -1.627788 1.898386 0.949401
v -1.627788 1.920560 0.895869
v -1.729737 2.159766 0.894604
v -1.721820 2.157422 0.893633
v -1.713791 2.153396 0.891966
v -1.705703 2.147608 0.889568
v -1.689576 2.130520 0.882490
v -1.673931 2.105957 0.872316
v -1.647606 2.040708 0.845289
v -1.627788 1.956037 0.810217
v -1.627788 1.991515 0.724566
v -1.647606 2.076186 0.759638
v -1.673931 2.141435 0.786665
v -1.713791 2.135657 0.934792
v -1.705703 2.129869 0.932394
v -1.689576 2.112781 0.925316
v -1.673931 2.088218 0.915142
v -1.647606 2.022969 0.888115
v -1.627788 1.938299 0.853043
v -1.673931 2.070479 0.957967
v -1.647606 2.005230 0.930940
v -1.627788 1.911690 0.917281
v -1.647606 1.996361 0.952353
v -1.627788 1.902821 0.938694
v -1.737770 2.150848 0.918275
v -1.745379 2.147014 0.925326
v -1.752801 2.141826 0.931705
v -1.766687 2.128188 0.942285
v -1.779089 2.111430 0.950168
v -1.790131 2.092528 0.955833
v -1.810474 2.046068 0.962342
v -1.828274 1.988781 0.962479
v -1.853489 1.851636 0.944225
v -1.862500 1.698322 0.904029
v -1.737500 1.698322 0.904029
v -1.747917 1.898724 0.952744
v -1.690625 1.898724 0.952744
v -1.747917 1.991773 0.962620
v -1.690625 1.991773 0.962620
v -1.747917 2.067762 0.960278
v -1.747917 2.141288 0.932256
v -1.747917 2.133768 0.938635
v -1.747917 2.124377 0.944420
v -1.747917 2.099862 0.953929
v -1.690625 2.067762 0.960278
v -1.690625 2.099862 0.953929
v -1.633333 1.898724 0.952744
v -1.853489 1.976973 0.641636
v -1.828274 2.086856 0.725705
v -1.810474 2.127267 0.766310
v -1.790131 2.155516 0.803765
v -1.779089 2.164877 0.821136
v -1.766687 2.171152 0.838560
v -1.752801 2.173315 0.855685
v -1.745379 2.172472 0.863863
v -1.737770 2.170198 0.871560
v -1.661979 2.018044 0.670184
v -1.805208 2.018044 0.670184
v -1.747916 2.018044 0.670184
v -1.747916 2.091126 0.729608
v -1.747916 2.142863 0.785356
v -1.747916 2.160195 0.811813
v -1.747916 2.170234 0.835235
v -1.747916 2.172612 0.845694
v -1.747916 2.173321 0.855284
v -1.690625 2.160195 0.811813
v -1.690625 2.142863 0.785356
v -1.690625 2.091126 0.729608
v -1.690625 2.018044 0.670184
v -1.661979 2.091126 0.729608
v -1.647656 2.018044 0.670184
v -1.633333 2.018044 0.670184
v -1.805208 2.091126 0.729608
v -1.848011 1.986847 0.722632
v -1.829171 2.070289 0.757195
v -1.803972 2.135882 0.784364
v -1.848011 1.933631 0.851109
v -1.829171 2.017072 0.885672
v -1.803972 2.082665 0.912841
v -1.787716 2.109708 0.924043
v -1.770850 2.128552 0.931848
v -1.762370 2.134935 0.934492
v -1.745639 2.159690 0.894573
v -1.753946 2.157110 0.893504
v -1.762370 2.152674 0.891667
v -1.770850 2.146291 0.889023
v -1.787716 2.127447 0.881217
v -1.803972 2.100404 0.870016
v -1.829171 2.034811 0.842846
v -1.848011 1.951370 0.808284
v -1.829171 1.999333 0.928498
v -1.803972 2.073701 0.934482
v -1.848011 1.924714 0.872636
v -1.848011 1.915892 0.893935
v -1.848011 1.898153 0.936761
v -1.787716 2.100730 0.945717
v -1.829171 2.008132 0.907256
v -1.803972 2.064926 0.955667
v -1.762370 2.170413 0.848841
v -1.770850 2.164030 0.846197
v -1.787716 2.145186 0.838392
v -1.803972 2.118143 0.827190
v -1.829171 2.052550 0.800021
v -1.848011 1.969109 0.765458
v -1.737500 -2.150956 0.918015
v -1.737500 -2.170091 0.871821
v -1.737230 -2.170198 0.871560
v -1.729621 -2.172472 0.863863
v -1.722199 -2.173315 0.855685
v -1.708313 -2.171152 0.838560
v -1.695911 -2.164877 0.821136
v -1.684869 -2.155516 0.803765
v -1.664526 -2.127267 0.766310
v -1.646726 -2.086856 0.725705
v -1.621511 -1.976973 0.641636
v -1.612501 -1.840140 0.561650
v -1.612500 -1.838831 0.560975
v -1.612500 -1.767875 0.732278
v -1.621511 -1.851636 0.944225
v -1.646726 -1.988781 0.962479
v -1.664526 -2.046068 0.962342
v -1.684869 -2.092528 0.955833
v -1.695911 -2.111430 0.950168
v -1.708313 -2.128188 0.942285
v -1.722199 -2.141826 0.931705
v -1.729621 -2.147014 0.925326
v -1.737230 -2.150848 0.918275
v -1.627788 -2.013689 0.671034
v -1.627788 -1.991515 0.724566
v -1.729737 -2.159766 0.894604
v -1.721820 -2.157422 0.893633
v -1.713791 -2.153396 0.891966
v -1.705703 -2.147608 0.889568
v -1.689576 -2.130520 0.882490
v -1.673931 -2.105957 0.872316
v -1.647606 -2.040708 0.845289
v -1.627788 -1.956037 0.810217
v -1.627788 -1.920560 0.895869
v -1.647606 -2.005230 0.930940
v -1.673931 -2.070479 0.957967
v -1.713791 -2.171135 0.849140
v -1.705703 -2.165347 0.846743
v -1.689576 -2.148259 0.839665
v -1.673931 -2.123696 0.829490
v -1.647606 -2.058447 0.802463
v -1.627788 -1.973776 0.767392
v -1.673931 -2.141435 0.786665
v -1.647606 -2.076186 0.759638
v -1.627788 -2.000385 0.703153
v -1.647606 -2.085056 0.738225
v -1.627788 -2.009254 0.681740
v -1.737770 -2.170198 0.871560
v -1.745379 -2.172472 0.863863
v -1.752801 -2.173315 0.855685
v -1.766687 -2.171152 0.838560
v -1.779089 -2.164877 0.821136
v -1.790131 -2.155516 0.803765
v -1.810474 -2.127267 0.766310
v -1.828274 -2.086856 0.725705
v -1.853489 -1.976973 0.641636
v -1.862500 -1.840140 0.561650
v -1.737500 -1.840140 0.561650
v -1.747917 -2.016293 0.668909
v -1.690625 -2.016293 0.668909
v -1.747917 -2.089071 0.727721
v -1.690625 -2.089071 0.727721
v -1.747917 -2.141148 0.783109
v -1.747917 -2.173324 0.854915
v -1.747917 -2.172517 0.845087
v -1.747917 -2.169967 0.834356
v -1.747917 -2.159357 0.810297
v -1.690625 -2.141148 0.783109
v -1.690625 -2.159357 0.810297
v -1.633333 -2.016293 0.668909
v -1.853489 -1.851636 0.944225
v -1.828274 -1.988781 0.962479
v -1.810474 -2.046068 0.962342
v -1.790131 -2.092528 0.955833
v -1.779089 -2.111430 0.950168
v -1.766687 -2.128188 0.942285
v -1.752801 -2.141826 0.931705
v -1.745379 -2.147014 0.925326
v -1.737770 -2.150848 0.918275
v -1.661979 -1.900864 0.953081
v -1.805208 -1.900864 0.953081
v -1.747916 -1.900864 0.953081
v -1.747916 -1.994561 0.962739
v -1.747916 -2.070564 0.959902
v -1.747916 -2.101527 0.953450
v -1.747916 -2.125187 0.943986
v -1.747916 -2.134265 0.938273
v -1.747916 -2.141547 0.931993
v -1.690625 -2.101527 0.953450
v -1.690625 -2.070564 0.959902
v -1.690625 -1.994561 0.962739
v -1.690625 -1.900864 0.953081
v -1.661979 -1.994561 0.962739
v -1.647656 -1.900864 0.953081
v -1.633333 -1.900864 0.953081
v -1.805208 -1.994561 0.962739
v -1.848011 -1.915892 0.893935
v -1.829171 -1.999333 0.928498
v -1.803972 -2.064926 0.955667
v -1.848011 -1.969109 0.765458
v -1.829171 -2.052550 0.800021
v -1.803972 -2.118143 0.827190
v -1.787716 -2.145186 0.838392
v -1.770850 -2.164030 0.846197
v -1.762370 -2.170413 0.848841
v -1.745639 -2.159690 0.894573
v -1.753946 -2.157110 0.893504
v -1.762370 -2.152674 0.891667
v -1.770850 -2.146291 0.889023
v -1.787716 -2.127447 0.881217
v -1.803972 -2.100404 0.870016
v -1.829171 -2.034811 0.842846
v -1.848011 -1.951370 0.808284
v -1.829171 -2.070289 0.757195
v -1.803972 -2.127107 0.805549
v -1.848011 -1.978025 0.743931
v -1.848011 -1.986847 0.722632
v -1.848011 -2.004586 0.679807
v -1.787716 -2.154163 0.816718
v -1.829171 -2.061490 0.778437
v -1.803972 -2.135882 0.784364
v -1.762370 -2.134935 0.934492
v -1.770850 -2.128552 0.931848
v -1.787716 -2.109708 0.924043
v -1.803972 -2.082665 0.912841
v -1.829171 -2.017072 0.885672
v -1.848011 -1.933631 0.851109
v -0.262500 2.150956 0.918015
v -0.262500 2.170091 0.871821
v -0.262770 2.170198 0.871560
v -0.270379 2.172472 0.863863
v -0.277801 2.173315 0.855685
v -0.291687 2.171152 0.838560
v -0.304089 2.164877 0.821136
v -0.315131 2.155516 0.803765
v -0.335474 2.127267 0.766310
v -0.353274 2.086856 0.725705
v -0.378489 1.976973 0.641636
v -0.387500 1.840140 0.561650
v -0.387500 1.838831 0.560975
v -0.387500 1.767875 0.732278
v -0.378489 1.851636 0.944225
v -0.353274 1.988781 0.962479
v -0.335474 2.046068 0.962342
v -0.315131 2.092528 0.955833
v -0.304089 2.111430 0.950168
v -0.291687 2.128188 0.942285
v -0.277801 2.141826 0.931705
v -0.270379 2.147014 0.925326
v -0.262770 2.150848 0.918275
v -0.372212 1.902821 0.938694
v -0.372212 1.920560 0.895869
v -0.372212 1.898386 0.949401
v -0.372212 1.991515 0.724566
v -0.270263 2.159766 0.894604
v -0.278180 2.157422 0.893633
v -0.286209 2.153396 0.891966
v -0.294297 2.147608 0.889568
v -0.310424 2.130520 0.882490
v -0.326069 2.105957 0.872316
v -0.352394 2.040708 0.845289
v -0.372212 1.956037 0.810217
v -0.372212 1.938299 0.853043
v -0.352394 2.022969 0.888115
v -0.326069 2.088218 0.915142
v -0.310424 2.112781 0.925316
v -0.294297 2.129869 0.932394
v -0.286209 2.135657 0.934792
v -0.326069 2.141435 0.786665
v -0.352394 2.076186 0.759638
v -0.352394 1.996361 0.952353
v -0.372212 1.911690 0.917281
v -0.352394 2.005230 0.930940
v -0.326069 2.070479 0.957967
v -0.146511 1.851636 0.944225
v -0.171726 1.988781 0.962479
v -0.189526 2.046068 0.962342
v -0.209869 2.092528 0.955833
v -0.220911 2.111430 0.950168
v -0.233313 2.128188 0.942285
v -0.247199 2.141826 0.931705
v -0.254621 2.147014 0.925326
v -0.262230 2.150848 0.918275
v -0.309375 1.898724 0.952744
v -0.252083 2.141288 0.932256
v -0.252083 2.133768 0.938635
v -0.252083 2.124377 0.944420
v -0.252083 2.099862 0.953929
v -0.252083 2.067762 0.960278
v -0.252083 1.991773 0.962620
v -0.252083 1.898724 0.952744
v -0.309375 2.067762 0.960278
v -0.309375 1.991773 0.962620
v -0.309375 2.099862 0.953929
v -0.366667 1.898724 0.952744
v -0.262230 2.170198 0.871560
v -0.254621 2.172472 0.863863
v -0.247199 2.173315 0.855685
v -0.233313 2.171152 0.838560
v -0.220911 2.164877 0.821136
v -0.209869 2.155516 0.803765
v -0.189526 2.127267 0.766310
v -0.171726 2.086856 0.725705
v -0.146511 1.976973 0.641636
v -0.137501 1.840140 0.561650
v -0.262500 1.840140 0.561650
v -0.194792 2.018044 0.670184
v -0.338021 2.018044 0.670184
v -0.352344 2.018044 0.670184
v -0.366667 2.018044 0.670184
v -0.309375 2.160195 0.811813
v -0.309375 2.142863 0.785356
v -0.309375 2.091126 0.729608
v -0.309375 2.018044 0.670184
v -0.338021 2.091126 0.729608
v -0.252084 2.173321 0.855284
v -0.252084 2.172612 0.845694
v -0.252084 2.170234 0.835235
v -0.252084 2.160195 0.811813
v -0.252084 2.142863 0.785356
v -0.252084 2.091126 0.729608
v -0.252084 2.018044 0.670184
v -0.194792 2.091126 0.729608
v -0.151989 1.924714 0.872636
v -0.254361 2.159690 0.894573
v -0.151989 1.986847 0.722632
v -0.151989 1.898153 0.936761
v -0.151989 1.969109 0.765458
v -0.170829 2.052550 0.800021
v -0.196028 2.118143 0.827190
v -0.212284 2.145186 0.838392
v -0.229150 2.164030 0.846197
v -0.237630 2.170413 0.848841
v -0.246054 2.157110 0.893504
v -0.237630 2.152674 0.891667
v -0.229150 2.146291 0.889023
v -0.212284 2.127447 0.881217
v -0.196028 2.100404 0.870016
v -0.170829 2.034811 0.842846
v -0.151989 1.951370 0.808284
v -0.170829 2.070289 0.757195
v -0.196028 2.135882 0.784364
v -0.237630 2.134935 0.934492
v -0.229150 2.128552 0.931848
v -0.212284 2.109708 0.924043
v -0.196028 2.082665 0.912841
v -0.170829 2.017072 0.885672
v -0.151989 1.933631 0.851109
v -0.212284 2.100730 0.945717
v -0.196028 2.073701 0.934482
v -0.170829 2.008132 0.907256
v -0.151989 1.915892 0.893935
v -0.170829 1.999333 0.928498
v -0.196028 2.064926 0.955667
v -0.262500 2.170091 -0.871821
v -0.262500 2.150956 -0.918015
v -0.262770 2.150848 -0.918275
v -0.270379 2.147014 -0.925326
v -0.277801 2.141826 -0.931705
v -0.291687 2.128188 -0.942285
v -0.304089 2.111430 -0.950168
v -0.315131 2.092528 -0.955833
v -0.335474 2.046068 -0.962342
v -0.353274 1.988781 -0.962479
v -0.378489 1.851636 -0.944225
v -0.387500 1.698322 -0.904029
v -0.387500 1.696919 -0.903580
v -0.387500 1.767875 -0.732278
v -0.378489 1.976973 -0.641636
v -0.353274 2.086856 -0.725705
v -0.335474 2.127267 -0.766310
v -0.315131 2.155516 -0.803765
v -0.304089 2.164877 -0.821136
v -0.291687 2.171152 -0.838560
v -0.277801 2.173315 -0.855685
v -0.270379 2.172472 -0.863863
v -0.262770 2.170198 -0.871560
v -0.372212 2.009254 -0.681740
v -0.372212 1.991515 -0.724566
v -0.372212 2.013689 -0.671034
v -0.372212 1.920560 -0.895869
v -0.270263 2.159766 -0.894604
v -0.278180 2.157422 -0.893633
v -0.286209 2.153396 -0.891966
v -0.294297 2.147608 -0.889568
v -0.310424 2.130520 -0.882490
v -0.326069 2.105957 -0.872316
v -0.352394 2.040708 -0.845289
v -0.372212 1.956037 -0.810217
v -0.372212 1.973776 -0.767392
v -0.352394 2.058447 -0.802463
v -0.326069 2.123696 -0.829490
v -0.310424 2.148259 -0.839665
v -0.294297 2.165347 -0.846743
v -0.286209 2.171135 -0.849140
v -0.326069 2.070479 -0.957967
v -0.352394 2.005230 -0.930940
v -0.352394 2.085056 -0.738225
v -0.372212 2.000385 -0.703153
v -0.352394 2.076186 -0.759638
v -0.326069 2.141435 -0.786665
v -0.146511 1.976973 -0.641636
v -0.171726 2.086856 -0.725705
v -0.189526 2.127267 -0.766310
v -0.209869 2.155516 -0.803765
v -0.220911 2.164877 -0.821136
v -0.233313 2.171152 -0.838560
v -0.247199 2.173315 -0.855685
v -0.254621 2.172472 -0.863863
v -0.262230 2.170198 -0.871560
v -0.309375 2.016293 -0.668909
v -0.252083 2.173324 -0.854915
v -0.252083 2.172517 -0.845087
v -0.252083 2.169967 -0.834356
v -0.252083 2.159357 -0.810297
v -0.252083 2.141148 -0.783109
v -0.252083 2.089071 -0.727721
v -0.252083 2.016293 -0.668909
v -0.309375 2.141148 -0.783109
v -0.309375 2.089071 -0.727721
v -0.309375 2.159357 -0.810297
v -0.366667 2.016293 -0.668909
v -0.262230 2.150848 -0.918275
v -0.254621 2.147014 -0.925326
v -0.247199 2.141826 -0.931705
v -0.233313 2.128188 -0.942285
v -0.220911 2.111430 -0.950168
v -0.209869 2.092528 -0.955833
v -0.189526 2.046068 -0.962342
v -0.171726 1.988781 -0.962479
v -0.146511 1.851636 -0.944225
v -0.137501 1.698322 -0.904029
v -0.262500 1.698322 -0.904029
v -0.194792 1.900864 -0.953081
v -0.338021 1.900864 -0.953081
v -0.352344 1.900864 -0.953081
v -0.366667 1.900864 -0.953081
v -0.309375 2.101527 -0.953450
v -0.309375 2.070564 -0.959902
v -0.309375 1.994561 -0.962739
v -0.309375 1.900864 -0.953081
v -0.338021 1.994561 -0.962739
v -0.252084 2.141547 -0.931993
v -0.252084 2.134265 -0.938273
v -0.252084 2.125187 -0.943986
v -0.252084 2.101527 -0.953450
v -0.252084 2.070564 -0.959902
v -0.252084 1.994561 -0.962739
v -0.252084 1.900864 -0.953081
v -0.194792 1.994561 -0.962739
v -0.151989 1.978025 -0.743931
v -0.254361 2.159690 -0.894573
v -0.151989 1.915892 -0.893935
v -0.151989 2.004586 -0.679807
v -0.151989 1.933631 -0.851109
v -0.170829 2.017072 -0.885672
v -0.196028 2.082665 -0.912841
v -0.212284 2.109708 -0.924043
v -0.229150 2.128552 -0.931848
v -0.237630 2.134935 -0.934492
v -0.246054 2.157110 -0.893504
v -0.237630 2.152674 -0.891667
v -0.229150 2.146291 -0.889023
v -0.212284 2.127447 -0.881217
v -0.196028 2.100404 -0.870016
v -0.170829 2.034811 -0.842846
v -0.151989 1.951370 -0.808284
v -0.170829 1.999333 -0.928498
v -0.196028 2.064926 -0.955667
v -0.237630 2.170413 -0.848841
v -0.229150 2.164030 -0.846197
v -0.212284 2.145186 -0.838392
v -0.196028 2.118143 -0.827190
v -0.170829 2.052550 -0.800021
v -0.151989 1.969109 -0.765458
v -0.212284 2.154163 -0.816718
v -0.196028 2.127107 -0.805549
v -0.170829 2.061490 -0.778437
v -0.151989 1.986847 -0.722632
v -0.170829 2.070289 -0.757195
v -0.196028 2.135882 -0.784364
v -1.737500 -2.170091 -0.871821
v -1.737500 -2.150956 -0.918015
v -1.737230 -2.150848 -0.918275
v -1.729621 -2.147014 -0.925326
v -1.722199 -2.141826 -0.931705
v -1.708313 -2.128188 -0.942285
v -1.695911 -2.111430 -0.950168
v -1.684869 -2.092528 -0.955833
v -1.664526 -2.046068 -0.962342
v -1.646726 -1.988781 -0.962479
v -1.621511 -1.851636 -0.944225
v -1.612501 -1.698322 -0.904029
v -1.621511 -1.976973 -0.641636
v -1.646726 -2.086856 -0.725705
v -1.664526 -2.127267 -0.766310
v -1.684869 -2.155516 -0.803765
v -1.695911 -2.164877 -0.821136
v -1.708313 -2.171152 -0.838560
v -1.722199 -2.173315 -0.855685
v -1.729621 -2.172472 -0.863863
v -1.737230 -2.170198 -0.871560
v -1.627788 -1.898386 -0.949401
v -1.627788 -1.920560 -0.895869
v -1.729737 -2.159766 -0.894604
v -1.721820 -2.157422 -0.893633
v -1.713791 -2.153396 -0.891966
v -1.705703 -2.147608 -0.889568
v -1.689576 -2.130520 -0.882490
v -1.673931 -2.105957 -0.872316
v -1.647606 -2.040708 -0.845289
v -1.627788 -1.956037 -0.810217
v -1.627788 -1.991515 -0.724566
v -1.647606 -2.076186 -0.759638
v -1.673931 -2.141435 -0.786665
v -1.713791 -2.135657 -0.934792
v -1.705703 -2.129869 -0.932394
v -1.689576 -2.112781 -0.925316
v -1.673931 -2.088218 -0.915142
v -1.647606 -2.022969 -0.888115
v -1.627788 -1.938299 -0.853043
v -1.673931 -2.070479 -0.957967
v -1.647606 -2.005230 -0.930940
v -1.627788 -1.911690 -0.917281
v -1.647606 -1.996361 -0.952353
v -1.627788 -1.902821 -0.938694
v -1.737770 -2.150848 -0.918275
v -1.745379 -2.147014 -0.925326
v -1.752801 -2.141826 -0.931705
v -1.766687 -2.128188 -0.942285
v -1.779089 -2.111430 -0.950168
v -1.790131 -2.092528 -0.955833
v -1.810474 -2.046068 -0.962342
v -1.828274 -1.988781 -0.962479
v -1.853489 -1.851636 -0.944225
v -1.862500 -1.698322 -0.904029
v -1.737500 -1.698322 -0.904029
v -1.747917 -1.898724 -0.952744
v -1.690625 -1.898724 -0.952744
v -1.747917 -1.991773 -0.962620
v -1.690625 -1.991773 -0.962620
v -1.747917 -2.067762 -0.960278
v -1.747917 -2.141288 -0.932256
v -1.747917 -2.133768 -0.938635
v -1.747917 -2.124377 -0.944420
v -1.747917 -2.099862 -0.953929
v -1.690625 -2.067762 -0.960278
v -1.690625 -2.099862 -0.953929
v -1.633333 -1.898724 -0.952744
v -1.853489 -1.976973 -0.641636
v -1.828274 -2.086856 -0.725705
v -1.810474 -2.127267 -0.766310
v -1.790131 -2.155516 -0.803765
v -1.779089 -2.164877 -0.821136
v -1.766687 -2.171152 -0.838560
v -1.752801 -2.173315 -0.855685
v -1.745379 -2.172472 -0.863863
v -1.737770 -2.170198 -0.871560
v -1.661979 -2.018044 -0.670184
v -1.805208 -2.018044 -0.670184
v -1.747916 -2.018044 -0.670184
v -1.747916 -2.091126 -0.729608
v -1.747916 -2.142863 -0.785356
v -1.747916 -2.160195 -0.811813
v -1.747916 -2.170234 -0.835235
v -1.747916 -2.172612 -0.845694
v -1.747916 -2.173321 -0.855284
v -1.690625 -2.160195 -0.811813
v -1.690625 -2.142863 -0.785356
v -1.690625 -2.091126 -0.729608
v -1.690625 -2.018044 -0.670184
v -1.661979 -2.091126 -0.729608
v -1.647656 -2.018044 -0.670184
v -1.633333 -2.018044 -0.670184
v -1.805208 -2.091126 -0.729608
v -1.862500 -1.767875 -0.732278
v -1.862500 -1.696919 -0.903580
v -1.848011 -1.986847 -0.722632
v -1.829171 -2.070289 -0.757195
v -1.803972 -2.135882 -0.784364
v -1.848011 -1.933631 -0.851109
v -1.829171 -2.017072 -0.885672
v -1.803972 -2.082665 -0.912841
v -1.787716 -2.109708 -0.924043
v -1.770850 -2.128552 -0.931848
v -1.762370 -2.134935 -0.934492
v -1.745639 -2.159690 -0.894573
v -1.753946 -2.157110 -0.893504
v -1.762370 -2.152674 -0.891667
v -1.770850 -2.146291 -0.889023
v -1.787716 -2.127447 -0.881217
v -1.803972 -2.100404 -0.870016
v -1.829171 -2.034811 -0.842846
v -1.848011 -1.951370 -0.808284
v -1.829171 -1.999333 -0.928498
v -1.803972 -2.073701 -0.934482
v -1.848011 -1.924714 -0.872636
v -1.848011 -1.915892 -0.893935
v -1.848011 -1.898153 -0.936761
v -1.787716 -2.100730 -0.945717
v -1.829171 -2.008132 -0.907256
v -1.803972 -2.064926 -0.955667
v -1.762370 -2.170413 -0.848841
v -1.770850 -2.164030 -0.846197
v -1.787716 -2.145186 -0.838392
v -1.803972 -2.118143 -0.827190
v -1.829171 -2.052550 -0.800021
v -1.848011 -1.969109 -0.765458
v -0.262500 -2.150956 -0.918015
v -0.262500 -2.170091 -0.871821
v -0.262770 -2.170198 -0.871560
v -0.270379 -2.172472 -0.863863
v -0.277801 -2.173315 -0.855685
v -0.291687 -2.171152 -0.838560
v -0.304089 -2.164877 -0.821136
v -0.315131 -2.155516 -0.803765
v -0.335474 -2.127267 -0.766310
v -0.353274 -2.086856 -0.725705
v -0.378489 -1.976973 -0.641636
v -0.387500 -1.840140 -0.561650
v -0.387500 -1.838831 -0.560975
v -0.387500 -1.767875 -0.732278
v -0.378489 -1.851636 -0.944225
v -0.353274 -1.988781 -0.962479
v -0.335474 -2.046068 -0.962342
v -0.315131 -2.092528 -0.955833
v -0.304089 -2.111430 -0.950168
v -0.291687 -2.128188 -0.942285
v -0.277801 -2.141826 -0.931705
v -0.270379 -2.147014 -0.925326
v -0.262770 -2.150848 -0.918275
v -0.372212 -1.902821 -0.938694
v -0.372212 -1.920560 -0.895869
v -0.372212 -1.898386 -0.949401
v -0.372212 -1.991515 -0.724566
v -0.270263 -2.159766 -0.894604
v -0.278180 -2.157422 -0.893633
v -0.286209 -2.153396 -0.891966
v -0.294297 -2.147608 -0.889568
v -0.310424 -2.130520 -0.882490
v -0.326069 -2.105957 -0.872316
v -0.352394 -2.040708 -0.845289
v -0.372212 -1.956037 -0.810217
v -0.372212 -1.938299 -0.853043
v -0.352394 -2.022969 -0.888115
v -0.326069 -2.088218 -0.915142
v -0.310424 -2.112781 -0.925316
v -0.294297 -2.129869 -0.932394
v -0.286209 -2.135657 -0.934792
v -0.326069 -2.141435 -0.786665
v -0.352394 -2.076186 -0.759638
v -0.352394 -1.996361 -0.952353
v -0.372212 -1.911690 -0.917281
v -0.352394 -2.005230 -0.930940
v -0.326069 -2.070479 -0.957967
v -0.146511 -1.851636 -0.944225
v -0.171726 -1.988781 -0.962479
v -0.189526 -2.046068 -0.962342
v -0.209869 -2.092528 -0.955833
v -0.220911 -2.111430 -0.950168
v -0.233313 -2.128188 -0.942285
v -0.247199 -2.141826 -0.931705
v -0.254621 -2.147014 -0.925326
v -0.262230 -2.150848 -0.918275
v -0.309375 -1.898724 -0.952744
v -0.252083 -2.141288 -0.932256
v -0.252083 -2.133768 -0.938635
v -0.252083 -2.124377 -0.944420
v -0.252083 -2.099862 -0.953929
v -0.252083 -2.067762 -0.960278
v -0.252083 -1.991773 -0.962620
v -0.252083 -1.898724 -0.952744
v -0.309375 -2.067762 -0.960278
v -0.309375 -1.991773 -0.962620
v -0.309375 -2.099862 -0.953929
v -0.366667 -1.898724 -0.952744
v -0.262230 -2.170198 -0.871560
v -0.254621 -2.172472 -0.863863
v -0.247199 -2.173315 -0.855685
v -0.233313 -2.171152 -0.838560
v -0.220911 -2.164877 -0.821136
v -0.209869 -2.155516 -0.803765
v -0.189526 -2.127267 -0.766310
v -0.171726 -2.086856 -0.725705
v -0.146511 -1.976973 -0.641636
v -0.137501 -1.840140 -0.561650
v -0.262500 -1.840140 -0.561650
v -0.194792 -2.018044 -0.670184
v -0.338021 -2.018044 -0.670184
v -0.352344 -2.018044 -0.670184
v -0.366667 -2.018044 -0.670184
v -0.309375 -2.160195 -0.811813
v -0.309375 -2.142863 -0.785356
v -0.309375 -2.091126 -0.729608
v -0.309375 -2.018044 -0.670184
v -0.338021 -2.091126 -0.729608
v -0.252084 -2.173321 -0.855284
v -0.252084 -2.172612 -0.845694
v -0.252084 -2.170234 -0.835235
v -0.252084 -2.160195 -0.811813
v -0.252084 -2.142863 -0.785356
v -0.252084 -2.091126 -0.729608
v -0.252084 -2.018044 -0.670184
v -0.194792 -2.091126 -0.729608
v -0.151989 -1.924714 -0.872636
v -0.254361 -2.159690 -0.894573
v -0.151989 -1.986847 -0.722632
v -0.151989 -1.898153 -0.936761
v -0.151989 -1.969109 -0.765458
v -0.170829 -2.052550 -0.800021
v -0.196028 -2.118143 -0.827190
v -0.212284 -2.145186 -0.838392
v -0.229150 -2.164030 -0.846197
v -0.237630 -2.170413 -0.848841
v -0.246054 -2.157110 -0.893504
v -0.237630 -2.152674 -0.891667
v -0.229150 -2.146291 -0.889023
v -0.212284 -2.127447 -0.881217
v -0.196028 -2.100404 -0.870016
v -0.170829 -2.034811 -0.842846
v -0.151989 -1.951370 -0.808284
v -0.170829 -2.070289 -0.757195
v -0.196028 -2.135882 -0.784364
v -0.237630 -2.134935 -0.934492
v -0.229150 -2.128552 -0.931848
v -0.212284 -2.109708 -0.924043
v -0.196028 -2.082665 -0.912841
v -0.170829 -2.017072 -0.885672
v -0.151989 -1.933631 -0.851109
v -0.212284 -2.100730 -0.945717
v -0.196028 -2.073701 -0.934482
v -0.170829 -2.008132 -0.907256
v -0.151989 -1.915892 -0.893935
v -0.170829 -1.999333 -0.928498
v -0.196028 -2.064926 -0.955667
v -1.737500 -0.918015 -2.150956
v -1.737500 -0.871821 -2.170091
v -1.737230 -0.871560 -2.170198
v -1.729621 -0.863863 -2.172472
v -1.722199 -0.855685 -2.173315
v -1.708313 -0.838560 -2.171152
v -1.695911 -0.821136 -2.164877
v -1.684869 -0.803765 -2.155516
v -1.664526 -0.766310 -2.127267
v -1.646726 -0.725705 -2.086856
v -1.621511 -0.641636 -1.976973
v -1.612501 -0.561650 -1.840140
v -1.621511 -0.944225 -1.851636
v -1.646726 -0.962479 -1.988781
v -1.664526 -0.962342 -2.046068
v -1.684869 -0.955833 -2.092528
v -1.695911 -0.950168 -2.111430
v -1.708313 -0.942285 -2.128188
v -1.722199 -0.931705 -2.141826
v -1.729621 -0.925326 -2.147014
v -1.737230 -0.918275 -2.150848
v -1.627788 -0.671034 -2.013689
v -1.627788 -0.724566 -1.991515
v -1.729737 -0.894604 -2.159766
v -1.721820 -0.893633 -2.157422
v -1.713791 -0.891966 -2.153396
v -1.705703 -0.889568 -2.147608
v -1.689576 -0.882490 -2.130520
v -1.673931 -0.872316 -2.105957
v -1.647606 -0.845289 -2.040708
v -1.627788 -0.810217 -1.956037
v -1.627788 -0.895869 -1.920560
v -1.647606 -0.930940 -2.005230
v -1.673931 -0.957967 -2.070479
v -1.713791 -0.849140 -2.171135
v -1.705703 -0.846743 -2.165347
v -1.689576 -0.839665 -2.148259
v -1.673931 -0.829490 -2.123696
v -1.647606 -0.802463 -2.058447
v -1.627788 -0.767392 -1.973776
v -1.673931 -0.786665 -2.141435
v -1.647606 -0.759638 -2.076186
v -1.627788 -0.703153 -2.000385
v -1.647606 -0.738225 -2.085056
v -1.627788 -0.681740 -2.009254
v -1.737770 -0.871560 -2.170198
v -1.745379 -0.863863 -2.172472
v -1.752801 -0.855685 -2.173315
v -1.766687 -0.838560 -2.171152
v -1.779089 -0.821136 -2.164877
v -1.790131 -0.803765 -2.155516
v -1.810474 -0.766310 -2.127267
v -1.828274 -0.725705 -2.086856
v -1.853489 -0.641636 -1.976973
v -1.862500 -0.561650 -1.840140
v -1.737500 -0.561650 -1.840140
v -1.747917 -0.668909 -2.016293
v -1.690625 -0.668909 -2.016293
v -1.747917 -0.727721 -2.089071
v -1.690625 -0.727721 -2.089071
v -1.747917 -0.783109 -2.141148
v -1.747917 -0.854915 -2.173324
v -1.747917 -0.845087 -2.172517
v -1.747917 -0.834356 -2.169967
v -1.747917 -0.810297 -2.159357
v -1.690625 -0.783109 -2.141148
v -1.690625 -0.810297 -2.159357
v -1.633333 -0.668909 -2.016293
v -1.853489 -0.944225 -1.851636
v -1.828274 -0.962479 -1.988781
v -1.810474 -0.962342 -2.046068
v -1.790131 -0.955833 -2.092528
v -1.779089 -0.950168 -2.111430
v -1.766687 -0.942285 -2.128188
v -1.752801 -0.931705 -2.141826
v -1.745379 -0.925326 -2.147014
v -1.737770 -0.918275 -2.150848
v -1.661979 -0.953081 -1.900864
v -1.805208 -0.953081 -1.900864
v -1.747916 -0.953081 -1.900864
v -1.747916 -0.962739 -1.994561
v -1.747916 -0.959902 -2.070564
v -1.747916 -0.953450 -2.101527
v -1.747916 -0.943986 -2.125187
v -1.747916 -0.938273 -2.134265
v -1.747916 -0.931993 -2.141547
v -1.690625 -0.953450 -2.101527
v -1.690625 -0.959902 -2.070564
v -1.690625 -0.962739 -1.994561
v -1.690625 -0.953081 -1.900864
v -1.661979 -0.962739 -1.994561
v -1.647656 -0.953081 -1.900864
v -1.633333 -0.953081 -1.900864
v -1.805208 -0.962739 -1.994561
v -1.862500 -0.732278 -1.767875
v -1.862500 -0.560975 -1.838831
v -1.848011 -0.893935 -1.915892
v -1.829171 -0.928498 -1.999333
v -1.803972 -0.955667 -2.064926
v -1.848011 -0.765458 -1.969109
v -1.829171 -0.800021 -2.052550
v -1.803972 -0.827190 -2.118143
v -1.787716 -0.838392 -2.145186
v -1.770850 -0.846197 -2.164030
v -1.762370 -0.848841 -2.170413
v -1.745639 -0.894573 -2.159690
v -1.753946 -0.893504 -2.157110
v -1.762370 -0.891667 -2.152674
v -1.770850 -0.889023 -2.146291
v -1.787716 -0.881217 -2.127447
v -1.803972 -0.870016 -2.100404
v -1.829171 -0.842846 -2.034811
v -1.848011 -0.808284 -1.951370
v -1.829171 -0.757195 -2.070289
v -1.803972 -0.805549 -2.127107
v -1.848011 -0.743931 -1.978025
v -1.848011 -0.722632 -1.986847
v -1.848011 -0.679807 -2.004586
v -1.787716 -0.816718 -2.154163
v -1.829171 -0.778437 -2.061490
v -1.803972 -0.784364 -2.135882
v -1.762370 -0.934492 -2.134935
v -1.770850 -0.931848 -2.128552
v -1.787716 -0.924043 -2.109708
v -1.803972 -0.912841 -2.082665
v -1.829171 -0.885672 -2.017072
v -1.848011 -0.851109 -1.933631
v -0.262500 0.871821 2.170091
v -0.262500 0.918015 2.150956
v -0.262770 0.918275 2.150848
v -0.270379 0.925326 2.147014
v -0.277801 0.931705 2.141826
v -0.291687 0.942285 2.128188
v -0.304089 0.950168 2.111430
v -0.315131 0.955833 2.092528
v -0.335474 0.962342 2.046068
v -0.353274 0.962479 1.988781
v -0.378489 0.944225 1.851636
v -0.387500 0.904029 1.698322
v -0.387500 0.903580 1.696919
v -0.387500 0.732278 1.767875
v -0.378489 0.641636 1.976973
v -0.353274 0.725705 2.086856
v -0.335474 0.766310 2.127267
v -0.315131 0.803765 2.155516
v -0.304089 0.821136 2.164877
v -0.291687 0.838560 2.171152
v -0.277801 0.855685 2.173315
v -0.270379 0.863863 2.172472
v -0.262770 0.871560 2.170198
v -0.372212 0.681740 2.009254
v -0.372212 0.724566 1.991515
v -0.372212 0.671034 2.013689
v -0.372212 0.895869 1.920560
v -0.270263 0.894604 2.159766
v -0.278180 0.893633 2.157422
v -0.286209 0.891966 2.153396
v -0.294297 0.889568 2.147608
v -0.310424 0.882490 2.130520
v -0.326069 0.872316 2.105957
v -0.352394 0.845289 2.040708
v -0.372212 0.810217 1.956037
v -0.372212 0.767392 1.973776
v -0.352394 0.802463 2.058447
v -0.326069 0.829490 2.123696
v -0.310424 0.839665 2.148259
v -0.294297 0.846743 2.165347
v -0.286209 0.849140 2.171135
v -0.326069 0.957967 2.070479
v -0.352394 0.930940 2.005230
v -0.352394 0.738225 2.085056
v -0.372212 0.703153 2.000385
v -0.352394 0.759638 2.076186
v -0.326069 0.786665 2.141435
v -0.146511 0.641636 1.976973
v -0.171726 0.725705 2.086856
v -0.189526 0.766310 2.127267
v -0.209869 0.803765 2.155516
v -0.220911 0.821136 2.164877
v -0.233313 0.838560 2.171152
v -0.247199 0.855685 2.173315
v -0.254621 0.863863 2.172472
v -0.262230 0.871560 2.170198
v -0.309375 0.668909 2.016293
v -0.252083 0.854915 2.173324
v -0.252083 0.845087 2.172517
v -0.252083 0.834356 2.169967
v -0.252083 0.810297 2.159357
v -0.252083 0.783109 2.141148
v -0.252083 0.727721 2.089071
v -0.252083 0.668909 2.016293
v -0.309375 0.783109 2.141148
v -0.309375 0.727721 2.089071
v -0.309375 0.810297 2.159357
v -0.366667 0.668909 2.016293
v -0.262230 0.918275 2.150848
v -0.254621 0.925326 2.147014
v -0.247199 0.931705 2.141826
v -0.233313 0.942285 2.128188
v -0.220911 0.950168 2.111430
v -0.209869 0.955833 2.092528
v -0.189526 0.962342 2.046068
v -0.171726 0.962479 1.988781
v -0.146511 0.944225 1.851636
v -0.137501 0.904029 1.698322
v -0.262500 0.904029 1.698322
v -0.194792 0.953081 1.900864
v -0.338021 0.953081 1.900864
v -0.352344 0.953081 1.900864
v -0.366667 0.953081 1.900864
v -0.309375 0.953450 2.101527
v -0.309375 0.959902 2.070564
v -0.309375 0.962739 1.994561
v -0.309375 0.953081 1.900864
v -0.338021 0.962739 1.994561
v -0.252084 0.931993 2.141547
v -0.252084 0.938273 2.134265
v -0.252084 0.943986 2.125187
v -0.252084 0.953450 2.101527
v -0.252084 0.959902 2.070564
v -0.252084 0.962739 1.994561
v -0.252084 0.953081 1.900864
v -0.194792 0.962739 1.994561
v -0.151989 0.743931 1.978025
v -0.254361 0.894573 2.159690
v -0.151989 0.893935 1.915892
v -0.151989 0.679807 2.004586
v -0.151989 0.851109 1.933631
v -0.170829 0.885672 2.017072
v -0.196028 0.912841 2.082665
v -0.212284 0.924043 2.109708
v -0.229150 0.931848 2.128552
v -0.237630 0.934492 2.134935
v -0.246054 0.893504 2.157110
v -0.237630 0.891667 2.152674
v -0.229150 0.889023 2.146291
v -0.212284 0.881217 2.127447
v -0.196028 0.870016 2.100404
v -0.170829 0.842846 2.034811
v -0.151989 0.808284 1.951370
v -0.170829 0.928498 1.999333
v -0.196028 0.955667 2.064926
v -0.237630 0.848841 2.170413
v -0.229150 0.846197 2.164030
v -0.212284 0.838392 2.145186
v -0.196028 0.827190 2.118143
v -0.170829 0.800021 2.052550
v -0.151989 0.765458 1.969109
v -0.212284 0.816718 2.154163
v -0.196028 0.805549 2.127107
v -0.170829 0.778437 2.061490
v -0.151989 0.722632 1.986847
v -0.170829 0.757195 2.070289
v -0.196028 0.784364 2.135882
v -0.262500 -2.170091 0.871821
v -0.262500 -2.150956 0.918015
v -0.262770 -2.150848 0.918275
v -0.270379 -2.147014 0.925326
v -0.277801 -2.141826 0.931705
v -0.291687 -2.128188 0.942285
v -0.304089 -2.111430 0.950168
v -0.315131 -2.092528 0.955833
v -0.335474 -2.046068 0.962342
v -0.353274 -1.988781 0.962479
v -0.378489 -1.851636 0.944225
v -0.387500 -1.698322 0.904029
v -0.387500 -1.696919 0.903580
v -0.387500 -1.767875 0.732278
v -0.378489 -1.976973 0.641636
v -0.353274 -2.086856 0.725705
v -0.335474 -2.127267 0.766310
v -0.315131 -2.155516 0.803765
v -0.304089 -2.164877 0.821136
v -0.291687 -2.171152 0.838560
v -0.277801 -2.173315 0.855685
v -0.270379 -2.172472 0.863863
v -0.262770 -2.170198 0.871560
v -0.372212 -2.009254 0.681740
v -0.372212 -1.991515 0.724566
v -0.372212 -2.013689 0.671034
v -0.372212 -1.920560 0.895869
v -0.270263 -2.159766 0.894604
v -0.278180 -2.157422 0.893633
v -0.286209 -2.153396 0.891966
v -0.294297 -2.147608 0.889568
v -0.310424 -2.130520 0.882490
v -0.326069 -2.105957 0.872316
v -0.352394 -2.040708 0.845289
v -0.372212 -1.956037 0.810217
v -0.372212 -1.973776 0.767392
v -0.352394 -2.058447 0.802463
v -0.326069 -2.123696 0.829490
v -0.310424 -2.148259 0.839665
v -0.294297 -2.165347 0.846743
v -0.286209 -2.171135 0.849140
v -0.326069 -2.070479 0.957967
v -0.352394 -2.005230 0.930940
v -0.352394 -2.085056 0.738225
v -0.372212 -2.000385 0.703153
v -0.352394 -2.076186 0.759638
v -0.326069 -2.141435 0.786665
v -0.146511 -1.976973 0.641636
v -0.171726 -2.086856 0.725705
v -0.189526 -2.127267 0.766310
v -0.209869 -2.155516 0.803765
v -0.220911 -2.164877 0.821136
v -0.233313 -2.171152 0.838560
v -0.247199 -2.173315 0.855685
v -0.254621 -2.172472 0.863863
v -0.262230 -2.170198 0.871560
v -0.309375 -2.016293 0.668909
v -0.252083 -2.173324 0.854915
v -0.252083 -2.172517 0.845087
v -0.252083 -2.169967 0.834356
v -0.252083 -2.159357 0.810297
v -0.252083 -2.141148 0.783109
v -0.252083 -2.089071 0.727721
v -0.252083 -2.016293 0.668909
v -0.309375 -2.141148 0.783109
v -0.309375 -2.089071 0.727721
v -0.309375 -2.159357 0.810297
v -0.366667 -2.016293 0.668909
v -0.262230 -2.150848 0.918275
v -0.254621 -2.147014 0.925326
v -0.247199 -2.141826 0.931705
v -0.233313 -2.128188 0.942285
v -0.220911 -2.111430 0.950168
v -0.209869 -2.092528 0.955833
v -0.189526 -2.046068 0.962342
v -0.171726 -1.988781 0.962479
v -0.146511 -1.851636 0.944225
v -0.137501 -1.698322 0.904029
v -0.262500 -1.698322 0.904029
v -0.194792 -1.900864 0.953081
v -0.338021 -1.900864 0.953081
v -0.352344 -1.900864 0.953081
v -0.366667 -1.900864 0.953081
v -0.309375 -2.101527 0.953450
v -0.309375 -2.070564 0.959902
v -0.309375 -1.994561 0.962739
v -0.309375 -1.900864 0.953081
v -0.338021 -1.994561 0.962739
v -0.252084 -2.141547 0.931993
v -0.252084 -2.134265 0.938273
v -0.252084 -2.125187 0.943986
v -0.252084 -2.101527 0.953450
v -0.252084 -2.070564 0.959902
v -0.252084 -1.994561 0.962739
v -0.252084 -1.900864 0.953081
v -0.194792 -1.994561 0.962739
v -0.151989 -1.978025 0.743931
v -0.254361 -2.159690 0.894573
v -0.151989 -1.915892 0.893935
v -0.151989 -2.004586 0.679807
v -0.151989 -1.933631 0.851109
v -0.170829 -2.017072 0.885672
v -0.196028 -2.082665 0.912841
v -0.212284 -2.109708 0.924043
v -0.229150 -2.128552 0.931848
v -0.237630 -2.134935 0.934492
v -0.246054 -2.157110 0.893504
v -0.237630 -2.152674 0.891667
v -0.229150 -2.146291 0.889023
v -0.212284 -2.127447 0.881217
v -0.196028 -2.100404 0.870016
v -0.170829 -2.034811 0.842846
v -0.151989 -1.951370 0.808284
v -0.170829 -1.999333 0.928498
v -0.196028 -2.064926 0.955667
v -0.237630 -2.170413 0.848841
v -0.229150 -2.164030 0.846197
v -0.212284 -2.145186 0.838392
v -0.196028 -2.118143 0.827190
v -0.170829 -2.052550 0.800021
v -0.151989 -1.969109 0.765458
v -0.212284 -2.154163 0.816718
v -0.196028 -2.127107 0.805549
v -0.170829 -2.061490 0.778437
v -0.151989 -1.986847 0.722632
v -0.170829 -2.070289 0.757195
v -0.196028 -2.135882 0.784364
v -1.737500 0.918015 2.150956
v -1.737500 0.871821 2.170091
v -1.737230 0.871560 2.170198
v -1.729621 0.863863 2.172472
v -1.722199 0.855685 2.173315
v -1.708313 0.838560 2.171152
v -1.695911 0.821136 2.164877
v -1.684869 0.803765 2.155516
v -1.664526 0.766310 2.127267
v -1.646726 0.725705 2.086856
v -1.621511 0.641636 1.976973
v -1.612501 0.561650 1.840140
v -1.621511 0.944225 1.851636
v -1.646726 0.962479 1.988781
v -1.664526 0.962342 2.046068
v -1.684869 0.955833 2.092528
v -1.695911 0.950168 2.111430
v -1.708313 0.942285 2.128188
v -1.722199 0.931705 2.141826
v -1.729621 0.925326 2.147014
v -1.737230 0.918275 2.150848
v -1.627788 0.671034 2.013689
v -1.627788 0.724566 1.991515
v -1.729737 0.894604 2.159766
v -1.721820 0.893633 2.157422
v -1.713791 0.891966 2.153396
v -1.705703 0.889568 2.147608
v -1.689576 0.882490 2.130520
v -1.673931 0.872316 2.105957
v -1.647606 0.845289 2.040708
v -1.627788 0.810217 1.956037
v -1.627788 0.895869 1.920560
v -1.647606 0.930940 2.005230
v -1.673931 0.957967 2.070479
v -1.713791 0.849140 2.171135
v -1.705703 0.846743 2.165347
v -1.689576 0.839665 2.148259
v -1.673931 0.829490 2.123696
v -1.647606 0.802463 2.058447
v -1.627788 0.767392 1.973776
v -1.673931 0.786665 2.141435
v -1.647606 0.759638 2.076186
v -1.627788 0.703153 2.000385
v -1.647606 0.738225 2.085056
v -1.627788 0.681740 2.009254
v -1.737770 0.871560 2.170198
v -1.745379 0.863863 2.172472
v -1.752801 0.855685 2.173315
v -1.766687 0.838560 2.171152
v -1.779089 0.821136 2.164877
v -1.790131 0.803765 2.155516
v -1.810474 0.766310 2.127267
v -1.828274 0.725705 2.086856
v -1.853489 0.641636 1.976973
v -1.862500 0.561650 1.840140
v -1.737500 0.561650 1.840140
v -1.747917 0.668909 2.016293
v -1.690625 0.668909 2.016293
v -1.747917 0.727721 2.089071
v -1.690625 0.727721 2.089071
v -1.747917 0.783109 2.141148
v -1.747917 0.854915 2.173324
v -1.747917 0.845087 2.172517
v -1.747917 0.834356 2.169967
v -1.747917 0.810297 2.159357
v -1.690625 0.783109 2.141148
v -1.690625 0.810297 2.159357
v -1.633333 0.668909 2.016293
v -1.853489 0.944225 1.851636
v -1.828274 0.962479 1.988781
v -1.810474 0.962342 2.046068
v -1.790131 0.955833 2.092528
v -1.779089 0.950168 2.111430
v -1.766687 0.942285 2.128188
v -1.752801 0.931705 2.141826
v -1.745379 0.925326 2.147014
v -1.737770 0.918275 2.150848
v -1.661979 0.953081 1.900864
v -1.805208 0.953081 1.900864
v -1.747916 0.953081 1.900864
v -1.747916 0.962739 1.994561
v -1.747916 0.959902 2.070564
v -1.747916 0.953450 2.101527
v -1.747916 0.943986 2.125187
v -1.747916 0.938273 2.134265
v -1.747916 0.931993 2.141547
v -1.690625 0.953450 2.101527
v -1.690625 0.959902 2.070564
v -1.690625 0.962739 1.994561
v -1.690625 0.953081 1.900864
v -1.661979 0.962739 1.994561
v -1.647656 0.953081 1.900864
v -1.633333 0.953081 1.900864
v -1.805208 0.962739 1.994561
v -1.862500 0.732278 1.767875
v -1.862500 0.560975 1.838831
v -1.848011 0.893935 1.915892
v -1.829171 0.928498 1.999333
v -1.803972 0.955667 2.064926
v -1.848011 0.765458 1.969109
v -1.829171 0.800021 2.052550
v -1.803972 0.827190 2.118143
v -1.787716 0.838392 2.145186
v -1.770850 0.846197 2.164030
v -1.762370 0.848841 2.170413
v -1.745639 0.894573 2.159690
v -1.753946 0.893504 2.157110
v -1.762370 0.891667 2.152674
v -1.770850 0.889023 2.146291
v -1.787716 0.881217 2.127447
v -1.803972 0.870016 2.100404
v -1.829171 0.842846 2.034811
v -1.848011 0.808284 1.951370
v -1.829171 0.757195 2.070289
v -1.803972 0.805549 2.127107
v -1.848011 0.743931 1.978025
v -1.848011 0.722632 1.986847
v -1.848011 0.679807 2.004586
v -1.787716 0.816718 2.154163
v -1.829171 0.778437 2.061490
v -1.803972 0.784364 2.135882
v -1.762370 0.934492 2.134935
v -1.770850 0.931848 2.128552
v -1.787716 0.924043 2.109708
v -1.803972 0.912841 2.082665
v -1.829171 0.885672 2.017072
v -1.848011 0.851109 1.933631
v -1.265000 0.000000 1.455000
v -1.265000 -0.283856 1.427043
v -1.265000 -0.556804 1.344245
v -1.265000 -0.808355 1.209788
v -1.265000 -1.028840 1.028840
v -1.265000 -1.209788 0.808355
v -1.265000 -1.344245 0.556804
v -1.265000 -1.427043 0.283856
v -1.265000 -1.455000 -0.000000
v -1.265000 -1.427043 -0.283856
v -1.265000 -1.344245 -0.556804
v -1.265000 -1.209788 -0.808355
v -1.265000 -1.028840 -1.028840
v -1.265000 -0.808355 -1.209788
v -1.265000 -0.556804 -1.344245
v -1.265000 -0.283856 -1.427043
v -1.265000 0.000000 -1.455000
v -1.265000 0.283856 -1.427043
v -1.265000 0.556804 -1.344245
v -1.265000 0.808355 -1.209788
v -1.265000 1.028840 -1.028840
v -1.265000 1.209788 -0.808355
v -1.265000 1.344245 -0.556804
v -1.265000 1.427043 -0.283856
v -1.265000 1.455000 0.000000
v -1.265000 1.427043 0.283856
v -1.265000 1.344245 0.556804
v -1.265000 1.209788 0.808355
v -1.265000 1.028840 1.028840
v -1.265000 0.808355 1.209788
v -1.265000 0.556804 1.344245
v -1.265000 0.283856 1.427043
v -0.735000 0.000000 1.455000
v -0.735000 0.283856 1.427043
v -0.735000 0.556804 1.344245
v -0.735000 0.808355 1.209788
v -0.735000 1.028840 1.028840
v -0.735000 1.209788 0.808355
v -0.735000 1.344245 0.556804
v -0.735000 1.427043 0.283856
v -0.735000 1.455000 0.000000
v -0.735000 1.427043 -0.283856
v -0.735000 1.344245 -0.556804
v -0.735000 1.209788 -0.808355
v -0.735000 1.028840 -1.028840
v -0.735000 0.808355 -1.209788
v -0.735000 0.556804 -1.344245
v -0.735000 0.283856 -1.427043
v -0.735000 0.000000 -1.455000
v -0.735000 -0.283856 -1.427043
v -0.735000 -0.556804 -1.344245
v -0.735000 -0.808355 -1.209788
v -0.735000 -1.028840 -1.028840
v -0.735000 -1.209788 -0.808355
v -0.735000 -1.344245 -0.556804
v -0.735000 -1.427043 -0.283856
v -0.735000 -1.455000 -0.000000
v -0.735000 -1.427043 0.283856
v -0.735000 -1.344245 0.556804
v -0.735000 -1.209788 0.808355
v -0.735000 -1.028840 1.028840
v -0.735000 -0.808355 1.209788
v -0.735000 -0.556804 1.344245
v -0.735000 -0.283856 1.427043
v 0.000000 -1.250000 -0.000000
v 0.000000 -1.222685 0.259890
v 0.000000 -1.141932 0.508421
v 0.000000 -1.011271 0.734732
v 0.000000 -0.836413 0.928931
v 0.000000 -0.625000 1.082532
v 0.000000 -0.386271 1.188821
v 0.000000 -0.130661 1.243152
v 0.000000 0.130661 1.243152
v 0.000000 0.386271 1.188821
v 0.000000 0.625000 1.082532
v 0.000000 0.836413 0.928931
v 0.000000 1.011271 0.734732
v 0.000000 1.141932 0.508421
v 0.000000 1.222685 0.259890
v 0.000000 1.250000 0.000000
v 0.000000 1.222685 -0.259890
v 0.000000 1.141932 -0.508421
v 0.000000 1.011271 -0.734732
v 0.000000 0.836413 -0.928931
v 0.000000 0.625000 -1.082532
v 0.000000 0.386271 -1.188821
v 0.000000 0.130661 -1.243152
v 0.000000 -0.130661 -1.243152
v 0.000000 -0.386271 -1.188821
v 0.000000 -0.625000 -1.082532
v 0.000000 -0.836413 -0.928931
v 0.000000 -1.011271 -0.734732
v 0.000000 -1.141932 -0.508421
v 0.000000 -1.222685 -0.259890
vt 0.314159 -0.545576 0.000000
vt 0.287979 -0.545576 0.000000
vt 0.314159 -0.654691 0.000000
vt 0.287979 -0.654691 0.000000
vt 0.314159 -0.763806 0.000000
vt 0.287979 -0.763806 0.000000
vt 0.314159 -0.872922 0.000000
vt 0.287979 -0.872922 0.000000
vt 0.314159 -0.982037 0.000000
vt 0.287979 -0.982037 0.000000
vt 0.314159 -1.091152 0.000000
vt 0.287979 -1.091152 0.000000
vt 0.314159 -1.200267 0.000000
vt 0.287979 -1.200267 0.000000
vt 0.314159 -1.309382 0.000000
vt 0.287979 -1.309382 0.000000
vt 0.314159 1.309382 0.000000
vt 0.287979 1.309382 0.000000
vt 0.314159 1.200267 0.000000
vt 0.287979 1.200267 0.000000
vt 0.314159 1.091152 0.000000
vt 0.287979 1.091152 0.000000
vt 0.314159 0.982037 0.000000
vt 0.287979 0.982037 0.000000
vt 0.314159 0.872922 0.000000
vt 0.287979 0.872922 0.000000
vt 0.314159 0.763806 0.000000
vt 0.287979 0.763806 0.000000
vt 0.314159 0.654691 0.000000
vt 0.287979 0.654691 0.000000
vt 0.314159 0.545576 0.000000
vt 0.287979 0.545576 0.000000
vt 0.314159 0.436461 0.000000
vt 0.287979 0.436461 0.000000
vt 0.314159 0.327346 0.000000
vt 0.287979 0.327346 0.000000
vt 0.314159 0.218230 0.000000
vt 0.287979 0.218230 0.000000
vt 0.314159 0.109115 0.000000
vt 0.287979 0.109115 0.000000
vt 0.314159 0.000000 0.000000
vt 0.287979 0.000000 0.000000
vt 0.314159 -0.109115 0.000000
vt 0.287979 -0.109115 0.000000
vt 0.314159 -0.218230 0.000000
vt 0.287979 -0.218230 0.000000
vt 0.314159 -0.327346 0.000000
vt 0.287979 -0.327346 0.000000
vt 0.314159 -0.436461 0.000000
vt 0.287979 -0.436461 0.000000
vt 0.157080 -0.763806 0.000000
vt 0.183260 -0.763806 0.000000
vt 0.157080 -0.654691 0.000000
vt 0.183260 -0.654691 0.000000
vt 0.157080 -0.545576 0.000000
vt 0.183260 -0.545576 0.000000
vt 0.157080 -0.436461 0.000000
vt 0.183260 -0.436461 0.000000
vt 0.157080 -0.327346 0.000000
vt 0.183260 -0.327346 0.000000
vt 0.157080 -0.218230 0.000000
vt 0.183260 -0.218230 0.000000
vt 0.157080 -0.109115 0.000000
vt 0.183260 -0.109115 0.000000
vt 0.157080 0.000000 0.000000
vt 0.183260 0.000000 0.000000
vt 0.157080 0.109115 0.000000
vt 0.183260 0.109115 0.000000
vt 0.157080 0.218230 0.000000
vt 0.183260 0.218230 0.000000
vt 0.157080 0.327346 0.000000
vt 0.183260 0.327346 0.000000
vt 0.157080 0.436461 0.000000
vt 0.183260 0.436461 0.000000
vt 0.157080 0.545576 0.000000
vt 0.183260 0.545576 0.000000
vt 0.157080 0.654691 0.000000
vt 0.183260 0.654691 0.000000
vt 0.157080 0.763806 0.000000
vt 0.183260 0.763806 0.000000
vt 0.157080 0.872922 0.000000
vt 0.183260 0.872922 0.000000
vt 0.157080 0.982037 0.000000
vt 0.183260 0.982037 0.000000
vt 0.157080 1.091152 0.000000
vt 0.183260 1.091152 0.000000
vt 0.157080 1.200267 0.000000
vt 0.183260 1.200267 0.000000
vt 0.157080 1.309382 0.000000
vt 0.183260 1.309382 0.000000
vt 0.157080 -1.309382 0.000000
vt 0.183260 -1.309382 0.000000
vt 0.157080 -1.200267 0.000000
vt 0.183260 -1.200267 0.000000
vt 0.157080 -1.091152 0.000000
vt 0.183260 -1.091152 0.000000
vt 0.157080 -0.982037 0.000000
vt 0.183260 -0.982037 0.000000
vt 0.157080 -0.872922 0.000000
vt 0.183260 -0.872922 0.000000
vt 0.261799 1.309382 0.000000
vt 0.261799 1.200267 0.000000
vt 0.261799 1.091152 0.000000
vt 0.261799 0.982037 0.000000
vt 0.261799 0.872922 0.000000
vt 0.261799 0.763806 0.000000
vt 0.261799 0.654691 0.000000
vt 0.261799 0.545576 0.000000
vt 0.261799 0.436461 0.000000
vt 0.261799 0.327346 0.000000
vt 0.261799 0.218230 0.000000
vt 0.261799 0.109115 0.000000
vt 0.261799 0.000000 0.000000
vt 0.261799 -0.109115 0.000000
vt 0.261799 -0.218230 0.000000
vt 0.261799 -0.327346 0.000000
vt 0.261799 -0.436461 0.000000
vt 0.261799 -0.545576 0.000000
vt 0.261799 -0.654691 0.000000
vt 0.261799 -0.763806 0.000000
vt 0.261799 -0.872922 0.000000
vt 0.261799 -0.982037 0.000000
vt 0.261799 -1.091152 0.000000
vt 0.261799 -1.200267 0.000000
vt 0.261799 -1.309382 0.000000
vt 0.235619 1.309382 0.000000
vt 0.235619 1.200267 0.000000
vt 0.235619 1.091152 0.000000
vt 0.235619 0.982037 0.000000
vt 0.235619 0.872922 0.000000
vt 0.235619 0.763806 0.000000
vt 0.235619 0.654691 0.000000
vt 0.235619 0.545576 0.000000
vt 0.235619 0.436461 0.000000
vt 0.235619 0.327346 0.000000
vt 0.235619 0.218230 0.000000
vt 0.235619 0.109115 0.000000
vt 0.235619 0.000000 0.000000
vt 0.235619 -0.109115 0.000000
vt 0.235619 -0.218230 0.000000
vt 0.235619 -0.327346 0.000000
vt 0.235619 -0.436461 0.000000
vt 0.235619 -0.545576 0.000000
vt 0.235619 -0.654691 0.000000
vt 0.235619 -0.763806 0.000000
vt 0.235619 -0.872922 0.000000
vt 0.235619 -0.982037 0.000000
vt 0.235619 -1.091152 0.000000
vt 0.235619 -1.200267 0.000000
vt 0.235619 -1.309382 0.000000
vt 0.209440 1.309382 0.000000
vt 0.209440 1.200267 0.000000
vt 0.209440 1.091152 0.000000
vt 0.209440 0.982037 0.000000
vt 0.209440 0.872922 0.000000
vt 0.209440 0.763806 0.000000
vt 0.209440 0.654691 0.000000
vt 0.209440 0.545576 0.000000
vt 0.209440 0.436461 0.000000
vt 0.209440 0.327346 0.000000
vt 0.209440 0.218230 0.000000
vt 0.209440 0.109115 0.000000
vt 0.209440 0.000000 0.000000
vt 0.209440 -0.109115 0.000000
vt 0.209440 -0.218230 0.000000
vt 0.209440 -0.327346 0.000000
vt 0.209440 -0.436461 0.000000
vt 0.209440 -0.545576 0.000000
vt 0.209440 -0.654691 0.000000
vt 0.209440 -0.763806 0.000000
vt 0.209440 -0.872922 0.000000
vt 0.209440 -0.982037 0.000000
vt 0.209440 -1.091152 0.000000
vt 0.209440 -1.200267 0.000000
vt 0.209440 -1.309382 0.000000
vt -0.900000 1.115920 0.000000
vt -0.100000 1.115920 0.000000
vt -0.900000 1.217367 0.000000
vt -0.100000 1.217367 0.000000
vt -0.900000 -1.217367 0.000000
vt -0.100000 -1.217367 0.000000
vt -0.900000 -1.115920 0.000000
vt -0.100000 -1.115920 0.000000
vt -0.900000 -1.014473 0.000000
vt -0.100000 -1.014473 0.000000
vt -0.900000 -0.913025 0.000000
vt -0.100000 -0.913025 0.000000
vt -0.900000 -0.811578 0.000000
vt -0.100000 -0.811578 0.000000
vt -0.900000 -0.710131 0.000000
vt -0.100000 -0.710131 0.000000
vt -0.900000 -0.608684 0.000000
vt -0.100000 -0.608684 0.000000
vt -0.900000 -0.507236 0.000000
vt -0.100000 -0.507236 0.000000
vt -0.900000 -0.405789 0.000000
vt -0.100000 -0.405789 0.000000
vt -0.900000 -0.304342 0.000000
vt -0.100000 -0.304342 0.000000
vt -0.900000 -0.202895 0.000000
vt -0.100000 -0.202895 0.000000
vt -0.900000 -0.101447 0.000000
vt -0.100000 -0.101447 0.000000
vt -0.900000 0.000000 0.000000
vt -0.100000 0.000000 0.000000
vt -0.900000 0.101447 0.000000
vt -0.100000 0.101447 0.000000
vt -0.900000 0.202895 0.000000
vt -0.100000 0.202895 0.000000
vt -0.900000 0.304342 0.000000
vt -0.100000 0.304342 0.000000
vt -0.900000 0.405789 0.000000
vt -0.100000 0.405789 0.000000
vt -0.900000 0.507236 0.000000
vt -0.100000 0.507236 0.000000
vt -0.900000 0.608684 0.000000
vt -0.100000 0.608684 0.000000
vt -0.900000 0.710131 0.000000
vt -0.100000 0.710131 0.000000
vt -0.900000 0.811578 0.000000
vt -0.100000 0.811578 0.000000
vt -0.900000 0.913025 0.000000
vt -0.100000 0.913025 0.000000
vt -0.900000 1.014473 0.000000
vt -0.100000 1.014473 0.000000
vt -1.222685 0.259890 0.000000
vt -1.250000 -0.000000 0.000000
vt -0.487500 -0.000000 0.000000
vt -1.222685 -0.259890 0.000000
vt -0.470889 -0.126174 0.000000
vt -1.141932 -0.508421 0.000000
vt -0.422187 -0.243750 0.000000
vt -1.011271 -0.734732 0.000000
vt -0.344715 -0.344715 0.000000
vt -0.836413 -0.928931 0.000000
vt -0.243750 -0.422187 0.000000
vt -0.625000 -1.082532 0.000000
vt -0.386271 -1.188821 0.000000
vt -0.126174 -0.470889 0.000000
vt -0.130661 -1.243152 0.000000
vt 0.000000 -0.487500 0.000000
vt 0.130661 -1.243152 0.000000
vt 0.126174 -0.470889 0.000000
vt 0.386271 -1.188821 0.000000
vt 0.243750 -0.422187 0.000000
vt 0.625000 -1.082532 0.000000
vt 0.836413 -0.928931 0.000000
vt 0.344715 -0.344715 0.000000
vt 1.011271 -0.734732 0.000000
vt 0.422187 -0.243750 0.000000
vt 1.141932 -0.508421 0.000000
vt 0.470889 -0.126174 0.000000
vt 1.222685 -0.259890 0.000000
vt 0.487500 0.000000 0.000000
vt 1.250000 0.000000 0.000000
vt 1.222685 0.259890 0.000000
vt 0.470889 0.126174 0.000000
vt 1.141932 0.508421 0.000000
vt 0.422187 0.243750 0.000000
vt 1.011271 0.734732 0.000000
vt 0.344715 0.344715 0.000000
vt 0.836413 0.928931 0.000000
vt 0.243750 0.422187 0.000000
vt 0.625000 1.082532 0.000000
vt 0.386271 1.188821 0.000000
vt 0.126174 0.470889 0.000000
vt 0.130661 1.243152 0.000000
vt 0.000000 0.487500 0.000000
vt -0.130661 1.243152 0.000000
vt -0.126174 0.470889 0.000000
vt -0.386271 1.188821 0.000000
vt -0.243750 0.422187 0.000000
vt -0.625000 1.082532 0.000000
vt -0.836413 0.928931 0.000000
vt -0.344715 0.344715 0.000000
vt -1.011271 0.734732 0.000000
vt -0.422187 0.243750 0.000000
vt -1.141932 0.508421 0.000000
vt -0.470889 0.126174 0.000000
vt -0.035355 0.676751 0.000000
vt 0.035355 0.676751 0.000000
vt -0.035355 0.738274 0.000000
vt 0.035355 0.738274 0.000000
vt -0.035355 -0.738274 0.000000
vt 0.035355 -0.738274 0.000000
vt -0.035355 -0.676751 0.000000
vt 0.035355 -0.676751 0.000000
vt -0.035355 -0.615229 0.000000
vt 0.035355 -0.615229 0.000000
vt -0.035355 -0.553706 0.000000
vt 0.035355 -0.553706 0.000000
vt -0.035355 -0.492183 0.000000
vt 0.035355 -0.492183 0.000000
vt -0.035355 -0.430660 0.000000
vt 0.035355 -0.430660 0.000000
vt -0.035355 -0.369137 0.000000
vt 0.035355 -0.369137 0.000000
vt -0.035355 -0.307614 0.000000
vt 0.035355 -0.307614 0.000000
vt -0.035355 -0.246091 0.000000
vt 0.035355 -0.246091 0.000000
vt -0.035355 -0.184569 0.000000
vt 0.035355 -0.184569 0.000000
vt -0.035355 -0.123046 0.000000
vt 0.035355 -0.123046 0.000000
vt -0.035355 -0.061523 0.000000
vt 0.035355 -0.061523 0.000000
vt -0.035355 0.000000 0.000000
vt 0.035355 0.000000 0.000000
vt -0.035355 0.061523 0.000000
vt 0.035355 0.061523 0.000000
vt -0.035355 0.123046 0.000000
vt 0.035355 0.123046 0.000000
vt -0.035355 0.184569 0.000000
vt 0.035355 0.184569 0.000000
vt -0.035355 0.246091 0.000000
vt 0.035355 0.246091 0.000000
vt -0.035355 0.307614 0.000000
vt 0.035355 0.307614 0.000000
vt -0.035355 0.369137 0.000000
vt 0.035355 0.369137 0.000000
vt -0.035355 0.430660 0.000000
vt 0.035355 0.430660 0.000000
vt -0.035355 0.492183 0.000000
vt 0.035355 0.492183 0.000000
vt -0.035355 0.553706 0.000000
vt 0.035355 0.553706 0.000000
vt -0.035355 0.615229 0.000000
vt 0.035355 0.615229 0.000000
vt 0.430000 -0.604757 0.000000
vt 0.050000 -0.604757 0.000000
vt 0.430000 -0.659734 0.000000
vt 0.050000 -0.659734 0.000000
vt 0.430000 0.659734 0.000000
vt 0.050000 0.659734 0.000000
vt 0.430000 0.604757 0.000000
vt 0.050000 0.604757 0.000000
vt 0.430000 0.549779 0.000000
vt 0.050000 0.549779 0.000000
vt 0.430000 0.494801 0.000000
vt 0.050000 0.494801 0.000000
vt 0.430000 0.439823 0.000000
vt 0.050000 0.439823 0.000000
vt 0.430000 0.384845 0.000000
vt 0.050000 0.384845 0.000000
vt 0.430000 0.329867 0.000000
vt 0.050000 0.329867 0.000000
vt 0.430000 0.274889 0.000000
vt 0.050000 0.274889 0.000000
vt 0.430000 0.219911 0.000000
vt 0.050000 0.219911 0.000000
vt 0.430000 0.164934 0.000000
vt 0.050000 0.164934 0.000000
vt 0.430000 0.109956 0.000000
vt 0.050000 0.109956 0.000000
vt 0.430000 0.054978 0.000000
vt 0.050000 0.054978 0.000000
vt 0.430000 0.000000 0.000000
vt 0.050000 0.000000 0.000000
vt 0.430000 -0.054978 0.000000
vt 0.050000 -0.054978 0.000000
vt 0.430000 -0.109956 0.000000
vt 0.050000 -0.109956 0.000000
vt 0.430000 -0.164934 0.000000
vt 0.050000 -0.164934 0.000000
vt 0.430000 -0.219911 0.000000
vt 0.050000 -0.219911 0.000000
vt 0.430000 -0.274889 0.000000
vt 0.050000 -0.274889 0.000000
vt 0.430000 -0.329867 0.000000
vt 0.050000 -0.329867 0.000000
vt 0.430000 -0.384845 0.000000
vt 0.050000 -0.384845 0.000000
vt 0.430000 -0.439823 0.000000
vt 0.050000 -0.439823 0.000000
vt 0.430000 -0.494801 0.000000
vt 0.050000 -0.494801 0.000000
vt 0.430000 -0.549779 0.000000
vt 0.050000 -0.549779 0.000000
vt -0.374296 -0.100292 0.000000
vt -0.251141 -0.067293 0.000000
vt -0.387500 -0.000000 0.000000
vt -0.260000 -0.000000 0.000000
vt -0.251141 0.067293 0.000000
vt -0.225167 -0.130000 0.000000
vt -0.335585 -0.193750 0.000000
vt -0.183848 -0.183848 0.000000
vt -0.274004 -0.274004 0.000000
vt -0.130000 -0.225167 0.000000
vt -0.193750 -0.335585 0.000000
vt -0.067293 -0.251141 0.000000
vt -0.100292 -0.374296 0.000000
vt 0.000000 -0.260000 0.000000
vt 0.000000 -0.387500 0.000000
vt 0.100292 -0.374296 0.000000
vt 0.067293 -0.251141 0.000000
vt 0.193750 -0.335585 0.000000
vt 0.130000 -0.225167 0.000000
vt 0.274004 -0.274004 0.000000
vt 0.183848 -0.183848 0.000000
vt 0.335585 -0.193750 0.000000
vt 0.225167 -0.130000 0.000000
vt 0.374296 -0.100292 0.000000
vt 0.251141 -0.067293 0.000000
vt 0.260000 0.000000 0.000000
vt 0.387500 0.000000 0.000000
vt 0.251141 0.067293 0.000000
vt 0.374296 0.100292 0.000000
vt 0.225167 0.130000 0.000000
vt 0.335585 0.193750 0.000000
vt 0.183848 0.183848 0.000000
vt 0.274004 0.274004 0.000000
vt 0.130000 0.225167 0.000000
vt 0.193750 0.335585 0.000000
vt 0.067293 0.251141 0.000000
vt 0.100292 0.374296 0.000000
vt 0.000000 0.260000 0.000000
vt 0.000000 0.387500 0.000000
vt -0.100292 0.374296 0.000000
vt -0.067293 0.251141 0.000000
vt -0.193750 0.335585 0.000000
vt -0.130000 0.225167 0.000000
vt -0.274004 0.274004 0.000000
vt -0.183848 0.183848 0.000000
vt -0.335585 0.193750 0.000000
vt -0.225167 0.130000 0.000000
vt -0.374296 0.100292 0.000000
vt -0.202844 -0.054352 0.000000
vt 0.202844 -0.054352 0.000000
vt -0.210000 -0.000000 0.000000
vt 0.210000 0.000000 0.000000
vt -0.202844 0.054352 0.000000
vt 0.202844 0.054352 0.000000
vt -0.181865 0.105000 0.000000
vt 0.181865 0.105000 0.000000
vt -0.148492 0.148492 0.000000
vt 0.148492 0.148492 0.000000
vt -0.105000 0.181865 0.000000
vt 0.105000 0.181865 0.000000
vt -0.054352 0.202844 0.000000
vt 0.054352 0.202844 0.000000
vt 0.000000 0.210000 0.000000
vt 0.181865 -0.105000 0.000000
vt -0.181865 -0.105000 0.000000
vt 0.148492 -0.148492 0.000000
vt -0.148492 -0.148492 0.000000
vt 0.105000 -0.181865 0.000000
vt -0.105000 -0.181865 0.000000
vt 0.054352 -0.202844 0.000000
vt -0.054352 -0.202844 0.000000
vt 0.000000 -0.210000 0.000000
vt -0.157080 3.707256 0.000000
vt -0.157080 3.545666 0.000000
vt -0.156764 3.706942 0.000000
vt -0.141583 3.692104 0.000000
vt -0.143990 3.464872 0.000000
vt -0.130900 3.464872 0.000000
vt -0.125695 3.251604 0.000000
vt -0.117253 3.257878 0.000000
vt -0.157080 3.384077 0.000000
vt -0.141583 3.237640 0.000000
vt -0.157080 3.222487 0.000000
vt -0.156764 3.222802 0.000000
vt -0.117810 3.464872 0.000000
vt -0.108331 3.263380 0.000000
vt -0.098865 3.267761 0.000000
vt -0.104720 3.464872 0.000000
vt -0.088884 3.270599 0.000000
vt -0.091630 3.464872 0.000000
vt -0.078540 3.400771 0.000000
vt -0.078540 3.528973 0.000000
vt -0.078540 3.272569 0.000000
vt -0.078540 3.657174 0.000000
vt -0.088884 3.659144 0.000000
vt -0.098865 3.661982 0.000000
vt -0.108331 3.666363 0.000000
vt -0.117253 3.671865 0.000000
vt -0.125695 3.678139 0.000000
vt -0.087500 0.033757 0.000000
vt -0.437500 0.033757 0.000000
vt -0.087816 0.033446 0.000000
vt -0.437184 0.033446 0.000000
vt -0.262500 0.022505 0.000000
vt -0.422250 0.018474 0.000000
vt -0.262500 0.011252 0.000000
vt -0.408136 0.002783 0.000000
vt -0.262500 -0.000000 0.000000
vt -0.401753 -0.005570 0.000000
vt -0.262500 -0.011252 0.000000
vt -0.396115 -0.014415 0.000000
vt -0.262500 -0.022505 0.000000
vt -0.391575 -0.023817 0.000000
vt -0.136434 -0.033757 0.000000
vt -0.388566 -0.033757 0.000000
vt -0.133425 -0.023817 0.000000
vt -0.128885 -0.014415 0.000000
vt -0.123247 -0.005570 0.000000
vt -0.116864 0.002783 0.000000
vt -0.102750 0.018474 0.000000
vt 0.136434 -0.033757 0.000000
vt 0.388566 -0.033757 0.000000
vt 0.133425 -0.023817 0.000000
vt 0.262500 -0.022505 0.000000
vt 0.128885 -0.014415 0.000000
vt 0.262500 -0.011252 0.000000
vt 0.123247 -0.005570 0.000000
vt 0.262500 -0.000000 0.000000
vt 0.116864 0.002783 0.000000
vt 0.262500 0.011252 0.000000
vt 0.102750 0.018474 0.000000
vt 0.262500 0.022505 0.000000
vt 0.087816 0.033446 0.000000
vt 0.437184 0.033446 0.000000
vt 0.087500 0.033757 0.000000
vt 0.437500 0.033757 0.000000
vt 0.391575 -0.023817 0.000000
vt 0.396115 -0.014415 0.000000
vt 0.401753 -0.005570 0.000000
vt 0.408136 0.002783 0.000000
vt 0.422250 0.018474 0.000000
vt -0.157080 2.321307 0.000000
vt -0.157080 2.159718 0.000000
vt -0.156764 2.320993 0.000000
vt -0.141583 2.306155 0.000000
vt -0.143990 2.078923 0.000000
vt -0.130900 2.078923 0.000000
vt -0.125695 1.865656 0.000000
vt -0.117253 1.871929 0.000000
vt -0.157080 1.998128 0.000000
vt -0.141583 1.851691 0.000000
vt -0.157080 1.836539 0.000000
vt -0.156764 1.836853 0.000000
vt -0.117810 2.078923 0.000000
vt -0.108331 1.877432 0.000000
vt -0.098865 1.881813 0.000000
vt -0.104720 2.078923 0.000000
vt -0.088884 1.884650 0.000000
vt -0.091630 2.078923 0.000000
vt -0.078540 2.014822 0.000000
vt -0.078540 2.143024 0.000000
vt -0.078540 1.886620 0.000000
vt -0.078540 2.271226 0.000000
vt -0.088884 2.273196 0.000000
vt -0.098865 2.276033 0.000000
vt -0.108331 2.280414 0.000000
vt -0.117253 2.285917 0.000000
vt -0.125695 2.292190 0.000000
vt -0.040500 0.251066 0.000000
vt -0.050965 0.250000 0.000000
vt -0.040500 -0.001066 0.000000
vt -0.050965 0.000000 0.000000
vt -0.177080 0.125000 0.000000
vt -0.175607 0.000000 0.000000
vt -0.177080 0.000001 0.000000
vt -0.175607 0.250000 0.000000
vt -0.177080 0.250000 0.000000
vt -0.253138 -0.145757 0.000000
vt -0.129035 -0.186890 0.000000
vt -0.196041 -0.034962 0.000000
vt -0.024738 -0.105918 0.000000
vt -0.008246 -0.236923 0.000000
vt 0.146564 -0.176874 0.000000
vt 0.108594 -0.295591 0.000000
vt -0.087500 0.767348 0.000000
vt -0.000000 0.785398 0.000000
vt -0.087500 0.927596 0.000000
vt -0.000000 1.099557 0.000000
vt -0.735000 1.021018 0.000000
vt -0.735000 1.335177 0.000000
vt -0.000000 1.413717 0.000000
vt -0.735000 1.649336 0.000000
vt -0.000000 1.727876 0.000000
vt -0.437500 1.821297 0.000000
vt -0.087500 1.821297 0.000000
vt -0.000000 2.042035 0.000000
vt -0.087500 1.981546 0.000000
vt -0.087500 2.141794 0.000000
vt -0.000000 2.356194 0.000000
vt -0.087500 2.302043 0.000000
vt -0.437500 2.302043 0.000000
vt -0.735000 2.591814 0.000000
vt -0.735000 2.277655 0.000000
vt -0.087500 0.607099 0.000000
vt -0.000000 0.471239 0.000000
vt -0.087500 0.446851 0.000000
vt -0.000000 0.157080 0.000000
vt -0.437500 0.446851 0.000000
vt -0.735000 0.392699 0.000000
vt -0.437500 0.607099 0.000000
vt -0.735000 0.706858 0.000000
vt -0.437500 0.767348 0.000000
vt -0.437500 0.927596 0.000000
vt -0.087500 3.516241 0.000000
vt 0.000000 3.612832 0.000000
vt -0.087500 3.676490 0.000000
vt 0.000000 3.926991 0.000000
vt -0.735000 3.848451 0.000000
vt -0.735000 4.162610 0.000000
vt 0.000000 4.241150 0.000000
vt -0.735000 4.476770 0.000000
vt 0.000000 4.555309 0.000000
vt -0.437500 4.570191 0.000000
vt -0.087500 4.570191 0.000000
vt -0.087500 4.730439 0.000000
vt -0.000000 4.869469 0.000000
vt -0.087500 4.890688 0.000000
vt -0.087500 5.050937 0.000000
vt -0.000000 5.183628 0.000000
vt -0.735000 5.105088 0.000000
vt -0.735000 5.419247 0.000000
vt 0.000000 5.497787 0.000000
vt -0.735000 5.733407 0.000000
vt -0.735000 -5.262168 0.000000
vt 0.000000 -5.497787 0.000000
vt -0.000000 -5.183628 0.000000
vt -0.437500 -5.050937 0.000000
vt -0.087500 -5.050937 0.000000
vt -0.000000 -4.869469 0.000000
vt -0.087500 -4.890688 0.000000
vt -0.087500 -4.730439 0.000000
vt -0.000000 -4.555309 0.000000
vt -0.087500 -4.570191 0.000000
vt -0.437500 -4.570191 0.000000
vt -0.735000 -4.319690 0.000000
vt -0.735000 -4.633849 0.000000
vt 0.000000 3.298672 0.000000
vt -0.087500 3.355993 0.000000
vt -0.087500 3.195744 0.000000
vt -0.000000 2.984513 0.000000
vt -0.437500 3.195744 0.000000
vt -0.735000 2.905973 0.000000
vt -0.735000 3.220132 0.000000
vt -0.437500 3.355993 0.000000
vt -0.735000 3.534292 0.000000
vt -0.437500 3.516241 0.000000
vt -0.437500 3.676490 0.000000
vt -0.735000 -4.948008 0.000000
vt -0.437500 -4.890688 0.000000
vt -0.437500 -4.730439 0.000000
vt -0.087500 -1.981546 0.000000
vt -0.000000 -2.042035 0.000000
vt -0.087500 -1.821297 0.000000
vt -0.000000 -1.727876 0.000000
vt -0.735000 -1.806416 0.000000
vt -0.735000 -1.492257 0.000000
vt -0.000000 -1.413717 0.000000
vt -0.735000 -1.178097 0.000000
vt -0.000000 -1.099557 0.000000
vt -0.437500 -0.927596 0.000000
vt -0.087500 -0.927596 0.000000
vt -0.000000 -0.785398 0.000000
vt -0.087500 -0.767348 0.000000
vt -0.087500 -0.607099 0.000000
vt -0.000000 -0.471239 0.000000
vt -0.087500 -0.446851 0.000000
vt -0.735000 -0.235619 0.000000
vt -0.437500 -0.446851 0.000000
vt -0.735000 -0.549779 0.000000
vt -0.437500 -0.607099 0.000000
vt -0.437500 -0.767348 0.000000
vt -0.735000 -0.863938 0.000000
vt -0.087500 -2.141794 0.000000
vt -0.000000 -2.356194 0.000000
vt -0.087500 -2.302043 0.000000
vt -0.437500 -2.302043 0.000000
vt -0.437500 -2.141794 0.000000
vt -0.735000 -2.120575 0.000000
vt -0.735000 -2.434734 0.000000
vt -0.000000 -2.670354 0.000000
vt -0.735000 -2.748894 0.000000
vt -0.000000 -2.984513 0.000000
vt -0.735000 -3.063053 0.000000
vt -0.087500 -3.195744 0.000000
vt -0.437500 -3.195744 0.000000
vt -0.735000 -3.377212 0.000000
vt -0.437500 -3.355993 0.000000
vt -0.437500 -3.516241 0.000000
vt -0.735000 -3.691371 0.000000
vt -0.437500 -3.676490 0.000000
vt -0.000000 -3.926991 0.000000
vt -0.087500 -3.676490 0.000000
vt -0.000000 -3.612832 0.000000
vt -0.087500 -3.516241 0.000000
vt -0.000000 -3.298672 0.000000
vt -0.087500 -3.355993 0.000000
vt -0.437500 -1.981546 0.000000
vt -0.437500 -1.821297 0.000000
vt -0.735000 -4.005531 0.000000
vt -0.000000 -4.241150 0.000000
vt -0.735000 4.790929 0.000000
vt -0.437500 4.890688 0.000000
vt -0.437500 5.050937 0.000000
vt -0.437500 4.730439 0.000000
vt -0.000000 2.670354 0.000000
vt -0.437500 2.141794 0.000000
vt -0.735000 1.963495 0.000000
vt -0.437500 1.981546 0.000000
vt -0.735000 0.078540 0.000000
vt -0.000000 -0.157080 0.000000
vt -0.157080 2.321307 0.000000
vt -0.157080 2.159718 0.000000
vt -0.156764 2.320993 0.000000
vt -0.141583 2.306155 0.000000
vt -0.143990 2.078923 0.000000
vt -0.130900 2.078923 0.000000
vt -0.125695 1.865656 0.000000
vt -0.117253 1.871929 0.000000
vt -0.157080 1.998128 0.000000
vt -0.141583 1.851691 0.000000
vt -0.157080 1.836539 0.000000
vt -0.156764 1.836853 0.000000
vt -0.117810 2.078923 0.000000
vt -0.108331 1.877432 0.000000
vt -0.098865 1.881813 0.000000
vt -0.104720 2.078923 0.000000
vt -0.088884 1.884650 0.000000
vt -0.091630 2.078923 0.000000
vt -0.078540 2.014822 0.000000
vt -0.078540 2.143024 0.000000
vt -0.078540 1.886620 0.000000
vt -0.078540 2.271226 0.000000
vt -0.088884 2.273196 0.000000
vt -0.098865 2.276033 0.000000
vt -0.108331 2.280414 0.000000
vt -0.117253 2.285917 0.000000
vt -0.125695 2.292190 0.000000
vt -0.087500 0.033757 0.000000
vt -0.437500 0.033757 0.000000
vt -0.087816 0.033446 0.000000
vt -0.437184 0.033446 0.000000
vt -0.262500 0.022505 0.000000
vt -0.422250 0.018474 0.000000
vt -0.262500 0.011252 0.000000
vt -0.408136 0.002783 0.000000
vt -0.262500 0.000000 0.000000
vt -0.401753 -0.005570 0.000000
vt -0.262500 -0.011252 0.000000
vt -0.396115 -0.014415 0.000000
vt -0.262500 -0.022505 0.000000
vt -0.391575 -0.023817 0.000000
vt -0.136434 -0.033757 0.000000
vt -0.388566 -0.033757 0.000000
vt -0.133425 -0.023817 0.000000
vt -0.128885 -0.014415 0.000000
vt -0.123247 -0.005570 0.000000
vt -0.116864 0.002783 0.000000
vt -0.102750 0.018474 0.000000
vt -0.078540 3.272569 0.000000
vt -0.078540 3.400771 0.000000
vt -0.088884 3.270599 0.000000
vt -0.091630 3.464872 0.000000
vt -0.104720 3.464872 0.000000
vt -0.098865 3.661982 0.000000
vt -0.108331 3.666363 0.000000
vt -0.078540 3.528973 0.000000
vt -0.088884 3.659144 0.000000
vt -0.078540 3.657174 0.000000
vt -0.117810 3.464872 0.000000
vt -0.117253 3.671865 0.000000
vt -0.125695 3.678139 0.000000
vt -0.130900 3.464872 0.000000
vt -0.141583 3.692104 0.000000
vt -0.143990 3.464872 0.000000
vt -0.157080 3.545666 0.000000
vt -0.157080 3.384077 0.000000
vt -0.156764 3.706942 0.000000
vt -0.157080 3.707256 0.000000
vt -0.157080 3.222487 0.000000
vt -0.156764 3.222802 0.000000
vt -0.141583 3.237640 0.000000
vt -0.125695 3.251604 0.000000
vt -0.117253 3.257878 0.000000
vt -0.108331 3.263380 0.000000
vt -0.098865 3.267761 0.000000
vt 0.437500 0.033757 0.000000
vt 0.087500 0.033757 0.000000
vt 0.437184 0.033446 0.000000
vt 0.087816 0.033446 0.000000
vt 0.262500 0.022505 0.000000
vt 0.102750 0.018474 0.000000
vt 0.262500 0.011252 0.000000
vt 0.116864 0.002783 0.000000
vt 0.262500 -0.000000 0.000000
vt 0.123247 -0.005570 0.000000
vt 0.262500 -0.011252 0.000000
vt 0.128885 -0.014415 0.000000
vt 0.262500 -0.022505 0.000000
vt 0.133425 -0.023817 0.000000
vt 0.388566 -0.033757 0.000000
vt 0.136434 -0.033757 0.000000
vt 0.391575 -0.023817 0.000000
vt 0.396115 -0.014415 0.000000
vt 0.401753 -0.005570 0.000000
vt 0.408136 0.002783 0.000000
vt 0.422250 0.018474 0.000000
vt -0.040500 0.251066 0.000000
vt -0.050965 0.250000 0.000000
vt -0.040500 -0.001066 0.000000
vt -0.050965 0.000000 0.000000
vt -0.177080 0.125000 0.000000
vt -0.175607 0.000000 0.000000
vt -0.177080 0.000001 0.000000
vt -0.175607 0.250000 0.000000
vt -0.177080 0.250000 0.000000
vt -0.253138 -0.145757 0.000000
vt -0.129035 -0.186890 0.000000
vt -0.196041 -0.034962 0.000000
vt -0.024738 -0.105918 0.000000
vt -0.008246 -0.236923 0.000000
vt 0.146564 -0.176874 0.000000
vt 0.108594 -0.295591 0.000000
vt -0.157080 0.935359 0.000000
vt -0.157080 0.773769 0.000000
vt -0.156764 0.935044 0.000000
vt -0.141583 0.920206 0.000000
vt -0.143990 0.692974 0.000000
vt -0.130900 0.692974 0.000000
vt -0.125695 0.479707 0.000000
vt -0.117253 0.485981 0.000000
vt -0.157080 0.612180 0.000000
vt -0.141583 0.465742 0.000000
vt -0.157080 0.450590 0.000000
vt -0.156764 0.450904 0.000000
vt -0.117810 0.692974 0.000000
vt -0.108331 0.491483 0.000000
vt -0.098865 0.495864 0.000000
vt -0.104720 0.692974 0.000000
vt -0.088884 0.498702 0.000000
vt -0.091630 0.692974 0.000000
vt -0.078540 0.628873 0.000000
vt -0.078540 0.757075 0.000000
vt -0.078540 0.500672 0.000000
vt -0.078540 0.885277 0.000000
vt -0.088884 0.887247 0.000000
vt -0.098865 0.890085 0.000000
vt -0.108331 0.894466 0.000000
vt -0.117253 0.899968 0.000000
vt -0.125695 0.906242 0.000000
vt -0.087500 0.033757 0.000000
vt -0.437500 0.033757 0.000000
vt -0.087816 0.033446 0.000000
vt -0.437184 0.033446 0.000000
vt -0.262500 0.022505 0.000000
vt -0.422250 0.018474 0.000000
vt -0.262500 0.011252 0.000000
vt -0.408136 0.002783 0.000000
vt -0.262500 0.000000 0.000000
vt -0.401753 -0.005570 0.000000
vt -0.262500 -0.011252 0.000000
vt -0.396115 -0.014415 0.000000
vt -0.262500 -0.022505 0.000000
vt -0.391575 -0.023817 0.000000
vt -0.136434 -0.033757 0.000000
vt -0.388566 -0.033757 0.000000
vt -0.133425 -0.023817 0.000000
vt -0.128885 -0.014415 0.000000
vt -0.123247 -0.005570 0.000000
vt -0.116864 0.002783 0.000000
vt -0.102750 0.018474 0.000000
vt -0.078540 4.658518 0.000000
vt -0.078540 4.786719 0.000000
vt -0.088884 4.656548 0.000000
vt -0.091630 4.850820 0.000000
vt -0.104720 4.850820 0.000000
vt -0.098865 5.047931 0.000000
vt -0.108331 5.052312 0.000000
vt -0.078540 4.914921 0.000000
vt -0.088884 5.045093 0.000000
vt -0.078540 5.043123 0.000000
vt -0.117810 4.850820 0.000000
vt -0.117253 5.057814 0.000000
vt -0.125695 5.064088 0.000000
vt -0.130900 4.850820 0.000000
vt -0.141583 5.078052 0.000000
vt -0.143990 4.850820 0.000000
vt -0.157080 4.931615 0.000000
vt -0.157080 4.770026 0.000000
vt -0.156764 5.092890 0.000000
vt -0.157080 5.093205 0.000000
vt -0.157080 4.608436 0.000000
vt -0.156764 4.608750 0.000000
vt -0.141583 4.623588 0.000000
vt -0.125695 4.637553 0.000000
vt -0.117253 4.643827 0.000000
vt -0.108331 4.649329 0.000000
vt -0.098865 4.653710 0.000000
vt 0.437500 0.033757 0.000000
vt 0.087500 0.033757 0.000000
vt 0.437184 0.033446 0.000000
vt 0.087816 0.033446 0.000000
vt 0.262500 0.022505 0.000000
vt 0.102750 0.018474 0.000000
vt 0.262500 0.011252 0.000000
vt 0.116864 0.002783 0.000000
vt 0.262500 -0.000000 0.000000
vt 0.123247 -0.005570 0.000000
vt 0.262500 -0.011252 0.000000
vt 0.128885 -0.014415 0.000000
vt 0.262500 -0.022505 0.000000
vt 0.133425 -0.023817 0.000000
vt 0.388566 -0.033757 0.000000
vt 0.136434 -0.033757 0.000000
vt 0.391575 -0.023817 0.000000
vt 0.396115 -0.014415 0.000000
vt 0.401753 -0.005570 0.000000
vt 0.408136 0.002783 0.000000
vt 0.422250 0.018474 0.000000
vt -0.040500 0.251066 0.000000
vt -0.050965 0.250000 0.000000
vt -0.040500 -0.001066 0.000000
vt -0.050965 0.000000 0.000000
vt -0.177080 0.125000 0.000000
vt -0.175607 0.000000 0.000000
vt -0.177080 0.000001 0.000000
vt -0.175607 0.250000 0.000000
vt -0.177080 0.250000 0.000000
vt -0.253138 -0.145757 0.000000
vt -0.129035 -0.186890 0.000000
vt -0.196041 -0.034962 0.000000
vt -0.024738 -0.105918 0.000000
vt -0.008246 -0.236923 0.000000
vt 0.146564 -0.176874 0.000000
vt 0.108594 -0.295591 0.000000
vt -0.157080 -0.450590 0.000000
vt -0.157080 -0.612180 0.000000
vt -0.156764 -0.450904 0.000000
vt -0.141583 -0.465742 0.000000
vt -0.143990 -0.692974 0.000000
vt -0.130900 -0.692974 0.000000
vt -0.125695 -0.906242 0.000000
vt -0.117253 -0.899968 0.000000
vt -0.157080 -0.773769 0.000000
vt -0.141583 -0.920206 0.000000
vt -0.157080 -0.935359 0.000000
vt -0.156764 -0.935044 0.000000
vt -0.117810 -0.692974 0.000000
vt -0.108331 -0.894466 0.000000
vt -0.098865 -0.890085 0.000000
vt -0.104720 -0.692974 0.000000
vt -0.088884 -0.887247 0.000000
vt -0.091630 -0.692974 0.000000
vt -0.078540 -0.757075 0.000000
vt -0.078540 -0.628873 0.000000
vt -0.078540 -0.885277 0.000000
vt -0.078540 -0.500672 0.000000
vt -0.088884 -0.498702 0.000000
vt -0.098865 -0.495864 0.000000
vt -0.108331 -0.491483 0.000000
vt -0.117253 -0.485981 0.000000
vt -0.125695 -0.479707 0.000000
vt -0.087500 0.033757 0.000000
vt -0.437500 0.033757 0.000000
vt -0.087816 0.033446 0.000000
vt -0.437184 0.033446 0.000000
vt -0.262500 0.022505 0.000000
vt -0.422250 0.018474 0.000000
vt -0.262500 0.011252 0.000000
vt -0.408136 0.002783 0.000000
vt -0.262500 0.000000 0.000000
vt -0.401753 -0.005570 0.000000
vt -0.262500 -0.011252 0.000000
vt -0.396115 -0.014415 0.000000
vt -0.262500 -0.022505 0.000000
vt -0.391575 -0.023817 0.000000
vt -0.136434 -0.033757 0.000000
vt -0.388566 -0.033757 0.000000
vt -0.133425 -0.023817 0.000000
vt -0.128885 -0.014415 0.000000
vt -0.123247 -0.005570 0.000000
vt -0.116864 0.002783 0.000000
vt -0.102750 0.018474 0.000000
vt -0.078540 -5.043123 0.000000
vt -0.078540 -4.914921 0.000000
vt -0.088884 -5.045093 0.000000
vt -0.091630 -4.850820 0.000000
vt -0.104720 -4.850820 0.000000
vt -0.098865 -4.653710 0.000000
vt -0.108331 -4.649329 0.000000
vt -0.078540 -4.786719 0.000000
vt -0.088884 -4.656548 0.000000
vt -0.078540 -4.658518 0.000000
vt -0.117810 -4.850820 0.000000
vt -0.117253 -4.643827 0.000000
vt -0.125695 -4.637553 0.000000
vt -0.130900 -4.850820 0.000000
vt -0.141583 -4.623588 0.000000
vt -0.143990 -4.850820 0.000000
vt -0.157080 -4.770026 0.000000
vt -0.157080 -4.931615 0.000000
vt -0.156764 -4.608750 0.000000
vt -0.157080 -4.608436 0.000000
vt -0.157080 -5.093205 0.000000
vt -0.156764 -5.092890 0.000000
vt -0.141583 -5.078052 0.000000
vt -0.125695 -5.064088 0.000000
vt -0.117253 -5.057814 0.000000
vt -0.108331 -5.052312 0.000000
vt -0.098865 -5.047931 0.000000
vt 0.437500 0.033757 0.000000
vt 0.087500 0.033757 0.000000
vt 0.437184 0.033446 0.000000
vt 0.087816 0.033446 0.000000
vt 0.262500 0.022505 0.000000
vt 0.102750 0.018474 0.000000
vt 0.262500 0.011252 0.000000
vt 0.116864 0.002783 0.000000
vt 0.262500 -0.000000 0.000000
vt 0.123247 -0.005570 0.000000
vt 0.262500 -0.011252 0.000000
vt 0.128885 -0.014415 0.000000
vt 0.262500 -0.022505 0.000000
vt 0.133425 -0.023817 0.000000
vt 0.388566 -0.033757 0.000000
vt 0.136434 -0.033757 0.000000
vt 0.391575 -0.023817 0.000000
vt 0.396115 -0.014415 0.000000
vt 0.401753 -0.005570 0.000000
vt 0.408136 0.002783 0.000000
vt 0.422250 0.018474 0.000000
vt -0.040500 0.251066 0.000000
vt -0.050965 0.250000 0.000000
vt -0.040500 -0.001066 0.000000
vt -0.050965 0.000000 0.000000
vt -0.177080 0.125000 0.000000
vt -0.175607 0.000000 0.000000
vt -0.177080 0.000001 0.000000
vt -0.175607 0.250000 0.000000
vt -0.177080 0.250000 0.000000
vt -0.253138 -0.145757 0.000000
vt -0.129035 -0.186890 0.000000
vt -0.196041 -0.034962 0.000000
vt -0.024738 -0.105918 0.000000
vt -0.008246 -0.236923 0.000000
vt 0.146564 -0.176874 0.000000
vt 0.108594 -0.295591 0.000000
vt -0.157080 -1.836539 0.000000
vt -0.157080 -1.998128 0.000000
vt -0.156764 -1.836853 0.000000
vt -0.141583 -1.851691 0.000000
vt -0.143990 -2.078923 0.000000
vt -0.130900 -2.078923 0.000000
vt -0.125695 -2.292190 0.000000
vt -0.117253 -2.285917 0.000000
vt -0.157080 -2.159718 0.000000
vt -0.141583 -2.306155 0.000000
vt -0.157080 -2.321307 0.000000
vt -0.156764 -2.320993 0.000000
vt -0.117810 -2.078923 0.000000
vt -0.108331 -2.280414 0.000000
vt -0.098865 -2.276033 0.000000
vt -0.104720 -2.078923 0.000000
vt -0.088884 -2.273196 0.000000
vt -0.091630 -2.078923 0.000000
vt -0.078540 -2.143024 0.000000
vt -0.078540 -2.014822 0.000000
vt -0.078540 -2.271226 0.000000
vt -0.078540 -1.886620 0.000000
vt -0.088884 -1.884650 0.000000
vt -0.098865 -1.881813 0.000000
vt -0.108331 -1.877432 0.000000
vt -0.117253 -1.871929 0.000000
vt -0.125695 -1.865656 0.000000
vt -0.087500 0.033757 0.000000
vt -0.437500 0.033757 0.000000
vt -0.087816 0.033446 0.000000
vt -0.437184 0.033446 0.000000
vt -0.262500 0.022505 0.000000
vt -0.422250 0.018474 0.000000
vt -0.262500 0.011252 0.000000
vt -0.408136 0.002783 0.000000
vt -0.262500 -0.000000 0.000000
vt -0.401753 -0.005570 0.000000
vt -0.262500 -0.011252 0.000000
vt -0.396115 -0.014415 0.000000
vt -0.262500 -0.022505 0.000000
vt -0.391575 -0.023817 0.000000
vt -0.136434 -0.033757 0.000000
vt -0.388566 -0.033757 0.000000
vt -0.133425 -0.023817 0.000000
vt -0.128885 -0.014415 0.000000
vt -0.123247 -0.005570 0.000000
vt -0.116864 0.002783 0.000000
vt -0.102750 0.018474 0.000000
vt 0.136434 -0.033757 0.000000
vt 0.388566 -0.033757 0.000000
vt 0.133425 -0.023817 0.000000
vt 0.262500 -0.022505 0.000000
vt 0.128885 -0.014415 0.000000
vt 0.262500 -0.011252 0.000000
vt 0.123247 -0.005570 0.000000
vt 0.262500 0.000000 0.000000
vt 0.116864 0.002783 0.000000
vt 0.262500 0.011252 0.000000
vt 0.102750 0.018474 0.000000
vt 0.262500 0.022505 0.000000
vt 0.087816 0.033446 0.000000
vt 0.437184 0.033446 0.000000
vt 0.087500 0.033757 0.000000
vt 0.437500 0.033757 0.000000
vt 0.391575 -0.023817 0.000000
vt 0.396115 -0.014415 0.000000
vt 0.401753 -0.005570 0.000000
vt 0.408136 0.002783 0.000000
vt 0.422250 0.018474 0.000000
vt -0.157080 -3.222487 0.000000
vt -0.157080 -3.384077 0.000000
vt -0.156764 -3.222802 0.000000
vt -0.141583 -3.237640 0.000000
vt -0.143990 -3.464872 0.000000
vt -0.130900 -3.464872 0.000000
vt -0.125695 -3.678139 0.000000
vt -0.117253 -3.671865 0.000000
vt -0.157080 -3.545666 0.000000
vt -0.141583 -3.692104 0.000000
vt -0.157080 -3.707256 0.000000
vt -0.156764 -3.706942 0.000000
vt -0.117810 -3.464872 0.000000
vt -0.108331 -3.666363 0.000000
vt -0.098865 -3.661982 0.000000
vt -0.104720 -3.464872 0.000000
vt -0.088884 -3.659144 0.000000
vt -0.091630 -3.464872 0.000000
vt -0.078540 -3.528973 0.000000
vt -0.078540 -3.400771 0.000000
vt -0.078540 -3.657174 0.000000
vt -0.078540 -3.272569 0.000000
vt -0.088884 -3.270599 0.000000
vt -0.098865 -3.267761 0.000000
vt -0.108331 -3.263380 0.000000
vt -0.117253 -3.257878 0.000000
vt -0.125695 -3.251604 0.000000
vt -0.040500 0.251066 0.000000
vt -0.050965 0.250000 0.000000
vt -0.040500 -0.001066 0.000000
vt -0.050965 0.000000 0.000000
vt -0.177080 0.125000 0.000000
vt -0.175607 0.000000 0.000000
vt -0.177080 0.000001 0.000000
vt -0.175607 0.250000 0.000000
vt -0.177080 0.250000 0.000000
vt -0.253138 -0.145757 0.000000
vt -0.129035 -0.186890 0.000000
vt -0.196041 -0.034962 0.000000
vt -0.024738 -0.105918 0.000000
vt -0.008246 -0.236923 0.000000
vt 0.146564 -0.176874 0.000000
vt 0.108594 -0.295591 0.000000
vt -0.157080 -3.222487 0.000000
vt -0.157080 -3.384077 0.000000
vt -0.156764 -3.222802 0.000000
vt -0.141583 -3.237640 0.000000
vt -0.143990 -3.464872 0.000000
vt -0.130900 -3.464872 0.000000
vt -0.125695 -3.678139 0.000000
vt -0.117253 -3.671865 0.000000
vt -0.157080 -3.545666 0.000000
vt -0.141583 -3.692104 0.000000
vt -0.157080 -3.707256 0.000000
vt -0.156764 -3.706942 0.000000
vt -0.117810 -3.464872 0.000000
vt -0.108331 -3.666363 0.000000
vt -0.098865 -3.661982 0.000000
vt -0.104720 -3.464872 0.000000
vt -0.088884 -3.659144 0.000000
vt -0.091630 -3.464872 0.000000
vt -0.078540 -3.528973 0.000000
vt -0.078540 -3.400771 0.000000
vt -0.078540 -3.657174 0.000000
vt -0.078540 -3.272569 0.000000
vt -0.088884 -3.270599 0.000000
vt -0.098865 -3.267761 0.000000
vt -0.108331 -3.263380 0.000000
vt -0.117253 -3.257878 0.000000
vt -0.125695 -3.251604 0.000000
vt -0.087500 0.033757 0.000000
vt -0.437500 0.033757 0.000000
vt -0.087816 0.033446 0.000000
vt -0.437184 0.033446 0.000000
vt -0.262500 0.022505 0.000000
vt -0.422250 0.018474 0.000000
vt -0.262500 0.011252 0.000000
vt -0.408136 0.002783 0.000000
vt -0.262500 -0.000000 0.000000
vt -0.401753 -0.005570 0.000000
vt -0.262500 -0.011252 0.000000
vt -0.396115 -0.014415 0.000000
vt -0.262500 -0.022505 0.000000
vt -0.391575 -0.023817 0.000000
vt -0.136434 -0.033757 0.000000
vt -0.388566 -0.033757 0.000000
vt -0.133425 -0.023817 0.000000
vt -0.128885 -0.014415 0.000000
vt -0.123247 -0.005570 0.000000
vt -0.116864 0.002783 0.000000
vt -0.102750 0.018474 0.000000
vt -0.078540 -2.271226 0.000000
vt -0.078540 -2.143024 0.000000
vt -0.088884 -2.273196 0.000000
vt -0.091630 -2.078923 0.000000
vt -0.104720 -2.078923 0.000000
vt -0.098865 -1.881813 0.000000
vt -0.108331 -1.877432 0.000000
vt -0.078540 -2.014822 0.000000
vt -0.088884 -1.884650 0.000000
vt -0.078540 -1.886620 0.000000
vt -0.117810 -2.078923 0.000000
vt -0.117253 -1.871929 0.000000
vt -0.125695 -1.865656 0.000000
vt -0.130900 -2.078923 0.000000
vt -0.141583 -1.851691 0.000000
vt -0.143990 -2.078923 0.000000
vt -0.157080 -1.998128 0.000000
vt -0.157080 -2.159718 0.000000
vt -0.156764 -1.836853 0.000000
vt -0.157080 -1.836539 0.000000
vt -0.157080 -2.321307 0.000000
vt -0.156764 -2.320993 0.000000
vt -0.141583 -2.306155 0.000000
vt -0.125695 -2.292190 0.000000
vt -0.117253 -2.285917 0.000000
vt -0.108331 -2.280414 0.000000
vt -0.098865 -2.276033 0.000000
vt 0.437500 0.033757 0.000000
vt 0.087500 0.033757 0.000000
vt 0.437184 0.033446 0.000000
vt 0.087816 0.033446 0.000000
vt 0.262500 0.022505 0.000000
vt 0.102750 0.018474 0.000000
vt 0.262500 0.011252 0.000000
vt 0.116864 0.002783 0.000000
vt 0.262500 -0.000000 0.000000
vt 0.123247 -0.005570 0.000000
vt 0.262500 -0.011252 0.000000
vt 0.128885 -0.014415 0.000000
vt 0.262500 -0.022505 0.000000
vt 0.133425 -0.023817 0.000000
vt 0.388566 -0.033757 0.000000
vt 0.136434 -0.033757 0.000000
vt 0.391575 -0.023817 0.000000
vt 0.396115 -0.014415 0.000000
vt 0.401753 -0.005570 0.000000
vt 0.408136 0.002783 0.000000
vt 0.422250 0.018474 0.000000
vt -0.040500 0.251066 0.000000
vt -0.050965 0.250000 0.000000
vt -0.040500 -0.001066 0.000000
vt -0.050965 0.000000 0.000000
vt -0.177080 0.125000 0.000000
vt -0.175607 0.000000 0.000000
vt -0.177080 0.000001 0.000000
vt -0.175607 0.250000 0.000000
vt -0.177080 0.250000 0.000000
vt -0.253138 -0.145757 0.000000
vt -0.129035 -0.186890 0.000000
vt -0.196041 -0.034962 0.000000
vt -0.024738 -0.105918 0.000000
vt -0.008246 -0.236923 0.000000
vt 0.146564 -0.176874 0.000000
vt 0.108594 -0.295591 0.000000
vt -0.157080 -4.608436 0.000000
vt -0.157080 -4.770026 0.000000
vt -0.156764 -4.608750 0.000000
vt -0.141583 -4.623588 0.000000
vt -0.143990 -4.850820 0.000000
vt -0.130900 -4.850820 0.000000
vt -0.125695 -5.064088 0.000000
vt -0.117253 -5.057814 0.000000
vt -0.157080 -4.931615 0.000000
vt -0.141583 -5.078052 0.000000
vt -0.157080 -5.093205 0.000000
vt -0.156764 -5.092890 0.000000
vt -0.117810 -4.850820 0.000000
vt -0.108331 -5.052312 0.000000
vt -0.098865 -5.047931 0.000000
vt -0.104720 -4.850820 0.000000
vt -0.088884 -5.045093 0.000000
vt -0.091630 -4.850820 0.000000
vt -0.078540 -4.914921 0.000000
vt -0.078540 -4.786719 0.000000
vt -0.078540 -5.043123 0.000000
vt -0.078540 -4.658518 0.000000
vt -0.088884 -4.656548 0.000000
vt -0.098865 -4.653710 0.000000
vt -0.108331 -4.649329 0.000000
vt -0.117253 -4.643827 0.000000
vt -0.125695 -4.637553 0.000000
vt -0.087500 0.033757 0.000000
vt -0.437500 0.033757 0.000000
vt -0.087816 0.033446 0.000000
vt -0.437184 0.033446 0.000000
vt -0.262500 0.022505 0.000000
vt -0.422250 0.018474 0.000000
vt -0.262500 0.011252 0.000000
vt -0.408136 0.002783 0.000000
vt -0.262500 -0.000000 0.000000
vt -0.401753 -0.005570 0.000000
vt -0.262500 -0.011252 0.000000
vt -0.396115 -0.014415 0.000000
vt -0.262500 -0.022505 0.000000
vt -0.391575 -0.023817 0.000000
vt -0.136434 -0.033757 0.000000
vt -0.388566 -0.033757 0.000000
vt -0.133425 -0.023817 0.000000
vt -0.128885 -0.014415 0.000000
vt -0.123247 -0.005570 0.000000
vt -0.116864 0.002783 0.000000
vt -0.102750 0.018474 0.000000
vt -0.078540 -0.885277 0.000000
vt -0.078540 -0.757075 0.000000
vt -0.088884 -0.887247 0.000000
vt -0.091630 -0.692974 0.000000
vt -0.104720 -0.692974 0.000000
vt -0.098865 -0.495864 0.000000
vt -0.108331 -0.491483 0.000000
vt -0.078540 -0.628873 0.000000
vt -0.088884 -0.498702 0.000000
vt -0.078540 -0.500672 0.000000
vt -0.117810 -0.692974 0.000000
vt -0.117253 -0.485981 0.000000
vt -0.125695 -0.479707 0.000000
vt -0.130900 -0.692974 0.000000
vt -0.141583 -0.465742 0.000000
vt -0.143990 -0.692974 0.000000
vt -0.157080 -0.612180 0.000000
vt -0.157080 -0.773769 0.000000
vt -0.156764 -0.450904 0.000000
vt -0.157080 -0.450590 0.000000
vt -0.157080 -0.935359 0.000000
vt -0.156764 -0.935044 0.000000
vt -0.141583 -0.920206 0.000000
vt -0.125695 -0.906242 0.000000
vt -0.117253 -0.899968 0.000000
vt -0.108331 -0.894466 0.000000
vt -0.098865 -0.890085 0.000000
vt 0.437500 0.033757 0.000000
vt 0.087500 0.033757 0.000000
vt 0.437184 0.033446 0.000000
vt 0.087816 0.033446 0.000000
vt 0.262500 0.022505 0.000000
vt 0.102750 0.018474 0.000000
vt 0.262500 0.011252 0.000000
vt 0.116864 0.002783 0.000000
vt 0.262500 -0.000000 0.000000
vt 0.123247 -0.005570 0.000000
vt 0.262500 -0.011252 0.000000
vt 0.128885 -0.014415 0.000000
vt 0.262500 -0.022505 0.000000
vt 0.133425 -0.023817 0.000000
vt 0.388566 -0.033757 0.000000
vt 0.136434 -0.033757 0.000000
vt 0.391575 -0.023817 0.000000
vt 0.396115 -0.014415 0.000000
vt 0.401753 -0.005570 0.000000
vt 0.408136 0.002783 0.000000
vt 0.422250 0.018474 0.000000
vt -0.040500 0.251066 0.000000
vt -0.050965 0.250000 0.000000
vt -0.040500 -0.001066 0.000000
vt -0.050965 0.000000 0.000000
vt -0.177080 0.125000 0.000000
vt -0.175607 0.000000 0.000000
vt -0.177080 0.000001 0.000000
vt -0.175607 0.250000 0.000000
vt -0.177080 0.250000 0.000000
vt -0.253138 -0.145757 0.000000
vt -0.129035 -0.186890 0.000000
vt -0.196041 -0.034962 0.000000
vt -0.024738 -0.105918 0.000000
vt -0.008246 -0.236923 0.000000
vt 0.146564 -0.176874 0.000000
vt 0.108594 -0.295591 0.000000
vt -0.157080 5.093205 0.000000
vt -0.157080 4.931615 0.000000
vt -0.156764 5.092890 0.000000
vt -0.141583 5.078052 0.000000
vt -0.143990 4.850820 0.000000
vt -0.130900 4.850820 0.000000
vt -0.125695 4.637553 0.000000
vt -0.117253 4.643827 0.000000
vt -0.157080 4.770026 0.000000
vt -0.141583 4.623588 0.000000
vt -0.157080 4.608436 0.000000
vt -0.156764 4.608750 0.000000
vt -0.117810 4.850820 0.000000
vt -0.108331 4.649329 0.000000
vt -0.098865 4.653710 0.000000
vt -0.104720 4.850820 0.000000
vt -0.088884 4.656548 0.000000
vt -0.091630 4.850820 0.000000
vt -0.078540 4.786719 0.000000
vt -0.078540 4.914921 0.000000
vt -0.078540 4.658518 0.000000
vt -0.078540 5.043123 0.000000
vt -0.088884 5.045093 0.000000
vt -0.098865 5.047931 0.000000
vt -0.108331 5.052312 0.000000
vt -0.117253 5.057814 0.000000
vt -0.125695 5.064088 0.000000
vt -0.087500 0.033757 0.000000
vt -0.437500 0.033757 0.000000
vt -0.087816 0.033446 0.000000
vt -0.437184 0.033446 0.000000
vt -0.262500 0.022505 0.000000
vt -0.422250 0.018474 0.000000
vt -0.262500 0.011252 0.000000
vt -0.408136 0.002783 0.000000
vt -0.262500 -0.000000 0.000000
vt -0.401753 -0.005570 0.000000
vt -0.262500 -0.011252 0.000000
vt -0.396115 -0.014415 0.000000
vt -0.262500 -0.022505 0.000000
vt -0.391575 -0.023817 0.000000
vt -0.136434 -0.033757 0.000000
vt -0.388566 -0.033757 0.000000
vt -0.133425 -0.023817 0.000000
vt -0.128885 -0.014415 0.000000
vt -0.123247 -0.005570 0.000000
vt -0.116864 0.002783 0.000000
vt -0.102750 0.018474 0.000000
vt -0.078540 0.500672 0.000000
vt -0.078540 0.628873 0.000000
vt -0.088884 0.498702 0.000000
vt -0.091630 0.692974 0.000000
vt -0.104720 0.692974 0.000000
vt -0.098865 0.890085 0.000000
vt -0.108331 0.894466 0.000000
vt -0.078540 0.757075 0.000000
vt -0.088884 0.887247 0.000000
vt -0.078540 0.885277 0.000000
vt -0.117810 0.692974 0.000000
vt -0.117253 0.899968 0.000000
vt -0.125695 0.906242 0.000000
vt -0.130900 0.692974 0.000000
vt -0.141583 0.920206 0.000000
vt -0.143990 0.692974 0.000000
vt -0.157080 0.773769 0.000000
vt -0.157080 0.612180 0.000000
vt -0.156764 0.935044 0.000000
vt -0.157080 0.935359 0.000000
vt -0.157080 0.450590 0.000000
vt -0.156764 0.450904 0.000000
vt -0.141583 0.465742 0.000000
vt -0.125695 0.479707 0.000000
vt -0.117253 0.485981 0.000000
vt -0.108331 0.491483 0.000000
vt -0.098865 0.495864 0.000000
vt 0.437500 0.033757 0.000000
vt 0.087500 0.033757 0.000000
vt 0.437184 0.033446 0.000000
vt 0.087816 0.033446 0.000000
vt 0.262500 0.022505 0.000000
vt 0.102750 0.018474 0.000000
vt 0.262500 0.011252 0.000000
vt 0.116864 0.002783 0.000000
vt 0.262500 0.000000 0.000000
vt 0.123247 -0.005570 0.000000
vt 0.262500 -0.011252 0.000000
vt 0.128885 -0.014415 0.000000
vt 0.262500 -0.022505 0.000000
vt 0.133425 -0.023817 0.000000
vt 0.388566 -0.033757 0.000000
vt 0.136434 -0.033757 0.000000
vt 0.391575 -0.023817 0.000000
vt 0.396115 -0.014415 0.000000
vt 0.401753 -0.005570 0.000000
vt 0.408136 0.002783 0.000000
vt 0.422250 0.018474 0.000000
vt -0.040500 0.251066 0.000000
vt -0.050965 0.250000 0.000000
vt -0.040500 -0.001066 0.000000
vt -0.050965 0.000000 0.000000
vt -0.177080 0.125000 0.000000
vt -0.175607 0.000000 0.000000
vt -0.177080 0.000001 0.000000
vt -0.175607 0.250000 0.000000
vt -0.177080 0.250000 0.000000
vt -0.253138 -0.145757 0.000000
vt -0.129035 -0.186890 0.000000
vt -0.196041 -0.034962 0.000000
vt -0.024738 -0.105918 0.000000
vt -0.008246 -0.236923 0.000000
vt 0.146564 -0.176874 0.000000
vt 0.108594 -0.295591 0.000000
vt -0.157080 2.321307 0.000000
vt -0.157080 2.159718 0.000000
vt -0.156764 2.320993 0.000000
vt -0.141583 2.306155 0.000000
vt -0.143990 2.078923 0.000000
vt -0.130900 2.078923 0.000000
vt -0.125695 1.865656 0.000000
vt -0.117253 1.871929 0.000000
vt -0.157080 1.998128 0.000000
vt -0.141583 1.851691 0.000000
vt -0.157080 1.836539 0.000000
vt -0.156764 1.836853 0.000000
vt -0.117810 2.078923 0.000000
vt -0.108331 1.877432 0.000000
vt -0.098865 1.881813 0.000000
vt -0.104720 2.078923 0.000000
vt -0.088884 1.884650 0.000000
vt -0.091630 2.078923 0.000000
vt -0.078540 2.014822 0.000000
vt -0.078540 2.143024 0.000000
vt -0.078540 1.886620 0.000000
vt -0.078540 2.271226 0.000000
vt -0.088884 2.273196 0.000000
vt -0.098865 2.276033 0.000000
vt -0.108331 2.280414 0.000000
vt -0.117253 2.285917 0.000000
vt -0.125695 2.292190 0.000000
vt 1.611434 -0.033757 0.000000
vt 1.863566 -0.033757 0.000000
vt 1.608425 -0.023817 0.000000
vt 1.737500 -0.022505 0.000000
vt 1.603885 -0.014415 0.000000
vt 1.737500 -0.011252 0.000000
vt 1.598247 -0.005570 0.000000
vt 1.737500 -0.000000 0.000000
vt 1.591864 0.002783 0.000000
vt 1.737500 0.011252 0.000000
vt 1.577750 0.018474 0.000000
vt 1.737500 0.022505 0.000000
vt 1.562816 0.033446 0.000000
vt 1.912184 0.033446 0.000000
vt 1.562500 0.033757 0.000000
vt 1.912500 0.033757 0.000000
vt 1.866575 -0.023817 0.000000
vt 1.871115 -0.014415 0.000000
vt 1.876753 -0.005570 0.000000
vt 1.883136 0.002783 0.000000
vt 1.897250 0.018474 0.000000
vt -1.562500 0.033757 0.000000
vt -1.912500 0.033757 0.000000
vt -1.562816 0.033446 0.000000
vt -1.912184 0.033446 0.000000
vt -1.737500 0.022505 0.000000
vt -1.897250 0.018474 0.000000
vt -1.737500 0.011252 0.000000
vt -1.883136 0.002783 0.000000
vt -1.737500 -0.000000 0.000000
vt -1.876753 -0.005570 0.000000
vt -1.737500 -0.011252 0.000000
vt -1.871115 -0.014415 0.000000
vt -1.737500 -0.022505 0.000000
vt -1.866575 -0.023817 0.000000
vt -1.611434 -0.033757 0.000000
vt -1.863566 -0.033757 0.000000
vt -1.608425 -0.023817 0.000000
vt -1.603885 -0.014415 0.000000
vt -1.598247 -0.005570 0.000000
vt -1.591864 0.002783 0.000000
vt -1.577750 0.018474 0.000000
vt -0.157080 3.707256 0.000000
vt -0.157080 3.545666 0.000000
vt -0.156764 3.706942 0.000000
vt -0.141583 3.692104 0.000000
vt -0.143990 3.464872 0.000000
vt -0.130900 3.464872 0.000000
vt -0.125695 3.251604 0.000000
vt -0.117253 3.257878 0.000000
vt -0.157080 3.384077 0.000000
vt -0.141583 3.237640 0.000000
vt -0.157080 3.222487 0.000000
vt -0.156764 3.222802 0.000000
vt -0.117810 3.464872 0.000000
vt -0.108331 3.263380 0.000000
vt -0.098865 3.267761 0.000000
vt -0.104720 3.464872 0.000000
vt -0.088884 3.270599 0.000000
vt -0.091630 3.464872 0.000000
vt -0.078540 3.400771 0.000000
vt -0.078540 3.528973 0.000000
vt -0.078540 3.272569 0.000000
vt -0.078540 3.657174 0.000000
vt -0.088884 3.659144 0.000000
vt -0.098865 3.661982 0.000000
vt -0.108331 3.666363 0.000000
vt -0.117253 3.671865 0.000000
vt -0.125695 3.678139 0.000000
vt 0.561579 0.251066 0.000000
vt 0.551115 0.250000 0.000000
vt 0.561579 -0.001066 0.000000
vt 0.551115 0.000000 0.000000
vt 0.425000 0.125000 0.000000
vt 0.426473 0.000000 0.000000
vt 0.425000 0.000000 0.000000
vt 0.426473 0.250000 0.000000
vt 0.425000 0.249999 0.000000
vt -0.108594 -0.295591 0.000000
vt 0.008246 -0.236923 0.000000
vt -0.146564 -0.176874 0.000000
vt 0.024738 -0.105918 0.000000
vt 0.129035 -0.186890 0.000000
vt 0.196041 -0.034962 0.000000
vt 0.253138 -0.145757 0.000000
vt -1.912500 0.607099 0.000000
vt -2.000000 0.471239 0.000000
vt -1.912500 0.446851 0.000000
vt -2.000000 0.157080 0.000000
vt -1.265000 0.392699 0.000000
vt -1.265000 0.078540 0.000000
vt -2.000000 -0.157080 0.000000
vt -1.265000 -0.235619 0.000000
vt -2.000000 -0.471239 0.000000
vt -1.912500 -0.446851 0.000000
vt -1.912500 -0.607099 0.000000
vt -2.000000 -0.785398 0.000000
vt -1.912500 -0.767348 0.000000
vt -1.912500 -0.927596 0.000000
vt -2.000000 -1.099557 0.000000
vt -1.562500 -0.927596 0.000000
vt -1.265000 -1.178097 0.000000
vt -1.265000 -0.863938 0.000000
vt -2.000000 0.785398 0.000000
vt -1.912500 0.767348 0.000000
vt -1.912500 0.927596 0.000000
vt -1.562500 0.927596 0.000000
vt -1.265000 1.021018 0.000000
vt -2.000000 1.099557 0.000000
vt -1.265000 0.706858 0.000000
vt -1.562500 0.767348 0.000000
vt -1.562500 0.607099 0.000000
vt -1.562500 0.446851 0.000000
vt -1.912500 3.195744 0.000000
vt -2.000000 2.984513 0.000000
vt -1.562500 3.195744 0.000000
vt -1.265000 2.905973 0.000000
vt -1.265000 3.220132 0.000000
vt -2.000000 3.298672 0.000000
vt -1.912500 3.355993 0.000000
vt -1.912500 3.516241 0.000000
vt -2.000000 3.612832 0.000000
vt -1.912500 3.676490 0.000000
vt -2.000000 3.926991 0.000000
vt -1.265000 3.848451 0.000000
vt -1.265000 4.162610 0.000000
vt -1.562500 3.676490 0.000000
vt -1.265000 3.534292 0.000000
vt -1.562500 3.516241 0.000000
vt -1.562500 3.355993 0.000000
vt -1.912500 -4.890688 0.000000
vt -2.000000 -4.869469 0.000000
vt -1.912500 -5.050937 0.000000
vt -2.000000 -5.183628 0.000000
vt -1.562500 -5.050937 0.000000
vt -1.265000 -5.262168 0.000000
vt -1.265000 -4.948008 0.000000
vt -1.912500 -4.730439 0.000000
vt -2.000000 -4.555309 0.000000
vt -1.912500 -4.570191 0.000000
vt -1.562500 -4.570191 0.000000
vt -1.562500 -4.730439 0.000000
vt -1.265000 -4.633849 0.000000
vt -1.265000 -4.319690 0.000000
vt -2.000000 -4.241150 0.000000
vt -1.265000 -4.005531 0.000000
vt -2.000000 -3.926991 0.000000
vt -1.265000 -3.691371 0.000000
vt -1.912500 -3.676490 0.000000
vt -1.562500 -3.676490 0.000000
vt -1.562500 -3.516241 0.000000
vt -1.265000 -3.377212 0.000000
vt -1.562500 -3.355993 0.000000
vt -1.562500 -3.195744 0.000000
vt -1.265000 -3.063053 0.000000
vt -1.912500 -3.195744 0.000000
vt -2.000000 -2.984513 0.000000
vt -2.000000 -3.298672 0.000000
vt -1.562500 -4.890688 0.000000
vt -1.912500 -2.302043 0.000000
vt -2.000000 -2.356194 0.000000
vt -1.562500 -2.302043 0.000000
vt -1.265000 -2.434734 0.000000
vt -1.265000 -2.120575 0.000000
vt -1.912500 -2.141794 0.000000
vt -2.000000 -2.042035 0.000000
vt -1.912500 -1.981546 0.000000
vt -1.912500 -1.821297 0.000000
vt -1.562500 -1.821297 0.000000
vt -1.265000 -1.806416 0.000000
vt -2.000000 -1.727876 0.000000
vt -1.562500 -1.981546 0.000000
vt -1.562500 -2.141794 0.000000
vt -2.000000 5.183628 0.000000
vt -1.265000 5.419247 0.000000
vt -2.000000 5.497787 0.000000
vt -2.000000 -5.497787 0.000000
vt -1.265000 -5.576327 0.000000
vt -2.000000 4.869469 0.000000
vt -1.912500 5.050937 0.000000
vt -1.265000 5.105088 0.000000
vt -2.000000 4.555309 0.000000
vt -1.912500 4.730439 0.000000
vt -1.912500 4.890688 0.000000
vt -2.000000 4.241150 0.000000
vt -1.265000 4.476770 0.000000
vt -1.562500 4.570191 0.000000
vt -1.912500 4.570191 0.000000
vt -2.000000 2.670354 0.000000
vt -1.265000 2.591814 0.000000
vt -2.000000 2.356194 0.000000
vt -1.562500 2.302043 0.000000
vt -1.912500 2.302043 0.000000
vt -1.912500 2.141794 0.000000
vt -2.000000 2.042035 0.000000
vt -1.912500 1.981546 0.000000
vt -1.912500 1.821297 0.000000
vt -2.000000 1.727876 0.000000
vt -1.562500 1.821297 0.000000
vt -1.265000 1.649336 0.000000
vt -1.265000 1.963495 0.000000
vt -2.000000 1.413717 0.000000
vt -1.265000 1.335177 0.000000
vt -2.000000 -1.413717 0.000000
vt -1.265000 -1.492257 0.000000
vt -2.000000 -2.670354 0.000000
vt -1.265000 -2.748894 0.000000
vt -2.000000 -3.612832 0.000000
vt -1.912500 -3.516241 0.000000
vt -1.912500 -3.355993 0.000000
vt -1.562500 -0.767348 0.000000
vt -1.265000 -0.549779 0.000000
vt -1.562500 -0.607099 0.000000
vt -1.562500 -0.446851 0.000000
vt -1.265000 2.277655 0.000000
vt -1.562500 2.141794 0.000000
vt -1.562500 1.981546 0.000000
vt -1.265000 4.790929 0.000000
vt -1.562500 4.730439 0.000000
vt -1.562500 4.890688 0.000000
vt -1.562500 5.050937 0.000000
vt -0.157080 3.707256 0.000000
vt -0.157080 3.545666 0.000000
vt -0.156764 3.706942 0.000000
vt -0.141583 3.692104 0.000000
vt -0.143990 3.464872 0.000000
vt -0.130900 3.464872 0.000000
vt -0.125695 3.251604 0.000000
vt -0.117253 3.257878 0.000000
vt -0.157080 3.384077 0.000000
vt -0.141583 3.237640 0.000000
vt -0.157080 3.222487 0.000000
vt -0.156764 3.222802 0.000000
vt -0.117810 3.464872 0.000000
vt -0.108331 3.263380 0.000000
vt -0.098865 3.267761 0.000000
vt -0.104720 3.464872 0.000000
vt -0.088884 3.270599 0.000000
vt -0.091630 3.464872 0.000000
vt -0.078540 3.400771 0.000000
vt -0.078540 3.528973 0.000000
vt -0.078540 3.272569 0.000000
vt -0.078540 3.657174 0.000000
vt -0.088884 3.659144 0.000000
vt -0.098865 3.661982 0.000000
vt -0.108331 3.666363 0.000000
vt -0.117253 3.671865 0.000000
vt -0.125695 3.678139 0.000000
vt 1.912500 0.033757 0.000000
vt 1.562500 0.033757 0.000000
vt 1.912184 0.033446 0.000000
vt 1.562816 0.033446 0.000000
vt 1.737500 0.022505 0.000000
vt 1.577750 0.018474 0.000000
vt 1.737500 0.011252 0.000000
vt 1.591864 0.002783 0.000000
vt 1.737500 -0.000000 0.000000
vt 1.598247 -0.005570 0.000000
vt 1.737500 -0.011252 0.000000
vt 1.603885 -0.014415 0.000000
vt 1.737500 -0.022505 0.000000
vt 1.608425 -0.023817 0.000000
vt 1.863566 -0.033757 0.000000
vt 1.611434 -0.033757 0.000000
vt 1.866575 -0.023817 0.000000
vt 1.871115 -0.014415 0.000000
vt 1.876753 -0.005570 0.000000
vt 1.883136 0.002783 0.000000
vt 1.897250 0.018474 0.000000
vt -0.078540 1.886620 0.000000
vt -0.078540 2.014822 0.000000
vt -0.088884 1.884650 0.000000
vt -0.091630 2.078923 0.000000
vt -0.104720 2.078923 0.000000
vt -0.098865 2.276033 0.000000
vt -0.108331 2.280414 0.000000
vt -0.078540 2.143024 0.000000
vt -0.088884 2.273196 0.000000
vt -0.078540 2.271226 0.000000
vt -0.117810 2.078923 0.000000
vt -0.117253 2.285917 0.000000
vt -0.125695 2.292190 0.000000
vt -0.130900 2.078923 0.000000
vt -0.141583 2.306155 0.000000
vt -0.143990 2.078923 0.000000
vt -0.157080 2.159718 0.000000
vt -0.157080 1.998128 0.000000
vt -0.156764 2.320993 0.000000
vt -0.157080 2.321307 0.000000
vt -0.157080 1.836539 0.000000
vt -0.156764 1.836853 0.000000
vt -0.141583 1.851691 0.000000
vt -0.125695 1.865656 0.000000
vt -0.117253 1.871929 0.000000
vt -0.108331 1.877432 0.000000
vt -0.098865 1.881813 0.000000
vt -1.562500 0.033757 0.000000
vt -1.912500 0.033757 0.000000
vt -1.562816 0.033446 0.000000
vt -1.912184 0.033446 0.000000
vt -1.737500 0.022505 0.000000
vt -1.897250 0.018474 0.000000
vt -1.737500 0.011252 0.000000
vt -1.883136 0.002783 0.000000
vt -1.737500 0.000000 0.000000
vt -1.876753 -0.005570 0.000000
vt -1.737500 -0.011252 0.000000
vt -1.871115 -0.014415 0.000000
vt -1.737500 -0.022505 0.000000
vt -1.866575 -0.023817 0.000000
vt -1.611434 -0.033757 0.000000
vt -1.863566 -0.033757 0.000000
vt -1.608425 -0.023817 0.000000
vt -1.603885 -0.014415 0.000000
vt -1.598247 -0.005570 0.000000
vt -1.591864 0.002783 0.000000
vt -1.577750 0.018474 0.000000
vt 0.561579 0.251066 0.000000
vt 0.551115 0.250000 0.000000
vt 0.561579 -0.001066 0.000000
vt 0.551115 0.000000 0.000000
vt 0.425000 0.125000 0.000000
vt 0.426473 0.000000 0.000000
vt 0.425000 0.000000 0.000000
vt 0.426473 0.250000 0.000000
vt 0.425000 0.249999 0.000000
vt -0.108594 -0.295591 0.000000
vt 0.008246 -0.236923 0.000000
vt -0.146564 -0.176874 0.000000
vt 0.024738 -0.105918 0.000000
vt 0.129035 -0.186890 0.000000
vt 0.196041 -0.034962 0.000000
vt 0.253138 -0.145757 0.000000
vt 1.912500 0.033757 0.000000
vt 1.562500 0.033757 0.000000
vt 1.912184 0.033446 0.000000
vt 1.562816 0.033446 0.000000
vt 1.737500 0.022505 0.000000
vt 1.577750 0.018474 0.000000
vt 1.737500 0.011252 0.000000
vt 1.591864 0.002783 0.000000
vt 1.737500 -0.000000 0.000000
vt 1.598247 -0.005570 0.000000
vt 1.737500 -0.011252 0.000000
vt 1.603885 -0.014415 0.000000
vt 1.737500 -0.022505 0.000000
vt 1.608425 -0.023817 0.000000
vt 1.863566 -0.033757 0.000000
vt 1.611434 -0.033757 0.000000
vt 1.866575 -0.023817 0.000000
vt 1.871115 -0.014415 0.000000
vt 1.876753 -0.005570 0.000000
vt 1.883136 0.002783 0.000000
vt 1.897250 0.018474 0.000000
vt -0.078540 4.658518 0.000000
vt -0.078540 4.786719 0.000000
vt -0.088884 4.656548 0.000000
vt -0.091630 4.850820 0.000000
vt -0.104720 4.850820 0.000000
vt -0.098865 5.047931 0.000000
vt -0.108331 5.052312 0.000000
vt -0.078540 4.914921 0.000000
vt -0.088884 5.045093 0.000000
vt -0.078540 5.043123 0.000000
vt -0.117810 4.850820 0.000000
vt -0.117253 5.057814 0.000000
vt -0.125695 5.064088 0.000000
vt -0.130900 4.850820 0.000000
vt -0.141583 5.078052 0.000000
vt -0.143990 4.850820 0.000000
vt -0.157080 4.931615 0.000000
vt -0.157080 4.770026 0.000000
vt -0.156764 5.092890 0.000000
vt -0.157080 5.093205 0.000000
vt -0.157080 4.608436 0.000000
vt -0.156764 4.608750 0.000000
vt -0.141583 4.623588 0.000000
vt -0.125695 4.637553 0.000000
vt -0.117253 4.643827 0.000000
vt -0.108331 4.649329 0.000000
vt -0.098865 4.653710 0.000000
vt -1.562500 0.033757 0.000000
vt -1.912500 0.033757 0.000000
vt -1.562816 0.033446 0.000000
vt -1.912184 0.033446 0.000000
vt -1.737500 0.022505 0.000000
vt -1.897250 0.018474 0.000000
vt -1.737500 0.011252 0.000000
vt -1.883136 0.002783 0.000000
vt -1.737500 0.000000 0.000000
vt -1.876753 -0.005570 0.000000
vt -1.737500 -0.011252 0.000000
vt -1.871115 -0.014415 0.000000
vt -1.737500 -0.022505 0.000000
vt -1.866575 -0.023817 0.000000
vt -1.611434 -0.033757 0.000000
vt -1.863566 -0.033757 0.000000
vt -1.608425 -0.023817 0.000000
vt -1.603885 -0.014415 0.000000
vt -1.598247 -0.005570 0.000000
vt -1.591864 0.002783 0.000000
vt -1.577750 0.018474 0.000000
vt -0.157080 0.935359 0.000000
vt -0.157080 0.773769 0.000000
vt -0.156764 0.935044 0.000000
vt -0.141583 0.920206 0.000000
vt -0.143990 0.692974 0.000000
vt -0.130900 0.692974 0.000000
vt -0.125695 0.479707 0.000000
vt -0.117253 0.485981 0.000000
vt -0.157080 0.612180 0.000000
vt -0.141583 0.465742 0.000000
vt -0.157080 0.450590 0.000000
vt -0.156764 0.450904 0.000000
vt -0.117810 0.692974 0.000000
vt -0.108331 0.491483 0.000000
vt -0.098865 0.495864 0.000000
vt -0.104720 0.692974 0.000000
vt -0.088884 0.498702 0.000000
vt -0.091630 0.692974 0.000000
vt -0.078540 0.628873 0.000000
vt -0.078540 0.757075 0.000000
vt -0.078540 0.500672 0.000000
vt -0.078540 0.885277 0.000000
vt -0.088884 0.887247 0.000000
vt -0.098865 0.890085 0.000000
vt -0.108331 0.894466 0.000000
vt -0.117253 0.899968 0.000000
vt -0.125695 0.906242 0.000000
vt -0.253138 -0.145757 0.000000
vt -0.129035 -0.186890 0.000000
vt -0.196041 -0.034962 0.000000
vt -0.024738 -0.105918 0.000000
vt -0.008246 -0.236923 0.000000
vt 0.146564 -0.176874 0.000000
vt 0.108594 -0.295591 0.000000
vt 0.561579 0.251066 0.000000
vt 0.551115 0.250000 0.000000
vt 0.561579 -0.001066 0.000000
vt 0.551115 0.000000 0.000000
vt 0.425000 0.125000 0.000000
vt 0.426473 0.000000 0.000000
vt 0.425000 0.000000 0.000000
vt 0.426473 0.250000 0.000000
vt 0.425000 0.249999 0.000000
vt 1.912500 0.033757 0.000000
vt 1.562500 0.033757 0.000000
vt 1.912184 0.033446 0.000000
vt 1.562816 0.033446 0.000000
vt 1.737500 0.022505 0.000000
vt 1.577750 0.018474 0.000000
vt 1.737500 0.011252 0.000000
vt 1.591864 0.002783 0.000000
vt 1.737500 -0.000000 0.000000
vt 1.598247 -0.005570 0.000000
vt 1.737500 -0.011252 0.000000
vt 1.603885 -0.014415 0.000000
vt 1.737500 -0.022505 0.000000
vt 1.608425 -0.023817 0.000000
vt 1.863566 -0.033757 0.000000
vt 1.611434 -0.033757 0.000000
vt 1.866575 -0.023817 0.000000
vt 1.871115 -0.014415 0.000000
vt 1.876753 -0.005570 0.000000
vt 1.883136 0.002783 0.000000
vt 1.897250 0.018474 0.000000
vt -0.078540 -5.043123 0.000000
vt -0.078540 -4.914921 0.000000
vt -0.088884 -5.045093 0.000000
vt -0.091630 -4.850820 0.000000
vt -0.104720 -4.850820 0.000000
vt -0.098865 -4.653710 0.000000
vt -0.108331 -4.649329 0.000000
vt -0.078540 -4.786719 0.000000
vt -0.088884 -4.656548 0.000000
vt -0.078540 -4.658518 0.000000
vt -0.117810 -4.850820 0.000000
vt -0.117253 -4.643827 0.000000
vt -0.125695 -4.637553 0.000000
vt -0.130900 -4.850820 0.000000
vt -0.141583 -4.623588 0.000000
vt -0.143990 -4.850820 0.000000
vt -0.157080 -4.770026 0.000000
vt -0.157080 -4.931615 0.000000
vt -0.156764 -4.608750 0.000000
vt -0.157080 -4.608436 0.000000
vt -0.157080 -5.093205 0.000000
vt -0.156764 -5.092890 0.000000
vt -0.141583 -5.078052 0.000000
vt -0.125695 -5.064088 0.000000
vt -0.117253 -5.057814 0.000000
vt -0.108331 -5.052312 0.000000
vt -0.098865 -5.047931 0.000000
vt -1.562500 0.033757 0.000000
vt -1.912500 0.033757 0.000000
vt -1.562816 0.033446 0.000000
vt -1.912184 0.033446 0.000000
vt -1.737500 0.022505 0.000000
vt -1.897250 0.018474 0.000000
vt -1.737500 0.011252 0.000000
vt -1.883136 0.002783 0.000000
vt -1.737500 0.000000 0.000000
vt -1.876753 -0.005570 0.000000
vt -1.737500 -0.011252 0.000000
vt -1.871115 -0.014415 0.000000
vt -1.737500 -0.022505 0.000000
vt -1.866575 -0.023817 0.000000
vt -1.611434 -0.033757 0.000000
vt -1.863566 -0.033757 0.000000
vt -1.608425 -0.023817 0.000000
vt -1.603885 -0.014415 0.000000
vt -1.598247 -0.005570 0.000000
vt -1.591864 0.002783 0.000000
vt -1.577750 0.018474 0.000000
vt -0.157080 -0.450590 0.000000
vt -0.157080 -0.612180 0.000000
vt -0.156764 -0.450904 0.000000
vt -0.141583 -0.465742 0.000000
vt -0.143990 -0.692974 0.000000
vt -0.130900 -0.692974 0.000000
vt -0.125695 -0.906242 0.000000
vt -0.117253 -0.899968 0.000000
vt -0.157080 -0.773769 0.000000
vt -0.141583 -0.920206 0.000000
vt -0.157080 -0.935359 0.000000
vt -0.156764 -0.935044 0.000000
vt -0.117810 -0.692974 0.000000
vt -0.108331 -0.894466 0.000000
vt -0.098865 -0.890085 0.000000
vt -0.104720 -0.692974 0.000000
vt -0.088884 -0.887247 0.000000
vt -0.091630 -0.692974 0.000000
vt -0.078540 -0.757075 0.000000
vt -0.078540 -0.628873 0.000000
vt -0.078540 -0.885277 0.000000
vt -0.078540 -0.500672 0.000000
vt -0.088884 -0.498702 0.000000
vt -0.098865 -0.495864 0.000000
vt -0.108331 -0.491483 0.000000
vt -0.117253 -0.485981 0.000000
vt -0.125695 -0.479707 0.000000
vt -0.253138 -0.145757 0.000000
vt -0.129035 -0.186890 0.000000
vt -0.196041 -0.034962 0.000000
vt -0.024738 -0.105918 0.000000
vt -0.008246 -0.236923 0.000000
vt 0.146564 -0.176874 0.000000
vt 0.108594 -0.295591 0.000000
vt 0.561579 0.251066 0.000000
vt 0.551115 0.250000 0.000000
vt 0.561579 -0.001066 0.000000
vt 0.551115 0.000000 0.000000
vt 0.425000 0.125000 0.000000
vt 0.426473 0.000000 0.000000
vt 0.425000 0.000000 0.000000
vt 0.426473 0.250000 0.000000
vt 0.425000 0.249999 0.000000
vt 1.912500 0.033757 0.000000
vt 1.562500 0.033757 0.000000
vt 1.912184 0.033446 0.000000
vt 1.562816 0.033446 0.000000
vt 1.737500 0.022505 0.000000
vt 1.577750 0.018474 0.000000
vt 1.737500 0.011252 0.000000
vt 1.591864 0.002783 0.000000
vt 1.737500 0.000000 0.000000
vt 1.598247 -0.005570 0.000000
vt 1.737500 -0.011252 0.000000
vt 1.603885 -0.014415 0.000000
vt 1.737500 -0.022505 0.000000
vt 1.608425 -0.023817 0.000000
vt 1.863566 -0.033757 0.000000
vt 1.611434 -0.033757 0.000000
vt 1.866575 -0.023817 0.000000
vt 1.871115 -0.014415 0.000000
vt 1.876753 -0.005570 0.000000
vt 1.883136 0.002783 0.000000
vt 1.897250 0.018474 0.000000
vt -0.078540 -3.657174 0.000000
vt -0.078540 -3.528973 0.000000
vt -0.088884 -3.659144 0.000000
vt -0.091630 -3.464872 0.000000
vt -0.104720 -3.464872 0.000000
vt -0.098865 -3.267761 0.000000
vt -0.108331 -3.263380 0.000000
vt -0.078540 -3.400771 0.000000
vt -0.088884 -3.270599 0.000000
vt -0.078540 -3.272569 0.000000
vt -0.117810 -3.464872 0.000000
vt -0.117253 -3.257878 0.000000
vt -0.125695 -3.251604 0.000000
vt -0.130900 -3.464872 0.000000
vt -0.141583 -3.237640 0.000000
vt -0.143990 -3.464872 0.000000
vt -0.157080 -3.384077 0.000000
vt -0.157080 -3.545666 0.000000
vt -0.156764 -3.222802 0.000000
vt -0.157080 -3.222487 0.000000
vt -0.157080 -3.707256 0.000000
vt -0.156764 -3.706942 0.000000
vt -0.141583 -3.692104 0.000000
vt -0.125695 -3.678139 0.000000
vt -0.117253 -3.671865 0.000000
vt -0.108331 -3.666363 0.000000
vt -0.098865 -3.661982 0.000000
vt -1.562500 0.033757 0.000000
vt -1.912500 0.033757 0.000000
vt -1.562816 0.033446 0.000000
vt -1.912184 0.033446 0.000000
vt -1.737500 0.022505 0.000000
vt -1.897250 0.018474 0.000000
vt -1.737500 0.011252 0.000000
vt -1.883136 0.002783 0.000000
vt -1.737500 -0.000000 0.000000
vt -1.876753 -0.005570 0.000000
vt -1.737500 -0.011252 0.000000
vt -1.871115 -0.014415 0.000000
vt -1.737500 -0.022505 0.000000
vt -1.866575 -0.023817 0.000000
vt -1.611434 -0.033757 0.000000
vt -1.863566 -0.033757 0.000000
vt -1.608425 -0.023817 0.000000
vt -1.603885 -0.014415 0.000000
vt -1.598247 -0.005570 0.000000
vt -1.591864 0.002783 0.000000
vt -1.577750 0.018474 0.000000
vt -0.157080 -1.836539 0.000000
vt -0.157080 -1.998128 0.000000
vt -0.156764 -1.836853 0.000000
vt -0.141583 -1.851691 0.000000
vt -0.143990 -2.078923 0.000000
vt -0.130900 -2.078923 0.000000
vt -0.125695 -2.292190 0.000000
vt -0.117253 -2.285917 0.000000
vt -0.157080 -2.159718 0.000000
vt -0.141583 -2.306155 0.000000
vt -0.157080 -2.321307 0.000000
vt -0.156764 -2.320993 0.000000
vt -0.117810 -2.078923 0.000000
vt -0.108331 -2.280414 0.000000
vt -0.098865 -2.276033 0.000000
vt -0.104720 -2.078923 0.000000
vt -0.088884 -2.273196 0.000000
vt -0.091630 -2.078923 0.000000
vt -0.078540 -2.143024 0.000000
vt -0.078540 -2.014822 0.000000
vt -0.078540 -2.271226 0.000000
vt -0.078540 -1.886620 0.000000
vt -0.088884 -1.884650 0.000000
vt -0.098865 -1.881813 0.000000
vt -0.108331 -1.877432 0.000000
vt -0.117253 -1.871929 0.000000
vt -0.125695 -1.865656 0.000000
vt -0.253138 -0.145757 0.000000
vt -0.129035 -0.186890 0.000000
vt -0.196041 -0.034962 0.000000
vt -0.024738 -0.105918 0.000000
vt -0.008246 -0.236923 0.000000
vt 0.146564 -0.176874 0.000000
vt 0.108594 -0.295591 0.000000
vt 0.561579 0.251066 0.000000
vt 0.551115 0.250000 0.000000
vt 0.561579 -0.001066 0.000000
vt 0.551115 0.000000 0.000000
vt 0.425000 0.125000 0.000000
vt 0.426473 0.000000 0.000000
vt 0.425000 0.000000 0.000000
vt 0.426473 0.250000 0.000000
vt 0.425000 0.249999 0.000000
vt -0.157080 -1.836539 0.000000
vt -0.157080 -1.998128 0.000000
vt -0.156764 -1.836853 0.000000
vt -0.141583 -1.851691 0.000000
vt -0.143990 -2.078923 0.000000
vt -0.130900 -2.078923 0.000000
vt -0.125695 -2.292190 0.000000
vt -0.117253 -2.285917 0.000000
vt -0.157080 -2.159718 0.000000
vt -0.141583 -2.306155 0.000000
vt -0.157080 -2.321307 0.000000
vt -0.156764 -2.320993 0.000000
vt -0.117810 -2.078923 0.000000
vt -0.108331 -2.280414 0.000000
vt -0.098865 -2.276033 0.000000
vt -0.104720 -2.078923 0.000000
vt -0.088884 -2.273196 0.000000
vt -0.091630 -2.078923 0.000000
vt -0.078540 -2.143024 0.000000
vt -0.078540 -2.014822 0.000000
vt -0.078540 -2.271226 0.000000
vt -0.078540 -1.886620 0.000000
vt -0.088884 -1.884650 0.000000
vt -0.098865 -1.881813 0.000000
vt -0.108331 -1.877432 0.000000
vt -0.117253 -1.871929 0.000000
vt -0.125695 -1.865656 0.000000
vt 1.912500 0.033757 0.000000
vt 1.562500 0.033757 0.000000
vt 1.912184 0.033446 0.000000
vt 1.562816 0.033446 0.000000
vt 1.737500 0.022505 0.000000
vt 1.577750 0.018474 0.000000
vt 1.737500 0.011252 0.000000
vt 1.591864 0.002783 0.000000
vt 1.737500 -0.000000 0.000000
vt 1.598247 -0.005570 0.000000
vt 1.737500 -0.011252 0.000000
vt 1.603885 -0.014415 0.000000
vt 1.737500 -0.022505 0.000000
vt 1.608425 -0.023817 0.000000
vt 1.863566 -0.033757 0.000000
vt 1.611434 -0.033757 0.000000
vt 1.866575 -0.023817 0.000000
vt 1.871115 -0.014415 0.000000
vt 1.876753 -0.005570 0.000000
vt 1.883136 0.002783 0.000000
vt 1.897250 0.018474 0.000000
vt -1.863566 -0.033757 0.000000
vt -1.611434 -0.033757 0.000000
vt -1.866575 -0.023817 0.000000
vt -1.737500 -0.022505 0.000000
vt -1.871115 -0.014415 0.000000
vt -1.737500 -0.011252 0.000000
vt -1.876753 -0.005570 0.000000
vt -1.737500 0.000000 0.000000
vt -1.883136 0.002783 0.000000
vt -1.737500 0.011252 0.000000
vt -1.897250 0.018474 0.000000
vt -1.737500 0.022505 0.000000
vt -1.912184 0.033446 0.000000
vt -1.562816 0.033446 0.000000
vt -1.912500 0.033757 0.000000
vt -1.562500 0.033757 0.000000
vt -1.608425 -0.023817 0.000000
vt -1.603885 -0.014415 0.000000
vt -1.598247 -0.005570 0.000000
vt -1.591864 0.002783 0.000000
vt -1.577750 0.018474 0.000000
vt -0.157080 -3.222487 0.000000
vt -0.157080 -3.384077 0.000000
vt -0.156764 -3.222802 0.000000
vt -0.141583 -3.237640 0.000000
vt -0.143990 -3.464872 0.000000
vt -0.130900 -3.464872 0.000000
vt -0.125695 -3.678139 0.000000
vt -0.117253 -3.671865 0.000000
vt -0.157080 -3.545666 0.000000
vt -0.141583 -3.692104 0.000000
vt -0.157080 -3.707256 0.000000
vt -0.156764 -3.706942 0.000000
vt -0.117810 -3.464872 0.000000
vt -0.108331 -3.666363 0.000000
vt -0.098865 -3.661982 0.000000
vt -0.104720 -3.464872 0.000000
vt -0.088884 -3.659144 0.000000
vt -0.091630 -3.464872 0.000000
vt -0.078540 -3.528973 0.000000
vt -0.078540 -3.400771 0.000000
vt -0.078540 -3.657174 0.000000
vt -0.078540 -3.272569 0.000000
vt -0.088884 -3.270599 0.000000
vt -0.098865 -3.267761 0.000000
vt -0.108331 -3.263380 0.000000
vt -0.117253 -3.257878 0.000000
vt -0.125695 -3.251604 0.000000
vt 0.561579 0.251066 0.000000
vt 0.551115 0.250000 0.000000
vt 0.561579 -0.001066 0.000000
vt 0.551115 0.000000 0.000000
vt 0.425000 0.125000 0.000000
vt 0.426473 0.000000 0.000000
vt 0.425000 0.000000 0.000000
vt 0.426473 0.250000 0.000000
vt 0.425000 0.249999 0.000000
vt -0.108594 -0.295591 0.000000
vt 0.008246 -0.236923 0.000000
vt -0.146564 -0.176874 0.000000
vt 0.024738 -0.105918 0.000000
vt 0.129035 -0.186890 0.000000
vt 0.196041 -0.034962 0.000000
vt 0.253138 -0.145757 0.000000
vt 1.912500 0.033757 0.000000
vt 1.562500 0.033757 0.000000
vt 1.912184 0.033446 0.000000
vt 1.562816 0.033446 0.000000
vt 1.737500 0.022505 0.000000
vt 1.577750 0.018474 0.000000
vt 1.737500 0.011252 0.000000
vt 1.591864 0.002783 0.000000
vt 1.737500 -0.000000 0.000000
vt 1.598247 -0.005570 0.000000
vt 1.737500 -0.011252 0.000000
vt 1.603885 -0.014415 0.000000
vt 1.737500 -0.022505 0.000000
vt 1.608425 -0.023817 0.000000
vt 1.863566 -0.033757 0.000000
vt 1.611434 -0.033757 0.000000
vt 1.866575 -0.023817 0.000000
vt 1.871115 -0.014415 0.000000
vt 1.876753 -0.005570 0.000000
vt 1.883136 0.002783 0.000000
vt 1.897250 0.018474 0.000000
vt -0.078540 -0.885277 0.000000
vt -0.078540 -0.757075 0.000000
vt -0.088884 -0.887247 0.000000
vt -0.091630 -0.692974 0.000000
vt -0.104720 -0.692974 0.000000
vt -0.098865 -0.495864 0.000000
vt -0.108331 -0.491483 0.000000
vt -0.078540 -0.628873 0.000000
vt -0.088884 -0.498702 0.000000
vt -0.078540 -0.500672 0.000000
vt -0.117810 -0.692974 0.000000
vt -0.117253 -0.485981 0.000000
vt -0.125695 -0.479707 0.000000
vt -0.130900 -0.692974 0.000000
vt -0.141583 -0.465742 0.000000
vt -0.143990 -0.692974 0.000000
vt -0.157080 -0.612180 0.000000
vt -0.157080 -0.773769 0.000000
vt -0.156764 -0.450904 0.000000
vt -0.157080 -0.450590 0.000000
vt -0.157080 -0.935359 0.000000
vt -0.156764 -0.935044 0.000000
vt -0.141583 -0.920206 0.000000
vt -0.125695 -0.906242 0.000000
vt -0.117253 -0.899968 0.000000
vt -0.108331 -0.894466 0.000000
vt -0.098865 -0.890085 0.000000
vt -1.562500 0.033757 0.000000
vt -1.912500 0.033757 0.000000
vt -1.562816 0.033446 0.000000
vt -1.912184 0.033446 0.000000
vt -1.737500 0.022505 0.000000
vt -1.897250 0.018474 0.000000
vt -1.737500 0.011252 0.000000
vt -1.883136 0.002783 0.000000
vt -1.737500 -0.000000 0.000000
vt -1.876753 -0.005570 0.000000
vt -1.737500 -0.011252 0.000000
vt -1.871115 -0.014415 0.000000
vt -1.737500 -0.022505 0.000000
vt -1.866575 -0.023817 0.000000
vt -1.611434 -0.033757 0.000000
vt -1.863566 -0.033757 0.000000
vt -1.608425 -0.023817 0.000000
vt -1.603885 -0.014415 0.000000
vt -1.598247 -0.005570 0.000000
vt -1.591864 0.002783 0.000000
vt -1.577750 0.018474 0.000000
vt -0.157080 -4.608436 0.000000
vt -0.157080 -4.770026 0.000000
vt -0.156764 -4.608750 0.000000
vt -0.141583 -4.623588 0.000000
vt -0.143990 -4.850820 0.000000
vt -0.130900 -4.850820 0.000000
vt -0.125695 -5.064088 0.000000
vt -0.117253 -5.057814 0.000000
vt -0.157080 -4.931615 0.000000
vt -0.141583 -5.078052 0.000000
vt -0.157080 -5.093205 0.000000
vt -0.156764 -5.092890 0.000000
vt -0.117810 -4.850820 0.000000
vt -0.108331 -5.052312 0.000000
vt -0.098865 -5.047931 0.000000
vt -0.104720 -4.850820 0.000000
vt -0.088884 -5.045093 0.000000
vt -0.091630 -4.850820 0.000000
vt -0.078540 -4.914921 0.000000
vt -0.078540 -4.786719 0.000000
vt -0.078540 -5.043123 0.000000
vt -0.078540 -4.658518 0.000000
vt -0.088884 -4.656548 0.000000
vt -0.098865 -4.653710 0.000000
vt -0.108331 -4.649329 0.000000
vt -0.117253 -4.643827 0.000000
vt -0.125695 -4.637553 0.000000
vt -0.253138 -0.145757 0.000000
vt -0.129035 -0.186890 0.000000
vt -0.196041 -0.034962 0.000000
vt -0.024738 -0.105918 0.000000
vt -0.008246 -0.236923 0.000000
vt 0.146564 -0.176874 0.000000
vt 0.108594 -0.295591 0.000000
vt 0.561579 0.251066 0.000000
vt 0.551115 0.250000 0.000000
vt 0.561579 -0.001066 0.000000
vt 0.551115 0.000000 0.000000
vt 0.425000 0.125000 0.000000
vt 0.426473 0.000000 0.000000
vt 0.425000 0.000000 0.000000
vt 0.426473 0.250000 0.000000
vt 0.425000 0.249999 0.000000
vt 1.912500 0.033757 0.000000
vt 1.562500 0.033757 0.000000
vt 1.912184 0.033446 0.000000
vt 1.562816 0.033446 0.000000
vt 1.737500 0.022505 0.000000
vt 1.577750 0.018474 0.000000
vt 1.737500 0.011252 0.000000
vt 1.591864 0.002783 0.000000
vt 1.737500 0.000000 0.000000
vt 1.598247 -0.005570 0.000000
vt 1.737500 -0.011252 0.000000
vt 1.603885 -0.014415 0.000000
vt 1.737500 -0.022505 0.000000
vt 1.608425 -0.023817 0.000000
vt 1.863566 -0.033757 0.000000
vt 1.611434 -0.033757 0.000000
vt 1.866575 -0.023817 0.000000
vt 1.871115 -0.014415 0.000000
vt 1.876753 -0.005570 0.000000
vt 1.883136 0.002783 0.000000
vt 1.897250 0.018474 0.000000
vt -0.078540 0.500672 0.000000
vt -0.078540 0.628873 0.000000
vt -0.088884 0.498702 0.000000
vt -0.091630 0.692974 0.000000
vt -0.104720 0.692974 0.000000
vt -0.098865 0.890085 0.000000
vt -0.108331 0.894466 0.000000
vt -0.078540 0.757075 0.000000
vt -0.088884 0.887247 0.000000
vt -0.078540 0.885277 0.000000
vt -0.117810 0.692974 0.000000
vt -0.117253 0.899968 0.000000
vt -0.125695 0.906242 0.000000
vt -0.130900 0.692974 0.000000
vt -0.141583 0.920206 0.000000
vt -0.143990 0.692974 0.000000
vt -0.157080 0.773769 0.000000
vt -0.157080 0.612180 0.000000
vt -0.156764 0.935044 0.000000
vt -0.157080 0.935359 0.000000
vt -0.157080 0.450590 0.000000
vt -0.156764 0.450904 0.000000
vt -0.141583 0.465742 0.000000
vt -0.125695 0.479707 0.000000
vt -0.117253 0.485981 0.000000
vt -0.108331 0.491483 0.000000
vt -0.098865 0.495864 0.000000
vt -1.562500 0.033757 0.000000
vt -1.912500 0.033757 0.000000
vt -1.562816 0.033446 0.000000
vt -1.912184 0.033446 0.000000
vt -1.737500 0.022505 0.000000
vt -1.897250 0.018474 0.000000
vt -1.737500 0.011252 0.000000
vt -1.883136 0.002783 0.000000
vt -1.737500 -0.000000 0.000000
vt -1.876753 -0.005570 0.000000
vt -1.737500 -0.011252 0.000000
vt -1.871115 -0.014415 0.000000
vt -1.737500 -0.022505 0.000000
vt -1.866575 -0.023817 0.000000
vt -1.611434 -0.033757 0.000000
vt -1.863566 -0.033757 0.000000
vt -1.608425 -0.023817 0.000000
vt -1.603885 -0.014415 0.000000
vt -1.598247 -0.005570 0.000000
vt -1.591864 0.002783 0.000000
vt -1.577750 0.018474 0.000000
vt -0.157080 5.093205 0.000000
vt -0.157080 4.931615 0.000000
vt -0.156764 5.092890 0.000000
vt -0.141583 5.078052 0.000000
vt -0.143990 4.850820 0.000000
vt -0.130900 4.850820 0.000000
vt -0.125695 4.637553 0.000000
vt -0.117253 4.643827 0.000000
vt -0.157080 4.770026 0.000000
vt -0.141583 4.623588 0.000000
vt -0.157080 4.608436 0.000000
vt -0.156764 4.608750 0.000000
vt -0.117810 4.850820 0.000000
vt -0.108331 4.649329 0.000000
vt -0.098865 4.653710 0.000000
vt -0.104720 4.850820 0.000000
vt -0.088884 4.656548 0.000000
vt -0.091630 4.850820 0.000000
vt -0.078540 4.786719 0.000000
vt -0.078540 4.914921 0.000000
vt -0.078540 4.658518 0.000000
vt -0.078540 5.043123 0.000000
vt -0.088884 5.045093 0.000000
vt -0.098865 5.047931 0.000000
vt -0.108331 5.052312 0.000000
vt -0.117253 5.057814 0.000000
vt -0.125695 5.064088 0.000000
vt -0.253138 -0.145757 0.000000
vt -0.129035 -0.186890 0.000000
vt -0.196041 -0.034962 0.000000
vt -0.024738 -0.105918 0.000000
vt -0.008246 -0.236923 0.000000
vt 0.146564 -0.176874 0.000000
vt 0.108594 -0.295591 0.000000
vt 0.561579 0.251066 0.000000
vt 0.551115 0.250000 0.000000
vt 0.561579 -0.001066 0.000000
vt 0.551115 0.000000 0.000000
vt 0.425000 0.125000 0.000000
vt 0.426473 0.000000 0.000000
vt 0.425000 0.000000 0.000000
vt 0.426473 0.250000 0.000000
vt 0.425000 0.249999 0.000000
vt 0.000000 0.125000 0.000000
vt 0.000794 0.124718 0.000000
vt 0.000000 0.175000 0.000000
vt 0.022524 0.150000 0.000000
vt 0.000794 0.175282 0.000000
vt 0.022857 0.183263 0.000000
vt 0.045048 0.150000 0.000000
vt 0.043978 0.191142 0.000000
vt 0.067572 0.150000 0.000000
vt 0.090096 0.150000 0.000000
vt 0.090096 0.103646 0.000000
vt 0.135144 0.103646 0.000000
vt 0.117368 0.080168 0.000000
vt 0.148487 0.067702 0.000000
vt 0.022857 0.116737 0.000000
vt 0.043978 0.108858 0.000000
vt 0.067572 0.103646 0.000000
vt 0.082837 0.093864 0.000000
vt 0.208659 0.043908 0.000000
vt 0.180192 0.057292 0.000000
vt 0.180192 0.103646 0.000000
vt 0.135144 0.150000 0.000000
vt 0.082837 0.206136 0.000000
vt 0.268095 0.021859 0.000000
vt 0.264905 0.034115 0.000000
vt 0.264905 0.057292 0.000000
vt 0.387585 -0.013760 0.000000
vt 0.349618 -0.000651 0.000000
vt 0.349618 0.010937 0.000000
vt 0.349618 0.034115 0.000000
vt 0.349618 0.057292 0.000000
vt 0.519044 0.150000 0.000000
vt 0.349618 0.103646 0.000000
vt 0.349618 0.150000 0.000000
vt 0.264905 0.150000 0.000000
vt 0.264905 0.242708 0.000000
vt 0.180192 0.242708 0.000000
vt 0.208659 0.256092 0.000000
vt 0.148487 0.232298 0.000000
vt 0.517777 -0.035294 0.000000
vt 0.519044 -0.035417 0.000000
vt 0.519044 0.335417 0.000000
vt 0.517777 0.335294 0.000000
vt 0.387585 0.313760 0.000000
vt 0.349618 0.242708 0.000000
vt 0.268095 0.278141 0.000000
vt 0.180192 0.150000 0.000000
vt 0.117368 0.219832 0.000000
vt 0.264905 0.103646 0.000000
vt 0.521717 0.125000 0.000000
vt 0.520918 0.125270 0.000000
vt 0.520918 0.124730 0.000000
vt 0.498675 0.117121 0.000000
vt 0.498675 0.132879 0.000000
vt 0.477336 0.109699 0.000000
vt 0.475426 0.135417 0.000000
vt 0.452281 0.135417 0.000000
vt 0.477336 0.140301 0.000000
vt 0.437975 0.154187 0.000000
vt 0.429136 0.135417 0.000000
vt 0.402909 0.166589 0.000000
vt 0.382845 0.135417 0.000000
vt 0.371257 0.177631 0.000000
vt 0.336554 0.135417 0.000000
vt 0.309983 0.197974 0.000000
vt 0.252416 0.135417 0.000000
vt 0.249495 0.215774 0.000000
vt 0.168277 0.135417 0.000000
vt 0.128704 0.240989 0.000000
vt 0.000000 0.125000 0.000000
vt 0.000000 0.250000 0.000000
vt 0.000000 0.000001 0.000000
vt 0.128704 0.009011 0.000000
vt 0.168277 0.078125 0.000000
vt 0.252416 0.078125 0.000000
vt 0.309983 0.052026 0.000000
vt 0.336554 0.078125 0.000000
vt 0.371257 0.072369 0.000000
vt 0.168277 0.020833 0.000000
vt 0.249495 0.034226 0.000000
vt 0.382845 0.078125 0.000000
vt 0.402909 0.083411 0.000000
vt 0.437975 0.095813 0.000000
vt 0.000000 0.125000 0.000000
vt 0.000799 0.124730 0.000000
vt 0.000799 0.125270 0.000000
vt 0.023045 0.117121 0.000000
vt 0.023045 0.132879 0.000000
vt 0.044387 0.109699 0.000000
vt 0.045383 0.135416 0.000000
vt 0.068075 0.135416 0.000000
vt 0.044387 0.140301 0.000000
vt 0.083754 0.154187 0.000000
vt 0.090767 0.135416 0.000000
vt 0.136150 0.135416 0.000000
vt 0.118824 0.083411 0.000000
vt 0.136150 0.078125 0.000000
vt 0.150481 0.072369 0.000000
vt 0.181534 0.078125 0.000000
vt 0.211763 0.052026 0.000000
vt 0.266597 0.078125 0.000000
vt 0.266597 0.049479 0.000000
vt 0.351661 0.049479 0.000000
vt 0.272259 0.034226 0.000000
vt 0.351661 0.035156 0.000000
vt 0.351661 0.020833 0.000000
vt 0.393066 0.009011 0.000000
vt 0.083754 0.095813 0.000000
vt 0.521788 0.000000 0.000000
vt 0.521788 0.125000 0.000000
vt 0.521788 0.249999 0.000000
vt 0.393066 0.240989 0.000000
vt 0.351661 0.192708 0.000000
vt 0.351661 0.135416 0.000000
vt 0.266597 0.192708 0.000000
vt 0.266597 0.135416 0.000000
vt 0.211763 0.197974 0.000000
vt 0.181534 0.135416 0.000000
vt 0.150481 0.177631 0.000000
vt 0.118824 0.166589 0.000000
vt 0.272259 0.215774 0.000000
vt 0.351661 0.078125 0.000000
vt 0.000000 0.335417 0.000000
vt 0.000000 0.150000 0.000000
vt 0.001267 0.335294 0.000000
vt 0.131441 0.313760 0.000000
vt 0.165084 0.242708 0.000000
vt 0.250914 0.278141 0.000000
vt 0.247626 0.242708 0.000000
vt 0.310342 0.256092 0.000000
vt 0.330167 0.242708 0.000000
vt 0.370506 0.232298 0.000000
vt 0.330167 0.196354 0.000000
vt 0.377369 0.196354 0.000000
vt 0.377369 0.150000 0.000000
vt 0.424570 0.150000 0.000000
vt 0.424570 0.103646 0.000000
vt 0.448170 0.103646 0.000000
vt 0.436146 0.093864 0.000000
vt 0.475000 0.108858 0.000000
vt 0.000000 -0.035417 0.000000
vt 0.001267 -0.035294 0.000000
vt 0.131441 -0.013760 0.000000
vt 0.165084 0.057292 0.000000
vt 0.165084 0.010937 0.000000
vt 0.250914 0.021859 0.000000
vt 0.247626 0.057292 0.000000
vt 0.310342 0.043908 0.000000
vt 0.247626 0.080283 0.000000
vt 0.330167 0.080222 0.000000
vt 0.330167 0.103646 0.000000
vt 0.377369 0.103646 0.000000
vt 0.330167 0.150000 0.000000
vt 0.330167 0.057292 0.000000
vt 0.370506 0.067702 0.000000
vt 0.377369 0.080186 0.000000
vt 0.401620 0.080168 0.000000
vt 0.496118 0.116737 0.000000
vt 0.471771 0.150000 0.000000
vt 0.448170 0.150000 0.000000
vt 0.495371 0.150000 0.000000
vt 0.518179 0.124718 0.000000
vt 0.518972 0.125000 0.000000
vt 0.518972 0.175000 0.000000
vt 0.518179 0.175282 0.000000
vt 0.496118 0.183263 0.000000
vt 0.475000 0.191142 0.000000
vt 0.448170 0.196354 0.000000
vt 0.436146 0.206136 0.000000
vt 0.424570 0.196354 0.000000
vt 0.401620 0.219832 0.000000
vt 0.165084 0.080345 0.000000
vt 0.165084 0.103646 0.000000
vt 0.247626 0.103646 0.000000
vt 0.165084 0.150000 0.000000
vt 0.247626 0.150000 0.000000
vt 0.165084 0.196354 0.000000
vt 0.247626 0.196354 0.000000
vt 0.040500 0.251066 0.000000
vt 0.040500 -0.001066 0.000000
vt 0.050965 0.250000 0.000000
vt 0.050965 0.000000 0.000000
vt 0.177080 0.125000 0.000000
vt 0.175607 0.000000 0.000000
vt 0.177080 0.000001 0.000000
vt 0.177080 0.250000 0.000000
vt 0.175607 0.250000 0.000000
vt -0.253138 -0.145757 0.000000
vt -0.129035 -0.186890 0.000000
vt -0.196041 -0.034962 0.000000
vt -0.024738 -0.105918 0.000000
vt -0.008246 -0.236923 0.000000
vt 0.146564 -0.176874 0.000000
vt 0.108594 -0.295591 0.000000
vt 0.000000 0.125000 0.000000
vt 0.000794 0.124718 0.000000
vt 0.000000 0.175000 0.000000
vt 0.022524 0.150000 0.000000
vt 0.000794 0.175282 0.000000
vt 0.022857 0.183263 0.000000
vt 0.045048 0.150000 0.000000
vt 0.043978 0.191142 0.000000
vt 0.067572 0.150000 0.000000
vt 0.090096 0.150000 0.000000
vt 0.090096 0.103646 0.000000
vt 0.135144 0.103646 0.000000
vt 0.117368 0.080168 0.000000
vt 0.148487 0.067702 0.000000
vt 0.022857 0.116737 0.000000
vt 0.043978 0.108858 0.000000
vt 0.067572 0.103646 0.000000
vt 0.082837 0.093864 0.000000
vt 0.208659 0.043908 0.000000
vt 0.180192 0.057292 0.000000
vt 0.180192 0.103646 0.000000
vt 0.135144 0.150000 0.000000
vt 0.082837 0.206136 0.000000
vt 0.268095 0.021859 0.000000
vt 0.264905 0.034115 0.000000
vt 0.264905 0.057292 0.000000
vt 0.387585 -0.013760 0.000000
vt 0.349618 -0.000651 0.000000
vt 0.349618 0.010937 0.000000
vt 0.349618 0.034115 0.000000
vt 0.349618 0.057292 0.000000
vt 0.519044 0.150000 0.000000
vt 0.349618 0.103646 0.000000
vt 0.349618 0.150000 0.000000
vt 0.264905 0.150000 0.000000
vt 0.264905 0.242708 0.000000
vt 0.180192 0.242708 0.000000
vt 0.208659 0.256092 0.000000
vt 0.148487 0.232298 0.000000
vt 0.517777 -0.035294 0.000000
vt 0.519044 -0.035417 0.000000
vt 0.519044 0.335417 0.000000
vt 0.517777 0.335294 0.000000
vt 0.387585 0.313760 0.000000
vt 0.349618 0.242708 0.000000
vt 0.268095 0.278141 0.000000
vt 0.180192 0.150000 0.000000
vt 0.117368 0.219832 0.000000
vt 0.264905 0.103646 0.000000
vt 0.521717 0.125000 0.000000
vt 0.520918 0.125270 0.000000
vt 0.520918 0.124730 0.000000
vt 0.498675 0.117121 0.000000
vt 0.498675 0.132879 0.000000
vt 0.477336 0.109699 0.000000
vt 0.475426 0.135417 0.000000
vt 0.452281 0.135417 0.000000
vt 0.477336 0.140301 0.000000
vt 0.437975 0.154187 0.000000
vt 0.429136 0.135417 0.000000
vt 0.402909 0.166589 0.000000
vt 0.382845 0.135417 0.000000
vt 0.371257 0.177631 0.000000
vt 0.336554 0.135417 0.000000
vt 0.309983 0.197974 0.000000
vt 0.252416 0.135417 0.000000
vt 0.249495 0.215774 0.000000
vt 0.168277 0.135417 0.000000
vt 0.128704 0.240989 0.000000
vt 0.000000 0.125000 0.000000
vt 0.000000 0.250000 0.000000
vt 0.000000 0.000001 0.000000
vt 0.128704 0.009011 0.000000
vt 0.168277 0.078125 0.000000
vt 0.252416 0.078125 0.000000
vt 0.309983 0.052026 0.000000
vt 0.336554 0.078125 0.000000
vt 0.371257 0.072369 0.000000
vt 0.168277 0.020833 0.000000
vt 0.249495 0.034226 0.000000
vt 0.382845 0.078125 0.000000
vt 0.402909 0.083411 0.000000
vt 0.437975 0.095813 0.000000
vt 0.000000 0.125000 0.000000
vt 0.000799 0.124730 0.000000
vt 0.000799 0.125270 0.000000
vt 0.023045 0.117121 0.000000
vt 0.023045 0.132879 0.000000
vt 0.044387 0.109699 0.000000
vt 0.045383 0.135416 0.000000
vt 0.068075 0.135416 0.000000
vt 0.044387 0.140301 0.000000
vt 0.083754 0.154187 0.000000
vt 0.090767 0.135416 0.000000
vt 0.136150 0.135416 0.000000
vt 0.118824 0.083411 0.000000
vt 0.136150 0.078125 0.000000
vt 0.150481 0.072369 0.000000
vt 0.181534 0.078125 0.000000
vt 0.211763 0.052026 0.000000
vt 0.266597 0.078125 0.000000
vt 0.266597 0.049479 0.000000
vt 0.351661 0.049479 0.000000
vt 0.272259 0.034226 0.000000
vt 0.351661 0.035156 0.000000
vt 0.351661 0.020833 0.000000
vt 0.393066 0.009011 0.000000
vt 0.083754 0.095813 0.000000
vt 0.521788 0.000000 0.000000
vt 0.521788 0.125000 0.000000
vt 0.521788 0.249999 0.000000
vt 0.393066 0.240989 0.000000
vt 0.351661 0.192708 0.000000
vt 0.351661 0.135416 0.000000
vt 0.266597 0.192708 0.000000
vt 0.266597 0.135416 0.000000
vt 0.211763 0.197974 0.000000
vt 0.181534 0.135416 0.000000
vt 0.150481 0.177631 0.000000
vt 0.118824 0.166589 0.000000
vt 0.272259 0.215774 0.000000
vt 0.351661 0.078125 0.000000
vt 0.000000 0.335417 0.000000
vt 0.000000 0.150000 0.000000
vt 0.001267 0.335294 0.000000
vt 0.131441 0.313760 0.000000
vt 0.165084 0.242708 0.000000
vt 0.250914 0.278141 0.000000
vt 0.247626 0.242708 0.000000
vt 0.310342 0.256092 0.000000
vt 0.330167 0.242708 0.000000
vt 0.370506 0.232298 0.000000
vt 0.330167 0.196354 0.000000
vt 0.377369 0.196354 0.000000
vt 0.377369 0.150000 0.000000
vt 0.424570 0.150000 0.000000
vt 0.424570 0.103646 0.000000
vt 0.448170 0.103646 0.000000
vt 0.436146 0.093864 0.000000
vt 0.475000 0.108858 0.000000
vt 0.000000 -0.035417 0.000000
vt 0.001267 -0.035294 0.000000
vt 0.131441 -0.013760 0.000000
vt 0.165084 0.057292 0.000000
vt 0.165084 0.010937 0.000000
vt 0.250914 0.021859 0.000000
vt 0.247626 0.057292 0.000000
vt 0.310342 0.043908 0.000000
vt 0.247626 0.080283 0.000000
vt 0.330167 0.080222 0.000000
vt 0.330167 0.103646 0.000000
vt 0.377369 0.103646 0.000000
vt 0.330167 0.150000 0.000000
vt 0.330167 0.057292 0.000000
vt 0.370506 0.067702 0.000000
vt 0.377369 0.080186 0.000000
vt 0.401620 0.080168 0.000000
vt 0.496118 0.116737 0.000000
vt 0.471771 0.150000 0.000000
vt 0.448170 0.150000 0.000000
vt 0.495371 0.150000 0.000000
vt 0.518179 0.124718 0.000000
vt 0.518972 0.125000 0.000000
vt 0.518972 0.175000 0.000000
vt 0.518179 0.175282 0.000000
vt 0.496118 0.183263 0.000000
vt 0.475000 0.191142 0.000000
vt 0.448170 0.196354 0.000000
vt 0.436146 0.206136 0.000000
vt 0.424570 0.196354 0.000000
vt 0.401620 0.219832 0.000000
vt 0.165084 0.080345 0.000000
vt 0.165084 0.103646 0.000000
vt 0.247626 0.103646 0.000000
vt 0.165084 0.150000 0.000000
vt 0.247626 0.150000 0.000000
vt 0.165084 0.196354 0.000000
vt 0.247626 0.196354 0.000000
vt -0.108594 -0.295591 0.000000
vt 0.008246 -0.236923 0.000000
vt -0.146564 -0.176874 0.000000
vt 0.024738 -0.105918 0.000000
vt 0.129035 -0.186890 0.000000
vt 0.196041 -0.034962 0.000000
vt 0.253138 -0.145757 0.000000
vt 0.040500 0.251066 0.000000
vt 0.040500 -0.001066 0.000000
vt 0.050965 0.250000 0.000000
vt 0.050965 0.000000 0.000000
vt 0.177080 0.125000 0.000000
vt 0.175607 0.000000 0.000000
vt 0.177080 0.000001 0.000000
vt 0.177080 0.250000 0.000000
vt 0.175607 0.250000 0.000000
vt -0.000794 0.124718 0.000000
vt -0.000000 0.125000 0.000000
vt -0.022524 0.150000 0.000000
vt -0.000000 0.175000 0.000000
vt -0.000794 0.175282 0.000000
vt -0.022857 0.183263 0.000000
vt -0.045048 0.150000 0.000000
vt -0.022857 0.116737 0.000000
vt -0.043978 0.108858 0.000000
vt -0.067572 0.150000 0.000000
vt -0.067572 0.103646 0.000000
vt -0.090096 0.150000 0.000000
vt -0.090096 0.103646 0.000000
vt -0.135144 0.150000 0.000000
vt -0.135144 0.103646 0.000000
vt -0.180192 0.150000 0.000000
vt -0.180192 0.103646 0.000000
vt -0.264905 0.150000 0.000000
vt -0.264905 0.103646 0.000000
vt -0.349618 0.150000 0.000000
vt -0.349618 0.103646 0.000000
vt -0.519044 0.150000 0.000000
vt -0.349618 0.057292 0.000000
vt -0.519044 -0.035417 0.000000
vt -0.349618 0.034115 0.000000
vt -0.387585 -0.013760 0.000000
vt -0.349618 0.010937 0.000000
vt -0.349618 -0.000651 0.000000
vt -0.268095 0.021859 0.000000
vt -0.043978 0.191142 0.000000
vt -0.082837 0.206136 0.000000
vt -0.117368 0.219832 0.000000
vt -0.148487 0.232298 0.000000
vt -0.180192 0.242708 0.000000
vt -0.208659 0.256092 0.000000
vt -0.264905 0.242708 0.000000
vt -0.268095 0.278141 0.000000
vt -0.349618 0.242708 0.000000
vt -0.387585 0.313760 0.000000
vt -0.517777 0.335294 0.000000
vt -0.519044 0.335417 0.000000
vt -0.517777 -0.035294 0.000000
vt -0.208659 0.043908 0.000000
vt -0.264905 0.034115 0.000000
vt -0.148487 0.067702 0.000000
vt -0.180192 0.057292 0.000000
vt -0.264905 0.057292 0.000000
vt -0.117368 0.080168 0.000000
vt -0.082837 0.093864 0.000000
vt -0.000000 0.250000 0.000000
vt -0.128704 0.240989 0.000000
vt -0.000000 0.125000 0.000000
vt -0.168277 0.135417 0.000000
vt -0.168277 0.078125 0.000000
vt -0.252416 0.135417 0.000000
vt -0.252416 0.078125 0.000000
vt -0.336554 0.135417 0.000000
vt -0.336554 0.078125 0.000000
vt -0.382845 0.135417 0.000000
vt -0.371257 0.072369 0.000000
vt -0.382845 0.078125 0.000000
vt -0.402909 0.083411 0.000000
vt -0.429136 0.135417 0.000000
vt -0.402909 0.166589 0.000000
vt -0.437975 0.154187 0.000000
vt -0.249495 0.215774 0.000000
vt -0.309983 0.197974 0.000000
vt -0.371257 0.177631 0.000000
vt -0.452281 0.135417 0.000000
vt -0.477336 0.140301 0.000000
vt -0.475426 0.135417 0.000000
vt -0.498675 0.132879 0.000000
vt -0.477336 0.109699 0.000000
vt -0.498675 0.117121 0.000000
vt -0.520918 0.125270 0.000000
vt -0.520918 0.124730 0.000000
vt -0.521717 0.125000 0.000000
vt -0.437975 0.095813 0.000000
vt -0.309983 0.052026 0.000000
vt -0.249495 0.034226 0.000000
vt -0.168277 0.020833 0.000000
vt -0.128704 0.009011 0.000000
vt -0.000000 0.000001 0.000000
vt -0.521788 0.000000 0.000000
vt -0.393066 0.009011 0.000000
vt -0.521788 0.125000 0.000000
vt -0.351661 0.049479 0.000000
vt -0.351661 0.078125 0.000000
vt -0.266597 0.049479 0.000000
vt -0.266597 0.078125 0.000000
vt -0.211763 0.052026 0.000000
vt -0.181534 0.078125 0.000000
vt -0.150481 0.072369 0.000000
vt -0.136150 0.078125 0.000000
vt -0.118824 0.083411 0.000000
vt -0.136150 0.135416 0.000000
vt -0.083754 0.095813 0.000000
vt -0.090767 0.135416 0.000000
vt -0.068075 0.135416 0.000000
vt -0.083754 0.154187 0.000000
vt -0.044387 0.140301 0.000000
vt -0.045383 0.135416 0.000000
vt -0.023045 0.132879 0.000000
vt -0.044387 0.109699 0.000000
vt -0.023045 0.117121 0.000000
vt -0.272259 0.034226 0.000000
vt -0.351661 0.020833 0.000000
vt -0.351661 0.035156 0.000000
vt -0.000799 0.125270 0.000000
vt -0.000799 0.124730 0.000000
vt -0.000000 0.125000 0.000000
vt -0.118824 0.166589 0.000000
vt -0.150481 0.177631 0.000000
vt -0.181534 0.135416 0.000000
vt -0.211763 0.197974 0.000000
vt -0.266597 0.135416 0.000000
vt -0.266597 0.192708 0.000000
vt -0.272259 0.215774 0.000000
vt -0.351661 0.192708 0.000000
vt -0.393066 0.240989 0.000000
vt -0.521788 0.249999 0.000000
vt -0.351661 0.135416 0.000000
vt -0.000000 -0.035417 0.000000
vt -0.000000 0.150000 0.000000
vt -0.001267 -0.035294 0.000000
vt -0.131441 -0.013760 0.000000
vt -0.165084 0.057292 0.000000
vt -0.165084 0.010937 0.000000
vt -0.247626 0.057292 0.000000
vt -0.250914 0.021859 0.000000
vt -0.310342 0.043908 0.000000
vt -0.247626 0.080283 0.000000
vt -0.330167 0.080222 0.000000
vt -0.330167 0.103646 0.000000
vt -0.377369 0.103646 0.000000
vt -0.377369 0.150000 0.000000
vt -0.424570 0.150000 0.000000
vt -0.424570 0.196354 0.000000
vt -0.448170 0.196354 0.000000
vt -0.436146 0.206136 0.000000
vt -0.475000 0.191142 0.000000
vt -0.000000 0.335417 0.000000
vt -0.001267 0.335294 0.000000
vt -0.131441 0.313760 0.000000
vt -0.165084 0.242708 0.000000
vt -0.250914 0.278141 0.000000
vt -0.247626 0.242708 0.000000
vt -0.310342 0.256092 0.000000
vt -0.247626 0.196354 0.000000
vt -0.330167 0.242708 0.000000
vt -0.330167 0.196354 0.000000
vt -0.370506 0.232298 0.000000
vt -0.377369 0.196354 0.000000
vt -0.401620 0.219832 0.000000
vt -0.496118 0.183263 0.000000
vt -0.471771 0.150000 0.000000
vt -0.448170 0.150000 0.000000
vt -0.495371 0.150000 0.000000
vt -0.518179 0.175282 0.000000
vt -0.518972 0.175000 0.000000
vt -0.518972 0.125000 0.000000
vt -0.518179 0.124718 0.000000
vt -0.496118 0.116737 0.000000
vt -0.475000 0.108858 0.000000
vt -0.448170 0.103646 0.000000
vt -0.424570 0.103646 0.000000
vt -0.436146 0.093864 0.000000
vt -0.401620 0.080168 0.000000
vt -0.377369 0.080186 0.000000
vt -0.370506 0.067702 0.000000
vt -0.330167 0.057292 0.000000
vt -0.165084 0.080345 0.000000
vt -0.165084 0.103646 0.000000
vt -0.165084 0.150000 0.000000
vt -0.247626 0.150000 0.000000
vt -0.165084 0.196354 0.000000
vt -0.330167 0.150000 0.000000
vt -0.247626 0.103646 0.000000
vt -0.561579 0.251066 0.000000
vt -0.561579 -0.001066 0.000000
vt -0.551115 0.250000 0.000000
vt -0.551115 0.000000 0.000000
vt -0.425000 0.125000 0.000000
vt -0.426473 0.000000 0.000000
vt -0.425000 0.000000 0.000000
vt -0.425000 0.249999 0.000000
vt -0.426473 0.250000 0.000000
vt -0.108594 -0.295591 0.000000
vt 0.008246 -0.236923 0.000000
vt -0.146564 -0.176874 0.000000
vt 0.024738 -0.105918 0.000000
vt 0.129035 -0.186890 0.000000
vt 0.196041 -0.034962 0.000000
vt 0.253138 -0.145757 0.000000
vt -0.000794 0.124718 0.000000
vt -0.000000 0.125000 0.000000
vt -0.022524 0.150000 0.000000
vt -0.000000 0.175000 0.000000
vt -0.000794 0.175282 0.000000
vt -0.022857 0.183263 0.000000
vt -0.045048 0.150000 0.000000
vt -0.022857 0.116737 0.000000
vt -0.043978 0.108858 0.000000
vt -0.067572 0.150000 0.000000
vt -0.067572 0.103646 0.000000
vt -0.090096 0.150000 0.000000
vt -0.090096 0.103646 0.000000
vt -0.135144 0.150000 0.000000
vt -0.135144 0.103646 0.000000
vt -0.180192 0.150000 0.000000
vt -0.180192 0.103646 0.000000
vt -0.264905 0.150000 0.000000
vt -0.264905 0.103646 0.000000
vt -0.349618 0.150000 0.000000
vt -0.349618 0.103646 0.000000
vt -0.519044 0.150000 0.000000
vt -0.349618 0.057292 0.000000
vt -0.519044 -0.035417 0.000000
vt -0.349618 0.034115 0.000000
vt -0.387585 -0.013760 0.000000
vt -0.349618 0.010937 0.000000
vt -0.349618 -0.000651 0.000000
vt -0.268095 0.021859 0.000000
vt -0.043978 0.191142 0.000000
vt -0.082837 0.206136 0.000000
vt -0.117368 0.219832 0.000000
vt -0.148487 0.232298 0.000000
vt -0.180192 0.242708 0.000000
vt -0.208659 0.256092 0.000000
vt -0.264905 0.242708 0.000000
vt -0.268095 0.278141 0.000000
vt -0.349618 0.242708 0.000000
vt -0.387585 0.313760 0.000000
vt -0.517777 0.335294 0.000000
vt -0.519044 0.335417 0.000000
vt -0.517777 -0.035294 0.000000
vt -0.208659 0.043908 0.000000
vt -0.264905 0.034115 0.000000
vt -0.148487 0.067702 0.000000
vt -0.180192 0.057292 0.000000
vt -0.264905 0.057292 0.000000
vt -0.117368 0.080168 0.000000
vt -0.082837 0.093864 0.000000
vt -0.000000 0.250000 0.000000
vt -0.128704 0.240989 0.000000
vt -0.000000 0.125000 0.000000
vt -0.168277 0.135417 0.000000
vt -0.168277 0.078125 0.000000
vt -0.252416 0.135417 0.000000
vt -0.252416 0.078125 0.000000
vt -0.336554 0.135417 0.000000
vt -0.336554 0.078125 0.000000
vt -0.382845 0.135417 0.000000
vt -0.371257 0.072369 0.000000
vt -0.382845 0.078125 0.000000
vt -0.402909 0.083411 0.000000
vt -0.429136 0.135417 0.000000
vt -0.402909 0.166589 0.000000
vt -0.437975 0.154187 0.000000
vt -0.249495 0.215774 0.000000
vt -0.309983 0.197974 0.000000
vt -0.371257 0.177631 0.000000
vt -0.452281 0.135417 0.000000
vt -0.477336 0.140301 0.000000
vt -0.475426 0.135417 0.000000
vt -0.498675 0.132879 0.000000
vt -0.477336 0.109699 0.000000
vt -0.498675 0.117121 0.000000
vt -0.520918 0.125270 0.000000
vt -0.520918 0.124730 0.000000
vt -0.521717 0.125000 0.000000
vt -0.437975 0.095813 0.000000
vt -0.309983 0.052026 0.000000
vt -0.249495 0.034226 0.000000
vt -0.168277 0.020833 0.000000
vt -0.128704 0.009011 0.000000
vt -0.000000 0.000001 0.000000
vt -0.521788 -0.000000 0.000000
vt -0.393066 0.009011 0.000000
vt -0.521788 0.125000 0.000000
vt -0.351661 0.049479 0.000000
vt -0.351661 0.078125 0.000000
vt -0.266597 0.049479 0.000000
vt -0.266597 0.078125 0.000000
vt -0.211763 0.052026 0.000000
vt -0.181534 0.078125 0.000000
vt -0.150481 0.072369 0.000000
vt -0.136150 0.078125 0.000000
vt -0.118824 0.083411 0.000000
vt -0.136150 0.135416 0.000000
vt -0.083754 0.095813 0.000000
vt -0.090767 0.135416 0.000000
vt -0.068075 0.135416 0.000000
vt -0.083754 0.154187 0.000000
vt -0.044387 0.140301 0.000000
vt -0.045383 0.135416 0.000000
vt -0.023045 0.132879 0.000000
vt -0.044387 0.109699 0.000000
vt -0.023045 0.117121 0.000000
vt -0.272259 0.034226 0.000000
vt -0.351661 0.020833 0.000000
vt -0.351661 0.035156 0.000000
vt -0.000799 0.125270 0.000000
vt -0.000799 0.124730 0.000000
vt -0.000000 0.125000 0.000000
vt -0.118824 0.166589 0.000000
vt -0.150481 0.177631 0.000000
vt -0.181534 0.135416 0.000000
vt -0.211763 0.197974 0.000000
vt -0.266597 0.135416 0.000000
vt -0.266597 0.192708 0.000000
vt -0.272259 0.215774 0.000000
vt -0.351661 0.192708 0.000000
vt -0.393066 0.240989 0.000000
vt -0.521788 0.249999 0.000000
vt -0.351661 0.135416 0.000000
vt -0.000000 -0.035417 0.000000
vt -0.000000 0.150000 0.000000
vt -0.001267 -0.035294 0.000000
vt -0.131441 -0.013760 0.000000
vt -0.165084 0.057292 0.000000
vt -0.165084 0.010937 0.000000
vt -0.247626 0.057292 0.000000
vt -0.250914 0.021859 0.000000
vt -0.310342 0.043908 0.000000
vt -0.247626 0.080283 0.000000
vt -0.330167 0.080222 0.000000
vt -0.330167 0.103646 0.000000
vt -0.377369 0.103646 0.000000
vt -0.377369 0.150000 0.000000
vt -0.424570 0.150000 0.000000
vt -0.424570 0.196354 0.000000
vt -0.448170 0.196354 0.000000
vt -0.436146 0.206136 0.000000
vt -0.475000 0.191142 0.000000
vt -0.000000 0.335417 0.000000
vt -0.001267 0.335294 0.000000
vt -0.131441 0.313760 0.000000
vt -0.165084 0.242708 0.000000
vt -0.250914 0.278141 0.000000
vt -0.247626 0.242708 0.000000
vt -0.310342 0.256092 0.000000
vt -0.247626 0.196354 0.000000
vt -0.330167 0.242708 0.000000
vt -0.330167 0.196354 0.000000
vt -0.370506 0.232298 0.000000
vt -0.377369 0.196354 0.000000
vt -0.401620 0.219832 0.000000
vt -0.496118 0.183263 0.000000
vt -0.471771 0.150000 0.000000
vt -0.448170 0.150000 0.000000
vt -0.495371 0.150000 0.000000
vt -0.518179 0.175282 0.000000
vt -0.518972 0.175000 0.000000
vt -0.518972 0.125000 0.000000
vt -0.518179 0.124718 0.000000
vt -0.496118 0.116737 0.000000
vt -0.475000 0.108858 0.000000
vt -0.448170 0.103646 0.000000
vt -0.424570 0.103646 0.000000
vt -0.436146 0.093864 0.000000
vt -0.401620 0.080168 0.000000
vt -0.377369 0.080186 0.000000
vt -0.370506 0.067702 0.000000
vt -0.330167 0.057292 0.000000
vt -0.165084 0.080345 0.000000
vt -0.165084 0.103646 0.000000
vt -0.165084 0.150000 0.000000
vt -0.247626 0.150000 0.000000
vt -0.165084 0.196354 0.000000
vt -0.330167 0.150000 0.000000
vt -0.247626 0.103646 0.000000
vt -0.561579 0.251066 0.000000
vt -0.561579 -0.001066 0.000000
vt -0.551115 0.250000 0.000000
vt -0.551115 0.000000 0.000000
vt -0.425000 0.125000 0.000000
vt -0.426473 0.000000 0.000000
vt -0.425000 0.000000 0.000000
vt -0.425000 0.249999 0.000000
vt -0.426473 0.250000 0.000000
vt -0.108594 -0.295591 0.000000
vt 0.008246 -0.236923 0.000000
vt -0.146564 -0.176874 0.000000
vt 0.024738 -0.105918 0.000000
vt 0.129035 -0.186890 0.000000
vt 0.196041 -0.034962 0.000000
vt 0.253138 -0.145757 0.000000
vt 0.000000 0.125000 0.000000
vt 0.000794 0.124718 0.000000
vt 0.000000 0.175000 0.000000
vt 0.022524 0.150000 0.000000
vt 0.000794 0.175282 0.000000
vt 0.022857 0.183263 0.000000
vt 0.045048 0.150000 0.000000
vt 0.043978 0.191142 0.000000
vt 0.067572 0.150000 0.000000
vt 0.090096 0.150000 0.000000
vt 0.090096 0.103646 0.000000
vt 0.135144 0.103646 0.000000
vt 0.117368 0.080168 0.000000
vt 0.148487 0.067702 0.000000
vt 0.022857 0.116737 0.000000
vt 0.043978 0.108858 0.000000
vt 0.067572 0.103646 0.000000
vt 0.082837 0.093864 0.000000
vt 0.208659 0.043908 0.000000
vt 0.180192 0.057292 0.000000
vt 0.180192 0.103646 0.000000
vt 0.135144 0.150000 0.000000
vt 0.082837 0.206136 0.000000
vt 0.268095 0.021859 0.000000
vt 0.264905 0.034115 0.000000
vt 0.264905 0.057292 0.000000
vt 0.387585 -0.013760 0.000000
vt 0.349618 -0.000651 0.000000
vt 0.349618 0.010937 0.000000
vt 0.349618 0.034115 0.000000
vt 0.349618 0.057292 0.000000
vt 0.519044 0.150000 0.000000
vt 0.349618 0.103646 0.000000
vt 0.349618 0.150000 0.000000
vt 0.264905 0.150000 0.000000
vt 0.264905 0.242708 0.000000
vt 0.180192 0.242708 0.000000
vt 0.208659 0.256092 0.000000
vt 0.148487 0.232298 0.000000
vt 0.517777 -0.035294 0.000000
vt 0.519044 -0.035417 0.000000
vt 0.519044 0.335417 0.000000
vt 0.517777 0.335294 0.000000
vt 0.387585 0.313760 0.000000
vt 0.349618 0.242708 0.000000
vt 0.268095 0.278141 0.000000
vt 0.180192 0.150000 0.000000
vt 0.117368 0.219832 0.000000
vt 0.264905 0.103646 0.000000
vt 0.521717 0.125000 0.000000
vt 0.520918 0.125270 0.000000
vt 0.520918 0.124730 0.000000
vt 0.498675 0.117121 0.000000
vt 0.498675 0.132879 0.000000
vt 0.477336 0.109699 0.000000
vt 0.475426 0.135417 0.000000
vt 0.452281 0.135417 0.000000
vt 0.477336 0.140301 0.000000
vt 0.437975 0.154187 0.000000
vt 0.429136 0.135417 0.000000
vt 0.402909 0.166589 0.000000
vt 0.382845 0.135417 0.000000
vt 0.371257 0.177631 0.000000
vt 0.336554 0.135417 0.000000
vt 0.309983 0.197974 0.000000
vt 0.252416 0.135417 0.000000
vt 0.249495 0.215774 0.000000
vt 0.168277 0.135417 0.000000
vt 0.128704 0.240989 0.000000
vt 0.000000 0.125000 0.000000
vt 0.000000 0.250000 0.000000
vt 0.000000 0.000001 0.000000
vt 0.128704 0.009011 0.000000
vt 0.168277 0.078125 0.000000
vt 0.252416 0.078125 0.000000
vt 0.309983 0.052026 0.000000
vt 0.336554 0.078125 0.000000
vt 0.371257 0.072369 0.000000
vt 0.168277 0.020833 0.000000
vt 0.249495 0.034226 0.000000
vt 0.382845 0.078125 0.000000
vt 0.402909 0.083411 0.000000
vt 0.437975 0.095813 0.000000
vt 0.000000 0.125000 0.000000
vt 0.000799 0.124730 0.000000
vt 0.000799 0.125270 0.000000
vt 0.023045 0.117121 0.000000
vt 0.023045 0.132879 0.000000
vt 0.044387 0.109699 0.000000
vt 0.045383 0.135416 0.000000
vt 0.068075 0.135416 0.000000
vt 0.044387 0.140301 0.000000
vt 0.083754 0.154187 0.000000
vt 0.090767 0.135416 0.000000
vt 0.136150 0.135416 0.000000
vt 0.118824 0.083411 0.000000
vt 0.136150 0.078125 0.000000
vt 0.150481 0.072369 0.000000
vt 0.181534 0.078125 0.000000
vt 0.211763 0.052026 0.000000
vt 0.266597 0.078125 0.000000
vt 0.266597 0.049479 0.000000
vt 0.351661 0.049479 0.000000
vt 0.272259 0.034226 0.000000
vt 0.351661 0.035156 0.000000
vt 0.351661 0.020833 0.000000
vt 0.393066 0.009011 0.000000
vt 0.083754 0.095813 0.000000
vt 0.521788 0.000000 0.000000
vt 0.521788 0.125000 0.000000
vt 0.521788 0.249999 0.000000
vt 0.393066 0.240989 0.000000
vt 0.351661 0.192708 0.000000
vt 0.351661 0.135416 0.000000
vt 0.266597 0.192708 0.000000
vt 0.266597 0.135416 0.000000
vt 0.211763 0.197974 0.000000
vt 0.181534 0.135416 0.000000
vt 0.150481 0.177631 0.000000
vt 0.118824 0.166589 0.000000
vt 0.272259 0.215774 0.000000
vt 0.351661 0.078125 0.000000
vt 0.000000 0.335417 0.000000
vt 0.000000 0.150000 0.000000
vt 0.001267 0.335294 0.000000
vt 0.131441 0.313760 0.000000
vt 0.165084 0.242708 0.000000
vt 0.250914 0.278141 0.000000
vt 0.247626 0.242708 0.000000
vt 0.310342 0.256092 0.000000
vt 0.330167 0.242708 0.000000
vt 0.370506 0.232298 0.000000
vt 0.330167 0.196354 0.000000
vt 0.377369 0.196354 0.000000
vt 0.377369 0.150000 0.000000
vt 0.424570 0.150000 0.000000
vt 0.424570 0.103646 0.000000
vt 0.448170 0.103646 0.000000
vt 0.436146 0.093864 0.000000
vt 0.475000 0.108858 0.000000
vt 0.000000 -0.035417 0.000000
vt 0.001267 -0.035294 0.000000
vt 0.131441 -0.013760 0.000000
vt 0.165084 0.057292 0.000000
vt 0.165084 0.010937 0.000000
vt 0.250914 0.021859 0.000000
vt 0.247626 0.057292 0.000000
vt 0.310342 0.043908 0.000000
vt 0.247626 0.080283 0.000000
vt 0.330167 0.080222 0.000000
vt 0.330167 0.103646 0.000000
vt 0.377369 0.103646 0.000000
vt 0.330167 0.150000 0.000000
vt 0.330167 0.057292 0.000000
vt 0.370506 0.067702 0.000000
vt 0.377369 0.080186 0.000000
vt 0.401620 0.080168 0.000000
vt 0.496118 0.116737 0.000000
vt 0.471771 0.150000 0.000000
vt 0.448170 0.150000 0.000000
vt 0.495371 0.150000 0.000000
vt 0.518179 0.124718 0.000000
vt 0.518972 0.125000 0.000000
vt 0.518972 0.175000 0.000000
vt 0.518179 0.175282 0.000000
vt 0.496118 0.183263 0.000000
vt 0.475000 0.191142 0.000000
vt 0.448170 0.196354 0.000000
vt 0.436146 0.206136 0.000000
vt 0.424570 0.196354 0.000000
vt 0.401620 0.219832 0.000000
vt 0.165084 0.080345 0.000000
vt 0.165084 0.103646 0.000000
vt 0.247626 0.103646 0.000000
vt 0.165084 0.150000 0.000000
vt 0.247626 0.150000 0.000000
vt 0.165084 0.196354 0.000000
vt 0.247626 0.196354 0.000000
vt -0.108594 -0.295591 0.000000
vt 0.008246 -0.236923 0.000000
vt -0.146564 -0.176874 0.000000
vt 0.024738 -0.105918 0.000000
vt 0.129035 -0.186890 0.000000
vt 0.196041 -0.034962 0.000000
vt 0.253138 -0.145757 0.000000
vt 0.040500 0.251066 0.000000
vt 0.040500 -0.001066 0.000000
vt 0.050965 0.250000 0.000000
vt 0.050965 0.000000 0.000000
vt 0.177080 0.125000 0.000000
vt 0.175607 0.000000 0.000000
vt 0.177080 0.000001 0.000000
vt 0.177080 0.250000 0.000000
vt 0.175607 0.250000 0.000000
vt -0.000794 0.124718 0.000000
vt -0.000000 0.125000 0.000000
vt -0.022524 0.150000 0.000000
vt -0.000000 0.175000 0.000000
vt -0.000794 0.175282 0.000000
vt -0.022857 0.183263 0.000000
vt -0.045048 0.150000 0.000000
vt -0.022857 0.116737 0.000000
vt -0.043978 0.108858 0.000000
vt -0.067572 0.150000 0.000000
vt -0.067572 0.103646 0.000000
vt -0.090096 0.150000 0.000000
vt -0.090096 0.103646 0.000000
vt -0.135144 0.150000 0.000000
vt -0.135144 0.103646 0.000000
vt -0.180192 0.150000 0.000000
vt -0.180192 0.103646 0.000000
vt -0.264905 0.150000 0.000000
vt -0.264905 0.103646 0.000000
vt -0.349618 0.150000 0.000000
vt -0.349618 0.103646 0.000000
vt -0.519044 0.150000 0.000000
vt -0.349618 0.057292 0.000000
vt -0.519044 -0.035417 0.000000
vt -0.349618 0.034115 0.000000
vt -0.387585 -0.013760 0.000000
vt -0.349618 0.010937 0.000000
vt -0.349618 -0.000651 0.000000
vt -0.268095 0.021859 0.000000
vt -0.043978 0.191142 0.000000
vt -0.082837 0.206136 0.000000
vt -0.117368 0.219832 0.000000
vt -0.148487 0.232298 0.000000
vt -0.180192 0.242708 0.000000
vt -0.208659 0.256092 0.000000
vt -0.264905 0.242708 0.000000
vt -0.268095 0.278141 0.000000
vt -0.349618 0.242708 0.000000
vt -0.387585 0.313760 0.000000
vt -0.517777 0.335294 0.000000
vt -0.519044 0.335417 0.000000
vt -0.517777 -0.035294 0.000000
vt -0.208659 0.043908 0.000000
vt -0.264905 0.034115 0.000000
vt -0.148487 0.067702 0.000000
vt -0.180192 0.057292 0.000000
vt -0.264905 0.057292 0.000000
vt -0.117368 0.080168 0.000000
vt -0.082837 0.093864 0.000000
vt -0.000000 0.250000 0.000000
vt -0.128704 0.240989 0.000000
vt -0.000000 0.125000 0.000000
vt -0.168277 0.135417 0.000000
vt -0.168277 0.078125 0.000000
vt -0.252416 0.135417 0.000000
vt -0.252416 0.078125 0.000000
vt -0.336554 0.135417 0.000000
vt -0.336554 0.078125 0.000000
vt -0.382845 0.135417 0.000000
vt -0.371257 0.072369 0.000000
vt -0.382845 0.078125 0.000000
vt -0.402909 0.083411 0.000000
vt -0.429136 0.135417 0.000000
vt -0.402909 0.166589 0.000000
vt -0.437975 0.154187 0.000000
vt -0.249495 0.215774 0.000000
vt -0.309983 0.197974 0.000000
vt -0.371257 0.177631 0.000000
vt -0.452281 0.135417 0.000000
vt -0.477336 0.140301 0.000000
vt -0.475426 0.135417 0.000000
vt -0.498675 0.132879 0.000000
vt -0.477336 0.109699 0.000000
vt -0.498675 0.117121 0.000000
vt -0.520918 0.125270 0.000000
vt -0.520918 0.124730 0.000000
vt -0.521717 0.125000 0.000000
vt -0.437975 0.095813 0.000000
vt -0.309983 0.052026 0.000000
vt -0.249495 0.034226 0.000000
vt -0.168277 0.020833 0.000000
vt -0.128704 0.009011 0.000000
vt -0.000000 0.000001 0.000000
vt -0.521788 -0.000000 0.000000
vt -0.393066 0.009011 0.000000
vt -0.521788 0.125000 0.000000
vt -0.351661 0.049479 0.000000
vt -0.351661 0.078125 0.000000
vt -0.266597 0.049479 0.000000
vt -0.266597 0.078125 0.000000
vt -0.211763 0.052026 0.000000
vt -0.181534 0.078125 0.000000
vt -0.150481 0.072369 0.000000
vt -0.136150 0.078125 0.000000
vt -0.118824 0.083411 0.000000
vt -0.136150 0.135416 0.000000
vt -0.083754 0.095813 0.000000
vt -0.090767 0.135416 0.000000
vt -0.068075 0.135416 0.000000
vt -0.083754 0.154187 0.000000
vt -0.044387 0.140301 0.000000
vt -0.045383 0.135416 0.000000
vt -0.023045 0.132879 0.000000
vt -0.044387 0.109699 0.000000
vt -0.023045 0.117121 0.000000
vt -0.272259 0.034226 0.000000
vt -0.351661 0.020833 0.000000
vt -0.351661 0.035156 0.000000
vt -0.000799 0.125270 0.000000
vt -0.000799 0.124730 0.000000
vt -0.000000 0.125000 0.000000
vt -0.118824 0.166589 0.000000
vt -0.150481 0.177631 0.000000
vt -0.181534 0.135416 0.000000
vt -0.211763 0.197974 0.000000
vt -0.266597 0.135416 0.000000
vt -0.266597 0.192708 0.000000
vt -0.272259 0.215774 0.000000
vt -0.351661 0.192708 0.000000
vt -0.393066 0.240989 0.000000
vt -0.521788 0.249999 0.000000
vt -0.351661 0.135416 0.000000
vt -0.000000 -0.035417 0.000000
vt -0.000000 0.150000 0.000000
vt -0.001267 -0.035294 0.000000
vt -0.131441 -0.013760 0.000000
vt -0.165084 0.057292 0.000000
vt -0.165084 0.010937 0.000000
vt -0.247626 0.057292 0.000000
vt -0.250914 0.021859 0.000000
vt -0.310342 0.043908 0.000000
vt -0.247626 0.080283 0.000000
vt -0.330167 0.080222 0.000000
vt -0.330167 0.103646 0.000000
vt -0.377369 0.103646 0.000000
vt -0.377369 0.150000 0.000000
vt -0.424570 0.150000 0.000000
vt -0.424570 0.196354 0.000000
vt -0.448170 0.196354 0.000000
vt -0.436146 0.206136 0.000000
vt -0.475000 0.191142 0.000000
vt -0.000000 0.335417 0.000000
vt -0.001267 0.335294 0.000000
vt -0.131441 0.313760 0.000000
vt -0.165084 0.242708 0.000000
vt -0.250914 0.278141 0.000000
vt -0.247626 0.242708 0.000000
vt -0.310342 0.256092 0.000000
vt -0.247626 0.196354 0.000000
vt -0.330167 0.242708 0.000000
vt -0.330167 0.196354 0.000000
vt -0.370506 0.232298 0.000000
vt -0.377369 0.196354 0.000000
vt -0.401620 0.219832 0.000000
vt -0.496118 0.183263 0.000000
vt -0.471771 0.150000 0.000000
vt -0.448170 0.150000 0.000000
vt -0.495371 0.150000 0.000000
vt -0.518179 0.175282 0.000000
vt -0.518972 0.175000 0.000000
vt -0.518972 0.125000 0.000000
vt -0.518179 0.124718 0.000000
vt -0.496118 0.116737 0.000000
vt -0.475000 0.108858 0.000000
vt -0.448170 0.103646 0.000000
vt -0.424570 0.103646 0.000000
vt -0.436146 0.093864 0.000000
vt -0.401620 0.080168 0.000000
vt -0.377369 0.080186 0.000000
vt -0.370506 0.067702 0.000000
vt -0.330167 0.057292 0.000000
vt -0.165084 0.080345 0.000000
vt -0.165084 0.103646 0.000000
vt -0.165084 0.150000 0.000000
vt -0.247626 0.150000 0.000000
vt -0.165084 0.196354 0.000000
vt -0.330167 0.150000 0.000000
vt -0.247626 0.103646 0.000000
vt -0.561579 0.251066 0.000000
vt -0.561579 -0.001066 0.000000
vt -0.551115 0.250000 0.000000
vt -0.551115 0.000000 0.000000
vt -0.425000 0.125000 0.000000
vt -0.426473 0.000000 0.000000
vt -0.425000 0.000000 0.000000
vt -0.425000 0.249999 0.000000
vt -0.426473 0.250000 0.000000
vt -0.108594 -0.295591 0.000000
vt 0.008246 -0.236923 0.000000
vt -0.146564 -0.176874 0.000000
vt 0.024738 -0.105918 0.000000
vt 0.129035 -0.186890 0.000000
vt 0.196041 -0.034962 0.000000
vt 0.253138 -0.145757 0.000000
vt 0.000000 0.125000 0.000000
vt 0.000794 0.124718 0.000000
vt 0.000000 0.175000 0.000000
vt 0.022524 0.150000 0.000000
vt 0.000794 0.175282 0.000000
vt 0.022857 0.183263 0.000000
vt 0.045048 0.150000 0.000000
vt 0.043978 0.191142 0.000000
vt 0.067572 0.150000 0.000000
vt 0.090096 0.150000 0.000000
vt 0.090096 0.103646 0.000000
vt 0.135144 0.103646 0.000000
vt 0.117368 0.080168 0.000000
vt 0.148487 0.067702 0.000000
vt 0.022857 0.116737 0.000000
vt 0.043978 0.108858 0.000000
vt 0.067572 0.103646 0.000000
vt 0.082837 0.093864 0.000000
vt 0.208659 0.043908 0.000000
vt 0.180192 0.057292 0.000000
vt 0.180192 0.103646 0.000000
vt 0.135144 0.150000 0.000000
vt 0.082837 0.206136 0.000000
vt 0.268095 0.021859 0.000000
vt 0.264905 0.034115 0.000000
vt 0.264905 0.057292 0.000000
vt 0.387585 -0.013760 0.000000
vt 0.349618 -0.000651 0.000000
vt 0.349618 0.010937 0.000000
vt 0.349618 0.034115 0.000000
vt 0.349618 0.057292 0.000000
vt 0.519044 0.150000 0.000000
vt 0.349618 0.103646 0.000000
vt 0.349618 0.150000 0.000000
vt 0.264905 0.150000 0.000000
vt 0.264905 0.242708 0.000000
vt 0.180192 0.242708 0.000000
vt 0.208659 0.256092 0.000000
vt 0.148487 0.232298 0.000000
vt 0.517777 -0.035294 0.000000
vt 0.519044 -0.035417 0.000000
vt 0.519044 0.335417 0.000000
vt 0.517777 0.335294 0.000000
vt 0.387585 0.313760 0.000000
vt 0.349618 0.242708 0.000000
vt 0.268095 0.278141 0.000000
vt 0.180192 0.150000 0.000000
vt 0.117368 0.219832 0.000000
vt 0.264905 0.103646 0.000000
vt 0.521717 0.125000 0.000000
vt 0.520918 0.125270 0.000000
vt 0.520918 0.124730 0.000000
vt 0.498675 0.117121 0.000000
vt 0.498675 0.132879 0.000000
vt 0.477336 0.109699 0.000000
vt 0.475426 0.135417 0.000000
vt 0.452281 0.135417 0.000000
vt 0.477336 0.140301 0.000000
vt 0.437975 0.154187 0.000000
vt 0.429136 0.135417 0.000000
vt 0.402909 0.166589 0.000000
vt 0.382845 0.135417 0.000000
vt 0.371257 0.177631 0.000000
vt 0.336554 0.135417 0.000000
vt 0.309983 0.197974 0.000000
vt 0.252416 0.135417 0.000000
vt 0.249495 0.215774 0.000000
vt 0.168277 0.135417 0.000000
vt 0.128704 0.240989 0.000000
vt 0.000000 0.125000 0.000000
vt 0.000000 0.250000 0.000000
vt 0.000000 0.000001 0.000000
vt 0.128704 0.009011 0.000000
vt 0.168277 0.078125 0.000000
vt 0.252416 0.078125 0.000000
vt 0.309983 0.052026 0.000000
vt 0.336554 0.078125 0.000000
vt 0.371257 0.072369 0.000000
vt 0.168277 0.020833 0.000000
vt 0.249495 0.034226 0.000000
vt 0.382845 0.078125 0.000000
vt 0.402909 0.083411 0.000000
vt 0.437975 0.095813 0.000000
vt 0.000000 0.125000 0.000000
vt 0.000799 0.124730 0.000000
vt 0.000799 0.125270 0.000000
vt 0.023045 0.117121 0.000000
vt 0.023045 0.132879 0.000000
vt 0.044387 0.109699 0.000000
vt 0.045383 0.135416 0.000000
vt 0.068075 0.135416 0.000000
vt 0.044387 0.140301 0.000000
vt 0.083754 0.154187 0.000000
vt 0.090767 0.135416 0.000000
vt 0.136150 0.135416 0.000000
vt 0.118824 0.083411 0.000000
vt 0.136150 0.078125 0.000000
vt 0.150481 0.072369 0.000000
vt 0.181534 0.078125 0.000000
vt 0.211763 0.052026 0.000000
vt 0.266597 0.078125 0.000000
vt 0.266597 0.049479 0.000000
vt 0.351661 0.049479 0.000000
vt 0.272259 0.034226 0.000000
vt 0.351661 0.035156 0.000000
vt 0.351661 0.020833 0.000000
vt 0.393066 0.009011 0.000000
vt 0.083754 0.095813 0.000000
vt 0.521788 0.000000 0.000000
vt 0.521788 0.125000 0.000000
vt 0.521788 0.249999 0.000000
vt 0.393066 0.240989 0.000000
vt 0.351661 0.192708 0.000000
vt 0.351661 0.135416 0.000000
vt 0.266597 0.192708 0.000000
vt 0.266597 0.135416 0.000000
vt 0.211763 0.197974 0.000000
vt 0.181534 0.135416 0.000000
vt 0.150481 0.177631 0.000000
vt 0.118824 0.166589 0.000000
vt 0.272259 0.215774 0.000000
vt 0.351661 0.078125 0.000000
vt 0.000000 0.335417 0.000000
vt 0.000000 0.150000 0.000000
vt 0.001267 0.335294 0.000000
vt 0.131441 0.313760 0.000000
vt 0.165084 0.242708 0.000000
vt 0.250914 0.278141 0.000000
vt 0.247626 0.242708 0.000000
vt 0.310342 0.256092 0.000000
vt 0.330167 0.242708 0.000000
vt 0.370506 0.232298 0.000000
vt 0.330167 0.196354 0.000000
vt 0.377369 0.196354 0.000000
vt 0.377369 0.150000 0.000000
vt 0.424570 0.150000 0.000000
vt 0.424570 0.103646 0.000000
vt 0.448170 0.103646 0.000000
vt 0.436146 0.093864 0.000000
vt 0.475000 0.108858 0.000000
vt 0.000000 -0.035417 0.000000
vt 0.001267 -0.035294 0.000000
vt 0.131441 -0.013760 0.000000
vt 0.165084 0.057292 0.000000
vt 0.165084 0.010937 0.000000
vt 0.250914 0.021859 0.000000
vt 0.247626 0.057292 0.000000
vt 0.310342 0.043908 0.000000
vt 0.247626 0.080283 0.000000
vt 0.330167 0.080222 0.000000
vt 0.330167 0.103646 0.000000
vt 0.377369 0.103646 0.000000
vt 0.330167 0.150000 0.000000
vt 0.330167 0.057292 0.000000
vt 0.370506 0.067702 0.000000
vt 0.377369 0.080186 0.000000
vt 0.401620 0.080168 0.000000
vt 0.496118 0.116737 0.000000
vt 0.471771 0.150000 0.000000
vt 0.448170 0.150000 0.000000
vt 0.495371 0.150000 0.000000
vt 0.518179 0.124718 0.000000
vt 0.518972 0.125000 0.000000
vt 0.518972 0.175000 0.000000
vt 0.518179 0.175282 0.000000
vt 0.496118 0.183263 0.000000
vt 0.475000 0.191142 0.000000
vt 0.448170 0.196354 0.000000
vt 0.436146 0.206136 0.000000
vt 0.424570 0.196354 0.000000
vt 0.401620 0.219832 0.000000
vt 0.165084 0.080345 0.000000
vt 0.165084 0.103646 0.000000
vt 0.247626 0.103646 0.000000
vt 0.165084 0.150000 0.000000
vt 0.247626 0.150000 0.000000
vt 0.165084 0.196354 0.000000
vt 0.247626 0.196354 0.000000
vt 0.040500 0.251066 0.000000
vt 0.040500 -0.001066 0.000000
vt 0.050965 0.250000 0.000000
vt 0.050965 0.000000 0.000000
vt 0.177080 0.125000 0.000000
vt 0.175607 0.000000 0.000000
vt 0.177080 0.000001 0.000000
vt 0.177080 0.250000 0.000000
vt 0.175607 0.250000 0.000000
vt -0.253138 -0.145757 0.000000
vt -0.129035 -0.186890 0.000000
vt -0.196041 -0.034962 0.000000
vt -0.024738 -0.105918 0.000000
vt -0.008246 -0.236923 0.000000
vt 0.146564 -0.176874 0.000000
vt 0.108594 -0.295591 0.000000
vt 0.000000 0.125000 0.000000
vt 0.000794 0.124718 0.000000
vt 0.000000 0.175000 0.000000
vt 0.022524 0.150000 0.000000
vt 0.000794 0.175282 0.000000
vt 0.022857 0.183263 0.000000
vt 0.045048 0.150000 0.000000
vt 0.043978 0.191142 0.000000
vt 0.067572 0.150000 0.000000
vt 0.090096 0.150000 0.000000
vt 0.090096 0.103646 0.000000
vt 0.135144 0.103646 0.000000
vt 0.117368 0.080168 0.000000
vt 0.148487 0.067702 0.000000
vt 0.022857 0.116737 0.000000
vt 0.043978 0.108858 0.000000
vt 0.067572 0.103646 0.000000
vt 0.082837 0.093864 0.000000
vt 0.208659 0.043908 0.000000
vt 0.180192 0.057292 0.000000
vt 0.180192 0.103646 0.000000
vt 0.135144 0.150000 0.000000
vt 0.082837 0.206136 0.000000
vt 0.268095 0.021859 0.000000
vt 0.264905 0.034115 0.000000
vt 0.264905 0.057292 0.000000
vt 0.387585 -0.013760 0.000000
vt 0.349618 -0.000651 0.000000
vt 0.349618 0.010937 0.000000
vt 0.349618 0.034115 0.000000
vt 0.349618 0.057292 0.000000
vt 0.519044 0.150000 0.000000
vt 0.349618 0.103646 0.000000
vt 0.349618 0.150000 0.000000
vt 0.264905 0.150000 0.000000
vt 0.264905 0.242708 0.000000
vt 0.180192 0.242708 0.000000
vt 0.208659 0.256092 0.000000
vt 0.148487 0.232298 0.000000
vt 0.517777 -0.035294 0.000000
vt 0.519044 -0.035417 0.000000
vt 0.519044 0.335417 0.000000
vt 0.517777 0.335294 0.000000
vt 0.387585 0.313760 0.000000
vt 0.349618 0.242708 0.000000
vt 0.268095 0.278141 0.000000
vt 0.180192 0.150000 0.000000
vt 0.117368 0.219832 0.000000
vt 0.264905 0.103646 0.000000
vt 0.521717 0.125000 0.000000
vt 0.520918 0.125270 0.000000
vt 0.520918 0.124730 0.000000
vt 0.498675 0.117121 0.000000
vt 0.498675 0.132879 0.000000
vt 0.477336 0.109699 0.000000
vt 0.475426 0.135417 0.000000
vt 0.452281 0.135417 0.000000
vt 0.477336 0.140301 0.000000
vt 0.437975 0.154187 0.000000
vt 0.429136 0.135417 0.000000
vt 0.402909 0.166589 0.000000
vt 0.382845 0.135417 0.000000
vt 0.371257 0.177631 0.000000
vt 0.336554 0.135417 0.000000
vt 0.309983 0.197974 0.000000
vt 0.252416 0.135417 0.000000
vt 0.249495 0.215774 0.000000
vt 0.168277 0.135417 0.000000
vt 0.128704 0.240989 0.000000
vt 0.000000 0.125000 0.000000
vt 0.000000 0.250000 0.000000
vt 0.000000 0.000001 0.000000
vt 0.128704 0.009011 0.000000
vt 0.168277 0.078125 0.000000
vt 0.252416 0.078125 0.000000
vt 0.309983 0.052026 0.000000
vt 0.336554 0.078125 0.000000
vt 0.371257 0.072369 0.000000
vt 0.168277 0.020833 0.000000
vt 0.249495 0.034226 0.000000
vt 0.382845 0.078125 0.000000
vt 0.402909 0.083411 0.000000
vt 0.437975 0.095813 0.000000
vt 0.000000 0.125000 0.000000
vt 0.000799 0.124730 0.000000
vt 0.000799 0.125270 0.000000
vt 0.023045 0.117121 0.000000
vt 0.023045 0.132879 0.000000
vt 0.044387 0.109699 0.000000
vt 0.045383 0.135416 0.000000
vt 0.068075 0.135416 0.000000
vt 0.044387 0.140301 0.000000
vt 0.083754 0.154187 0.000000
vt 0.090767 0.135416 0.000000
vt 0.136150 0.135416 0.000000
vt 0.118824 0.083411 0.000000
vt 0.136150 0.078125 0.000000
vt 0.150481 0.072369 0.000000
vt 0.181534 0.078125 0.000000
vt 0.211763 0.052026 0.000000
vt 0.266597 0.078125 0.000000
vt 0.266597 0.049479 0.000000
vt 0.351661 0.049479 0.000000
vt 0.272259 0.034226 0.000000
vt 0.351661 0.035156 0.000000
vt 0.351661 0.020833 0.000000
vt 0.393066 0.009011 0.000000
vt 0.083754 0.095813 0.000000
vt 0.521788 0.000000 0.000000
vt 0.521788 0.125000 0.000000
vt 0.521788 0.249999 0.000000
vt 0.393066 0.240989 0.000000
vt 0.351661 0.192708 0.000000
vt 0.351661 0.135416 0.000000
vt 0.266597 0.192708 0.000000
vt 0.266597 0.135416 0.000000
vt 0.211763 0.197974 0.000000
vt 0.181534 0.135416 0.000000
vt 0.150481 0.177631 0.000000
vt 0.118824 0.166589 0.000000
vt 0.272259 0.215774 0.000000
vt 0.351661 0.078125 0.000000
vt 0.000000 0.335417 0.000000
vt 0.000000 0.150000 0.000000
vt 0.001267 0.335294 0.000000
vt 0.131441 0.313760 0.000000
vt 0.165084 0.242708 0.000000
vt 0.250914 0.278141 0.000000
vt 0.247626 0.242708 0.000000
vt 0.310342 0.256092 0.000000
vt 0.330167 0.242708 0.000000
vt 0.370506 0.232298 0.000000
vt 0.330167 0.196354 0.000000
vt 0.377369 0.196354 0.000000
vt 0.377369 0.150000 0.000000
vt 0.424570 0.150000 0.000000
vt 0.424570 0.103646 0.000000
vt 0.448170 0.103646 0.000000
vt 0.436146 0.093864 0.000000
vt 0.475000 0.108858 0.000000
vt 0.000000 -0.035417 0.000000
vt 0.001267 -0.035294 0.000000
vt 0.131441 -0.013760 0.000000
vt 0.165084 0.057292 0.000000
vt 0.165084 0.010937 0.000000
vt 0.250914 0.021859 0.000000
vt 0.247626 0.057292 0.000000
vt 0.310342 0.043908 0.000000
vt 0.247626 0.080283 0.000000
vt 0.330167 0.080222 0.000000
vt 0.330167 0.103646 0.000000
vt 0.377369 0.103646 0.000000
vt 0.330167 0.150000 0.000000
vt 0.330167 0.057292 0.000000
vt 0.370506 0.067702 0.000000
vt 0.377369 0.080186 0.000000
vt 0.401620 0.080168 0.000000
vt 0.496118 0.116737 0.000000
vt 0.471771 0.150000 0.000000
vt 0.448170 0.150000 0.000000
vt 0.495371 0.150000 0.000000
vt 0.518179 0.124718 0.000000
vt 0.518972 0.125000 0.000000
vt 0.518972 0.175000 0.000000
vt 0.518179 0.175282 0.000000
vt 0.496118 0.183263 0.000000
vt 0.475000 0.191142 0.000000
vt 0.448170 0.196354 0.000000
vt 0.436146 0.206136 0.000000
vt 0.424570 0.196354 0.000000
vt 0.401620 0.219832 0.000000
vt 0.165084 0.080345 0.000000
vt 0.165084 0.103646 0.000000
vt 0.247626 0.103646 0.000000
vt 0.165084 0.150000 0.000000
vt 0.247626 0.150000 0.000000
vt 0.165084 0.196354 0.000000
vt 0.247626 0.196354 0.000000
vt 0.040500 0.251066 0.000000
vt 0.040500 -0.001066 0.000000
vt 0.050965 0.250000 0.000000
vt 0.050965 0.000000 0.000000
vt 0.177080 0.125000 0.000000
vt 0.175607 0.000000 0.000000
vt 0.177080 0.000001 0.000000
vt 0.177080 0.250000 0.000000
vt 0.175607 0.250000 0.000000
vt -0.253138 -0.145757 0.000000
vt -0.129035 -0.186890 0.000000
vt -0.196041 -0.034962 0.000000
vt -0.024738 -0.105918 0.000000
vt -0.008246 -0.236923 0.000000
vt 0.146564 -0.176874 0.000000
vt 0.108594 -0.295591 0.000000
vt -0.000794 0.124718 0.000000
vt -0.000000 0.125000 0.000000
vt -0.022524 0.150000 0.000000
vt -0.000000 0.175000 0.000000
vt -0.000794 0.175282 0.000000
vt -0.022857 0.183263 0.000000
vt -0.045048 0.150000 0.000000
vt -0.022857 0.116737 0.000000
vt -0.043978 0.108858 0.000000
vt -0.067572 0.150000 0.000000
vt -0.067572 0.103646 0.000000
vt -0.090096 0.150000 0.000000
vt -0.090096 0.103646 0.000000
vt -0.135144 0.150000 0.000000
vt -0.135144 0.103646 0.000000
vt -0.180192 0.150000 0.000000
vt -0.180192 0.103646 0.000000
vt -0.264905 0.150000 0.000000
vt -0.264905 0.103646 0.000000
vt -0.349618 0.150000 0.000000
vt -0.349618 0.103646 0.000000
vt -0.519044 0.150000 0.000000
vt -0.349618 0.057292 0.000000
vt -0.519044 -0.035417 0.000000
vt -0.349618 0.034115 0.000000
vt -0.387585 -0.013760 0.000000
vt -0.349618 0.010937 0.000000
vt -0.349618 -0.000651 0.000000
vt -0.268095 0.021859 0.000000
vt -0.043978 0.191142 0.000000
vt -0.082837 0.206136 0.000000
vt -0.117368 0.219832 0.000000
vt -0.148487 0.232298 0.000000
vt -0.180192 0.242708 0.000000
vt -0.208659 0.256092 0.000000
vt -0.264905 0.242708 0.000000
vt -0.268095 0.278141 0.000000
vt -0.349618 0.242708 0.000000
vt -0.387585 0.313760 0.000000
vt -0.517777 0.335294 0.000000
vt -0.519044 0.335417 0.000000
vt -0.517777 -0.035294 0.000000
vt -0.208659 0.043908 0.000000
vt -0.264905 0.034115 0.000000
vt -0.148487 0.067702 0.000000
vt -0.180192 0.057292 0.000000
vt -0.264905 0.057292 0.000000
vt -0.117368 0.080168 0.000000
vt -0.082837 0.093864 0.000000
vt -0.000000 0.250000 0.000000
vt -0.128704 0.240989 0.000000
vt -0.000000 0.125000 0.000000
vt -0.168277 0.135417 0.000000
vt -0.168277 0.078125 0.000000
vt -0.252416 0.135417 0.000000
vt -0.252416 0.078125 0.000000
vt -0.336554 0.135417 0.000000
vt -0.336554 0.078125 0.000000
vt -0.382845 0.135417 0.000000
vt -0.371257 0.072369 0.000000
vt -0.382845 0.078125 0.000000
vt -0.402909 0.083411 0.000000
vt -0.429136 0.135417 0.000000
vt -0.402909 0.166589 0.000000
vt -0.437975 0.154187 0.000000
vt -0.249495 0.215774 0.000000
vt -0.309983 0.197974 0.000000
vt -0.371257 0.177631 0.000000
vt -0.452281 0.135417 0.000000
vt -0.477336 0.140301 0.000000
vt -0.475426 0.135417 0.000000
vt -0.498675 0.132879 0.000000
vt -0.477336 0.109699 0.000000
vt -0.498675 0.117121 0.000000
vt -0.520918 0.125270 0.000000
vt -0.520918 0.124730 0.000000
vt -0.521717 0.125000 0.000000
vt -0.437975 0.095813 0.000000
vt -0.309983 0.052026 0.000000
vt -0.249495 0.034226 0.000000
vt -0.168277 0.020833 0.000000
vt -0.128704 0.009011 0.000000
vt -0.000000 0.000001 0.000000
vt -0.521788 -0.000000 0.000000
vt -0.393066 0.009011 0.000000
vt -0.521788 0.125000 0.000000
vt -0.351661 0.049479 0.000000
vt -0.351661 0.078125 0.000000
vt -0.266597 0.049479 0.000000
vt -0.266597 0.078125 0.000000
vt -0.211763 0.052026 0.000000
vt -0.181534 0.078125 0.000000
vt -0.150481 0.072369 0.000000
vt -0.136150 0.078125 0.000000
vt -0.118824 0.083411 0.000000
vt -0.136150 0.135416 0.000000
vt -0.083754 0.095813 0.000000
vt -0.090767 0.135416 0.000000
vt -0.068075 0.135416 0.000000
vt -0.083754 0.154187 0.000000
vt -0.044387 0.140301 0.000000
vt -0.045383 0.135416 0.000000
vt -0.023045 0.132879 0.000000
vt -0.044387 0.109699 0.000000
vt -0.023045 0.117121 0.000000
vt -0.272259 0.034226 0.000000
vt -0.351661 0.020833 0.000000
vt -0.351661 0.035156 0.000000
vt -0.000799 0.125270 0.000000
vt -0.000799 0.124730 0.000000
vt -0.000000 0.125000 0.000000
vt -0.118824 0.166589 0.000000
vt -0.150481 0.177631 0.000000
vt -0.181534 0.135416 0.000000
vt -0.211763 0.197974 0.000000
vt -0.266597 0.135416 0.000000
vt -0.266597 0.192708 0.000000
vt -0.272259 0.215774 0.000000
vt -0.351661 0.192708 0.000000
vt -0.393066 0.240989 0.000000
vt -0.521788 0.249999 0.000000
vt -0.351661 0.135416 0.000000
vt -0.000000 -0.035417 0.000000
vt -0.000000 0.150000 0.000000
vt -0.001267 -0.035294 0.000000
vt -0.131441 -0.013760 0.000000
vt -0.165084 0.057292 0.000000
vt -0.165084 0.010937 0.000000
vt -0.247626 0.057292 0.000000
vt -0.250914 0.021859 0.000000
vt -0.310342 0.043908 0.000000
vt -0.247626 0.080283 0.000000
vt -0.330167 0.080222 0.000000
vt -0.330167 0.103646 0.000000
vt -0.377369 0.103646 0.000000
vt -0.377369 0.150000 0.000000
vt -0.424570 0.150000 0.000000
vt -0.424570 0.196354 0.000000
vt -0.448170 0.196354 0.000000
vt -0.436146 0.206136 0.000000
vt -0.475000 0.191142 0.000000
vt -0.000000 0.335417 0.000000
vt -0.001267 0.335294 0.000000
vt -0.131441 0.313760 0.000000
vt -0.165084 0.242708 0.000000
vt -0.250914 0.278141 0.000000
vt -0.247626 0.242708 0.000000
vt -0.310342 0.256092 0.000000
vt -0.247626 0.196354 0.000000
vt -0.330167 0.242708 0.000000
vt -0.330167 0.196354 0.000000
vt -0.370506 0.232298 0.000000
vt -0.377369 0.196354 0.000000
vt -0.401620 0.219832 0.000000
vt -0.496118 0.183263 0.000000
vt -0.471771 0.150000 0.000000
vt -0.448170 0.150000 0.000000
vt -0.495371 0.150000 0.000000
vt -0.518179 0.175282 0.000000
vt -0.518972 0.175000 0.000000
vt -0.518972 0.125000 0.000000
vt -0.518179 0.124718 0.000000
vt -0.496118 0.116737 0.000000
vt -0.475000 0.108858 0.000000
vt -0.448170 0.103646 0.000000
vt -0.424570 0.103646 0.000000
vt -0.436146 0.093864 0.000000
vt -0.401620 0.080168 0.000000
vt -0.377369 0.080186 0.000000
vt -0.370506 0.067702 0.000000
vt -0.330167 0.057292 0.000000
vt -0.165084 0.080345 0.000000
vt -0.165084 0.103646 0.000000
vt -0.165084 0.150000 0.000000
vt -0.247626 0.150000 0.000000
vt -0.165084 0.196354 0.000000
vt -0.330167 0.150000 0.000000
vt -0.247626 0.103646 0.000000
vt -0.561579 0.251066 0.000000
vt -0.561579 -0.001066 0.000000
vt -0.551115 0.250000 0.000000
vt -0.551115 0.000000 0.000000
vt -0.425000 0.125000 0.000000
vt -0.426473 0.000000 0.000000
vt -0.425000 0.000000 0.000000
vt -0.425000 0.249999 0.000000
vt -0.426473 0.250000 0.000000
vt -0.108594 -0.295591 0.000000
vt 0.008246 -0.236923 0.000000
vt -0.146564 -0.176874 0.000000
vt 0.024738 -0.105918 0.000000
vt 0.129035 -0.186890 0.000000
vt 0.196041 -0.034962 0.000000
vt 0.253138 -0.145757 0.000000
vt -0.000794 0.124718 0.000000
vt -0.000000 0.125000 0.000000
vt -0.022524 0.150000 0.000000
vt -0.000000 0.175000 0.000000
vt -0.000794 0.175282 0.000000
vt -0.022857 0.183263 0.000000
vt -0.045048 0.150000 0.000000
vt -0.022857 0.116737 0.000000
vt -0.043978 0.108858 0.000000
vt -0.067572 0.150000 0.000000
vt -0.067572 0.103646 0.000000
vt -0.090096 0.150000 0.000000
vt -0.090096 0.103646 0.000000
vt -0.135144 0.150000 0.000000
vt -0.135144 0.103646 0.000000
vt -0.180192 0.150000 0.000000
vt -0.180192 0.103646 0.000000
vt -0.264905 0.150000 0.000000
vt -0.264905 0.103646 0.000000
vt -0.349618 0.150000 0.000000
vt -0.349618 0.103646 0.000000
vt -0.519044 0.150000 0.000000
vt -0.349618 0.057292 0.000000
vt -0.519044 -0.035417 0.000000
vt -0.349618 0.034115 0.000000
vt -0.387585 -0.013760 0.000000
vt -0.349618 0.010937 0.000000
vt -0.349618 -0.000651 0.000000
vt -0.268095 0.021859 0.000000
vt -0.043978 0.191142 0.000000
vt -0.082837 0.206136 0.000000
vt -0.117368 0.219832 0.000000
vt -0.148487 0.232298 0.000000
vt -0.180192 0.242708 0.000000
vt -0.208659 0.256092 0.000000
vt -0.264905 0.242708 0.000000
vt -0.268095 0.278141 0.000000
vt -0.349618 0.242708 0.000000
vt -0.387585 0.313760 0.000000
vt -0.517777 0.335294 0.000000
vt -0.519044 0.335417 0.000000
vt -0.517777 -0.035294 0.000000
vt -0.208659 0.043908 0.000000
vt -0.264905 0.034115 0.000000
vt -0.148487 0.067702 0.000000
vt -0.180192 0.057292 0.000000
vt -0.264905 0.057292 0.000000
vt -0.117368 0.080168 0.000000
vt -0.082837 0.093864 0.000000
vt -0.000000 0.250000 0.000000
vt -0.128704 0.240989 0.000000
vt -0.000000 0.125000 0.000000
vt -0.168277 0.135417 0.000000
vt -0.168277 0.078125 0.000000
vt -0.252416 0.135417 0.000000
vt -0.252416 0.078125 0.000000
vt -0.336554 0.135417 0.000000
vt -0.336554 0.078125 0.000000
vt -0.382845 0.135417 0.000000
vt -0.371257 0.072369 0.000000
vt -0.382845 0.078125 0.000000
vt -0.402909 0.083411 0.000000
vt -0.429136 0.135417 0.000000
vt -0.402909 0.166589 0.000000
vt -0.437975 0.154187 0.000000
vt -0.249495 0.215774 0.000000
vt -0.309983 0.197974 0.000000
vt -0.371257 0.177631 0.000000
vt -0.452281 0.135417 0.000000
vt -0.477336 0.140301 0.000000
vt -0.475426 0.135417 0.000000
vt -0.498675 0.132879 0.000000
vt -0.477336 0.109699 0.000000
vt -0.498675 0.117121 0.000000
vt -0.520918 0.125270 0.000000
vt -0.520918 0.124730 0.000000
vt -0.521717 0.125000 0.000000
vt -0.437975 0.095813 0.000000
vt -0.309983 0.052026 0.000000
vt -0.249495 0.034226 0.000000
vt -0.168277 0.020833 0.000000
vt -0.128704 0.009011 0.000000
vt -0.000000 0.000001 0.000000
vt -0.521788 0.000000 0.000000
vt -0.393066 0.009011 0.000000
vt -0.521788 0.125000 0.000000
vt -0.351661 0.049479 0.000000
vt -0.351661 0.078125 0.000000
vt -0.266597 0.049479 0.000000
vt -0.266597 0.078125 0.000000
vt -0.211763 0.052026 0.000000
vt -0.181534 0.078125 0.000000
vt -0.150481 0.072369 0.000000
vt -0.136150 0.078125 0.000000
vt -0.118824 0.083411 0.000000
vt -0.136150 0.135416 0.000000
vt -0.083754 0.095813 0.000000
vt -0.090767 0.135416 0.000000
vt -0.068075 0.135416 0.000000
vt -0.083754 0.154187 0.000000
vt -0.044387 0.140301 0.000000
vt -0.045383 0.135416 0.000000
vt -0.023045 0.132879 0.000000
vt -0.044387 0.109699 0.000000
vt -0.023045 0.117121 0.000000
vt -0.272259 0.034226 0.000000
vt -0.351661 0.020833 0.000000
vt -0.351661 0.035156 0.000000
vt -0.000799 0.125270 0.000000
vt -0.000799 0.124730 0.000000
vt -0.000000 0.125000 0.000000
vt -0.118824 0.166589 0.000000
vt -0.150481 0.177631 0.000000
vt -0.181534 0.135416 0.000000
vt -0.211763 0.197974 0.000000
vt -0.266597 0.135416 0.000000
vt -0.266597 0.192708 0.000000
vt -0.272259 0.215774 0.000000
vt -0.351661 0.192708 0.000000
vt -0.393066 0.240989 0.000000
vt -0.521788 0.249999 0.000000
vt -0.351661 0.135416 0.000000
vt -0.000000 -0.035417 0.000000
vt -0.000000 0.150000 0.000000
vt -0.001267 -0.035294 0.000000
vt -0.131441 -0.013760 0.000000
vt -0.165084 0.057292 0.000000
vt -0.165084 0.010937 0.000000
vt -0.247626 0.057292 0.000000
vt -0.250914 0.021859 0.000000
vt -0.310342 0.043908 0.000000
vt -0.247626 0.080283 0.000000
vt -0.330167 0.080222 0.000000
vt -0.330167 0.103646 0.000000
vt -0.377369 0.103646 0.000000
vt -0.377369 0.150000 0.000000
vt -0.424570 0.150000 0.000000
vt -0.424570 0.196354 0.000000
vt -0.448170 0.196354 0.000000
vt -0.436146 0.206136 0.000000
vt -0.475000 0.191142 0.000000
vt -0.000000 0.335417 0.000000
vt -0.001267 0.335294 0.000000
vt -0.131441 0.313760 0.000000
vt -0.165084 0.242708 0.000000
vt -0.250914 0.278141 0.000000
vt -0.247626 0.242708 0.000000
vt -0.310342 0.256092 0.000000
vt -0.247626 0.196354 0.000000
vt -0.330167 0.242708 0.000000
vt -0.330167 0.196354 0.000000
vt -0.370506 0.232298 0.000000
vt -0.377369 0.196354 0.000000
vt -0.401620 0.219832 0.000000
vt -0.496118 0.183263 0.000000
vt -0.471771 0.150000 0.000000
vt -0.448170 0.150000 0.000000
vt -0.495371 0.150000 0.000000
vt -0.518179 0.175282 0.000000
vt -0.518972 0.175000 0.000000
vt -0.518972 0.125000 0.000000
vt -0.518179 0.124718 0.000000
vt -0.496118 0.116737 0.000000
vt -0.475000 0.108858 0.000000
vt -0.448170 0.103646 0.000000
vt -0.424570 0.103646 0.000000
vt -0.436146 0.093864 0.000000
vt -0.401620 0.080168 0.000000
vt -0.377369 0.080186 0.000000
vt -0.370506 0.067702 0.000000
vt -0.330167 0.057292 0.000000
vt -0.165084 0.080345 0.000000
vt -0.165084 0.103646 0.000000
vt -0.165084 0.150000 0.000000
vt -0.247626 0.150000 0.000000
vt -0.165084 0.196354 0.000000
vt -0.330167 0.150000 0.000000
vt -0.247626 0.103646 0.000000
vt -0.561579 0.251066 0.000000
vt -0.561579 -0.001066 0.000000
vt -0.551115 0.250000 0.000000
vt -0.551115 0.000000 0.000000
vt -0.425000 0.125000 0.000000
vt -0.426473 0.000000 0.000000
vt -0.425000 0.000000 0.000000
vt -0.425000 0.249999 0.000000
vt -0.426473 0.250000 0.000000
vt -0.108594 -0.295591 0.000000
vt 0.008246 -0.236923 0.000000
vt -0.146564 -0.176874 0.000000
vt 0.024738 -0.105918 0.000000
vt 0.129035 -0.186890 0.000000
vt 0.196041 -0.034962 0.000000
vt 0.253138 -0.145757 0.000000
vt 0.000000 0.125000 0.000000
vt 0.000794 0.124718 0.000000
vt 0.000000 0.175000 0.000000
vt 0.022524 0.150000 0.000000
vt 0.000794 0.175282 0.000000
vt 0.022857 0.183263 0.000000
vt 0.045048 0.150000 0.000000
vt 0.043978 0.191142 0.000000
vt 0.067572 0.150000 0.000000
vt 0.090096 0.150000 0.000000
vt 0.090096 0.103646 0.000000
vt 0.135144 0.103646 0.000000
vt 0.117368 0.080168 0.000000
vt 0.148487 0.067702 0.000000
vt 0.022857 0.116737 0.000000
vt 0.043978 0.108858 0.000000
vt 0.067572 0.103646 0.000000
vt 0.082837 0.093864 0.000000
vt 0.208659 0.043908 0.000000
vt 0.180192 0.057292 0.000000
vt 0.180192 0.103646 0.000000
vt 0.135144 0.150000 0.000000
vt 0.082837 0.206136 0.000000
vt 0.268095 0.021859 0.000000
vt 0.264905 0.034115 0.000000
vt 0.264905 0.057292 0.000000
vt 0.387585 -0.013760 0.000000
vt 0.349618 -0.000651 0.000000
vt 0.349618 0.010937 0.000000
vt 0.349618 0.034115 0.000000
vt 0.349618 0.057292 0.000000
vt 0.519044 0.150000 0.000000
vt 0.349618 0.103646 0.000000
vt 0.349618 0.150000 0.000000
vt 0.264905 0.150000 0.000000
vt 0.264905 0.242708 0.000000
vt 0.180192 0.242708 0.000000
vt 0.208659 0.256092 0.000000
vt 0.148487 0.232298 0.000000
vt 0.517777 -0.035294 0.000000
vt 0.519044 -0.035417 0.000000
vt 0.519044 0.335417 0.000000
vt 0.517777 0.335294 0.000000
vt 0.387585 0.313760 0.000000
vt 0.349618 0.242708 0.000000
vt 0.268095 0.278141 0.000000
vt 0.180192 0.150000 0.000000
vt 0.117368 0.219832 0.000000
vt 0.264905 0.103646 0.000000
vt 0.521717 0.125000 0.000000
vt 0.520918 0.125270 0.000000
vt 0.520918 0.124730 0.000000
vt 0.498675 0.117121 0.000000
vt 0.498675 0.132879 0.000000
vt 0.477336 0.109699 0.000000
vt 0.475426 0.135417 0.000000
vt 0.452281 0.135417 0.000000
vt 0.477336 0.140301 0.000000
vt 0.437975 0.154187 0.000000
vt 0.429136 0.135417 0.000000
vt 0.402909 0.166589 0.000000
vt 0.382845 0.135417 0.000000
vt 0.371257 0.177631 0.000000
vt 0.336554 0.135417 0.000000
vt 0.309983 0.197974 0.000000
vt 0.252416 0.135417 0.000000
vt 0.249495 0.215774 0.000000
vt 0.168277 0.135417 0.000000
vt 0.128704 0.240989 0.000000
vt 0.000000 0.125000 0.000000
vt 0.000000 0.250000 0.000000
vt 0.000000 0.000001 0.000000
vt 0.128704 0.009011 0.000000
vt 0.168277 0.078125 0.000000
vt 0.252416 0.078125 0.000000
vt 0.309983 0.052026 0.000000
vt 0.336554 0.078125 0.000000
vt 0.371257 0.072369 0.000000
vt 0.168277 0.020833 0.000000
vt 0.249495 0.034226 0.000000
vt 0.382845 0.078125 0.000000
vt 0.402909 0.083411 0.000000
vt 0.437975 0.095813 0.000000
vt 0.000000 0.125000 0.000000
vt 0.000799 0.124730 0.000000
vt 0.000799 0.125270 0.000000
vt 0.023045 0.117121 0.000000
vt 0.023045 0.132879 0.000000
vt 0.044387 0.109699 0.000000
vt 0.045383 0.135416 0.000000
vt 0.068075 0.135416 0.000000
vt 0.044387 0.140301 0.000000
vt 0.083754 0.154187 0.000000
vt 0.090767 0.135416 0.000000
vt 0.136150 0.135416 0.000000
vt 0.118824 0.083411 0.000000
vt 0.136150 0.078125 0.000000
vt 0.150481 0.072369 0.000000
vt 0.181534 0.078125 0.000000
vt 0.211763 0.052026 0.000000
vt 0.266597 0.078125 0.000000
vt 0.266597 0.049479 0.000000
vt 0.351661 0.049479 0.000000
vt 0.272259 0.034226 0.000000
vt 0.351661 0.035156 0.000000
vt 0.351661 0.020833 0.000000
vt 0.393066 0.009011 0.000000
vt 0.083754 0.095813 0.000000
vt 0.521788 0.000000 0.000000
vt 0.521788 0.125000 0.000000
vt 0.521788 0.249999 0.000000
vt 0.393066 0.240989 0.000000
vt 0.351661 0.192708 0.000000
vt 0.351661 0.135416 0.000000
vt 0.266597 0.192708 0.000000
vt 0.266597 0.135416 0.000000
vt 0.211763 0.197974 0.000000
vt 0.181534 0.135416 0.000000
vt 0.150481 0.177631 0.000000
vt 0.118824 0.166589 0.000000
vt 0.272259 0.215774 0.000000
vt 0.351661 0.078125 0.000000
vt 0.000000 0.335417 0.000000
vt 0.000000 0.150000 0.000000
vt 0.001267 0.335294 0.000000
vt 0.131441 0.313760 0.000000
vt 0.165084 0.242708 0.000000
vt 0.250914 0.278141 0.000000
vt 0.247626 0.242708 0.000000
vt 0.310342 0.256092 0.000000
vt 0.330167 0.242708 0.000000
vt 0.370506 0.232298 0.000000
vt 0.330167 0.196354 0.000000
vt 0.377369 0.196354 0.000000
vt 0.377369 0.150000 0.000000
vt 0.424570 0.150000 0.000000
vt 0.424570 0.103646 0.000000
vt 0.448170 0.103646 0.000000
vt 0.436146 0.093864 0.000000
vt 0.475000 0.108858 0.000000
vt 0.000000 -0.035417 0.000000
vt 0.001267 -0.035294 0.000000
vt 0.131441 -0.013760 0.000000
vt 0.165084 0.057292 0.000000
vt 0.165084 0.010937 0.000000
vt 0.250914 0.021859 0.000000
vt 0.247626 0.057292 0.000000
vt 0.310342 0.043908 0.000000
vt 0.247626 0.080283 0.000000
vt 0.330167 0.080222 0.000000
vt 0.330167 0.103646 0.000000
vt 0.377369 0.103646 0.000000
vt 0.330167 0.150000 0.000000
vt 0.330167 0.057292 0.000000
vt 0.370506 0.067702 0.000000
vt 0.377369 0.080186 0.000000
vt 0.401620 0.080168 0.000000
vt 0.496118 0.116737 0.000000
vt 0.471771 0.150000 0.000000
vt 0.448170 0.150000 0.000000
vt 0.495371 0.150000 0.000000
vt 0.518179 0.124718 0.000000
vt 0.518972 0.125000 0.000000
vt 0.518972 0.175000 0.000000
vt 0.518179 0.175282 0.000000
vt 0.496118 0.183263 0.000000
vt 0.475000 0.191142 0.000000
vt 0.448170 0.196354 0.000000
vt 0.436146 0.206136 0.000000
vt 0.424570 0.196354 0.000000
vt 0.401620 0.219832 0.000000
vt 0.165084 0.080345 0.000000
vt 0.165084 0.103646 0.000000
vt 0.247626 0.103646 0.000000
vt 0.165084 0.150000 0.000000
vt 0.247626 0.150000 0.000000
vt 0.165084 0.196354 0.000000
vt 0.247626 0.196354 0.000000
vt -0.108594 -0.295591 0.000000
vt 0.008246 -0.236923 0.000000
vt -0.146564 -0.176874 0.000000
vt 0.024738 -0.105918 0.000000
vt 0.129035 -0.186890 0.000000
vt 0.196041 -0.034962 0.000000
vt 0.253138 -0.145757 0.000000
vt 0.040500 0.251066 0.000000
vt 0.040500 -0.001066 0.000000
vt 0.050965 0.250000 0.000000
vt 0.050965 0.000000 0.000000
vt 0.177080 0.125000 0.000000
vt 0.175607 0.000000 0.000000
vt 0.177080 0.000001 0.000000
vt 0.177080 0.250000 0.000000
vt 0.175607 0.250000 0.000000
vt -0.000794 0.124718 0.000000
vt -0.000000 0.125000 0.000000
vt -0.022524 0.150000 0.000000
vt -0.000000 0.175000 0.000000
vt -0.000794 0.175282 0.000000
vt -0.022857 0.183263 0.000000
vt -0.045048 0.150000 0.000000
vt -0.022857 0.116737 0.000000
vt -0.043978 0.108858 0.000000
vt -0.067572 0.150000 0.000000
vt -0.067572 0.103646 0.000000
vt -0.090096 0.150000 0.000000
vt -0.090096 0.103646 0.000000
vt -0.135144 0.150000 0.000000
vt -0.135144 0.103646 0.000000
vt -0.180192 0.150000 0.000000
vt -0.180192 0.103646 0.000000
vt -0.264905 0.150000 0.000000
vt -0.264905 0.103646 0.000000
vt -0.349618 0.150000 0.000000
vt -0.349618 0.103646 0.000000
vt -0.519044 0.150000 0.000000
vt -0.349618 0.057292 0.000000
vt -0.519044 -0.035417 0.000000
vt -0.349618 0.034115 0.000000
vt -0.387585 -0.013760 0.000000
vt -0.349618 0.010937 0.000000
vt -0.349618 -0.000651 0.000000
vt -0.268095 0.021859 0.000000
vt -0.043978 0.191142 0.000000
vt -0.082837 0.206136 0.000000
vt -0.117368 0.219832 0.000000
vt -0.148487 0.232298 0.000000
vt -0.180192 0.242708 0.000000
vt -0.208659 0.256092 0.000000
vt -0.264905 0.242708 0.000000
vt -0.268095 0.278141 0.000000
vt -0.349618 0.242708 0.000000
vt -0.387585 0.313760 0.000000
vt -0.517777 0.335294 0.000000
vt -0.519044 0.335417 0.000000
vt -0.517777 -0.035294 0.000000
vt -0.208659 0.043908 0.000000
vt -0.264905 0.034115 0.000000
vt -0.148487 0.067702 0.000000
vt -0.180192 0.057292 0.000000
vt -0.264905 0.057292 0.000000
vt -0.117368 0.080168 0.000000
vt -0.082837 0.093864 0.000000
vt -0.000000 0.250000 0.000000
vt -0.128704 0.240989 0.000000
vt -0.000000 0.125000 0.000000
vt -0.168277 0.135417 0.000000
vt -0.168277 0.078125 0.000000
vt -0.252416 0.135417 0.000000
vt -0.252416 0.078125 0.000000
vt -0.336554 0.135417 0.000000
vt -0.336554 0.078125 0.000000
vt -0.382845 0.135417 0.000000
vt -0.371257 0.072369 0.000000
vt -0.382845 0.078125 0.000000
vt -0.402909 0.083411 0.000000
vt -0.429136 0.135417 0.000000
vt -0.402909 0.166589 0.000000
vt -0.437975 0.154187 0.000000
vt -0.249495 0.215774 0.000000
vt -0.309983 0.197974 0.000000
vt -0.371257 0.177631 0.000000
vt -0.452281 0.135417 0.000000
vt -0.477336 0.140301 0.000000
vt -0.475426 0.135417 0.000000
vt -0.498675 0.132879 0.000000
vt -0.477336 0.109699 0.000000
vt -0.498675 0.117121 0.000000
vt -0.520918 0.125270 0.000000
vt -0.520918 0.124730 0.000000
vt -0.521717 0.125000 0.000000
vt -0.437975 0.095813 0.000000
vt -0.309983 0.052026 0.000000
vt -0.249495 0.034226 0.000000
vt -0.168277 0.020833 0.000000
vt -0.128704 0.009011 0.000000
vt -0.000000 0.000001 0.000000
vt -0.521788 0.000000 0.000000
vt -0.393066 0.009011 0.000000
vt -0.521788 0.125000 0.000000
vt -0.351661 0.049479 0.000000
vt -0.351661 0.078125 0.000000
vt -0.266597 0.049479 0.000000
vt -0.266597 0.078125 0.000000
vt -0.211763 0.052026 0.000000
vt -0.181534 0.078125 0.000000
vt -0.150481 0.072369 0.000000
vt -0.136150 0.078125 0.000000
vt -0.118824 0.083411 0.000000
vt -0.136150 0.135416 0.000000
vt -0.083754 0.095813 0.000000
vt -0.090767 0.135416 0.000000
vt -0.068075 0.135416 0.000000
vt -0.083754 0.154187 0.000000
vt -0.044387 0.140301 0.000000
vt -0.045383 0.135416 0.000000
vt -0.023045 0.132879 0.000000
vt -0.044387 0.109699 0.000000
vt -0.023045 0.117121 0.000000
vt -0.272259 0.034226 0.000000
vt -0.351661 0.020833 0.000000
vt -0.351661 0.035156 0.000000
vt -0.000799 0.125270 0.000000
vt -0.000799 0.124730 0.000000
vt -0.000000 0.125000 0.000000
vt -0.118824 0.166589 0.000000
vt -0.150481 0.177631 0.000000
vt -0.181534 0.135416 0.000000
vt -0.211763 0.197974 0.000000
vt -0.266597 0.135416 0.000000
vt -0.266597 0.192708 0.000000
vt -0.272259 0.215774 0.000000
vt -0.351661 0.192708 0.000000
vt -0.393066 0.240989 0.000000
vt -0.521788 0.249999 0.000000
vt -0.351661 0.135416 0.000000
vt -0.000000 -0.035417 0.000000
vt -0.000000 0.150000 0.000000
vt -0.001267 -0.035294 0.000000
vt -0.131441 -0.013760 0.000000
vt -0.165084 0.057292 0.000000
vt -0.165084 0.010937 0.000000
vt -0.247626 0.057292 0.000000
vt -0.250914 0.021859 0.000000
vt -0.310342 0.043908 0.000000
vt -0.247626 0.080283 0.000000
vt -0.330167 0.080222 0.000000
vt -0.330167 0.103646 0.000000
vt -0.377369 0.103646 0.000000
vt -0.377369 0.150000 0.000000
vt -0.424570 0.150000 0.000000
vt -0.424570 0.196354 0.000000
vt -0.448170 0.196354 0.000000
vt -0.436146 0.206136 0.000000
vt -0.475000 0.191142 0.000000
vt -0.000000 0.335417 0.000000
vt -0.001267 0.335294 0.000000
vt -0.131441 0.313760 0.000000
vt -0.165084 0.242708 0.000000
vt -0.250914 0.278141 0.000000
vt -0.247626 0.242708 0.000000
vt -0.310342 0.256092 0.000000
vt -0.247626 0.196354 0.000000
vt -0.330167 0.242708 0.000000
vt -0.330167 0.196354 0.000000
vt -0.370506 0.232298 0.000000
vt -0.377369 0.196354 0.000000
vt -0.401620 0.219832 0.000000
vt -0.496118 0.183263 0.000000
vt -0.471771 0.150000 0.000000
vt -0.448170 0.150000 0.000000
vt -0.495371 0.150000 0.000000
vt -0.518179 0.175282 0.000000
vt -0.518972 0.175000 0.000000
vt -0.518972 0.125000 0.000000
vt -0.518179 0.124718 0.000000
vt -0.496118 0.116737 0.000000
vt -0.475000 0.108858 0.000000
vt -0.448170 0.103646 0.000000
vt -0.424570 0.103646 0.000000
vt -0.436146 0.093864 0.000000
vt -0.401620 0.080168 0.000000
vt -0.377369 0.080186 0.000000
vt -0.370506 0.067702 0.000000
vt -0.330167 0.057292 0.000000
vt -0.165084 0.080345 0.000000
vt -0.165084 0.103646 0.000000
vt -0.165084 0.150000 0.000000
vt -0.247626 0.150000 0.000000
vt -0.165084 0.196354 0.000000
vt -0.330167 0.150000 0.000000
vt -0.247626 0.103646 0.000000
vt -0.561579 0.251066 0.000000
vt -0.561579 -0.001066 0.000000
vt -0.551115 0.250000 0.000000
vt -0.551115 0.000000 0.000000
vt -0.425000 0.125000 0.000000
vt -0.426473 0.000000 0.000000
vt -0.425000 0.000000 0.000000
vt -0.425000 0.249999 0.000000
vt -0.426473 0.250000 0.000000
vt -0.108594 -0.295591 0.000000
vt 0.008246 -0.236923 0.000000
vt -0.146564 -0.176874 0.000000
vt 0.024738 -0.105918 0.000000
vt 0.129035 -0.186890 0.000000
vt 0.196041 -0.034962 0.000000
vt 0.253138 -0.145757 0.000000
vt 0.000000 0.125000 0.000000
vt 0.000794 0.124718 0.000000
vt 0.000000 0.175000 0.000000
vt 0.022524 0.150000 0.000000
vt 0.000794 0.175282 0.000000
vt 0.022857 0.183263 0.000000
vt 0.045048 0.150000 0.000000
vt 0.043978 0.191142 0.000000
vt 0.067572 0.150000 0.000000
vt 0.090096 0.150000 0.000000
vt 0.090096 0.103646 0.000000
vt 0.135144 0.103646 0.000000
vt 0.117368 0.080168 0.000000
vt 0.148487 0.067702 0.000000
vt 0.022857 0.116737 0.000000
vt 0.043978 0.108858 0.000000
vt 0.067572 0.103646 0.000000
vt 0.082837 0.093864 0.000000
vt 0.208659 0.043908 0.000000
vt 0.180192 0.057292 0.000000
vt 0.180192 0.103646 0.000000
vt 0.135144 0.150000 0.000000
vt 0.082837 0.206136 0.000000
vt 0.268095 0.021859 0.000000
vt 0.264905 0.034115 0.000000
vt 0.264905 0.057292 0.000000
vt 0.387585 -0.013760 0.000000
vt 0.349618 -0.000651 0.000000
vt 0.349618 0.010937 0.000000
vt 0.349618 0.034115 0.000000
vt 0.349618 0.057292 0.000000
vt 0.519044 0.150000 0.000000
vt 0.349618 0.103646 0.000000
vt 0.349618 0.150000 0.000000
vt 0.264905 0.150000 0.000000
vt 0.264905 0.242708 0.000000
vt 0.180192 0.242708 0.000000
vt 0.208659 0.256092 0.000000
vt 0.148487 0.232298 0.000000
vt 0.517777 -0.035294 0.000000
vt 0.519044 -0.035417 0.000000
vt 0.519044 0.335417 0.000000
vt 0.517777 0.335294 0.000000
vt 0.387585 0.313760 0.000000
vt 0.349618 0.242708 0.000000
vt 0.268095 0.278141 0.000000
vt 0.180192 0.150000 0.000000
vt 0.117368 0.219832 0.000000
vt 0.264905 0.103646 0.000000
vt 0.521717 0.125000 0.000000
vt 0.520918 0.125270 0.000000
vt 0.520918 0.124730 0.000000
vt 0.498675 0.117121 0.000000
vt 0.498675 0.132879 0.000000
vt 0.477336 0.109699 0.000000
vt 0.475426 0.135417 0.000000
vt 0.452281 0.135417 0.000000
vt 0.477336 0.140301 0.000000
vt 0.437975 0.154187 0.000000
vt 0.429136 0.135417 0.000000
vt 0.402909 0.166589 0.000000
vt 0.382845 0.135417 0.000000
vt 0.371257 0.177631 0.000000
vt 0.336554 0.135417 0.000000
vt 0.309983 0.197974 0.000000
vt 0.252416 0.135417 0.000000
vt 0.249495 0.215774 0.000000
vt 0.168277 0.135417 0.000000
vt 0.128704 0.240989 0.000000
vt 0.000000 0.125000 0.000000
vt 0.000000 0.250000 0.000000
vt 0.000000 0.000001 0.000000
vt 0.128704 0.009011 0.000000
vt 0.168277 0.078125 0.000000
vt 0.252416 0.078125 0.000000
vt 0.309983 0.052026 0.000000
vt 0.336554 0.078125 0.000000
vt 0.371257 0.072369 0.000000
vt 0.168277 0.020833 0.000000
vt 0.249495 0.034226 0.000000
vt 0.382845 0.078125 0.000000
vt 0.402909 0.083411 0.000000
vt 0.437975 0.095813 0.000000
vt 0.000000 0.125000 0.000000
vt 0.000799 0.124730 0.000000
vt 0.000799 0.125270 0.000000
vt 0.023045 0.117121 0.000000
vt 0.023045 0.132879 0.000000
vt 0.044387 0.109699 0.000000
vt 0.045383 0.135416 0.000000
vt 0.068075 0.135416 0.000000
vt 0.044387 0.140301 0.000000
vt 0.083754 0.154187 0.000000
vt 0.090767 0.135416 0.000000
vt 0.136150 0.135416 0.000000
vt 0.118824 0.083411 0.000000
vt 0.136150 0.078125 0.000000
vt 0.150481 0.072369 0.000000
vt 0.181534 0.078125 0.000000
vt 0.211763 0.052026 0.000000
vt 0.266597 0.078125 0.000000
vt 0.266597 0.049479 0.000000
vt 0.351661 0.049479 0.000000
vt 0.272259 0.034226 0.000000
vt 0.351661 0.035156 0.000000
vt 0.351661 0.020833 0.000000
vt 0.393066 0.009011 0.000000
vt 0.083754 0.095813 0.000000
vt 0.521788 0.000000 0.000000
vt 0.521788 0.125000 0.000000
vt 0.521788 0.249999 0.000000
vt 0.393066 0.240989 0.000000
vt 0.351661 0.192708 0.000000
vt 0.351661 0.135416 0.000000
vt 0.266597 0.192708 0.000000
vt 0.266597 0.135416 0.000000
vt 0.211763 0.197974 0.000000
vt 0.181534 0.135416 0.000000
vt 0.150481 0.177631 0.000000
vt 0.118824 0.166589 0.000000
vt 0.272259 0.215774 0.000000
vt 0.351661 0.078125 0.000000
vt 0.000000 0.335417 0.000000
vt 0.000000 0.150000 0.000000
vt 0.001267 0.335294 0.000000
vt 0.131441 0.313760 0.000000
vt 0.165084 0.242708 0.000000
vt 0.250914 0.278141 0.000000
vt 0.247626 0.242708 0.000000
vt 0.310342 0.256092 0.000000
vt 0.330167 0.242708 0.000000
vt 0.370506 0.232298 0.000000
vt 0.330167 0.196354 0.000000
vt 0.377369 0.196354 0.000000
vt 0.377369 0.150000 0.000000
vt 0.424570 0.150000 0.000000
vt 0.424570 0.103646 0.000000
vt 0.448170 0.103646 0.000000
vt 0.436146 0.093864 0.000000
vt 0.475000 0.108858 0.000000
vt 0.000000 -0.035417 0.000000
vt 0.001267 -0.035294 0.000000
vt 0.131441 -0.013760 0.000000
vt 0.165084 0.057292 0.000000
vt 0.165084 0.010937 0.000000
vt 0.250914 0.021859 0.000000
vt 0.247626 0.057292 0.000000
vt 0.310342 0.043908 0.000000
vt 0.247626 0.080283 0.000000
vt 0.330167 0.080222 0.000000
vt 0.330167 0.103646 0.000000
vt 0.377369 0.103646 0.000000
vt 0.330167 0.150000 0.000000
vt 0.330167 0.057292 0.000000
vt 0.370506 0.067702 0.000000
vt 0.377369 0.080186 0.000000
vt 0.401620 0.080168 0.000000
vt 0.496118 0.116737 0.000000
vt 0.471771 0.150000 0.000000
vt 0.448170 0.150000 0.000000
vt 0.495371 0.150000 0.000000
vt 0.518179 0.124718 0.000000
vt 0.518972 0.125000 0.000000
vt 0.518972 0.175000 0.000000
vt 0.518179 0.175282 0.000000
vt 0.496118 0.183263 0.000000
vt 0.475000 0.191142 0.000000
vt 0.448170 0.196354 0.000000
vt 0.436146 0.206136 0.000000
vt 0.424570 0.196354 0.000000
vt 0.401620 0.219832 0.000000
vt 0.165084 0.080345 0.000000
vt 0.165084 0.103646 0.000000
vt 0.247626 0.103646 0.000000
vt 0.165084 0.150000 0.000000
vt 0.247626 0.150000 0.000000
vt 0.165084 0.196354 0.000000
vt 0.247626 0.196354 0.000000
vt -0.108594 -0.295591 0.000000
vt 0.008246 -0.236923 0.000000
vt -0.146564 -0.176874 0.000000
vt 0.024738 -0.105918 0.000000
vt 0.129035 -0.186890 0.000000
vt 0.196041 -0.034962 0.000000
vt 0.253138 -0.145757 0.000000
vt 0.040500 0.251066 0.000000
vt 0.040500 -0.001066 0.000000
vt 0.050965 0.250000 0.000000
vt 0.050965 0.000000 0.000000
vt 0.177080 0.125000 0.000000
vt 0.175607 0.000000 0.000000
vt 0.177080 0.000001 0.000000
vt 0.177080 0.250000 0.000000
vt 0.175607 0.250000 0.000000
vt -0.000794 0.124718 0.000000
vt -0.000000 0.125000 0.000000
vt -0.022524 0.150000 0.000000
vt -0.000000 0.175000 0.000000
vt -0.000794 0.175282 0.000000
vt -0.022857 0.183263 0.000000
vt -0.045048 0.150000 0.000000
vt -0.022857 0.116737 0.000000
vt -0.043978 0.108858 0.000000
vt -0.067572 0.150000 0.000000
vt -0.067572 0.103646 0.000000
vt -0.090096 0.150000 0.000000
vt -0.090096 0.103646 0.000000
vt -0.135144 0.150000 0.000000
vt -0.135144 0.103646 0.000000
vt -0.180192 0.150000 0.000000
vt -0.180192 0.103646 0.000000
vt -0.264905 0.150000 0.000000
vt -0.264905 0.103646 0.000000
vt -0.349618 0.150000 0.000000
vt -0.349618 0.103646 0.000000
vt -0.519044 0.150000 0.000000
vt -0.349618 0.057292 0.000000
vt -0.519044 -0.035417 0.000000
vt -0.349618 0.034115 0.000000
vt -0.387585 -0.013760 0.000000
vt -0.349618 0.010937 0.000000
vt -0.349618 -0.000651 0.000000
vt -0.268095 0.021859 0.000000
vt -0.043978 0.191142 0.000000
vt -0.082837 0.206136 0.000000
vt -0.117368 0.219832 0.000000
vt -0.148487 0.232298 0.000000
vt -0.180192 0.242708 0.000000
vt -0.208659 0.256092 0.000000
vt -0.264905 0.242708 0.000000
vt -0.268095 0.278141 0.000000
vt -0.349618 0.242708 0.000000
vt -0.387585 0.313760 0.000000
vt -0.517777 0.335294 0.000000
vt -0.519044 0.335417 0.000000
vt -0.517777 -0.035294 0.000000
vt -0.208659 0.043908 0.000000
vt -0.264905 0.034115 0.000000
vt -0.148487 0.067702 0.000000
vt -0.180192 0.057292 0.000000
vt -0.264905 0.057292 0.000000
vt -0.117368 0.080168 0.000000
vt -0.082837 0.093864 0.000000
vt -0.000000 0.250000 0.000000
vt -0.128704 0.240989 0.000000
vt -0.000000 0.125000 0.000000
vt -0.168277 0.135417 0.000000
vt -0.168277 0.078125 0.000000
vt -0.252416 0.135417 0.000000
vt -0.252416 0.078125 0.000000
vt -0.336554 0.135417 0.000000
vt -0.336554 0.078125 0.000000
vt -0.382845 0.135417 0.000000
vt -0.371257 0.072369 0.000000
vt -0.382845 0.078125 0.000000
vt -0.402909 0.083411 0.000000
vt -0.429136 0.135417 0.000000
vt -0.402909 0.166589 0.000000
vt -0.437975 0.154187 0.000000
vt -0.249495 0.215774 0.000000
vt -0.309983 0.197974 0.000000
vt -0.371257 0.177631 0.000000
vt -0.452281 0.135417 0.000000
vt -0.477336 0.140301 0.000000
vt -0.475426 0.135417 0.000000
vt -0.498675 0.132879 0.000000
vt -0.477336 0.109699 0.000000
vt -0.498675 0.117121 0.000000
vt -0.520918 0.125270 0.000000
vt -0.520918 0.124730 0.000000
vt -0.521717 0.125000 0.000000
vt -0.437975 0.095813 0.000000
vt -0.309983 0.052026 0.000000
vt -0.249495 0.034226 0.000000
vt -0.168277 0.020833 0.000000
vt -0.128704 0.009011 0.000000
vt -0.000000 0.000001 0.000000
vt -0.521788 0.000000 0.000000
vt -0.393066 0.009011 0.000000
vt -0.521788 0.125000 0.000000
vt -0.351661 0.049479 0.000000
vt -0.351661 0.078125 0.000000
vt -0.266597 0.049479 0.000000
vt -0.266597 0.078125 0.000000
vt -0.211763 0.052026 0.000000
vt -0.181534 0.078125 0.000000
vt -0.150481 0.072369 0.000000
vt -0.136150 0.078125 0.000000
vt -0.118824 0.083411 0.000000
vt -0.136150 0.135416 0.000000
vt -0.083754 0.095813 0.000000
vt -0.090767 0.135416 0.000000
vt -0.068075 0.135416 0.000000
vt -0.083754 0.154187 0.000000
vt -0.044387 0.140301 0.000000
vt -0.045383 0.135416 0.000000
vt -0.023045 0.132879 0.000000
vt -0.044387 0.109699 0.000000
vt -0.023045 0.117121 0.000000
vt -0.272259 0.034226 0.000000
vt -0.351661 0.020833 0.000000
vt -0.351661 0.035156 0.000000
vt -0.000799 0.125270 0.000000
vt -0.000799 0.124730 0.000000
vt -0.000000 0.125000 0.000000
vt -0.118824 0.166589 0.000000
vt -0.150481 0.177631 0.000000
vt -0.181534 0.135416 0.000000
vt -0.211763 0.197974 0.000000
vt -0.266597 0.135416 0.000000
vt -0.266597 0.192708 0.000000
vt -0.272259 0.215774 0.000000
vt -0.351661 0.192708 0.000000
vt -0.393066 0.240989 0.000000
vt -0.521788 0.249999 0.000000
vt -0.351661 0.135416 0.000000
vt -0.000000 -0.035417 0.000000
vt -0.000000 0.150000 0.000000
vt -0.001267 -0.035294 0.000000
vt -0.131441 -0.013760 0.000000
vt -0.165084 0.057292 0.000000
vt -0.165084 0.010937 0.000000
vt -0.247626 0.057292 0.000000
vt -0.250914 0.021859 0.000000
vt -0.310342 0.043908 0.000000
vt -0.247626 0.080283 0.000000
vt -0.330167 0.080222 0.000000
vt -0.330167 0.103646 0.000000
vt -0.377369 0.103646 0.000000
vt -0.377369 0.150000 0.000000
vt -0.424570 0.150000 0.000000
vt -0.424570 0.196354 0.000000
vt -0.448170 0.196354 0.000000
vt -0.436146 0.206136 0.000000
vt -0.475000 0.191142 0.000000
vt -0.000000 0.335417 0.000000
vt -0.001267 0.335294 0.000000
vt -0.131441 0.313760 0.000000
vt -0.165084 0.242708 0.000000
vt -0.250914 0.278141 0.000000
vt -0.247626 0.242708 0.000000
vt -0.310342 0.256092 0.000000
vt -0.247626 0.196354 0.000000
vt -0.330167 0.242708 0.000000
vt -0.330167 0.196354 0.000000
vt -0.370506 0.232298 0.000000
vt -0.377369 0.196354 0.000000
vt -0.401620 0.219832 0.000000
vt -0.496118 0.183263 0.000000
vt -0.471771 0.150000 0.000000
vt -0.448170 0.150000 0.000000
vt -0.495371 0.150000 0.000000
vt -0.518179 0.175282 0.000000
vt -0.518972 0.175000 0.000000
vt -0.518972 0.125000 0.000000
vt -0.518179 0.124718 0.000000
vt -0.496118 0.116737 0.000000
vt -0.475000 0.108858 0.000000
vt -0.448170 0.103646 0.000000
vt -0.424570 0.103646 0.000000
vt -0.436146 0.093864 0.000000
vt -0.401620 0.080168 0.000000
vt -0.377369 0.080186 0.000000
vt -0.370506 0.067702 0.000000
vt -0.330167 0.057292 0.000000
vt -0.165084 0.080345 0.000000
vt -0.165084 0.103646 0.000000
vt -0.165084 0.150000 0.000000
vt -0.247626 0.150000 0.000000
vt -0.165084 0.196354 0.000000
vt -0.330167 0.150000 0.000000
vt -0.247626 0.103646 0.000000
vt -0.561579 0.251066 0.000000
vt -0.561579 -0.001066 0.000000
vt -0.551115 0.250000 0.000000
vt -0.551115 0.000000 0.000000
vt -0.425000 0.125000 0.000000
vt -0.426473 0.000000 0.000000
vt -0.425000 0.000000 0.000000
vt -0.425000 0.249999 0.000000
vt -0.426473 0.250000 0.000000
vt -0.108594 -0.295591 0.000000
vt 0.008246 -0.236923 0.000000
vt -0.146564 -0.176874 0.000000
vt 0.024738 -0.105918 0.000000
vt 0.129035 -0.186890 0.000000
vt 0.196041 -0.034962 0.000000
vt 0.253138 -0.145757 0.000000
vt -0.000794 0.124718 0.000000
vt -0.000000 0.125000 0.000000
vt -0.022524 0.150000 0.000000
vt -0.000000 0.175000 0.000000
vt -0.000794 0.175282 0.000000
vt -0.022857 0.183263 0.000000
vt -0.045048 0.150000 0.000000
vt -0.022857 0.116737 0.000000
vt -0.043978 0.108858 0.000000
vt -0.067572 0.150000 0.000000
vt -0.067572 0.103646 0.000000
vt -0.090096 0.150000 0.000000
vt -0.090096 0.103646 0.000000
vt -0.135144 0.150000 0.000000
vt -0.135144 0.103646 0.000000
vt -0.180192 0.150000 0.000000
vt -0.180192 0.103646 0.000000
vt -0.264905 0.150000 0.000000
vt -0.264905 0.103646 0.000000
vt -0.349618 0.150000 0.000000
vt -0.349618 0.103646 0.000000
vt -0.519044 0.150000 0.000000
vt -0.349618 0.057292 0.000000
vt -0.519044 -0.035417 0.000000
vt -0.349618 0.034115 0.000000
vt -0.387585 -0.013760 0.000000
vt -0.349618 0.010937 0.000000
vt -0.349618 -0.000651 0.000000
vt -0.268095 0.021859 0.000000
vt -0.043978 0.191142 0.000000
vt -0.082837 0.206136 0.000000
vt -0.117368 0.219832 0.000000
vt -0.148487 0.232298 0.000000
vt -0.180192 0.242708 0.000000
vt -0.208659 0.256092 0.000000
vt -0.264905 0.242708 0.000000
vt -0.268095 0.278141 0.000000
vt -0.349618 0.242708 0.000000
vt -0.387585 0.313760 0.000000
vt -0.517777 0.335294 0.000000
vt -0.519044 0.335417 0.000000
vt -0.517777 -0.035294 0.000000
vt -0.208659 0.043908 0.000000
vt -0.264905 0.034115 0.000000
vt -0.148487 0.067702 0.000000
vt -0.180192 0.057292 0.000000
vt -0.264905 0.057292 0.000000
vt -0.117368 0.080168 0.000000
vt -0.082837 0.093864 0.000000
vt -0.000000 0.250000 0.000000
vt -0.128704 0.240989 0.000000
vt -0.000000 0.125000 0.000000
vt -0.168277 0.135417 0.000000
vt -0.168277 0.078125 0.000000
vt -0.252416 0.135417 0.000000
vt -0.252416 0.078125 0.000000
vt -0.336554 0.135417 0.000000
vt -0.336554 0.078125 0.000000
vt -0.382845 0.135417 0.000000
vt -0.371257 0.072369 0.000000
vt -0.382845 0.078125 0.000000
vt -0.402909 0.083411 0.000000
vt -0.429136 0.135417 0.000000
vt -0.402909 0.166589 0.000000
vt -0.437975 0.154187 0.000000
vt -0.249495 0.215774 0.000000
vt -0.309983 0.197974 0.000000
vt -0.371257 0.177631 0.000000
vt -0.452281 0.135417 0.000000
vt -0.477336 0.140301 0.000000
vt -0.475426 0.135417 0.000000
vt -0.498675 0.132879 0.000000
vt -0.477336 0.109699 0.000000
vt -0.498675 0.117121 0.000000
vt -0.520918 0.125270 0.000000
vt -0.520918 0.124730 0.000000
vt -0.521717 0.125000 0.000000
vt -0.437975 0.095813 0.000000
vt -0.309983 0.052026 0.000000
vt -0.249495 0.034226 0.000000
vt -0.168277 0.020833 0.000000
vt -0.128704 0.009011 0.000000
vt -0.000000 0.000001 0.000000
vt -0.521788 -0.000000 0.000000
vt -0.393066 0.009011 0.000000
vt -0.521788 0.125000 0.000000
vt -0.351661 0.049479 0.000000
vt -0.351661 0.078125 0.000000
vt -0.266597 0.049479 0.000000
vt -0.266597 0.078125 0.000000
vt -0.211763 0.052026 0.000000
vt -0.181534 0.078125 0.000000
vt -0.150481 0.072369 0.000000
vt -0.136150 0.078125 0.000000
vt -0.118824 0.083411 0.000000
vt -0.136150 0.135416 0.000000
vt -0.083754 0.095813 0.000000
vt -0.090767 0.135416 0.000000
vt -0.068075 0.135416 0.000000
vt -0.083754 0.154187 0.000000
vt -0.044387 0.140301 0.000000
vt -0.045383 0.135416 0.000000
vt -0.023045 0.132879 0.000000
vt -0.044387 0.109699 0.000000
vt -0.023045 0.117121 0.000000
vt -0.272259 0.034226 0.000000
vt -0.351661 0.020833 0.000000
vt -0.351661 0.035156 0.000000
vt -0.000799 0.125270 0.000000
vt -0.000799 0.124730 0.000000
vt -0.000000 0.125000 0.000000
vt -0.118824 0.166589 0.000000
vt -0.150481 0.177631 0.000000
vt -0.181534 0.135416 0.000000
vt -0.211763 0.197974 0.000000
vt -0.266597 0.135416 0.000000
vt -0.266597 0.192708 0.000000
vt -0.272259 0.215774 0.000000
vt -0.351661 0.192708 0.000000
vt -0.393066 0.240989 0.000000
vt -0.521788 0.249999 0.000000
vt -0.351661 0.135416 0.000000
vt -0.000000 -0.035417 0.000000
vt -0.000000 0.150000 0.000000
vt -0.001267 -0.035294 0.000000
vt -0.131441 -0.013760 0.000000
vt -0.165084 0.057292 0.000000
vt -0.165084 0.010937 0.000000
vt -0.247626 0.057292 0.000000
vt -0.250914 0.021859 0.000000
vt -0.310342 0.043908 0.000000
vt -0.247626 0.080283 0.000000
vt -0.330167 0.080222 0.000000
vt -0.330167 0.103646 0.000000
vt -0.377369 0.103646 0.000000
vt -0.377369 0.150000 0.000000
vt -0.424570 0.150000 0.000000
vt -0.424570 0.196354 0.000000
vt -0.448170 0.196354 0.000000
vt -0.436146 0.206136 0.000000
vt -0.475000 0.191142 0.000000
vt -0.000000 0.335417 0.000000
vt -0.001267 0.335294 0.000000
vt -0.131441 0.313760 0.000000
vt -0.165084 0.242708 0.000000
vt -0.250914 0.278141 0.000000
vt -0.247626 0.242708 0.000000
vt -0.310342 0.256092 0.000000
vt -0.247626 0.196354 0.000000
vt -0.330167 0.242708 0.000000
vt -0.330167 0.196354 0.000000
vt -0.370506 0.232298 0.000000
vt -0.377369 0.196354 0.000000
vt -0.401620 0.219832 0.000000
vt -0.496118 0.183263 0.000000
vt -0.471771 0.150000 0.000000
vt -0.448170 0.150000 0.000000
vt -0.495371 0.150000 0.000000
vt -0.518179 0.175282 0.000000
vt -0.518972 0.175000 0.000000
vt -0.518972 0.125000 0.000000
vt -0.518179 0.124718 0.000000
vt -0.496118 0.116737 0.000000
vt -0.475000 0.108858 0.000000
vt -0.448170 0.103646 0.000000
vt -0.424570 0.103646 0.000000
vt -0.436146 0.093864 0.000000
vt -0.401620 0.080168 0.000000
vt -0.377369 0.080186 0.000000
vt -0.370506 0.067702 0.000000
vt -0.330167 0.057292 0.000000
vt -0.165084 0.080345 0.000000
vt -0.165084 0.103646 0.000000
vt -0.165084 0.150000 0.000000
vt -0.247626 0.150000 0.000000
vt -0.165084 0.196354 0.000000
vt -0.330167 0.150000 0.000000
vt -0.247626 0.103646 0.000000
vt -0.561579 0.251066 0.000000
vt -0.561579 -0.001066 0.000000
vt -0.551115 0.250000 0.000000
vt -0.551115 0.000000 0.000000
vt -0.425000 0.125000 0.000000
vt -0.426473 0.000000 0.000000
vt -0.425000 0.000000 0.000000
vt -0.425000 0.249999 0.000000
vt -0.426473 0.250000 0.000000
vt -0.108594 -0.295591 0.000000
vt 0.008246 -0.236923 0.000000
vt -0.146564 -0.176874 0.000000
vt 0.024738 -0.105918 0.000000
vt 0.129035 -0.186890 0.000000
vt 0.196041 -0.034962 0.000000
vt 0.253138 -0.145757 0.000000
vt 0.000000 0.125000 0.000000
vt 0.000794 0.124718 0.000000
vt 0.000000 0.175000 0.000000
vt 0.022524 0.150000 0.000000
vt 0.000794 0.175282 0.000000
vt 0.022857 0.183263 0.000000
vt 0.045048 0.150000 0.000000
vt 0.043978 0.191142 0.000000
vt 0.067572 0.150000 0.000000
vt 0.090096 0.150000 0.000000
vt 0.090096 0.103646 0.000000
vt 0.135144 0.103646 0.000000
vt 0.117368 0.080168 0.000000
vt 0.148487 0.067702 0.000000
vt 0.022857 0.116737 0.000000
vt 0.043978 0.108858 0.000000
vt 0.067572 0.103646 0.000000
vt 0.082837 0.093864 0.000000
vt 0.208659 0.043908 0.000000
vt 0.180192 0.057292 0.000000
vt 0.180192 0.103646 0.000000
vt 0.135144 0.150000 0.000000
vt 0.082837 0.206136 0.000000
vt 0.268095 0.021859 0.000000
vt 0.264905 0.034115 0.000000
vt 0.264905 0.057292 0.000000
vt 0.387585 -0.013760 0.000000
vt 0.349618 -0.000651 0.000000
vt 0.349618 0.010937 0.000000
vt 0.349618 0.034115 0.000000
vt 0.349618 0.057292 0.000000
vt 0.519044 0.150000 0.000000
vt 0.349618 0.103646 0.000000
vt 0.349618 0.150000 0.000000
vt 0.264905 0.150000 0.000000
vt 0.264905 0.242708 0.000000
vt 0.180192 0.242708 0.000000
vt 0.208659 0.256092 0.000000
vt 0.148487 0.232298 0.000000
vt 0.517777 -0.035294 0.000000
vt 0.519044 -0.035417 0.000000
vt 0.519044 0.335417 0.000000
vt 0.517777 0.335294 0.000000
vt 0.387585 0.313760 0.000000
vt 0.349618 0.242708 0.000000
vt 0.268095 0.278141 0.000000
vt 0.180192 0.150000 0.000000
vt 0.117368 0.219832 0.000000
vt 0.264905 0.103646 0.000000
vt 0.521717 0.125000 0.000000
vt 0.520918 0.125270 0.000000
vt 0.520918 0.124730 0.000000
vt 0.498675 0.117121 0.000000
vt 0.498675 0.132879 0.000000
vt 0.477336 0.109699 0.000000
vt 0.475426 0.135417 0.000000
vt 0.452281 0.135417 0.000000
vt 0.477336 0.140301 0.000000
vt 0.437975 0.154187 0.000000
vt 0.429136 0.135417 0.000000
vt 0.402909 0.166589 0.000000
vt 0.382845 0.135417 0.000000
vt 0.371257 0.177631 0.000000
vt 0.336554 0.135417 0.000000
vt 0.309983 0.197974 0.000000
vt 0.252416 0.135417 0.000000
vt 0.249495 0.215774 0.000000
vt 0.168277 0.135417 0.000000
vt 0.128704 0.240989 0.000000
vt 0.000000 0.125000 0.000000
vt 0.000000 0.250000 0.000000
vt 0.000000 0.000001 0.000000
vt 0.128704 0.009011 0.000000
vt 0.168277 0.078125 0.000000
vt 0.252416 0.078125 0.000000
vt 0.309983 0.052026 0.000000
vt 0.336554 0.078125 0.000000
vt 0.371257 0.072369 0.000000
vt 0.168277 0.020833 0.000000
vt 0.249495 0.034226 0.000000
vt 0.382845 0.078125 0.000000
vt 0.402909 0.083411 0.000000
vt 0.437975 0.095813 0.000000
vt 0.000000 0.125000 0.000000
vt 0.000799 0.124730 0.000000
vt 0.000799 0.125270 0.000000
vt 0.023045 0.117121 0.000000
vt 0.023045 0.132879 0.000000
vt 0.044387 0.109699 0.000000
vt 0.045383 0.135416 0.000000
vt 0.068075 0.135416 0.000000
vt 0.044387 0.140301 0.000000
vt 0.083754 0.154187 0.000000
vt 0.090767 0.135416 0.000000
vt 0.136150 0.135416 0.000000
vt 0.118824 0.083411 0.000000
vt 0.136150 0.078125 0.000000
vt 0.150481 0.072369 0.000000
vt 0.181534 0.078125 0.000000
vt 0.211763 0.052026 0.000000
vt 0.266597 0.078125 0.000000
vt 0.266597 0.049479 0.000000
vt 0.351661 0.049479 0.000000
vt 0.272259 0.034226 0.000000
vt 0.351661 0.035156 0.000000
vt 0.351661 0.020833 0.000000
vt 0.393066 0.009011 0.000000
vt 0.083754 0.095813 0.000000
vt 0.521788 0.000000 0.000000
vt 0.521788 0.125000 0.000000
vt 0.521788 0.249999 0.000000
vt 0.393066 0.240989 0.000000
vt 0.351661 0.192708 0.000000
vt 0.351661 0.135416 0.000000
vt 0.266597 0.192708 0.000000
vt 0.266597 0.135416 0.000000
vt 0.211763 0.197974 0.000000
vt 0.181534 0.135416 0.000000
vt 0.150481 0.177631 0.000000
vt 0.118824 0.166589 0.000000
vt 0.272259 0.215774 0.000000
vt 0.351661 0.078125 0.000000
vt 0.000000 0.335417 0.000000
vt 0.000000 0.150000 0.000000
vt 0.001267 0.335294 0.000000
vt 0.131441 0.313760 0.000000
vt 0.165084 0.242708 0.000000
vt 0.250914 0.278141 0.000000
vt 0.247626 0.242708 0.000000
vt 0.310342 0.256092 0.000000
vt 0.330167 0.242708 0.000000
vt 0.370506 0.232298 0.000000
vt 0.330167 0.196354 0.000000
vt 0.377369 0.196354 0.000000
vt 0.377369 0.150000 0.000000
vt 0.424570 0.150000 0.000000
vt 0.424570 0.103646 0.000000
vt 0.448170 0.103646 0.000000
vt 0.436146 0.093864 0.000000
vt 0.475000 0.108858 0.000000
vt 0.000000 -0.035417 0.000000
vt 0.001267 -0.035294 0.000000
vt 0.131441 -0.013760 0.000000
vt 0.165084 0.057292 0.000000
vt 0.165084 0.010937 0.000000
vt 0.250914 0.021859 0.000000
vt 0.247626 0.057292 0.000000
vt 0.310342 0.043908 0.000000
vt 0.247626 0.080283 0.000000
vt 0.330167 0.080222 0.000000
vt 0.330167 0.103646 0.000000
vt 0.377369 0.103646 0.000000
vt 0.330167 0.150000 0.000000
vt 0.330167 0.057292 0.000000
vt 0.370506 0.067702 0.000000
vt 0.377369 0.080186 0.000000
vt 0.401620 0.080168 0.000000
vt 0.496118 0.116737 0.000000
vt 0.471771 0.150000 0.000000
vt 0.448170 0.150000 0.000000
vt 0.495371 0.150000 0.000000
vt 0.518179 0.124718 0.000000
vt 0.518972 0.125000 0.000000
vt 0.518972 0.175000 0.000000
vt 0.518179 0.175282 0.000000
vt 0.496118 0.183263 0.000000
vt 0.475000 0.191142 0.000000
vt 0.448170 0.196354 0.000000
vt 0.436146 0.206136 0.000000
vt 0.424570 0.196354 0.000000
vt 0.401620 0.219832 0.000000
vt 0.165084 0.080345 0.000000
vt 0.165084 0.103646 0.000000
vt 0.247626 0.103646 0.000000
vt 0.165084 0.150000 0.000000
vt 0.247626 0.150000 0.000000
vt 0.165084 0.196354 0.000000
vt 0.247626 0.196354 0.000000
vt -0.108594 -0.295591 0.000000
vt 0.008246 -0.236923 0.000000
vt -0.146564 -0.176874 0.000000
vt 0.024738 -0.105918 0.000000
vt 0.129035 -0.186890 0.000000
vt 0.196041 -0.034962 0.000000
vt 0.253138 -0.145757 0.000000
vt 0.040500 0.251066 0.000000
vt 0.040500 -0.001066 0.000000
vt 0.050965 0.250000 0.000000
vt 0.050965 0.000000 0.000000
vt 0.177080 0.125000 0.000000
vt 0.175607 0.000000 0.000000
vt 0.177080 0.000001 0.000000
vt 0.177080 0.250000 0.000000
vt 0.175607 0.250000 0.000000
vt -0.265000 -0.285689 0.000000
vt 0.265000 -0.285689 0.000000
vt -0.265000 0.000000 0.000000
vt 0.265000 0.000000 0.000000
vt -0.265000 0.285689 0.000000
vt 0.265000 0.285689 0.000000
vt -0.265000 0.571377 0.000000
vt 0.265000 0.571377 0.000000
vt -0.265000 0.857066 0.000000
vt 0.265000 0.857066 0.000000
vt -0.265000 1.142754 0.000000
vt 0.265000 1.142754 0.000000
vt -0.265000 1.428443 0.000000
vt 0.265000 1.428443 0.000000
vt -0.265000 1.714131 0.000000
vt 0.265000 1.714131 0.000000
vt -0.265000 1.999820 0.000000
vt 0.265000 1.999820 0.000000
vt -0.265000 2.285509 0.000000
vt 0.265000 2.285509 0.000000
vt -0.265000 2.571197 0.000000
vt 0.265000 2.571197 0.000000
vt -0.265000 2.856886 0.000000
vt 0.265000 2.856886 0.000000
vt -0.265000 3.142574 0.000000
vt 0.265000 3.142574 0.000000
vt -0.265000 3.428263 0.000000
vt 0.265000 3.428263 0.000000
vt -0.265000 3.713952 0.000000
vt 0.265000 3.713952 0.000000
vt -0.265000 3.999640 0.000000
vt 0.265000 3.999640 0.000000
vt -0.265000 4.285329 0.000000
vt 0.265000 4.285329 0.000000
vt -0.265000 4.571017 0.000000
vt 0.265000 4.571017 0.000000
vt -0.265000 -4.571017 0.000000
vt 0.265000 -4.571017 0.000000
vt -0.265000 -4.285329 0.000000
vt 0.265000 -4.285329 0.000000
vt -0.265000 -3.999640 0.000000
vt 0.265000 -3.999640 0.000000
vt -0.265000 -3.713952 0.000000
vt 0.265000 -3.713952 0.000000
vt -0.265000 -3.428263 0.000000
vt 0.265000 -3.428263 0.000000
vt -0.265000 -3.142574 0.000000
vt 0.265000 -3.142574 0.000000
vt -0.265000 -2.856886 0.000000
vt 0.265000 -2.856886 0.000000
vt -0.265000 -2.571197 0.000000
vt 0.265000 -2.571197 0.000000
vt -0.265000 -2.285509 0.000000
vt 0.265000 -2.285509 0.000000
vt -0.265000 -1.999820 0.000000
vt 0.265000 -1.999820 0.000000
vt -0.265000 -1.714131 0.000000
vt 0.265000 -1.714131 0.000000
vt -0.265000 -1.428443 0.000000
vt 0.265000 -1.428443 0.000000
vt -0.265000 -1.142754 0.000000
vt 0.265000 -1.142754 0.000000
vt -0.265000 -0.857066 0.000000
vt 0.265000 -0.857066 0.000000
vt -0.265000 -0.571377 0.000000
vt 0.265000 -0.571377 0.000000
vt -0.322957 -0.283856 0.000000
vt -0.028123 -0.312475 0.000000
vt -0.295000 0.000000 0.000000
vt -0.000000 0.000000 0.000000
vt -0.028123 0.312475 0.000000
vt -0.111589 -0.614906 0.000000
vt -0.405755 -0.556804 0.000000
vt -0.247715 -0.897574 0.000000
vt -0.540212 -0.808355 0.000000
vt -0.432125 -1.151393 0.000000
vt -0.721160 -1.028840 0.000000
vt -0.658893 -1.368205 0.000000
vt -0.941645 -1.209788 0.000000
vt -0.920730 -1.541042 0.000000
vt -1.193196 -1.344245 0.000000
vt -1.209220 -1.664349 0.000000
vt -1.466144 -1.427043 0.000000
vt -1.515092 -1.734162 0.000000
vt -1.750000 -1.455000 0.000000
vt -1.828513 -1.748238 0.000000
vt -2.033856 -1.427043 0.000000
vt -2.139412 -1.706124 0.000000
vt -2.306804 -1.344245 0.000000
vt -2.437794 -1.609174 0.000000
vt -2.558355 -1.209788 0.000000
vt -2.714070 -1.460503 0.000000
vt -2.959360 -1.264891 0.000000
vt -2.778840 -1.028840 0.000000
vt -3.165780 -1.028624 0.000000
vt -2.959788 -0.808355 0.000000
vt -3.326696 -0.759297 0.000000
vt -3.094245 -0.556804 0.000000
vt -3.436935 -0.465564 0.000000
vt -3.177043 -0.283856 0.000000
vt -3.492955 -0.156869 0.000000
vt -3.205000 0.000000 0.000000
vt -3.492955 0.156869 0.000000
vt -3.177043 0.283856 0.000000
vt -3.436935 0.465564 0.000000
vt -3.094245 0.556804 0.000000
vt -3.326696 0.759297 0.000000
vt -2.959788 0.808355 0.000000
vt -3.165780 1.028624 0.000000
vt -2.778840 1.028840 0.000000
vt -2.959360 1.264891 0.000000
vt -2.558355 1.209788 0.000000
vt -2.714070 1.460503 0.000000
vt -2.437794 1.609174 0.000000
vt -2.306804 1.344245 0.000000
vt -2.139412 1.706124 0.000000
vt -2.033856 1.427043 0.000000
vt -1.828513 1.748238 0.000000
vt -1.750000 1.455000 0.000000
vt -1.515092 1.734162 0.000000
vt -1.466144 1.427043 0.000000
vt -1.209220 1.664349 0.000000
vt -1.193196 1.344245 0.000000
vt -0.920730 1.541042 0.000000
vt -0.941645 1.209788 0.000000
vt -0.658893 1.368205 0.000000
vt -0.721160 1.028840 0.000000
vt -0.432125 1.151393 0.000000
vt -0.540212 0.808355 0.000000
vt -0.247715 0.897574 0.000000
vt -0.405755 0.556804 0.000000
vt -0.111589 0.614906 0.000000
vt -0.322957 0.283856 0.000000
vt -0.266877 0.312475 0.000000
vt -0.295000 0.000000 0.000000
vt -0.000000 0.000000 0.000000
vt -0.266877 -0.312475 0.000000
vt 0.027957 -0.283856 0.000000
vt -0.183411 -0.614906 0.000000
vt 0.110755 -0.556804 0.000000
vt -0.047285 -0.897574 0.000000
vt 0.245212 -0.808355 0.000000
vt 0.137125 -1.151393 0.000000
vt 0.426160 -1.028840 0.000000
vt 0.363893 -1.368205 0.000000
vt 0.646645 -1.209788 0.000000
vt 0.625730 -1.541042 0.000000
vt 0.898196 -1.344245 0.000000
vt 0.914220 -1.664349 0.000000
vt 1.171144 -1.427043 0.000000
vt 1.220092 -1.734162 0.000000
vt 1.455000 -1.455000 0.000000
vt 1.533513 -1.748238 0.000000
vt 1.738856 -1.427043 0.000000
vt 1.844412 -1.706124 0.000000
vt 2.011804 -1.344245 0.000000
vt 2.142794 -1.609174 0.000000
vt 2.263355 -1.209788 0.000000
vt 2.419070 -1.460503 0.000000
vt 2.664360 -1.264891 0.000000
vt 2.483840 -1.028840 0.000000
vt 2.870780 -1.028624 0.000000
vt 2.664788 -0.808355 0.000000
vt 3.031696 -0.759297 0.000000
vt 2.799245 -0.556804 0.000000
vt 3.141935 -0.465564 0.000000
vt 2.882043 -0.283856 0.000000
vt 3.197955 -0.156869 0.000000
vt 2.910000 0.000000 0.000000
vt 3.197955 0.156869 0.000000
vt 2.882043 0.283856 0.000000
vt 3.141935 0.465564 0.000000
vt 2.799245 0.556804 0.000000
vt 3.031696 0.759297 0.000000
vt 2.664788 0.808355 0.000000
vt 2.870780 1.028624 0.000000
vt 2.483840 1.028840 0.000000
vt 2.664360 1.264891 0.000000
vt 2.263355 1.209788 0.000000
vt 2.419070 1.460503 0.000000
vt 2.142794 1.609174 0.000000
vt 2.011804 1.344245 0.000000
vt 1.844412 1.706124 0.000000
vt 1.738856 1.427043 0.000000
vt 1.533513 1.748238 0.000000
vt 1.455000 1.455000 0.000000
vt 1.220092 1.734162 0.000000
vt 1.171144 1.427043 0.000000
vt 0.914220 1.664349 0.000000
vt 0.898196 1.344245 0.000000
vt 0.625730 1.541042 0.000000
vt 0.646645 1.209788 0.000000
vt 0.363893 1.368205 0.000000
vt 0.426160 1.028840 0.000000
vt 0.137125 1.151393 0.000000
vt 0.245212 0.808355 0.000000
vt -0.047285 0.897574 0.000000
vt 0.110755 0.556804 0.000000
vt -0.183411 0.614906 0.000000
vt 0.027957 0.283856 0.000000
vt -1.721877 0.312475 0.000000
vt -1.750000 -0.000000 0.000000
vt -1.250000 -0.000000 0.000000
vt -1.721877 -0.312475 0.000000
vt -1.222685 -0.259890 0.000000
vt -1.638411 -0.614906 0.000000
vt -1.141932 -0.508421 0.000000
vt -1.502285 -0.897574 0.000000
vt -1.011271 -0.734732 0.000000
vt -1.317875 -1.151393 0.000000
vt -0.836413 -0.928931 0.000000
vt -1.091107 -1.368205 0.000000
vt -0.625000 -1.082532 0.000000
vt -0.829270 -1.541042 0.000000
vt -0.386271 -1.188821 0.000000
vt -0.540780 -1.664349 0.000000
vt -0.234908 -1.734162 0.000000
vt -0.130661 -1.243152 0.000000
vt 0.078513 -1.748238 0.000000
vt 0.130661 -1.243152 0.000000
vt 0.389412 -1.706124 0.000000
vt 0.386271 -1.188821 0.000000
vt 0.687794 -1.609174 0.000000
vt 0.625000 -1.082532 0.000000
vt 0.964070 -1.460503 0.000000
vt 0.836413 -0.928931 0.000000
vt 1.209360 -1.264891 0.000000
vt 1.011271 -0.734732 0.000000
vt 1.415780 -1.028624 0.000000
vt 1.576696 -0.759297 0.000000
vt 1.141932 -0.508421 0.000000
vt 1.686935 -0.465564 0.000000
vt 1.222685 -0.259890 0.000000
vt 1.742955 -0.156869 0.000000
vt 1.250000 0.000000 0.000000
vt 1.742955 0.156869 0.000000
vt 1.222685 0.259890 0.000000
vt 1.686935 0.465564 0.000000
vt 1.141932 0.508421 0.000000
vt 1.576696 0.759297 0.000000
vt 1.011271 0.734732 0.000000
vt 1.415780 1.028624 0.000000
vt 1.209360 1.264891 0.000000
vt 0.836413 0.928931 0.000000
vt 0.964070 1.460503 0.000000
vt 0.625000 1.082532 0.000000
vt 0.687794 1.609174 0.000000
vt 0.386271 1.188821 0.000000
vt 0.389412 1.706124 0.000000
vt 0.130661 1.243152 0.000000
vt 0.078513 1.748238 0.000000
vt -0.130661 1.243152 0.000000
vt -0.234908 1.734162 0.000000
vt -0.386271 1.188821 0.000000
vt -0.540780 1.664349 0.000000
vt -0.829270 1.541042 0.000000
vt -0.625000 1.082532 0.000000
vt -1.091107 1.368205 0.000000
vt -0.836413 0.928931 0.000000
vt -1.317875 1.151393 0.000000
vt -1.011271 0.734732 0.000000
vt -1.502285 0.897574 0.000000
vt -1.141932 0.508421 0.000000
vt -1.638411 0.614906 0.000000
vt -1.222685 0.259890 0.000000
vt 1.750000 -0.000000 0.000000
vt 1.721877 0.312475 0.000000
vt 1.721877 -0.312475 0.000000
vt 1.638411 0.614906 0.000000
vt 1.638411 -0.614906 0.000000
vt 1.502285 0.897574 0.000000
vt 1.502285 -0.897574 0.000000
vt 1.317875 1.151393 0.000000
vt 1.091107 1.368205 0.000000
vt 0.829270 1.541042 0.000000
vt 0.540780 1.664349 0.000000
vt 0.234908 1.734162 0.000000
vt -0.078513 1.748238 0.000000
vt -0.389412 1.706124 0.000000
vt -0.687794 1.609174 0.000000
vt -0.964070 1.460503 0.000000
vt -1.209360 1.264891 0.000000
vt 1.317875 -1.151393 0.000000
vt -1.415780 1.028624 0.000000
vt -1.576696 0.759297 0.000000
vt -1.686935 0.465564 0.000000
vt -1.742955 0.156869 0.000000
vt -1.742955 -0.156869 0.000000
vt -1.686935 -0.465564 0.000000
vt -1.576696 -0.759297 0.000000
vt -1.415780 -1.028624 0.000000
vt -1.209360 -1.264891 0.000000
vt 1.091107 -1.368205 0.000000
vt -0.964070 -1.460503 0.000000
vt 0.829270 -1.541042 0.000000
vt -0.687794 -1.609174 0.000000
vt 0.540780 -1.664349 0.000000
vt -0.389412 -1.706124 0.000000
vt 0.234908 -1.734162 0.000000
vt -0.078513 -1.748238 0.000000
vt -0.300000 3.665191 0.000000
vt -0.000000 3.665191 0.000000
vt -0.300000 3.926991 0.000000
vt -0.000000 3.926991 0.000000
vt -0.300000 -3.926991 0.000000
vt -0.000000 -3.926991 0.000000
vt -0.300000 -3.665191 0.000000
vt -0.000000 -3.665191 0.000000
vt -0.300000 -3.403392 0.000000
vt -0.000000 -3.403392 0.000000
vt -0.300000 -3.141593 0.000000
vt -0.000000 -3.141593 0.000000
vt -0.300000 -2.879793 0.000000
vt -0.000000 -2.879793 0.000000
vt -0.300000 -2.617994 0.000000
vt -0.000000 -2.617994 0.000000
vt -0.300000 -2.356194 0.000000
vt -0.000000 -2.356194 0.000000
vt -0.300000 -2.094395 0.000000
vt -0.000000 -2.094395 0.000000
vt -0.300000 -1.832596 0.000000
vt -0.000000 -1.832596 0.000000
vt -0.300000 -1.570796 0.000000
vt -0.000000 -1.570796 0.000000
vt -0.300000 -1.308997 0.000000
vt -0.000000 -1.308997 0.000000
vt -0.300000 -1.047198 0.000000
vt -0.000000 -1.047198 0.000000
vt -0.300000 -0.785398 0.000000
vt -0.000000 -0.785398 0.000000
vt -0.300000 -0.523599 0.000000
vt -0.000000 -0.523599 0.000000
vt -0.300000 -0.261799 0.000000
vt -0.000000 -0.261799 0.000000
vt -0.300000 0.000000 0.000000
vt -0.000000 0.000000 0.000000
vt -0.300000 0.261799 0.000000
vt -0.000000 0.261799 0.000000
vt -0.300000 0.523599 0.000000
vt -0.000000 0.523599 0.000000
vt -0.300000 0.785398 0.000000
vt -0.000000 0.785398 0.000000
vt -0.300000 1.047198 0.000000
vt -0.000000 1.047198 0.000000
vt -0.300000 1.308997 0.000000
vt -0.000000 1.308997 0.000000
vt -0.300000 1.570796 0.000000
vt -0.000000 1.570796 0.000000
vt -0.300000 1.832596 0.000000
vt -0.000000 1.832596 0.000000
vt -0.300000 2.094395 0.000000
vt -0.000000 2.094395 0.000000
vt -0.300000 2.356194 0.000000
vt -0.000000 2.356194 0.000000
vt -0.300000 2.617994 0.000000
vt -0.000000 2.617994 0.000000
vt -0.300000 2.879793 0.000000
vt -0.000000 2.879793 0.000000
vt -0.300000 3.141593 0.000000
vt -0.000000 3.141593 0.000000
vt -0.300000 3.403392 0.000000
vt -0.000000 3.403392 0.000000
vn 0.000000 -0.965926 0.258819
vn 0.258819 -0.933013 0.250000
vn 0.000000 -1.000000 0.000000
vn 0.258819 -0.965926 0.000000
vn 0.000000 -0.965926 -0.258819
vn 0.258819 -0.933013 -0.250000
vn 0.000000 -0.866025 -0.500000
vn 0.258819 -0.836516 -0.482963
vn 0.000000 -0.707107 -0.707107
vn 0.258819 -0.683013 -0.683013
vn 0.000000 -0.500000 -0.866025
vn 0.258819 -0.482963 -0.836516
vn 0.000000 -0.258819 -0.965926
vn 0.258819 -0.250000 -0.933013
vn 0.000000 -0.000000 -1.000000
vn 0.258819 -0.000000 -0.965926
vn 0.000000 0.258819 -0.965926
vn 0.258819 0.250000 -0.933013
vn 0.000000 0.500000 -0.866025
vn 0.258819 0.482963 -0.836516
vn 0.000000 0.707107 -0.707107
vn 0.258819 0.683013 -0.683013
vn 0.000000 0.866025 -0.500000
vn 0.258819 0.836516 -0.482963
vn 0.000000 0.965926 -0.258819
vn 0.258819 0.933013 -0.250000
vn 0.000000 1.000000 0.000000
vn 0.258819 0.965926 0.000000
vn 0.000000 0.965926 0.258819
vn 0.258819 0.933013 0.250000
vn 0.000000 0.866025 0.500000
vn 0.258819 0.836516 0.482963
vn 0.000000 0.707107 0.707107
vn 0.258819 0.683013 0.683013
vn 0.000000 0.500000 0.866025
vn 0.258819 0.482963 0.836516
vn 0.000000 0.258819 0.965926
vn 0.258819 0.250000 0.933013
vn 0.000000 0.000000 1.000000
vn 0.258819 0.000000 0.965926
vn 0.000000 -0.258819 0.965926
vn 0.258819 -0.250000 0.933013
vn 0.000000 -0.500000 0.866025
vn 0.258819 -0.482963 0.836516
vn 0.000000 -0.707107 0.707107
vn 0.258819 -0.683013 0.683013
vn 0.000000 -0.866025 0.500000
vn 0.258819 -0.836516 0.482963
vn 1.000000 -0.000000 -0.000000
vn 0.965926 -0.250000 -0.066987
vn 1.000000 0.000000 0.000000
vn 0.965926 -0.258819 -0.000000
vn 1.000000 -0.000000 0.000000
vn 0.965926 -0.250000 0.066987
vn 1.000000 0.000000 -0.000000
vn 0.965926 -0.224144 0.129410
vn 1.000000 -0.000000 0.000000
vn 0.965926 -0.183013 0.183013
vn 1.000000 0.000000 -0.000000
vn 0.965926 -0.129410 0.224144
vn 1.000000 0.000000 -0.000000
vn 0.965926 -0.066987 0.250000
vn 1.000000 -0.000000 -0.000000
vn 0.965926 0.000000 0.258819
vn 1.000000 0.000000 0.000000
vn 0.965926 0.066987 0.250000
vn 1.000000 -0.000000 -0.000000
vn 0.965926 0.129410 0.224144
vn 1.000000 0.000000 0.000000
vn 0.965926 0.183013 0.183013
vn 1.000000 -0.000000 -0.000000
vn 0.965926 0.224144 0.129410
vn 1.000000 0.000000 0.000000
vn 0.965926 0.250000 0.066987
vn 1.000000 -0.000000 -0.000000
vn 0.965926 0.258819 0.000000
vn 1.000000 0.000000 -0.000000
vn 0.965926 0.250000 -0.066987
vn 1.000000 -0.000000 0.000000
vn 0.965926 0.224144 -0.129410
vn 1.000000 -0.000000 0.000000
vn 0.965926 0.183013 -0.183013
vn 1.000000 -0.000000 0.000000
vn 0.965926 0.129410 -0.224144
vn 1.000000 -0.000000 0.000000
vn 0.965926 0.066987 -0.250000
vn 1.000000 -0.000000 0.000000
vn 0.965926 0.000000 -0.258819
vn 1.000000 0.000000 0.000000
vn 0.965926 -0.066987 -0.250000
vn 1.000000 0.000000 0.000000
vn 0.965926 -0.129410 -0.224144
vn 1.000000 -0.000000 -0.000000
vn 0.965926 -0.183013 -0.183013
vn 1.000000 0.000000 0.000000
vn 0.965926 -0.224144 -0.129410
vn 0.500000 0.000000 -0.866025
vn 0.500000 0.224144 -0.836516
vn 0.500000 0.433013 -0.750000
vn 0.500000 0.612372 -0.612372
vn 0.500000 0.750000 -0.433013
vn 0.500000 0.836516 -0.224144
vn 0.500000 0.866025 0.000000
vn 0.500000 0.836516 0.224144
vn 0.500000 0.750000 0.433013
vn 0.500000 0.612372 0.612372
vn 0.500000 0.433013 0.750000
vn 0.500000 0.224144 0.836516
vn 0.500000 0.000000 0.866025
vn 0.500000 -0.224144 0.836516
vn 0.500000 -0.433013 0.750000
vn 0.500000 -0.612372 0.612372
vn 0.500000 -0.750000 0.433013
vn 0.500000 -0.836516 0.224144
vn 0.500000 -0.866025 -0.000000
vn 0.500000 -0.836516 -0.224144
vn 0.500000 -0.750000 -0.433013
vn 0.500000 -0.612372 -0.612372
vn 0.500000 -0.433013 -0.750000
vn 0.500000 -0.224144 -0.836516
vn 0.707107 0.000000 -0.707107
vn 0.707107 0.183013 -0.683013
vn 0.707107 0.353553 -0.612372
vn 0.707107 0.500000 -0.500000
vn 0.707107 0.612372 -0.353553
vn 0.707107 0.683013 -0.183013
vn 0.707107 0.707107 0.000000
vn 0.707107 0.683013 0.183013
vn 0.707107 0.612372 0.353553
vn 0.707107 0.500000 0.500000
vn 0.707107 0.353553 0.612372
vn 0.707107 0.183013 0.683013
vn 0.707107 0.000000 0.707107
vn 0.707107 -0.183013 0.683013
vn 0.707107 -0.353553 0.612372
vn 0.707107 -0.500000 0.500000
vn 0.707107 -0.612372 0.353553
vn 0.707107 -0.683013 0.183013
vn 0.707107 -0.707107 -0.000000
vn 0.707107 -0.683013 -0.183013
vn 0.707107 -0.612372 -0.353553
vn 0.707107 -0.500000 -0.500000
vn 0.707107 -0.353553 -0.612372
vn 0.707107 -0.183013 -0.683013
vn 0.866025 0.000000 -0.500000
vn 0.866025 0.129410 -0.482963
vn 0.866025 0.250000 -0.433013
vn 0.866025 0.353553 -0.353553
vn 0.866025 0.433013 -0.250000
vn 0.866025 0.482963 -0.129410
vn 0.866025 0.500000 0.000000
vn 0.866025 0.482963 0.129410
vn 0.866025 0.433013 0.250000
vn 0.866025 0.353553 0.353553
vn 0.866025 0.250000 0.433013
vn 0.866025 0.129410 0.482963
vn 0.866025 0.000000 0.500000
vn 0.866025 -0.129410 0.482963
vn 0.866025 -0.250000 0.433013
vn 0.866025 -0.353553 0.353553
vn 0.866025 -0.433013 0.250000
vn 0.866025 -0.482963 0.129410
vn 0.866025 -0.500000 -0.000000
vn 0.866025 -0.482963 -0.129410
vn 0.866025 -0.433013 -0.250000
vn 0.866025 -0.353553 -0.353553
vn 0.866025 -0.250000 -0.433013
vn 0.866025 -0.129410 -0.482963
vn -0.000000 -0.965926 0.258819
vn -0.000000 -1.000000 0.000000
vn 0.000000 -0.965926 -0.258819
vn 0.000000 -0.866025 -0.500000
vn 0.000000 -0.707107 -0.707107
vn 0.000000 -0.500000 -0.866025
vn 0.000000 -0.258819 -0.965926
vn -0.000000 0.000000 -1.000000
vn -0.000000 0.258819 -0.965926
vn -0.000000 0.500000 -0.866025
vn -0.000000 0.707107 -0.707107
vn -0.000000 0.866025 -0.500000
vn -0.000000 0.965926 -0.258819
vn -0.000000 1.000000 -0.000000
vn -0.000000 0.965926 0.258819
vn -0.000000 0.866025 0.500000
vn -0.000000 0.707107 0.707107
vn -0.000000 0.500000 0.866025
vn -0.000000 0.258819 0.965926
vn -0.000000 0.000000 1.000000
vn -0.000000 -0.258819 0.965926
vn -0.000000 -0.500000 0.866025
vn -0.000000 -0.707107 0.707107
vn -0.000000 -0.866025 0.500000
vn 1.000000 0.000000 0.000000
vn 1.000000 0.000000 0.000000
vn 1.000000 0.000000 0.000000
vn 1.000000 0.000000 0.000000
vn 1.000000 0.000000 0.000000
vn 1.000000 0.000000 0.000000
vn 1.000000 0.000000 0.000000
vn 1.000000 0.000000 0.000000
vn 1.000000 0.000000 0.000000
vn 1.000000 0.000000 0.000000
vn 1.000000 0.000000 0.000000
vn 1.000000 0.000000 0.000000
vn 1.000000 0.000000 0.000000
vn 1.000000 0.000000 0.000000
vn 1.000000 0.000000 0.000000
vn 1.000000 0.000000 0.000000
vn 1.000000 0.000000 0.000000
vn 1.000000 0.000000 0.000000
vn 1.000000 0.000000 0.000000
vn 1.000000 0.000000 0.000000
vn 1.000000 0.000000 0.000000
vn 1.000000 0.000000 0.000000
vn 1.000000 0.000000 0.000000
vn 1.000000 0.000000 0.000000
vn 1.000000 0.000000 0.000000
vn 1.000000 0.000000 0.000000
vn 1.000000 0.000000 0.000000
vn 1.000000 0.000000 0.000000
vn 1.000000 0.000000 0.000000
vn 1.000000 0.000000 0.000000
vn 0.707107 0.683013 -0.183013
vn 0.707107 0.683013 -0.183013
vn 0.707107 0.707107 -0.000000
vn 0.707107 0.707107 -0.000000
vn 0.707107 0.683013 0.183013
vn 0.707107 0.683013 0.183013
vn 0.707107 0.612372 0.353553
vn 0.707107 0.612372 0.353553
vn 0.707107 0.500000 0.500000
vn 0.707107 0.500000 0.500000
vn 0.707107 0.353553 0.612372
vn 0.707107 0.353553 0.612372
vn 0.707107 0.183013 0.683013
vn 0.707107 0.183013 0.683013
vn 0.707107 -0.000000 0.707107
vn 0.707107 -0.000000 0.707107
vn 0.707107 -0.183013 0.683013
vn 0.707107 -0.183013 0.683013
vn 0.707107 -0.353553 0.612372
vn 0.707107 -0.353553 0.612372
vn 0.707107 -0.500000 0.500000
vn 0.707107 -0.500000 0.500000
vn 0.707107 -0.612372 0.353553
vn 0.707107 -0.612372 0.353553
vn 0.707107 -0.683013 0.183013
vn 0.707107 -0.683013 0.183013
vn 0.707107 -0.707107 0.000000
vn 0.707107 -0.707107 0.000000
vn 0.707107 -0.683013 -0.183013
vn 0.707107 -0.683013 -0.183013
vn 0.707107 -0.612372 -0.353553
vn 0.707107 -0.612372 -0.353553
vn 0.707107 -0.500000 -0.500000
vn 0.707107 -0.500000 -0.500000
vn 0.707107 -0.353553 -0.612372
vn 0.707107 -0.353553 -0.612372
vn 0.707107 -0.183013 -0.683013
vn 0.707107 -0.183013 -0.683013
vn 0.707107 -0.000000 -0.707107
vn 0.707107 -0.000000 -0.707107
vn 0.707107 0.183013 -0.683013
vn 0.707107 0.183013 -0.683013
vn 0.707107 0.353553 -0.612372
vn 0.707107 0.353553 -0.612372
vn 0.707107 0.500000 -0.500000
vn 0.707107 0.500000 -0.500000
vn 0.707107 0.612372 -0.353553
vn 0.707107 0.612372 -0.353553
vn 0.000000 0.965926 -0.258819
vn 0.000000 0.965926 -0.258819
vn 0.000000 1.000000 -0.000000
vn 0.000000 1.000000 -0.000000
vn 0.000000 0.965926 0.258819
vn 0.000000 0.965926 0.258819
vn 0.000000 0.866025 0.500000
vn 0.000000 0.866025 0.500000
vn 0.000000 0.707107 0.707107
vn 0.000000 0.707107 0.707107
vn 0.000000 0.500000 0.866025
vn 0.000000 0.500000 0.866025
vn 0.000000 0.258819 0.965926
vn 0.000000 0.258819 0.965926
vn 0.000000 -0.000000 1.000000
vn 0.000000 -0.000000 1.000000
vn 0.000000 -0.258819 0.965926
vn 0.000000 -0.258819 0.965926
vn 0.000000 -0.500000 0.866025
vn 0.000000 -0.500000 0.866025
vn 0.000000 -0.707107 0.707107
vn 0.000000 -0.707107 0.707107
vn 0.000000 -0.866025 0.500000
vn 0.000000 -0.866025 0.500000
vn 0.000000 -0.965926 0.258819
vn 0.000000 -0.965926 0.258819
vn -0.000000 -1.000000 -0.000000
vn -0.000000 -1.000000 -0.000000
vn -0.000000 -0.965926 -0.258819
vn -0.000000 -0.965926 -0.258819
vn -0.000000 -0.866025 -0.500000
vn -0.000000 -0.866025 -0.500000
vn -0.000000 -0.707107 -0.707107
vn -0.000000 -0.707107 -0.707107
vn -0.000000 -0.500000 -0.866025
vn -0.000000 -0.500000 -0.866025
vn -0.000000 -0.258819 -0.965926
vn -0.000000 -0.258819 -0.965926
vn -0.000000 -0.000000 -1.000000
vn -0.000000 -0.000000 -1.000000
vn 0.000000 0.258819 -0.965926
vn 0.000000 0.258819 -0.965926
vn 0.000000 0.500000 -0.866025
vn 0.000000 0.500000 -0.866025
vn 0.000000 0.707107 -0.707107
vn 0.000000 0.707107 -0.707107
vn 0.000000 0.866025 -0.500000
vn 0.000000 0.866025 -0.500000
vn 1.000000 0.000000 0.000000
vn 1.000000 0.000000 0.000000
vn 1.000000 0.000000 0.000000
vn 1.000000 0.000000 0.000000
vn 1.000000 0.000000 0.000000
vn 1.000000 0.000000 0.000000
vn 1.000000 0.000000 0.000000
vn 1.000000 0.000000 0.000000
vn 1.000000 0.000000 0.000000
vn 1.000000 0.000000 0.000000
vn 1.000000 0.000000 0.000000
vn 1.000000 0.000000 0.000000
vn 1.000000 0.000000 0.000000
vn 1.000000 0.000000 0.000000
vn 1.000000 0.000000 0.000000
vn 1.000000 0.000000 0.000000
vn 1.000000 0.000000 0.000000
vn 1.000000 0.000000 0.000000
vn 1.000000 0.000000 0.000000
vn 1.000000 0.000000 0.000000
vn 1.000000 0.000000 0.000000
vn 1.000000 0.000000 0.000000
vn 1.000000 0.000000 0.000000
vn 1.000000 0.000000 0.000000
vn 1.000000 0.000000 0.000000
vn 1.000000 0.000000 0.000000
vn 1.000000 0.000000 0.000000
vn 1.000000 0.000000 0.000000
vn 1.000000 0.000000 0.000000
vn 1.000000 0.000000 0.000000
vn 1.000000 0.000000 0.000000
vn 1.000000 0.000000 0.000000
vn 1.000000 0.000000 0.000000
vn 1.000000 0.000000 0.000000
vn 1.000000 0.000000 0.000000
vn 1.000000 0.000000 0.000000
vn 1.000000 0.000000 0.000000
vn 1.000000 0.000000 0.000000
vn 1.000000 0.000000 0.000000
vn 1.000000 0.000000 0.000000
vn 1.000000 0.000000 0.000000
vn 1.000000 0.000000 0.000000
vn 1.000000 0.000000 0.000000
vn 1.000000 0.000000 0.000000
vn 1.000000 0.000000 0.000000
vn 1.000000 0.000000 0.000000
vn 1.000000 0.000000 0.000000
vn 1.000000 0.000000 0.000000
vn 1.000000 0.000000 0.000000
vn 1.000000 0.000000 0.000000
vn 1.000000 0.000000 0.000000
vn 1.000000 0.000000 0.000000
vn 1.000000 0.000000 0.000000
vn 1.000000 0.000000 0.000000
vn 1.000000 0.000000 0.000000
vn 1.000000 0.000000 0.000000
vn 1.000000 0.000000 0.000000
vn 1.000000 0.000000 0.000000
vn 1.000000 0.000000 0.000000
vn 1.000000 0.000000 0.000000
vn 1.000000 0.000000 0.000000
vn 1.000000 0.000000 0.000000
vn 1.000000 0.000000 0.000000
vn 1.000000 0.000000 0.000000
vn 1.000000 0.000000 0.000000
vn 1.000000 0.000000 0.000000
vn 1.000000 0.000000 0.000000
vn 1.000000 0.000000 0.000000
vn 1.000000 0.000000 0.000000
vn 1.000000 0.000000 0.000000
vn 1.000000 0.000000 0.000000
vn 1.000000 0.000000 0.000000
vn 0.000000 0.862779 0.505581
vn 0.000000 0.905396 0.424568
vn 0.006322 0.862852 0.505417
vn 0.305000 0.825774 0.474418
vn 0.258819 0.892399 0.369644
vn 0.500000 0.800103 0.331414
vn 0.587281 0.779661 0.217326
vn 0.714938 0.672841 0.190131
vn 0.000000 0.940426 0.339997
vn 0.305000 0.919374 0.248446
vn 0.000000 0.967577 0.252577
vn 0.006322 0.967512 0.252745
vn 0.707107 0.653281 0.270598
vn 0.827691 0.539558 0.154286
vn 0.918508 0.379894 0.109651
vn 0.866025 0.461940 0.191342
vn 0.978676 0.197264 0.057281
vn 0.965926 0.239118 0.099046
vn 1.000000 -0.000000 -0.000000
vn 1.000000 -0.000000 -0.000000
vn 1.000000 -0.000000 -0.000000
vn 1.000000 0.000000 0.000000
vn 0.978676 0.179990 0.098982
vn 0.918508 0.346161 0.191090
vn 0.827691 0.490622 0.272429
vn 0.714938 0.610213 0.341328
vn 0.587281 0.704976 0.397631
vn -0.000000 0.967577 0.252577
vn -0.000000 0.969132 0.246541
vn -0.000000 0.969132 0.246541
vn -0.000000 0.999541 0.030289
vn -0.000000 0.998734 -0.050310
vn -0.000000 0.981095 -0.193528
vn -0.000000 0.934427 -0.356155
vn -0.000000 0.913168 -0.407584
vn -0.000000 0.862193 -0.506580
vn -0.000000 0.799186 -0.601084
vn -0.000000 0.759601 -0.650390
vn -0.000000 0.644898 -0.764268
vn -0.000000 0.624617 -0.780931
vn -0.000000 0.458086 -0.888908
vn -0.000000 0.458086 -0.888908
vn -0.000000 0.624617 -0.780931
vn -0.000000 0.759601 -0.650390
vn -0.000000 0.862193 -0.506580
vn -0.000000 0.934427 -0.356155
vn -0.000000 0.998734 -0.050310
vn 0.000000 -0.304638 0.952468
vn 0.000000 -0.304638 0.952468
vn 0.000000 -0.110531 0.993873
vn 0.000000 -0.084407 0.996431
vn 0.000000 0.077224 0.997014
vn 0.000000 0.140080 0.990140
vn 0.000000 0.251456 0.967869
vn 0.000000 0.357502 0.933912
vn 0.000000 0.408900 0.912579
vn 0.000000 0.556894 0.830584
vn 0.000000 0.670637 0.741786
vn 0.000000 0.728200 0.685365
vn 0.000000 0.859611 0.510949
vn 0.000000 0.859611 0.510949
vn 0.000000 0.862779 0.505581
vn 0.000000 -0.110531 0.993873
vn 0.000000 0.077224 0.997014
vn 0.000000 0.251456 0.967869
vn 0.000000 0.408900 0.912579
vn 0.000000 0.670637 0.741786
vn -0.000000 0.940426 0.339997
vn -0.006322 0.967512 0.252745
vn -0.305000 0.919374 0.248446
vn -0.258819 0.892399 0.369644
vn -0.500000 0.800103 0.331414
vn -0.587281 0.704976 0.397631
vn -0.714938 0.610213 0.341328
vn -0.000000 0.905396 0.424568
vn -0.305000 0.825774 0.474418
vn -0.006322 0.862852 0.505417
vn -0.707107 0.653281 0.270598
vn -0.827691 0.490622 0.272429
vn -0.918508 0.346161 0.191090
vn -0.866025 0.461940 0.191342
vn -0.978676 0.179990 0.098982
vn -0.965926 0.239118 0.099046
vn -1.000000 -0.000000 -0.000000
vn -1.000000 -0.000000 -0.000000
vn -1.000000 0.000000 0.000000
vn -1.000000 -0.000000 -0.000000
vn -0.978676 0.197264 0.057281
vn -0.918508 0.379894 0.109651
vn -0.827691 0.539558 0.154286
vn -0.714938 0.672841 0.190131
vn -0.587281 0.779661 0.217326
vn 0.000000 -0.304638 0.952468
vn 0.000000 -0.304638 0.952468
vn 0.000000 -0.304638 0.952468
vn 0.000000 -0.304638 0.952468
vn 0.000000 -0.304638 0.952468
vn 0.000000 -0.304638 0.952468
vn 0.000000 -0.304638 0.952468
vn 1.000000 -0.000000 -0.000000
vn 1.000000 -0.000000 -0.000000
vn 1.000000 -0.000000 -0.000000
vn -0.000000 0.905396 -0.424568
vn -0.000000 0.900969 -0.433884
vn -0.000000 0.862779 -0.505581
vn -0.000000 0.809017 -0.587785
vn -0.000000 0.834573 -0.550897
vn -0.000000 0.722795 -0.691063
vn -0.000000 0.691063 -0.722795
vn -0.000000 0.587785 -0.809017
vn -0.000000 0.550897 -0.834573
vn -0.000000 0.505581 -0.862779
vn -0.000000 0.505581 -0.862779
vn -0.000000 0.393025 -0.919528
vn -0.000000 0.424568 -0.905396
vn -0.000000 0.339997 -0.940426
vn -0.000000 0.222521 -0.974928
vn -0.000000 0.252577 -0.967577
vn -0.000000 0.252577 -0.967577
vn -0.000000 0.089639 -0.995974
vn -0.000000 0.266037 -0.963963
vn -0.000000 0.940426 -0.339997
vn -0.000000 0.963963 -0.266037
vn -0.000000 0.967577 -0.252577
vn -0.000000 0.995974 -0.089639
vn -0.000000 0.967577 -0.252577
vn -0.000000 0.974928 -0.222521
vn -0.000000 0.940426 -0.339997
vn -0.000000 0.919528 -0.393025
vn -0.000000 0.905396 -0.424568
vn -0.000000 0.862779 -0.505581
vn -0.000000 -0.424568 -0.905396
vn -0.000000 -0.473869 -0.880596
vn -0.000000 -0.505581 -0.862779
vn -0.000000 -0.623490 -0.781831
vn -0.000000 -0.587785 -0.809017
vn -0.000000 -0.722795 -0.691063
vn -0.000000 -0.753071 -0.657939
vn -0.000000 -0.834573 -0.550897
vn -0.000000 -0.858449 -0.512899
vn -0.000000 -0.862779 -0.505581
vn -0.000000 -0.862779 -0.505581
vn -0.000000 -0.905396 -0.424568
vn -0.000000 -0.936235 -0.351375
vn -0.000000 -0.940426 -0.339997
vn -0.000000 -0.967577 -0.252577
vn -0.000000 -0.983930 -0.178557
vn -0.000000 -0.974928 -0.222521
vn -0.000000 -0.998993 -0.044865
vn -0.000000 -1.000000 -0.000000
vn -0.000000 -0.990950 0.134233
vn -0.000000 -0.983930 0.178557
vn -0.000000 -0.967577 0.252577
vn -0.000000 -0.967577 0.252577
vn -0.000000 -0.936235 0.351375
vn -0.000000 -0.940426 0.339997
vn -0.000000 -0.905396 0.424568
vn -0.000000 -0.858449 0.512899
vn -0.000000 -0.862779 0.505581
vn -0.000000 -0.862779 0.505581
vn -0.000000 -0.781831 0.623490
vn -0.000000 -0.880596 0.473869
vn -0.000000 -0.309017 -0.951057
vn -0.000000 -0.339997 -0.940426
vn -0.000000 -0.252577 -0.967577
vn -0.000000 -0.134233 -0.990950
vn -0.000000 -0.252577 -0.967577
vn -0.000000 -0.089639 -0.995974
vn -0.000000 -0.266037 -0.963963
vn -0.000000 -0.339997 -0.940426
vn -0.000000 -0.433884 -0.900969
vn -0.000000 -0.424568 -0.905396
vn -0.000000 -0.505581 -0.862779
vn -0.000000 -0.951057 0.309017
vn -0.000000 -0.940426 0.339997
vn -0.000000 -0.905396 0.424568
vn 0.000000 0.424568 0.905396
vn 0.000000 0.393025 0.919528
vn 0.000000 0.505581 0.862779
vn 0.000000 0.550897 0.834573
vn 0.000000 0.512899 0.858449
vn 0.000000 0.657939 0.753071
vn 0.000000 0.691063 0.722795
vn 0.000000 0.781831 0.623490
vn 0.000000 0.809017 0.587785
vn 0.000000 0.900969 0.433884
vn 0.000000 0.963963 0.266037
vn 0.000000 0.990950 0.134233
vn 0.000000 0.951057 0.309017
vn 0.000000 0.880596 0.473869
vn 0.000000 0.339997 0.940426
vn 0.000000 0.222521 0.974928
vn 0.000000 0.252577 0.967577
vn 0.000000 0.252577 0.967577
vn 0.000000 0.339997 0.940426
vn 0.000000 0.351375 0.936235
vn 0.000000 0.178557 0.983930
vn 0.000000 0.044865 0.998993
vn 0.000000 0.000000 1.000000
vn -0.000000 -0.134233 0.990950
vn -0.000000 -0.178557 0.983930
vn -0.000000 -0.252577 0.967577
vn -0.000000 -0.252577 0.967577
vn -0.000000 -0.351375 0.936235
vn -0.000000 -0.339997 0.940426
vn -0.000000 -0.424568 0.905396
vn -0.000000 -0.512899 0.858449
vn -0.000000 -0.505581 0.862779
vn -0.000000 -0.623490 0.781831
vn -0.000000 -0.505581 0.862779
vn -0.000000 -0.473869 0.880596
vn -0.000000 -0.424568 0.905396
vn -0.000000 -0.309017 0.951057
vn -0.000000 -0.339997 0.940426
vn 0.000000 0.424568 0.905396
vn 0.000000 0.505581 0.862779
vn -0.000000 -0.657939 0.753071
vn -0.000000 -0.753071 0.657939
vn -0.000000 -0.919528 -0.393025
vn -0.000000 -0.940426 -0.339997
vn -0.000000 -0.967577 -0.252577
vn -0.000000 -0.905396 -0.424568
vn -0.000000 0.044865 -0.998993
vn -0.000000 0.339997 -0.940426
vn -0.000000 0.433884 -0.900969
vn -0.000000 0.424568 -0.905396
vn -0.000000 0.998993 -0.044865
vn 0.000000 0.995974 0.089639
vn 0.006322 0.967512 -0.252745
vn 0.305000 0.919374 -0.248446
vn 0.258819 0.892399 -0.369644
vn 0.500000 0.800103 -0.331414
vn 0.587281 0.704976 -0.397631
vn 0.714938 0.610213 -0.341328
vn 0.305000 0.825774 -0.474418
vn 0.006322 0.862852 -0.505417
vn 0.707107 0.653281 -0.270598
vn 0.827691 0.490622 -0.272429
vn 0.918508 0.346161 -0.191090
vn 0.866025 0.461940 -0.191342
vn 0.978676 0.179990 -0.098982
vn 0.965926 0.239118 -0.099046
vn 1.000000 0.000000 -0.000000
vn 1.000000 0.000000 -0.000000
vn 1.000000 0.000000 -0.000000
vn 1.000000 0.000000 -0.000000
vn 0.978676 0.197264 -0.057281
vn 0.918508 0.379894 -0.109651
vn 0.827691 0.539558 -0.154286
vn 0.714938 0.672841 -0.190131
vn 0.587281 0.779661 -0.217326
vn -0.000000 0.859611 -0.510949
vn -0.000000 0.859611 -0.510949
vn -0.000000 0.728200 -0.685365
vn -0.000000 0.670637 -0.741786
vn -0.000000 0.556894 -0.830584
vn -0.000000 0.408900 -0.912579
vn -0.000000 0.357502 -0.933912
vn -0.000000 0.251456 -0.967869
vn -0.000000 0.140080 -0.990140
vn -0.000000 0.077224 -0.997014
vn -0.000000 -0.084407 -0.996431
vn -0.000000 -0.110531 -0.993873
vn -0.000000 -0.304638 -0.952468
vn -0.000000 -0.304638 -0.952468
vn -0.000000 -0.110531 -0.993873
vn -0.000000 0.077224 -0.997014
vn -0.000000 0.251456 -0.967869
vn -0.000000 0.408900 -0.912579
vn -0.000000 0.670637 -0.741786
vn -1.000000 0.000000 -0.000000
vn -1.000000 0.000000 -0.000000
vn -0.978676 0.197264 -0.057281
vn -0.965926 0.239118 -0.099046
vn -0.866025 0.461940 -0.191342
vn -0.918508 0.346161 -0.191090
vn -0.827691 0.490622 -0.272429
vn -1.000000 0.000000 -0.000000
vn -0.978676 0.179990 -0.098982
vn -1.000000 0.000000 -0.000000
vn -0.707107 0.653281 -0.270598
vn -0.714938 0.610213 -0.341328
vn -0.587281 0.704976 -0.397631
vn -0.500000 0.800103 -0.331414
vn -0.305000 0.825774 -0.474418
vn -0.258819 0.892399 -0.369644
vn -0.006322 0.862852 -0.505417
vn -0.006322 0.967512 -0.252745
vn -0.305000 0.919374 -0.248446
vn -0.587281 0.779661 -0.217326
vn -0.714938 0.672841 -0.190131
vn -0.827691 0.539558 -0.154286
vn -0.918508 0.379894 -0.109651
vn 0.000000 0.969132 -0.246541
vn 0.000000 0.969132 -0.246541
vn 0.000000 0.999541 -0.030289
vn 0.000000 0.998734 0.050310
vn 0.000000 0.981095 0.193528
vn 0.000000 0.934427 0.356155
vn 0.000000 0.913168 0.407584
vn 0.000000 0.862193 0.506580
vn 0.000000 0.799186 0.601084
vn 0.000000 0.759601 0.650390
vn 0.000000 0.644898 0.764268
vn 0.000000 0.624617 0.780931
vn 0.000000 0.458086 0.888908
vn 0.000000 0.458086 0.888908
vn 0.000000 0.624617 0.780931
vn 0.000000 0.759601 0.650390
vn 0.000000 0.862193 0.506580
vn 0.000000 0.934427 0.356155
vn 0.000000 0.998734 0.050310
vn 0.000000 0.458086 0.888908
vn 0.000000 0.458086 0.888908
vn 0.000000 0.458086 0.888908
vn 0.000000 0.458086 0.888908
vn 0.000000 0.458086 0.888908
vn 0.000000 0.458086 0.888908
vn 0.000000 0.458086 0.888908
vn 1.000000 -0.000000 -0.000000
vn 1.000000 -0.000000 -0.000000
vn 1.000000 -0.000000 -0.000000
vn 0.006322 0.505417 -0.862852
vn 0.305000 0.474418 -0.825774
vn 0.258819 0.369644 -0.892399
vn 0.500000 0.331414 -0.800103
vn 0.587281 0.217326 -0.779661
vn 0.714938 0.190131 -0.672841
vn 0.305000 0.248446 -0.919374
vn 0.006322 0.252745 -0.967512
vn 0.707107 0.270598 -0.653281
vn 0.827691 0.154286 -0.539558
vn 0.918508 0.109651 -0.379894
vn 0.866025 0.191342 -0.461940
vn 0.978676 0.057281 -0.197264
vn 0.965926 0.099046 -0.239118
vn 1.000000 -0.000000 0.000000
vn 1.000000 -0.000000 0.000000
vn 1.000000 0.000000 -0.000000
vn 1.000000 0.000000 -0.000000
vn 0.978676 0.098982 -0.179990
vn 0.918508 0.191090 -0.346161
vn 0.827691 0.272429 -0.490622
vn 0.714938 0.341328 -0.610213
vn 0.587281 0.397631 -0.704976
vn -0.000000 0.246541 -0.969132
vn -0.000000 0.246541 -0.969132
vn -0.000000 0.030289 -0.999541
vn -0.000000 -0.050310 -0.998734
vn -0.000000 -0.193528 -0.981095
vn -0.000000 -0.356155 -0.934427
vn -0.000000 -0.407584 -0.913168
vn -0.000000 -0.506580 -0.862193
vn -0.000000 -0.601084 -0.799186
vn -0.000000 -0.650390 -0.759601
vn -0.000000 -0.764268 -0.644898
vn -0.000000 -0.780931 -0.624617
vn -0.000000 -0.888908 -0.458086
vn -0.000000 -0.888908 -0.458086
vn -0.000000 -0.780931 -0.624617
vn -0.000000 -0.650390 -0.759601
vn -0.000000 -0.506580 -0.862193
vn -0.000000 -0.356155 -0.934427
vn -0.000000 -0.050310 -0.998734
vn -1.000000 0.000000 -0.000000
vn -1.000000 -0.000000 0.000000
vn -0.978676 0.098982 -0.179990
vn -0.965926 0.099046 -0.239118
vn -0.866025 0.191342 -0.461940
vn -0.918508 0.109651 -0.379894
vn -0.827691 0.154286 -0.539558
vn -1.000000 -0.000000 0.000000
vn -0.978676 0.057281 -0.197264
vn -1.000000 0.000000 -0.000000
vn -0.707107 0.270598 -0.653281
vn -0.714938 0.190131 -0.672841
vn -0.587281 0.217326 -0.779661
vn -0.500000 0.331414 -0.800103
vn -0.305000 0.248446 -0.919374
vn -0.258819 0.369644 -0.892399
vn -0.006322 0.252745 -0.967512
vn -0.006322 0.505417 -0.862852
vn -0.305000 0.474418 -0.825774
vn -0.587281 0.397631 -0.704976
vn -0.714938 0.341328 -0.610213
vn -0.827691 0.272429 -0.490622
vn -0.918508 0.191090 -0.346161
vn 0.000000 0.510949 -0.859611
vn 0.000000 0.510949 -0.859611
vn 0.000000 0.685365 -0.728200
vn 0.000000 0.741786 -0.670637
vn 0.000000 0.830584 -0.556894
vn 0.000000 0.912579 -0.408900
vn 0.000000 0.933912 -0.357502
vn 0.000000 0.967869 -0.251456
vn 0.000000 0.990140 -0.140080
vn 0.000000 0.997014 -0.077224
vn 0.000000 0.996431 0.084407
vn 0.000000 0.993873 0.110531
vn 0.000000 0.952468 0.304638
vn 0.000000 0.952468 0.304638
vn 0.000000 0.993873 0.110531
vn 0.000000 0.997014 -0.077224
vn 0.000000 0.967869 -0.251456
vn 0.000000 0.912579 -0.408900
vn 0.000000 0.741786 -0.670637
vn 0.000000 0.952468 0.304638
vn 0.000000 0.952468 0.304638
vn 0.000000 0.952468 0.304638
vn 0.000000 0.952468 0.304638
vn 0.000000 0.952468 0.304638
vn 0.000000 0.952468 0.304638
vn 0.000000 0.952468 0.304638
vn 1.000000 -0.000000 -0.000000
vn 1.000000 -0.000000 -0.000000
vn 1.000000 -0.000000 -0.000000
vn 0.006322 -0.252745 -0.967512
vn 0.305000 -0.248446 -0.919374
vn 0.258819 -0.369644 -0.892399
vn 0.500000 -0.331414 -0.800103
vn 0.587281 -0.397631 -0.704976
vn 0.714938 -0.341328 -0.610213
vn 0.305000 -0.474418 -0.825774
vn 0.006322 -0.505417 -0.862852
vn 0.707107 -0.270598 -0.653281
vn 0.827691 -0.272429 -0.490622
vn 0.918508 -0.191090 -0.346161
vn 0.866025 -0.191342 -0.461940
vn 0.978676 -0.098982 -0.179990
vn 0.965926 -0.099046 -0.239118
vn 1.000000 0.000000 0.000000
vn 1.000000 0.000000 0.000000
vn 1.000000 0.000000 0.000000
vn 1.000000 0.000000 0.000000
vn 0.978676 -0.057281 -0.197264
vn 0.918508 -0.109651 -0.379894
vn 0.827691 -0.154286 -0.539558
vn 0.714938 -0.190131 -0.672841
vn 0.587281 -0.217326 -0.779661
vn -0.000000 -0.510949 -0.859611
vn -0.000000 -0.510949 -0.859611
vn -0.000000 -0.685365 -0.728200
vn -0.000000 -0.741786 -0.670637
vn -0.000000 -0.830584 -0.556894
vn -0.000000 -0.912579 -0.408900
vn -0.000000 -0.933912 -0.357502
vn -0.000000 -0.967869 -0.251456
vn -0.000000 -0.990140 -0.140080
vn -0.000000 -0.997014 -0.077224
vn -0.000000 -0.996431 0.084407
vn -0.000000 -0.993873 0.110531
vn -0.000000 -0.952468 0.304638
vn -0.000000 -0.952468 0.304638
vn -0.000000 -0.993873 0.110531
vn -0.000000 -0.997014 -0.077224
vn -0.000000 -0.967869 -0.251456
vn -0.000000 -0.912579 -0.408900
vn -0.000000 -0.741786 -0.670637
vn -1.000000 0.000000 0.000000
vn -1.000000 0.000000 0.000000
vn -0.978676 -0.057281 -0.197264
vn -0.965926 -0.099046 -0.239118
vn -0.866025 -0.191342 -0.461940
vn -0.918508 -0.191090 -0.346161
vn -0.827691 -0.272429 -0.490622
vn -1.000000 0.000000 0.000000
vn -0.978676 -0.098982 -0.179990
vn -1.000000 0.000000 0.000000
vn -0.707107 -0.270598 -0.653281
vn -0.714938 -0.341328 -0.610213
vn -0.587281 -0.397631 -0.704976
vn -0.500000 -0.331414 -0.800103
vn -0.305000 -0.474418 -0.825774
vn -0.258819 -0.369644 -0.892399
vn -0.006322 -0.505417 -0.862852
vn -0.006322 -0.252745 -0.967512
vn -0.305000 -0.248446 -0.919374
vn -0.587281 -0.217326 -0.779661
vn -0.714938 -0.190131 -0.672841
vn -0.827691 -0.154286 -0.539558
vn -0.918508 -0.109651 -0.379894
vn -0.000000 -0.246541 -0.969132
vn -0.000000 -0.246541 -0.969132
vn -0.000000 -0.030289 -0.999541
vn 0.000000 0.050310 -0.998734
vn 0.000000 0.193528 -0.981095
vn 0.000000 0.356155 -0.934427
vn 0.000000 0.407584 -0.913168
vn 0.000000 0.506580 -0.862193
vn 0.000000 0.601084 -0.799186
vn 0.000000 0.650390 -0.759601
vn 0.000000 0.764268 -0.644898
vn 0.000000 0.780931 -0.624617
vn 0.000000 0.888908 -0.458086
vn 0.000000 0.888908 -0.458086
vn 0.000000 0.780931 -0.624617
vn 0.000000 0.650390 -0.759601
vn 0.000000 0.506580 -0.862193
vn 0.000000 0.356155 -0.934427
vn 0.000000 0.050310 -0.998734
vn 0.000000 0.888908 -0.458086
vn 0.000000 0.888908 -0.458086
vn 0.000000 0.888908 -0.458086
vn 0.000000 0.888908 -0.458086
vn 0.000000 0.888908 -0.458086
vn 0.000000 0.888908 -0.458086
vn 0.000000 0.888908 -0.458086
vn 1.000000 -0.000000 -0.000000
vn 1.000000 -0.000000 -0.000000
vn 1.000000 -0.000000 -0.000000
vn 0.006322 -0.862852 -0.505417
vn 0.305000 -0.825774 -0.474418
vn 0.258819 -0.892399 -0.369644
vn 0.500000 -0.800103 -0.331414
vn 0.587281 -0.779661 -0.217326
vn 0.714938 -0.672841 -0.190131
vn 0.305000 -0.919374 -0.248446
vn 0.006322 -0.967512 -0.252745
vn 0.707107 -0.653281 -0.270598
vn 0.827691 -0.539558 -0.154286
vn 0.918508 -0.379894 -0.109651
vn 0.866025 -0.461940 -0.191342
vn 0.978676 -0.197264 -0.057281
vn 0.965926 -0.239118 -0.099046
vn 1.000000 0.000000 0.000000
vn 1.000000 -0.000000 -0.000000
vn 1.000000 -0.000000 -0.000000
vn 1.000000 0.000000 0.000000
vn 0.978676 -0.179990 -0.098982
vn 0.918508 -0.346161 -0.191090
vn 0.827691 -0.490622 -0.272429
vn 0.714938 -0.610213 -0.341328
vn 0.587281 -0.704976 -0.397631
vn -0.000000 -0.969132 -0.246541
vn -0.000000 -0.969132 -0.246541
vn -0.000000 -0.999541 -0.030289
vn -0.000000 -0.998734 0.050310
vn -0.000000 -0.981095 0.193528
vn -0.000000 -0.934427 0.356155
vn -0.000000 -0.913168 0.407584
vn -0.000000 -0.862193 0.506580
vn -0.000000 -0.799186 0.601084
vn -0.000000 -0.759601 0.650390
vn -0.000000 -0.644898 0.764268
vn -0.000000 -0.624617 0.780931
vn -0.000000 -0.458086 0.888908
vn -0.000000 -0.458086 0.888908
vn -0.000000 -0.624617 0.780931
vn -0.000000 -0.759601 0.650390
vn -0.000000 -0.862193 0.506580
vn -0.000000 -0.934427 0.356155
vn -0.000000 -0.998734 0.050310
vn 0.000000 0.304638 -0.952468
vn 0.000000 0.304638 -0.952468
vn 0.000000 0.110531 -0.993873
vn 0.000000 0.084407 -0.996431
vn -0.000000 -0.077224 -0.997014
vn -0.000000 -0.140080 -0.990140
vn -0.000000 -0.251456 -0.967869
vn -0.000000 -0.357502 -0.933912
vn -0.000000 -0.408900 -0.912579
vn -0.000000 -0.556894 -0.830584
vn -0.000000 -0.670637 -0.741786
vn -0.000000 -0.728200 -0.685365
vn -0.000000 -0.859611 -0.510949
vn -0.000000 -0.859611 -0.510949
vn 0.000000 0.110531 -0.993873
vn -0.000000 -0.077224 -0.997014
vn -0.000000 -0.251456 -0.967869
vn -0.000000 -0.408900 -0.912579
vn -0.000000 -0.670637 -0.741786
vn -0.006322 -0.967512 -0.252745
vn -0.305000 -0.919374 -0.248446
vn -0.258819 -0.892399 -0.369644
vn -0.500000 -0.800103 -0.331414
vn -0.587281 -0.704976 -0.397631
vn -0.714938 -0.610213 -0.341328
vn -0.305000 -0.825774 -0.474418
vn -0.006322 -0.862852 -0.505417
vn -0.707107 -0.653281 -0.270598
vn -0.827691 -0.490622 -0.272429
vn -0.918508 -0.346161 -0.191090
vn -0.866025 -0.461940 -0.191342
vn -0.978676 -0.179990 -0.098982
vn -0.965926 -0.239118 -0.099046
vn -1.000000 -0.000000 -0.000000
vn -1.000000 0.000000 0.000000
vn -1.000000 0.000000 0.000000
vn -1.000000 -0.000000 -0.000000
vn -0.978676 -0.197264 -0.057281
vn -0.918508 -0.379894 -0.109651
vn -0.827691 -0.539558 -0.154286
vn -0.714938 -0.672841 -0.190131
vn -0.587281 -0.779661 -0.217326
vn 0.000000 0.304638 -0.952468
vn 0.000000 0.304638 -0.952468
vn 0.000000 0.304638 -0.952468
vn 0.000000 0.304638 -0.952468
vn 0.000000 0.304638 -0.952468
vn 0.000000 0.304638 -0.952468
vn 0.000000 0.304638 -0.952468
vn 1.000000 -0.000000 -0.000000
vn 1.000000 -0.000000 -0.000000
vn 1.000000 -0.000000 -0.000000
vn 0.006322 -0.967512 0.252745
vn 0.305000 -0.919374 0.248446
vn 0.258819 -0.892399 0.369644
vn 0.500000 -0.800103 0.331414
vn 0.587281 -0.704976 0.397631
vn 0.714938 -0.610213 0.341328
vn 0.305000 -0.825774 0.474418
vn 0.006322 -0.862852 0.505417
vn 0.707107 -0.653281 0.270598
vn 0.827691 -0.490622 0.272429
vn 0.918508 -0.346161 0.191090
vn 0.866025 -0.461940 0.191342
vn 0.978676 -0.179990 0.098982
vn 0.965926 -0.239118 0.099046
vn 1.000000 0.000000 -0.000000
vn 1.000000 0.000000 -0.000000
vn 1.000000 0.000000 -0.000000
vn 1.000000 0.000000 -0.000000
vn 0.978676 -0.197264 0.057281
vn 0.918508 -0.379894 0.109651
vn 0.827691 -0.539558 0.154286
vn 0.714938 -0.672841 0.190131
vn 0.587281 -0.779661 0.217326
vn -0.000000 -0.859611 0.510949
vn -0.000000 -0.859611 0.510949
vn -0.000000 -0.728200 0.685365
vn -0.000000 -0.670637 0.741786
vn -0.000000 -0.556894 0.830584
vn -0.000000 -0.408900 0.912579
vn -0.000000 -0.357502 0.933912
vn -0.000000 -0.251456 0.967869
vn -0.000000 -0.140080 0.990140
vn -0.000000 -0.077224 0.997014
vn -0.000000 0.084407 0.996431
vn -0.000000 0.110531 0.993873
vn -0.000000 0.304638 0.952468
vn -0.000000 0.304638 0.952468
vn -0.000000 0.110531 0.993873
vn -0.000000 -0.077224 0.997014
vn -0.000000 -0.251456 0.967869
vn -0.000000 -0.408900 0.912579
vn -0.000000 -0.670637 0.741786
vn -1.000000 0.000000 -0.000000
vn -1.000000 0.000000 -0.000000
vn -0.978676 -0.197264 0.057281
vn -0.965926 -0.239118 0.099046
vn -0.866025 -0.461940 0.191342
vn -0.918508 -0.346161 0.191090
vn -0.827691 -0.490622 0.272429
vn -1.000000 0.000000 -0.000000
vn -0.978676 -0.179990 0.098982
vn -1.000000 0.000000 -0.000000
vn -0.707107 -0.653281 0.270598
vn -0.714938 -0.610213 0.341328
vn -0.587281 -0.704976 0.397631
vn -0.500000 -0.800103 0.331414
vn -0.305000 -0.825774 0.474418
vn -0.258819 -0.892399 0.369644
vn -0.006322 -0.862852 0.505417
vn -0.006322 -0.967512 0.252745
vn -0.305000 -0.919374 0.248446
vn -0.587281 -0.779661 0.217326
vn -0.714938 -0.672841 0.190131
vn -0.827691 -0.539558 0.154286
vn -0.918508 -0.379894 0.109651
vn 0.000000 -0.969132 0.246541
vn 0.000000 -0.969132 0.246541
vn 0.000000 -0.999541 0.030289
vn -0.000000 -0.998734 -0.050310
vn -0.000000 -0.981095 -0.193528
vn -0.000000 -0.934427 -0.356155
vn -0.000000 -0.913168 -0.407584
vn -0.000000 -0.862193 -0.506580
vn -0.000000 -0.799186 -0.601084
vn -0.000000 -0.759601 -0.650390
vn -0.000000 -0.644898 -0.764268
vn -0.000000 -0.624617 -0.780931
vn -0.000000 -0.458086 -0.888908
vn -0.000000 -0.458086 -0.888908
vn -0.000000 -0.624617 -0.780931
vn -0.000000 -0.759601 -0.650390
vn -0.000000 -0.862193 -0.506580
vn -0.000000 -0.934427 -0.356155
vn -0.000000 -0.998734 -0.050310
vn -0.000000 -0.458086 -0.888908
vn -0.000000 -0.458086 -0.888908
vn -0.000000 -0.458086 -0.888908
vn -0.000000 -0.458086 -0.888908
vn -0.000000 -0.458086 -0.888908
vn -0.000000 -0.458086 -0.888908
vn -0.000000 -0.458086 -0.888908
vn 1.000000 -0.000000 -0.000000
vn 1.000000 -0.000000 -0.000000
vn 1.000000 -0.000000 -0.000000
vn 0.006322 -0.505417 0.862852
vn 0.305000 -0.474418 0.825774
vn 0.258819 -0.369644 0.892399
vn 0.500000 -0.331414 0.800103
vn 0.587281 -0.217326 0.779661
vn 0.714938 -0.190131 0.672841
vn 0.305000 -0.248446 0.919374
vn 0.006322 -0.252745 0.967512
vn 0.707107 -0.270598 0.653281
vn 0.827691 -0.154286 0.539558
vn 0.918508 -0.109651 0.379894
vn 0.866025 -0.191342 0.461940
vn 0.978676 -0.057281 0.197264
vn 0.965926 -0.099046 0.239118
vn 1.000000 0.000000 -0.000000
vn 1.000000 0.000000 -0.000000
vn 1.000000 -0.000000 0.000000
vn 1.000000 0.000000 -0.000000
vn 0.978676 -0.098982 0.179990
vn 0.918508 -0.191090 0.346161
vn 0.827691 -0.272429 0.490622
vn 0.714938 -0.341328 0.610213
vn 0.587281 -0.397631 0.704976
vn -0.000000 -0.246541 0.969132
vn -0.000000 -0.246541 0.969132
vn -0.000000 -0.030289 0.999541
vn -0.000000 0.050310 0.998734
vn -0.000000 0.193528 0.981095
vn -0.000000 0.356155 0.934427
vn -0.000000 0.407584 0.913168
vn -0.000000 0.506580 0.862193
vn -0.000000 0.601084 0.799186
vn -0.000000 0.650390 0.759601
vn -0.000000 0.764268 0.644898
vn -0.000000 0.780931 0.624617
vn -0.000000 0.888908 0.458086
vn -0.000000 0.888908 0.458086
vn -0.000000 0.780931 0.624617
vn -0.000000 0.650390 0.759601
vn -0.000000 0.506580 0.862193
vn -0.000000 0.356155 0.934427
vn -0.000000 0.050310 0.998734
vn -1.000000 0.000000 -0.000000
vn -1.000000 0.000000 -0.000000
vn -0.978676 -0.098982 0.179990
vn -0.965926 -0.099046 0.239118
vn -0.866025 -0.191342 0.461940
vn -0.918508 -0.109651 0.379894
vn -0.827691 -0.154286 0.539558
vn -1.000000 0.000000 -0.000000
vn -0.978676 -0.057281 0.197264
vn -1.000000 -0.000000 0.000000
vn -0.707107 -0.270598 0.653281
vn -0.714938 -0.190131 0.672841
vn -0.587281 -0.217326 0.779661
vn -0.500000 -0.331414 0.800103
vn -0.305000 -0.248446 0.919374
vn -0.258819 -0.369644 0.892399
vn -0.006322 -0.252745 0.967512
vn -0.006322 -0.505417 0.862852
vn -0.305000 -0.474418 0.825774
vn -0.587281 -0.397631 0.704976
vn -0.714938 -0.341328 0.610213
vn -0.827691 -0.272429 0.490622
vn -0.918508 -0.191090 0.346161
vn 0.000000 -0.510949 0.859611
vn 0.000000 -0.510949 0.859611
vn 0.000000 -0.685365 0.728200
vn 0.000000 -0.741786 0.670637
vn 0.000000 -0.830584 0.556894
vn 0.000000 -0.912579 0.408900
vn 0.000000 -0.933912 0.357502
vn 0.000000 -0.967869 0.251456
vn 0.000000 -0.990140 0.140080
vn 0.000000 -0.997014 0.077224
vn -0.000000 -0.996431 -0.084407
vn -0.000000 -0.993873 -0.110531
vn -0.000000 -0.952468 -0.304638
vn -0.000000 -0.952468 -0.304638
vn -0.000000 -0.993873 -0.110531
vn 0.000000 -0.997014 0.077224
vn 0.000000 -0.967869 0.251456
vn 0.000000 -0.912579 0.408900
vn 0.000000 -0.741786 0.670637
vn -0.000000 -0.952468 -0.304638
vn -0.000000 -0.952468 -0.304638
vn -0.000000 -0.952468 -0.304638
vn -0.000000 -0.952468 -0.304638
vn -0.000000 -0.952468 -0.304638
vn -0.000000 -0.952468 -0.304638
vn -0.000000 -0.952468 -0.304638
vn 1.000000 -0.000000 -0.000000
vn 1.000000 -0.000000 -0.000000
vn 1.000000 -0.000000 -0.000000
vn 0.006322 0.252745 0.967512
vn 0.305000 0.248446 0.919374
vn 0.258819 0.369644 0.892399
vn 0.500000 0.331414 0.800103
vn 0.587281 0.397631 0.704976
vn 0.714938 0.341328 0.610213
vn 0.305000 0.474418 0.825774
vn 0.006322 0.505417 0.862852
vn 0.707107 0.270598 0.653281
vn 0.827691 0.272429 0.490622
vn 0.918508 0.191090 0.346161
vn 0.866025 0.191342 0.461940
vn 0.978676 0.098982 0.179990
vn 0.965926 0.099046 0.239118
vn 1.000000 -0.000000 -0.000000
vn 1.000000 0.000000 0.000000
vn 1.000000 0.000000 0.000000
vn 1.000000 -0.000000 -0.000000
vn 0.978676 0.057281 0.197264
vn 0.918508 0.109651 0.379894
vn 0.827691 0.154286 0.539558
vn 0.714938 0.190131 0.672841
vn 0.587281 0.217326 0.779661
vn -0.000000 0.510949 0.859611
vn -0.000000 0.510949 0.859611
vn -0.000000 0.685365 0.728200
vn -0.000000 0.741786 0.670637
vn -0.000000 0.830584 0.556894
vn -0.000000 0.912579 0.408900
vn -0.000000 0.933912 0.357502
vn -0.000000 0.967869 0.251456
vn -0.000000 0.990140 0.140080
vn -0.000000 0.997014 0.077224
vn -0.000000 0.996431 -0.084407
vn -0.000000 0.993873 -0.110531
vn -0.000000 0.952468 -0.304638
vn -0.000000 0.952468 -0.304638
vn -0.000000 0.993873 -0.110531
vn -0.000000 0.997014 0.077224
vn -0.000000 0.967869 0.251456
vn -0.000000 0.912579 0.408900
vn -0.000000 0.741786 0.670637
vn -1.000000 -0.000000 -0.000000
vn -1.000000 0.000000 0.000000
vn -0.978676 0.057281 0.197264
vn -0.965926 0.099046 0.239118
vn -0.866025 0.191342 0.461940
vn -0.918508 0.191090 0.346161
vn -0.827691 0.272429 0.490622
vn -1.000000 -0.000000 -0.000000
vn -0.978676 0.098982 0.179990
vn -1.000000 0.000000 0.000000
vn -0.707107 0.270598 0.653281
vn -0.714938 0.341328 0.610213
vn -0.587281 0.397631 0.704976
vn -0.500000 0.331414 0.800103
vn -0.305000 0.474418 0.825774
vn -0.258819 0.369644 0.892399
vn -0.006322 0.505417 0.862852
vn -0.006322 0.252745 0.967512
vn -0.305000 0.248446 0.919374
vn -0.587281 0.217326 0.779661
vn -0.714938 0.190131 0.672841
vn -0.827691 0.154286 0.539558
vn -0.918508 0.109651 0.379894
vn 0.000000 0.246541 0.969132
vn 0.000000 0.246541 0.969132
vn 0.000000 0.030289 0.999541
vn 0.000000 -0.050310 0.998734
vn 0.000000 -0.193528 0.981095
vn 0.000000 -0.356155 0.934427
vn 0.000000 -0.407584 0.913168
vn 0.000000 -0.506580 0.862193
vn 0.000000 -0.601084 0.799186
vn 0.000000 -0.650390 0.759601
vn 0.000000 -0.764268 0.644898
vn 0.000000 -0.780931 0.624617
vn 0.000000 -0.888908 0.458086
vn 0.000000 -0.888908 0.458086
vn 0.000000 -0.780931 0.624617
vn 0.000000 -0.650390 0.759601
vn 0.000000 -0.506580 0.862193
vn 0.000000 -0.356155 0.934427
vn 0.000000 -0.050310 0.998734
vn 0.000000 -0.888908 0.458086
vn 0.000000 -0.888908 0.458086
vn 0.000000 -0.888908 0.458086
vn 0.000000 -0.888908 0.458086
vn 0.000000 -0.888908 0.458086
vn 0.000000 -0.888908 0.458086
vn 0.000000 -0.888908 0.458086
vn 1.000000 -0.000000 -0.000000
vn 1.000000 -0.000000 -0.000000
vn 1.000000 -0.000000 -0.000000
vn -0.000000 0.967577 0.252577
vn -0.000000 0.940426 0.339997
vn -0.006322 0.967512 0.252745
vn -0.305000 0.919374 0.248446
vn -0.258819 0.892399 0.369644
vn -0.500000 0.800103 0.331414
vn -0.587281 0.704976 0.397631
vn -0.714938 0.610213 0.341328
vn -0.000000 0.905396 0.424568
vn -0.305000 0.825774 0.474418
vn -0.000000 0.862779 0.505581
vn -0.006322 0.862852 0.505417
vn -0.707107 0.653281 0.270598
vn -0.827691 0.490622 0.272429
vn -0.918508 0.346161 0.191090
vn -0.866025 0.461940 0.191342
vn -0.978676 0.179990 0.098982
vn -0.965926 0.239118 0.099046
vn -1.000000 -0.000000 -0.000000
vn -1.000000 -0.000000 -0.000000
vn -1.000000 0.000000 0.000000
vn -1.000000 -0.000000 -0.000000
vn -0.978676 0.197264 0.057281
vn -0.918508 0.379894 0.109651
vn -0.827691 0.539558 0.154286
vn -0.714938 0.672841 0.190131
vn -0.587281 0.779661 0.217326
vn 0.000000 -0.304638 0.952468
vn 0.000000 -0.304638 0.952468
vn 0.000000 -0.110531 0.993873
vn 0.000000 -0.084407 0.996431
vn 0.000000 0.077224 0.997014
vn 0.000000 0.140080 0.990140
vn 0.000000 0.251456 0.967869
vn 0.000000 0.357502 0.933912
vn 0.000000 0.408900 0.912579
vn 0.000000 0.556894 0.830584
vn 0.000000 0.670637 0.741786
vn 0.000000 0.728200 0.685365
vn 0.000000 0.859611 0.510949
vn 0.000000 0.859611 0.510949
vn 0.000000 0.862779 0.505581
vn 0.000000 -0.110531 0.993873
vn 0.000000 0.077224 0.997014
vn 0.000000 0.251456 0.967869
vn 0.000000 0.408900 0.912579
vn 0.000000 0.670637 0.741786
vn -0.000000 0.967577 0.252577
vn -0.000000 0.969132 0.246541
vn -0.000000 0.969132 0.246541
vn -0.000000 0.999541 0.030289
vn -0.000000 0.998734 -0.050310
vn -0.000000 0.981095 -0.193528
vn -0.000000 0.934427 -0.356155
vn -0.000000 0.913168 -0.407584
vn -0.000000 0.862193 -0.506580
vn -0.000000 0.799186 -0.601084
vn -0.000000 0.759601 -0.650390
vn -0.000000 0.644898 -0.764268
vn -0.000000 0.624617 -0.780931
vn -0.000000 0.458086 -0.888908
vn -0.000000 0.458086 -0.888908
vn -0.000000 0.624617 -0.780931
vn -0.000000 0.759601 -0.650390
vn -0.000000 0.862193 -0.506580
vn -0.000000 0.934427 -0.356155
vn -0.000000 0.998734 -0.050310
vn 0.000000 0.905396 0.424568
vn 0.006322 0.862852 0.505417
vn 0.305000 0.825774 0.474418
vn 0.258819 0.892399 0.369644
vn 0.500000 0.800103 0.331414
vn 0.587281 0.779661 0.217326
vn 0.714938 0.672841 0.190131
vn 0.000000 0.940426 0.339997
vn 0.305000 0.919374 0.248446
vn 0.006322 0.967512 0.252745
vn 0.707107 0.653281 0.270598
vn 0.827691 0.539558 0.154286
vn 0.918508 0.379894 0.109651
vn 0.866025 0.461940 0.191342
vn 0.978676 0.197264 0.057281
vn 0.965926 0.239118 0.099046
vn 1.000000 -0.000000 -0.000000
vn 1.000000 -0.000000 -0.000000
vn 1.000000 -0.000000 -0.000000
vn 1.000000 0.000000 0.000000
vn 0.978676 0.179990 0.098982
vn 0.918508 0.346161 0.191090
vn 0.827691 0.490622 0.272429
vn 0.714938 0.610213 0.341328
vn 0.587281 0.704976 0.397631
vn 0.000000 0.458086 -0.888908
vn 0.000000 0.458086 -0.888908
vn 0.000000 0.458086 -0.888908
vn 0.000000 0.458086 -0.888908
vn 0.000000 0.458086 -0.888908
vn 0.000000 0.458086 -0.888908
vn 0.000000 0.458086 -0.888908
vn -1.000000 -0.000000 -0.000000
vn -1.000000 -0.000000 -0.000000
vn -1.000000 -0.000000 -0.000000
vn -0.000000 0.940426 -0.339997
vn -0.000000 0.963963 -0.266037
vn -0.000000 0.967577 -0.252577
vn -0.000000 0.995974 -0.089639
vn -0.000000 0.974928 -0.222521
vn -0.000000 0.998993 -0.044865
vn 0.000000 0.995974 0.089639
vn 0.000000 0.990950 0.134233
vn 0.000000 0.963963 0.266037
vn 0.000000 0.900969 0.433884
vn 0.000000 0.809017 0.587785
vn 0.000000 0.781831 0.623490
vn 0.000000 0.880596 0.473869
vn -0.000000 0.900969 -0.433884
vn -0.000000 0.905396 -0.424568
vn -0.000000 0.862779 -0.505581
vn -0.000000 0.862779 -0.505581
vn -0.000000 0.834573 -0.550897
vn -0.000000 0.809017 -0.587785
vn -0.000000 0.919528 -0.393025
vn -0.000000 0.905396 -0.424568
vn -0.000000 0.940426 -0.339997
vn -0.000000 0.967577 -0.252577
vn -0.000000 -0.252577 -0.967577
vn -0.000000 -0.134233 -0.990950
vn -0.000000 -0.252577 -0.967577
vn -0.000000 -0.089639 -0.995974
vn -0.000000 -0.266037 -0.963963
vn -0.000000 -0.309017 -0.951057
vn -0.000000 -0.339997 -0.940426
vn -0.000000 -0.424568 -0.905396
vn -0.000000 -0.473869 -0.880596
vn -0.000000 -0.505581 -0.862779
vn -0.000000 -0.623490 -0.781831
vn -0.000000 -0.587785 -0.809017
vn -0.000000 -0.722795 -0.691063
vn -0.000000 -0.505581 -0.862779
vn -0.000000 -0.433884 -0.900969
vn -0.000000 -0.424568 -0.905396
vn -0.000000 -0.339997 -0.940426
vn -0.000000 -0.940426 0.339997
vn -0.000000 -0.936235 0.351375
vn -0.000000 -0.967577 0.252577
vn -0.000000 -0.983930 0.178557
vn -0.000000 -0.967577 0.252577
vn -0.000000 -0.990950 0.134233
vn -0.000000 -0.951057 0.309017
vn -0.000000 -0.905396 0.424568
vn -0.000000 -0.858449 0.512899
vn -0.000000 -0.862779 0.505581
vn -0.000000 -0.862779 0.505581
vn -0.000000 -0.905396 0.424568
vn -0.000000 -0.880596 0.473869
vn -0.000000 -0.781831 0.623490
vn -0.000000 -0.753071 0.657939
vn -0.000000 -0.657939 0.753071
vn -0.000000 -0.623490 0.781831
vn -0.000000 -0.512899 0.858449
vn -0.000000 -0.505581 0.862779
vn -0.000000 -0.505581 0.862779
vn -0.000000 -0.424568 0.905396
vn -0.000000 -0.351375 0.936235
vn -0.000000 -0.339997 0.940426
vn -0.000000 -0.252577 0.967577
vn -0.000000 -0.178557 0.983930
vn -0.000000 -0.252577 0.967577
vn -0.000000 -0.134233 0.990950
vn -0.000000 -0.309017 0.951057
vn -0.000000 -0.940426 0.339997
vn 0.000000 0.252577 0.967577
vn 0.000000 0.222521 0.974928
vn 0.000000 0.252577 0.967577
vn 0.000000 0.178557 0.983930
vn 0.000000 0.351375 0.936235
vn 0.000000 0.339997 0.940426
vn 0.000000 0.393025 0.919528
vn 0.000000 0.424568 0.905396
vn 0.000000 0.505581 0.862779
vn 0.000000 0.505581 0.862779
vn 0.000000 0.512899 0.858449
vn 0.000000 0.550897 0.834573
vn 0.000000 0.424568 0.905396
vn 0.000000 0.339997 0.940426
vn -0.000000 -0.983930 -0.178557
vn -0.000000 -0.998993 -0.044865
vn -0.000000 -1.000000 -0.000000
vn -0.000000 -0.936235 -0.351375
vn -0.000000 -0.967577 -0.252577
vn -0.000000 -0.974928 -0.222521
vn -0.000000 -0.858449 -0.512899
vn -0.000000 -0.905396 -0.424568
vn -0.000000 -0.940426 -0.339997
vn -0.000000 -0.753071 -0.657939
vn -0.000000 -0.834573 -0.550897
vn -0.000000 -0.862779 -0.505581
vn -0.000000 -0.862779 -0.505581
vn -0.000000 0.044865 -0.998993
vn -0.000000 0.089639 -0.995974
vn -0.000000 0.222521 -0.974928
vn -0.000000 0.252577 -0.967577
vn -0.000000 0.252577 -0.967577
vn -0.000000 0.339997 -0.940426
vn -0.000000 0.393025 -0.919528
vn -0.000000 0.424568 -0.905396
vn -0.000000 0.505581 -0.862779
vn -0.000000 0.550897 -0.834573
vn -0.000000 0.505581 -0.862779
vn -0.000000 0.587785 -0.809017
vn -0.000000 0.433884 -0.900969
vn -0.000000 0.691063 -0.722795
vn -0.000000 0.722795 -0.691063
vn 0.000000 0.691063 0.722795
vn 0.000000 0.657939 0.753071
vn 0.000000 0.044865 0.998993
vn 0.000000 0.000000 1.000000
vn -0.000000 -0.473869 0.880596
vn -0.000000 -0.424568 0.905396
vn -0.000000 -0.339997 0.940426
vn 0.000000 0.951057 0.309017
vn -0.000000 0.266037 -0.963963
vn -0.000000 0.339997 -0.940426
vn -0.000000 0.424568 -0.905396
vn -0.000000 -0.919528 -0.393025
vn -0.000000 -0.905396 -0.424568
vn -0.000000 -0.940426 -0.339997
vn -0.000000 -0.967577 -0.252577
vn -0.006322 0.862852 -0.505417
vn -0.305000 0.825774 -0.474418
vn -0.258819 0.892399 -0.369644
vn -0.500000 0.800103 -0.331414
vn -0.587281 0.779661 -0.217326
vn -0.714938 0.672841 -0.190131
vn -0.305000 0.919374 -0.248446
vn -0.006322 0.967512 -0.252745
vn -0.707107 0.653281 -0.270598
vn -0.827691 0.539558 -0.154286
vn -0.918508 0.379894 -0.109651
vn -0.866025 0.461940 -0.191342
vn -0.978676 0.197264 -0.057281
vn -0.965926 0.239118 -0.099046
vn -1.000000 0.000000 -0.000000
vn -1.000000 0.000000 -0.000000
vn -1.000000 0.000000 -0.000000
vn -1.000000 0.000000 -0.000000
vn -0.978676 0.179990 -0.098982
vn -0.918508 0.346161 -0.191090
vn -0.827691 0.490622 -0.272429
vn -0.714938 0.610213 -0.341328
vn -0.587281 0.704976 -0.397631
vn 0.000000 0.969132 -0.246541
vn 0.000000 0.969132 -0.246541
vn 0.000000 0.999541 -0.030289
vn 0.000000 0.998734 0.050310
vn 0.000000 0.981095 0.193528
vn 0.000000 0.934427 0.356155
vn 0.000000 0.913168 0.407584
vn 0.000000 0.862193 0.506580
vn 0.000000 0.799186 0.601084
vn 0.000000 0.759601 0.650390
vn 0.000000 0.644898 0.764268
vn 0.000000 0.624617 0.780931
vn 0.000000 0.458086 0.888908
vn 0.000000 0.458086 0.888908
vn 0.000000 0.624617 0.780931
vn 0.000000 0.759601 0.650390
vn 0.000000 0.862193 0.506580
vn 0.000000 0.934427 0.356155
vn 0.000000 0.998734 0.050310
vn 1.000000 0.000000 -0.000000
vn 1.000000 0.000000 -0.000000
vn 0.978676 0.179990 -0.098982
vn 0.965926 0.239118 -0.099046
vn 0.866025 0.461940 -0.191342
vn 0.918508 0.379894 -0.109651
vn 0.827691 0.539558 -0.154286
vn 1.000000 0.000000 -0.000000
vn 0.978676 0.197264 -0.057281
vn 1.000000 0.000000 -0.000000
vn 0.707107 0.653281 -0.270598
vn 0.714938 0.672841 -0.190131
vn 0.587281 0.779661 -0.217326
vn 0.500000 0.800103 -0.331414
vn 0.305000 0.919374 -0.248446
vn 0.258819 0.892399 -0.369644
vn 0.006322 0.967512 -0.252745
vn 0.006322 0.862852 -0.505417
vn 0.305000 0.825774 -0.474418
vn 0.587281 0.704976 -0.397631
vn 0.714938 0.610213 -0.341328
vn 0.827691 0.490622 -0.272429
vn 0.918508 0.346161 -0.191090
vn -0.000000 0.859611 -0.510949
vn -0.000000 0.859611 -0.510949
vn -0.000000 0.728200 -0.685365
vn -0.000000 0.670637 -0.741786
vn -0.000000 0.556894 -0.830584
vn -0.000000 0.408900 -0.912579
vn -0.000000 0.357502 -0.933912
vn -0.000000 0.251456 -0.967869
vn -0.000000 0.140080 -0.990140
vn -0.000000 0.077224 -0.997014
vn -0.000000 -0.084407 -0.996431
vn -0.000000 -0.110531 -0.993873
vn -0.000000 -0.304638 -0.952468
vn -0.000000 -0.304638 -0.952468
vn -0.000000 -0.110531 -0.993873
vn -0.000000 0.077224 -0.997014
vn -0.000000 0.251456 -0.967869
vn -0.000000 0.408900 -0.912579
vn -0.000000 0.670637 -0.741786
vn 0.000000 -0.304638 -0.952468
vn 0.000000 -0.304638 -0.952468
vn 0.000000 -0.304638 -0.952468
vn 0.000000 -0.304638 -0.952468
vn 0.000000 -0.304638 -0.952468
vn 0.000000 -0.304638 -0.952468
vn 0.000000 -0.304638 -0.952468
vn -1.000000 -0.000000 -0.000000
vn -1.000000 -0.000000 -0.000000
vn -1.000000 -0.000000 -0.000000
vn 0.000000 0.510949 -0.859611
vn 0.000000 0.510949 -0.859611
vn 0.000000 0.685365 -0.728200
vn 0.000000 0.741786 -0.670637
vn 0.000000 0.830584 -0.556894
vn 0.000000 0.912579 -0.408900
vn 0.000000 0.933912 -0.357502
vn 0.000000 0.967869 -0.251456
vn 0.000000 0.990140 -0.140080
vn 0.000000 0.997014 -0.077224
vn 0.000000 0.996431 0.084407
vn 0.000000 0.993873 0.110531
vn 0.000000 0.952468 0.304638
vn 0.000000 0.952468 0.304638
vn 0.000000 0.993873 0.110531
vn 0.000000 0.997014 -0.077224
vn 0.000000 0.967869 -0.251456
vn 0.000000 0.912579 -0.408900
vn 0.000000 0.741786 -0.670637
vn -1.000000 0.000000 -0.000000
vn -1.000000 -0.000000 0.000000
vn -0.978676 0.098982 -0.179990
vn -0.965926 0.099046 -0.239118
vn -0.866025 0.191342 -0.461940
vn -0.918508 0.109651 -0.379894
vn -0.827691 0.154286 -0.539558
vn -1.000000 -0.000000 0.000000
vn -0.978676 0.057281 -0.197264
vn -1.000000 0.000000 -0.000000
vn -0.707107 0.270598 -0.653281
vn -0.714938 0.190131 -0.672841
vn -0.587281 0.217326 -0.779661
vn -0.500000 0.331414 -0.800103
vn -0.305000 0.248446 -0.919374
vn -0.258819 0.369644 -0.892399
vn -0.006322 0.252745 -0.967512
vn -0.006322 0.505417 -0.862852
vn -0.305000 0.474418 -0.825774
vn -0.587281 0.397631 -0.704976
vn -0.714938 0.341328 -0.610213
vn -0.827691 0.272429 -0.490622
vn -0.918508 0.191090 -0.346161
vn -0.000000 0.246541 -0.969132
vn -0.000000 0.246541 -0.969132
vn -0.000000 0.030289 -0.999541
vn -0.000000 -0.050310 -0.998734
vn -0.000000 -0.193528 -0.981095
vn -0.000000 -0.356155 -0.934427
vn -0.000000 -0.407584 -0.913168
vn -0.000000 -0.506580 -0.862193
vn -0.000000 -0.601084 -0.799186
vn -0.000000 -0.650390 -0.759601
vn -0.000000 -0.764268 -0.644898
vn -0.000000 -0.780931 -0.624617
vn -0.000000 -0.888908 -0.458086
vn -0.000000 -0.888908 -0.458086
vn -0.000000 -0.780931 -0.624617
vn -0.000000 -0.650390 -0.759601
vn -0.000000 -0.506580 -0.862193
vn -0.000000 -0.356155 -0.934427
vn -0.000000 -0.050310 -0.998734
vn 0.006322 0.505417 -0.862852
vn 0.305000 0.474418 -0.825774
vn 0.258819 0.369644 -0.892399
vn 0.500000 0.331414 -0.800103
vn 0.587281 0.217326 -0.779661
vn 0.714938 0.190131 -0.672841
vn 0.305000 0.248446 -0.919374
vn 0.006322 0.252745 -0.967512
vn 0.707107 0.270598 -0.653281
vn 0.827691 0.154286 -0.539558
vn 0.918508 0.109651 -0.379894
vn 0.866025 0.191342 -0.461940
vn 0.978676 0.057281 -0.197264
vn 0.965926 0.099046 -0.239118
vn 1.000000 -0.000000 0.000000
vn 1.000000 -0.000000 0.000000
vn 1.000000 0.000000 -0.000000
vn 1.000000 0.000000 -0.000000
vn 0.978676 0.098982 -0.179990
vn 0.918508 0.191090 -0.346161
vn 0.827691 0.272429 -0.490622
vn 0.714938 0.341328 -0.610213
vn 0.587281 0.397631 -0.704976
vn 1.000000 0.000000 0.000000
vn 1.000000 0.000000 0.000000
vn 1.000000 0.000000 0.000000
vn 0.000000 -0.888908 -0.458086
vn 0.000000 -0.888908 -0.458086
vn 0.000000 -0.888908 -0.458086
vn 0.000000 -0.888908 -0.458086
vn 0.000000 -0.888908 -0.458086
vn 0.000000 -0.888908 -0.458086
vn 0.000000 -0.888908 -0.458086
vn -0.000000 -0.246541 -0.969132
vn -0.000000 -0.246541 -0.969132
vn -0.000000 -0.030289 -0.999541
vn 0.000000 0.050310 -0.998734
vn 0.000000 0.193528 -0.981095
vn 0.000000 0.356155 -0.934427
vn 0.000000 0.407584 -0.913168
vn 0.000000 0.506580 -0.862193
vn 0.000000 0.601084 -0.799186
vn 0.000000 0.650390 -0.759601
vn 0.000000 0.764268 -0.644898
vn 0.000000 0.780931 -0.624617
vn 0.000000 0.888908 -0.458086
vn 0.000000 0.888908 -0.458086
vn 0.000000 0.780931 -0.624617
vn 0.000000 0.650390 -0.759601
vn 0.000000 0.506580 -0.862193
vn 0.000000 0.356155 -0.934427
vn 0.000000 0.050310 -0.998734
vn -1.000000 0.000000 0.000000
vn -1.000000 0.000000 0.000000
vn -0.978676 -0.057281 -0.197264
vn -0.965926 -0.099046 -0.239118
vn -0.866025 -0.191342 -0.461940
vn -0.918508 -0.191090 -0.346161
vn -0.827691 -0.272429 -0.490622
vn -1.000000 0.000000 0.000000
vn -0.978676 -0.098982 -0.179990
vn -1.000000 0.000000 0.000000
vn -0.707107 -0.270598 -0.653281
vn -0.714938 -0.341328 -0.610213
vn -0.587281 -0.397631 -0.704976
vn -0.500000 -0.331414 -0.800103
vn -0.305000 -0.474418 -0.825774
vn -0.258819 -0.369644 -0.892399
vn -0.006322 -0.505417 -0.862852
vn -0.006322 -0.252745 -0.967512
vn -0.305000 -0.248446 -0.919374
vn -0.587281 -0.217326 -0.779661
vn -0.714938 -0.190131 -0.672841
vn -0.827691 -0.154286 -0.539558
vn -0.918508 -0.109651 -0.379894
vn -0.000000 -0.510949 -0.859611
vn -0.000000 -0.510949 -0.859611
vn -0.000000 -0.685365 -0.728200
vn -0.000000 -0.741786 -0.670637
vn -0.000000 -0.830584 -0.556894
vn -0.000000 -0.912579 -0.408900
vn -0.000000 -0.933912 -0.357502
vn -0.000000 -0.967869 -0.251456
vn -0.000000 -0.990140 -0.140080
vn -0.000000 -0.997014 -0.077224
vn -0.000000 -0.996431 0.084407
vn -0.000000 -0.993873 0.110531
vn -0.000000 -0.952468 0.304638
vn -0.000000 -0.952468 0.304638
vn -0.000000 -0.993873 0.110531
vn -0.000000 -0.997014 -0.077224
vn -0.000000 -0.967869 -0.251456
vn -0.000000 -0.912579 -0.408900
vn -0.000000 -0.741786 -0.670637
vn 0.006322 -0.252745 -0.967512
vn 0.305000 -0.248446 -0.919374
vn 0.258819 -0.369644 -0.892399
vn 0.500000 -0.331414 -0.800103
vn 0.587281 -0.397631 -0.704976
vn 0.714938 -0.341328 -0.610213
vn 0.305000 -0.474418 -0.825774
vn 0.006322 -0.505417 -0.862852
vn 0.707107 -0.270598 -0.653281
vn 0.827691 -0.272429 -0.490622
vn 0.918508 -0.191090 -0.346161
vn 0.866025 -0.191342 -0.461940
vn 0.978676 -0.098982 -0.179990
vn 0.965926 -0.099046 -0.239118
vn 1.000000 0.000000 0.000000
vn 1.000000 0.000000 0.000000
vn 1.000000 0.000000 0.000000
vn 1.000000 0.000000 0.000000
vn 0.978676 -0.057281 -0.197264
vn 0.918508 -0.109651 -0.379894
vn 0.827691 -0.154286 -0.539558
vn 0.714938 -0.190131 -0.672841
vn 0.587281 -0.217326 -0.779661
vn 1.000000 0.000000 0.000000
vn 1.000000 0.000000 0.000000
vn 1.000000 0.000000 0.000000
vn 0.000000 -0.952468 0.304638
vn 0.000000 -0.952468 0.304638
vn 0.000000 -0.952468 0.304638
vn 0.000000 -0.952468 0.304638
vn 0.000000 -0.952468 0.304638
vn 0.000000 -0.952468 0.304638
vn 0.000000 -0.952468 0.304638
vn -0.000000 -0.859611 -0.510949
vn -0.000000 -0.859611 -0.510949
vn -0.000000 -0.728200 -0.685365
vn -0.000000 -0.670637 -0.741786
vn -0.000000 -0.556894 -0.830584
vn -0.000000 -0.408900 -0.912579
vn -0.000000 -0.357502 -0.933912
vn -0.000000 -0.251456 -0.967869
vn -0.000000 -0.140080 -0.990140
vn -0.000000 -0.077224 -0.997014
vn 0.000000 0.084407 -0.996431
vn 0.000000 0.110531 -0.993873
vn 0.000000 0.304638 -0.952468
vn 0.000000 0.304638 -0.952468
vn 0.000000 0.110531 -0.993873
vn -0.000000 -0.077224 -0.997014
vn -0.000000 -0.251456 -0.967869
vn -0.000000 -0.408900 -0.912579
vn -0.000000 -0.670637 -0.741786
vn -1.000000 0.000000 0.000000
vn -1.000000 -0.000000 -0.000000
vn -0.978676 -0.179990 -0.098982
vn -0.965926 -0.239118 -0.099046
vn -0.866025 -0.461940 -0.191342
vn -0.918508 -0.379894 -0.109651
vn -0.827691 -0.539558 -0.154286
vn -1.000000 0.000000 0.000000
vn -0.978676 -0.197264 -0.057281
vn -1.000000 -0.000000 -0.000000
vn -0.707107 -0.653281 -0.270598
vn -0.714938 -0.672841 -0.190131
vn -0.587281 -0.779661 -0.217326
vn -0.500000 -0.800103 -0.331414
vn -0.305000 -0.919374 -0.248446
vn -0.258819 -0.892399 -0.369644
vn -0.006322 -0.967512 -0.252745
vn -0.006322 -0.862852 -0.505417
vn -0.305000 -0.825774 -0.474418
vn -0.587281 -0.704976 -0.397631
vn -0.714938 -0.610213 -0.341328
vn -0.827691 -0.490622 -0.272429
vn -0.918508 -0.346161 -0.191090
vn -0.000000 -0.969132 -0.246541
vn -0.000000 -0.969132 -0.246541
vn -0.000000 -0.999541 -0.030289
vn -0.000000 -0.998734 0.050310
vn -0.000000 -0.981095 0.193528
vn -0.000000 -0.934427 0.356155
vn -0.000000 -0.913168 0.407584
vn -0.000000 -0.862193 0.506580
vn -0.000000 -0.799186 0.601084
vn -0.000000 -0.759601 0.650390
vn -0.000000 -0.644898 0.764268
vn -0.000000 -0.624617 0.780931
vn -0.000000 -0.458086 0.888908
vn -0.000000 -0.458086 0.888908
vn -0.000000 -0.624617 0.780931
vn -0.000000 -0.759601 0.650390
vn -0.000000 -0.862193 0.506580
vn -0.000000 -0.934427 0.356155
vn -0.000000 -0.998734 0.050310
vn 0.006322 -0.862852 -0.505417
vn 0.305000 -0.825774 -0.474418
vn 0.258819 -0.892399 -0.369644
vn 0.500000 -0.800103 -0.331414
vn 0.587281 -0.779661 -0.217326
vn 0.714938 -0.672841 -0.190131
vn 0.305000 -0.919374 -0.248446
vn 0.006322 -0.967512 -0.252745
vn 0.707107 -0.653281 -0.270598
vn 0.827691 -0.539558 -0.154286
vn 0.918508 -0.379894 -0.109651
vn 0.866025 -0.461940 -0.191342
vn 0.978676 -0.197264 -0.057281
vn 0.965926 -0.239118 -0.099046
vn 1.000000 0.000000 0.000000
vn 1.000000 -0.000000 -0.000000
vn 1.000000 -0.000000 -0.000000
vn 1.000000 0.000000 0.000000
vn 0.978676 -0.179990 -0.098982
vn 0.918508 -0.346161 -0.191090
vn 0.827691 -0.490622 -0.272429
vn 0.714938 -0.610213 -0.341328
vn 0.587281 -0.704976 -0.397631
vn 1.000000 0.000000 0.000000
vn 1.000000 0.000000 0.000000
vn 1.000000 0.000000 0.000000
vn 0.000000 -0.458086 0.888908
vn 0.000000 -0.458086 0.888908
vn 0.000000 -0.458086 0.888908
vn 0.000000 -0.458086 0.888908
vn 0.000000 -0.458086 0.888908
vn 0.000000 -0.458086 0.888908
vn 0.000000 -0.458086 0.888908
vn -0.006322 -0.862852 0.505417
vn -0.305000 -0.825774 0.474418
vn -0.258819 -0.892399 0.369644
vn -0.500000 -0.800103 0.331414
vn -0.587281 -0.779661 0.217326
vn -0.714938 -0.672841 0.190131
vn -0.305000 -0.919374 0.248446
vn -0.006322 -0.967512 0.252745
vn -0.707107 -0.653281 0.270598
vn -0.827691 -0.539558 0.154286
vn -0.918508 -0.379894 0.109651
vn -0.866025 -0.461940 0.191342
vn -0.978676 -0.197264 0.057281
vn -0.965926 -0.239118 0.099046
vn -1.000000 0.000000 -0.000000
vn -1.000000 0.000000 -0.000000
vn -1.000000 0.000000 -0.000000
vn -1.000000 0.000000 -0.000000
vn -0.978676 -0.179990 0.098982
vn -0.918508 -0.346161 0.191090
vn -0.827691 -0.490622 0.272429
vn -0.714938 -0.610213 0.341328
vn -0.587281 -0.704976 0.397631
vn 0.000000 -0.969132 0.246541
vn 0.000000 -0.969132 0.246541
vn 0.000000 -0.999541 0.030289
vn -0.000000 -0.998734 -0.050310
vn -0.000000 -0.981095 -0.193528
vn -0.000000 -0.934427 -0.356155
vn -0.000000 -0.913168 -0.407584
vn -0.000000 -0.862193 -0.506580
vn -0.000000 -0.799186 -0.601084
vn -0.000000 -0.759601 -0.650390
vn -0.000000 -0.644898 -0.764268
vn -0.000000 -0.624617 -0.780931
vn -0.000000 -0.458086 -0.888908
vn -0.000000 -0.458086 -0.888908
vn -0.000000 -0.624617 -0.780931
vn -0.000000 -0.759601 -0.650390
vn -0.000000 -0.862193 -0.506580
vn -0.000000 -0.934427 -0.356155
vn -0.000000 -0.998734 -0.050310
vn -0.000000 0.304638 0.952468
vn -0.000000 0.304638 0.952468
vn -0.000000 0.110531 0.993873
vn -0.000000 0.084407 0.996431
vn -0.000000 -0.077224 0.997014
vn -0.000000 -0.140080 0.990140
vn -0.000000 -0.251456 0.967869
vn -0.000000 -0.357502 0.933912
vn -0.000000 -0.408900 0.912579
vn -0.000000 -0.556894 0.830584
vn -0.000000 -0.670637 0.741786
vn -0.000000 -0.728200 0.685365
vn -0.000000 -0.859611 0.510949
vn -0.000000 -0.859611 0.510949
vn -0.000000 0.110531 0.993873
vn -0.000000 -0.077224 0.997014
vn -0.000000 -0.251456 0.967869
vn -0.000000 -0.408900 0.912579
vn -0.000000 -0.670637 0.741786
vn 0.006322 -0.967512 0.252745
vn 0.305000 -0.919374 0.248446
vn 0.258819 -0.892399 0.369644
vn 0.500000 -0.800103 0.331414
vn 0.587281 -0.704976 0.397631
vn 0.714938 -0.610213 0.341328
vn 0.305000 -0.825774 0.474418
vn 0.006322 -0.862852 0.505417
vn 0.707107 -0.653281 0.270598
vn 0.827691 -0.490622 0.272429
vn 0.918508 -0.346161 0.191090
vn 0.866025 -0.461940 0.191342
vn 0.978676 -0.179990 0.098982
vn 0.965926 -0.239118 0.099046
vn 1.000000 0.000000 -0.000000
vn 1.000000 0.000000 -0.000000
vn 1.000000 0.000000 -0.000000
vn 1.000000 0.000000 -0.000000
vn 0.978676 -0.197264 0.057281
vn 0.918508 -0.379894 0.109651
vn 0.827691 -0.539558 0.154286
vn 0.714938 -0.672841 0.190131
vn 0.587281 -0.779661 0.217326
vn 0.000000 0.304638 0.952468
vn 0.000000 0.304638 0.952468
vn 0.000000 0.304638 0.952468
vn 0.000000 0.304638 0.952468
vn 0.000000 0.304638 0.952468
vn 0.000000 0.304638 0.952468
vn 0.000000 0.304638 0.952468
vn -1.000000 -0.000000 -0.000000
vn -1.000000 -0.000000 -0.000000
vn -1.000000 -0.000000 -0.000000
vn 0.000000 -0.510949 0.859611
vn 0.000000 -0.510949 0.859611
vn 0.000000 -0.685365 0.728200
vn 0.000000 -0.741786 0.670637
vn 0.000000 -0.830584 0.556894
vn 0.000000 -0.912579 0.408900
vn 0.000000 -0.933912 0.357502
vn 0.000000 -0.967869 0.251456
vn 0.000000 -0.990140 0.140080
vn 0.000000 -0.997014 0.077224
vn -0.000000 -0.996431 -0.084407
vn -0.000000 -0.993873 -0.110531
vn -0.000000 -0.952468 -0.304638
vn -0.000000 -0.952468 -0.304638
vn -0.000000 -0.993873 -0.110531
vn 0.000000 -0.997014 0.077224
vn 0.000000 -0.967869 0.251456
vn 0.000000 -0.912579 0.408900
vn 0.000000 -0.741786 0.670637
vn -1.000000 0.000000 -0.000000
vn -1.000000 0.000000 -0.000000
vn -0.978676 -0.098982 0.179990
vn -0.965926 -0.099046 0.239118
vn -0.866025 -0.191342 0.461940
vn -0.918508 -0.109651 0.379894
vn -0.827691 -0.154286 0.539558
vn -1.000000 0.000000 -0.000000
vn -0.978676 -0.057281 0.197264
vn -1.000000 -0.000000 0.000000
vn -0.707107 -0.270598 0.653281
vn -0.714938 -0.190131 0.672841
vn -0.587281 -0.217326 0.779661
vn -0.500000 -0.331414 0.800103
vn -0.305000 -0.248446 0.919374
vn -0.258819 -0.369644 0.892399
vn -0.006322 -0.252745 0.967512
vn -0.006322 -0.505417 0.862852
vn -0.305000 -0.474418 0.825774
vn -0.587281 -0.397631 0.704976
vn -0.714938 -0.341328 0.610213
vn -0.827691 -0.272429 0.490622
vn -0.918508 -0.191090 0.346161
vn -0.000000 -0.246541 0.969132
vn -0.000000 -0.246541 0.969132
vn -0.000000 -0.030289 0.999541
vn -0.000000 0.050310 0.998734
vn -0.000000 0.193528 0.981095
vn -0.000000 0.356155 0.934427
vn -0.000000 0.407584 0.913168
vn -0.000000 0.506580 0.862193
vn -0.000000 0.601084 0.799186
vn -0.000000 0.650390 0.759601
vn -0.000000 0.764268 0.644898
vn -0.000000 0.780931 0.624617
vn -0.000000 0.888908 0.458086
vn -0.000000 0.888908 0.458086
vn -0.000000 0.780931 0.624617
vn -0.000000 0.650390 0.759601
vn -0.000000 0.506580 0.862193
vn -0.000000 0.356155 0.934427
vn -0.000000 0.050310 0.998734
vn 0.006322 -0.505417 0.862852
vn 0.305000 -0.474418 0.825774
vn 0.258819 -0.369644 0.892399
vn 0.500000 -0.331414 0.800103
vn 0.587281 -0.217326 0.779661
vn 0.714938 -0.190131 0.672841
vn 0.305000 -0.248446 0.919374
vn 0.006322 -0.252745 0.967512
vn 0.707107 -0.270598 0.653281
vn 0.827691 -0.154286 0.539558
vn 0.918508 -0.109651 0.379894
vn 0.866025 -0.191342 0.461940
vn 0.978676 -0.057281 0.197264
vn 0.965926 -0.099046 0.239118
vn 1.000000 0.000000 -0.000000
vn 1.000000 0.000000 -0.000000
vn 1.000000 -0.000000 0.000000
vn 1.000000 0.000000 -0.000000
vn 0.978676 -0.098982 0.179990
vn 0.918508 -0.191090 0.346161
vn 0.827691 -0.272429 0.490622
vn 0.714938 -0.341328 0.610213
vn 0.587281 -0.397631 0.704976
vn 1.000000 0.000000 0.000000
vn 1.000000 0.000000 0.000000
vn 1.000000 0.000000 0.000000
vn 0.000000 0.888908 0.458086
vn 0.000000 0.888908 0.458086
vn 0.000000 0.888908 0.458086
vn 0.000000 0.888908 0.458086
vn 0.000000 0.888908 0.458086
vn 0.000000 0.888908 0.458086
vn 0.000000 0.888908 0.458086
vn 0.000000 0.246541 0.969132
vn 0.000000 0.246541 0.969132
vn 0.000000 0.030289 0.999541
vn 0.000000 -0.050310 0.998734
vn 0.000000 -0.193528 0.981095
vn 0.000000 -0.356155 0.934427
vn 0.000000 -0.407584 0.913168
vn 0.000000 -0.506580 0.862193
vn 0.000000 -0.601084 0.799186
vn 0.000000 -0.650390 0.759601
vn 0.000000 -0.764268 0.644898
vn 0.000000 -0.780931 0.624617
vn 0.000000 -0.888908 0.458086
vn 0.000000 -0.888908 0.458086
vn 0.000000 -0.780931 0.624617
vn 0.000000 -0.650390 0.759601
vn 0.000000 -0.506580 0.862193
vn 0.000000 -0.356155 0.934427
vn 0.000000 -0.050310 0.998734
vn -1.000000 -0.000000 -0.000000
vn -1.000000 0.000000 0.000000
vn -0.978676 0.057281 0.197264
vn -0.965926 0.099046 0.239118
vn -0.866025 0.191342 0.461940
vn -0.918508 0.191090 0.346161
vn -0.827691 0.272429 0.490622
vn -1.000000 -0.000000 -0.000000
vn -0.978676 0.098982 0.179990
vn -1.000000 0.000000 0.000000
vn -0.707107 0.270598 0.653281
vn -0.714938 0.341328 0.610213
vn -0.587281 0.397631 0.704976
vn -0.500000 0.331414 0.800103
vn -0.305000 0.474418 0.825774
vn -0.258819 0.369644 0.892399
vn -0.006322 0.505417 0.862852
vn -0.006322 0.252745 0.967512
vn -0.305000 0.248446 0.919374
vn -0.587281 0.217326 0.779661
vn -0.714938 0.190131 0.672841
vn -0.827691 0.154286 0.539558
vn -0.918508 0.109651 0.379894
vn -0.000000 0.510949 0.859611
vn -0.000000 0.510949 0.859611
vn -0.000000 0.685365 0.728200
vn -0.000000 0.741786 0.670637
vn -0.000000 0.830584 0.556894
vn -0.000000 0.912579 0.408900
vn -0.000000 0.933912 0.357502
vn -0.000000 0.967869 0.251456
vn -0.000000 0.990140 0.140080
vn -0.000000 0.997014 0.077224
vn -0.000000 0.996431 -0.084407
vn -0.000000 0.993873 -0.110531
vn -0.000000 0.952468 -0.304638
vn -0.000000 0.952468 -0.304638
vn -0.000000 0.993873 -0.110531
vn -0.000000 0.997014 0.077224
vn -0.000000 0.967869 0.251456
vn -0.000000 0.912579 0.408900
vn -0.000000 0.741786 0.670637
vn 0.006322 0.252745 0.967512
vn 0.305000 0.248446 0.919374
vn 0.258819 0.369644 0.892399
vn 0.500000 0.331414 0.800103
vn 0.587281 0.397631 0.704976
vn 0.714938 0.341328 0.610213
vn 0.305000 0.474418 0.825774
vn 0.006322 0.505417 0.862852
vn 0.707107 0.270598 0.653281
vn 0.827691 0.272429 0.490622
vn 0.918508 0.191090 0.346161
vn 0.866025 0.191342 0.461940
vn 0.978676 0.098982 0.179990
vn 0.965926 0.099046 0.239118
vn 1.000000 -0.000000 -0.000000
vn 1.000000 0.000000 0.000000
vn 1.000000 0.000000 0.000000
vn 1.000000 -0.000000 -0.000000
vn 0.978676 0.057281 0.197264
vn 0.918508 0.109651 0.379894
vn 0.827691 0.154286 0.539558
vn 0.714938 0.190131 0.672841
vn 0.587281 0.217326 0.779661
vn 1.000000 0.000000 0.000000
vn 1.000000 0.000000 0.000000
vn 1.000000 0.000000 0.000000
vn 0.000000 0.952468 -0.304638
vn 0.000000 0.952468 -0.304638
vn 0.000000 0.952468 -0.304638
vn 0.000000 0.952468 -0.304638
vn 0.000000 0.952468 -0.304638
vn 0.000000 0.952468 -0.304638
vn 0.000000 0.952468 -0.304638
vn -0.000000 0.923880 -0.382683
vn 0.007354 0.923855 -0.382673
vn -0.000000 0.923880 -0.382683
vn 0.206968 0.903875 -0.374397
vn 0.007354 0.923855 -0.382673
vn 0.209937 0.903291 -0.374155
vn 0.394954 0.848769 -0.351572
vn 0.386724 0.851997 -0.352909
vn 0.548980 0.772211 -0.319860
vn 0.666611 0.688665 -0.285255
vn 0.666611 0.688665 -0.285255
vn 0.815948 0.534118 -0.221239
vn 0.768108 0.591579 -0.245040
vn 0.844718 0.494472 -0.204817
vn 0.209937 0.903291 -0.374155
vn 0.386724 0.851997 -0.352909
vn 0.548980 0.772211 -0.319860
vn 0.632440 0.715646 -0.296430
vn 0.925563 0.349774 -0.144881
vn 0.895154 0.411826 -0.170584
vn 0.895154 0.411826 -0.170584
vn 0.815948 0.534118 -0.221239
vn 0.632440 0.715646 -0.296430
vn 0.963352 0.247822 -0.102651
vn 0.961913 0.252549 -0.104609
vn 0.961913 0.252549 -0.104609
vn 0.993085 0.108458 -0.044925
vn 0.987350 0.146485 -0.060676
vn 0.987350 0.146485 -0.060676
vn 0.987350 0.146485 -0.060676
vn 0.987350 0.146485 -0.060676
vn 1.000000 0.000000 -0.000000
vn 0.987350 0.146485 -0.060676
vn 0.987350 0.146485 -0.060676
vn 0.961913 0.252549 -0.104609
vn 0.961913 0.252549 -0.104609
vn 0.895154 0.411826 -0.170584
vn 0.925563 0.349774 -0.144881
vn 0.844718 0.494472 -0.204817
vn 0.999999 0.000939 -0.000389
vn 1.000000 0.000000 -0.000000
vn 1.000000 0.000000 -0.000000
vn 0.999999 0.000939 -0.000389
vn 0.993085 0.108458 -0.044925
vn 0.987350 0.146485 -0.060676
vn 0.963352 0.247822 -0.102651
vn 0.895154 0.411826 -0.170584
vn 0.768108 0.591579 -0.245040
vn 0.961913 0.252549 -0.104609
vn 0.000000 0.926555 -0.376159
vn 0.000000 0.926555 -0.376159
vn 0.000000 0.981632 -0.190783
vn 0.000000 0.981632 -0.190783
vn 0.000000 0.999830 -0.018427
vn 0.000000 0.999993 -0.003771
vn 0.000000 0.987156 0.159760
vn 0.000000 0.999830 -0.018427
vn 0.000000 0.969115 0.246609
vn 0.000000 0.955556 0.294809
vn 0.000000 0.909637 0.415404
vn 0.000000 0.872660 0.488329
vn 0.000000 0.851584 0.524218
vn 0.000000 0.792008 0.610511
vn 0.000000 0.750885 0.660433
vn 0.000000 0.674764 0.738033
vn 0.000000 0.671319 0.741169
vn 0.000000 0.587644 0.809120
vn 0.000000 0.553342 0.832954
vn 0.000000 0.458086 0.888908
vn 0.000000 0.458086 0.888908
vn 0.000000 0.458086 0.888908
vn 0.000000 0.553342 0.832954
vn 0.000000 0.587644 0.809120
vn 0.000000 0.674764 0.738033
vn 0.000000 0.750885 0.660433
vn 0.000000 0.792008 0.610511
vn 0.000000 0.851584 0.524218
vn 0.000000 0.587644 0.809120
vn 0.000000 0.671319 0.741169
vn 0.000000 0.872660 0.488329
vn 0.000000 0.909637 0.415404
vn 0.000000 0.969115 0.246609
vn 0.000000 0.921158 -0.389189
vn 0.000000 0.921158 -0.389189
vn 0.000000 0.829023 -0.559215
vn 0.000000 0.829023 -0.559215
vn 0.000000 0.720017 -0.693957
vn 0.000000 0.714675 -0.699457
vn 0.000000 0.592341 -0.805687
vn 0.000000 0.720017 -0.693957
vn 0.000000 0.510889 -0.859647
vn 0.000000 0.476091 -0.879396
vn 0.000000 0.281766 -0.959483
vn 0.000000 0.349476 -0.936945
vn 0.000000 0.281766 -0.959483
vn 0.000000 0.231482 -0.972839
vn 0.000000 0.138094 -0.990419
vn 0.000000 0.063959 -0.997953
vn -0.000000 -0.040308 -0.999187
vn -0.000000 -0.040308 -0.999187
vn -0.000000 -0.154569 -0.987982
vn -0.000000 -0.049391 -0.998780
vn -0.000000 -0.154569 -0.987982
vn -0.000000 -0.154569 -0.987982
vn -0.000000 -0.197716 -0.980259
vn 0.000000 0.510889 -0.859647
vn -0.000000 -0.197716 -0.980259
vn -0.000000 -0.154569 -0.987982
vn -0.000000 -0.154569 -0.987982
vn -0.000000 -0.040308 -0.999187
vn -0.000000 -0.040308 -0.999187
vn 0.000000 0.063959 -0.997953
vn 0.000000 0.138094 -0.990419
vn 0.000000 0.231482 -0.972839
vn 0.000000 0.349476 -0.936945
vn -0.000000 -0.049391 -0.998780
vn -0.000000 -0.154569 -0.987982
vn -0.999999 0.000939 -0.000389
vn -0.993085 0.108458 -0.044925
vn -0.988129 0.141930 -0.058789
vn -0.963352 0.247822 -0.102651
vn -0.964783 0.243024 -0.100664
vn -0.925563 0.349774 -0.144881
vn -0.905580 0.391888 -0.162325
vn -0.844718 0.494472 -0.204817
vn -0.905580 0.391888 -0.162325
vn -0.830593 0.514491 -0.213109
vn -0.830593 0.514491 -0.213109
vn -0.685390 0.672747 -0.278661
vn -0.685390 0.672747 -0.278661
vn -0.568069 0.760335 -0.314941
vn -0.632440 0.715646 -0.296430
vn -0.386724 0.851997 -0.352909
vn -0.999999 0.000939 -0.000389
vn -0.993085 0.108458 -0.044925
vn -0.988129 0.141930 -0.058789
vn -0.988129 0.141930 -0.058789
vn -0.963352 0.247822 -0.102651
vn -0.964783 0.243024 -0.100664
vn -0.925563 0.349774 -0.144881
vn -0.964783 0.243024 -0.100664
vn -0.905580 0.391888 -0.162325
vn -0.905580 0.391888 -0.162325
vn -0.830593 0.514491 -0.213109
vn -0.905580 0.391888 -0.162325
vn -0.905580 0.391888 -0.162325
vn -0.844718 0.494472 -0.204817
vn -0.830593 0.514491 -0.213109
vn -0.768108 0.591579 -0.245040
vn -0.209937 0.903291 -0.374155
vn -0.411321 0.842108 -0.348812
vn -0.568069 0.760335 -0.314941
vn -0.216583 0.901950 -0.373600
vn -0.007354 0.923855 -0.382673
vn -0.007354 0.923855 -0.382673
vn -0.209937 0.903291 -0.374155
vn -0.386724 0.851997 -0.352909
vn -0.568069 0.760335 -0.314941
vn -0.632440 0.715646 -0.296430
vn -0.685390 0.672747 -0.278661
vn -0.768108 0.591579 -0.245040
vn -0.988129 0.141930 -0.058789
vn -0.988129 0.141930 -0.058789
vn -0.964783 0.243024 -0.100664
vn -0.988129 0.141930 -0.058789
vn -0.964783 0.243024 -0.100664
vn -0.988129 0.141930 -0.058789
vn -0.964783 0.243024 -0.100664
vn 0.000000 0.458086 0.888908
vn 0.000000 0.458086 0.888908
vn 0.000000 0.458086 0.888908
vn 0.000000 0.458086 0.888908
vn -0.000000 0.382683 -0.923880
vn 0.007354 0.382673 -0.923855
vn -0.000000 0.382683 -0.923880
vn 0.206968 0.374397 -0.903875
vn 0.007354 0.382673 -0.923855
vn 0.209937 0.374155 -0.903291
vn 0.394954 0.351572 -0.848769
vn 0.386724 0.352909 -0.851997
vn 0.548980 0.319860 -0.772211
vn 0.666611 0.285255 -0.688665
vn 0.666611 0.285255 -0.688665
vn 0.815948 0.221239 -0.534118
vn 0.768108 0.245040 -0.591579
vn 0.844718 0.204817 -0.494472
vn 0.209937 0.374155 -0.903291
vn 0.386724 0.352909 -0.851997
vn 0.548980 0.319860 -0.772211
vn 0.632440 0.296430 -0.715646
vn 0.925563 0.144881 -0.349774
vn 0.895154 0.170584 -0.411826
vn 0.895154 0.170584 -0.411826
vn 0.815948 0.221239 -0.534118
vn 0.632440 0.296430 -0.715646
vn 0.963352 0.102651 -0.247822
vn 0.961913 0.104609 -0.252549
vn 0.961913 0.104609 -0.252549
vn 0.993085 0.044925 -0.108458
vn 0.987350 0.060676 -0.146485
vn 0.987350 0.060676 -0.146485
vn 0.987350 0.060676 -0.146485
vn 0.987350 0.060676 -0.146485
vn 0.987350 0.060676 -0.146485
vn 0.987350 0.060676 -0.146485
vn 0.961913 0.104609 -0.252549
vn 0.961913 0.104609 -0.252549
vn 0.895154 0.170584 -0.411826
vn 0.925563 0.144881 -0.349774
vn 0.844718 0.204817 -0.494472
vn 0.999999 0.000389 -0.000939
vn 0.999999 0.000389 -0.000939
vn 0.993085 0.044925 -0.108458
vn 0.987350 0.060676 -0.146485
vn 0.963352 0.102651 -0.247822
vn 0.895154 0.170584 -0.411826
vn 0.768108 0.245040 -0.591579
vn 0.961913 0.104609 -0.252549
vn 0.000000 0.389189 -0.921158
vn 0.000000 0.389189 -0.921158
vn 0.000000 0.559215 -0.829023
vn 0.000000 0.559215 -0.829023
vn 0.000000 0.693957 -0.720017
vn 0.000000 0.704435 -0.709768
vn 0.000000 0.810992 -0.585057
vn 0.000000 0.693957 -0.720017
vn 0.000000 0.859647 -0.510889
vn 0.000000 0.884142 -0.467219
vn 0.000000 0.936945 -0.349476
vn 0.000000 0.962364 -0.271763
vn 0.000000 0.972839 -0.231482
vn 0.000000 0.991731 -0.128338
vn 0.000000 0.997953 -0.063959
vn 0.000000 0.998999 0.044738
vn 0.000000 0.998780 0.049391
vn 0.000000 0.987661 0.156607
vn 0.000000 0.980259 0.197716
vn 0.000000 0.952468 0.304638
vn 0.000000 0.952468 0.304638
vn 0.000000 0.952468 0.304638
vn 0.000000 0.980259 0.197716
vn 0.000000 0.987661 0.156607
vn 0.000000 0.998999 0.044738
vn 0.000000 0.997953 -0.063959
vn 0.000000 0.991731 -0.128338
vn 0.000000 0.972839 -0.231482
vn 0.000000 0.987661 0.156607
vn 0.000000 0.998780 0.049391
vn 0.000000 0.962364 -0.271763
vn 0.000000 0.936945 -0.349476
vn 0.000000 0.859647 -0.510889
vn 0.000000 0.376159 -0.926555
vn 0.000000 0.376159 -0.926555
vn 0.000000 0.190783 -0.981632
vn 0.000000 0.190783 -0.981632
vn 0.000000 0.018427 -0.999830
vn 0.000000 0.010761 -0.999942
vn -0.000000 -0.150859 -0.988555
vn 0.000000 0.018427 -0.999830
vn -0.000000 -0.246609 -0.969115
vn -0.000000 -0.285180 -0.958474
vn -0.000000 -0.479218 -0.877696
vn -0.000000 -0.415404 -0.909637
vn -0.000000 -0.479218 -0.877696
vn -0.000000 -0.524218 -0.851584
vn -0.000000 -0.602685 -0.797979
vn -0.000000 -0.660433 -0.750885
vn -0.000000 -0.735034 -0.678030
vn -0.000000 -0.735034 -0.678030
vn -0.000000 -0.807906 -0.589312
vn -0.000000 -0.741169 -0.671319
vn -0.000000 -0.807906 -0.589312
vn -0.000000 -0.807906 -0.589312
vn -0.000000 -0.832954 -0.553342
vn -0.000000 -0.246609 -0.969115
vn -0.000000 -0.832954 -0.553342
vn -0.000000 -0.807906 -0.589312
vn -0.000000 -0.807906 -0.589312
vn -0.000000 -0.735034 -0.678030
vn -0.000000 -0.735034 -0.678030
vn -0.000000 -0.660433 -0.750885
vn -0.000000 -0.602685 -0.797979
vn -0.000000 -0.524218 -0.851584
vn -0.000000 -0.415404 -0.909637
vn -0.000000 -0.741169 -0.671319
vn -0.000000 -0.807906 -0.589312
vn -1.000000 0.000000 -0.000000
vn -1.000000 0.000000 -0.000000
vn -0.999999 0.000389 -0.000939
vn -0.993085 0.044925 -0.108458
vn -0.988129 0.058789 -0.141930
vn -0.963352 0.102651 -0.247822
vn -0.964783 0.100664 -0.243024
vn -0.925563 0.144881 -0.349774
vn -0.905580 0.162325 -0.391888
vn -0.844718 0.204817 -0.494472
vn -0.905580 0.162325 -0.391888
vn -0.830593 0.213109 -0.514491
vn -0.830593 0.213109 -0.514491
vn -0.685390 0.278661 -0.672747
vn -0.685390 0.278661 -0.672747
vn -0.568069 0.314941 -0.760335
vn -0.632440 0.296430 -0.715646
vn -0.386724 0.352909 -0.851997
vn -1.000000 0.000000 -0.000000
vn -0.999999 0.000389 -0.000939
vn -0.993085 0.044925 -0.108458
vn -0.988129 0.058789 -0.141930
vn -0.988129 0.058789 -0.141930
vn -0.963352 0.102651 -0.247822
vn -0.964783 0.100664 -0.243024
vn -0.925563 0.144881 -0.349774
vn -0.964783 0.100664 -0.243024
vn -0.905580 0.162325 -0.391888
vn -0.905580 0.162325 -0.391888
vn -0.830593 0.213109 -0.514491
vn -0.905580 0.162325 -0.391888
vn -0.905580 0.162325 -0.391888
vn -0.844718 0.204817 -0.494472
vn -0.830593 0.213109 -0.514491
vn -0.768108 0.245040 -0.591579
vn -0.209937 0.374155 -0.903291
vn -0.411321 0.348812 -0.842108
vn -0.568069 0.314941 -0.760335
vn -0.216583 0.373600 -0.901950
vn -0.007354 0.382673 -0.923855
vn -0.007354 0.382673 -0.923855
vn -0.209937 0.374155 -0.903291
vn -0.386724 0.352909 -0.851997
vn -0.568069 0.314941 -0.760335
vn -0.632440 0.296430 -0.715646
vn -0.685390 0.278661 -0.672747
vn -0.768108 0.245040 -0.591579
vn -0.988129 0.058789 -0.141930
vn -0.988129 0.058789 -0.141930
vn -0.964783 0.100664 -0.243024
vn -0.988129 0.058789 -0.141930
vn -0.964783 0.100664 -0.243024
vn -0.988129 0.058789 -0.141930
vn -0.964783 0.100664 -0.243024
vn 0.000000 0.952468 0.304638
vn 0.000000 0.952468 0.304638
vn 0.000000 0.952468 0.304638
vn 0.000000 0.952468 0.304638
vn -0.007354 -0.382673 -0.923855
vn 0.000000 -0.382683 -0.923880
vn -0.206968 -0.374397 -0.903875
vn 0.000000 -0.382683 -0.923880
vn -0.007354 -0.382673 -0.923855
vn -0.209937 -0.374155 -0.903291
vn -0.394954 -0.351572 -0.848769
vn -0.209937 -0.374155 -0.903291
vn -0.386724 -0.352909 -0.851997
vn -0.548980 -0.319860 -0.772211
vn -0.548980 -0.319860 -0.772211
vn -0.666611 -0.285255 -0.688665
vn -0.666611 -0.285255 -0.688665
vn -0.815948 -0.221239 -0.534118
vn -0.815948 -0.221239 -0.534118
vn -0.895154 -0.170584 -0.411826
vn -0.895154 -0.170584 -0.411826
vn -0.961913 -0.104609 -0.252549
vn -0.961913 -0.104609 -0.252549
vn -0.987350 -0.060676 -0.146485
vn -0.987350 -0.060676 -0.146485
vn -1.000000 -0.000000 0.000000
vn -0.987350 -0.060676 -0.146485
vn -1.000000 -0.000000 0.000000
vn -0.987350 -0.060676 -0.146485
vn -0.993085 -0.044925 -0.108458
vn -0.987350 -0.060676 -0.146485
vn -0.987350 -0.060676 -0.146485
vn -0.963352 -0.102651 -0.247822
vn -0.386724 -0.352909 -0.851997
vn -0.632440 -0.296430 -0.715646
vn -0.768108 -0.245040 -0.591579
vn -0.844718 -0.204817 -0.494472
vn -0.895154 -0.170584 -0.411826
vn -0.925563 -0.144881 -0.349774
vn -0.961913 -0.104609 -0.252549
vn -0.963352 -0.102651 -0.247822
vn -0.987350 -0.060676 -0.146485
vn -0.993085 -0.044925 -0.108458
vn -0.999999 -0.000389 -0.000939
vn -1.000000 -0.000000 0.000000
vn -0.999999 -0.000389 -0.000939
vn -0.925563 -0.144881 -0.349774
vn -0.961913 -0.104609 -0.252549
vn -0.844718 -0.204817 -0.494472
vn -0.895154 -0.170584 -0.411826
vn -0.961913 -0.104609 -0.252549
vn -0.768108 -0.245040 -0.591579
vn -0.632440 -0.296430 -0.715646
vn -0.000000 0.832954 -0.553342
vn -0.000000 0.809120 -0.587644
vn -0.000000 0.809120 -0.587644
vn -0.000000 0.738033 -0.674764
vn -0.000000 0.738033 -0.674764
vn -0.000000 0.610511 -0.792008
vn -0.000000 0.610511 -0.792008
vn -0.000000 0.488329 -0.872660
vn -0.000000 0.524218 -0.851584
vn -0.000000 0.488329 -0.872660
vn -0.000000 0.415404 -0.909637
vn -0.000000 0.294809 -0.955556
vn -0.000000 0.415404 -0.909637
vn -0.000000 0.246609 -0.969115
vn -0.000000 0.741169 -0.671319
vn -0.000000 0.660433 -0.750885
vn -0.000000 0.524218 -0.851584
vn -0.000000 0.159760 -0.987156
vn 0.000000 -0.018427 -0.999830
vn 0.000000 -0.003771 -0.999993
vn 0.000000 -0.190783 -0.981632
vn 0.000000 -0.018427 -0.999830
vn 0.000000 -0.190783 -0.981632
vn 0.000000 -0.376159 -0.926555
vn 0.000000 -0.376159 -0.926555
vn -0.000000 0.246609 -0.969115
vn -0.000000 0.660433 -0.750885
vn -0.000000 0.741169 -0.671319
vn -0.000000 0.809120 -0.587644
vn -0.000000 0.832954 -0.553342
vn -0.000000 -0.952468 0.304638
vn -0.000000 -0.980259 0.197716
vn -0.000000 -0.952468 0.304638
vn -0.000000 -0.987982 0.154569
vn -0.000000 -0.987982 0.154569
vn -0.000000 -0.999187 0.040308
vn -0.000000 -0.999187 0.040308
vn 0.000000 -0.997953 -0.063959
vn 0.000000 -0.990419 -0.138094
vn 0.000000 -0.972839 -0.231482
vn 0.000000 -0.959483 -0.281766
vn 0.000000 -0.936945 -0.349476
vn 0.000000 -0.959483 -0.281766
vn 0.000000 -0.859647 -0.510889
vn 0.000000 -0.879396 -0.476091
vn 0.000000 -0.805687 -0.592341
vn 0.000000 -0.859647 -0.510889
vn 0.000000 -0.693957 -0.720017
vn 0.000000 -0.699457 -0.714675
vn 0.000000 -0.559215 -0.829023
vn 0.000000 -0.693957 -0.720017
vn 0.000000 -0.559215 -0.829023
vn -0.000000 -0.998780 0.049391
vn -0.000000 -0.987982 0.154569
vn -0.000000 -0.987982 0.154569
vn 0.000000 -0.389189 -0.921158
vn 0.000000 -0.389189 -0.921158
vn 0.000000 -0.936945 -0.349476
vn 0.000000 -0.972839 -0.231482
vn 0.000000 -0.990419 -0.138094
vn 0.000000 -0.997953 -0.063959
vn -0.000000 -0.999187 0.040308
vn -0.000000 -0.999187 0.040308
vn -0.000000 -0.998780 0.049391
vn -0.000000 -0.987982 0.154569
vn -0.000000 -0.980259 0.197716
vn -0.000000 -0.952468 0.304638
vn -0.000000 -0.987982 0.154569
vn 0.999999 -0.000389 -0.000939
vn 0.993085 -0.044925 -0.108458
vn 0.988129 -0.058789 -0.141930
vn 0.988129 -0.058789 -0.141930
vn 0.964783 -0.100664 -0.243024
vn 0.963352 -0.102651 -0.247822
vn 0.925563 -0.144881 -0.349774
vn 0.964783 -0.100664 -0.243024
vn 0.905580 -0.162325 -0.391888
vn 0.905580 -0.162325 -0.391888
vn 0.830593 -0.213109 -0.514491
vn 0.830593 -0.213109 -0.514491
vn 0.685390 -0.278661 -0.672747
vn 0.685390 -0.278661 -0.672747
vn 0.568069 -0.314941 -0.760335
vn 0.632440 -0.296430 -0.715646
vn 0.386724 -0.352909 -0.851997
vn 0.999999 -0.000389 -0.000939
vn 0.993085 -0.044925 -0.108458
vn 0.988129 -0.058789 -0.141930
vn 0.963352 -0.102651 -0.247822
vn 0.964783 -0.100664 -0.243024
vn 0.925563 -0.144881 -0.349774
vn 0.964783 -0.100664 -0.243024
vn 0.905580 -0.162325 -0.391888
vn 0.905580 -0.162325 -0.391888
vn 0.844718 -0.204817 -0.494472
vn 0.830593 -0.213109 -0.514491
vn 0.768108 -0.245040 -0.591579
vn 0.209937 -0.374155 -0.903291
vn 0.411321 -0.348812 -0.842108
vn 0.568069 -0.314941 -0.760335
vn 0.216583 -0.373600 -0.901950
vn 0.007354 -0.382673 -0.923855
vn 0.007354 -0.382673 -0.923855
vn 0.209937 -0.374155 -0.903291
vn 0.386724 -0.352909 -0.851997
vn 0.568069 -0.314941 -0.760335
vn 0.685390 -0.278661 -0.672747
vn 0.632440 -0.296430 -0.715646
vn 0.768108 -0.245040 -0.591579
vn 0.830593 -0.213109 -0.514491
vn 0.844718 -0.204817 -0.494472
vn 0.905580 -0.162325 -0.391888
vn 0.988129 -0.058789 -0.141930
vn 0.988129 -0.058789 -0.141930
vn 0.988129 -0.058789 -0.141930
vn 0.964783 -0.100664 -0.243024
vn 0.988129 -0.058789 -0.141930
vn 0.905580 -0.162325 -0.391888
vn 0.964783 -0.100664 -0.243024
vn 0.000000 -0.952468 0.304638
vn 0.000000 -0.952468 0.304638
vn 0.000000 -0.952468 0.304638
vn 0.000000 -0.952468 0.304638
vn -0.007354 0.382673 -0.923855
vn 0.000000 0.382683 -0.923880
vn -0.206968 0.374397 -0.903875
vn 0.000000 0.382683 -0.923880
vn -0.007354 0.382673 -0.923855
vn -0.209937 0.374155 -0.903291
vn -0.394954 0.351572 -0.848769
vn -0.209937 0.374155 -0.903291
vn -0.386724 0.352909 -0.851997
vn -0.548980 0.319860 -0.772211
vn -0.548980 0.319860 -0.772211
vn -0.666611 0.285255 -0.688665
vn -0.666611 0.285255 -0.688665
vn -0.815948 0.221239 -0.534118
vn -0.815948 0.221239 -0.534118
vn -0.895154 0.170584 -0.411826
vn -0.895154 0.170584 -0.411826
vn -0.961913 0.104609 -0.252549
vn -0.961913 0.104609 -0.252549
vn -0.987350 0.060676 -0.146485
vn -0.987350 0.060676 -0.146485
vn -1.000000 -0.000000 -0.000000
vn -0.987350 0.060676 -0.146485
vn -1.000000 -0.000000 -0.000000
vn -0.987350 0.060676 -0.146485
vn -0.993085 0.044925 -0.108458
vn -0.987350 0.060676 -0.146485
vn -0.987350 0.060676 -0.146485
vn -0.963352 0.102651 -0.247822
vn -0.386724 0.352909 -0.851997
vn -0.632440 0.296430 -0.715646
vn -0.768108 0.245040 -0.591579
vn -0.844718 0.204817 -0.494472
vn -0.895154 0.170584 -0.411826
vn -0.925563 0.144881 -0.349774
vn -0.961913 0.104609 -0.252549
vn -0.963352 0.102651 -0.247822
vn -0.987350 0.060676 -0.146485
vn -0.993085 0.044925 -0.108458
vn -0.999999 0.000389 -0.000939
vn -1.000000 -0.000000 -0.000000
vn -0.999999 0.000389 -0.000939
vn -0.925563 0.144881 -0.349774
vn -0.961913 0.104609 -0.252549
vn -0.844718 0.204817 -0.494472
vn -0.895154 0.170584 -0.411826
vn -0.961913 0.104609 -0.252549
vn -0.768108 0.245040 -0.591579
vn -0.632440 0.296430 -0.715646
vn -0.000000 0.980259 0.197716
vn -0.000000 0.987661 0.156607
vn -0.000000 0.987661 0.156607
vn -0.000000 0.998999 0.044738
vn -0.000000 0.998999 0.044738
vn -0.000000 0.991731 -0.128338
vn -0.000000 0.991731 -0.128338
vn -0.000000 0.962364 -0.271763
vn -0.000000 0.972839 -0.231482
vn -0.000000 0.962364 -0.271763
vn -0.000000 0.936945 -0.349476
vn -0.000000 0.884142 -0.467219
vn -0.000000 0.936945 -0.349476
vn -0.000000 0.859647 -0.510889
vn -0.000000 0.998780 0.049391
vn -0.000000 0.997953 -0.063959
vn -0.000000 0.972839 -0.231482
vn -0.000000 0.810992 -0.585057
vn -0.000000 0.693957 -0.720017
vn -0.000000 0.704435 -0.709768
vn -0.000000 0.559215 -0.829023
vn -0.000000 0.693957 -0.720017
vn -0.000000 0.559215 -0.829023
vn -0.000000 0.389189 -0.921158
vn -0.000000 0.389189 -0.921158
vn -0.000000 0.859647 -0.510889
vn -0.000000 0.997953 -0.063959
vn -0.000000 0.998780 0.049391
vn -0.000000 0.987661 0.156607
vn -0.000000 0.980259 0.197716
vn 0.000000 -0.888908 -0.458086
vn 0.000000 -0.832954 -0.553342
vn 0.000000 -0.888908 -0.458086
vn 0.000000 -0.807906 -0.589312
vn 0.000000 -0.807906 -0.589312
vn 0.000000 -0.735034 -0.678030
vn 0.000000 -0.735034 -0.678030
vn 0.000000 -0.660433 -0.750885
vn 0.000000 -0.602685 -0.797979
vn 0.000000 -0.524218 -0.851584
vn 0.000000 -0.479218 -0.877696
vn 0.000000 -0.415404 -0.909637
vn 0.000000 -0.479218 -0.877696
vn 0.000000 -0.246609 -0.969115
vn 0.000000 -0.285180 -0.958474
vn 0.000000 -0.150859 -0.988555
vn 0.000000 -0.246609 -0.969115
vn -0.000000 0.018427 -0.999830
vn -0.000000 0.010761 -0.999942
vn -0.000000 0.190783 -0.981632
vn -0.000000 0.018427 -0.999830
vn -0.000000 0.190783 -0.981632
vn 0.000000 -0.741169 -0.671319
vn 0.000000 -0.807906 -0.589312
vn 0.000000 -0.807906 -0.589312
vn -0.000000 0.376159 -0.926555
vn -0.000000 0.376159 -0.926555
vn 0.000000 -0.415404 -0.909637
vn 0.000000 -0.524218 -0.851584
vn 0.000000 -0.602685 -0.797979
vn 0.000000 -0.660433 -0.750885
vn 0.000000 -0.735034 -0.678030
vn 0.000000 -0.735034 -0.678030
vn 0.000000 -0.741169 -0.671319
vn 0.000000 -0.807906 -0.589312
vn 0.000000 -0.832954 -0.553342
vn 0.000000 -0.888908 -0.458086
vn 0.000000 -0.807906 -0.589312
vn 0.999999 0.000389 -0.000939
vn 0.993085 0.044925 -0.108458
vn 0.988129 0.058789 -0.141930
vn 0.988129 0.058789 -0.141930
vn 0.964783 0.100664 -0.243024
vn 0.963352 0.102651 -0.247822
vn 0.925563 0.144881 -0.349774
vn 0.964783 0.100664 -0.243024
vn 0.905580 0.162325 -0.391888
vn 0.905580 0.162325 -0.391888
vn 0.830593 0.213109 -0.514491
vn 0.830593 0.213109 -0.514491
vn 0.685390 0.278661 -0.672747
vn 0.685390 0.278661 -0.672747
vn 0.568069 0.314941 -0.760335
vn 0.632440 0.296430 -0.715646
vn 0.386724 0.352909 -0.851997
vn 0.999999 0.000389 -0.000939
vn 0.993085 0.044925 -0.108458
vn 0.988129 0.058789 -0.141930
vn 0.963352 0.102651 -0.247822
vn 0.964783 0.100664 -0.243024
vn 0.925563 0.144881 -0.349774
vn 0.964783 0.100664 -0.243024
vn 0.905580 0.162325 -0.391888
vn 0.905580 0.162325 -0.391888
vn 0.844718 0.204817 -0.494472
vn 0.830593 0.213109 -0.514491
vn 0.768108 0.245040 -0.591579
vn 0.209937 0.374155 -0.903291
vn 0.411321 0.348812 -0.842108
vn 0.568069 0.314941 -0.760335
vn 0.216583 0.373600 -0.901950
vn 0.007354 0.382673 -0.923855
vn 0.007354 0.382673 -0.923855
vn 0.209937 0.374155 -0.903291
vn 0.386724 0.352909 -0.851997
vn 0.568069 0.314941 -0.760335
vn 0.685390 0.278661 -0.672747
vn 0.632440 0.296430 -0.715646
vn 0.768108 0.245040 -0.591579
vn 0.830593 0.213109 -0.514491
vn 0.844718 0.204817 -0.494472
vn 0.905580 0.162325 -0.391888
vn 0.988129 0.058789 -0.141930
vn 0.988129 0.058789 -0.141930
vn 0.988129 0.058789 -0.141930
vn 0.964783 0.100664 -0.243024
vn 0.988129 0.058789 -0.141930
vn 0.905580 0.162325 -0.391888
vn 0.964783 0.100664 -0.243024
vn -0.000000 -0.888908 -0.458086
vn -0.000000 -0.888908 -0.458086
vn -0.000000 -0.888908 -0.458086
vn -0.000000 -0.888908 -0.458086
vn -0.000000 -0.382683 0.923880
vn 0.007354 -0.382673 0.923855
vn -0.000000 -0.382683 0.923880
vn 0.206968 -0.374397 0.903875
vn 0.007354 -0.382673 0.923855
vn 0.209937 -0.374155 0.903291
vn 0.394954 -0.351572 0.848769
vn 0.386724 -0.352909 0.851997
vn 0.548980 -0.319860 0.772211
vn 0.666611 -0.285255 0.688665
vn 0.666611 -0.285255 0.688665
vn 0.815948 -0.221239 0.534118
vn 0.768108 -0.245040 0.591579
vn 0.844718 -0.204817 0.494472
vn 0.209937 -0.374155 0.903291
vn 0.386724 -0.352909 0.851997
vn 0.548980 -0.319860 0.772211
vn 0.632440 -0.296430 0.715646
vn 0.925563 -0.144881 0.349774
vn 0.895154 -0.170584 0.411826
vn 0.895154 -0.170584 0.411826
vn 0.815948 -0.221239 0.534118
vn 0.632440 -0.296430 0.715646
vn 0.963352 -0.102651 0.247822
vn 0.961913 -0.104609 0.252549
vn 0.961913 -0.104609 0.252549
vn 0.993085 -0.044925 0.108458
vn 0.987350 -0.060676 0.146485
vn 0.987350 -0.060676 0.146485
vn 0.987350 -0.060676 0.146485
vn 0.987350 -0.060676 0.146485
vn 0.987350 -0.060676 0.146485
vn 0.987350 -0.060676 0.146485
vn 0.961913 -0.104609 0.252549
vn 0.961913 -0.104609 0.252549
vn 0.895154 -0.170584 0.411826
vn 0.925563 -0.144881 0.349774
vn 0.844718 -0.204817 0.494472
vn 0.999999 -0.000389 0.000939
vn 0.999999 -0.000389 0.000939
vn 0.993085 -0.044925 0.108458
vn 0.987350 -0.060676 0.146485
vn 0.963352 -0.102651 0.247822
vn 0.895154 -0.170584 0.411826
vn 0.768108 -0.245040 0.591579
vn 0.961913 -0.104609 0.252549
vn 0.000000 -0.389189 0.921158
vn 0.000000 -0.389189 0.921158
vn 0.000000 -0.559215 0.829023
vn 0.000000 -0.559215 0.829023
vn 0.000000 -0.693957 0.720017
vn 0.000000 -0.704435 0.709768
vn 0.000000 -0.810992 0.585057
vn 0.000000 -0.693957 0.720017
vn 0.000000 -0.859647 0.510889
vn 0.000000 -0.884142 0.467219
vn 0.000000 -0.936945 0.349476
vn 0.000000 -0.962364 0.271763
vn 0.000000 -0.972839 0.231482
vn 0.000000 -0.991731 0.128338
vn 0.000000 -0.997953 0.063959
vn -0.000000 -0.998999 -0.044738
vn -0.000000 -0.998780 -0.049391
vn -0.000000 -0.987661 -0.156607
vn -0.000000 -0.980259 -0.197716
vn -0.000000 -0.952468 -0.304638
vn -0.000000 -0.952468 -0.304638
vn -0.000000 -0.952468 -0.304638
vn -0.000000 -0.980259 -0.197716
vn -0.000000 -0.987661 -0.156607
vn -0.000000 -0.998999 -0.044738
vn 0.000000 -0.997953 0.063959
vn 0.000000 -0.991731 0.128338
vn 0.000000 -0.972839 0.231482
vn -0.000000 -0.987661 -0.156607
vn -0.000000 -0.998780 -0.049391
vn 0.000000 -0.962364 0.271763
vn 0.000000 -0.936945 0.349476
vn 0.000000 -0.859647 0.510889
vn 0.000000 -0.376159 0.926555
vn 0.000000 -0.376159 0.926555
vn 0.000000 -0.190783 0.981632
vn 0.000000 -0.190783 0.981632
vn 0.000000 -0.018427 0.999830
vn 0.000000 -0.010761 0.999942
vn 0.000000 0.150859 0.988555
vn 0.000000 -0.018427 0.999830
vn 0.000000 0.246609 0.969115
vn 0.000000 0.285180 0.958474
vn 0.000000 0.479218 0.877696
vn 0.000000 0.415404 0.909637
vn 0.000000 0.479218 0.877696
vn 0.000000 0.524218 0.851584
vn 0.000000 0.602685 0.797979
vn 0.000000 0.660433 0.750885
vn 0.000000 0.735034 0.678030
vn 0.000000 0.735034 0.678030
vn 0.000000 0.807906 0.589312
vn 0.000000 0.741169 0.671319
vn 0.000000 0.807906 0.589312
vn 0.000000 0.807906 0.589312
vn 0.000000 0.832954 0.553342
vn 0.000000 0.246609 0.969115
vn 0.000000 0.832954 0.553342
vn 0.000000 0.807906 0.589312
vn 0.000000 0.807906 0.589312
vn 0.000000 0.735034 0.678030
vn 0.000000 0.735034 0.678030
vn 0.000000 0.660433 0.750885
vn 0.000000 0.602685 0.797979
vn 0.000000 0.524218 0.851584
vn 0.000000 0.415404 0.909637
vn 0.000000 0.741169 0.671319
vn 0.000000 0.807906 0.589312
vn -1.000000 -0.000000 0.000000
vn -1.000000 -0.000000 0.000000
vn -0.999999 -0.000389 0.000939
vn -0.993085 -0.044925 0.108458
vn -0.988129 -0.058789 0.141930
vn -0.963352 -0.102651 0.247822
vn -0.964783 -0.100664 0.243024
vn -0.925563 -0.144881 0.349774
vn -0.905580 -0.162325 0.391888
vn -0.844718 -0.204817 0.494472
vn -0.905580 -0.162325 0.391888
vn -0.830593 -0.213109 0.514491
vn -0.830593 -0.213109 0.514491
vn -0.685390 -0.278661 0.672747
vn -0.685390 -0.278661 0.672747
vn -0.568069 -0.314941 0.760335
vn -0.632440 -0.296430 0.715646
vn -0.386724 -0.352909 0.851997
vn -1.000000 -0.000000 0.000000
vn -0.999999 -0.000389 0.000939
vn -0.993085 -0.044925 0.108458
vn -0.988129 -0.058789 0.141930
vn -0.988129 -0.058789 0.141930
vn -0.963352 -0.102651 0.247822
vn -0.964783 -0.100664 0.243024
vn -0.925563 -0.144881 0.349774
vn -0.964783 -0.100664 0.243024
vn -0.905580 -0.162325 0.391888
vn -0.905580 -0.162325 0.391888
vn -0.830593 -0.213109 0.514491
vn -0.905580 -0.162325 0.391888
vn -0.905580 -0.162325 0.391888
vn -0.844718 -0.204817 0.494472
vn -0.830593 -0.213109 0.514491
vn -0.768108 -0.245040 0.591579
vn -0.209937 -0.374155 0.903291
vn -0.411321 -0.348812 0.842108
vn -0.568069 -0.314941 0.760335
vn -0.216583 -0.373600 0.901950
vn -0.007354 -0.382673 0.923855
vn -0.007354 -0.382673 0.923855
vn -0.209937 -0.374155 0.903291
vn -0.386724 -0.352909 0.851997
vn -0.568069 -0.314941 0.760335
vn -0.632440 -0.296430 0.715646
vn -0.685390 -0.278661 0.672747
vn -0.768108 -0.245040 0.591579
vn -0.988129 -0.058789 0.141930
vn -0.988129 -0.058789 0.141930
vn -0.964783 -0.100664 0.243024
vn -0.988129 -0.058789 0.141930
vn -0.964783 -0.100664 0.243024
vn -0.988129 -0.058789 0.141930
vn -0.964783 -0.100664 0.243024
vn 0.000000 -0.952468 -0.304638
vn 0.000000 -0.952468 -0.304638
vn 0.000000 -0.952468 -0.304638
vn 0.000000 -0.952468 -0.304638
vn -0.007354 -0.382673 0.923855
vn 0.000000 -0.382683 0.923880
vn -0.206968 -0.374397 0.903875
vn 0.000000 -0.382683 0.923880
vn -0.007354 -0.382673 0.923855
vn -0.209937 -0.374155 0.903291
vn -0.394954 -0.351572 0.848769
vn -0.209937 -0.374155 0.903291
vn -0.386724 -0.352909 0.851997
vn -0.548980 -0.319860 0.772211
vn -0.548980 -0.319860 0.772211
vn -0.666611 -0.285255 0.688665
vn -0.666611 -0.285255 0.688665
vn -0.815948 -0.221239 0.534118
vn -0.815948 -0.221239 0.534118
vn -0.895154 -0.170584 0.411826
vn -0.895154 -0.170584 0.411826
vn -0.961913 -0.104609 0.252549
vn -0.961913 -0.104609 0.252549
vn -0.987350 -0.060676 0.146485
vn -0.987350 -0.060676 0.146485
vn -1.000000 0.000000 -0.000000
vn -0.987350 -0.060676 0.146485
vn -1.000000 0.000000 -0.000000
vn -0.987350 -0.060676 0.146485
vn -0.993085 -0.044925 0.108458
vn -0.987350 -0.060676 0.146485
vn -0.987350 -0.060676 0.146485
vn -0.963352 -0.102651 0.247822
vn -0.386724 -0.352909 0.851997
vn -0.632440 -0.296430 0.715646
vn -0.768108 -0.245040 0.591579
vn -0.844718 -0.204817 0.494472
vn -0.895154 -0.170584 0.411826
vn -0.925563 -0.144881 0.349774
vn -0.961913 -0.104609 0.252549
vn -0.963352 -0.102651 0.247822
vn -0.987350 -0.060676 0.146485
vn -0.993085 -0.044925 0.108458
vn -0.999999 -0.000389 0.000939
vn -1.000000 0.000000 -0.000000
vn -0.999999 -0.000389 0.000939
vn -0.925563 -0.144881 0.349774
vn -0.961913 -0.104609 0.252549
vn -0.844718 -0.204817 0.494472
vn -0.895154 -0.170584 0.411826
vn -0.961913 -0.104609 0.252549
vn -0.768108 -0.245040 0.591579
vn -0.632440 -0.296430 0.715646
vn 0.000000 -0.980259 -0.197716
vn 0.000000 -0.987661 -0.156607
vn 0.000000 -0.987661 -0.156607
vn 0.000000 -0.998999 -0.044738
vn 0.000000 -0.998999 -0.044738
vn -0.000000 -0.991731 0.128338
vn -0.000000 -0.991731 0.128338
vn -0.000000 -0.962364 0.271763
vn -0.000000 -0.972839 0.231482
vn -0.000000 -0.962364 0.271763
vn -0.000000 -0.936945 0.349476
vn -0.000000 -0.884142 0.467219
vn -0.000000 -0.936945 0.349476
vn -0.000000 -0.859647 0.510889
vn 0.000000 -0.998780 -0.049391
vn -0.000000 -0.997953 0.063959
vn -0.000000 -0.972839 0.231482
vn -0.000000 -0.810992 0.585057
vn -0.000000 -0.693957 0.720017
vn -0.000000 -0.704435 0.709768
vn -0.000000 -0.559215 0.829023
vn -0.000000 -0.693957 0.720017
vn -0.000000 -0.559215 0.829023
vn -0.000000 -0.389189 0.921158
vn -0.000000 -0.389189 0.921158
vn -0.000000 -0.859647 0.510889
vn -0.000000 -0.997953 0.063959
vn 0.000000 -0.998780 -0.049391
vn 0.000000 -0.987661 -0.156607
vn 0.000000 -0.980259 -0.197716
vn -0.000000 0.888908 0.458086
vn -0.000000 0.832954 0.553342
vn -0.000000 0.888908 0.458086
vn -0.000000 0.807906 0.589312
vn -0.000000 0.807906 0.589312
vn -0.000000 0.735034 0.678030
vn -0.000000 0.735034 0.678030
vn -0.000000 0.660433 0.750885
vn -0.000000 0.602685 0.797979
vn -0.000000 0.524218 0.851584
vn -0.000000 0.479218 0.877696
vn -0.000000 0.415404 0.909637
vn -0.000000 0.479218 0.877696
vn -0.000000 0.246609 0.969115
vn -0.000000 0.285180 0.958474
vn -0.000000 0.150859 0.988555
vn -0.000000 0.246609 0.969115
vn -0.000000 -0.018427 0.999830
vn -0.000000 -0.010761 0.999942
vn -0.000000 -0.190783 0.981632
vn -0.000000 -0.018427 0.999830
vn -0.000000 -0.190783 0.981632
vn -0.000000 0.741169 0.671319
vn -0.000000 0.807906 0.589312
vn -0.000000 0.807906 0.589312
vn -0.000000 -0.376159 0.926555
vn -0.000000 -0.376159 0.926555
vn -0.000000 0.415404 0.909637
vn -0.000000 0.524218 0.851584
vn -0.000000 0.602685 0.797979
vn -0.000000 0.660433 0.750885
vn -0.000000 0.735034 0.678030
vn -0.000000 0.735034 0.678030
vn -0.000000 0.741169 0.671319
vn -0.000000 0.807906 0.589312
vn -0.000000 0.832954 0.553342
vn -0.000000 0.888908 0.458086
vn -0.000000 0.807906 0.589312
vn 0.999999 -0.000389 0.000939
vn 0.993085 -0.044925 0.108458
vn 0.988129 -0.058789 0.141930
vn 0.988129 -0.058789 0.141930
vn 0.964783 -0.100664 0.243024
vn 0.963352 -0.102651 0.247822
vn 0.925563 -0.144881 0.349774
vn 0.964783 -0.100664 0.243024
vn 0.905580 -0.162325 0.391888
vn 0.905580 -0.162325 0.391888
vn 0.830593 -0.213109 0.514491
vn 0.830593 -0.213109 0.514491
vn 0.685390 -0.278661 0.672747
vn 0.685390 -0.278661 0.672747
vn 0.568069 -0.314941 0.760335
vn 0.632440 -0.296430 0.715646
vn 0.386724 -0.352909 0.851997
vn 0.999999 -0.000389 0.000939
vn 0.993085 -0.044925 0.108458
vn 0.988129 -0.058789 0.141930
vn 0.963352 -0.102651 0.247822
vn 0.964783 -0.100664 0.243024
vn 0.925563 -0.144881 0.349774
vn 0.964783 -0.100664 0.243024
vn 0.905580 -0.162325 0.391888
vn 0.905580 -0.162325 0.391888
vn 0.844718 -0.204817 0.494472
vn 0.830593 -0.213109 0.514491
vn 0.768108 -0.245040 0.591579
vn 0.209937 -0.374155 0.903291
vn 0.411321 -0.348812 0.842108
vn 0.568069 -0.314941 0.760335
vn 0.216583 -0.373600 0.901950
vn 0.007354 -0.382673 0.923855
vn 0.007354 -0.382673 0.923855
vn 0.209937 -0.374155 0.903291
vn 0.386724 -0.352909 0.851997
vn 0.568069 -0.314941 0.760335
vn 0.685390 -0.278661 0.672747
vn 0.632440 -0.296430 0.715646
vn 0.768108 -0.245040 0.591579
vn 0.830593 -0.213109 0.514491
vn 0.844718 -0.204817 0.494472
vn 0.905580 -0.162325 0.391888
vn 0.988129 -0.058789 0.141930
vn 0.988129 -0.058789 0.141930
vn 0.988129 -0.058789 0.141930
vn 0.964783 -0.100664 0.243024
vn 0.988129 -0.058789 0.141930
vn 0.905580 -0.162325 0.391888
vn 0.964783 -0.100664 0.243024
vn 0.000000 0.888908 0.458086
vn 0.000000 0.888908 0.458086
vn 0.000000 0.888908 0.458086
vn 0.000000 0.888908 0.458086
vn -0.000000 0.923880 0.382683
vn 0.007354 0.923855 0.382673
vn -0.000000 0.923880 0.382683
vn 0.206968 0.903875 0.374397
vn 0.007354 0.923855 0.382673
vn 0.209937 0.903291 0.374155
vn 0.394954 0.848769 0.351572
vn 0.386724 0.851997 0.352909
vn 0.548980 0.772211 0.319860
vn 0.666611 0.688665 0.285255
vn 0.666611 0.688665 0.285255
vn 0.815948 0.534118 0.221239
vn 0.768108 0.591579 0.245040
vn 0.844718 0.494472 0.204817
vn 0.209937 0.903291 0.374155
vn 0.386724 0.851997 0.352909
vn 0.548980 0.772211 0.319860
vn 0.632440 0.715646 0.296430
vn 0.925563 0.349774 0.144881
vn 0.895154 0.411826 0.170584
vn 0.895154 0.411826 0.170584
vn 0.815948 0.534118 0.221239
vn 0.632440 0.715646 0.296430
vn 0.963352 0.247822 0.102651
vn 0.961913 0.252549 0.104609
vn 0.961913 0.252549 0.104609
vn 0.993085 0.108458 0.044925
vn 0.987350 0.146485 0.060676
vn 0.987350 0.146485 0.060676
vn 0.987350 0.146485 0.060676
vn 0.987350 0.146485 0.060676
vn 1.000000 0.000000 0.000000
vn 0.987350 0.146485 0.060676
vn 0.987350 0.146485 0.060676
vn 0.961913 0.252549 0.104609
vn 0.961913 0.252549 0.104609
vn 0.895154 0.411826 0.170584
vn 0.925563 0.349774 0.144881
vn 0.844718 0.494472 0.204817
vn 0.999999 0.000939 0.000389
vn 1.000000 0.000000 0.000000
vn 1.000000 0.000000 0.000000
vn 0.999999 0.000939 0.000389
vn 0.993085 0.108458 0.044925
vn 0.987350 0.146485 0.060676
vn 0.963352 0.247822 0.102651
vn 0.895154 0.411826 0.170584
vn 0.768108 0.591579 0.245040
vn 0.961913 0.252549 0.104609
vn 0.000000 0.921158 0.389189
vn 0.000000 0.921158 0.389189
vn 0.000000 0.829023 0.559215
vn 0.000000 0.829023 0.559215
vn 0.000000 0.720017 0.693957
vn 0.000000 0.709768 0.704435
vn 0.000000 0.585057 0.810992
vn 0.000000 0.720017 0.693957
vn 0.000000 0.510889 0.859647
vn 0.000000 0.467219 0.884142
vn 0.000000 0.349476 0.936945
vn 0.000000 0.271763 0.962364
vn 0.000000 0.231482 0.972839
vn 0.000000 0.128338 0.991731
vn 0.000000 0.063959 0.997953
vn 0.000000 -0.044738 0.998999
vn 0.000000 -0.049391 0.998780
vn 0.000000 -0.156607 0.987661
vn 0.000000 -0.197716 0.980259
vn 0.000000 -0.304638 0.952468
vn 0.000000 -0.304638 0.952468
vn 0.000000 -0.304638 0.952468
vn 0.000000 -0.197716 0.980259
vn 0.000000 -0.156607 0.987661
vn 0.000000 -0.044738 0.998999
vn 0.000000 0.063959 0.997953
vn 0.000000 0.128338 0.991731
vn 0.000000 0.231482 0.972839
vn 0.000000 -0.156607 0.987661
vn 0.000000 -0.049391 0.998780
vn 0.000000 0.271763 0.962364
vn 0.000000 0.349476 0.936945
vn 0.000000 0.510889 0.859647
vn 0.000000 0.926555 0.376159
vn 0.000000 0.926555 0.376159
vn 0.000000 0.981632 0.190783
vn 0.000000 0.981632 0.190783
vn 0.000000 0.999830 0.018427
vn 0.000000 0.999942 0.010761
vn 0.000000 0.988555 -0.150859
vn 0.000000 0.999830 0.018427
vn 0.000000 0.969115 -0.246609
vn 0.000000 0.958474 -0.285180
vn 0.000000 0.877696 -0.479218
vn 0.000000 0.909637 -0.415404
vn 0.000000 0.877696 -0.479218
vn 0.000000 0.851584 -0.524218
vn 0.000000 0.797979 -0.602685
vn 0.000000 0.750885 -0.660433
vn 0.000000 0.678030 -0.735034
vn 0.000000 0.678030 -0.735034
vn 0.000000 0.589312 -0.807906
vn 0.000000 0.671319 -0.741169
vn 0.000000 0.589312 -0.807906
vn 0.000000 0.589312 -0.807906
vn 0.000000 0.553342 -0.832954
vn 0.000000 0.969115 -0.246609
vn 0.000000 0.553342 -0.832954
vn 0.000000 0.589312 -0.807906
vn 0.000000 0.589312 -0.807906
vn 0.000000 0.678030 -0.735034
vn 0.000000 0.678030 -0.735034
vn 0.000000 0.750885 -0.660433
vn 0.000000 0.797979 -0.602685
vn 0.000000 0.851584 -0.524218
vn 0.000000 0.909637 -0.415404
vn 0.000000 0.671319 -0.741169
vn 0.000000 0.589312 -0.807906
vn -0.999999 0.000939 0.000389
vn -0.993085 0.108458 0.044925
vn -0.988129 0.141930 0.058789
vn -0.963352 0.247822 0.102651
vn -0.964783 0.243024 0.100664
vn -0.925563 0.349774 0.144881
vn -0.905580 0.391888 0.162325
vn -0.844718 0.494472 0.204817
vn -0.905580 0.391888 0.162325
vn -0.830593 0.514491 0.213109
vn -0.830593 0.514491 0.213109
vn -0.685390 0.672747 0.278661
vn -0.685390 0.672747 0.278661
vn -0.568069 0.760335 0.314941
vn -0.632440 0.715646 0.296430
vn -0.386724 0.851997 0.352909
vn -0.999999 0.000939 0.000389
vn -0.993085 0.108458 0.044925
vn -0.988129 0.141930 0.058789
vn -0.988129 0.141930 0.058789
vn -0.963352 0.247822 0.102651
vn -0.964783 0.243024 0.100664
vn -0.925563 0.349774 0.144881
vn -0.964783 0.243024 0.100664
vn -0.905580 0.391888 0.162325
vn -0.905580 0.391888 0.162325
vn -0.830593 0.514491 0.213109
vn -0.905580 0.391888 0.162325
vn -0.905580 0.391888 0.162325
vn -0.844718 0.494472 0.204817
vn -0.830593 0.514491 0.213109
vn -0.768108 0.591579 0.245040
vn -0.209937 0.903291 0.374155
vn -0.411321 0.842108 0.348812
vn -0.568069 0.760335 0.314941
vn -0.216583 0.901950 0.373600
vn -0.007354 0.923855 0.382673
vn -0.007354 0.923855 0.382673
vn -0.209937 0.903291 0.374155
vn -0.386724 0.851997 0.352909
vn -0.568069 0.760335 0.314941
vn -0.632440 0.715646 0.296430
vn -0.685390 0.672747 0.278661
vn -0.768108 0.591579 0.245040
vn -0.988129 0.141930 0.058789
vn -0.988129 0.141930 0.058789
vn -0.964783 0.243024 0.100664
vn -0.988129 0.141930 0.058789
vn -0.964783 0.243024 0.100664
vn -0.988129 0.141930 0.058789
vn -0.964783 0.243024 0.100664
vn 0.000000 -0.304638 0.952468
vn 0.000000 -0.304638 0.952468
vn 0.000000 -0.304638 0.952468
vn 0.000000 -0.304638 0.952468
vn -0.000000 -0.923880 0.382683
vn 0.007354 -0.923855 0.382673
vn -0.000000 -0.923880 0.382683
vn 0.206968 -0.903875 0.374397
vn 0.007354 -0.923855 0.382673
vn 0.209937 -0.903291 0.374155
vn 0.394954 -0.848769 0.351572
vn 0.386724 -0.851997 0.352909
vn 0.548980 -0.772211 0.319860
vn 0.666611 -0.688665 0.285255
vn 0.666611 -0.688665 0.285255
vn 0.815948 -0.534118 0.221239
vn 0.768108 -0.591579 0.245040
vn 0.844718 -0.494472 0.204817
vn 0.209937 -0.903291 0.374155
vn 0.386724 -0.851997 0.352909
vn 0.548980 -0.772211 0.319860
vn 0.632440 -0.715646 0.296430
vn 0.925563 -0.349774 0.144881
vn 0.895154 -0.411826 0.170584
vn 0.895154 -0.411826 0.170584
vn 0.815948 -0.534118 0.221239
vn 0.632440 -0.715646 0.296430
vn 0.963352 -0.247822 0.102651
vn 0.961913 -0.252549 0.104609
vn 0.961913 -0.252549 0.104609
vn 0.993085 -0.108458 0.044925
vn 0.987350 -0.146485 0.060676
vn 0.987350 -0.146485 0.060676
vn 0.987350 -0.146485 0.060676
vn 0.987350 -0.146485 0.060676
vn 1.000000 -0.000000 0.000000
vn 0.987350 -0.146485 0.060676
vn 0.987350 -0.146485 0.060676
vn 0.961913 -0.252549 0.104609
vn 0.961913 -0.252549 0.104609
vn 0.895154 -0.411826 0.170584
vn 0.925563 -0.349774 0.144881
vn 0.844718 -0.494472 0.204817
vn 0.999999 -0.000939 0.000389
vn 1.000000 -0.000000 0.000000
vn 1.000000 -0.000000 0.000000
vn 0.999999 -0.000939 0.000389
vn 0.993085 -0.108458 0.044925
vn 0.987350 -0.146485 0.060676
vn 0.963352 -0.247822 0.102651
vn 0.895154 -0.411826 0.170584
vn 0.768108 -0.591579 0.245040
vn 0.961913 -0.252549 0.104609
vn 0.000000 -0.926555 0.376159
vn 0.000000 -0.926555 0.376159
vn 0.000000 -0.981632 0.190783
vn 0.000000 -0.981632 0.190783
vn 0.000000 -0.999830 0.018427
vn 0.000000 -0.999993 0.003771
vn -0.000000 -0.987156 -0.159760
vn 0.000000 -0.999830 0.018427
vn -0.000000 -0.969115 -0.246609
vn -0.000000 -0.955556 -0.294809
vn -0.000000 -0.909637 -0.415404
vn -0.000000 -0.872660 -0.488329
vn -0.000000 -0.851584 -0.524218
vn -0.000000 -0.792008 -0.610511
vn -0.000000 -0.750885 -0.660433
vn -0.000000 -0.674764 -0.738033
vn -0.000000 -0.671319 -0.741169
vn -0.000000 -0.587644 -0.809120
vn -0.000000 -0.553342 -0.832954
vn -0.000000 -0.458086 -0.888908
vn -0.000000 -0.458086 -0.888908
vn -0.000000 -0.458086 -0.888908
vn -0.000000 -0.553342 -0.832954
vn -0.000000 -0.587644 -0.809120
vn -0.000000 -0.674764 -0.738033
vn -0.000000 -0.750885 -0.660433
vn -0.000000 -0.792008 -0.610511
vn -0.000000 -0.851584 -0.524218
vn -0.000000 -0.587644 -0.809120
vn -0.000000 -0.671319 -0.741169
vn -0.000000 -0.872660 -0.488329
vn -0.000000 -0.909637 -0.415404
vn -0.000000 -0.969115 -0.246609
vn 0.000000 -0.921158 0.389189
vn 0.000000 -0.921158 0.389189
vn 0.000000 -0.829023 0.559215
vn 0.000000 -0.829023 0.559215
vn 0.000000 -0.720017 0.693957
vn 0.000000 -0.714675 0.699457
vn 0.000000 -0.592341 0.805687
vn 0.000000 -0.720017 0.693957
vn 0.000000 -0.510889 0.859647
vn 0.000000 -0.476091 0.879396
vn 0.000000 -0.281766 0.959483
vn 0.000000 -0.349476 0.936945
vn 0.000000 -0.281766 0.959483
vn 0.000000 -0.231482 0.972839
vn 0.000000 -0.138094 0.990419
vn 0.000000 -0.063959 0.997953
vn 0.000000 0.040308 0.999187
vn 0.000000 0.040308 0.999187
vn 0.000000 0.154569 0.987982
vn 0.000000 0.049391 0.998780
vn 0.000000 0.154569 0.987982
vn 0.000000 0.154569 0.987982
vn 0.000000 0.197716 0.980259
vn 0.000000 -0.510889 0.859647
vn 0.000000 0.197716 0.980259
vn 0.000000 0.154569 0.987982
vn 0.000000 0.154569 0.987982
vn 0.000000 0.040308 0.999187
vn 0.000000 0.040308 0.999187
vn 0.000000 -0.063959 0.997953
vn 0.000000 -0.138094 0.990419
vn 0.000000 -0.231482 0.972839
vn 0.000000 -0.349476 0.936945
vn 0.000000 0.049391 0.998780
vn 0.000000 0.154569 0.987982
vn -0.999999 -0.000939 0.000389
vn -0.993085 -0.108458 0.044925
vn -0.988129 -0.141930 0.058789
vn -0.963352 -0.247822 0.102651
vn -0.964783 -0.243024 0.100664
vn -0.925563 -0.349774 0.144881
vn -0.905580 -0.391888 0.162325
vn -0.844718 -0.494472 0.204817
vn -0.905580 -0.391888 0.162325
vn -0.830593 -0.514491 0.213109
vn -0.830593 -0.514491 0.213109
vn -0.685390 -0.672747 0.278661
vn -0.685390 -0.672747 0.278661
vn -0.568069 -0.760335 0.314941
vn -0.632440 -0.715646 0.296430
vn -0.386724 -0.851997 0.352909
vn -0.999999 -0.000939 0.000389
vn -0.993085 -0.108458 0.044925
vn -0.988129 -0.141930 0.058789
vn -0.988129 -0.141930 0.058789
vn -0.963352 -0.247822 0.102651
vn -0.964783 -0.243024 0.100664
vn -0.925563 -0.349774 0.144881
vn -0.964783 -0.243024 0.100664
vn -0.905580 -0.391888 0.162325
vn -0.905580 -0.391888 0.162325
vn -0.830593 -0.514491 0.213109
vn -0.905580 -0.391888 0.162325
vn -0.905580 -0.391888 0.162325
vn -0.844718 -0.494472 0.204817
vn -0.830593 -0.514491 0.213109
vn -0.768108 -0.591579 0.245040
vn -0.209937 -0.903291 0.374155
vn -0.411321 -0.842108 0.348812
vn -0.568069 -0.760335 0.314941
vn -0.216583 -0.901950 0.373600
vn -0.007354 -0.923855 0.382673
vn -0.007354 -0.923855 0.382673
vn -0.209937 -0.903291 0.374155
vn -0.386724 -0.851997 0.352909
vn -0.568069 -0.760335 0.314941
vn -0.632440 -0.715646 0.296430
vn -0.685390 -0.672747 0.278661
vn -0.768108 -0.591579 0.245040
vn -0.988129 -0.141930 0.058789
vn -0.988129 -0.141930 0.058789
vn -0.964783 -0.243024 0.100664
vn -0.988129 -0.141930 0.058789
vn -0.964783 -0.243024 0.100664
vn -0.988129 -0.141930 0.058789
vn -0.964783 -0.243024 0.100664
vn 0.000000 -0.458086 -0.888908
vn 0.000000 -0.458086 -0.888908
vn 0.000000 -0.458086 -0.888908
vn 0.000000 -0.458086 -0.888908
vn -0.007354 0.923855 0.382673
vn 0.000000 0.923880 0.382683
vn -0.206968 0.903875 0.374397
vn 0.000000 0.923880 0.382683
vn -0.007354 0.923855 0.382673
vn -0.209937 0.903291 0.374155
vn -0.394954 0.848769 0.351572
vn -0.209937 0.903291 0.374155
vn -0.386724 0.851997 0.352909
vn -0.548980 0.772211 0.319860
vn -0.548980 0.772211 0.319860
vn -0.666611 0.688665 0.285255
vn -0.666611 0.688665 0.285255
vn -0.815948 0.534118 0.221239
vn -0.815948 0.534118 0.221239
vn -0.895154 0.411826 0.170584
vn -0.895154 0.411826 0.170584
vn -0.961913 0.252549 0.104609
vn -0.961913 0.252549 0.104609
vn -0.987350 0.146485 0.060676
vn -0.987350 0.146485 0.060676
vn -1.000000 -0.000000 -0.000000
vn -0.987350 0.146485 0.060676
vn -1.000000 -0.000000 -0.000000
vn -0.987350 0.146485 0.060676
vn -0.993085 0.108458 0.044925
vn -0.987350 0.146485 0.060676
vn -0.987350 0.146485 0.060676
vn -0.963352 0.247822 0.102651
vn -0.386724 0.851997 0.352909
vn -0.632440 0.715646 0.296430
vn -0.768108 0.591579 0.245040
vn -0.844718 0.494472 0.204817
vn -0.895154 0.411826 0.170584
vn -0.925563 0.349774 0.144881
vn -0.961913 0.252549 0.104609
vn -0.963352 0.247822 0.102651
vn -0.987350 0.146485 0.060676
vn -0.993085 0.108458 0.044925
vn -0.999999 0.000939 0.000389
vn -1.000000 -0.000000 -0.000000
vn -0.999999 0.000939 0.000389
vn -0.925563 0.349774 0.144881
vn -0.961913 0.252549 0.104609
vn -0.844718 0.494472 0.204817
vn -0.895154 0.411826 0.170584
vn -0.961913 0.252549 0.104609
vn -0.768108 0.591579 0.245040
vn -0.632440 0.715646 0.296430
vn -0.000000 -0.197716 0.980259
vn -0.000000 -0.156607 0.987661
vn -0.000000 -0.156607 0.987661
vn -0.000000 -0.044738 0.998999
vn -0.000000 -0.044738 0.998999
vn -0.000000 0.128338 0.991731
vn -0.000000 0.128338 0.991731
vn -0.000000 0.271763 0.962364
vn -0.000000 0.231482 0.972839
vn -0.000000 0.271763 0.962364
vn -0.000000 0.349476 0.936945
vn -0.000000 0.467219 0.884142
vn -0.000000 0.349476 0.936945
vn -0.000000 0.510889 0.859647
vn -0.000000 -0.049391 0.998780
vn -0.000000 0.063959 0.997953
vn -0.000000 0.231482 0.972839
vn -0.000000 0.585057 0.810992
vn -0.000000 0.720017 0.693957
vn -0.000000 0.709768 0.704435
vn -0.000000 0.829023 0.559215
vn -0.000000 0.720017 0.693957
vn -0.000000 0.829023 0.559215
vn -0.000000 0.921158 0.389189
vn -0.000000 0.921158 0.389189
vn -0.000000 0.510889 0.859647
vn -0.000000 0.063959 0.997953
vn -0.000000 -0.049391 0.998780
vn -0.000000 -0.156607 0.987661
vn -0.000000 -0.197716 0.980259
vn -0.000000 0.458086 -0.888908
vn -0.000000 0.553342 -0.832954
vn -0.000000 0.458086 -0.888908
vn -0.000000 0.589312 -0.807906
vn -0.000000 0.589312 -0.807906
vn -0.000000 0.678030 -0.735034
vn -0.000000 0.678030 -0.735034
vn -0.000000 0.750885 -0.660433
vn -0.000000 0.797979 -0.602685
vn -0.000000 0.851584 -0.524218
vn -0.000000 0.877696 -0.479218
vn -0.000000 0.909637 -0.415404
vn -0.000000 0.877696 -0.479218
vn -0.000000 0.969115 -0.246609
vn -0.000000 0.958474 -0.285180
vn -0.000000 0.988555 -0.150859
vn -0.000000 0.969115 -0.246609
vn -0.000000 0.999830 0.018427
vn -0.000000 0.999942 0.010761
vn -0.000000 0.981632 0.190783
vn -0.000000 0.999830 0.018427
vn -0.000000 0.981632 0.190783
vn -0.000000 0.671319 -0.741169
vn -0.000000 0.589312 -0.807906
vn -0.000000 0.589312 -0.807906
vn -0.000000 0.926555 0.376159
vn -0.000000 0.926555 0.376159
vn -0.000000 0.909637 -0.415404
vn -0.000000 0.851584 -0.524218
vn -0.000000 0.797979 -0.602685
vn -0.000000 0.750885 -0.660433
vn -0.000000 0.678030 -0.735034
vn -0.000000 0.678030 -0.735034
vn -0.000000 0.671319 -0.741169
vn -0.000000 0.589312 -0.807906
vn -0.000000 0.553342 -0.832954
vn -0.000000 0.458086 -0.888908
vn -0.000000 0.589312 -0.807906
vn 0.999999 0.000939 0.000389
vn 0.993085 0.108458 0.044925
vn 0.988129 0.141930 0.058789
vn 0.988129 0.141930 0.058789
vn 0.964783 0.243024 0.100664
vn 0.963352 0.247822 0.102651
vn 0.925563 0.349774 0.144881
vn 0.964783 0.243024 0.100664
vn 0.905580 0.391888 0.162325
vn 0.905580 0.391888 0.162325
vn 0.830593 0.514491 0.213109
vn 0.830593 0.514491 0.213109
vn 0.685390 0.672747 0.278661
vn 0.685390 0.672747 0.278661
vn 0.568069 0.760335 0.314941
vn 0.632440 0.715646 0.296430
vn 0.386724 0.851997 0.352909
vn 0.999999 0.000939 0.000389
vn 0.993085 0.108458 0.044925
vn 0.988129 0.141930 0.058789
vn 0.963352 0.247822 0.102651
vn 0.964783 0.243024 0.100664
vn 0.925563 0.349774 0.144881
vn 0.964783 0.243024 0.100664
vn 0.905580 0.391888 0.162325
vn 0.905580 0.391888 0.162325
vn 0.844718 0.494472 0.204817
vn 0.830593 0.514491 0.213109
vn 0.768108 0.591579 0.245040
vn 0.209937 0.903291 0.374155
vn 0.411321 0.842108 0.348812
vn 0.568069 0.760335 0.314941
vn 0.216583 0.901950 0.373600
vn 0.007354 0.923855 0.382673
vn 0.007354 0.923855 0.382673
vn 0.209937 0.903291 0.374155
vn 0.386724 0.851997 0.352909
vn 0.568069 0.760335 0.314941
vn 0.685390 0.672747 0.278661
vn 0.632440 0.715646 0.296430
vn 0.768108 0.591579 0.245040
vn 0.830593 0.514491 0.213109
vn 0.844718 0.494472 0.204817
vn 0.905580 0.391888 0.162325
vn 0.988129 0.141930 0.058789
vn 0.988129 0.141930 0.058789
vn 0.988129 0.141930 0.058789
vn 0.964783 0.243024 0.100664
vn 0.988129 0.141930 0.058789
vn 0.905580 0.391888 0.162325
vn 0.964783 0.243024 0.100664
vn 0.000000 0.458086 -0.888908
vn 0.000000 0.458086 -0.888908
vn 0.000000 0.458086 -0.888908
vn 0.000000 0.458086 -0.888908
vn -0.007354 0.923855 -0.382673
vn 0.000000 0.923880 -0.382683
vn -0.206968 0.903875 -0.374397
vn 0.000000 0.923880 -0.382683
vn -0.007354 0.923855 -0.382673
vn -0.209937 0.903291 -0.374155
vn -0.394954 0.848769 -0.351572
vn -0.209937 0.903291 -0.374155
vn -0.386724 0.851997 -0.352909
vn -0.548980 0.772211 -0.319860
vn -0.548980 0.772211 -0.319860
vn -0.666611 0.688665 -0.285255
vn -0.666611 0.688665 -0.285255
vn -0.815948 0.534118 -0.221239
vn -0.815948 0.534118 -0.221239
vn -0.895154 0.411826 -0.170584
vn -0.895154 0.411826 -0.170584
vn -0.961913 0.252549 -0.104609
vn -0.961913 0.252549 -0.104609
vn -0.987350 0.146485 -0.060676
vn -0.987350 0.146485 -0.060676
vn -1.000000 -0.000000 -0.000000
vn -0.987350 0.146485 -0.060676
vn -1.000000 -0.000000 -0.000000
vn -0.987350 0.146485 -0.060676
vn -0.993085 0.108458 -0.044925
vn -0.987350 0.146485 -0.060676
vn -0.987350 0.146485 -0.060676
vn -0.963352 0.247822 -0.102651
vn -0.386724 0.851997 -0.352909
vn -0.632440 0.715646 -0.296430
vn -0.768108 0.591579 -0.245040
vn -0.844718 0.494472 -0.204817
vn -0.895154 0.411826 -0.170584
vn -0.925563 0.349774 -0.144881
vn -0.961913 0.252549 -0.104609
vn -0.963352 0.247822 -0.102651
vn -0.987350 0.146485 -0.060676
vn -0.993085 0.108458 -0.044925
vn -0.999999 0.000939 -0.000389
vn -1.000000 -0.000000 -0.000000
vn -0.999999 0.000939 -0.000389
vn -0.925563 0.349774 -0.144881
vn -0.961913 0.252549 -0.104609
vn -0.844718 0.494472 -0.204817
vn -0.895154 0.411826 -0.170584
vn -0.961913 0.252549 -0.104609
vn -0.768108 0.591579 -0.245040
vn -0.632440 0.715646 -0.296430
vn -0.000000 0.553342 0.832954
vn -0.000000 0.587644 0.809120
vn -0.000000 0.587644 0.809120
vn -0.000000 0.674764 0.738033
vn -0.000000 0.674764 0.738033
vn -0.000000 0.792008 0.610511
vn -0.000000 0.792008 0.610511
vn -0.000000 0.872660 0.488329
vn -0.000000 0.851584 0.524218
vn -0.000000 0.872660 0.488329
vn -0.000000 0.909637 0.415404
vn -0.000000 0.955556 0.294809
vn -0.000000 0.909637 0.415404
vn -0.000000 0.969115 0.246609
vn -0.000000 0.671319 0.741169
vn -0.000000 0.750885 0.660433
vn -0.000000 0.851584 0.524218
vn -0.000000 0.987156 0.159760
vn -0.000000 0.999830 -0.018427
vn -0.000000 0.999993 -0.003771
vn -0.000000 0.981632 -0.190783
vn -0.000000 0.999830 -0.018427
vn -0.000000 0.981632 -0.190783
vn -0.000000 0.926555 -0.376159
vn -0.000000 0.926555 -0.376159
vn -0.000000 0.969115 0.246609
vn -0.000000 0.750885 0.660433
vn -0.000000 0.671319 0.741169
vn -0.000000 0.587644 0.809120
vn -0.000000 0.553342 0.832954
vn 0.000000 -0.304638 -0.952468
vn 0.000000 -0.197716 -0.980259
vn 0.000000 -0.304638 -0.952468
vn 0.000000 -0.154569 -0.987982
vn 0.000000 -0.154569 -0.987982
vn 0.000000 -0.040308 -0.999187
vn 0.000000 -0.040308 -0.999187
vn -0.000000 0.063959 -0.997953
vn -0.000000 0.138094 -0.990419
vn -0.000000 0.231482 -0.972839
vn -0.000000 0.281766 -0.959483
vn -0.000000 0.349476 -0.936945
vn -0.000000 0.281766 -0.959483
vn -0.000000 0.510889 -0.859647
vn -0.000000 0.476091 -0.879396
vn -0.000000 0.592341 -0.805687
vn -0.000000 0.510889 -0.859647
vn -0.000000 0.720017 -0.693957
vn -0.000000 0.714675 -0.699457
vn -0.000000 0.829023 -0.559215
vn -0.000000 0.720017 -0.693957
vn -0.000000 0.829023 -0.559215
vn 0.000000 -0.049391 -0.998780
vn 0.000000 -0.154569 -0.987982
vn 0.000000 -0.154569 -0.987982
vn -0.000000 0.921158 -0.389189
vn -0.000000 0.921158 -0.389189
vn -0.000000 0.349476 -0.936945
vn -0.000000 0.231482 -0.972839
vn -0.000000 0.138094 -0.990419
vn -0.000000 0.063959 -0.997953
vn 0.000000 -0.040308 -0.999187
vn 0.000000 -0.040308 -0.999187
vn 0.000000 -0.049391 -0.998780
vn 0.000000 -0.154569 -0.987982
vn 0.000000 -0.197716 -0.980259
vn 0.000000 -0.304638 -0.952468
vn 0.000000 -0.154569 -0.987982
vn 0.999999 0.000939 -0.000389
vn 0.993085 0.108458 -0.044925
vn 0.988129 0.141930 -0.058789
vn 0.988129 0.141930 -0.058789
vn 0.964783 0.243024 -0.100664
vn 0.963352 0.247822 -0.102651
vn 0.925563 0.349774 -0.144881
vn 0.964783 0.243024 -0.100664
vn 0.905580 0.391888 -0.162325
vn 0.905580 0.391888 -0.162325
vn 0.830593 0.514491 -0.213109
vn 0.830593 0.514491 -0.213109
vn 0.685390 0.672747 -0.278661
vn 0.685390 0.672747 -0.278661
vn 0.568069 0.760335 -0.314941
vn 0.632440 0.715646 -0.296430
vn 0.386724 0.851997 -0.352909
vn 0.999999 0.000939 -0.000389
vn 0.993085 0.108458 -0.044925
vn 0.988129 0.141930 -0.058789
vn 0.963352 0.247822 -0.102651
vn 0.964783 0.243024 -0.100664
vn 0.925563 0.349774 -0.144881
vn 0.964783 0.243024 -0.100664
vn 0.905580 0.391888 -0.162325
vn 0.905580 0.391888 -0.162325
vn 0.844718 0.494472 -0.204817
vn 0.830593 0.514491 -0.213109
vn 0.768108 0.591579 -0.245040
vn 0.209937 0.903291 -0.374155
vn 0.411321 0.842108 -0.348812
vn 0.568069 0.760335 -0.314941
vn 0.216583 0.901950 -0.373600
vn 0.007354 0.923855 -0.382673
vn 0.007354 0.923855 -0.382673
vn 0.209937 0.903291 -0.374155
vn 0.386724 0.851997 -0.352909
vn 0.568069 0.760335 -0.314941
vn 0.685390 0.672747 -0.278661
vn 0.632440 0.715646 -0.296430
vn 0.768108 0.591579 -0.245040
vn 0.830593 0.514491 -0.213109
vn 0.844718 0.494472 -0.204817
vn 0.905580 0.391888 -0.162325
vn 0.988129 0.141930 -0.058789
vn 0.988129 0.141930 -0.058789
vn 0.988129 0.141930 -0.058789
vn 0.964783 0.243024 -0.100664
vn 0.988129 0.141930 -0.058789
vn 0.905580 0.391888 -0.162325
vn 0.964783 0.243024 -0.100664
vn -0.000000 -0.304638 -0.952468
vn -0.000000 -0.304638 -0.952468
vn -0.000000 -0.304638 -0.952468
vn -0.000000 -0.304638 -0.952468
vn -0.000000 -0.923880 -0.382683
vn 0.007354 -0.923855 -0.382673
vn -0.000000 -0.923880 -0.382683
vn 0.206968 -0.903875 -0.374397
vn 0.007354 -0.923855 -0.382673
vn 0.209937 -0.903291 -0.374155
vn 0.394954 -0.848769 -0.351572
vn 0.386724 -0.851997 -0.352909
vn 0.548980 -0.772211 -0.319860
vn 0.666611 -0.688665 -0.285255
vn 0.666611 -0.688665 -0.285255
vn 0.815948 -0.534118 -0.221239
vn 0.768108 -0.591579 -0.245040
vn 0.844718 -0.494472 -0.204817
vn 0.209937 -0.903291 -0.374155
vn 0.386724 -0.851997 -0.352909
vn 0.548980 -0.772211 -0.319860
vn 0.632440 -0.715646 -0.296430
vn 0.925563 -0.349774 -0.144881
vn 0.895154 -0.411826 -0.170584
vn 0.895154 -0.411826 -0.170584
vn 0.815948 -0.534118 -0.221239
vn 0.632440 -0.715646 -0.296430
vn 0.963352 -0.247822 -0.102651
vn 0.961913 -0.252549 -0.104609
vn 0.961913 -0.252549 -0.104609
vn 0.993085 -0.108458 -0.044925
vn 0.987350 -0.146485 -0.060676
vn 0.987350 -0.146485 -0.060676
vn 0.987350 -0.146485 -0.060676
vn 0.987350 -0.146485 -0.060676
vn 0.987350 -0.146485 -0.060676
vn 0.987350 -0.146485 -0.060676
vn 0.961913 -0.252549 -0.104609
vn 0.961913 -0.252549 -0.104609
vn 0.895154 -0.411826 -0.170584
vn 0.925563 -0.349774 -0.144881
vn 0.844718 -0.494472 -0.204817
vn 0.999999 -0.000939 -0.000389
vn 0.999999 -0.000939 -0.000389
vn 0.993085 -0.108458 -0.044925
vn 0.987350 -0.146485 -0.060676
vn 0.963352 -0.247822 -0.102651
vn 0.895154 -0.411826 -0.170584
vn 0.768108 -0.591579 -0.245040
vn 0.961913 -0.252549 -0.104609
vn -0.000000 -0.921158 -0.389189
vn -0.000000 -0.921158 -0.389189
vn -0.000000 -0.829023 -0.559215
vn -0.000000 -0.829023 -0.559215
vn -0.000000 -0.720017 -0.693957
vn -0.000000 -0.709768 -0.704435
vn -0.000000 -0.585057 -0.810992
vn -0.000000 -0.720017 -0.693957
vn -0.000000 -0.510889 -0.859647
vn -0.000000 -0.467219 -0.884142
vn -0.000000 -0.349476 -0.936945
vn -0.000000 -0.271763 -0.962364
vn -0.000000 -0.231482 -0.972839
vn -0.000000 -0.128338 -0.991731
vn -0.000000 -0.063959 -0.997953
vn 0.000000 0.044738 -0.998999
vn 0.000000 0.049391 -0.998780
vn 0.000000 0.156607 -0.987661
vn 0.000000 0.197716 -0.980259
vn 0.000000 0.304638 -0.952468
vn 0.000000 0.304638 -0.952468
vn 0.000000 0.304638 -0.952468
vn 0.000000 0.197716 -0.980259
vn 0.000000 0.156607 -0.987661
vn 0.000000 0.044738 -0.998999
vn -0.000000 -0.063959 -0.997953
vn -0.000000 -0.128338 -0.991731
vn -0.000000 -0.231482 -0.972839
vn 0.000000 0.156607 -0.987661
vn 0.000000 0.049391 -0.998780
vn -0.000000 -0.271763 -0.962364
vn -0.000000 -0.349476 -0.936945
vn -0.000000 -0.510889 -0.859647
vn -0.000000 -0.926555 -0.376159
vn -0.000000 -0.926555 -0.376159
vn -0.000000 -0.981632 -0.190783
vn -0.000000 -0.981632 -0.190783
vn -0.000000 -0.999830 -0.018427
vn -0.000000 -0.999942 -0.010761
vn 0.000000 -0.988555 0.150859
vn -0.000000 -0.999830 -0.018427
vn 0.000000 -0.969115 0.246609
vn 0.000000 -0.958474 0.285180
vn 0.000000 -0.877696 0.479218
vn 0.000000 -0.909637 0.415404
vn 0.000000 -0.877696 0.479218
vn 0.000000 -0.851584 0.524218
vn 0.000000 -0.797979 0.602685
vn 0.000000 -0.750885 0.660433
vn 0.000000 -0.678030 0.735034
vn 0.000000 -0.678030 0.735034
vn 0.000000 -0.589312 0.807906
vn 0.000000 -0.671319 0.741169
vn 0.000000 -0.589312 0.807906
vn 0.000000 -0.589312 0.807906
vn 0.000000 -0.553342 0.832954
vn 0.000000 -0.969115 0.246609
vn 0.000000 -0.553342 0.832954
vn 0.000000 -0.589312 0.807906
vn 0.000000 -0.589312 0.807906
vn 0.000000 -0.678030 0.735034
vn 0.000000 -0.678030 0.735034
vn 0.000000 -0.750885 0.660433
vn 0.000000 -0.797979 0.602685
vn 0.000000 -0.851584 0.524218
vn 0.000000 -0.909637 0.415404
vn 0.000000 -0.671319 0.741169
vn 0.000000 -0.589312 0.807906
vn -1.000000 -0.000000 -0.000000
vn -1.000000 -0.000000 -0.000000
vn -0.999999 -0.000939 -0.000389
vn -0.993085 -0.108458 -0.044925
vn -0.988129 -0.141930 -0.058789
vn -0.963352 -0.247822 -0.102651
vn -0.964783 -0.243024 -0.100664
vn -0.925563 -0.349774 -0.144881
vn -0.905580 -0.391888 -0.162325
vn -0.844718 -0.494472 -0.204817
vn -0.905580 -0.391888 -0.162325
vn -0.830593 -0.514491 -0.213109
vn -0.830593 -0.514491 -0.213109
vn -0.685390 -0.672747 -0.278661
vn -0.685390 -0.672747 -0.278661
vn -0.568069 -0.760335 -0.314941
vn -0.632440 -0.715646 -0.296430
vn -0.386724 -0.851997 -0.352909
vn -1.000000 -0.000000 -0.000000
vn -0.999999 -0.000939 -0.000389
vn -0.993085 -0.108458 -0.044925
vn -0.988129 -0.141930 -0.058789
vn -0.988129 -0.141930 -0.058789
vn -0.963352 -0.247822 -0.102651
vn -0.964783 -0.243024 -0.100664
vn -0.925563 -0.349774 -0.144881
vn -0.964783 -0.243024 -0.100664
vn -0.905580 -0.391888 -0.162325
vn -0.905580 -0.391888 -0.162325
vn -0.830593 -0.514491 -0.213109
vn -0.905580 -0.391888 -0.162325
vn -0.905580 -0.391888 -0.162325
vn -0.844718 -0.494472 -0.204817
vn -0.830593 -0.514491 -0.213109
vn -0.768108 -0.591579 -0.245040
vn -0.209937 -0.903291 -0.374155
vn -0.411321 -0.842108 -0.348812
vn -0.568069 -0.760335 -0.314941
vn -0.216583 -0.901950 -0.373600
vn -0.007354 -0.923855 -0.382673
vn -0.007354 -0.923855 -0.382673
vn -0.209937 -0.903291 -0.374155
vn -0.386724 -0.851997 -0.352909
vn -0.568069 -0.760335 -0.314941
vn -0.632440 -0.715646 -0.296430
vn -0.685390 -0.672747 -0.278661
vn -0.768108 -0.591579 -0.245040
vn -0.988129 -0.141930 -0.058789
vn -0.988129 -0.141930 -0.058789
vn -0.964783 -0.243024 -0.100664
vn -0.988129 -0.141930 -0.058789
vn -0.964783 -0.243024 -0.100664
vn -0.988129 -0.141930 -0.058789
vn -0.964783 -0.243024 -0.100664
vn 0.000000 0.304638 -0.952468
vn 0.000000 0.304638 -0.952468
vn 0.000000 0.304638 -0.952468
vn 0.000000 0.304638 -0.952468
vn -0.007354 -0.923855 -0.382673
vn 0.000000 -0.923880 -0.382683
vn -0.206968 -0.903875 -0.374397
vn 0.000000 -0.923880 -0.382683
vn -0.007354 -0.923855 -0.382673
vn -0.209937 -0.903291 -0.374155
vn -0.394954 -0.848769 -0.351572
vn -0.209937 -0.903291 -0.374155
vn -0.386724 -0.851997 -0.352909
vn -0.548980 -0.772211 -0.319860
vn -0.548980 -0.772211 -0.319860
vn -0.666611 -0.688665 -0.285255
vn -0.666611 -0.688665 -0.285255
vn -0.815948 -0.534118 -0.221239
vn -0.815948 -0.534118 -0.221239
vn -0.895154 -0.411826 -0.170584
vn -0.895154 -0.411826 -0.170584
vn -0.961913 -0.252549 -0.104609
vn -0.961913 -0.252549 -0.104609
vn -0.987350 -0.146485 -0.060676
vn -0.987350 -0.146485 -0.060676
vn -1.000000 -0.000000 0.000000
vn -0.987350 -0.146485 -0.060676
vn -1.000000 -0.000000 0.000000
vn -0.987350 -0.146485 -0.060676
vn -0.993085 -0.108458 -0.044925
vn -0.987350 -0.146485 -0.060676
vn -0.987350 -0.146485 -0.060676
vn -0.963352 -0.247822 -0.102651
vn -0.386724 -0.851997 -0.352909
vn -0.632440 -0.715646 -0.296430
vn -0.768108 -0.591579 -0.245040
vn -0.844718 -0.494472 -0.204817
vn -0.895154 -0.411826 -0.170584
vn -0.925563 -0.349774 -0.144881
vn -0.961913 -0.252549 -0.104609
vn -0.963352 -0.247822 -0.102651
vn -0.987350 -0.146485 -0.060676
vn -0.993085 -0.108458 -0.044925
vn -0.999999 -0.000939 -0.000389
vn -1.000000 -0.000000 0.000000
vn -0.999999 -0.000939 -0.000389
vn -0.925563 -0.349774 -0.144881
vn -0.961913 -0.252549 -0.104609
vn -0.844718 -0.494472 -0.204817
vn -0.895154 -0.411826 -0.170584
vn -0.961913 -0.252549 -0.104609
vn -0.768108 -0.591579 -0.245040
vn -0.632440 -0.715646 -0.296430
vn -0.000000 0.197716 -0.980259
vn -0.000000 0.156607 -0.987661
vn -0.000000 0.156607 -0.987661
vn -0.000000 0.044738 -0.998999
vn -0.000000 0.044738 -0.998999
vn 0.000000 -0.128338 -0.991731
vn 0.000000 -0.128338 -0.991731
vn 0.000000 -0.271763 -0.962364
vn 0.000000 -0.231482 -0.972839
vn 0.000000 -0.271763 -0.962364
vn 0.000000 -0.349476 -0.936945
vn 0.000000 -0.467219 -0.884142
vn 0.000000 -0.349476 -0.936945
vn 0.000000 -0.510889 -0.859647
vn -0.000000 0.049391 -0.998780
vn 0.000000 -0.063959 -0.997953
vn 0.000000 -0.231482 -0.972839
vn 0.000000 -0.585057 -0.810992
vn 0.000000 -0.720017 -0.693957
vn 0.000000 -0.709768 -0.704435
vn 0.000000 -0.829023 -0.559215
vn 0.000000 -0.720017 -0.693957
vn 0.000000 -0.829023 -0.559215
vn 0.000000 -0.921158 -0.389189
vn 0.000000 -0.921158 -0.389189
vn 0.000000 -0.510889 -0.859647
vn 0.000000 -0.063959 -0.997953
vn -0.000000 0.049391 -0.998780
vn -0.000000 0.156607 -0.987661
vn -0.000000 0.197716 -0.980259
vn -0.000000 -0.458086 0.888908
vn -0.000000 -0.553342 0.832954
vn -0.000000 -0.458086 0.888908
vn -0.000000 -0.589312 0.807906
vn -0.000000 -0.589312 0.807906
vn -0.000000 -0.678030 0.735034
vn -0.000000 -0.678030 0.735034
vn -0.000000 -0.750885 0.660433
vn -0.000000 -0.797979 0.602685
vn -0.000000 -0.851584 0.524218
vn -0.000000 -0.877696 0.479218
vn -0.000000 -0.909637 0.415404
vn -0.000000 -0.877696 0.479218
vn -0.000000 -0.969115 0.246609
vn -0.000000 -0.958474 0.285180
vn -0.000000 -0.988555 0.150859
vn -0.000000 -0.969115 0.246609
vn 0.000000 -0.999830 -0.018427
vn 0.000000 -0.999942 -0.010761
vn 0.000000 -0.981632 -0.190783
vn 0.000000 -0.999830 -0.018427
vn 0.000000 -0.981632 -0.190783
vn -0.000000 -0.671319 0.741169
vn -0.000000 -0.589312 0.807906
vn -0.000000 -0.589312 0.807906
vn 0.000000 -0.926555 -0.376159
vn 0.000000 -0.926555 -0.376159
vn -0.000000 -0.909637 0.415404
vn -0.000000 -0.851584 0.524218
vn -0.000000 -0.797979 0.602685
vn -0.000000 -0.750885 0.660433
vn -0.000000 -0.678030 0.735034
vn -0.000000 -0.678030 0.735034
vn -0.000000 -0.671319 0.741169
vn -0.000000 -0.589312 0.807906
vn -0.000000 -0.553342 0.832954
vn -0.000000 -0.458086 0.888908
vn -0.000000 -0.589312 0.807906
vn 0.999999 -0.000939 -0.000389
vn 0.993085 -0.108458 -0.044925
vn 0.988129 -0.141930 -0.058789
vn 0.988129 -0.141930 -0.058789
vn 0.964783 -0.243024 -0.100664
vn 0.963352 -0.247822 -0.102651
vn 0.925563 -0.349774 -0.144881
vn 0.964783 -0.243024 -0.100664
vn 0.905580 -0.391888 -0.162325
vn 0.905580 -0.391888 -0.162325
vn 0.830593 -0.514491 -0.213109
vn 0.830593 -0.514491 -0.213109
vn 0.685390 -0.672747 -0.278661
vn 0.685390 -0.672747 -0.278661
vn 0.568069 -0.760335 -0.314941
vn 0.632440 -0.715646 -0.296430
vn 0.386724 -0.851997 -0.352909
vn 0.999999 -0.000939 -0.000389
vn 0.993085 -0.108458 -0.044925
vn 0.988129 -0.141930 -0.058789
vn 0.963352 -0.247822 -0.102651
vn 0.964783 -0.243024 -0.100664
vn 0.925563 -0.349774 -0.144881
vn 0.964783 -0.243024 -0.100664
vn 0.905580 -0.391888 -0.162325
vn 0.905580 -0.391888 -0.162325
vn 0.844718 -0.494472 -0.204817
vn 0.830593 -0.514491 -0.213109
vn 0.768108 -0.591579 -0.245040
vn 0.209937 -0.903291 -0.374155
vn 0.411321 -0.842108 -0.348812
vn 0.568069 -0.760335 -0.314941
vn 0.216583 -0.901950 -0.373600
vn 0.007354 -0.923855 -0.382673
vn 0.007354 -0.923855 -0.382673
vn 0.209937 -0.903291 -0.374155
vn 0.386724 -0.851997 -0.352909
vn 0.568069 -0.760335 -0.314941
vn 0.685390 -0.672747 -0.278661
vn 0.632440 -0.715646 -0.296430
vn 0.768108 -0.591579 -0.245040
vn 0.830593 -0.514491 -0.213109
vn 0.844718 -0.494472 -0.204817
vn 0.905580 -0.391888 -0.162325
vn 0.988129 -0.141930 -0.058789
vn 0.988129 -0.141930 -0.058789
vn 0.988129 -0.141930 -0.058789
vn 0.964783 -0.243024 -0.100664
vn 0.988129 -0.141930 -0.058789
vn 0.905580 -0.391888 -0.162325
vn 0.964783 -0.243024 -0.100664
vn 0.000000 -0.458086 0.888908
vn 0.000000 -0.458086 0.888908
vn 0.000000 -0.458086 0.888908
vn 0.000000 -0.458086 0.888908
vn -0.000000 -0.382683 -0.923880
vn 0.007354 -0.382673 -0.923855
vn -0.000000 -0.382683 -0.923880
vn 0.206968 -0.374397 -0.903875
vn 0.007354 -0.382673 -0.923855
vn 0.209937 -0.374155 -0.903291
vn 0.394954 -0.351572 -0.848769
vn 0.386724 -0.352909 -0.851997
vn 0.548980 -0.319860 -0.772211
vn 0.666611 -0.285255 -0.688665
vn 0.666611 -0.285255 -0.688665
vn 0.815948 -0.221239 -0.534118
vn 0.768108 -0.245040 -0.591579
vn 0.844718 -0.204817 -0.494472
vn 0.209937 -0.374155 -0.903291
vn 0.386724 -0.352909 -0.851997
vn 0.548980 -0.319860 -0.772211
vn 0.632440 -0.296430 -0.715646
vn 0.925563 -0.144881 -0.349774
vn 0.895154 -0.170584 -0.411826
vn 0.895154 -0.170584 -0.411826
vn 0.815948 -0.221239 -0.534118
vn 0.632440 -0.296430 -0.715646
vn 0.963352 -0.102651 -0.247822
vn 0.961913 -0.104609 -0.252549
vn 0.961913 -0.104609 -0.252549
vn 0.993085 -0.044925 -0.108458
vn 0.987350 -0.060676 -0.146485
vn 0.987350 -0.060676 -0.146485
vn 0.987350 -0.060676 -0.146485
vn 0.987350 -0.060676 -0.146485
vn 0.987350 -0.060676 -0.146485
vn 0.987350 -0.060676 -0.146485
vn 0.961913 -0.104609 -0.252549
vn 0.961913 -0.104609 -0.252549
vn 0.895154 -0.170584 -0.411826
vn 0.925563 -0.144881 -0.349774
vn 0.844718 -0.204817 -0.494472
vn 0.999999 -0.000389 -0.000939
vn 0.999999 -0.000389 -0.000939
vn 0.993085 -0.044925 -0.108458
vn 0.987350 -0.060676 -0.146485
vn 0.963352 -0.102651 -0.247822
vn 0.895154 -0.170584 -0.411826
vn 0.768108 -0.245040 -0.591579
vn 0.961913 -0.104609 -0.252549
vn -0.000000 -0.376159 -0.926555
vn -0.000000 -0.376159 -0.926555
vn -0.000000 -0.190783 -0.981632
vn -0.000000 -0.190783 -0.981632
vn -0.000000 -0.018427 -0.999830
vn -0.000000 -0.003771 -0.999993
vn 0.000000 0.159760 -0.987156
vn -0.000000 -0.018427 -0.999830
vn 0.000000 0.246609 -0.969115
vn 0.000000 0.294809 -0.955556
vn 0.000000 0.415404 -0.909637
vn 0.000000 0.488329 -0.872660
vn 0.000000 0.524218 -0.851584
vn 0.000000 0.610511 -0.792008
vn 0.000000 0.660433 -0.750885
vn 0.000000 0.738033 -0.674764
vn 0.000000 0.741169 -0.671319
vn 0.000000 0.809120 -0.587644
vn 0.000000 0.832954 -0.553342
vn 0.000000 0.888908 -0.458086
vn 0.000000 0.888908 -0.458086
vn 0.000000 0.888908 -0.458086
vn 0.000000 0.832954 -0.553342
vn 0.000000 0.809120 -0.587644
vn 0.000000 0.738033 -0.674764
vn 0.000000 0.660433 -0.750885
vn 0.000000 0.610511 -0.792008
vn 0.000000 0.524218 -0.851584
vn 0.000000 0.809120 -0.587644
vn 0.000000 0.741169 -0.671319
vn 0.000000 0.488329 -0.872660
vn 0.000000 0.415404 -0.909637
vn 0.000000 0.246609 -0.969115
vn -0.000000 -0.389189 -0.921158
vn -0.000000 -0.389189 -0.921158
vn -0.000000 -0.559215 -0.829023
vn -0.000000 -0.559215 -0.829023
vn -0.000000 -0.693957 -0.720017
vn -0.000000 -0.699457 -0.714675
vn -0.000000 -0.805687 -0.592341
vn -0.000000 -0.693957 -0.720017
vn -0.000000 -0.859647 -0.510889
vn -0.000000 -0.879396 -0.476091
vn -0.000000 -0.959483 -0.281766
vn -0.000000 -0.936945 -0.349476
vn -0.000000 -0.959483 -0.281766
vn -0.000000 -0.972839 -0.231482
vn -0.000000 -0.990419 -0.138094
vn -0.000000 -0.997953 -0.063959
vn 0.000000 -0.999187 0.040308
vn 0.000000 -0.999187 0.040308
vn 0.000000 -0.987982 0.154569
vn 0.000000 -0.998780 0.049391
vn 0.000000 -0.987982 0.154569
vn 0.000000 -0.987982 0.154569
vn 0.000000 -0.980259 0.197716
vn -0.000000 -0.859647 -0.510889
vn 0.000000 -0.980259 0.197716
vn 0.000000 -0.987982 0.154569
vn 0.000000 -0.987982 0.154569
vn 0.000000 -0.999187 0.040308
vn 0.000000 -0.999187 0.040308
vn -0.000000 -0.997953 -0.063959
vn -0.000000 -0.990419 -0.138094
vn -0.000000 -0.972839 -0.231482
vn -0.000000 -0.936945 -0.349476
vn 0.000000 -0.998780 0.049391
vn 0.000000 -0.987982 0.154569
vn -1.000000 -0.000000 -0.000000
vn -1.000000 -0.000000 -0.000000
vn -0.999999 -0.000389 -0.000939
vn -0.993085 -0.044925 -0.108458
vn -0.988129 -0.058789 -0.141930
vn -0.963352 -0.102651 -0.247822
vn -0.964783 -0.100664 -0.243024
vn -0.925563 -0.144881 -0.349774
vn -0.905580 -0.162325 -0.391888
vn -0.844718 -0.204817 -0.494472
vn -0.905580 -0.162325 -0.391888
vn -0.830593 -0.213109 -0.514491
vn -0.830593 -0.213109 -0.514491
vn -0.685390 -0.278661 -0.672747
vn -0.685390 -0.278661 -0.672747
vn -0.568069 -0.314941 -0.760335
vn -0.632440 -0.296430 -0.715646
vn -0.386724 -0.352909 -0.851997
vn -1.000000 -0.000000 -0.000000
vn -0.999999 -0.000389 -0.000939
vn -0.993085 -0.044925 -0.108458
vn -0.988129 -0.058789 -0.141930
vn -0.988129 -0.058789 -0.141930
vn -0.963352 -0.102651 -0.247822
vn -0.964783 -0.100664 -0.243024
vn -0.925563 -0.144881 -0.349774
vn -0.964783 -0.100664 -0.243024
vn -0.905580 -0.162325 -0.391888
vn -0.905580 -0.162325 -0.391888
vn -0.830593 -0.213109 -0.514491
vn -0.905580 -0.162325 -0.391888
vn -0.905580 -0.162325 -0.391888
vn -0.844718 -0.204817 -0.494472
vn -0.830593 -0.213109 -0.514491
vn -0.768108 -0.245040 -0.591579
vn -0.209937 -0.374155 -0.903291
vn -0.411321 -0.348812 -0.842108
vn -0.568069 -0.314941 -0.760335
vn -0.216583 -0.373600 -0.901950
vn -0.007354 -0.382673 -0.923855
vn -0.007354 -0.382673 -0.923855
vn -0.209937 -0.374155 -0.903291
vn -0.386724 -0.352909 -0.851997
vn -0.568069 -0.314941 -0.760335
vn -0.632440 -0.296430 -0.715646
vn -0.685390 -0.278661 -0.672747
vn -0.768108 -0.245040 -0.591579
vn -0.988129 -0.058789 -0.141930
vn -0.988129 -0.058789 -0.141930
vn -0.964783 -0.100664 -0.243024
vn -0.988129 -0.058789 -0.141930
vn -0.964783 -0.100664 -0.243024
vn -0.988129 -0.058789 -0.141930
vn -0.964783 -0.100664 -0.243024
vn 0.000000 0.888908 -0.458086
vn 0.000000 0.888908 -0.458086
vn 0.000000 0.888908 -0.458086
vn 0.000000 0.888908 -0.458086
vn -0.007354 0.382673 0.923855
vn 0.000000 0.382683 0.923880
vn -0.206968 0.374397 0.903875
vn 0.000000 0.382683 0.923880
vn -0.007354 0.382673 0.923855
vn -0.209937 0.374155 0.903291
vn -0.394954 0.351572 0.848769
vn -0.209937 0.374155 0.903291
vn -0.386724 0.352909 0.851997
vn -0.548980 0.319860 0.772211
vn -0.548980 0.319860 0.772211
vn -0.666611 0.285255 0.688665
vn -0.666611 0.285255 0.688665
vn -0.815948 0.221239 0.534118
vn -0.815948 0.221239 0.534118
vn -0.895154 0.170584 0.411826
vn -0.895154 0.170584 0.411826
vn -0.961913 0.104609 0.252549
vn -0.961913 0.104609 0.252549
vn -0.987350 0.060676 0.146485
vn -0.987350 0.060676 0.146485
vn -1.000000 -0.000000 -0.000000
vn -0.987350 0.060676 0.146485
vn -1.000000 -0.000000 -0.000000
vn -0.987350 0.060676 0.146485
vn -0.993085 0.044925 0.108458
vn -0.987350 0.060676 0.146485
vn -0.987350 0.060676 0.146485
vn -0.963352 0.102651 0.247822
vn -0.386724 0.352909 0.851997
vn -0.632440 0.296430 0.715646
vn -0.768108 0.245040 0.591579
vn -0.844718 0.204817 0.494472
vn -0.895154 0.170584 0.411826
vn -0.925563 0.144881 0.349774
vn -0.961913 0.104609 0.252549
vn -0.963352 0.102651 0.247822
vn -0.987350 0.060676 0.146485
vn -0.993085 0.044925 0.108458
vn -0.999999 0.000389 0.000939
vn -1.000000 -0.000000 -0.000000
vn -0.999999 0.000389 0.000939
vn -0.925563 0.144881 0.349774
vn -0.961913 0.104609 0.252549
vn -0.844718 0.204817 0.494472
vn -0.895154 0.170584 0.411826
vn -0.961913 0.104609 0.252549
vn -0.768108 0.245040 0.591579
vn -0.632440 0.296430 0.715646
vn -0.000000 -0.832954 0.553342
vn -0.000000 -0.809120 0.587644
vn -0.000000 -0.809120 0.587644
vn -0.000000 -0.738033 0.674764
vn -0.000000 -0.738033 0.674764
vn -0.000000 -0.610511 0.792008
vn -0.000000 -0.610511 0.792008
vn -0.000000 -0.488329 0.872660
vn -0.000000 -0.524218 0.851584
vn -0.000000 -0.488329 0.872660
vn -0.000000 -0.415404 0.909637
vn -0.000000 -0.294809 0.955556
vn -0.000000 -0.415404 0.909637
vn -0.000000 -0.246609 0.969115
vn -0.000000 -0.741169 0.671319
vn -0.000000 -0.660433 0.750885
vn -0.000000 -0.524218 0.851584
vn -0.000000 -0.159760 0.987156
vn -0.000000 0.018427 0.999830
vn -0.000000 0.003771 0.999993
vn -0.000000 0.190783 0.981632
vn -0.000000 0.018427 0.999830
vn -0.000000 0.190783 0.981632
vn -0.000000 0.376159 0.926555
vn -0.000000 0.376159 0.926555
vn -0.000000 -0.246609 0.969115
vn -0.000000 -0.660433 0.750885
vn -0.000000 -0.741169 0.671319
vn -0.000000 -0.809120 0.587644
vn -0.000000 -0.832954 0.553342
vn -0.000000 0.952468 -0.304638
vn -0.000000 0.980259 -0.197716
vn -0.000000 0.952468 -0.304638
vn -0.000000 0.987982 -0.154569
vn -0.000000 0.987982 -0.154569
vn -0.000000 0.999187 -0.040308
vn -0.000000 0.999187 -0.040308
vn -0.000000 0.997953 0.063959
vn -0.000000 0.990419 0.138094
vn -0.000000 0.972839 0.231482
vn -0.000000 0.959483 0.281766
vn -0.000000 0.936945 0.349476
vn -0.000000 0.959483 0.281766
vn -0.000000 0.859647 0.510889
vn -0.000000 0.879396 0.476091
vn -0.000000 0.805687 0.592341
vn -0.000000 0.859647 0.510889
vn -0.000000 0.693957 0.720017
vn -0.000000 0.699457 0.714675
vn -0.000000 0.559215 0.829023
vn -0.000000 0.693957 0.720017
vn -0.000000 0.559215 0.829023
vn -0.000000 0.998780 -0.049391
vn -0.000000 0.987982 -0.154569
vn -0.000000 0.987982 -0.154569
vn -0.000000 0.389189 0.921158
vn -0.000000 0.389189 0.921158
vn -0.000000 0.936945 0.349476
vn -0.000000 0.972839 0.231482
vn -0.000000 0.990419 0.138094
vn -0.000000 0.997953 0.063959
vn -0.000000 0.999187 -0.040308
vn -0.000000 0.999187 -0.040308
vn -0.000000 0.998780 -0.049391
vn -0.000000 0.987982 -0.154569
vn -0.000000 0.980259 -0.197716
vn -0.000000 0.952468 -0.304638
vn -0.000000 0.987982 -0.154569
vn 0.999999 0.000389 0.000939
vn 0.993085 0.044925 0.108458
vn 0.988129 0.058789 0.141930
vn 0.988129 0.058789 0.141930
vn 0.964783 0.100664 0.243024
vn 0.963352 0.102651 0.247822
vn 0.925563 0.144881 0.349774
vn 0.964783 0.100664 0.243024
vn 0.905580 0.162325 0.391888
vn 0.905580 0.162325 0.391888
vn 0.830593 0.213109 0.514491
vn 0.830593 0.213109 0.514491
vn 0.685390 0.278661 0.672747
vn 0.685390 0.278661 0.672747
vn 0.568069 0.314941 0.760335
vn 0.632440 0.296430 0.715646
vn 0.386724 0.352909 0.851997
vn 0.999999 0.000389 0.000939
vn 0.993085 0.044925 0.108458
vn 0.988129 0.058789 0.141930
vn 0.963352 0.102651 0.247822
vn 0.964783 0.100664 0.243024
vn 0.925563 0.144881 0.349774
vn 0.964783 0.100664 0.243024
vn 0.905580 0.162325 0.391888
vn 0.905580 0.162325 0.391888
vn 0.844718 0.204817 0.494472
vn 0.830593 0.213109 0.514491
vn 0.768108 0.245040 0.591579
vn 0.209937 0.374155 0.903291
vn 0.411321 0.348812 0.842108
vn 0.568069 0.314941 0.760335
vn 0.216583 0.373600 0.901950
vn 0.007354 0.382673 0.923855
vn 0.007354 0.382673 0.923855
vn 0.209937 0.374155 0.903291
vn 0.386724 0.352909 0.851997
vn 0.568069 0.314941 0.760335
vn 0.685390 0.278661 0.672747
vn 0.632440 0.296430 0.715646
vn 0.768108 0.245040 0.591579
vn 0.830593 0.213109 0.514491
vn 0.844718 0.204817 0.494472
vn 0.905580 0.162325 0.391888
vn 0.988129 0.058789 0.141930
vn 0.988129 0.058789 0.141930
vn 0.988129 0.058789 0.141930
vn 0.964783 0.100664 0.243024
vn 0.988129 0.058789 0.141930
vn 0.905580 0.162325 0.391888
vn 0.964783 0.100664 0.243024
vn 0.000000 0.952468 -0.304638
vn 0.000000 0.952468 -0.304638
vn 0.000000 0.952468 -0.304638
vn 0.000000 0.952468 -0.304638
vn -0.007354 -0.923855 0.382673
vn 0.000000 -0.923880 0.382683
vn -0.206968 -0.903875 0.374397
vn 0.000000 -0.923880 0.382683
vn -0.007354 -0.923855 0.382673
vn -0.209937 -0.903291 0.374155
vn -0.394954 -0.848769 0.351572
vn -0.209937 -0.903291 0.374155
vn -0.386724 -0.851997 0.352909
vn -0.548980 -0.772211 0.319860
vn -0.548980 -0.772211 0.319860
vn -0.666611 -0.688665 0.285255
vn -0.666611 -0.688665 0.285255
vn -0.815948 -0.534118 0.221239
vn -0.815948 -0.534118 0.221239
vn -0.895154 -0.411826 0.170584
vn -0.895154 -0.411826 0.170584
vn -0.961913 -0.252549 0.104609
vn -0.961913 -0.252549 0.104609
vn -0.987350 -0.146485 0.060676
vn -0.987350 -0.146485 0.060676
vn -1.000000 0.000000 -0.000000
vn -0.987350 -0.146485 0.060676
vn -1.000000 0.000000 -0.000000
vn -0.987350 -0.146485 0.060676
vn -0.993085 -0.108458 0.044925
vn -0.987350 -0.146485 0.060676
vn -0.987350 -0.146485 0.060676
vn -0.963352 -0.247822 0.102651
vn -0.386724 -0.851997 0.352909
vn -0.632440 -0.715646 0.296430
vn -0.768108 -0.591579 0.245040
vn -0.844718 -0.494472 0.204817
vn -0.895154 -0.411826 0.170584
vn -0.925563 -0.349774 0.144881
vn -0.961913 -0.252549 0.104609
vn -0.963352 -0.247822 0.102651
vn -0.987350 -0.146485 0.060676
vn -0.993085 -0.108458 0.044925
vn -0.999999 -0.000939 0.000389
vn -1.000000 0.000000 -0.000000
vn -0.999999 -0.000939 0.000389
vn -0.925563 -0.349774 0.144881
vn -0.961913 -0.252549 0.104609
vn -0.844718 -0.494472 0.204817
vn -0.895154 -0.411826 0.170584
vn -0.961913 -0.252549 0.104609
vn -0.768108 -0.591579 0.245040
vn -0.632440 -0.715646 0.296430
vn 0.000000 -0.553342 -0.832954
vn 0.000000 -0.587644 -0.809120
vn 0.000000 -0.587644 -0.809120
vn 0.000000 -0.674764 -0.738033
vn 0.000000 -0.674764 -0.738033
vn 0.000000 -0.792008 -0.610511
vn 0.000000 -0.792008 -0.610511
vn 0.000000 -0.872660 -0.488329
vn 0.000000 -0.851584 -0.524218
vn 0.000000 -0.872660 -0.488329
vn 0.000000 -0.909637 -0.415404
vn 0.000000 -0.955556 -0.294809
vn 0.000000 -0.909637 -0.415404
vn 0.000000 -0.969115 -0.246609
vn 0.000000 -0.671319 -0.741169
vn 0.000000 -0.750885 -0.660433
vn 0.000000 -0.851584 -0.524218
vn 0.000000 -0.987156 -0.159760
vn -0.000000 -0.999830 0.018427
vn -0.000000 -0.999993 0.003771
vn -0.000000 -0.981632 0.190783
vn -0.000000 -0.999830 0.018427
vn -0.000000 -0.981632 0.190783
vn -0.000000 -0.926555 0.376159
vn -0.000000 -0.926555 0.376159
vn 0.000000 -0.969115 -0.246609
vn 0.000000 -0.750885 -0.660433
vn 0.000000 -0.671319 -0.741169
vn 0.000000 -0.587644 -0.809120
vn 0.000000 -0.553342 -0.832954
vn -0.000000 0.304638 0.952468
vn -0.000000 0.197716 0.980259
vn -0.000000 0.304638 0.952468
vn -0.000000 0.154569 0.987982
vn -0.000000 0.154569 0.987982
vn -0.000000 0.040308 0.999187
vn -0.000000 0.040308 0.999187
vn -0.000000 -0.063959 0.997953
vn -0.000000 -0.138094 0.990419
vn -0.000000 -0.231482 0.972839
vn -0.000000 -0.281766 0.959483
vn -0.000000 -0.349476 0.936945
vn -0.000000 -0.281766 0.959483
vn -0.000000 -0.510889 0.859647
vn -0.000000 -0.476091 0.879396
vn -0.000000 -0.592341 0.805687
vn -0.000000 -0.510889 0.859647
vn -0.000000 -0.720017 0.693957
vn -0.000000 -0.714675 0.699457
vn -0.000000 -0.829023 0.559215
vn -0.000000 -0.720017 0.693957
vn -0.000000 -0.829023 0.559215
vn -0.000000 0.049391 0.998780
vn -0.000000 0.154569 0.987982
vn -0.000000 0.154569 0.987982
vn -0.000000 -0.921158 0.389189
vn -0.000000 -0.921158 0.389189
vn -0.000000 -0.349476 0.936945
vn -0.000000 -0.231482 0.972839
vn -0.000000 -0.138094 0.990419
vn -0.000000 -0.063959 0.997953
vn -0.000000 0.040308 0.999187
vn -0.000000 0.040308 0.999187
vn -0.000000 0.049391 0.998780
vn -0.000000 0.154569 0.987982
vn -0.000000 0.197716 0.980259
vn -0.000000 0.304638 0.952468
vn -0.000000 0.154569 0.987982
vn 0.999999 -0.000939 0.000389
vn 0.993085 -0.108458 0.044925
vn 0.988129 -0.141930 0.058789
vn 0.988129 -0.141930 0.058789
vn 0.964783 -0.243024 0.100664
vn 0.963352 -0.247822 0.102651
vn 0.925563 -0.349774 0.144881
vn 0.964783 -0.243024 0.100664
vn 0.905580 -0.391888 0.162325
vn 0.905580 -0.391888 0.162325
vn 0.830593 -0.514491 0.213109
vn 0.830593 -0.514491 0.213109
vn 0.685390 -0.672747 0.278661
vn 0.685390 -0.672747 0.278661
vn 0.568069 -0.760335 0.314941
vn 0.632440 -0.715646 0.296430
vn 0.386724 -0.851997 0.352909
vn 0.999999 -0.000939 0.000389
vn 0.993085 -0.108458 0.044925
vn 0.988129 -0.141930 0.058789
vn 0.963352 -0.247822 0.102651
vn 0.964783 -0.243024 0.100664
vn 0.925563 -0.349774 0.144881
vn 0.964783 -0.243024 0.100664
vn 0.905580 -0.391888 0.162325
vn 0.905580 -0.391888 0.162325
vn 0.844718 -0.494472 0.204817
vn 0.830593 -0.514491 0.213109
vn 0.768108 -0.591579 0.245040
vn 0.209937 -0.903291 0.374155
vn 0.411321 -0.842108 0.348812
vn 0.568069 -0.760335 0.314941
vn 0.216583 -0.901950 0.373600
vn 0.007354 -0.923855 0.382673
vn 0.007354 -0.923855 0.382673
vn 0.209937 -0.903291 0.374155
vn 0.386724 -0.851997 0.352909
vn 0.568069 -0.760335 0.314941
vn 0.685390 -0.672747 0.278661
vn 0.632440 -0.715646 0.296430
vn 0.768108 -0.591579 0.245040
vn 0.830593 -0.514491 0.213109
vn 0.844718 -0.494472 0.204817
vn 0.905580 -0.391888 0.162325
vn 0.988129 -0.141930 0.058789
vn 0.988129 -0.141930 0.058789
vn 0.988129 -0.141930 0.058789
vn 0.964783 -0.243024 0.100664
vn 0.988129 -0.141930 0.058789
vn 0.905580 -0.391888 0.162325
vn 0.964783 -0.243024 0.100664
vn 0.000000 0.304638 0.952468
vn 0.000000 0.304638 0.952468
vn 0.000000 0.304638 0.952468
vn 0.000000 0.304638 0.952468
vn -0.000000 0.382683 0.923880
vn 0.007354 0.382673 0.923855
vn -0.000000 0.382683 0.923880
vn 0.206968 0.374397 0.903875
vn 0.007354 0.382673 0.923855
vn 0.209937 0.374155 0.903291
vn 0.394954 0.351572 0.848769
vn 0.386724 0.352909 0.851997
vn 0.548980 0.319860 0.772211
vn 0.666611 0.285255 0.688665
vn 0.666611 0.285255 0.688665
vn 0.815948 0.221239 0.534118
vn 0.768108 0.245040 0.591579
vn 0.844718 0.204817 0.494472
vn 0.209937 0.374155 0.903291
vn 0.386724 0.352909 0.851997
vn 0.548980 0.319860 0.772211
vn 0.632440 0.296430 0.715646
vn 0.925563 0.144881 0.349774
vn 0.895154 0.170584 0.411826
vn 0.895154 0.170584 0.411826
vn 0.815948 0.221239 0.534118
vn 0.632440 0.296430 0.715646
vn 0.963352 0.102651 0.247822
vn 0.961913 0.104609 0.252549
vn 0.961913 0.104609 0.252549
vn 0.993085 0.044925 0.108458
vn 0.987350 0.060676 0.146485
vn 0.987350 0.060676 0.146485
vn 0.987350 0.060676 0.146485
vn 0.987350 0.060676 0.146485
vn 0.987350 0.060676 0.146485
vn 0.987350 0.060676 0.146485
vn 0.961913 0.104609 0.252549
vn 0.961913 0.104609 0.252549
vn 0.895154 0.170584 0.411826
vn 0.925563 0.144881 0.349774
vn 0.844718 0.204817 0.494472
vn 0.999999 0.000389 0.000939
vn 0.999999 0.000389 0.000939
vn 0.993085 0.044925 0.108458
vn 0.987350 0.060676 0.146485
vn 0.963352 0.102651 0.247822
vn 0.895154 0.170584 0.411826
vn 0.768108 0.245040 0.591579
vn 0.961913 0.104609 0.252549
vn 0.000000 0.376159 0.926555
vn 0.000000 0.376159 0.926555
vn 0.000000 0.190783 0.981632
vn 0.000000 0.190783 0.981632
vn 0.000000 0.018427 0.999830
vn 0.000000 0.003771 0.999993
vn 0.000000 -0.159760 0.987156
vn 0.000000 0.018427 0.999830
vn 0.000000 -0.246609 0.969115
vn 0.000000 -0.294809 0.955556
vn 0.000000 -0.415404 0.909637
vn 0.000000 -0.488329 0.872660
vn 0.000000 -0.524218 0.851584
vn 0.000000 -0.610511 0.792008
vn 0.000000 -0.660433 0.750885
vn 0.000000 -0.738033 0.674764
vn 0.000000 -0.741169 0.671319
vn 0.000000 -0.809120 0.587644
vn 0.000000 -0.832954 0.553342
vn 0.000000 -0.888908 0.458086
vn 0.000000 -0.888908 0.458086
vn 0.000000 -0.888908 0.458086
vn 0.000000 -0.832954 0.553342
vn 0.000000 -0.809120 0.587644
vn 0.000000 -0.738033 0.674764
vn 0.000000 -0.660433 0.750885
vn 0.000000 -0.610511 0.792008
vn 0.000000 -0.524218 0.851584
vn 0.000000 -0.809120 0.587644
vn 0.000000 -0.741169 0.671319
vn 0.000000 -0.488329 0.872660
vn 0.000000 -0.415404 0.909637
vn 0.000000 -0.246609 0.969115
vn 0.000000 0.389189 0.921158
vn 0.000000 0.389189 0.921158
vn 0.000000 0.559215 0.829023
vn 0.000000 0.559215 0.829023
vn 0.000000 0.693957 0.720017
vn 0.000000 0.699457 0.714675
vn 0.000000 0.805687 0.592341
vn 0.000000 0.693957 0.720017
vn 0.000000 0.859647 0.510889
vn 0.000000 0.879396 0.476091
vn 0.000000 0.959483 0.281766
vn 0.000000 0.936945 0.349476
vn 0.000000 0.959483 0.281766
vn 0.000000 0.972839 0.231482
vn 0.000000 0.990419 0.138094
vn 0.000000 0.997953 0.063959
vn 0.000000 0.999187 -0.040308
vn 0.000000 0.999187 -0.040308
vn 0.000000 0.987982 -0.154569
vn 0.000000 0.998780 -0.049391
vn 0.000000 0.987982 -0.154569
vn 0.000000 0.987982 -0.154569
vn 0.000000 0.980259 -0.197716
vn 0.000000 0.859647 0.510889
vn 0.000000 0.980259 -0.197716
vn 0.000000 0.987982 -0.154569
vn 0.000000 0.987982 -0.154569
vn 0.000000 0.999187 -0.040308
vn 0.000000 0.999187 -0.040308
vn 0.000000 0.997953 0.063959
vn 0.000000 0.990419 0.138094
vn 0.000000 0.972839 0.231482
vn 0.000000 0.936945 0.349476
vn 0.000000 0.998780 -0.049391
vn 0.000000 0.987982 -0.154569
vn -1.000000 0.000000 0.000000
vn -1.000000 0.000000 0.000000
vn -0.999999 0.000389 0.000939
vn -0.993085 0.044925 0.108458
vn -0.988129 0.058789 0.141930
vn -0.963352 0.102651 0.247822
vn -0.964783 0.100664 0.243024
vn -0.925563 0.144881 0.349774
vn -0.905580 0.162325 0.391888
vn -0.844718 0.204817 0.494472
vn -0.905580 0.162325 0.391888
vn -0.830593 0.213109 0.514491
vn -0.830593 0.213109 0.514491
vn -0.685390 0.278661 0.672747
vn -0.685390 0.278661 0.672747
vn -0.568069 0.314941 0.760335
vn -0.632440 0.296430 0.715646
vn -0.386724 0.352909 0.851997
vn -1.000000 0.000000 0.000000
vn -0.999999 0.000389 0.000939
vn -0.993085 0.044925 0.108458
vn -0.988129 0.058789 0.141930
vn -0.988129 0.058789 0.141930
vn -0.963352 0.102651 0.247822
vn -0.964783 0.100664 0.243024
vn -0.925563 0.144881 0.349774
vn -0.964783 0.100664 0.243024
vn -0.905580 0.162325 0.391888
vn -0.905580 0.162325 0.391888
vn -0.830593 0.213109 0.514491
vn -0.905580 0.162325 0.391888
vn -0.905580 0.162325 0.391888
vn -0.844718 0.204817 0.494472
vn -0.830593 0.213109 0.514491
vn -0.768108 0.245040 0.591579
vn -0.209937 0.374155 0.903291
vn -0.411321 0.348812 0.842108
vn -0.568069 0.314941 0.760335
vn -0.216583 0.373600 0.901950
vn -0.007354 0.382673 0.923855
vn -0.007354 0.382673 0.923855
vn -0.209937 0.374155 0.903291
vn -0.386724 0.352909 0.851997
vn -0.568069 0.314941 0.760335
vn -0.632440 0.296430 0.715646
vn -0.685390 0.278661 0.672747
vn -0.768108 0.245040 0.591579
vn -0.988129 0.058789 0.141930
vn -0.988129 0.058789 0.141930
vn -0.964783 0.100664 0.243024
vn -0.988129 0.058789 0.141930
vn -0.964783 0.100664 0.243024
vn -0.988129 0.058789 0.141930
vn -0.964783 0.100664 0.243024
vn 0.000000 -0.888908 0.458086
vn 0.000000 -0.888908 0.458086
vn 0.000000 -0.888908 0.458086
vn 0.000000 -0.888908 0.458086
vn -0.000000 -0.195090 0.980785
vn -0.000000 -0.195090 0.980785
vn -0.000000 -0.000000 1.000000
vn -0.000000 -0.000000 1.000000
vn -0.000000 0.195090 0.980785
vn -0.000000 0.195090 0.980785
vn -0.000000 0.382683 0.923880
vn -0.000000 0.382683 0.923880
vn -0.000000 0.555570 0.831470
vn -0.000000 0.555570 0.831470
vn -0.000000 0.707107 0.707107
vn -0.000000 0.707107 0.707107
vn -0.000000 0.831470 0.555570
vn -0.000000 0.831470 0.555570
vn -0.000000 0.923880 0.382683
vn -0.000000 0.923880 0.382683
vn -0.000000 0.980785 0.195090
vn -0.000000 0.980785 0.195090
vn -0.000000 1.000000 0.000000
vn -0.000000 1.000000 0.000000
vn -0.000000 0.980785 -0.195090
vn -0.000000 0.980785 -0.195090
vn -0.000000 0.923880 -0.382683
vn -0.000000 0.923880 -0.382683
vn -0.000000 0.831470 -0.555570
vn -0.000000 0.831470 -0.555570
vn -0.000000 0.707107 -0.707107
vn -0.000000 0.707107 -0.707107
vn -0.000000 0.555570 -0.831470
vn -0.000000 0.555570 -0.831470
vn -0.000000 0.382683 -0.923880
vn -0.000000 0.382683 -0.923880
vn -0.000000 0.195090 -0.980785
vn -0.000000 0.195090 -0.980785
vn -0.000000 0.000000 -1.000000
vn -0.000000 0.000000 -1.000000
vn -0.000000 -0.195090 -0.980785
vn -0.000000 -0.195090 -0.980785
vn -0.000000 -0.382683 -0.923880
vn -0.000000 -0.382683 -0.923880
vn -0.000000 -0.555570 -0.831470
vn -0.000000 -0.555570 -0.831470
vn -0.000000 -0.707107 -0.707107
vn -0.000000 -0.707107 -0.707107
vn -0.000000 -0.831470 -0.555570
vn -0.000000 -0.831470 -0.555570
vn -0.000000 -0.923880 -0.382683
vn -0.000000 -0.923880 -0.382683
vn -0.000000 -0.980785 -0.195090
vn -0.000000 -0.980785 -0.195090
vn -0.000000 -1.000000 -0.000000
vn -0.000000 -1.000000 -0.000000
vn -0.000000 -0.980785 0.195090
vn -0.000000 -0.980785 0.195090
vn -0.000000 -0.923880 0.382683
vn -0.000000 -0.923880 0.382683
vn -0.000000 -0.831470 0.555570
vn -0.000000 -0.831470 0.555570
vn -0.000000 -0.707107 0.707107
vn -0.000000 -0.707107 0.707107
vn -0.000000 -0.555570 0.831470
vn -0.000000 -0.555570 0.831470
vn -0.000000 -0.382683 0.923880
vn -0.000000 -0.382683 0.923880
vn -1.000000 -0.000000 -0.000000
vn -1.000000 -0.000000 -0.000000
vn -1.000000 -0.000000 -0.000000
vn -1.000000 -0.000000 -0.000000
vn -1.000000 -0.000000 -0.000000
vn -1.000000 -0.000000 -0.000000
vn -1.000000 -0.000000 -0.000000
vn -1.000000 -0.000000 -0.000000
vn -1.000000 -0.000000 -0.000000
vn -1.000000 -0.000000 -0.000000
vn -1.000000 -0.000000 -0.000000
vn -1.000000 -0.000000 -0.000000
vn -1.000000 -0.000000 -0.000000
vn -1.000000 -0.000000 -0.000000
vn -1.000000 -0.000000 -0.000000
vn -1.000000 -0.000000 -0.000000
vn -1.000000 -0.000000 -0.000000
vn -1.000000 -0.000000 -0.000000
vn -1.000000 -0.000000 -0.000000
vn -1.000000 -0.000000 -0.000000
vn -1.000000 -0.000000 -0.000000
vn -1.000000 -0.000000 -0.000000
vn -1.000000 -0.000000 -0.000000
vn -1.000000 -0.000000 -0.000000
vn -1.000000 -0.000000 -0.000000
vn -1.000000 -0.000000 -0.000000
vn -1.000000 -0.000000 -0.000000
vn -1.000000 -0.000000 -0.000000
vn -1.000000 -0.000000 -0.000000
vn -1.000000 -0.000000 -0.000000
vn -1.000000 -0.000000 -0.000000
vn -1.000000 -0.000000 -0.000000
vn -1.000000 -0.000000 -0.000000
vn -1.000000 -0.000000 -0.000000
vn -1.000000 -0.000000 -0.000000
vn -1.000000 -0.000000 -0.000000
vn -1.000000 -0.000000 -0.000000
vn -1.000000 -0.000000 -0.000000
vn -1.000000 -0.000000 -0.000000
vn -1.000000 -0.000000 -0.000000
vn -1.000000 -0.000000 -0.000000
vn -1.000000 -0.000000 -0.000000
vn -1.000000 -0.000000 -0.000000
vn -1.000000 -0.000000 -0.000000
vn -1.000000 -0.000000 -0.000000
vn -1.000000 -0.000000 -0.000000
vn -1.000000 -0.000000 -0.000000
vn -1.000000 -0.000000 -0.000000
vn -1.000000 -0.000000 -0.000000
vn -1.000000 -0.000000 -0.000000
vn -1.000000 -0.000000 -0.000000
vn -1.000000 -0.000000 -0.000000
vn -1.000000 -0.000000 -0.000000
vn -1.000000 -0.000000 -0.000000
vn -1.000000 -0.000000 -0.000000
vn -1.000000 -0.000000 -0.000000
vn -1.000000 -0.000000 -0.000000
vn -1.000000 -0.000000 -0.000000
vn -1.000000 -0.000000 -0.000000
vn -1.000000 -0.000000 -0.000000
vn -1.000000 -0.000000 -0.000000
vn -1.000000 -0.000000 -0.000000
vn -1.000000 -0.000000 -0.000000
vn -1.000000 -0.000000 -0.000000
vn -1.000000 -0.000000 -0.000000
vn -1.000000 -0.000000 -0.000000
vn -1.000000 -0.000000 -0.000000
vn 1.000000 0.000000 0.000000
vn 1.000000 0.000000 0.000000
vn 1.000000 0.000000 0.000000
vn 1.000000 0.000000 0.000000
vn 1.000000 0.000000 0.000000
vn 1.000000 0.000000 0.000000
vn 1.000000 0.000000 0.000000
vn 1.000000 0.000000 0.000000
vn 1.000000 0.000000 0.000000
vn 1.000000 0.000000 0.000000
vn 1.000000 0.000000 0.000000
vn 1.000000 0.000000 0.000000
vn 1.000000 0.000000 0.000000
vn 1.000000 0.000000 0.000000
vn 1.000000 0.000000 0.000000
vn 1.000000 0.000000 0.000000
vn 1.000000 0.000000 0.000000
vn 1.000000 0.000000 0.000000
vn 1.000000 0.000000 0.000000
vn 1.000000 0.000000 0.000000
vn 1.000000 0.000000 0.000000
vn 1.000000 0.000000 0.000000
vn 1.000000 0.000000 0.000000
vn 1.000000 0.000000 0.000000
vn 1.000000 0.000000 0.000000
vn 1.000000 0.000000 0.000000
vn 1.000000 0.000000 0.000000
vn 1.000000 0.000000 0.000000
vn 1.000000 0.000000 0.000000
vn 1.000000 0.000000 0.000000
vn 1.000000 0.000000 0.000000
vn 1.000000 0.000000 0.000000
vn 1.000000 0.000000 0.000000
vn 1.000000 0.000000 0.000000
vn 1.000000 0.000000 0.000000
vn 1.000000 0.000000 0.000000
vn 1.000000 0.000000 0.000000
vn 1.000000 0.000000 0.000000
vn 1.000000 0.000000 0.000000
vn 1.000000 0.000000 0.000000
vn 1.000000 0.000000 0.000000
vn 1.000000 0.000000 0.000000
vn 1.000000 0.000000 0.000000
vn 1.000000 0.000000 0.000000
vn 1.000000 0.000000 0.000000
vn 1.000000 0.000000 0.000000
vn 1.000000 0.000000 0.000000
vn 1.000000 0.000000 0.000000
vn 1.000000 0.000000 0.000000
vn 1.000000 0.000000 0.000000
vn 1.000000 0.000000 0.000000
vn 1.000000 0.000000 0.000000
vn 1.000000 0.000000 0.000000
vn 1.000000 0.000000 0.000000
vn 1.000000 0.000000 0.000000
vn 1.000000 0.000000 0.000000
vn 1.000000 0.000000 0.000000
vn 1.000000 0.000000 0.000000
vn 1.000000 0.000000 0.000000
vn 1.000000 0.000000 0.000000
vn 1.000000 0.000000 0.000000
vn 1.000000 0.000000 0.000000
vn 1.000000 0.000000 0.000000
vn 1.000000 0.000000 0.000000
vn 1.000000 0.000000 0.000000
vn 1.000000 0.000000 0.000000
vn 1.000000 0.000000 0.000000
vn 1.000000 0.000000 0.000000
vn 1.000000 0.000000 0.000000
vn 1.000000 0.000000 0.000000
vn 1.000000 0.000000 0.000000
vn 1.000000 0.000000 0.000000
vn 1.000000 0.000000 0.000000
vn 1.000000 0.000000 0.000000
vn 1.000000 0.000000 0.000000
vn 1.000000 0.000000 0.000000
vn 1.000000 0.000000 0.000000
vn 1.000000 0.000000 0.000000
vn 1.000000 0.000000 0.000000
vn 1.000000 0.000000 0.000000
vn 1.000000 0.000000 0.000000
vn 1.000000 0.000000 0.000000
vn 1.000000 0.000000 0.000000
vn 1.000000 0.000000 0.000000
vn 1.000000 0.000000 0.000000
vn 1.000000 0.000000 0.000000
vn 1.000000 0.000000 0.000000
vn 1.000000 0.000000 0.000000
vn 1.000000 0.000000 0.000000
vn 1.000000 0.000000 0.000000
vn 1.000000 0.000000 0.000000
vn 1.000000 0.000000 0.000000
vn 1.000000 0.000000 0.000000
vn 1.000000 0.000000 0.000000
vn 1.000000 0.000000 0.000000
vn 1.000000 0.000000 0.000000
vn 1.000000 0.000000 0.000000
vn 1.000000 0.000000 0.000000
vn 1.000000 0.000000 0.000000
vn 1.000000 0.000000 0.000000
vn 1.000000 0.000000 0.000000
vn 1.000000 0.000000 0.000000
vn 1.000000 0.000000 0.000000
vn 1.000000 0.000000 0.000000
vn 1.000000 0.000000 0.000000
vn 1.000000 0.000000 0.000000
vn 1.000000 0.000000 0.000000
vn 1.000000 0.000000 0.000000
vn 1.000000 0.000000 0.000000
vn 1.000000 0.000000 0.000000
vn 1.000000 0.000000 0.000000
vn 1.000000 0.000000 0.000000
vn 1.000000 0.000000 0.000000
vn 1.000000 0.000000 0.000000
vn 1.000000 0.000000 0.000000
vn 1.000000 0.000000 0.000000
vn 1.000000 0.000000 0.000000
vn 1.000000 0.000000 0.000000
vn 1.000000 0.000000 0.000000
vn 1.000000 0.000000 0.000000
vn 1.000000 0.000000 0.000000
vn 1.000000 0.000000 0.000000
vn 1.000000 0.000000 0.000000
vn 1.000000 0.000000 0.000000
vn 1.000000 0.000000 0.000000
vn 1.000000 0.000000 0.000000
vn 1.000000 0.000000 0.000000
vn 1.000000 0.000000 0.000000
vn 1.000000 0.000000 0.000000
vn 1.000000 0.000000 0.000000
vn 1.000000 0.000000 0.000000
vn 1.000000 0.000000 0.000000
vn -1.000000 -0.000000 -0.000000
vn -1.000000 -0.000000 -0.000000
vn -1.000000 -0.000000 -0.000000
vn -1.000000 -0.000000 -0.000000
vn -1.000000 -0.000000 -0.000000
vn -1.000000 -0.000000 -0.000000
vn -1.000000 -0.000000 -0.000000
vn -1.000000 -0.000000 -0.000000
vn -1.000000 -0.000000 -0.000000
vn -1.000000 -0.000000 -0.000000
vn -1.000000 -0.000000 -0.000000
vn -1.000000 -0.000000 -0.000000
vn -1.000000 -0.000000 -0.000000
vn -1.000000 -0.000000 -0.000000
vn -1.000000 -0.000000 -0.000000
vn -1.000000 -0.000000 -0.000000
vn -1.000000 -0.000000 -0.000000
vn -1.000000 -0.000000 -0.000000
vn -1.000000 -0.000000 -0.000000
vn -1.000000 -0.000000 -0.000000
vn -1.000000 -0.000000 -0.000000
vn -1.000000 -0.000000 -0.000000
vn -1.000000 -0.000000 -0.000000
vn -1.000000 -0.000000 -0.000000
vn -1.000000 -0.000000 -0.000000
vn -1.000000 -0.000000 -0.000000
vn -1.000000 -0.000000 -0.000000
vn -1.000000 -0.000000 -0.000000
vn -1.000000 -0.000000 -0.000000
vn -1.000000 -0.000000 -0.000000
vn -1.000000 -0.000000 -0.000000
vn -1.000000 -0.000000 -0.000000
vn -1.000000 -0.000000 -0.000000
vn -1.000000 -0.000000 -0.000000
vn -1.000000 -0.000000 -0.000000
vn -0.000000 -0.978148 0.207912
vn -0.000000 -0.978148 0.207912
vn -0.000000 -1.000000 0.000000
vn -0.000000 -1.000000 0.000000
vn 0.000000 -0.978148 -0.207912
vn 0.000000 -0.978148 -0.207912
vn 0.000000 -0.913545 -0.406737
vn 0.000000 -0.913545 -0.406737
vn 0.000000 -0.809017 -0.587785
vn 0.000000 -0.809017 -0.587785
vn 0.000000 -0.669131 -0.743145
vn 0.000000 -0.669131 -0.743145
vn 0.000000 -0.500000 -0.866025
vn 0.000000 -0.500000 -0.866025
vn 0.000000 -0.309017 -0.951057
vn 0.000000 -0.309017 -0.951057
vn 0.000000 -0.104528 -0.994522
vn 0.000000 -0.104528 -0.994522
vn -0.000000 0.104528 -0.994522
vn -0.000000 0.104528 -0.994522
vn -0.000000 0.309017 -0.951057
vn -0.000000 0.309017 -0.951057
vn -0.000000 0.500000 -0.866025
vn -0.000000 0.500000 -0.866025
vn -0.000000 0.669131 -0.743145
vn -0.000000 0.669131 -0.743145
vn -0.000000 0.809017 -0.587785
vn -0.000000 0.809017 -0.587785
vn -0.000000 0.913545 -0.406737
vn -0.000000 0.913545 -0.406737
vn -0.000000 0.978148 -0.207912
vn -0.000000 0.978148 -0.207912
vn -0.000000 1.000000 -0.000000
vn -0.000000 1.000000 -0.000000
vn -0.000000 0.978148 0.207912
vn -0.000000 0.978148 0.207912
vn -0.000000 0.913545 0.406737
vn -0.000000 0.913545 0.406737
vn -0.000000 0.809017 0.587785
vn -0.000000 0.809017 0.587785
vn -0.000000 0.669131 0.743145
vn -0.000000 0.669131 0.743145
vn -0.000000 0.500000 0.866025
vn -0.000000 0.500000 0.866025
vn -0.000000 0.309017 0.951057
vn -0.000000 0.309017 0.951057
vn -0.000000 0.104528 0.994522
vn -0.000000 0.104528 0.994522
vn -0.000000 -0.104528 0.994522
vn -0.000000 -0.104528 0.994522
vn -0.000000 -0.309017 0.951057
vn -0.000000 -0.309017 0.951057
vn -0.000000 -0.500000 0.866025
vn -0.000000 -0.500000 0.866025
vn -0.000000 -0.669131 0.743145
vn -0.000000 -0.669131 0.743145
vn -0.000000 -0.809017 0.587785
vn -0.000000 -0.809017 0.587785
vn -0.000000 -0.913545 0.406737
vn -0.000000 -0.913545 0.406737
usemtl Plastique_-_Translucide_mat_(gris)
f 2/1/1 54/2/2 1/3/3
f 1/3/3 54/2/2 63/4/4
f 1/3/3 63/4/4 24/5/5
f 24/5/5 63/4/4 164/6/6
f 24/5/5 164/6/6 23/7/7
f 23/7/7 164/6/6 159/8/8
f 23/7/7 159/8/8 22/9/9
f 22/9/9 159/8/8 154/10/10
f 22/9/9 154/10/10 21/11/11
f 21/11/11 154/10/10 149/12/12
f 21/11/11 149/12/12 20/13/13
f 20/13/13 149/12/12 144/14/14
f 20/13/13 144/14/14 19/15/15
f 19/15/15 144/14/14 49/16/16
f 19/17/15 49/18/16 18/19/17
f 18/19/17 49/18/16 139/20/18
f 18/19/17 139/20/18 17/21/19
f 17/21/19 139/20/18 134/22/20
f 17/21/19 134/22/20 16/23/21
f 16/23/21 134/22/20 129/24/22
f 16/23/21 129/24/22 15/25/23
f 15/25/23 129/24/22 124/26/24
f 15/25/23 124/26/24 14/27/25
f 14/27/25 124/26/24 119/28/26
f 14/27/25 119/28/26 13/29/27
f 13/29/27 119/28/26 114/30/28
f 13/29/27 114/30/28 12/31/29
f 12/31/29 114/30/28 109/32/30
f 12/31/29 109/32/30 11/33/31
f 11/33/31 109/32/30 104/34/32
f 11/33/31 104/34/32 10/35/33
f 10/35/33 104/34/32 99/36/34
f 10/35/33 99/36/34 9/37/35
f 9/37/35 99/36/34 94/38/36
f 9/37/35 94/38/36 8/39/37
f 8/39/37 94/38/36 89/40/38
f 8/39/37 89/40/38 7/41/39
f 7/41/39 89/40/38 84/42/40
f 7/41/39 84/42/40 6/43/41
f 6/43/41 84/42/40 79/44/42
f 6/43/41 79/44/42 5/45/43
f 5/45/43 79/44/42 74/46/44
f 5/45/43 74/46/44 4/47/45
f 4/47/45 74/46/44 69/48/46
f 4/47/45 69/48/46 3/49/47
f 3/49/47 69/48/46 64/50/48
f 3/49/47 64/50/48 2/1/1
f 2/1/1 64/50/48 54/2/2
f 26/51/49 168/52/50 25/53/51
f 25/53/51 168/52/50 59/54/52
f 25/53/51 59/54/52 48/55/53
f 48/55/53 59/54/52 58/56/54
f 48/55/53 58/56/54 47/57/55
f 47/57/55 58/56/54 68/58/56
f 47/57/55 68/58/56 46/59/57
f 46/59/57 68/58/56 73/60/58
f 46/59/57 73/60/58 45/61/59
f 45/61/59 73/60/58 78/62/60
f 45/61/59 78/62/60 44/63/61
f 44/63/61 78/62/60 83/64/62
f 44/63/61 83/64/62 43/65/63
f 43/65/63 83/64/62 88/66/64
f 43/65/63 88/66/64 42/67/65
f 42/67/65 88/66/64 93/68/66
f 42/67/65 93/68/66 41/69/67
f 41/69/67 93/68/66 98/70/68
f 41/69/67 98/70/68 40/71/69
f 40/71/69 98/70/68 103/72/70
f 40/71/69 103/72/70 39/73/71
f 39/73/71 103/72/70 108/74/72
f 39/73/71 108/74/72 38/75/73
f 38/75/73 108/74/72 113/76/74
f 38/75/73 113/76/74 37/77/75
f 37/77/75 113/76/74 118/78/76
f 37/77/75 118/78/76 36/79/77
f 36/79/77 118/78/76 123/80/78
f 36/79/77 123/80/78 35/81/79
f 35/81/79 123/80/78 128/82/80
f 35/81/79 128/82/80 34/83/81
f 34/83/81 128/82/80 133/84/82
f 34/83/81 133/84/82 33/85/83
f 33/85/83 133/84/82 138/86/84
f 33/85/83 138/86/84 32/87/85
f 32/87/85 138/86/84 143/88/86
f 32/87/85 143/88/86 31/89/87
f 31/89/87 143/88/86 53/90/88
f 31/91/87 53/92/88 30/93/89
f 30/93/89 53/92/88 148/94/90
f 30/93/89 148/94/90 29/95/91
f 29/95/91 148/94/90 153/96/92
f 29/95/91 153/96/92 28/97/93
f 28/97/93 153/96/92 158/98/94
f 28/97/93 158/98/94 27/99/95
f 27/99/95 158/98/94 163/100/96
f 27/99/95 163/100/96 26/51/49
f 26/51/49 163/100/96 168/52/50
f 49/18/16 50/101/97 139/20/18
f 139/20/18 50/101/97 140/102/98
f 139/20/18 140/102/98 134/22/20
f 134/22/20 140/102/98 135/103/99
f 134/22/20 135/103/99 129/24/22
f 129/24/22 135/103/99 130/104/100
f 129/24/22 130/104/100 124/26/24
f 124/26/24 130/104/100 125/105/101
f 124/26/24 125/105/101 119/28/26
f 119/28/26 125/105/101 120/106/102
f 119/28/26 120/106/102 114/30/28
f 114/30/28 120/106/102 115/107/103
f 114/30/28 115/107/103 109/32/30
f 109/32/30 115/107/103 110/108/104
f 109/32/30 110/108/104 104/34/32
f 104/34/32 110/108/104 105/109/105
f 104/34/32 105/109/105 99/36/34
f 99/36/34 105/109/105 100/110/106
f 99/36/34 100/110/106 94/38/36
f 94/38/36 100/110/106 95/111/107
f 94/38/36 95/111/107 89/40/38
f 89/40/38 95/111/107 90/112/108
f 89/40/38 90/112/108 84/42/40
f 84/42/40 90/112/108 85/113/109
f 84/42/40 85/113/109 79/44/42
f 79/44/42 85/113/109 80/114/110
f 79/44/42 80/114/110 74/46/44
f 74/46/44 80/114/110 75/115/111
f 74/46/44 75/115/111 69/48/46
f 69/48/46 75/115/111 70/116/112
f 69/48/46 70/116/112 64/50/48
f 64/50/48 70/116/112 65/117/113
f 64/50/48 65/117/113 54/2/2
f 54/2/2 65/117/113 55/118/114
f 54/2/2 55/118/114 63/4/4
f 63/4/4 55/118/114 62/119/115
f 63/4/4 62/119/115 164/6/6
f 164/6/6 62/119/115 165/120/116
f 164/6/6 165/120/116 159/8/8
f 159/8/8 165/120/116 160/121/117
f 159/8/8 160/121/117 154/10/10
f 154/10/10 160/121/117 155/122/118
f 154/10/10 155/122/118 149/12/12
f 149/12/12 155/122/118 150/123/119
f 149/12/12 150/123/119 144/14/14
f 144/14/14 150/123/119 145/124/120
f 144/14/14 145/124/120 49/16/16
f 49/16/16 145/124/120 50/125/97
f 50/101/97 51/126/121 140/102/98
f 140/102/98 51/126/121 141/127/122
f 140/102/98 141/127/122 135/103/99
f 135/103/99 141/127/122 136/128/123
f 135/103/99 136/128/123 130/104/100
f 130/104/100 136/128/123 131/129/124
f 130/104/100 131/129/124 125/105/101
f 125/105/101 131/129/124 126/130/125
f 125/105/101 126/130/125 120/106/102
f 120/106/102 126/130/125 121/131/126
f 120/106/102 121/131/126 115/107/103
f 115/107/103 121/131/126 116/132/127
f 115/107/103 116/132/127 110/108/104
f 110/108/104 116/132/127 111/133/128
f 110/108/104 111/133/128 105/109/105
f 105/109/105 111/133/128 106/134/129
f 105/109/105 106/134/129 100/110/106
f 100/110/106 106/134/129 101/135/130
f 100/110/106 101/135/130 95/111/107
f 95/111/107 101/135/130 96/136/131
f 95/111/107 96/136/131 90/112/108
f 90/112/108 96/136/131 91/137/132
f 90/112/108 91/137/132 85/113/109
f 85/113/109 91/137/132 86/138/133
f 85/113/109 86/138/133 80/114/110
f 80/114/110 86/138/133 81/139/134
f 80/114/110 81/139/134 75/115/111
f 75/115/111 81/139/134 76/140/135
f 75/115/111 76/140/135 70/116/112
f 70/116/112 76/140/135 71/141/136
f 70/116/112 71/141/136 65/117/113
f 65/117/113 71/141/136 66/142/137
f 65/117/113 66/142/137 55/118/114
f 55/118/114 66/142/137 56/143/138
f 55/118/114 56/143/138 62/119/115
f 62/119/115 56/143/138 61/144/139
f 62/119/115 61/144/139 165/120/116
f 165/120/116 61/144/139 166/145/140
f 165/120/116 166/145/140 160/121/117
f 160/121/117 166/145/140 161/146/141
f 160/121/117 161/146/141 155/122/118
f 155/122/118 161/146/141 156/147/142
f 155/122/118 156/147/142 150/123/119
f 150/123/119 156/147/142 151/148/143
f 150/123/119 151/148/143 145/124/120
f 145/124/120 151/148/143 146/149/144
f 145/124/120 146/149/144 50/125/97
f 50/125/97 146/149/144 51/150/121
f 51/126/121 52/151/145 141/127/122
f 141/127/122 52/151/145 142/152/146
f 141/127/122 142/152/146 136/128/123
f 136/128/123 142/152/146 137/153/147
f 136/128/123 137/153/147 131/129/124
f 131/129/124 137/153/147 132/154/148
f 131/129/124 132/154/148 126/130/125
f 126/130/125 132/154/148 127/155/149
f 126/130/125 127/155/149 121/131/126
f 121/131/126 127/155/149 122/156/150
f 121/131/126 122/156/150 116/132/127
f 116/132/127 122/156/150 117/157/151
f 116/132/127 117/157/151 111/133/128
f 111/133/128 117/157/151 112/158/152
f 111/133/128 112/158/152 106/134/129
f 106/134/129 112/158/152 107/159/153
f 106/134/129 107/159/153 101/135/130
f 101/135/130 107/159/153 102/160/154
f 101/135/130 102/160/154 96/136/131
f 96/136/131 102/160/154 97/161/155
f 96/136/131 97/161/155 91/137/132
f 91/137/132 97/161/155 92/162/156
f 91/137/132 92/162/156 86/138/133
f 86/138/133 92/162/156 87/163/157
f 86/138/133 87/163/157 81/139/134
f 81/139/134 87/163/157 82/164/158
f 81/139/134 82/164/158 76/140/135
f 76/140/135 82/164/158 77/165/159
f 76/140/135 77/165/159 71/141/136
f 71/141/136 77/165/159 72/166/160
f 71/141/136 72/166/160 66/142/137
f 66/142/137 72/166/160 67/167/161
f 66/142/137 67/167/161 56/143/138
f 56/143/138 67/167/161 57/168/162
f 56/143/138 57/168/162 61/144/139
f 61/144/139 57/168/162 60/169/163
f 61/144/139 60/169/163 166/145/140
f 166/145/140 60/169/163 167/170/164
f 166/145/140 167/170/164 161/146/141
f 161/146/141 167/170/164 162/171/165
f 161/146/141 162/171/165 156/147/142
f 156/147/142 162/171/165 157/172/166
f 156/147/142 157/172/166 151/148/143
f 151/148/143 157/172/166 152/173/167
f 151/148/143 152/173/167 146/149/144
f 146/149/144 152/173/167 147/174/168
f 146/149/144 147/174/168 51/150/121
f 51/150/121 147/174/168 52/175/145
f 52/151/145 53/90/88 142/152/146
f 142/152/146 53/90/88 143/88/86
f 142/152/146 143/88/86 137/153/147
f 137/153/147 143/88/86 138/86/84
f 137/153/147 138/86/84 132/154/148
f 132/154/148 138/86/84 133/84/82
f 132/154/148 133/84/82 127/155/149
f 127/155/149 133/84/82 128/82/80
f 127/155/149 128/82/80 122/156/150
f 122/156/150 128/82/80 123/80/78
f 122/156/150 123/80/78 117/157/151
f 117/157/151 123/80/78 118/78/76
f 117/157/151 118/78/76 112/158/152
f 112/158/152 118/78/76 113/76/74
f 112/158/152 113/76/74 107/159/153
f 107/159/153 113/76/74 108/74/72
f 107/159/153 108/74/72 102/160/154
f 102/160/154 108/74/72 103/72/70
f 102/160/154 103/72/70 97/161/155
f 97/161/155 103/72/70 98/70/68
f 97/161/155 98/70/68 92/162/156
f 92/162/156 98/70/68 93/68/66
f 92/162/156 93/68/66 87/163/157
f 87/163/157 93/68/66 88/66/64
f 87/163/157 88/66/64 82/164/158
f 82/164/158 88/66/64 83/64/62
f 82/164/158 83/64/62 77/165/159
f 77/165/159 83/64/62 78/62/60
f 77/165/159 78/62/60 72/166/160
f 72/166/160 78/62/60 73/60/58
f 72/166/160 73/60/58 67/167/161
f 67/167/161 73/60/58 68/58/56
f 67/167/161 68/58/56 57/168/162
f 57/168/162 68/58/56 58/56/54
f 57/168/162 58/56/54 60/169/163
f 60/169/163 58/56/54 59/54/52
f 60/169/163 59/54/52 167/170/164
f 167/170/164 59/54/52 168/52/50
f 167/170/164 168/52/50 162/171/165
f 162/171/165 168/52/50 163/100/96
f 162/171/165 163/100/96 157/172/166
f 157/172/166 163/100/96 158/98/94
f 157/172/166 158/98/94 152/173/167
f 152/173/167 158/98/94 153/96/92
f 152/173/167 153/96/92 147/174/168
f 147/174/168 153/96/92 148/94/90
f 147/174/168 148/94/90 52/175/145
f 52/175/145 148/94/90 53/92/88
f 170/176/169 2/177/1 169/178/170
f 169/178/170 2/177/1 1/179/3
f 169/180/170 1/181/3 192/182/171
f 192/182/171 1/181/3 24/183/5
f 192/182/171 24/183/5 191/184/172
f 191/184/172 24/183/5 23/185/7
f 191/184/172 23/185/7 190/186/173
f 190/186/173 23/185/7 22/187/9
f 190/186/173 22/187/9 189/188/174
f 189/188/174 22/187/9 21/189/11
f 189/188/174 21/189/11 188/190/175
f 188/190/175 21/189/11 20/191/13
f 188/190/175 20/191/13 187/192/176
f 187/192/176 20/191/13 19/193/15
f 187/192/176 19/193/15 186/194/177
f 186/194/177 19/193/15 18/195/17
f 186/194/177 18/195/17 185/196/178
f 185/196/178 18/195/17 17/197/19
f 185/196/178 17/197/19 184/198/179
f 184/198/179 17/197/19 16/199/21
f 184/198/179 16/199/21 183/200/180
f 183/200/180 16/199/21 15/201/23
f 183/200/180 15/201/23 182/202/181
f 182/202/181 15/201/23 14/203/25
f 182/202/181 14/203/25 181/204/182
f 181/204/182 14/203/25 13/205/27
f 181/204/182 13/205/27 180/206/183
f 180/206/183 13/205/27 12/207/29
f 180/206/183 12/207/29 179/208/184
f 179/208/184 12/207/29 11/209/31
f 179/208/184 11/209/31 178/210/185
f 178/210/185 11/209/31 10/211/33
f 178/210/185 10/211/33 177/212/186
f 177/212/186 10/211/33 9/213/35
f 177/212/186 9/213/35 176/214/187
f 176/214/187 9/213/35 8/215/37
f 176/214/187 8/215/37 175/216/188
f 175/216/188 8/215/37 7/217/39
f 175/216/188 7/217/39 174/218/189
f 174/218/189 7/217/39 6/219/41
f 174/218/189 6/219/41 173/220/190
f 173/220/190 6/219/41 5/221/43
f 173/220/190 5/221/43 172/222/191
f 172/222/191 5/221/43 4/223/45
f 172/222/191 4/223/45 171/224/192
f 171/224/192 4/223/45 3/225/47
f 171/224/192 3/225/47 170/176/169
f 170/176/169 3/225/47 2/177/1
f 222/226/193 193/227/194 25/228/51
f 25/228/51 193/227/194 194/229/195
f 25/228/51 194/229/195 26/230/49
f 26/230/49 194/229/195 195/231/196
f 26/230/49 195/231/196 27/232/95
f 27/232/95 195/231/196 196/233/197
f 27/232/95 196/233/197 28/234/93
f 28/234/93 196/233/197 197/235/198
f 28/234/93 197/235/198 29/236/91
f 29/236/91 197/235/198 198/237/199
f 29/236/91 198/237/199 199/238/200
f 29/236/91 199/238/200 30/239/89
f 30/239/89 199/238/200 200/240/201
f 30/239/89 200/240/201 31/241/87
f 31/241/87 200/240/201 201/242/202
f 31/241/87 201/242/202 32/243/85
f 32/243/85 201/242/202 202/244/203
f 32/243/85 202/244/203 33/245/83
f 33/245/83 202/244/203 203/246/204
f 33/245/83 203/246/204 204/247/205
f 33/245/83 204/247/205 34/248/81
f 34/248/81 204/247/205 205/249/206
f 34/248/81 205/249/206 35/250/79
f 35/250/79 205/249/206 206/251/207
f 35/250/79 206/251/207 36/252/77
f 36/252/77 206/251/207 207/253/208
f 36/252/77 207/253/208 37/254/75
f 37/254/75 207/253/208 208/255/209
f 37/254/75 208/255/209 209/256/210
f 37/254/75 209/256/210 38/257/73
f 38/257/73 209/256/210 210/258/211
f 38/257/73 210/258/211 39/259/71
f 39/259/71 210/258/211 211/260/212
f 39/259/71 211/260/212 40/261/69
f 40/261/69 211/260/212 212/262/213
f 40/261/69 212/262/213 41/263/67
f 41/263/67 212/262/213 213/264/214
f 41/263/67 213/264/214 214/265/215
f 41/263/67 214/265/215 42/266/65
f 42/266/65 214/265/215 215/267/216
f 42/266/65 215/267/216 43/268/63
f 43/268/63 215/267/216 216/269/217
f 43/268/63 216/269/217 44/270/61
f 44/270/61 216/269/217 217/271/218
f 44/270/61 217/271/218 45/272/59
f 45/272/59 217/271/218 218/273/219
f 45/272/59 218/273/219 219/274/220
f 45/272/59 219/274/220 46/275/57
f 46/275/57 219/274/220 220/276/221
f 46/275/57 220/276/221 47/277/55
f 47/277/55 220/276/221 221/278/222
f 47/277/55 221/278/222 48/279/53
f 48/279/53 221/278/222 222/226/193
f 48/279/53 222/226/193 25/228/51
f 224/280/223 270/281/224 223/282/225
f 223/282/225 270/281/224 247/283/226
f 223/284/225 247/285/226 246/286/227
f 246/286/227 247/285/226 248/287/228
f 246/286/227 248/287/228 245/288/229
f 245/288/229 248/287/228 249/289/230
f 245/288/229 249/289/230 244/290/231
f 244/290/231 249/289/230 250/291/232
f 244/290/231 250/291/232 243/292/233
f 243/292/233 250/291/232 251/293/234
f 243/292/233 251/293/234 242/294/235
f 242/294/235 251/293/234 252/295/236
f 242/294/235 252/295/236 241/296/237
f 241/296/237 252/295/236 253/297/238
f 241/296/237 253/297/238 240/298/239
f 240/298/239 253/297/238 254/299/240
f 240/298/239 254/299/240 239/300/241
f 239/300/241 254/299/240 255/301/242
f 239/300/241 255/301/242 238/302/243
f 238/302/243 255/301/242 256/303/244
f 238/302/243 256/303/244 237/304/245
f 237/304/245 256/303/244 257/305/246
f 237/304/245 257/305/246 236/306/247
f 236/306/247 257/305/246 258/307/248
f 236/306/247 258/307/248 235/308/249
f 235/308/249 258/307/248 259/309/250
f 235/308/249 259/309/250 234/310/251
f 234/310/251 259/309/250 260/311/252
f 234/310/251 260/311/252 233/312/253
f 233/312/253 260/311/252 261/313/254
f 233/312/253 261/313/254 232/314/255
f 232/314/255 261/313/254 262/315/256
f 232/314/255 262/315/256 231/316/257
f 231/316/257 262/315/256 263/317/258
f 231/316/257 263/317/258 230/318/259
f 230/318/259 263/317/258 264/319/260
f 230/318/259 264/319/260 229/320/261
f 229/320/261 264/319/260 265/321/262
f 229/320/261 265/321/262 228/322/263
f 228/322/263 265/321/262 266/323/264
f 228/322/263 266/323/264 227/324/265
f 227/324/265 266/323/264 267/325/266
f 227/324/265 267/325/266 226/326/267
f 226/326/267 267/325/266 268/327/268
f 226/326/267 268/327/268 225/328/269
f 225/328/269 268/327/268 269/329/270
f 225/328/269 269/329/270 224/280/223
f 224/280/223 269/329/270 270/281/224
f 272/330/271 224/331/272 271/332/273
f 271/332/273 224/331/272 223/333/274
f 271/334/273 223/335/274 294/336/275
f 294/336/275 223/335/274 246/337/276
f 294/336/275 246/337/276 293/338/277
f 293/338/277 246/337/276 245/339/278
f 293/338/277 245/339/278 292/340/279
f 292/340/279 245/339/278 244/341/280
f 292/340/279 244/341/280 291/342/281
f 291/342/281 244/341/280 243/343/282
f 291/342/281 243/343/282 290/344/283
f 290/344/283 243/343/282 242/345/284
f 290/344/283 242/345/284 289/346/285
f 289/346/285 242/345/284 241/347/286
f 289/346/285 241/347/286 288/348/287
f 288/348/287 241/347/286 240/349/288
f 288/348/287 240/349/288 287/350/289
f 287/350/289 240/349/288 239/351/290
f 287/350/289 239/351/290 286/352/291
f 286/352/291 239/351/290 238/353/292
f 286/352/291 238/353/292 285/354/293
f 285/354/293 238/353/292 237/355/294
f 285/354/293 237/355/294 284/356/295
f 284/356/295 237/355/294 236/357/296
f 284/356/295 236/357/296 283/358/297
f 283/358/297 236/357/296 235/359/298
f 283/358/297 235/359/298 282/360/299
f 282/360/299 235/359/298 234/361/300
f 282/360/299 234/361/300 281/362/301
f 281/362/301 234/361/300 233/363/302
f 281/362/301 233/363/302 280/364/303
f 280/364/303 233/363/302 232/365/304
f 280/364/303 232/365/304 279/366/305
f 279/366/305 232/365/304 231/367/306
f 279/366/305 231/367/306 278/368/307
f 278/368/307 231/367/306 230/369/308
f 278/368/307 230/369/308 277/370/309
f 277/370/309 230/369/308 229/371/310
f 277/370/309 229/371/310 276/372/311
f 276/372/311 229/371/310 228/373/312
f 276/372/311 228/373/312 275/374/313
f 275/374/313 228/373/312 227/375/314
f 275/374/313 227/375/314 274/376/315
f 274/376/315 227/375/314 226/377/316
f 274/376/315 226/377/316 273/378/317
f 273/378/317 226/377/316 225/379/318
f 273/378/317 225/379/318 272/330/271
f 272/330/271 225/379/318 224/331/272
f 192/380/319 248/381/320 169/382/321
f 169/382/321 248/381/320 247/383/322
f 169/382/321 247/383/322 270/384/323
f 248/381/320 192/380/319 249/385/324
f 249/385/324 192/380/319 191/386/325
f 249/385/324 191/386/325 250/387/326
f 250/387/326 191/386/325 190/388/327
f 250/387/326 190/388/327 251/389/328
f 251/389/328 190/388/327 189/390/329
f 251/389/328 189/390/329 252/391/330
f 252/391/330 189/390/329 188/392/331
f 252/391/330 188/392/331 253/393/332
f 253/393/332 188/392/331 187/394/333
f 253/393/332 187/394/333 186/395/334
f 253/393/332 186/395/334 254/396/335
f 254/396/335 186/395/334 185/397/336
f 254/396/335 185/397/336 255/398/337
f 255/398/337 185/397/336 184/399/338
f 255/398/337 184/399/338 256/400/339
f 256/400/339 184/399/338 183/401/340
f 256/400/339 183/401/340 257/402/341
f 257/402/341 183/401/340 182/403/342
f 257/402/341 182/403/342 258/404/343
f 258/404/343 182/403/342 259/405/344
f 259/405/344 182/403/342 181/406/345
f 259/405/344 181/406/345 260/407/346
f 260/407/346 181/406/345 180/408/347
f 260/407/346 180/408/347 261/409/348
f 261/409/348 180/408/347 179/410/349
f 261/409/348 179/410/349 262/411/350
f 262/411/350 179/410/349 178/412/351
f 262/411/350 178/412/351 263/413/352
f 263/413/352 178/412/351 177/414/353
f 263/413/352 177/414/353 264/415/354
f 264/415/354 177/414/353 176/416/355
f 264/415/354 176/416/355 265/417/356
f 265/417/356 176/416/355 175/418/357
f 265/417/356 175/418/357 174/419/358
f 265/417/356 174/419/358 266/420/359
f 266/420/359 174/419/358 173/421/360
f 266/420/359 173/421/360 267/422/361
f 267/422/361 173/421/360 172/423/362
f 267/422/361 172/423/362 268/424/363
f 268/424/363 172/423/362 171/425/364
f 268/424/363 171/425/364 269/426/365
f 269/426/365 171/425/364 170/427/366
f 269/426/365 170/427/366 270/384/323
f 270/384/323 170/427/366 169/382/321
f 294/428/367 284/429/368 271/430/369
f 271/430/369 284/429/368 283/431/370
f 271/430/369 283/431/370 272/432/371
f 272/432/371 283/431/370 282/433/372
f 272/432/371 282/433/372 273/434/373
f 273/434/373 282/433/372 281/435/374
f 273/434/373 281/435/374 274/436/375
f 274/436/375 281/435/374 280/437/376
f 274/436/375 280/437/376 275/438/377
f 275/438/377 280/437/376 279/439/378
f 275/438/377 279/439/378 276/440/379
f 276/440/379 279/439/378 278/441/380
f 276/440/379 278/441/380 277/442/381
f 284/429/368 294/428/367 285/443/382
f 285/443/382 294/428/367 293/444/383
f 285/443/382 293/444/383 286/445/384
f 286/445/384 293/444/383 292/446/385
f 286/445/384 292/446/385 287/447/386
f 287/447/386 292/446/385 291/448/387
f 287/447/386 291/448/387 288/449/388
f 288/449/388 291/448/387 290/450/389
f 288/449/388 290/450/389 289/451/390
f 295/452/391 296/453/392 316/454/393
f 316/454/393 296/453/392 315/455/394
f 315/455/394 296/453/392 317/456/395
f 315/455/394 317/456/395 318/457/396
f 318/457/396 317/456/395 301/458/397
f 318/457/396 301/458/397 302/459/398
f 296/453/392 297/460/399 317/456/395
f 317/456/395 297/460/399 300/461/400
f 317/456/395 300/461/400 301/458/397
f 298/462/401 299/463/402 297/460/399
f 297/460/399 299/463/402 300/461/400
f 318/457/396 302/459/398 319/464/403
f 319/464/403 302/459/398 303/465/404
f 319/464/403 303/465/404 304/466/405
f 319/464/403 304/466/405 320/467/406
f 320/467/406 304/466/405 305/468/407
f 320/467/406 305/468/407 321/469/408
f 321/469/408 305/468/407 307/470/409
f 321/469/408 307/470/409 308/471/410
f 305/468/407 306/472/411 307/470/409
f 309/473/412 310/474/413 308/471/410
f 308/471/410 310/474/413 321/469/408
f 310/474/413 311/475/414 321/469/408
f 321/469/408 311/475/414 320/467/406
f 311/475/414 312/476/415 320/467/406
f 320/467/406 312/476/415 319/464/403
f 312/476/415 313/477/416 319/464/403
f 319/464/403 313/477/416 314/478/417
f 319/464/403 314/478/417 318/457/396
f 318/457/396 314/478/417 315/455/394
f 298/479/401 322/480/418 299/481/419
f 299/481/419 322/480/418 323/482/420
f 299/481/419 323/482/420 330/483/421
f 330/483/421 323/482/420 324/484/422
f 330/483/421 324/484/422 331/485/423
f 331/485/423 324/484/422 325/486/424
f 331/485/423 325/486/424 332/487/425
f 332/487/425 325/486/424 326/488/426
f 332/487/425 326/488/426 333/489/427
f 333/489/427 326/488/426 327/490/428
f 333/489/427 327/490/428 334/491/429
f 334/491/429 327/490/428 328/492/430
f 334/491/429 328/492/430 305/493/431
f 305/493/431 328/492/430 329/494/432
f 305/493/431 304/495/433 334/491/429
f 334/491/429 304/495/433 303/496/434
f 334/491/429 303/496/434 333/489/427
f 333/489/427 303/496/434 302/497/435
f 333/489/427 302/497/435 332/487/425
f 332/487/425 302/497/435 301/498/436
f 332/487/425 301/498/436 331/485/423
f 331/485/423 301/498/436 300/499/437
f 331/485/423 300/499/437 330/483/421
f 330/483/421 300/499/437 299/481/419
f 310/500/438 335/501/439 311/502/440
f 311/502/440 335/501/439 344/503/441
f 311/502/440 344/503/441 312/504/442
f 312/504/442 344/503/441 343/505/443
f 312/504/442 343/505/443 313/506/444
f 313/506/444 343/505/443 345/507/445
f 313/506/444 345/507/445 314/508/446
f 314/508/446 345/507/445 346/509/447
f 314/508/446 346/509/447 315/510/448
f 315/510/448 346/509/447 347/511/449
f 315/510/448 347/511/449 316/512/450
f 316/512/450 347/511/449 341/513/451
f 316/512/450 341/513/451 295/514/391
f 295/514/391 341/513/451 342/515/452
f 335/501/439 336/516/453 344/503/441
f 344/503/441 336/516/453 337/517/454
f 344/503/441 337/517/454 343/505/443
f 343/505/443 337/517/454 338/518/455
f 343/505/443 338/518/455 345/507/445
f 345/507/445 338/518/455 339/519/456
f 345/507/445 339/519/456 346/509/447
f 346/509/447 339/519/456 340/520/457
f 346/509/447 340/520/457 347/511/449
f 347/511/449 340/520/457 341/513/451
f 322/521/418 348/522/458 323/523/459
f 323/523/459 348/522/458 324/524/460
f 324/524/460 348/522/458 354/525/461
f 324/524/460 354/525/461 355/526/462
f 355/526/462 354/525/461 339/527/463
f 355/526/462 339/527/463 338/528/464
f 348/522/458 349/529/465 354/525/461
f 354/525/461 349/529/465 340/530/466
f 354/525/461 340/530/466 339/527/463
f 342/531/452 341/532/467 349/529/465
f 349/529/465 341/532/467 340/530/466
f 355/526/462 338/528/464 356/533/468
f 356/533/468 338/528/464 337/534/469
f 356/533/468 337/534/469 336/535/470
f 356/533/468 336/535/470 357/536/471
f 357/536/471 336/535/470 335/537/472
f 357/536/471 335/537/472 358/538/473
f 358/538/473 335/537/472 351/539/474
f 358/538/473 351/539/474 352/540/475
f 335/537/472 350/541/476 351/539/474
f 353/542/477 329/543/478 352/540/475
f 352/540/475 329/543/478 358/538/473
f 329/543/478 328/544/479 358/538/473
f 358/538/473 328/544/479 357/536/471
f 328/544/479 327/545/480 357/536/471
f 357/536/471 327/545/480 356/533/468
f 327/545/480 326/546/481 356/533/468
f 356/533/468 326/546/481 325/547/482
f 356/533/468 325/547/482 355/526/462
f 355/526/462 325/547/482 324/524/460
f 310/548/438 309/549/483 335/550/439
f 335/550/439 309/549/483 350/551/484
f 350/551/484 309/549/483 361/552/485
f 350/551/484 361/552/485 363/553/486
f 363/553/486 361/552/485 362/554/487
f 309/549/483 359/555/488 361/552/485
f 361/552/485 359/555/488 360/556/489
f 309/557/412 308/558/410 359/559/490
f 359/559/490 308/558/410 365/560/491
f 365/560/491 308/558/410 307/561/409
f 365/560/491 307/561/409 364/562/492
f 364/562/492 307/561/409 306/563/411
f 367/564/493 453/565/494 366/566/495
f 366/566/495 453/565/494 454/567/496
f 366/566/495 454/567/496 421/568/497
f 421/568/497 454/567/496 420/569/498
f 420/569/498 454/567/496 455/570/499
f 420/569/498 455/570/499 419/571/500
f 419/571/500 455/570/499 456/572/501
f 419/571/500 456/572/501 488/573/502
f 488/573/502 456/572/501 487/574/503
f 487/574/503 456/572/501 457/575/504
f 487/574/503 457/575/504 486/576/505
f 486/576/505 457/575/504 485/577/506
f 485/577/506 457/575/504 458/578/507
f 485/577/506 458/578/507 484/579/508
f 484/579/508 458/578/507 491/580/509
f 491/580/509 458/578/507 416/581/510
f 491/580/509 416/581/510 417/582/511
f 367/564/493 368/583/512 453/565/494
f 453/565/494 368/583/512 452/584/513
f 452/584/513 368/583/512 369/585/514
f 452/584/513 369/585/514 451/586/515
f 451/586/515 369/585/514 370/587/516
f 451/586/515 370/587/516 423/588/517
f 423/588/517 370/587/516 371/589/518
f 423/588/517 371/589/518 422/590/519
f 422/590/519 371/589/518 372/591/520
f 422/590/519 372/591/520 373/592/521
f 422/590/519 373/592/521 421/568/497
f 421/568/497 373/592/521 366/566/495
f 375/593/522 462/594/523 374/595/524
f 374/595/524 462/594/523 463/596/525
f 374/595/524 463/596/525 412/597/526
f 412/597/526 463/596/525 411/598/527
f 411/598/527 463/596/525 464/599/528
f 411/598/527 464/599/528 410/600/529
f 410/600/529 464/599/528 465/601/530
f 410/600/529 465/601/530 480/602/531
f 480/602/531 465/601/530 479/603/532
f 479/603/532 465/601/530 478/604/533
f 478/604/533 465/601/530 466/605/534
f 478/604/533 466/605/534 477/606/535
f 477/606/535 466/605/534 476/607/536
f 476/607/536 466/605/534 467/608/537
f 476/607/536 467/608/537 408/609/538
f 408/609/538 467/608/537 407/610/539
f 407/610/539 467/608/537 433/611/540
f 407/610/539 433/611/540 406/612/541
f 406/613/541 433/614/540 434/615/542
f 406/613/541 434/615/542 386/616/543
f 386/616/543 434/615/542 385/617/544
f 385/617/544 434/615/542 435/618/545
f 385/617/544 435/618/545 384/619/546
f 384/619/546 435/618/545 383/620/547
f 383/620/547 435/618/545 436/621/548
f 383/620/547 436/621/548 382/622/549
f 382/622/549 436/621/548 389/623/550
f 389/623/550 436/621/548 403/624/551
f 389/623/550 403/624/551 404/625/552
f 462/594/523 375/593/522 461/626/553
f 461/626/553 375/593/522 376/627/554
f 461/626/553 376/627/554 377/628/555
f 461/626/553 377/628/555 460/629/556
f 460/629/556 377/628/555 378/630/557
f 460/629/556 378/630/557 415/631/558
f 415/631/558 378/630/557 414/632/559
f 414/632/559 378/630/557 379/633/560
f 414/632/559 379/633/560 413/634/561
f 413/634/561 379/633/560 380/635/562
f 413/634/561 380/635/562 381/636/563
f 413/634/561 381/636/563 412/597/526
f 412/597/526 381/636/563 374/595/524
f 406/613/541 386/616/543 405/637/564
f 405/637/564 386/616/543 387/638/565
f 405/637/564 387/638/565 388/639/566
f 405/637/564 388/639/566 404/625/552
f 404/625/552 388/639/566 389/623/550
f 391/640/567 444/641/568 390/642/569
f 390/642/569 444/641/568 445/643/570
f 390/642/569 445/643/570 430/644/571
f 430/644/571 445/643/570 429/645/572
f 429/645/572 445/643/570 446/646/573
f 429/645/572 446/646/573 428/647/574
f 428/647/574 446/646/573 447/648/575
f 428/647/574 447/648/575 342/649/452
f 342/649/452 447/648/575 295/650/391
f 295/650/391 447/648/575 448/651/576
f 295/650/391 448/651/576 296/652/392
f 296/652/392 448/651/576 297/653/399
f 297/653/399 448/651/576 449/654/577
f 297/653/399 449/654/577 298/655/401
f 298/655/401 449/654/577 425/656/578
f 298/655/401 425/656/578 322/657/418
f 322/657/418 425/656/578 426/658/579
f 322/657/418 426/658/579 348/659/458
f 348/659/458 426/658/579 349/660/465
f 349/660/465 426/658/579 427/661/580
f 349/660/465 427/661/580 342/649/452
f 342/649/452 427/661/580 428/647/574
f 391/640/567 392/662/581 444/641/568
f 444/641/568 392/662/581 443/663/582
f 443/663/582 392/662/581 393/664/583
f 443/663/582 393/664/583 394/665/584
f 395/666/585 431/667/586 394/665/584
f 394/665/584 431/667/586 432/668/587
f 394/665/584 432/668/587 443/663/582
f 443/663/582 432/668/587 442/669/588
f 442/669/588 432/668/587 398/670/589
f 442/669/588 398/670/589 441/671/590
f 441/671/590 398/670/589 399/672/591
f 441/671/590 399/672/591 468/673/592
f 468/673/592 399/672/591 475/674/593
f 475/674/593 399/672/591 400/675/594
f 475/674/593 400/675/594 474/676/595
f 474/676/595 400/675/594 473/677/596
f 473/677/596 400/675/594 401/678/597
f 473/677/596 401/678/597 472/679/598
f 472/679/598 401/678/597 438/680/599
f 472/679/598 438/680/599 471/681/600
f 471/681/600 438/680/599 439/682/601
f 471/681/600 439/682/601 470/683/602
f 470/683/602 439/682/601 440/684/603
f 470/683/602 440/684/603 469/685/604
f 469/685/604 440/684/603 468/673/592
f 468/673/592 440/684/603 441/671/590
f 395/666/585 396/686/605 431/667/586
f 431/667/586 396/686/605 430/644/571
f 430/644/571 396/686/605 397/687/606
f 430/644/571 397/687/606 390/642/569
f 401/678/597 402/688/607 438/680/599
f 438/680/599 402/688/607 437/689/608
f 437/689/608 402/688/607 403/624/551
f 437/689/608 403/624/551 436/621/548
f 409/690/609 482/691/610 408/609/538
f 408/609/538 482/691/610 483/692/611
f 408/609/538 483/692/611 476/607/536
f 410/600/529 480/602/531 409/690/609
f 409/690/609 480/602/531 481/693/612
f 409/690/609 481/693/612 482/691/610
f 460/629/556 415/631/558 459/694/613
f 459/694/613 415/631/558 416/581/510
f 459/694/613 416/581/510 458/578/507
f 491/580/509 417/582/511 490/695/614
f 490/695/614 417/582/511 418/696/615
f 490/695/614 418/696/615 489/697/616
f 489/697/616 418/696/615 488/573/502
f 488/573/502 418/696/615 419/571/500
f 423/588/517 424/698/617 451/586/515
f 451/586/515 424/698/617 450/699/618
f 450/699/618 424/698/617 425/656/578
f 450/699/618 425/656/578 449/654/577
f 369/700/514 368/701/512 509/702/619
f 509/702/619 368/701/512 508/703/620
f 508/703/620 368/701/512 510/704/621
f 508/703/620 510/704/621 511/705/622
f 511/705/622 510/704/621 494/706/623
f 511/705/622 494/706/623 495/707/624
f 368/701/512 367/708/493 510/704/621
f 510/704/621 367/708/493 493/709/625
f 510/704/621 493/709/625 494/706/623
f 366/710/495 492/711/626 367/708/493
f 367/708/493 492/711/626 493/709/625
f 511/705/622 495/707/624 512/712/627
f 512/712/627 495/707/624 496/713/628
f 512/712/627 496/713/628 497/714/629
f 512/712/627 497/714/629 513/715/630
f 513/715/630 497/714/629 498/716/631
f 513/715/630 498/716/631 514/717/632
f 514/717/632 498/716/631 500/718/633
f 514/717/632 500/718/633 501/719/634
f 498/716/631 499/720/635 500/718/633
f 502/721/636 503/722/637 501/719/634
f 501/719/634 503/722/637 514/717/632
f 503/722/637 504/723/638 514/717/632
f 514/717/632 504/723/638 513/715/630
f 504/723/638 505/724/639 513/715/630
f 513/715/630 505/724/639 512/712/627
f 505/724/639 506/725/640 512/712/627
f 512/712/627 506/725/640 507/726/641
f 512/712/627 507/726/641 511/705/622
f 511/705/622 507/726/641 508/703/620
f 366/727/495 373/728/521 492/729/642
f 492/729/642 373/728/521 515/730/643
f 492/729/642 515/730/643 522/731/644
f 522/731/644 515/730/643 516/732/645
f 522/731/644 516/732/645 523/733/646
f 523/733/646 516/732/645 517/734/647
f 523/733/646 517/734/647 524/735/648
f 524/735/648 517/734/647 518/736/649
f 524/735/648 518/736/649 525/737/650
f 525/737/650 518/736/649 519/738/651
f 525/737/650 519/738/651 526/739/652
f 526/739/652 519/738/651 520/740/653
f 526/739/652 520/740/653 498/741/654
f 498/741/654 520/740/653 521/742/655
f 498/741/654 497/743/656 526/739/652
f 526/739/652 497/743/656 496/744/657
f 526/739/652 496/744/657 525/737/650
f 525/737/650 496/744/657 495/745/658
f 525/737/650 495/745/658 524/735/648
f 524/735/648 495/745/658 494/746/659
f 524/735/648 494/746/659 523/733/646
f 523/733/646 494/746/659 493/747/660
f 523/733/646 493/747/660 522/731/644
f 522/731/644 493/747/660 492/729/642
f 527/748/661 528/749/662 537/750/663
f 537/750/663 528/749/662 538/751/664
f 537/750/663 538/751/664 539/752/665
f 539/752/665 538/751/664 520/753/666
f 539/752/665 520/753/666 519/754/667
f 528/749/662 529/755/668 538/751/664
f 538/751/664 529/755/668 521/756/669
f 538/751/664 521/756/669 520/753/666
f 529/755/668 530/757/670 521/756/669
f 539/752/665 519/754/667 540/758/671
f 540/758/671 519/754/667 518/759/672
f 540/758/671 518/759/672 517/760/673
f 540/758/671 517/760/673 541/761/674
f 541/761/674 517/760/673 516/762/675
f 541/761/674 516/762/675 542/763/676
f 542/763/676 516/762/675 372/764/520
f 542/763/676 372/764/520 371/765/518
f 516/762/675 515/766/677 372/764/520
f 372/764/520 515/766/677 373/767/521
f 370/768/516 531/769/678 371/765/518
f 371/765/518 531/769/678 532/770/679
f 371/765/518 532/770/679 542/763/676
f 542/763/676 532/770/679 533/771/680
f 542/763/676 533/771/680 541/761/674
f 541/761/674 533/771/680 534/772/681
f 541/761/674 534/772/681 540/758/671
f 540/758/671 534/772/681 535/773/682
f 540/758/671 535/773/682 536/774/683
f 540/758/671 536/774/683 539/752/665
f 539/752/665 536/774/683 537/750/663
f 370/775/516 369/776/514 531/777/684
f 531/777/684 369/776/514 509/778/685
f 531/777/684 509/778/685 543/779/686
f 543/779/686 509/778/685 508/780/687
f 543/779/686 508/780/687 544/781/688
f 544/781/688 508/780/687 507/782/689
f 544/781/688 507/782/689 545/783/690
f 545/783/690 507/782/689 506/784/691
f 545/783/690 506/784/691 546/785/692
f 546/785/692 506/784/691 505/786/693
f 546/785/692 505/786/693 547/787/694
f 547/787/694 505/786/693 504/788/695
f 547/787/694 504/788/695 537/789/696
f 537/789/696 504/788/695 503/790/697
f 537/789/696 536/791/698 547/787/694
f 547/787/694 536/791/698 535/792/699
f 547/787/694 535/792/699 546/785/692
f 546/785/692 535/792/699 534/793/700
f 546/785/692 534/793/700 545/783/690
f 545/783/690 534/793/700 533/794/701
f 545/783/690 533/794/701 544/781/688
f 544/781/688 533/794/701 532/795/702
f 544/781/688 532/795/702 543/779/686
f 543/779/686 532/795/702 531/777/684
f 503/796/697 502/797/703 537/798/696
f 537/798/696 502/797/703 527/799/704
f 527/799/704 502/797/703 550/800/705
f 527/799/704 550/800/705 552/801/706
f 552/801/706 550/800/705 551/802/707
f 502/797/703 548/803/708 550/800/705
f 550/800/705 548/803/708 549/804/709
f 502/805/636 501/806/634 548/807/710
f 548/807/710 501/806/634 554/808/711
f 554/808/711 501/806/634 500/809/633
f 554/808/711 500/809/633 553/810/712
f 553/810/712 500/809/633 499/811/635
f 487/812/503 486/813/505 572/814/713
f 572/814/713 486/813/505 571/815/714
f 571/815/714 486/813/505 573/816/715
f 571/815/714 573/816/715 574/817/716
f 574/817/716 573/816/715 557/818/717
f 574/817/716 557/818/717 558/819/718
f 486/813/505 485/820/506 573/816/715
f 573/816/715 485/820/506 556/821/719
f 573/816/715 556/821/719 557/818/717
f 484/822/508 555/823/720 485/820/506
f 485/820/506 555/823/720 556/821/719
f 574/817/716 558/819/718 575/824/721
f 575/824/721 558/819/718 559/825/722
f 575/824/721 559/825/722 560/826/723
f 575/824/721 560/826/723 576/827/724
f 576/827/724 560/826/723 561/828/725
f 576/827/724 561/828/725 577/829/726
f 577/829/726 561/828/725 563/830/727
f 577/829/726 563/830/727 564/831/728
f 561/828/725 562/832/729 563/830/727
f 565/833/730 566/834/731 564/831/728
f 564/831/728 566/834/731 577/829/726
f 566/834/731 567/835/732 577/829/726
f 577/829/726 567/835/732 576/827/724
f 567/835/732 568/836/733 576/827/724
f 576/827/724 568/836/733 575/824/721
f 568/836/733 569/837/734 575/824/721
f 575/824/721 569/837/734 570/838/735
f 575/824/721 570/838/735 574/817/716
f 574/817/716 570/838/735 571/815/714
f 484/839/508 491/840/509 555/841/736
f 555/841/736 491/840/509 578/842/737
f 555/841/736 578/842/737 585/843/738
f 585/843/738 578/842/737 579/844/739
f 585/843/738 579/844/739 586/845/740
f 586/845/740 579/844/739 580/846/741
f 586/845/740 580/846/741 587/847/742
f 587/847/742 580/846/741 581/848/743
f 587/847/742 581/848/743 588/849/744
f 588/849/744 581/848/743 582/850/745
f 588/849/744 582/850/745 589/851/746
f 589/851/746 582/850/745 583/852/747
f 589/851/746 583/852/747 561/853/748
f 561/853/748 583/852/747 584/854/749
f 561/853/748 560/855/750 589/851/746
f 589/851/746 560/855/750 559/856/751
f 589/851/746 559/856/751 588/849/744
f 588/849/744 559/856/751 558/857/752
f 588/849/744 558/857/752 587/847/742
f 587/847/742 558/857/752 557/858/753
f 587/847/742 557/858/753 586/845/740
f 586/845/740 557/858/753 556/859/754
f 586/845/740 556/859/754 585/843/738
f 585/843/738 556/859/754 555/841/736
f 590/860/755 591/861/756 600/862/757
f 600/862/757 591/861/756 601/863/758
f 600/862/757 601/863/758 602/864/759
f 602/864/759 601/863/758 583/865/760
f 602/864/759 583/865/760 582/866/761
f 591/861/756 592/867/762 601/863/758
f 601/863/758 592/867/762 584/868/763
f 601/863/758 584/868/763 583/865/760
f 592/867/762 593/869/764 584/868/763
f 602/864/759 582/866/761 603/870/765
f 603/870/765 582/866/761 581/871/766
f 603/870/765 581/871/766 580/872/767
f 603/870/765 580/872/767 604/873/768
f 604/873/768 580/872/767 579/874/769
f 604/873/768 579/874/769 605/875/770
f 605/875/770 579/874/769 490/876/614
f 605/875/770 490/876/614 489/877/616
f 579/874/769 578/878/771 490/876/614
f 490/876/614 578/878/771 491/879/509
f 488/880/502 594/881/772 489/877/616
f 489/877/616 594/881/772 595/882/773
f 489/877/616 595/882/773 605/875/770
f 605/875/770 595/882/773 596/883/774
f 605/875/770 596/883/774 604/873/768
f 604/873/768 596/883/774 597/884/775
f 604/873/768 597/884/775 603/870/765
f 603/870/765 597/884/775 598/885/776
f 603/870/765 598/885/776 599/886/777
f 603/870/765 599/886/777 602/864/759
f 602/864/759 599/886/777 600/862/757
f 488/887/502 487/888/503 594/889/778
f 594/889/778 487/888/503 572/890/779
f 594/889/778 572/890/779 606/891/780
f 606/891/780 572/890/779 571/892/781
f 606/891/780 571/892/781 607/893/782
f 607/893/782 571/892/781 570/894/783
f 607/893/782 570/894/783 608/895/784
f 608/895/784 570/894/783 569/896/785
f 608/895/784 569/896/785 609/897/786
f 609/897/786 569/896/785 568/898/787
f 609/897/786 568/898/787 610/899/788
f 610/899/788 568/898/787 567/900/789
f 610/899/788 567/900/789 600/901/790
f 600/901/790 567/900/789 566/902/791
f 600/901/790 599/903/792 610/899/788
f 610/899/788 599/903/792 598/904/793
f 610/899/788 598/904/793 609/897/786
f 609/897/786 598/904/793 597/905/794
f 609/897/786 597/905/794 608/895/784
f 608/895/784 597/905/794 596/906/795
f 608/895/784 596/906/795 607/893/782
f 607/893/782 596/906/795 595/907/796
f 607/893/782 595/907/796 606/891/780
f 606/891/780 595/907/796 594/889/778
f 566/908/791 565/909/797 600/910/790
f 600/910/790 565/909/797 590/911/798
f 590/911/798 565/909/797 613/912/799
f 590/911/798 613/912/799 615/913/800
f 615/913/800 613/912/799 614/914/801
f 565/909/797 611/915/802 613/912/799
f 613/912/799 611/915/802 612/916/803
f 565/917/730 564/918/728 611/919/804
f 611/919/804 564/918/728 617/920/805
f 617/920/805 564/918/728 563/921/727
f 617/920/805 563/921/727 616/922/806
f 616/922/806 563/921/727 562/923/729
f 377/924/555 376/925/554 635/926/807
f 635/926/807 376/925/554 634/927/808
f 634/927/808 376/925/554 636/928/809
f 634/927/808 636/928/809 637/929/810
f 637/929/810 636/928/809 620/930/811
f 637/929/810 620/930/811 621/931/812
f 376/925/554 375/932/522 636/928/809
f 636/928/809 375/932/522 619/933/813
f 636/928/809 619/933/813 620/930/811
f 374/934/524 618/935/814 375/932/522
f 375/932/522 618/935/814 619/933/813
f 637/929/810 621/931/812 638/936/815
f 638/936/815 621/931/812 622/937/816
f 638/936/815 622/937/816 623/938/817
f 638/936/815 623/938/817 639/939/818
f 639/939/818 623/938/817 624/940/819
f 639/939/818 624/940/819 640/941/820
f 640/941/820 624/940/819 626/942/821
f 640/941/820 626/942/821 627/943/822
f 624/940/819 625/944/823 626/942/821
f 628/945/824 629/946/825 627/943/822
f 627/943/822 629/946/825 640/941/820
f 629/946/825 630/947/826 640/941/820
f 640/941/820 630/947/826 639/939/818
f 630/947/826 631/948/827 639/939/818
f 639/939/818 631/948/827 638/936/815
f 631/948/827 632/949/828 638/936/815
f 638/936/815 632/949/828 633/950/829
f 638/936/815 633/950/829 637/929/810
f 637/929/810 633/950/829 634/927/808
f 374/951/524 381/952/563 618/953/830
f 618/953/830 381/952/563 641/954/831
f 618/953/830 641/954/831 648/955/832
f 648/955/832 641/954/831 642/956/833
f 648/955/832 642/956/833 649/957/834
f 649/957/834 642/956/833 643/958/835
f 649/957/834 643/958/835 650/959/836
f 650/959/836 643/958/835 644/960/837
f 650/959/836 644/960/837 651/961/838
f 651/961/838 644/960/837 645/962/839
f 651/961/838 645/962/839 652/963/840
f 652/963/840 645/962/839 646/964/841
f 652/963/840 646/964/841 624/965/842
f 624/965/842 646/964/841 647/966/843
f 624/965/842 623/967/844 652/963/840
f 652/963/840 623/967/844 622/968/845
f 652/963/840 622/968/845 651/961/838
f 651/961/838 622/968/845 621/969/846
f 651/961/838 621/969/846 650/959/836
f 650/959/836 621/969/846 620/970/847
f 650/959/836 620/970/847 649/957/834
f 649/957/834 620/970/847 619/971/848
f 649/957/834 619/971/848 648/955/832
f 648/955/832 619/971/848 618/953/830
f 653/972/849 654/973/850 663/974/851
f 663/974/851 654/973/850 664/975/852
f 663/974/851 664/975/852 665/976/853
f 665/976/853 664/975/852 646/977/854
f 665/976/853 646/977/854 645/978/855
f 654/973/850 655/979/856 664/975/852
f 664/975/852 655/979/856 647/980/857
f 664/975/852 647/980/857 646/977/854
f 655/979/856 656/981/858 647/980/857
f 665/976/853 645/978/855 666/982/859
f 666/982/859 645/978/855 644/983/860
f 666/982/859 644/983/860 643/984/861
f 666/982/859 643/984/861 667/985/862
f 667/985/862 643/984/861 642/986/863
f 667/985/862 642/986/863 668/987/864
f 668/987/864 642/986/863 380/988/562
f 668/987/864 380/988/562 379/989/560
f 642/986/863 641/990/865 380/988/562
f 380/988/562 641/990/865 381/991/563
f 378/992/557 657/993/866 379/989/560
f 379/989/560 657/993/866 658/994/867
f 379/989/560 658/994/867 668/987/864
f 668/987/864 658/994/867 659/995/868
f 668/987/864 659/995/868 667/985/862
f 667/985/862 659/995/868 660/996/869
f 667/985/862 660/996/869 666/982/859
f 666/982/859 660/996/869 661/997/870
f 666/982/859 661/997/870 662/998/871
f 666/982/859 662/998/871 665/976/853
f 665/976/853 662/998/871 663/974/851
f 378/999/557 377/1000/555 657/1001/872
f 657/1001/872 377/1000/555 635/1002/873
f 657/1001/872 635/1002/873 669/1003/874
f 669/1003/874 635/1002/873 634/1004/875
f 669/1003/874 634/1004/875 670/1005/876
f 670/1005/876 634/1004/875 633/1006/877
f 670/1005/876 633/1006/877 671/1007/878
f 671/1007/878 633/1006/877 632/1008/879
f 671/1007/878 632/1008/879 672/1009/880
f 672/1009/880 632/1008/879 631/1010/881
f 672/1009/880 631/1010/881 673/1011/882
f 673/1011/882 631/1010/881 630/1012/883
f 673/1011/882 630/1012/883 663/1013/884
f 663/1013/884 630/1012/883 629/1014/885
f 663/1013/884 662/1015/886 673/1011/882
f 673/1011/882 662/1015/886 661/1016/887
f 673/1011/882 661/1016/887 672/1009/880
f 672/1009/880 661/1016/887 660/1017/888
f 672/1009/880 660/1017/888 671/1007/878
f 671/1007/878 660/1017/888 659/1018/889
f 671/1007/878 659/1018/889 670/1005/876
f 670/1005/876 659/1018/889 658/1019/890
f 670/1005/876 658/1019/890 669/1003/874
f 669/1003/874 658/1019/890 657/1001/872
f 629/1020/885 628/1021/891 663/1022/884
f 663/1022/884 628/1021/891 653/1023/892
f 653/1023/892 628/1021/891 676/1024/893
f 653/1023/892 676/1024/893 678/1025/894
f 678/1025/894 676/1024/893 677/1026/895
f 628/1021/891 674/1027/896 676/1024/893
f 676/1024/893 674/1027/896 675/1028/897
f 628/1029/824 627/1030/822 674/1031/898
f 674/1031/898 627/1030/822 680/1032/899
f 680/1032/899 627/1030/822 626/1033/821
f 680/1032/899 626/1033/821 679/1034/900
f 679/1034/900 626/1033/821 625/1035/823
f 479/1036/532 478/1037/533 698/1038/901
f 698/1038/901 478/1037/533 697/1039/902
f 697/1039/902 478/1037/533 699/1040/903
f 697/1039/902 699/1040/903 700/1041/904
f 700/1041/904 699/1040/903 683/1042/905
f 700/1041/904 683/1042/905 684/1043/906
f 478/1037/533 477/1044/535 699/1040/903
f 699/1040/903 477/1044/535 682/1045/907
f 699/1040/903 682/1045/907 683/1042/905
f 476/1046/536 681/1047/908 477/1044/535
f 477/1044/535 681/1047/908 682/1045/907
f 700/1041/904 684/1043/906 701/1048/909
f 701/1048/909 684/1043/906 685/1049/910
f 701/1048/909 685/1049/910 686/1050/911
f 701/1048/909 686/1050/911 702/1051/912
f 702/1051/912 686/1050/911 687/1052/913
f 702/1051/912 687/1052/913 703/1053/914
f 703/1053/914 687/1052/913 689/1054/915
f 703/1053/914 689/1054/915 690/1055/916
f 687/1052/913 688/1056/917 689/1054/915
f 691/1057/918 692/1058/919 690/1055/916
f 690/1055/916 692/1058/919 703/1053/914
f 692/1058/919 693/1059/920 703/1053/914
f 703/1053/914 693/1059/920 702/1051/912
f 693/1059/920 694/1060/921 702/1051/912
f 702/1051/912 694/1060/921 701/1048/909
f 694/1060/921 695/1061/922 701/1048/909
f 701/1048/909 695/1061/922 696/1062/923
f 701/1048/909 696/1062/923 700/1041/904
f 700/1041/904 696/1062/923 697/1039/902
f 476/1063/536 483/1064/611 681/1065/924
f 681/1065/924 483/1064/611 704/1066/925
f 681/1065/924 704/1066/925 711/1067/926
f 711/1067/926 704/1066/925 705/1068/927
f 711/1067/926 705/1068/927 712/1069/928
f 712/1069/928 705/1068/927 706/1070/929
f 712/1069/928 706/1070/929 713/1071/930
f 713/1071/930 706/1070/929 707/1072/931
f 713/1071/930 707/1072/931 714/1073/932
f 714/1073/932 707/1072/931 708/1074/933
f 714/1073/932 708/1074/933 715/1075/934
f 715/1075/934 708/1074/933 709/1076/935
f 715/1075/934 709/1076/935 687/1077/936
f 687/1077/936 709/1076/935 710/1078/937
f 687/1077/936 686/1079/938 715/1075/934
f 715/1075/934 686/1079/938 685/1080/939
f 715/1075/934 685/1080/939 714/1073/932
f 714/1073/932 685/1080/939 684/1081/940
f 714/1073/932 684/1081/940 713/1071/930
f 713/1071/930 684/1081/940 683/1082/941
f 713/1071/930 683/1082/941 712/1069/928
f 712/1069/928 683/1082/941 682/1083/942
f 712/1069/928 682/1083/942 711/1067/926
f 711/1067/926 682/1083/942 681/1065/924
f 692/1084/943 716/1085/944 693/1086/945
f 693/1086/945 716/1085/944 724/1087/946
f 693/1086/945 724/1087/946 694/1088/947
f 694/1088/947 724/1087/946 723/1089/948
f 694/1088/947 723/1089/948 695/1090/949
f 695/1090/949 723/1089/948 725/1091/950
f 695/1090/949 725/1091/950 696/1092/951
f 696/1092/951 725/1091/950 726/1093/952
f 696/1092/951 726/1093/952 697/1094/953
f 697/1094/953 726/1093/952 727/1095/954
f 697/1094/953 727/1095/954 698/1096/955
f 698/1096/955 727/1095/954 722/1097/956
f 698/1096/955 722/1097/956 479/1098/532
f 479/1098/532 722/1097/956 480/1099/531
f 716/1085/944 717/1100/957 724/1087/946
f 724/1087/946 717/1100/957 718/1101/958
f 724/1087/946 718/1101/958 723/1089/948
f 723/1089/948 718/1101/958 719/1102/959
f 723/1089/948 719/1102/959 725/1091/950
f 725/1091/950 719/1102/959 720/1103/960
f 725/1091/950 720/1103/960 726/1093/952
f 726/1093/952 720/1103/960 721/1104/961
f 726/1093/952 721/1104/961 727/1095/954
f 727/1095/954 721/1104/961 722/1097/956
f 483/1105/611 482/1106/610 704/1107/962
f 704/1107/962 482/1106/610 705/1108/963
f 705/1108/963 482/1106/610 732/1109/964
f 705/1108/963 732/1109/964 733/1110/965
f 733/1110/965 732/1109/964 720/1111/966
f 733/1110/965 720/1111/966 719/1112/967
f 482/1106/610 481/1113/612 732/1109/964
f 732/1109/964 481/1113/612 721/1114/968
f 732/1109/964 721/1114/968 720/1111/966
f 480/1115/531 722/1116/969 481/1113/612
f 481/1113/612 722/1116/969 721/1114/968
f 733/1110/965 719/1112/967 734/1117/970
f 734/1117/970 719/1112/967 718/1118/971
f 734/1117/970 718/1118/971 717/1119/972
f 734/1117/970 717/1119/972 735/1120/973
f 735/1120/973 717/1119/972 716/1121/974
f 735/1120/973 716/1121/974 736/1122/975
f 736/1122/975 716/1121/974 729/1123/976
f 736/1122/975 729/1123/976 730/1124/977
f 716/1121/974 728/1125/978 729/1123/976
f 731/1126/979 710/1127/980 730/1124/977
f 730/1124/977 710/1127/980 736/1122/975
f 710/1127/980 709/1128/981 736/1122/975
f 736/1122/975 709/1128/981 735/1120/973
f 709/1128/981 708/1129/982 735/1120/973
f 735/1120/973 708/1129/982 734/1117/970
f 708/1129/982 707/1130/983 734/1117/970
f 734/1117/970 707/1130/983 706/1131/984
f 734/1117/970 706/1131/984 733/1110/965
f 733/1110/965 706/1131/984 705/1108/963
f 692/1132/943 691/1133/985 716/1134/944
f 716/1134/944 691/1133/985 728/1135/986
f 728/1135/986 691/1133/985 739/1136/987
f 728/1135/986 739/1136/987 741/1137/988
f 741/1137/988 739/1136/987 740/1138/989
f 691/1133/985 737/1139/990 739/1136/987
f 739/1136/987 737/1139/990 738/1140/991
f 691/1141/918 690/1142/916 737/1143/992
f 737/1143/992 690/1142/916 743/1144/993
f 743/1144/993 690/1142/916 689/1145/915
f 743/1144/993 689/1145/915 742/1146/994
f 742/1146/994 689/1145/915 688/1147/917
f 385/1148/544 384/1149/546 761/1150/995
f 761/1150/995 384/1149/546 760/1151/996
f 760/1151/996 384/1149/546 762/1152/997
f 760/1151/996 762/1152/997 763/1153/998
f 763/1153/998 762/1152/997 746/1154/999
f 763/1153/998 746/1154/999 747/1155/1000
f 384/1149/546 383/1156/547 762/1152/997
f 762/1152/997 383/1156/547 745/1157/1001
f 762/1152/997 745/1157/1001 746/1154/999
f 382/1158/549 744/1159/1002 383/1156/547
f 383/1156/547 744/1159/1002 745/1157/1001
f 763/1153/998 747/1155/1000 764/1160/1003
f 764/1160/1003 747/1155/1000 748/1161/1004
f 764/1160/1003 748/1161/1004 749/1162/1005
f 764/1160/1003 749/1162/1005 765/1163/1006
f 765/1163/1006 749/1162/1005 750/1164/1007
f 765/1163/1006 750/1164/1007 766/1165/1008
f 766/1165/1008 750/1164/1007 752/1166/1009
f 766/1165/1008 752/1166/1009 753/1167/1010
f 750/1164/1007 751/1168/1011 752/1166/1009
f 754/1169/1012 755/1170/1013 753/1167/1010
f 753/1167/1010 755/1170/1013 766/1165/1008
f 755/1170/1013 756/1171/1014 766/1165/1008
f 766/1165/1008 756/1171/1014 765/1163/1006
f 756/1171/1014 757/1172/1015 765/1163/1006
f 765/1163/1006 757/1172/1015 764/1160/1003
f 757/1172/1015 758/1173/1016 764/1160/1003
f 764/1160/1003 758/1173/1016 759/1174/1017
f 764/1160/1003 759/1174/1017 763/1153/998
f 763/1153/998 759/1174/1017 760/1151/996
f 382/1175/549 389/1176/550 744/1177/1018
f 744/1177/1018 389/1176/550 767/1178/1019
f 744/1177/1018 767/1178/1019 774/1179/1020
f 774/1179/1020 767/1178/1019 768/1180/1021
f 774/1179/1020 768/1180/1021 775/1181/1022
f 775/1181/1022 768/1180/1021 769/1182/1023
f 775/1181/1022 769/1182/1023 776/1183/1024
f 776/1183/1024 769/1182/1023 770/1184/1025
f 776/1183/1024 770/1184/1025 777/1185/1026
f 777/1185/1026 770/1184/1025 771/1186/1027
f 777/1185/1026 771/1186/1027 778/1187/1028
f 778/1187/1028 771/1186/1027 772/1188/1029
f 778/1187/1028 772/1188/1029 750/1189/1030
f 750/1189/1030 772/1188/1029 773/1190/1031
f 750/1189/1030 749/1191/1032 778/1187/1028
f 778/1187/1028 749/1191/1032 748/1192/1033
f 778/1187/1028 748/1192/1033 777/1185/1026
f 777/1185/1026 748/1192/1033 747/1193/1034
f 777/1185/1026 747/1193/1034 776/1183/1024
f 776/1183/1024 747/1193/1034 746/1194/1035
f 776/1183/1024 746/1194/1035 775/1181/1022
f 775/1181/1022 746/1194/1035 745/1195/1036
f 775/1181/1022 745/1195/1036 774/1179/1020
f 774/1179/1020 745/1195/1036 744/1177/1018
f 779/1196/1037 780/1197/1038 789/1198/1039
f 789/1198/1039 780/1197/1038 790/1199/1040
f 789/1198/1039 790/1199/1040 791/1200/1041
f 791/1200/1041 790/1199/1040 772/1201/1042
f 791/1200/1041 772/1201/1042 771/1202/1043
f 780/1197/1038 781/1203/1044 790/1199/1040
f 790/1199/1040 781/1203/1044 773/1204/1045
f 790/1199/1040 773/1204/1045 772/1201/1042
f 781/1203/1044 782/1205/1046 773/1204/1045
f 791/1200/1041 771/1202/1043 792/1206/1047
f 792/1206/1047 771/1202/1043 770/1207/1048
f 792/1206/1047 770/1207/1048 769/1208/1049
f 792/1206/1047 769/1208/1049 793/1209/1050
f 793/1209/1050 769/1208/1049 768/1210/1051
f 793/1209/1050 768/1210/1051 794/1211/1052
f 794/1211/1052 768/1210/1051 388/1212/566
f 794/1211/1052 388/1212/566 387/1213/565
f 768/1210/1051 767/1214/1053 388/1212/566
f 388/1212/566 767/1214/1053 389/1215/550
f 386/1216/543 783/1217/1054 387/1213/565
f 387/1213/565 783/1217/1054 784/1218/1055
f 387/1213/565 784/1218/1055 794/1211/1052
f 794/1211/1052 784/1218/1055 785/1219/1056
f 794/1211/1052 785/1219/1056 793/1209/1050
f 793/1209/1050 785/1219/1056 786/1220/1057
f 793/1209/1050 786/1220/1057 792/1206/1047
f 792/1206/1047 786/1220/1057 787/1221/1058
f 792/1206/1047 787/1221/1058 788/1222/1059
f 792/1206/1047 788/1222/1059 791/1200/1041
f 791/1200/1041 788/1222/1059 789/1198/1039
f 386/1223/543 385/1224/544 783/1225/1060
f 783/1225/1060 385/1224/544 761/1226/1061
f 783/1225/1060 761/1226/1061 795/1227/1062
f 795/1227/1062 761/1226/1061 760/1228/1063
f 795/1227/1062 760/1228/1063 796/1229/1064
f 796/1229/1064 760/1228/1063 759/1230/1065
f 796/1229/1064 759/1230/1065 797/1231/1066
f 797/1231/1066 759/1230/1065 758/1232/1067
f 797/1231/1066 758/1232/1067 798/1233/1068
f 798/1233/1068 758/1232/1067 757/1234/1069
f 798/1233/1068 757/1234/1069 799/1235/1070
f 799/1235/1070 757/1234/1069 756/1236/1071
f 799/1235/1070 756/1236/1071 789/1237/1072
f 789/1237/1072 756/1236/1071 755/1238/1073
f 789/1237/1072 788/1239/1074 799/1235/1070
f 799/1235/1070 788/1239/1074 787/1240/1075
f 799/1235/1070 787/1240/1075 798/1233/1068
f 798/1233/1068 787/1240/1075 786/1241/1076
f 798/1233/1068 786/1241/1076 797/1231/1066
f 797/1231/1066 786/1241/1076 785/1242/1077
f 797/1231/1066 785/1242/1077 796/1229/1064
f 796/1229/1064 785/1242/1077 784/1243/1078
f 796/1229/1064 784/1243/1078 795/1227/1062
f 795/1227/1062 784/1243/1078 783/1225/1060
f 755/1244/1073 754/1245/1079 789/1246/1072
f 789/1246/1072 754/1245/1079 779/1247/1080
f 779/1247/1080 754/1245/1079 802/1248/1081
f 779/1247/1080 802/1248/1081 804/1249/1082
f 804/1249/1082 802/1248/1081 803/1250/1083
f 754/1245/1079 800/1251/1084 802/1248/1081
f 802/1248/1081 800/1251/1084 801/1252/1085
f 754/1253/1012 753/1254/1010 800/1255/1086
f 800/1255/1086 753/1254/1010 806/1256/1087
f 806/1256/1087 753/1254/1010 752/1257/1009
f 806/1256/1087 752/1257/1009 805/1258/1088
f 805/1258/1088 752/1257/1009 751/1259/1011
f 471/1260/600 470/1261/602 824/1262/1089
f 824/1262/1089 470/1261/602 823/1263/1090
f 823/1263/1090 470/1261/602 825/1264/1091
f 823/1263/1090 825/1264/1091 826/1265/1092
f 826/1265/1092 825/1264/1091 809/1266/1093
f 826/1265/1092 809/1266/1093 810/1267/1094
f 470/1261/602 469/1268/604 825/1264/1091
f 825/1264/1091 469/1268/604 808/1269/1095
f 825/1264/1091 808/1269/1095 809/1266/1093
f 468/1270/592 807/1271/1096 469/1268/604
f 469/1268/604 807/1271/1096 808/1269/1095
f 826/1265/1092 810/1267/1094 827/1272/1097
f 827/1272/1097 810/1267/1094 811/1273/1098
f 827/1272/1097 811/1273/1098 812/1274/1099
f 827/1272/1097 812/1274/1099 828/1275/1100
f 828/1275/1100 812/1274/1099 813/1276/1101
f 828/1275/1100 813/1276/1101 829/1277/1102
f 829/1277/1102 813/1276/1101 815/1278/1103
f 829/1277/1102 815/1278/1103 816/1279/1104
f 813/1276/1101 814/1280/1105 815/1278/1103
f 817/1281/1106 818/1282/1107 816/1279/1104
f 816/1279/1104 818/1282/1107 829/1277/1102
f 818/1282/1107 819/1283/1108 829/1277/1102
f 829/1277/1102 819/1283/1108 828/1275/1100
f 819/1283/1108 820/1284/1109 828/1275/1100
f 828/1275/1100 820/1284/1109 827/1272/1097
f 820/1284/1109 821/1285/1110 827/1272/1097
f 827/1272/1097 821/1285/1110 822/1286/1111
f 827/1272/1097 822/1286/1111 826/1265/1092
f 826/1265/1092 822/1286/1111 823/1263/1090
f 468/1287/592 475/1288/593 807/1289/1112
f 807/1289/1112 475/1288/593 830/1290/1113
f 807/1289/1112 830/1290/1113 837/1291/1114
f 837/1291/1114 830/1290/1113 831/1292/1115
f 837/1291/1114 831/1292/1115 838/1293/1116
f 838/1293/1116 831/1292/1115 832/1294/1117
f 838/1293/1116 832/1294/1117 839/1295/1118
f 839/1295/1118 832/1294/1117 833/1296/1119
f 839/1295/1118 833/1296/1119 840/1297/1120
f 840/1297/1120 833/1296/1119 834/1298/1121
f 840/1297/1120 834/1298/1121 841/1299/1122
f 841/1299/1122 834/1298/1121 835/1300/1123
f 841/1299/1122 835/1300/1123 813/1301/1124
f 813/1301/1124 835/1300/1123 836/1302/1125
f 813/1301/1124 812/1303/1126 841/1299/1122
f 841/1299/1122 812/1303/1126 811/1304/1127
f 841/1299/1122 811/1304/1127 840/1297/1120
f 840/1297/1120 811/1304/1127 810/1305/1128
f 840/1297/1120 810/1305/1128 839/1295/1118
f 839/1295/1118 810/1305/1128 809/1306/1129
f 839/1295/1118 809/1306/1129 838/1293/1116
f 838/1293/1116 809/1306/1129 808/1307/1130
f 838/1293/1116 808/1307/1130 837/1291/1114
f 837/1291/1114 808/1307/1130 807/1289/1112
f 842/1308/1131 843/1309/1132 852/1310/1133
f 852/1310/1133 843/1309/1132 853/1311/1134
f 852/1310/1133 853/1311/1134 854/1312/1135
f 854/1312/1135 853/1311/1134 835/1313/1136
f 854/1312/1135 835/1313/1136 834/1314/1137
f 843/1309/1132 844/1315/1138 853/1311/1134
f 853/1311/1134 844/1315/1138 836/1316/1139
f 853/1311/1134 836/1316/1139 835/1313/1136
f 844/1315/1138 845/1317/1140 836/1316/1139
f 854/1312/1135 834/1314/1137 855/1318/1141
f 855/1318/1141 834/1314/1137 833/1319/1142
f 855/1318/1141 833/1319/1142 832/1320/1143
f 855/1318/1141 832/1320/1143 856/1321/1144
f 856/1321/1144 832/1320/1143 831/1322/1145
f 856/1321/1144 831/1322/1145 857/1323/1146
f 857/1323/1146 831/1322/1145 474/1324/595
f 857/1323/1146 474/1324/595 473/1325/596
f 831/1322/1145 830/1326/1147 474/1324/595
f 474/1324/595 830/1326/1147 475/1327/593
f 472/1328/598 846/1329/1148 473/1325/596
f 473/1325/596 846/1329/1148 847/1330/1149
f 473/1325/596 847/1330/1149 857/1323/1146
f 857/1323/1146 847/1330/1149 848/1331/1150
f 857/1323/1146 848/1331/1150 856/1321/1144
f 856/1321/1144 848/1331/1150 849/1332/1151
f 856/1321/1144 849/1332/1151 855/1318/1141
f 855/1318/1141 849/1332/1151 850/1333/1152
f 855/1318/1141 850/1333/1152 851/1334/1153
f 855/1318/1141 851/1334/1153 854/1312/1135
f 854/1312/1135 851/1334/1153 852/1310/1133
f 472/1335/598 471/1336/600 846/1337/1154
f 846/1337/1154 471/1336/600 824/1338/1155
f 846/1337/1154 824/1338/1155 858/1339/1156
f 858/1339/1156 824/1338/1155 823/1340/1157
f 858/1339/1156 823/1340/1157 859/1341/1158
f 859/1341/1158 823/1340/1157 822/1342/1159
f 859/1341/1158 822/1342/1159 860/1343/1160
f 860/1343/1160 822/1342/1159 821/1344/1161
f 860/1343/1160 821/1344/1161 861/1345/1162
f 861/1345/1162 821/1344/1161 820/1346/1163
f 861/1345/1162 820/1346/1163 862/1347/1164
f 862/1347/1164 820/1346/1163 819/1348/1165
f 862/1347/1164 819/1348/1165 852/1349/1166
f 852/1349/1166 819/1348/1165 818/1350/1167
f 852/1349/1166 851/1351/1168 862/1347/1164
f 862/1347/1164 851/1351/1168 850/1352/1169
f 862/1347/1164 850/1352/1169 861/1345/1162
f 861/1345/1162 850/1352/1169 849/1353/1170
f 861/1345/1162 849/1353/1170 860/1343/1160
f 860/1343/1160 849/1353/1170 848/1354/1171
f 860/1343/1160 848/1354/1171 859/1341/1158
f 859/1341/1158 848/1354/1171 847/1355/1172
f 859/1341/1158 847/1355/1172 858/1339/1156
f 858/1339/1156 847/1355/1172 846/1337/1154
f 818/1356/1167 817/1357/1173 852/1358/1166
f 852/1358/1166 817/1357/1173 842/1359/1174
f 842/1359/1174 817/1357/1173 865/1360/1175
f 842/1359/1174 865/1360/1175 867/1361/1176
f 867/1361/1176 865/1360/1175 866/1362/1177
f 817/1357/1173 863/1363/1178 865/1360/1175
f 865/1360/1175 863/1363/1178 864/1364/1179
f 817/1365/1106 816/1366/1104 863/1367/1180
f 863/1367/1180 816/1366/1104 869/1368/1181
f 869/1368/1181 816/1366/1104 815/1369/1103
f 869/1368/1181 815/1369/1103 868/1370/1182
f 868/1370/1182 815/1369/1103 814/1371/1105
f 393/1372/583 392/1373/581 887/1374/1183
f 887/1374/1183 392/1373/581 886/1375/1184
f 886/1375/1184 392/1373/581 888/1376/1185
f 886/1375/1184 888/1376/1185 889/1377/1186
f 889/1377/1186 888/1376/1185 872/1378/1187
f 889/1377/1186 872/1378/1187 873/1379/1188
f 392/1373/581 391/1380/567 888/1376/1185
f 888/1376/1185 391/1380/567 871/1381/1189
f 888/1376/1185 871/1381/1189 872/1378/1187
f 390/1382/569 870/1383/1190 391/1380/567
f 391/1380/567 870/1383/1190 871/1381/1189
f 889/1377/1186 873/1379/1188 890/1384/1191
f 890/1384/1191 873/1379/1188 874/1385/1192
f 890/1384/1191 874/1385/1192 875/1386/1193
f 890/1384/1191 875/1386/1193 891/1387/1194
f 891/1387/1194 875/1386/1193 876/1388/1195
f 891/1387/1194 876/1388/1195 892/1389/1196
f 892/1389/1196 876/1388/1195 878/1390/1197
f 892/1389/1196 878/1390/1197 879/1391/1198
f 876/1388/1195 877/1392/1199 878/1390/1197
f 880/1393/1200 881/1394/1201 879/1391/1198
f 879/1391/1198 881/1394/1201 892/1389/1196
f 881/1394/1201 882/1395/1202 892/1389/1196
f 892/1389/1196 882/1395/1202 891/1387/1194
f 882/1395/1202 883/1396/1203 891/1387/1194
f 891/1387/1194 883/1396/1203 890/1384/1191
f 883/1396/1203 884/1397/1204 890/1384/1191
f 890/1384/1191 884/1397/1204 885/1398/1205
f 890/1384/1191 885/1398/1205 889/1377/1186
f 889/1377/1186 885/1398/1205 886/1375/1184
f 390/1399/569 397/1400/606 870/1401/1206
f 870/1401/1206 397/1400/606 893/1402/1207
f 870/1401/1206 893/1402/1207 900/1403/1208
f 900/1403/1208 893/1402/1207 894/1404/1209
f 900/1403/1208 894/1404/1209 901/1405/1210
f 901/1405/1210 894/1404/1209 895/1406/1211
f 901/1405/1210 895/1406/1211 902/1407/1212
f 902/1407/1212 895/1406/1211 896/1408/1213
f 902/1407/1212 896/1408/1213 903/1409/1214
f 903/1409/1214 896/1408/1213 897/1410/1215
f 903/1409/1214 897/1410/1215 904/1411/1216
f 904/1411/1216 897/1410/1215 898/1412/1217
f 904/1411/1216 898/1412/1217 876/1413/1218
f 876/1413/1218 898/1412/1217 899/1414/1219
f 876/1413/1218 875/1415/1220 904/1411/1216
f 904/1411/1216 875/1415/1220 874/1416/1221
f 904/1411/1216 874/1416/1221 903/1409/1214
f 903/1409/1214 874/1416/1221 873/1417/1222
f 903/1409/1214 873/1417/1222 902/1407/1212
f 902/1407/1212 873/1417/1222 872/1418/1223
f 902/1407/1212 872/1418/1223 901/1405/1210
f 901/1405/1210 872/1418/1223 871/1419/1224
f 901/1405/1210 871/1419/1224 900/1403/1208
f 900/1403/1208 871/1419/1224 870/1401/1206
f 905/1420/1225 906/1421/1226 915/1422/1227
f 915/1422/1227 906/1421/1226 916/1423/1228
f 915/1422/1227 916/1423/1228 917/1424/1229
f 917/1424/1229 916/1423/1228 898/1425/1230
f 917/1424/1229 898/1425/1230 897/1426/1231
f 906/1421/1226 907/1427/1232 916/1423/1228
f 916/1423/1228 907/1427/1232 899/1428/1233
f 916/1423/1228 899/1428/1233 898/1425/1230
f 907/1427/1232 908/1429/1234 899/1428/1233
f 917/1424/1229 897/1426/1231 918/1430/1235
f 918/1430/1235 897/1426/1231 896/1431/1236
f 918/1430/1235 896/1431/1236 895/1432/1237
f 918/1430/1235 895/1432/1237 919/1433/1238
f 919/1433/1238 895/1432/1237 894/1434/1239
f 919/1433/1238 894/1434/1239 920/1435/1240
f 920/1435/1240 894/1434/1239 396/1436/605
f 920/1435/1240 396/1436/605 395/1437/585
f 894/1434/1239 893/1438/1241 396/1436/605
f 396/1436/605 893/1438/1241 397/1439/606
f 394/1440/584 909/1441/1242 395/1437/585
f 395/1437/585 909/1441/1242 910/1442/1243
f 395/1437/585 910/1442/1243 920/1435/1240
f 920/1435/1240 910/1442/1243 911/1443/1244
f 920/1435/1240 911/1443/1244 919/1433/1238
f 919/1433/1238 911/1443/1244 912/1444/1245
f 919/1433/1238 912/1444/1245 918/1430/1235
f 918/1430/1235 912/1444/1245 913/1445/1246
f 918/1430/1235 913/1445/1246 914/1446/1247
f 918/1430/1235 914/1446/1247 917/1424/1229
f 917/1424/1229 914/1446/1247 915/1422/1227
f 394/1447/584 393/1448/583 909/1449/1248
f 909/1449/1248 393/1448/583 887/1450/1249
f 909/1449/1248 887/1450/1249 921/1451/1250
f 921/1451/1250 887/1450/1249 886/1452/1251
f 921/1451/1250 886/1452/1251 922/1453/1252
f 922/1453/1252 886/1452/1251 885/1454/1253
f 922/1453/1252 885/1454/1253 923/1455/1254
f 923/1455/1254 885/1454/1253 884/1456/1255
f 923/1455/1254 884/1456/1255 924/1457/1256
f 924/1457/1256 884/1456/1255 883/1458/1257
f 924/1457/1256 883/1458/1257 925/1459/1258
f 925/1459/1258 883/1458/1257 882/1460/1259
f 925/1459/1258 882/1460/1259 915/1461/1260
f 915/1461/1260 882/1460/1259 881/1462/1261
f 915/1461/1260 914/1463/1262 925/1459/1258
f 925/1459/1258 914/1463/1262 913/1464/1263
f 925/1459/1258 913/1464/1263 924/1457/1256
f 924/1457/1256 913/1464/1263 912/1465/1264
f 924/1457/1256 912/1465/1264 923/1455/1254
f 923/1455/1254 912/1465/1264 911/1466/1265
f 923/1455/1254 911/1466/1265 922/1453/1252
f 922/1453/1252 911/1466/1265 910/1467/1266
f 922/1453/1252 910/1467/1266 921/1451/1250
f 921/1451/1250 910/1467/1266 909/1449/1248
f 881/1468/1261 880/1469/1267 915/1470/1260
f 915/1470/1260 880/1469/1267 905/1471/1268
f 905/1471/1268 880/1469/1267 928/1472/1269
f 905/1471/1268 928/1472/1269 930/1473/1270
f 930/1473/1270 928/1472/1269 929/1474/1271
f 880/1469/1267 926/1475/1272 928/1472/1269
f 928/1472/1269 926/1475/1272 927/1476/1273
f 880/1477/1200 879/1478/1198 926/1479/1274
f 926/1479/1274 879/1478/1198 932/1480/1275
f 932/1480/1275 879/1478/1198 878/1481/1197
f 932/1480/1275 878/1481/1197 931/1482/1276
f 931/1482/1276 878/1481/1197 877/1483/1199
f 933/1484/1277 934/1485/1278 954/1486/1279
f 954/1486/1279 934/1485/1278 953/1487/1280
f 953/1487/1280 934/1485/1278 955/1488/1281
f 953/1487/1280 955/1488/1281 956/1489/1282
f 956/1489/1282 955/1488/1281 939/1490/1283
f 956/1489/1282 939/1490/1283 940/1491/1284
f 934/1485/1278 935/1492/1285 955/1488/1281
f 955/1488/1281 935/1492/1285 938/1493/1286
f 955/1488/1281 938/1493/1286 939/1490/1283
f 936/1494/1287 937/1495/1288 935/1492/1285
f 935/1492/1285 937/1495/1288 938/1493/1286
f 956/1489/1282 940/1491/1284 957/1496/1289
f 957/1496/1289 940/1491/1284 941/1497/1290
f 957/1496/1289 941/1497/1290 942/1498/1291
f 957/1496/1289 942/1498/1291 958/1499/1292
f 958/1499/1292 942/1498/1291 943/1500/1293
f 958/1499/1292 943/1500/1293 959/1501/1294
f 959/1501/1294 943/1500/1293 945/1502/1295
f 959/1501/1294 945/1502/1295 946/1503/1296
f 943/1500/1293 944/1504/1297 945/1502/1295
f 947/1505/1298 948/1506/1299 946/1503/1296
f 946/1503/1296 948/1506/1299 959/1501/1294
f 948/1506/1299 949/1507/1300 959/1501/1294
f 959/1501/1294 949/1507/1300 958/1499/1292
f 949/1507/1300 950/1508/1301 958/1499/1292
f 958/1499/1292 950/1508/1301 957/1496/1289
f 950/1508/1301 951/1509/1302 957/1496/1289
f 957/1496/1289 951/1509/1302 952/1510/1303
f 957/1496/1289 952/1510/1303 956/1489/1282
f 956/1489/1282 952/1510/1303 953/1487/1280
f 960/1511/1304 943/1512/1305 967/1513/1306
f 967/1513/1306 943/1512/1305 969/1514/1307
f 967/1513/1306 969/1514/1307 966/1515/1308
f 966/1515/1308 969/1514/1307 968/1516/1309
f 966/1515/1308 968/1516/1309 965/1517/1310
f 965/1517/1310 968/1516/1309 970/1518/1311
f 965/1517/1310 970/1518/1311 964/1519/1312
f 964/1519/1312 970/1518/1311 971/1520/1313
f 964/1519/1312 971/1520/1313 963/1521/1314
f 963/1521/1314 971/1520/1313 972/1522/1315
f 963/1521/1314 972/1522/1315 962/1523/1316
f 962/1523/1316 972/1522/1315 937/1524/1317
f 962/1523/1316 937/1524/1317 961/1525/1318
f 961/1525/1318 937/1524/1317 936/1526/1287
f 943/1512/1305 942/1527/1319 969/1514/1307
f 969/1514/1307 942/1527/1319 941/1528/1320
f 969/1514/1307 941/1528/1320 968/1516/1309
f 968/1516/1309 941/1528/1320 940/1529/1321
f 968/1516/1309 940/1529/1321 970/1518/1311
f 970/1518/1311 940/1529/1321 939/1530/1322
f 970/1518/1311 939/1530/1322 971/1520/1313
f 971/1520/1313 939/1530/1322 938/1531/1323
f 971/1520/1313 938/1531/1323 972/1522/1315
f 972/1522/1315 938/1531/1323 937/1524/1317
f 973/1532/1324 933/1533/1277 980/1534/1325
f 980/1534/1325 933/1533/1277 954/1535/1326
f 980/1534/1325 954/1535/1326 981/1536/1327
f 981/1536/1327 954/1535/1326 953/1537/1328
f 981/1536/1327 953/1537/1328 982/1538/1329
f 982/1538/1329 953/1537/1328 952/1539/1330
f 982/1538/1329 952/1539/1330 983/1540/1331
f 983/1540/1331 952/1539/1330 951/1541/1332
f 983/1540/1331 951/1541/1332 984/1542/1333
f 984/1542/1333 951/1541/1332 950/1543/1334
f 984/1542/1333 950/1543/1334 985/1544/1335
f 985/1544/1335 950/1543/1334 949/1545/1336
f 985/1544/1335 949/1545/1336 974/1546/1337
f 974/1546/1337 949/1545/1336 948/1547/1338
f 974/1546/1337 975/1548/1339 985/1544/1335
f 985/1544/1335 975/1548/1339 976/1549/1340
f 985/1544/1335 976/1549/1340 984/1542/1333
f 984/1542/1333 976/1549/1340 977/1550/1341
f 984/1542/1333 977/1550/1341 983/1540/1331
f 983/1540/1331 977/1550/1341 978/1551/1342
f 983/1540/1331 978/1551/1342 982/1538/1329
f 982/1538/1329 978/1551/1342 979/1552/1343
f 982/1538/1329 979/1552/1343 981/1536/1327
f 981/1536/1327 979/1552/1343 980/1534/1325
f 961/1553/1318 986/1554/1344 962/1555/1345
f 962/1555/1345 986/1554/1344 963/1556/1346
f 963/1556/1346 986/1554/1344 992/1557/1347
f 963/1556/1346 992/1557/1347 993/1558/1348
f 993/1558/1348 992/1557/1347 978/1559/1349
f 993/1558/1348 978/1559/1349 977/1560/1350
f 986/1554/1344 987/1561/1351 992/1557/1347
f 992/1557/1347 987/1561/1351 979/1562/1352
f 992/1557/1347 979/1562/1352 978/1559/1349
f 973/1563/1324 980/1564/1353 987/1561/1351
f 987/1561/1351 980/1564/1353 979/1562/1352
f 993/1558/1348 977/1560/1350 994/1565/1354
f 994/1565/1354 977/1560/1350 976/1566/1355
f 994/1565/1354 976/1566/1355 975/1567/1356
f 994/1565/1354 975/1567/1356 995/1568/1357
f 995/1568/1357 975/1567/1356 974/1569/1358
f 995/1568/1357 974/1569/1358 996/1570/1359
f 996/1570/1359 974/1569/1358 989/1571/1360
f 996/1570/1359 989/1571/1360 990/1572/1361
f 974/1569/1358 988/1573/1362 989/1571/1360
f 991/1574/1363 960/1575/1364 990/1572/1361
f 990/1572/1361 960/1575/1364 996/1570/1359
f 960/1575/1364 967/1576/1365 996/1570/1359
f 996/1570/1359 967/1576/1365 995/1568/1357
f 967/1576/1365 966/1577/1366 995/1568/1357
f 995/1568/1357 966/1577/1366 994/1565/1354
f 966/1577/1366 965/1578/1367 994/1565/1354
f 994/1565/1354 965/1578/1367 964/1579/1368
f 994/1565/1354 964/1579/1368 993/1558/1348
f 993/1558/1348 964/1579/1368 963/1556/1346
f 948/1580/1338 947/1581/1369 974/1582/1337
f 974/1582/1337 947/1581/1369 988/1583/1370
f 988/1583/1370 947/1581/1369 999/1584/1371
f 988/1583/1370 999/1584/1371 1001/1585/1372
f 1001/1585/1372 999/1584/1371 1000/1586/1373
f 947/1581/1369 997/1587/1374 999/1584/1371
f 999/1584/1371 997/1587/1374 998/1588/1375
f 947/1589/1298 946/1590/1296 997/1591/1376
f 997/1591/1376 946/1590/1296 1003/1592/1377
f 1003/1592/1377 946/1590/1296 945/1593/1295
f 1003/1592/1377 945/1593/1295 1002/1594/1378
f 1002/1594/1378 945/1593/1295 944/1595/1297
f 1005/1596/1379 1052/1597/1380 1004/1598/1381
f 1004/1598/1381 1052/1597/1380 1053/1599/1382
f 1004/1598/1381 1053/1599/1382 1081/1600/1383
f 1081/1600/1383 1053/1599/1382 1080/1601/1384
f 1080/1601/1384 1053/1599/1382 1054/1602/1385
f 1080/1601/1384 1054/1602/1385 1079/1603/1386
f 1079/1603/1386 1054/1602/1385 1055/1604/1387
f 1079/1603/1386 1055/1604/1387 933/1605/1277
f 933/1605/1277 1055/1604/1387 934/1606/1278
f 934/1606/1278 1055/1604/1387 1056/1607/1388
f 934/1606/1278 1056/1607/1388 935/1608/1285
f 935/1608/1285 1056/1607/1388 936/1609/1287
f 936/1609/1287 1056/1607/1388 1057/1610/1389
f 936/1609/1287 1057/1610/1389 961/1611/1318
f 961/1611/1318 1057/1610/1389 1076/1612/1390
f 961/1611/1318 1076/1612/1390 1077/1613/1391
f 1052/1597/1380 1005/1596/1379 1051/1614/1392
f 1051/1614/1392 1005/1596/1379 1006/1615/1393
f 1051/1614/1392 1006/1615/1393 1007/1616/1394
f 1008/1617/1395 1083/1618/1396 1007/1616/1394
f 1007/1616/1394 1083/1618/1396 1050/1619/1397
f 1007/1616/1394 1050/1619/1397 1051/1614/1392
f 1083/1618/1396 1008/1617/1395 1082/1620/1398
f 1082/1620/1398 1008/1617/1395 1009/1621/1399
f 1082/1620/1398 1009/1621/1399 1010/1622/1400
f 1082/1620/1398 1010/1622/1400 1081/1600/1383
f 1081/1600/1383 1010/1622/1400 1011/1623/1401
f 1081/1600/1383 1011/1623/1401 1004/1598/1381
f 1013/1624/1402 1044/1625/1403 1012/1626/1404
f 1012/1626/1404 1044/1625/1403 1089/1627/1405
f 1012/1626/1404 1089/1627/1405 1090/1628/1406
f 1044/1625/1403 1013/1624/1402 1043/1629/1407
f 1043/1629/1407 1013/1624/1402 1014/1630/1408
f 1043/1629/1407 1014/1630/1408 1015/1631/1409
f 1043/1629/1407 1015/1631/1409 1042/1632/1410
f 1042/1632/1410 1015/1631/1409 1016/1633/1411
f 1042/1632/1410 1016/1633/1411 1041/1634/1412
f 1041/1634/1412 1016/1633/1411 1092/1635/1413
f 1041/1634/1412 1092/1635/1413 1093/1636/1414
f 1016/1633/1411 1017/1637/1415 1092/1635/1413
f 1092/1635/1413 1017/1637/1415 1091/1638/1416
f 1091/1638/1416 1017/1637/1415 1018/1639/1417
f 1091/1638/1416 1018/1639/1417 1019/1640/1418
f 1091/1638/1416 1019/1640/1418 1090/1628/1406
f 1090/1628/1406 1019/1640/1418 1012/1626/1404
f 1021/1641/1419 1069/1642/1420 1020/1643/1421
f 1020/1643/1421 1069/1642/1420 1070/1644/1422
f 1020/1643/1421 1070/1644/1422 1027/1645/1423
f 1027/1645/1423 1070/1644/1422 1098/1646/1424
f 1027/1645/1423 1098/1646/1424 1099/1647/1425
f 1021/1641/1419 1022/1648/1426 1069/1642/1420
f 1069/1642/1420 1022/1648/1426 1068/1649/1427
f 1068/1649/1427 1022/1648/1426 1023/1650/1428
f 1068/1649/1427 1023/1650/1428 1024/1651/1429
f 1025/1652/1430 1100/1653/1431 1024/1651/1429
f 1024/1651/1429 1100/1653/1431 1101/1654/1432
f 1024/1651/1429 1101/1654/1432 1068/1649/1427
f 1068/1649/1427 1101/1654/1432 1067/1655/1433
f 1067/1655/1433 1101/1654/1432 1102/1656/1434
f 1067/1655/1433 1102/1656/1434 1066/1657/1435
f 1066/1657/1435 1102/1656/1434 1103/1658/1436
f 1066/1657/1435 1103/1658/1436 1107/1659/1437
f 1107/1659/1437 1103/1658/1436 1106/1660/1438
f 1106/1660/1438 1103/1658/1436 1113/1661/1439
f 1113/1661/1439 1103/1658/1436 1104/1662/1440
f 1113/1661/1439 1104/1662/1440 1112/1663/1441
f 1112/1663/1441 1104/1662/1440 1111/1664/1442
f 1111/1664/1442 1104/1662/1440 1105/1665/1443
f 1111/1664/1442 1105/1665/1443 1110/1666/1444
f 1110/1666/1444 1105/1665/1443 1063/1667/1445
f 1110/1666/1444 1063/1667/1445 1064/1668/1446
f 1100/1653/1431 1025/1652/1430 1099/1647/1425
f 1099/1647/1425 1025/1652/1430 1026/1669/1447
f 1099/1647/1425 1026/1669/1447 1027/1645/1423
f 1029/1670/1448 1061/1671/1449 1028/1672/1450
f 1028/1672/1450 1061/1671/1449 1072/1673/1451
f 1028/1672/1450 1072/1673/1451 1073/1674/1452
f 1029/1670/1448 1030/1675/1453 1061/1671/1449
f 1061/1671/1449 1030/1675/1453 1060/1676/1454
f 1060/1676/1454 1030/1675/1453 1031/1677/1455
f 1060/1676/1454 1031/1677/1455 1032/1678/1456
f 1033/1679/1457 1074/1680/1458 1032/1678/1456
f 1032/1678/1456 1074/1680/1458 1059/1681/1459
f 1032/1678/1456 1059/1681/1459 1060/1676/1454
f 1033/1679/1457 1034/1682/1460 1074/1680/1458
f 1074/1680/1458 1034/1682/1460 1073/1674/1452
f 1073/1674/1452 1034/1682/1460 1035/1683/1461
f 1073/1674/1452 1035/1683/1461 1028/1672/1450
f 1037/1684/1462 1097/1685/1463 1036/1686/1464
f 1036/1687/1464 1097/1688/1463 1098/1646/1424
f 1036/1687/1464 1098/1646/1424 1070/1644/1422
f 1038/1689/1465 1118/1690/1466 1037/1684/1462
f 1037/1684/1462 1118/1690/1466 1096/1691/1467
f 1037/1684/1462 1096/1691/1467 1097/1685/1463
f 1039/1692/1468 1116/1693/1469 1038/1689/1465
f 1038/1689/1465 1116/1693/1469 1117/1694/1470
f 1038/1689/1465 1117/1694/1470 1118/1690/1466
f 1040/1695/1471 1094/1696/1472 1039/1692/1468
f 1039/1692/1468 1094/1696/1472 1114/1697/1473
f 1039/1692/1468 1114/1697/1473 1115/1698/1474
f 1094/1696/1472 1040/1695/1471 1093/1636/1414
f 1093/1636/1414 1040/1695/1471 1041/1634/1412
f 1044/1625/1403 1045/1699/1475 1089/1627/1405
f 1089/1627/1405 1045/1699/1475 1088/1700/1476
f 1088/1700/1476 1045/1699/1475 1046/1701/1477
f 1088/1700/1476 1046/1701/1477 1127/1702/1478
f 1127/1702/1478 1046/1701/1477 1126/1703/1479
f 1126/1703/1479 1046/1701/1477 1125/1704/1480
f 1125/1704/1480 1046/1701/1477 1047/1705/1481
f 1125/1704/1480 1047/1705/1481 1124/1706/1482
f 1124/1706/1482 1047/1705/1481 1123/1707/1483
f 1123/1707/1483 1047/1705/1481 1048/1708/1484
f 1123/1707/1483 1048/1708/1484 1122/1709/1485
f 1122/1709/1485 1048/1708/1484 1085/1710/1486
f 1122/1709/1485 1085/1710/1486 1086/1711/1487
f 1048/1708/1484 1049/1712/1488 1085/1710/1486
f 1085/1710/1486 1049/1712/1488 1084/1713/1489
f 1084/1713/1489 1049/1712/1488 1050/1619/1397
f 1084/1713/1489 1050/1619/1397 1083/1618/1396
f 1057/1610/1389 1058/1714/1490 1076/1612/1390
f 1076/1612/1390 1058/1714/1490 1075/1715/1491
f 1075/1715/1491 1058/1714/1490 1059/1681/1459
f 1075/1715/1491 1059/1681/1459 1074/1680/1458
f 1061/1671/1449 1062/1716/1492 1072/1673/1451
f 1072/1673/1451 1062/1716/1492 1071/1717/1493
f 1071/1717/1493 1062/1716/1492 1063/1667/1445
f 1071/1717/1493 1063/1667/1445 1105/1665/1443
f 1065/1718/1494 1108/1719/1495 1064/1668/1446
f 1064/1668/1446 1108/1719/1495 1109/1720/1496
f 1064/1668/1446 1109/1720/1496 1110/1666/1444
f 1108/1719/1495 1065/1718/1494 1107/1659/1437
f 1107/1659/1437 1065/1718/1494 1066/1657/1435
f 961/1611/1318 1077/1613/1391 986/1721/1344
f 986/1721/1344 1077/1613/1391 1078/1722/1497
f 986/1721/1344 1078/1722/1497 987/1723/1351
f 987/1723/1351 1078/1722/1497 973/1724/1324
f 973/1724/1324 1078/1722/1497 1079/1603/1386
f 973/1724/1324 1079/1603/1386 933/1605/1277
f 1087/1725/1498 1128/1726/1499 1086/1711/1487
f 1086/1711/1487 1128/1726/1499 1129/1727/1500
f 1086/1711/1487 1129/1727/1500 1122/1709/1485
f 1128/1726/1499 1087/1725/1498 1127/1702/1478
f 1127/1702/1478 1087/1725/1498 1088/1700/1476
f 1094/1696/1472 1095/1728/1501 1114/1697/1473
f 1114/1697/1473 1095/1728/1501 1121/1729/1502
f 1121/1729/1502 1095/1728/1501 1120/1730/1503
f 1120/1730/1503 1095/1728/1501 1096/1691/1467
f 1120/1730/1503 1096/1691/1467 1119/1731/1504
f 1119/1731/1504 1096/1691/1467 1118/1690/1466
f 1115/1698/1474 1116/1693/1469 1039/1692/1468
f 1007/1732/1394 1006/1733/1393 1147/1734/1505
f 1147/1734/1505 1006/1733/1393 1146/1735/1506
f 1146/1735/1506 1006/1733/1393 1148/1736/1507
f 1146/1735/1506 1148/1736/1507 1149/1737/1508
f 1149/1737/1508 1148/1736/1507 1132/1738/1509
f 1149/1737/1508 1132/1738/1509 1133/1739/1510
f 1006/1733/1393 1005/1740/1379 1148/1736/1507
f 1148/1736/1507 1005/1740/1379 1131/1741/1511
f 1148/1736/1507 1131/1741/1511 1132/1738/1509
f 1004/1742/1381 1130/1743/1512 1005/1740/1379
f 1005/1740/1379 1130/1743/1512 1131/1741/1511
f 1149/1737/1508 1133/1739/1510 1150/1744/1513
f 1150/1744/1513 1133/1739/1510 1134/1745/1514
f 1150/1744/1513 1134/1745/1514 1135/1746/1515
f 1150/1744/1513 1135/1746/1515 1151/1747/1516
f 1151/1747/1516 1135/1746/1515 1136/1748/1517
f 1151/1747/1516 1136/1748/1517 1152/1749/1518
f 1152/1749/1518 1136/1748/1517 1138/1750/1519
f 1152/1749/1518 1138/1750/1519 1139/1751/1520
f 1136/1748/1517 1137/1752/1521 1138/1750/1519
f 1140/1753/1522 1141/1754/1523 1139/1751/1520
f 1139/1751/1520 1141/1754/1523 1152/1749/1518
f 1141/1754/1523 1142/1755/1524 1152/1749/1518
f 1152/1749/1518 1142/1755/1524 1151/1747/1516
f 1142/1755/1524 1143/1756/1525 1151/1747/1516
f 1151/1747/1516 1143/1756/1525 1150/1744/1513
f 1143/1756/1525 1144/1757/1526 1150/1744/1513
f 1150/1744/1513 1144/1757/1526 1145/1758/1527
f 1150/1744/1513 1145/1758/1527 1149/1737/1508
f 1149/1737/1508 1145/1758/1527 1146/1735/1506
f 1004/1759/1381 1011/1760/1401 1130/1761/1528
f 1130/1761/1528 1011/1760/1401 1153/1762/1529
f 1130/1761/1528 1153/1762/1529 1160/1763/1530
f 1160/1763/1530 1153/1762/1529 1154/1764/1531
f 1160/1763/1530 1154/1764/1531 1161/1765/1532
f 1161/1765/1532 1154/1764/1531 1155/1766/1533
f 1161/1765/1532 1155/1766/1533 1162/1767/1534
f 1162/1767/1534 1155/1766/1533 1156/1768/1535
f 1162/1767/1534 1156/1768/1535 1163/1769/1536
f 1163/1769/1536 1156/1768/1535 1157/1770/1537
f 1163/1769/1536 1157/1770/1537 1164/1771/1538
f 1164/1771/1538 1157/1770/1537 1158/1772/1539
f 1164/1771/1538 1158/1772/1539 1136/1773/1540
f 1136/1773/1540 1158/1772/1539 1159/1774/1541
f 1136/1773/1540 1135/1775/1542 1164/1771/1538
f 1164/1771/1538 1135/1775/1542 1134/1776/1543
f 1164/1771/1538 1134/1776/1543 1163/1769/1536
f 1163/1769/1536 1134/1776/1543 1133/1777/1544
f 1163/1769/1536 1133/1777/1544 1162/1767/1534
f 1162/1767/1534 1133/1777/1544 1132/1778/1545
f 1162/1767/1534 1132/1778/1545 1161/1765/1532
f 1161/1765/1532 1132/1778/1545 1131/1779/1546
f 1161/1765/1532 1131/1779/1546 1160/1763/1530
f 1160/1763/1530 1131/1779/1546 1130/1761/1528
f 1165/1780/1547 1166/1781/1548 1175/1782/1549
f 1175/1782/1549 1166/1781/1548 1176/1783/1550
f 1175/1782/1549 1176/1783/1550 1177/1784/1551
f 1177/1784/1551 1176/1783/1550 1158/1785/1552
f 1177/1784/1551 1158/1785/1552 1157/1786/1553
f 1166/1781/1548 1167/1787/1554 1176/1783/1550
f 1176/1783/1550 1167/1787/1554 1159/1788/1555
f 1176/1783/1550 1159/1788/1555 1158/1785/1552
f 1167/1787/1554 1168/1789/1556 1159/1788/1555
f 1177/1784/1551 1157/1786/1553 1178/1790/1557
f 1178/1790/1557 1157/1786/1553 1156/1791/1558
f 1178/1790/1557 1156/1791/1558 1155/1792/1559
f 1178/1790/1557 1155/1792/1559 1179/1793/1560
f 1179/1793/1560 1155/1792/1559 1154/1794/1561
f 1179/1793/1560 1154/1794/1561 1180/1795/1562
f 1180/1795/1562 1154/1794/1561 1010/1796/1400
f 1180/1795/1562 1010/1796/1400 1009/1797/1399
f 1154/1794/1561 1153/1798/1563 1010/1796/1400
f 1010/1796/1400 1153/1798/1563 1011/1799/1401
f 1008/1800/1395 1169/1801/1564 1009/1797/1399
f 1009/1797/1399 1169/1801/1564 1170/1802/1565
f 1009/1797/1399 1170/1802/1565 1180/1795/1562
f 1180/1795/1562 1170/1802/1565 1171/1803/1566
f 1180/1795/1562 1171/1803/1566 1179/1793/1560
f 1179/1793/1560 1171/1803/1566 1172/1804/1567
f 1179/1793/1560 1172/1804/1567 1178/1790/1557
f 1178/1790/1557 1172/1804/1567 1173/1805/1568
f 1178/1790/1557 1173/1805/1568 1174/1806/1569
f 1178/1790/1557 1174/1806/1569 1177/1784/1551
f 1177/1784/1551 1174/1806/1569 1175/1782/1549
f 1008/1807/1395 1007/1808/1394 1169/1809/1570
f 1169/1809/1570 1007/1808/1394 1147/1810/1571
f 1169/1809/1570 1147/1810/1571 1181/1811/1572
f 1181/1811/1572 1147/1810/1571 1146/1812/1573
f 1181/1811/1572 1146/1812/1573 1182/1813/1574
f 1182/1813/1574 1146/1812/1573 1145/1814/1575
f 1182/1813/1574 1145/1814/1575 1183/1815/1576
f 1183/1815/1576 1145/1814/1575 1144/1816/1577
f 1183/1815/1576 1144/1816/1577 1184/1817/1578
f 1184/1817/1578 1144/1816/1577 1143/1818/1579
f 1184/1817/1578 1143/1818/1579 1185/1819/1580
f 1185/1819/1580 1143/1818/1579 1142/1820/1581
f 1185/1819/1580 1142/1820/1581 1175/1821/1582
f 1175/1821/1582 1142/1820/1581 1141/1822/1583
f 1175/1821/1582 1174/1823/1584 1185/1819/1580
f 1185/1819/1580 1174/1823/1584 1173/1824/1585
f 1185/1819/1580 1173/1824/1585 1184/1817/1578
f 1184/1817/1578 1173/1824/1585 1172/1825/1586
f 1184/1817/1578 1172/1825/1586 1183/1815/1576
f 1183/1815/1576 1172/1825/1586 1171/1826/1587
f 1183/1815/1576 1171/1826/1587 1182/1813/1574
f 1182/1813/1574 1171/1826/1587 1170/1827/1588
f 1182/1813/1574 1170/1827/1588 1181/1811/1572
f 1181/1811/1572 1170/1827/1588 1169/1809/1570
f 1141/1828/1583 1140/1829/1589 1175/1830/1582
f 1175/1830/1582 1140/1829/1589 1165/1831/1590
f 1165/1831/1590 1140/1829/1589 1188/1832/1591
f 1165/1831/1590 1188/1832/1591 1190/1833/1592
f 1190/1833/1592 1188/1832/1591 1189/1834/1593
f 1140/1829/1589 1186/1835/1594 1188/1832/1591
f 1188/1832/1591 1186/1835/1594 1187/1836/1595
f 1140/1837/1522 1139/1838/1520 1186/1839/1596
f 1186/1839/1596 1139/1838/1520 1192/1840/1597
f 1192/1840/1597 1139/1838/1520 1138/1841/1519
f 1192/1840/1597 1138/1841/1519 1191/1842/1598
f 1191/1842/1598 1138/1841/1519 1137/1843/1521
f 1123/1844/1483 1122/1845/1485 1206/1846/1599
f 1206/1846/1599 1122/1845/1485 1193/1847/1600
f 1206/1846/1599 1193/1847/1600 1207/1848/1601
f 1207/1848/1601 1193/1847/1600 1194/1849/1602
f 1207/1848/1601 1194/1849/1602 1208/1850/1603
f 1208/1850/1603 1194/1849/1602 1195/1851/1604
f 1208/1850/1603 1195/1851/1604 1209/1852/1605
f 1209/1852/1605 1195/1851/1604 1196/1853/1606
f 1209/1852/1605 1196/1853/1606 1210/1854/1607
f 1210/1854/1607 1196/1853/1606 1197/1855/1608
f 1210/1854/1607 1197/1855/1608 1211/1856/1609
f 1211/1856/1609 1197/1855/1608 1198/1857/1610
f 1211/1856/1609 1198/1857/1610 1200/1858/1611
f 1200/1858/1611 1198/1857/1610 1199/1859/1612
f 1200/1858/1611 1201/1860/1613 1211/1856/1609
f 1211/1856/1609 1201/1860/1613 1202/1861/1614
f 1211/1856/1609 1202/1861/1614 1210/1854/1607
f 1210/1854/1607 1202/1861/1614 1203/1862/1615
f 1210/1854/1607 1203/1862/1615 1209/1852/1605
f 1209/1852/1605 1203/1862/1615 1204/1863/1616
f 1209/1852/1605 1204/1863/1616 1208/1850/1603
f 1208/1850/1603 1204/1863/1616 1205/1864/1617
f 1208/1850/1603 1205/1864/1617 1207/1848/1601
f 1207/1848/1601 1205/1864/1617 1206/1846/1599
f 1212/1865/1618 1213/1866/1619 1200/1867/1620
f 1200/1867/1620 1213/1866/1619 1223/1868/1621
f 1200/1867/1620 1223/1868/1621 1224/1869/1622
f 1224/1869/1622 1223/1868/1621 1217/1870/1623
f 1224/1869/1622 1217/1870/1623 1218/1871/1624
f 1213/1866/1619 1214/1872/1625 1223/1868/1621
f 1223/1868/1621 1214/1872/1625 1216/1873/1626
f 1223/1868/1621 1216/1873/1626 1217/1870/1623
f 1214/1872/1625 1215/1874/1627 1216/1873/1626
f 1224/1869/1622 1218/1871/1624 1225/1875/1628
f 1225/1875/1628 1218/1871/1624 1219/1876/1629
f 1225/1875/1628 1219/1876/1629 1220/1877/1630
f 1225/1875/1628 1220/1877/1630 1226/1878/1631
f 1226/1878/1631 1220/1877/1630 1221/1879/1632
f 1226/1878/1631 1221/1879/1632 1227/1880/1633
f 1227/1880/1633 1221/1879/1632 1125/1881/1480
f 1227/1880/1633 1125/1881/1480 1124/1882/1482
f 1221/1879/1632 1222/1883/1634 1125/1881/1480
f 1125/1881/1480 1222/1883/1634 1126/1884/1479
f 1123/1885/1483 1206/1886/1635 1124/1882/1482
f 1124/1882/1482 1206/1886/1635 1205/1887/1636
f 1124/1882/1482 1205/1887/1636 1227/1880/1633
f 1227/1880/1633 1205/1887/1636 1204/1888/1637
f 1227/1880/1633 1204/1888/1637 1226/1878/1631
f 1226/1878/1631 1204/1888/1637 1203/1889/1638
f 1226/1878/1631 1203/1889/1638 1225/1875/1628
f 1225/1875/1628 1203/1889/1638 1202/1890/1639
f 1225/1875/1628 1202/1890/1639 1201/1891/1640
f 1225/1875/1628 1201/1891/1640 1224/1869/1622
f 1224/1869/1622 1201/1891/1640 1200/1867/1620
f 1127/1892/1478 1126/1893/1479 1234/1894/1641
f 1234/1894/1641 1126/1893/1479 1222/1895/1642
f 1234/1894/1641 1222/1895/1642 1235/1896/1643
f 1235/1896/1643 1222/1895/1642 1221/1897/1644
f 1235/1896/1643 1221/1897/1644 1236/1898/1645
f 1236/1898/1645 1221/1897/1644 1220/1899/1646
f 1236/1898/1645 1220/1899/1646 1237/1900/1647
f 1237/1900/1647 1220/1899/1646 1219/1901/1648
f 1237/1900/1647 1219/1901/1648 1238/1902/1649
f 1238/1902/1649 1219/1901/1648 1218/1903/1650
f 1238/1902/1649 1218/1903/1650 1239/1904/1651
f 1239/1904/1651 1218/1903/1650 1217/1905/1652
f 1239/1904/1651 1217/1905/1652 1228/1906/1653
f 1228/1906/1653 1217/1905/1652 1216/1907/1654
f 1228/1906/1653 1229/1908/1655 1239/1904/1651
f 1239/1904/1651 1229/1908/1655 1230/1909/1656
f 1239/1904/1651 1230/1909/1656 1238/1902/1649
f 1238/1902/1649 1230/1909/1656 1231/1910/1657
f 1238/1902/1649 1231/1910/1657 1237/1900/1647
f 1237/1900/1647 1231/1910/1657 1232/1911/1658
f 1237/1900/1647 1232/1911/1658 1236/1898/1645
f 1236/1898/1645 1232/1911/1658 1233/1912/1659
f 1236/1898/1645 1233/1912/1659 1235/1896/1643
f 1235/1896/1643 1233/1912/1659 1234/1894/1641
f 1122/1913/1485 1129/1914/1500 1193/1915/1660
f 1193/1915/1660 1129/1914/1500 1194/1916/1661
f 1194/1916/1661 1129/1914/1500 1244/1917/1662
f 1194/1916/1661 1244/1917/1662 1245/1918/1663
f 1245/1918/1663 1244/1917/1662 1232/1919/1664
f 1245/1918/1663 1232/1919/1664 1231/1920/1665
f 1129/1914/1500 1128/1921/1499 1244/1917/1662
f 1244/1917/1662 1128/1921/1499 1233/1922/1666
f 1244/1917/1662 1233/1922/1666 1232/1919/1664
f 1127/1923/1478 1234/1924/1667 1128/1921/1499
f 1128/1921/1499 1234/1924/1667 1233/1922/1666
f 1245/1918/1663 1231/1920/1665 1246/1925/1668
f 1246/1925/1668 1231/1920/1665 1230/1926/1669
f 1246/1925/1668 1230/1926/1669 1229/1927/1670
f 1246/1925/1668 1229/1927/1670 1247/1928/1671
f 1247/1928/1671 1229/1927/1670 1228/1929/1672
f 1247/1928/1671 1228/1929/1672 1248/1930/1673
f 1248/1930/1673 1228/1929/1672 1241/1931/1674
f 1248/1930/1673 1241/1931/1674 1242/1932/1675
f 1228/1929/1672 1240/1933/1676 1241/1931/1674
f 1243/1934/1677 1199/1935/1678 1242/1932/1675
f 1242/1932/1675 1199/1935/1678 1248/1930/1673
f 1199/1935/1678 1198/1936/1679 1248/1930/1673
f 1248/1930/1673 1198/1936/1679 1247/1928/1671
f 1198/1936/1679 1197/1937/1680 1247/1928/1671
f 1247/1928/1671 1197/1937/1680 1246/1925/1668
f 1197/1937/1680 1196/1938/1681 1246/1925/1668
f 1246/1925/1668 1196/1938/1681 1195/1939/1682
f 1246/1925/1668 1195/1939/1682 1245/1918/1663
f 1245/1918/1663 1195/1939/1682 1194/1916/1661
f 1243/1940/1677 1242/1941/1675 1251/1942/1683
f 1251/1942/1683 1242/1941/1675 1250/1943/1684
f 1250/1943/1684 1242/1941/1675 1241/1944/1674
f 1250/1943/1684 1241/1944/1674 1249/1945/1685
f 1249/1945/1685 1241/1944/1674 1240/1946/1676
f 1216/1947/1654 1215/1948/1686 1228/1949/1653
f 1228/1949/1653 1215/1948/1686 1240/1950/1687
f 1240/1950/1687 1215/1948/1686 1254/1951/1688
f 1240/1950/1687 1254/1951/1688 1249/1952/1689
f 1249/1952/1689 1254/1951/1688 1255/1953/1690
f 1215/1948/1686 1252/1954/1691 1254/1951/1688
f 1254/1951/1688 1252/1954/1691 1253/1955/1692
f 1013/1956/1402 1012/1957/1404 1269/1958/1693
f 1269/1958/1693 1012/1957/1404 1256/1959/1694
f 1269/1958/1693 1256/1959/1694 1270/1960/1695
f 1270/1960/1695 1256/1959/1694 1257/1961/1696
f 1270/1960/1695 1257/1961/1696 1271/1962/1697
f 1271/1962/1697 1257/1961/1696 1258/1963/1698
f 1271/1962/1697 1258/1963/1698 1272/1964/1699
f 1272/1964/1699 1258/1963/1698 1259/1965/1700
f 1272/1964/1699 1259/1965/1700 1273/1966/1701
f 1273/1966/1701 1259/1965/1700 1260/1967/1702
f 1273/1966/1701 1260/1967/1702 1274/1968/1703
f 1274/1968/1703 1260/1967/1702 1261/1969/1704
f 1274/1968/1703 1261/1969/1704 1263/1970/1705
f 1263/1970/1705 1261/1969/1704 1262/1971/1706
f 1263/1970/1705 1264/1972/1707 1274/1968/1703
f 1274/1968/1703 1264/1972/1707 1265/1973/1708
f 1274/1968/1703 1265/1973/1708 1273/1966/1701
f 1273/1966/1701 1265/1973/1708 1266/1974/1709
f 1273/1966/1701 1266/1974/1709 1272/1964/1699
f 1272/1964/1699 1266/1974/1709 1267/1975/1710
f 1272/1964/1699 1267/1975/1710 1271/1962/1697
f 1271/1962/1697 1267/1975/1710 1268/1976/1711
f 1271/1962/1697 1268/1976/1711 1270/1960/1695
f 1270/1960/1695 1268/1976/1711 1269/1958/1693
f 1275/1977/1712 1276/1978/1713 1263/1979/1714
f 1263/1979/1714 1276/1978/1713 1286/1980/1715
f 1263/1979/1714 1286/1980/1715 1287/1981/1716
f 1287/1981/1716 1286/1980/1715 1280/1982/1717
f 1287/1981/1716 1280/1982/1717 1281/1983/1718
f 1276/1978/1713 1277/1984/1719 1286/1980/1715
f 1286/1980/1715 1277/1984/1719 1279/1985/1720
f 1286/1980/1715 1279/1985/1720 1280/1982/1717
f 1277/1984/1719 1278/1986/1721 1279/1985/1720
f 1287/1981/1716 1281/1983/1718 1288/1987/1722
f 1288/1987/1722 1281/1983/1718 1282/1988/1723
f 1288/1987/1722 1282/1988/1723 1283/1989/1724
f 1288/1987/1722 1283/1989/1724 1289/1990/1725
f 1289/1990/1725 1283/1989/1724 1284/1991/1726
f 1289/1990/1725 1284/1991/1726 1290/1992/1727
f 1290/1992/1727 1284/1991/1726 1015/1993/1409
f 1290/1992/1727 1015/1993/1409 1014/1994/1408
f 1284/1991/1726 1285/1995/1728 1015/1993/1409
f 1015/1993/1409 1285/1995/1728 1016/1996/1411
f 1013/1997/1402 1269/1998/1729 1014/1994/1408
f 1014/1994/1408 1269/1998/1729 1268/1999/1730
f 1014/1994/1408 1268/1999/1730 1290/1992/1727
f 1290/1992/1727 1268/1999/1730 1267/2000/1731
f 1290/1992/1727 1267/2000/1731 1289/1990/1725
f 1289/1990/1725 1267/2000/1731 1266/2001/1732
f 1289/1990/1725 1266/2001/1732 1288/1987/1722
f 1288/1987/1722 1266/2001/1732 1265/2002/1733
f 1288/1987/1722 1265/2002/1733 1264/2003/1734
f 1288/1987/1722 1264/2003/1734 1287/1981/1716
f 1287/1981/1716 1264/2003/1734 1263/1979/1714
f 1017/2004/1415 1016/2005/1411 1297/2006/1735
f 1297/2006/1735 1016/2005/1411 1285/2007/1736
f 1297/2006/1735 1285/2007/1736 1298/2008/1737
f 1298/2008/1737 1285/2007/1736 1284/2009/1738
f 1298/2008/1737 1284/2009/1738 1299/2010/1739
f 1299/2010/1739 1284/2009/1738 1283/2011/1740
f 1299/2010/1739 1283/2011/1740 1300/2012/1741
f 1300/2012/1741 1283/2011/1740 1282/2013/1742
f 1300/2012/1741 1282/2013/1742 1301/2014/1743
f 1301/2014/1743 1282/2013/1742 1281/2015/1744
f 1301/2014/1743 1281/2015/1744 1302/2016/1745
f 1302/2016/1745 1281/2015/1744 1280/2017/1746
f 1302/2016/1745 1280/2017/1746 1291/2018/1747
f 1291/2018/1747 1280/2017/1746 1279/2019/1748
f 1291/2018/1747 1292/2020/1749 1302/2016/1745
f 1302/2016/1745 1292/2020/1749 1293/2021/1750
f 1302/2016/1745 1293/2021/1750 1301/2014/1743
f 1301/2014/1743 1293/2021/1750 1294/2022/1751
f 1301/2014/1743 1294/2022/1751 1300/2012/1741
f 1300/2012/1741 1294/2022/1751 1295/2023/1752
f 1300/2012/1741 1295/2023/1752 1299/2010/1739
f 1299/2010/1739 1295/2023/1752 1296/2024/1753
f 1299/2010/1739 1296/2024/1753 1298/2008/1737
f 1298/2008/1737 1296/2024/1753 1297/2006/1735
f 1012/2025/1404 1019/2026/1418 1256/2027/1754
f 1256/2027/1754 1019/2026/1418 1257/2028/1755
f 1257/2028/1755 1019/2026/1418 1307/2029/1756
f 1257/2028/1755 1307/2029/1756 1308/2030/1757
f 1308/2030/1757 1307/2029/1756 1295/2031/1758
f 1308/2030/1757 1295/2031/1758 1294/2032/1759
f 1019/2026/1418 1018/2033/1417 1307/2029/1756
f 1307/2029/1756 1018/2033/1417 1296/2034/1760
f 1307/2029/1756 1296/2034/1760 1295/2031/1758
f 1017/2035/1415 1297/2036/1761 1018/2033/1417
f 1018/2033/1417 1297/2036/1761 1296/2034/1760
f 1308/2030/1757 1294/2032/1759 1309/2037/1762
f 1309/2037/1762 1294/2032/1759 1293/2038/1763
f 1309/2037/1762 1293/2038/1763 1292/2039/1764
f 1309/2037/1762 1292/2039/1764 1310/2040/1765
f 1310/2040/1765 1292/2039/1764 1291/2041/1766
f 1310/2040/1765 1291/2041/1766 1311/2042/1767
f 1311/2042/1767 1291/2041/1766 1304/2043/1768
f 1311/2042/1767 1304/2043/1768 1305/2044/1769
f 1291/2041/1766 1303/2045/1770 1304/2043/1768
f 1306/2046/1771 1262/2047/1772 1305/2044/1769
f 1305/2044/1769 1262/2047/1772 1311/2042/1767
f 1262/2047/1772 1261/2048/1773 1311/2042/1767
f 1311/2042/1767 1261/2048/1773 1310/2040/1765
f 1261/2048/1773 1260/2049/1774 1310/2040/1765
f 1310/2040/1765 1260/2049/1774 1309/2037/1762
f 1260/2049/1774 1259/2050/1775 1309/2037/1762
f 1309/2037/1762 1259/2050/1775 1258/2051/1776
f 1309/2037/1762 1258/2051/1776 1308/2030/1757
f 1308/2030/1757 1258/2051/1776 1257/2028/1755
f 1306/2052/1771 1305/2053/1769 1314/2054/1777
f 1314/2054/1777 1305/2053/1769 1313/2055/1778
f 1313/2055/1778 1305/2053/1769 1304/2056/1768
f 1313/2055/1778 1304/2056/1768 1312/2057/1779
f 1312/2057/1779 1304/2056/1768 1303/2058/1770
f 1279/2059/1748 1278/2060/1780 1291/2061/1747
f 1291/2061/1747 1278/2060/1780 1303/2062/1781
f 1303/2062/1781 1278/2060/1780 1317/2063/1782
f 1303/2062/1781 1317/2063/1782 1312/2064/1783
f 1312/2064/1783 1317/2063/1782 1318/2065/1784
f 1278/2060/1780 1315/2066/1785 1317/2063/1782
f 1317/2063/1782 1315/2066/1785 1316/2067/1786
f 1115/2068/1474 1114/2069/1473 1332/2070/1787
f 1332/2070/1787 1114/2069/1473 1319/2071/1788
f 1332/2070/1787 1319/2071/1788 1333/2072/1789
f 1333/2072/1789 1319/2071/1788 1320/2073/1790
f 1333/2072/1789 1320/2073/1790 1334/2074/1791
f 1334/2074/1791 1320/2073/1790 1321/2075/1792
f 1334/2074/1791 1321/2075/1792 1335/2076/1793
f 1335/2076/1793 1321/2075/1792 1322/2077/1794
f 1335/2076/1793 1322/2077/1794 1336/2078/1795
f 1336/2078/1795 1322/2077/1794 1323/2079/1796
f 1336/2078/1795 1323/2079/1796 1337/2080/1797
f 1337/2080/1797 1323/2079/1796 1324/2081/1798
f 1337/2080/1797 1324/2081/1798 1326/2082/1799
f 1326/2082/1799 1324/2081/1798 1325/2083/1800
f 1326/2082/1799 1327/2084/1801 1337/2080/1797
f 1337/2080/1797 1327/2084/1801 1328/2085/1802
f 1337/2080/1797 1328/2085/1802 1336/2078/1795
f 1336/2078/1795 1328/2085/1802 1329/2086/1803
f 1336/2078/1795 1329/2086/1803 1335/2076/1793
f 1335/2076/1793 1329/2086/1803 1330/2087/1804
f 1335/2076/1793 1330/2087/1804 1334/2074/1791
f 1334/2074/1791 1330/2087/1804 1331/2088/1805
f 1334/2074/1791 1331/2088/1805 1333/2072/1789
f 1333/2072/1789 1331/2088/1805 1332/2070/1787
f 1338/2089/1806 1339/2090/1807 1326/2091/1808
f 1326/2091/1808 1339/2090/1807 1349/2092/1809
f 1326/2091/1808 1349/2092/1809 1350/2093/1810
f 1350/2093/1810 1349/2092/1809 1343/2094/1811
f 1350/2093/1810 1343/2094/1811 1344/2095/1812
f 1339/2090/1807 1340/2096/1813 1349/2092/1809
f 1349/2092/1809 1340/2096/1813 1342/2097/1814
f 1349/2092/1809 1342/2097/1814 1343/2094/1811
f 1340/2096/1813 1341/2098/1815 1342/2097/1814
f 1350/2093/1810 1344/2095/1812 1351/2099/1816
f 1351/2099/1816 1344/2095/1812 1345/2100/1817
f 1351/2099/1816 1345/2100/1817 1346/2101/1818
f 1351/2099/1816 1346/2101/1818 1352/2102/1819
f 1352/2102/1819 1346/2101/1818 1347/2103/1820
f 1352/2102/1819 1347/2103/1820 1353/2104/1821
f 1353/2104/1821 1347/2103/1820 1117/2105/1470
f 1353/2104/1821 1117/2105/1470 1116/2106/1469
f 1347/2103/1820 1348/2107/1822 1117/2105/1470
f 1117/2105/1470 1348/2107/1822 1118/2108/1466
f 1115/2109/1474 1332/2110/1823 1116/2106/1469
f 1116/2106/1469 1332/2110/1823 1331/2111/1824
f 1116/2106/1469 1331/2111/1824 1353/2104/1821
f 1353/2104/1821 1331/2111/1824 1330/2112/1825
f 1353/2104/1821 1330/2112/1825 1352/2102/1819
f 1352/2102/1819 1330/2112/1825 1329/2113/1826
f 1352/2102/1819 1329/2113/1826 1351/2099/1816
f 1351/2099/1816 1329/2113/1826 1328/2114/1827
f 1351/2099/1816 1328/2114/1827 1327/2115/1828
f 1351/2099/1816 1327/2115/1828 1350/2093/1810
f 1350/2093/1810 1327/2115/1828 1326/2091/1808
f 1119/2116/1504 1118/2117/1466 1360/2118/1829
f 1360/2118/1829 1118/2117/1466 1348/2119/1830
f 1360/2118/1829 1348/2119/1830 1361/2120/1831
f 1361/2120/1831 1348/2119/1830 1347/2121/1832
f 1361/2120/1831 1347/2121/1832 1362/2122/1833
f 1362/2122/1833 1347/2121/1832 1346/2123/1834
f 1362/2122/1833 1346/2123/1834 1363/2124/1835
f 1363/2124/1835 1346/2123/1834 1345/2125/1836
f 1363/2124/1835 1345/2125/1836 1364/2126/1837
f 1364/2126/1837 1345/2125/1836 1344/2127/1838
f 1364/2126/1837 1344/2127/1838 1365/2128/1839
f 1365/2128/1839 1344/2127/1838 1343/2129/1840
f 1365/2128/1839 1343/2129/1840 1354/2130/1841
f 1354/2130/1841 1343/2129/1840 1342/2131/1842
f 1354/2130/1841 1355/2132/1843 1365/2128/1839
f 1365/2128/1839 1355/2132/1843 1356/2133/1844
f 1365/2128/1839 1356/2133/1844 1364/2126/1837
f 1364/2126/1837 1356/2133/1844 1357/2134/1845
f 1364/2126/1837 1357/2134/1845 1363/2124/1835
f 1363/2124/1835 1357/2134/1845 1358/2135/1846
f 1363/2124/1835 1358/2135/1846 1362/2122/1833
f 1362/2122/1833 1358/2135/1846 1359/2136/1847
f 1362/2122/1833 1359/2136/1847 1361/2120/1831
f 1361/2120/1831 1359/2136/1847 1360/2118/1829
f 1114/2137/1473 1121/2138/1502 1319/2139/1848
f 1319/2139/1848 1121/2138/1502 1320/2140/1849
f 1320/2140/1849 1121/2138/1502 1370/2141/1850
f 1320/2140/1849 1370/2141/1850 1371/2142/1851
f 1371/2142/1851 1370/2141/1850 1358/2143/1852
f 1371/2142/1851 1358/2143/1852 1357/2144/1853
f 1121/2138/1502 1120/2145/1503 1370/2141/1850
f 1370/2141/1850 1120/2145/1503 1359/2146/1854
f 1370/2141/1850 1359/2146/1854 1358/2143/1852
f 1119/2147/1504 1360/2148/1855 1120/2145/1503
f 1120/2145/1503 1360/2148/1855 1359/2146/1854
f 1371/2142/1851 1357/2144/1853 1372/2149/1856
f 1372/2149/1856 1357/2144/1853 1356/2150/1857
f 1372/2149/1856 1356/2150/1857 1355/2151/1858
f 1372/2149/1856 1355/2151/1858 1373/2152/1859
f 1373/2152/1859 1355/2151/1858 1354/2153/1860
f 1373/2152/1859 1354/2153/1860 1374/2154/1861
f 1374/2154/1861 1354/2153/1860 1367/2155/1862
f 1374/2154/1861 1367/2155/1862 1368/2156/1863
f 1354/2153/1860 1366/2157/1864 1367/2155/1862
f 1369/2158/1865 1325/2159/1866 1368/2156/1863
f 1368/2156/1863 1325/2159/1866 1374/2154/1861
f 1325/2159/1866 1324/2160/1867 1374/2154/1861
f 1374/2154/1861 1324/2160/1867 1373/2152/1859
f 1324/2160/1867 1323/2161/1868 1373/2152/1859
f 1373/2152/1859 1323/2161/1868 1372/2149/1856
f 1323/2161/1868 1322/2162/1869 1372/2149/1856
f 1372/2149/1856 1322/2162/1869 1321/2163/1870
f 1372/2149/1856 1321/2163/1870 1371/2142/1851
f 1371/2142/1851 1321/2163/1870 1320/2140/1849
f 1369/2164/1865 1368/2165/1863 1377/2166/1871
f 1377/2166/1871 1368/2165/1863 1376/2167/1872
f 1376/2167/1872 1368/2165/1863 1367/2168/1862
f 1376/2167/1872 1367/2168/1862 1375/2169/1873
f 1375/2169/1873 1367/2168/1862 1366/2170/1864
f 1342/2171/1842 1341/2172/1874 1354/2173/1841
f 1354/2173/1841 1341/2172/1874 1366/2174/1875
f 1366/2174/1875 1341/2172/1874 1380/2175/1876
f 1366/2174/1875 1380/2175/1876 1375/2176/1877
f 1375/2176/1877 1380/2175/1876 1381/2177/1878
f 1341/2172/1874 1378/2178/1879 1380/2175/1876
f 1380/2175/1876 1378/2178/1879 1379/2179/1880
f 1023/2180/1428 1022/2181/1426 1399/2182/1881
f 1399/2182/1881 1022/2181/1426 1398/2183/1882
f 1398/2183/1882 1022/2181/1426 1400/2184/1883
f 1398/2183/1882 1400/2184/1883 1401/2185/1884
f 1401/2185/1884 1400/2184/1883 1384/2186/1885
f 1401/2185/1884 1384/2186/1885 1385/2187/1886
f 1022/2181/1426 1021/2188/1419 1400/2184/1883
f 1400/2184/1883 1021/2188/1419 1383/2189/1887
f 1400/2184/1883 1383/2189/1887 1384/2186/1885
f 1020/2190/1421 1382/2191/1888 1021/2188/1419
f 1021/2188/1419 1382/2191/1888 1383/2189/1887
f 1401/2185/1884 1385/2187/1886 1402/2192/1889
f 1402/2192/1889 1385/2187/1886 1386/2193/1890
f 1402/2192/1889 1386/2193/1890 1387/2194/1891
f 1402/2192/1889 1387/2194/1891 1403/2195/1892
f 1403/2195/1892 1387/2194/1891 1388/2196/1893
f 1403/2195/1892 1388/2196/1893 1404/2197/1894
f 1404/2197/1894 1388/2196/1893 1390/2198/1895
f 1404/2197/1894 1390/2198/1895 1391/2199/1896
f 1388/2196/1893 1389/2200/1897 1390/2198/1895
f 1392/2201/1898 1393/2202/1899 1391/2199/1896
f 1391/2199/1896 1393/2202/1899 1404/2197/1894
f 1393/2202/1899 1394/2203/1900 1404/2197/1894
f 1404/2197/1894 1394/2203/1900 1403/2195/1892
f 1394/2203/1900 1395/2204/1901 1403/2195/1892
f 1403/2195/1892 1395/2204/1901 1402/2192/1889
f 1395/2204/1901 1396/2205/1902 1402/2192/1889
f 1402/2192/1889 1396/2205/1902 1397/2206/1903
f 1402/2192/1889 1397/2206/1903 1401/2185/1884
f 1401/2185/1884 1397/2206/1903 1398/2183/1882
f 1020/2207/1421 1027/2208/1423 1382/2209/1904
f 1382/2209/1904 1027/2208/1423 1405/2210/1905
f 1382/2209/1904 1405/2210/1905 1412/2211/1906
f 1412/2211/1906 1405/2210/1905 1406/2212/1907
f 1412/2211/1906 1406/2212/1907 1413/2213/1908
f 1413/2213/1908 1406/2212/1907 1407/2214/1909
f 1413/2213/1908 1407/2214/1909 1414/2215/1910
f 1414/2215/1910 1407/2214/1909 1408/2216/1911
f 1414/2215/1910 1408/2216/1911 1415/2217/1912
f 1415/2217/1912 1408/2216/1911 1409/2218/1913
f 1415/2217/1912 1409/2218/1913 1416/2219/1914
f 1416/2219/1914 1409/2218/1913 1410/2220/1915
f 1416/2219/1914 1410/2220/1915 1388/2221/1916
f 1388/2221/1916 1410/2220/1915 1411/2222/1917
f 1388/2221/1916 1387/2223/1918 1416/2219/1914
f 1416/2219/1914 1387/2223/1918 1386/2224/1919
f 1416/2219/1914 1386/2224/1919 1415/2217/1912
f 1415/2217/1912 1386/2224/1919 1385/2225/1920
f 1415/2217/1912 1385/2225/1920 1414/2215/1910
f 1414/2215/1910 1385/2225/1920 1384/2226/1921
f 1414/2215/1910 1384/2226/1921 1413/2213/1908
f 1413/2213/1908 1384/2226/1921 1383/2227/1922
f 1413/2213/1908 1383/2227/1922 1412/2211/1906
f 1412/2211/1906 1383/2227/1922 1382/2209/1904
f 1393/2228/1923 1417/2229/1924 1394/2230/1925
f 1394/2230/1925 1417/2229/1924 1425/2231/1926
f 1394/2230/1925 1425/2231/1926 1395/2232/1927
f 1395/2232/1927 1425/2231/1926 1424/2233/1928
f 1395/2232/1927 1424/2233/1928 1396/2234/1929
f 1396/2234/1929 1424/2233/1928 1426/2235/1930
f 1396/2234/1929 1426/2235/1930 1397/2236/1931
f 1397/2236/1931 1426/2235/1930 1427/2237/1932
f 1397/2236/1931 1427/2237/1932 1398/2238/1933
f 1398/2238/1933 1427/2237/1932 1428/2239/1934
f 1398/2238/1933 1428/2239/1934 1399/2240/1935
f 1399/2240/1935 1428/2239/1934 1423/2241/1936
f 1399/2240/1935 1423/2241/1936 1023/2242/1428
f 1023/2242/1428 1423/2241/1936 1024/2243/1429
f 1417/2229/1924 1418/2244/1937 1425/2231/1926
f 1425/2231/1926 1418/2244/1937 1419/2245/1938
f 1425/2231/1926 1419/2245/1938 1424/2233/1928
f 1424/2233/1928 1419/2245/1938 1420/2246/1939
f 1424/2233/1928 1420/2246/1939 1426/2235/1930
f 1426/2235/1930 1420/2246/1939 1421/2247/1940
f 1426/2235/1930 1421/2247/1940 1427/2237/1932
f 1427/2237/1932 1421/2247/1940 1422/2248/1941
f 1427/2237/1932 1422/2248/1941 1428/2239/1934
f 1428/2239/1934 1422/2248/1941 1423/2241/1936
f 1027/2249/1423 1026/2250/1447 1405/2251/1942
f 1405/2251/1942 1026/2250/1447 1406/2252/1943
f 1406/2252/1943 1026/2250/1447 1433/2253/1944
f 1406/2252/1943 1433/2253/1944 1434/2254/1945
f 1434/2254/1945 1433/2253/1944 1421/2255/1946
f 1434/2254/1945 1421/2255/1946 1420/2256/1947
f 1026/2250/1447 1025/2257/1430 1433/2253/1944
f 1433/2253/1944 1025/2257/1430 1422/2258/1948
f 1433/2253/1944 1422/2258/1948 1421/2255/1946
f 1024/2259/1429 1423/2260/1949 1025/2257/1430
f 1025/2257/1430 1423/2260/1949 1422/2258/1948
f 1434/2254/1945 1420/2256/1947 1435/2261/1950
f 1435/2261/1950 1420/2256/1947 1419/2262/1951
f 1435/2261/1950 1419/2262/1951 1418/2263/1952
f 1435/2261/1950 1418/2263/1952 1436/2264/1953
f 1436/2264/1953 1418/2263/1952 1417/2265/1954
f 1436/2264/1953 1417/2265/1954 1437/2266/1955
f 1437/2266/1955 1417/2265/1954 1430/2267/1956
f 1437/2266/1955 1430/2267/1956 1431/2268/1957
f 1417/2265/1954 1429/2269/1958 1430/2267/1956
f 1432/2270/1959 1411/2271/1960 1431/2268/1957
f 1431/2268/1957 1411/2271/1960 1437/2266/1955
f 1411/2271/1960 1410/2272/1961 1437/2266/1955
f 1437/2266/1955 1410/2272/1961 1436/2264/1953
f 1410/2272/1961 1409/2273/1962 1436/2264/1953
f 1436/2264/1953 1409/2273/1962 1435/2261/1950
f 1409/2273/1962 1408/2274/1963 1435/2261/1950
f 1435/2261/1950 1408/2274/1963 1407/2275/1964
f 1435/2261/1950 1407/2275/1964 1434/2254/1945
f 1434/2254/1945 1407/2275/1964 1406/2252/1943
f 1393/2276/1923 1392/2277/1965 1417/2278/1924
f 1417/2278/1924 1392/2277/1965 1429/2279/1966
f 1429/2279/1966 1392/2277/1965 1440/2280/1967
f 1429/2279/1966 1440/2280/1967 1442/2281/1968
f 1442/2281/1968 1440/2280/1967 1441/2282/1969
f 1392/2277/1965 1438/2283/1970 1440/2280/1967
f 1440/2280/1967 1438/2283/1970 1439/2284/1971
f 1392/2285/1898 1391/2286/1896 1438/2287/1972
f 1438/2287/1972 1391/2286/1896 1444/2288/1973
f 1444/2288/1973 1391/2286/1896 1390/2289/1895
f 1444/2288/1973 1390/2289/1895 1443/2290/1974
f 1443/2290/1974 1390/2289/1895 1389/2291/1897
f 1107/2292/1437 1106/2293/1438 1458/2294/1975
f 1458/2294/1975 1106/2293/1438 1445/2295/1976
f 1458/2294/1975 1445/2295/1976 1459/2296/1977
f 1459/2296/1977 1445/2295/1976 1446/2297/1978
f 1459/2296/1977 1446/2297/1978 1460/2298/1979
f 1460/2298/1979 1446/2297/1978 1447/2299/1980
f 1460/2298/1979 1447/2299/1980 1461/2300/1981
f 1461/2300/1981 1447/2299/1980 1448/2301/1982
f 1461/2300/1981 1448/2301/1982 1462/2302/1983
f 1462/2302/1983 1448/2301/1982 1449/2303/1984
f 1462/2302/1983 1449/2303/1984 1463/2304/1985
f 1463/2304/1985 1449/2303/1984 1450/2305/1986
f 1463/2304/1985 1450/2305/1986 1452/2306/1987
f 1452/2306/1987 1450/2305/1986 1451/2307/1988
f 1452/2306/1987 1453/2308/1989 1463/2304/1985
f 1463/2304/1985 1453/2308/1989 1454/2309/1990
f 1463/2304/1985 1454/2309/1990 1462/2302/1983
f 1462/2302/1983 1454/2309/1990 1455/2310/1991
f 1462/2302/1983 1455/2310/1991 1461/2300/1981
f 1461/2300/1981 1455/2310/1991 1456/2311/1992
f 1461/2300/1981 1456/2311/1992 1460/2298/1979
f 1460/2298/1979 1456/2311/1992 1457/2312/1993
f 1460/2298/1979 1457/2312/1993 1459/2296/1977
f 1459/2296/1977 1457/2312/1993 1458/2294/1975
f 1464/2313/1994 1465/2314/1995 1452/2315/1996
f 1452/2315/1996 1465/2314/1995 1475/2316/1997
f 1452/2315/1996 1475/2316/1997 1476/2317/1998
f 1476/2317/1998 1475/2316/1997 1469/2318/1999
f 1476/2317/1998 1469/2318/1999 1470/2319/2000
f 1465/2314/1995 1466/2320/2001 1475/2316/1997
f 1475/2316/1997 1466/2320/2001 1468/2321/2002
f 1475/2316/1997 1468/2321/2002 1469/2318/1999
f 1466/2320/2001 1467/2322/2003 1468/2321/2002
f 1476/2317/1998 1470/2319/2000 1477/2323/2004
f 1477/2323/2004 1470/2319/2000 1471/2324/2005
f 1477/2323/2004 1471/2324/2005 1472/2325/2006
f 1477/2323/2004 1472/2325/2006 1478/2326/2007
f 1478/2326/2007 1472/2325/2006 1473/2327/2008
f 1478/2326/2007 1473/2327/2008 1479/2328/2009
f 1479/2328/2009 1473/2327/2008 1109/2329/1496
f 1479/2328/2009 1109/2329/1496 1108/2330/1495
f 1473/2327/2008 1474/2331/2010 1109/2329/1496
f 1109/2329/1496 1474/2331/2010 1110/2332/1444
f 1107/2333/1437 1458/2334/2011 1108/2330/1495
f 1108/2330/1495 1458/2334/2011 1457/2335/2012
f 1108/2330/1495 1457/2335/2012 1479/2328/2009
f 1479/2328/2009 1457/2335/2012 1456/2336/2013
f 1479/2328/2009 1456/2336/2013 1478/2326/2007
f 1478/2326/2007 1456/2336/2013 1455/2337/2014
f 1478/2326/2007 1455/2337/2014 1477/2323/2004
f 1477/2323/2004 1455/2337/2014 1454/2338/2015
f 1477/2323/2004 1454/2338/2015 1453/2339/2016
f 1477/2323/2004 1453/2339/2016 1476/2317/1998
f 1476/2317/1998 1453/2339/2016 1452/2315/1996
f 1111/2340/1442 1110/2341/1444 1486/2342/2017
f 1486/2342/2017 1110/2341/1444 1474/2343/2018
f 1486/2342/2017 1474/2343/2018 1487/2344/2019
f 1487/2344/2019 1474/2343/2018 1473/2345/2020
f 1487/2344/2019 1473/2345/2020 1488/2346/2021
f 1488/2346/2021 1473/2345/2020 1472/2347/2022
f 1488/2346/2021 1472/2347/2022 1489/2348/2023
f 1489/2348/2023 1472/2347/2022 1471/2349/2024
f 1489/2348/2023 1471/2349/2024 1490/2350/2025
f 1490/2350/2025 1471/2349/2024 1470/2351/2026
f 1490/2350/2025 1470/2351/2026 1491/2352/2027
f 1491/2352/2027 1470/2351/2026 1469/2353/2028
f 1491/2352/2027 1469/2353/2028 1480/2354/2029
f 1480/2354/2029 1469/2353/2028 1468/2355/2030
f 1480/2354/2029 1481/2356/2031 1491/2352/2027
f 1491/2352/2027 1481/2356/2031 1482/2357/2032
f 1491/2352/2027 1482/2357/2032 1490/2350/2025
f 1490/2350/2025 1482/2357/2032 1483/2358/2033
f 1490/2350/2025 1483/2358/2033 1489/2348/2023
f 1489/2348/2023 1483/2358/2033 1484/2359/2034
f 1489/2348/2023 1484/2359/2034 1488/2346/2021
f 1488/2346/2021 1484/2359/2034 1485/2360/2035
f 1488/2346/2021 1485/2360/2035 1487/2344/2019
f 1487/2344/2019 1485/2360/2035 1486/2342/2017
f 1106/2361/1438 1113/2362/1439 1445/2363/2036
f 1445/2363/2036 1113/2362/1439 1446/2364/2037
f 1446/2364/2037 1113/2362/1439 1496/2365/2038
f 1446/2364/2037 1496/2365/2038 1497/2366/2039
f 1497/2366/2039 1496/2365/2038 1484/2367/2040
f 1497/2366/2039 1484/2367/2040 1483/2368/2041
f 1113/2362/1439 1112/2369/1441 1496/2365/2038
f 1496/2365/2038 1112/2369/1441 1485/2370/2042
f 1496/2365/2038 1485/2370/2042 1484/2367/2040
f 1111/2371/1442 1486/2372/2043 1112/2369/1441
f 1112/2369/1441 1486/2372/2043 1485/2370/2042
f 1497/2366/2039 1483/2368/2041 1498/2373/2044
f 1498/2373/2044 1483/2368/2041 1482/2374/2045
f 1498/2373/2044 1482/2374/2045 1481/2375/2046
f 1498/2373/2044 1481/2375/2046 1499/2376/2047
f 1499/2376/2047 1481/2375/2046 1480/2377/2048
f 1499/2376/2047 1480/2377/2048 1500/2378/2049
f 1500/2378/2049 1480/2377/2048 1493/2379/2050
f 1500/2378/2049 1493/2379/2050 1494/2380/2051
f 1480/2377/2048 1492/2381/2052 1493/2379/2050
f 1495/2382/2053 1451/2383/2054 1494/2380/2051
f 1494/2380/2051 1451/2383/2054 1500/2378/2049
f 1451/2383/2054 1450/2384/2055 1500/2378/2049
f 1500/2378/2049 1450/2384/2055 1499/2376/2047
f 1450/2384/2055 1449/2385/2056 1499/2376/2047
f 1499/2376/2047 1449/2385/2056 1498/2373/2044
f 1449/2385/2056 1448/2386/2057 1498/2373/2044
f 1498/2373/2044 1448/2386/2057 1447/2387/2058
f 1498/2373/2044 1447/2387/2058 1497/2366/2039
f 1497/2366/2039 1447/2387/2058 1446/2364/2037
f 1495/2388/2053 1494/2389/2051 1503/2390/2059
f 1503/2390/2059 1494/2389/2051 1502/2391/2060
f 1502/2391/2060 1494/2389/2051 1493/2392/2050
f 1502/2391/2060 1493/2392/2050 1501/2393/2061
f 1501/2393/2061 1493/2392/2050 1492/2394/2052
f 1468/2395/2030 1467/2396/2062 1480/2397/2029
f 1480/2397/2029 1467/2396/2062 1492/2398/2063
f 1492/2398/2063 1467/2396/2062 1506/2399/2064
f 1492/2398/2063 1506/2399/2064 1501/2400/2065
f 1501/2400/2065 1506/2399/2064 1507/2401/2066
f 1467/2396/2062 1504/2402/2067 1506/2399/2064
f 1506/2399/2064 1504/2402/2067 1505/2403/2068
f 1029/2404/1448 1028/2405/1450 1521/2406/2069
f 1521/2406/2069 1028/2405/1450 1508/2407/2070
f 1521/2406/2069 1508/2407/2070 1522/2408/2071
f 1522/2408/2071 1508/2407/2070 1509/2409/2072
f 1522/2408/2071 1509/2409/2072 1523/2410/2073
f 1523/2410/2073 1509/2409/2072 1510/2411/2074
f 1523/2410/2073 1510/2411/2074 1524/2412/2075
f 1524/2412/2075 1510/2411/2074 1511/2413/2076
f 1524/2412/2075 1511/2413/2076 1525/2414/2077
f 1525/2414/2077 1511/2413/2076 1512/2415/2078
f 1525/2414/2077 1512/2415/2078 1526/2416/2079
f 1526/2416/2079 1512/2415/2078 1513/2417/2080
f 1526/2416/2079 1513/2417/2080 1515/2418/2081
f 1515/2418/2081 1513/2417/2080 1514/2419/2082
f 1515/2418/2081 1516/2420/2083 1526/2416/2079
f 1526/2416/2079 1516/2420/2083 1517/2421/2084
f 1526/2416/2079 1517/2421/2084 1525/2414/2077
f 1525/2414/2077 1517/2421/2084 1518/2422/2085
f 1525/2414/2077 1518/2422/2085 1524/2412/2075
f 1524/2412/2075 1518/2422/2085 1519/2423/2086
f 1524/2412/2075 1519/2423/2086 1523/2410/2073
f 1523/2410/2073 1519/2423/2086 1520/2424/2087
f 1523/2410/2073 1520/2424/2087 1522/2408/2071
f 1522/2408/2071 1520/2424/2087 1521/2406/2069
f 1527/2425/2088 1528/2426/2089 1515/2427/2090
f 1515/2427/2090 1528/2426/2089 1538/2428/2091
f 1515/2427/2090 1538/2428/2091 1539/2429/2092
f 1539/2429/2092 1538/2428/2091 1532/2430/2093
f 1539/2429/2092 1532/2430/2093 1533/2431/2094
f 1528/2426/2089 1529/2432/2095 1538/2428/2091
f 1538/2428/2091 1529/2432/2095 1531/2433/2096
f 1538/2428/2091 1531/2433/2096 1532/2430/2093
f 1529/2432/2095 1530/2434/2097 1531/2433/2096
f 1539/2429/2092 1533/2431/2094 1540/2435/2098
f 1540/2435/2098 1533/2431/2094 1534/2436/2099
f 1540/2435/2098 1534/2436/2099 1535/2437/2100
f 1540/2435/2098 1535/2437/2100 1541/2438/2101
f 1541/2438/2101 1535/2437/2100 1536/2439/2102
f 1541/2438/2101 1536/2439/2102 1542/2440/2103
f 1542/2440/2103 1536/2439/2102 1031/2441/1455
f 1542/2440/2103 1031/2441/1455 1030/2442/1453
f 1536/2439/2102 1537/2443/2104 1031/2441/1455
f 1031/2441/1455 1537/2443/2104 1032/2444/1456
f 1029/2445/1448 1521/2446/2105 1030/2442/1453
f 1030/2442/1453 1521/2446/2105 1520/2447/2106
f 1030/2442/1453 1520/2447/2106 1542/2440/2103
f 1542/2440/2103 1520/2447/2106 1519/2448/2107
f 1542/2440/2103 1519/2448/2107 1541/2438/2101
f 1541/2438/2101 1519/2448/2107 1518/2449/2108
f 1541/2438/2101 1518/2449/2108 1540/2435/2098
f 1540/2435/2098 1518/2449/2108 1517/2450/2109
f 1540/2435/2098 1517/2450/2109 1516/2451/2110
f 1540/2435/2098 1516/2451/2110 1539/2429/2092
f 1539/2429/2092 1516/2451/2110 1515/2427/2090
f 1033/2452/1457 1032/2453/1456 1549/2454/2111
f 1549/2454/2111 1032/2453/1456 1537/2455/2112
f 1549/2454/2111 1537/2455/2112 1550/2456/2113
f 1550/2456/2113 1537/2455/2112 1536/2457/2114
f 1550/2456/2113 1536/2457/2114 1551/2458/2115
f 1551/2458/2115 1536/2457/2114 1535/2459/2116
f 1551/2458/2115 1535/2459/2116 1552/2460/2117
f 1552/2460/2117 1535/2459/2116 1534/2461/2118
f 1552/2460/2117 1534/2461/2118 1553/2462/2119
f 1553/2462/2119 1534/2461/2118 1533/2463/2120
f 1553/2462/2119 1533/2463/2120 1554/2464/2121
f 1554/2464/2121 1533/2463/2120 1532/2465/2122
f 1554/2464/2121 1532/2465/2122 1543/2466/2123
f 1543/2466/2123 1532/2465/2122 1531/2467/2124
f 1543/2466/2123 1544/2468/2125 1554/2464/2121
f 1554/2464/2121 1544/2468/2125 1545/2469/2126
f 1554/2464/2121 1545/2469/2126 1553/2462/2119
f 1553/2462/2119 1545/2469/2126 1546/2470/2127
f 1553/2462/2119 1546/2470/2127 1552/2460/2117
f 1552/2460/2117 1546/2470/2127 1547/2471/2128
f 1552/2460/2117 1547/2471/2128 1551/2458/2115
f 1551/2458/2115 1547/2471/2128 1548/2472/2129
f 1551/2458/2115 1548/2472/2129 1550/2456/2113
f 1550/2456/2113 1548/2472/2129 1549/2454/2111
f 1028/2473/1450 1035/2474/1461 1508/2475/2130
f 1508/2475/2130 1035/2474/1461 1509/2476/2131
f 1509/2476/2131 1035/2474/1461 1559/2477/2132
f 1509/2476/2131 1559/2477/2132 1560/2478/2133
f 1560/2478/2133 1559/2477/2132 1547/2479/2134
f 1560/2478/2133 1547/2479/2134 1546/2480/2135
f 1035/2474/1461 1034/2481/1460 1559/2477/2132
f 1559/2477/2132 1034/2481/1460 1548/2482/2136
f 1559/2477/2132 1548/2482/2136 1547/2479/2134
f 1033/2483/1457 1549/2484/2137 1034/2481/1460
f 1034/2481/1460 1549/2484/2137 1548/2482/2136
f 1560/2478/2133 1546/2480/2135 1561/2485/2138
f 1561/2485/2138 1546/2480/2135 1545/2486/2139
f 1561/2485/2138 1545/2486/2139 1544/2487/2140
f 1561/2485/2138 1544/2487/2140 1562/2488/2141
f 1562/2488/2141 1544/2487/2140 1543/2489/2142
f 1562/2488/2141 1543/2489/2142 1563/2490/2143
f 1563/2490/2143 1543/2489/2142 1556/2491/2144
f 1563/2490/2143 1556/2491/2144 1557/2492/2145
f 1543/2489/2142 1555/2493/2146 1556/2491/2144
f 1558/2494/2147 1514/2495/2148 1557/2492/2145
f 1557/2492/2145 1514/2495/2148 1563/2490/2143
f 1514/2495/2148 1513/2496/2149 1563/2490/2143
f 1563/2490/2143 1513/2496/2149 1562/2488/2141
f 1513/2496/2149 1512/2497/2150 1562/2488/2141
f 1562/2488/2141 1512/2497/2150 1561/2485/2138
f 1512/2497/2150 1511/2498/2151 1561/2485/2138
f 1561/2485/2138 1511/2498/2151 1510/2499/2152
f 1561/2485/2138 1510/2499/2152 1560/2478/2133
f 1560/2478/2133 1510/2499/2152 1509/2476/2131
f 1558/2500/2147 1557/2501/2145 1566/2502/2153
f 1566/2502/2153 1557/2501/2145 1565/2503/2154
f 1565/2503/2154 1557/2501/2145 1556/2504/2144
f 1565/2503/2154 1556/2504/2144 1564/2505/2155
f 1564/2505/2155 1556/2504/2144 1555/2506/2146
f 1531/2507/2124 1530/2508/2156 1543/2509/2123
f 1543/2509/2123 1530/2508/2156 1555/2510/2157
f 1555/2510/2157 1530/2508/2156 1569/2511/2158
f 1555/2510/2157 1569/2511/2158 1564/2512/2159
f 1564/2512/2159 1569/2511/2158 1570/2513/2160
f 1530/2508/2156 1567/2514/2161 1569/2511/2158
f 1569/2511/2158 1567/2514/2161 1568/2515/2162
f 1572/2516/2163 1573/2517/2164 1571/2518/2165
f 1571/2518/2165 1573/2517/2164 1596/2519/2166
f 1571/2518/2165 1596/2519/2166 1593/2520/2167
f 1593/2520/2167 1596/2519/2166 1592/2521/2168
f 1592/2521/2168 1596/2519/2166 1597/2522/2169
f 1592/2521/2168 1597/2522/2169 1591/2523/2170
f 1591/2523/2170 1597/2522/2169 1598/2524/2171
f 1591/2523/2170 1598/2524/2171 1599/2525/2172
f 1599/2525/2172 1598/2524/2171 1608/2526/2173
f 1599/2525/2172 1608/2526/2173 1609/2527/2174
f 1609/2527/2174 1608/2526/2173 1577/2528/2175
f 1609/2527/2174 1577/2528/2175 1578/2529/2176
f 1573/2517/2164 1574/2530/2177 1596/2519/2166
f 1596/2519/2166 1574/2530/2177 1575/2531/2178
f 1596/2519/2166 1575/2531/2178 1597/2522/2169
f 1597/2522/2169 1575/2531/2178 1607/2532/2179
f 1597/2522/2169 1607/2532/2179 1598/2524/2171
f 1598/2524/2171 1607/2532/2179 1608/2526/2173
f 1575/2531/2178 1576/2533/2180 1607/2532/2179
f 1607/2532/2179 1576/2533/2180 1608/2526/2173
f 1576/2533/2180 1577/2528/2175 1608/2526/2173
f 1579/2534/2181 1613/2535/2182 1578/2529/2176
f 1578/2529/2176 1613/2535/2182 1610/2536/2183
f 1578/2529/2176 1610/2536/2183 1609/2527/2174
f 1609/2527/2174 1610/2536/2183 1600/2537/2184
f 1609/2527/2174 1600/2537/2184 1599/2525/2172
f 1599/2525/2172 1600/2537/2184 1590/2538/2185
f 1599/2525/2172 1590/2538/2185 1591/2523/2170
f 1580/2539/2186 1616/2540/2187 1579/2534/2181
f 1579/2534/2181 1616/2540/2187 1614/2541/2188
f 1579/2534/2181 1614/2541/2188 1613/2535/2182
f 1613/2535/2182 1614/2541/2188 1610/2536/2183
f 1581/2542/2189 1594/2543/2190 1580/2539/2186
f 1580/2539/2186 1594/2543/2190 1617/2544/2191
f 1580/2539/2186 1617/2544/2191 1615/2545/2192
f 1615/2545/2192 1617/2544/2191 1581/2542/2189
f 1615/2545/2192 1581/2542/2189 1595/2546/2193
f 1595/2546/2193 1581/2542/2189 1584/2547/2194
f 1595/2546/2193 1584/2547/2194 1612/2548/2195
f 1612/2548/2195 1584/2547/2194 1603/2549/2196
f 1612/2548/2195 1603/2549/2196 1602/2550/2197
f 1602/2550/2197 1603/2549/2196 1605/2551/2198
f 1602/2550/2197 1605/2551/2198 1606/2552/2199
f 1606/2552/2199 1605/2551/2198 1587/2553/2200
f 1606/2552/2199 1587/2553/2200 1588/2554/2201
f 1581/2542/2189 1582/2555/2202 1584/2547/2194
f 1584/2547/2194 1582/2555/2202 1583/2556/2203
f 1190/2557/2204 1189/2558/2205 1584/2547/2194
f 1584/2547/2194 1189/2558/2205 1585/2559/2206
f 1584/2547/2194 1585/2559/2206 1604/2560/2207
f 1604/2560/2207 1585/2559/2206 1586/2561/2208
f 1604/2560/2207 1586/2561/2208 1605/2551/2198
f 1605/2551/2198 1586/2561/2208 1587/2553/2200
f 1606/2552/2199 1588/2554/2201 1601/2562/2209
f 1601/2562/2209 1588/2554/2201 1589/2563/2210
f 1601/2562/2209 1589/2563/2210 1600/2537/2184
f 1600/2537/2184 1589/2563/2210 1590/2538/2185
f 1594/2543/2190 1581/2542/2189 1617/2544/2191
f 1606/2552/2199 1601/2562/2209 1602/2550/2197
f 1602/2550/2197 1601/2562/2209 1611/2564/2211
f 1602/2550/2197 1611/2564/2211 1612/2548/2195
f 1612/2548/2195 1611/2564/2211 1595/2546/2193
f 1611/2564/2211 1601/2562/2209 1610/2536/2183
f 1610/2536/2183 1601/2562/2209 1600/2537/2184
f 1604/2560/2207 1605/2551/2198 1603/2549/2196
f 1603/2549/2196 1584/2547/2194 1604/2560/2207
f 1595/2546/2193 1611/2564/2211 1614/2541/2188
f 1614/2541/2188 1611/2564/2211 1610/2536/2183
f 1615/2545/2192 1595/2546/2193 1614/2541/2188
f 1580/2539/2186 1615/2545/2192 1616/2540/2187
f 1616/2540/2187 1615/2545/2192 1614/2541/2188
f 1572/2565/2163 1618/2566/2212 1573/2567/2213
f 1573/2567/2213 1618/2566/2212 1574/2568/2214
f 1574/2568/2214 1618/2566/2212 1619/2569/2215
f 1574/2568/2214 1619/2569/2215 1575/2570/2216
f 1575/2570/2216 1619/2569/2215 1634/2571/2217
f 1575/2570/2216 1634/2571/2217 1635/2572/2218
f 1635/2572/2218 1634/2571/2217 1620/2573/2219
f 1635/2572/2218 1620/2573/2219 1621/2574/2220
f 1619/2569/2215 1620/2573/2219 1634/2571/2217
f 1635/2572/2218 1621/2574/2220 1636/2575/2221
f 1636/2575/2221 1621/2574/2220 1622/2576/2222
f 1636/2575/2221 1622/2576/2222 1637/2577/2223
f 1637/2577/2223 1622/2576/2222 1623/2578/2224
f 1637/2577/2223 1623/2578/2224 1633/2579/2225
f 1633/2579/2225 1623/2578/2224 1624/2580/2226
f 1633/2579/2225 1624/2580/2226 1631/2581/2227
f 1631/2581/2227 1624/2580/2226 1625/2582/2228
f 1631/2581/2227 1625/2582/2228 1629/2583/2229
f 1629/2583/2229 1625/2582/2228 1626/2584/2230
f 1629/2583/2229 1626/2584/2230 1628/2585/2231
f 1628/2585/2231 1626/2584/2230 1627/2586/2232
f 1582/2587/2233 1581/2588/2234 1628/2585/2231
f 1628/2585/2231 1581/2588/2234 1630/2589/2235
f 1628/2585/2231 1630/2589/2235 1629/2583/2229
f 1629/2583/2229 1630/2589/2235 1632/2590/2236
f 1629/2583/2229 1632/2590/2236 1631/2581/2227
f 1631/2581/2227 1632/2590/2236 1579/2591/2237
f 1631/2581/2227 1579/2591/2237 1638/2592/2238
f 1638/2592/2238 1579/2591/2237 1578/2593/2239
f 1638/2592/2238 1578/2593/2239 1633/2579/2225
f 1633/2579/2225 1578/2593/2239 1637/2577/2223
f 1630/2589/2235 1581/2588/2234 1640/2594/2240
f 1640/2594/2240 1581/2588/2234 1580/2595/2241
f 1640/2594/2240 1580/2595/2241 1630/2589/2235
f 1630/2589/2235 1580/2595/2241 1632/2590/2236
f 1580/2595/2241 1579/2591/2237 1632/2590/2236
f 1637/2577/2223 1578/2593/2239 1639/2596/2242
f 1639/2596/2242 1578/2593/2239 1577/2597/2243
f 1639/2596/2242 1577/2597/2243 1637/2577/2223
f 1637/2577/2223 1577/2597/2243 1636/2575/2221
f 1577/2597/2243 1576/2598/2244 1636/2575/2221
f 1636/2575/2221 1576/2598/2244 1635/2572/2218
f 1576/2598/2244 1575/2570/2216 1635/2572/2218
f 1633/2579/2225 1631/2581/2227 1638/2592/2238
f 1571/2599/2165 1593/2600/2245 1649/2601/2246
f 1649/2601/2246 1593/2600/2245 1592/2602/2247
f 1649/2601/2246 1592/2602/2247 1648/2603/2248
f 1648/2603/2248 1592/2602/2247 1591/2604/2249
f 1648/2603/2248 1591/2604/2249 1658/2605/2250
f 1658/2605/2250 1591/2604/2249 1657/2606/2251
f 1658/2605/2250 1657/2606/2251 1647/2607/2252
f 1647/2607/2252 1657/2606/2251 1646/2608/2253
f 1646/2608/2253 1657/2606/2251 1656/2609/2254
f 1646/2608/2253 1656/2609/2254 1655/2610/2255
f 1655/2610/2255 1656/2609/2254 1589/2611/2256
f 1655/2610/2255 1589/2611/2256 1659/2612/2257
f 1659/2612/2257 1589/2611/2256 1588/2613/2258
f 1659/2612/2257 1588/2613/2258 1660/2614/2259
f 1660/2614/2259 1588/2613/2258 1587/2615/2260
f 1660/2614/2259 1587/2615/2260 1661/2616/2261
f 1661/2616/2261 1587/2615/2260 1663/2617/2262
f 1661/2616/2261 1663/2617/2262 1650/2618/2263
f 1650/2618/2263 1663/2617/2262 1586/2619/2264
f 1650/2618/2263 1586/2619/2264 1664/2620/2265
f 1664/2620/2265 1586/2619/2264 1665/2621/2266
f 1664/2620/2265 1665/2621/2266 1585/2622/2267
f 1585/2622/2267 1665/2621/2266 1586/2619/2264
f 1591/2604/2249 1590/2623/2268 1657/2606/2251
f 1657/2606/2251 1590/2623/2268 1656/2609/2254
f 1590/2623/2268 1589/2611/2256 1656/2609/2254
f 1587/2615/2260 1586/2619/2264 1663/2617/2262
f 1189/2624/1593 1188/2625/1591 1585/2622/2267
f 1585/2622/2267 1188/2625/1591 1650/2618/2263
f 1585/2622/2267 1650/2618/2263 1664/2620/2265
f 1187/2626/1595 1641/2627/2269 1188/2625/1591
f 1188/2625/1591 1641/2627/2269 1651/2628/2270
f 1188/2625/1591 1651/2628/2270 1652/2629/2271
f 1652/2629/2271 1651/2628/2270 1666/2630/2272
f 1652/2629/2271 1666/2630/2272 1653/2631/2273
f 1653/2631/2273 1666/2630/2272 1643/2632/2274
f 1653/2631/2273 1643/2632/2274 1654/2633/2275
f 1654/2633/2275 1643/2632/2274 1644/2634/2276
f 1654/2633/2275 1644/2634/2276 1655/2610/2255
f 1655/2610/2255 1644/2634/2276 1645/2635/2277
f 1655/2610/2255 1645/2635/2277 1646/2608/2253
f 1641/2627/2269 1642/2636/2278 1651/2628/2270
f 1651/2628/2270 1642/2636/2278 1666/2630/2272
f 1642/2636/2278 1643/2632/2274 1666/2630/2272
f 1647/2607/2252 1648/2603/2248 1658/2605/2250
f 1650/2618/2263 1188/2625/1591 1662/2637/2279
f 1662/2637/2279 1188/2625/1591 1652/2629/2271
f 1662/2637/2279 1652/2629/2271 1653/2631/2273
f 1660/2614/2259 1661/2616/2261 1654/2633/2275
f 1654/2633/2275 1661/2616/2261 1653/2631/2273
f 1659/2612/2257 1660/2614/2259 1655/2610/2255
f 1655/2610/2255 1660/2614/2259 1654/2633/2275
f 1650/2618/2263 1662/2637/2279 1661/2616/2261
f 1661/2616/2261 1662/2637/2279 1653/2631/2273
f 1186/2638/1596 1192/2639/1597 1187/2640/2280
f 1187/2640/2280 1192/2639/1597 1641/2641/2281
f 1641/2641/2281 1192/2639/1597 1667/2642/2282
f 1641/2641/2281 1667/2642/2282 1642/2643/2283
f 1642/2643/2283 1667/2642/2282 1668/2644/2284
f 1642/2643/2283 1668/2644/2284 1643/2645/2285
f 1643/2645/2285 1668/2644/2284 1669/2646/2286
f 1643/2645/2285 1669/2646/2286 1644/2647/2287
f 1644/2647/2287 1669/2646/2286 1695/2648/2288
f 1644/2647/2287 1695/2648/2288 1694/2649/2289
f 1694/2649/2289 1695/2648/2288 1680/2650/2290
f 1694/2649/2289 1680/2650/2290 1679/2651/2291
f 1679/2651/2291 1680/2650/2290 1674/2652/2292
f 1679/2651/2291 1674/2652/2292 1675/2653/2293
f 1675/2653/2293 1674/2652/2292 1621/2654/2294
f 1675/2653/2293 1621/2654/2294 1620/2655/2295
f 1191/2656/1598 1627/2657/2296 1192/2639/1597
f 1192/2639/1597 1627/2657/2296 1626/2658/2297
f 1192/2639/1597 1626/2658/2297 1687/2659/2298
f 1687/2659/2298 1626/2658/2297 1688/2660/2299
f 1687/2659/2298 1688/2660/2299 1625/2661/2300
f 1625/2661/2300 1688/2660/2299 1626/2658/2297
f 1687/2659/2298 1625/2661/2300 1684/2662/2301
f 1684/2662/2301 1625/2661/2300 1624/2663/2302
f 1684/2662/2301 1624/2663/2302 1690/2664/2303
f 1690/2664/2303 1624/2663/2302 1685/2665/2304
f 1690/2664/2303 1685/2665/2304 1672/2666/2305
f 1672/2666/2305 1685/2665/2304 1673/2667/2306
f 1672/2666/2305 1673/2667/2306 1681/2668/2307
f 1681/2668/2307 1673/2667/2306 1680/2650/2290
f 1681/2668/2307 1680/2650/2290 1695/2648/2288
f 1685/2665/2304 1624/2663/2302 1691/2669/2308
f 1691/2669/2308 1624/2663/2302 1623/2670/2309
f 1691/2669/2308 1623/2670/2309 1685/2665/2304
f 1685/2665/2304 1623/2670/2309 1689/2671/2310
f 1685/2665/2304 1689/2671/2310 1673/2667/2306
f 1673/2667/2306 1689/2671/2310 1622/2672/2311
f 1673/2667/2306 1622/2672/2311 1674/2652/2292
f 1674/2652/2292 1622/2672/2311 1621/2654/2294
f 1623/2670/2309 1622/2672/2311 1689/2671/2310
f 1619/2673/2312 1677/2674/2313 1620/2655/2295
f 1620/2655/2295 1677/2674/2313 1678/2675/2314
f 1620/2655/2295 1678/2675/2314 1675/2653/2293
f 1675/2653/2293 1678/2675/2314 1679/2651/2291
f 1677/2674/2313 1619/2673/2312 1676/2676/2315
f 1676/2676/2315 1619/2673/2312 1618/2677/2316
f 1676/2676/2315 1618/2677/2316 1572/2678/2163
f 1572/2678/2163 1571/2679/2165 1676/2676/2315
f 1676/2676/2315 1571/2679/2165 1649/2680/2317
f 1676/2676/2315 1649/2680/2317 1648/2681/2318
f 1648/2681/2318 1647/2682/2319 1676/2676/2315
f 1676/2676/2315 1647/2682/2319 1677/2674/2313
f 1677/2674/2313 1647/2682/2319 1692/2683/2320
f 1692/2683/2320 1647/2682/2319 1646/2684/2321
f 1692/2683/2320 1646/2684/2321 1693/2685/2322
f 1693/2685/2322 1646/2684/2321 1645/2686/2323
f 1693/2685/2322 1645/2686/2323 1694/2649/2289
f 1694/2649/2289 1645/2686/2323 1644/2647/2287
f 1192/2639/1597 1686/2687/2324 1670/2688/2325
f 1670/2688/2325 1686/2687/2324 1671/2689/2326
f 1670/2688/2325 1671/2689/2326 1683/2690/2327
f 1683/2690/2327 1671/2689/2326 1682/2691/2328
f 1683/2690/2327 1682/2691/2328 1697/2692/2329
f 1697/2692/2329 1682/2691/2328 1696/2693/2330
f 1697/2692/2329 1696/2693/2330 1667/2642/2282
f 1667/2642/2282 1696/2693/2330 1668/2644/2284
f 1667/2642/2282 1192/2639/1597 1697/2692/2329
f 1697/2692/2329 1192/2639/1597 1683/2690/2327
f 1695/2648/2288 1669/2646/2286 1668/2644/2284
f 1695/2648/2288 1668/2644/2284 1696/2693/2330
f 1192/2639/1597 1670/2688/2325 1683/2690/2327
f 1671/2689/2326 1672/2666/2305 1682/2691/2328
f 1682/2691/2328 1672/2666/2305 1681/2668/2307
f 1682/2691/2328 1681/2668/2307 1696/2693/2330
f 1696/2693/2330 1681/2668/2307 1695/2648/2288
f 1672/2666/2305 1671/2689/2326 1690/2664/2303
f 1690/2664/2303 1671/2689/2326 1686/2687/2324
f 1690/2664/2303 1686/2687/2324 1687/2659/2298
f 1687/2659/2298 1686/2687/2324 1192/2639/1597
f 1673/2667/2306 1674/2652/2292 1680/2650/2290
f 1677/2674/2313 1692/2683/2320 1678/2675/2314
f 1678/2675/2314 1692/2683/2320 1693/2685/2322
f 1678/2675/2314 1693/2685/2322 1679/2651/2291
f 1679/2651/2291 1693/2685/2322 1694/2649/2289
f 1690/2664/2303 1687/2659/2298 1684/2662/2301
f 1136/2694/1540 1159/2695/1541 1137/2696/2331
f 1137/2696/2331 1159/2695/1541 1168/2697/2332
f 1137/2696/2331 1168/2697/2332 1628/2698/2231
f 1628/2698/2231 1168/2697/2332 1583/2699/2333
f 1628/2698/2231 1583/2699/2333 1582/2700/2233
f 1627/2701/2232 1191/2702/2334 1628/2698/2231
f 1628/2698/2231 1191/2702/2334 1137/2696/2331
f 1168/2703/1556 1167/2704/1554 1583/2705/2203
f 1583/2705/2203 1167/2704/1554 1584/2706/2194
f 1584/2706/2194 1167/2704/1554 1166/2707/1548
f 1584/2706/2194 1166/2707/1548 1190/2708/2204
f 1190/2708/2204 1166/2707/1548 1165/2709/1547
f 1699/2710/2335 1700/2711/2336 1698/2712/2337
f 1698/2712/2337 1700/2711/2336 1721/2713/2338
f 1698/2712/2337 1721/2713/2338 1718/2714/2339
f 1718/2714/2339 1721/2713/2338 1717/2715/2340
f 1717/2715/2340 1721/2713/2338 1722/2716/2341
f 1717/2715/2340 1722/2716/2341 1716/2717/2342
f 1716/2717/2342 1722/2716/2341 1723/2718/2343
f 1716/2717/2342 1723/2718/2343 1724/2719/2344
f 1724/2719/2344 1723/2718/2343 1733/2720/2345
f 1724/2719/2344 1733/2720/2345 1734/2721/2346
f 1734/2721/2346 1733/2720/2345 1704/2722/2347
f 1734/2721/2346 1704/2722/2347 1705/2723/2348
f 1700/2711/2336 1701/2724/2349 1721/2713/2338
f 1721/2713/2338 1701/2724/2349 1702/2725/2350
f 1721/2713/2338 1702/2725/2350 1722/2716/2341
f 1722/2716/2341 1702/2725/2350 1732/2726/2351
f 1722/2716/2341 1732/2726/2351 1723/2718/2343
f 1723/2718/2343 1732/2726/2351 1733/2720/2345
f 1702/2725/2350 1703/2727/2352 1732/2726/2351
f 1732/2726/2351 1703/2727/2352 1733/2720/2345
f 1703/2727/2352 1704/2722/2347 1733/2720/2345
f 1706/2728/2353 1738/2729/2354 1705/2723/2348
f 1705/2723/2348 1738/2729/2354 1735/2730/2355
f 1705/2723/2348 1735/2730/2355 1734/2721/2346
f 1734/2721/2346 1735/2730/2355 1725/2731/2356
f 1734/2721/2346 1725/2731/2356 1724/2719/2344
f 1724/2719/2344 1725/2731/2356 1715/2732/2357
f 1724/2719/2344 1715/2732/2357 1716/2717/2342
f 1707/2733/2358 1741/2734/2359 1706/2728/2353
f 1706/2728/2353 1741/2734/2359 1739/2735/2360
f 1706/2728/2353 1739/2735/2360 1738/2729/2354
f 1738/2729/2354 1739/2735/2360 1735/2730/2355
f 1708/2736/2361 1719/2737/2362 1707/2733/2358
f 1707/2733/2358 1719/2737/2362 1742/2738/2363
f 1707/2733/2358 1742/2738/2363 1740/2739/2364
f 1740/2739/2364 1742/2738/2363 1708/2736/2361
f 1740/2739/2364 1708/2736/2361 1720/2740/2365
f 1720/2740/2365 1708/2736/2361 1250/2741/1684
f 1720/2740/2365 1250/2741/1684 1737/2742/2366
f 1737/2742/2366 1250/2741/1684 1728/2743/2367
f 1737/2742/2366 1728/2743/2367 1727/2744/2368
f 1727/2744/2368 1728/2743/2367 1730/2745/2369
f 1727/2744/2368 1730/2745/2369 1731/2746/2370
f 1731/2746/2370 1730/2745/2369 1712/2747/2371
f 1731/2746/2370 1712/2747/2371 1713/2748/2372
f 1708/2736/2361 1709/2749/2373 1250/2741/1684
f 1250/2741/1684 1709/2749/2373 1251/2750/1683
f 1249/2751/1685 1255/2752/2374 1250/2741/1684
f 1250/2741/1684 1255/2752/2374 1710/2753/2375
f 1250/2741/1684 1710/2753/2375 1729/2754/2376
f 1729/2754/2376 1710/2753/2375 1711/2755/2377
f 1729/2754/2376 1711/2755/2377 1730/2745/2369
f 1730/2745/2369 1711/2755/2377 1712/2747/2371
f 1731/2746/2370 1713/2748/2372 1726/2756/2378
f 1726/2756/2378 1713/2748/2372 1714/2757/2379
f 1726/2756/2378 1714/2757/2379 1725/2731/2356
f 1725/2731/2356 1714/2757/2379 1715/2732/2357
f 1719/2737/2362 1708/2736/2361 1742/2738/2363
f 1731/2746/2370 1726/2756/2378 1727/2744/2368
f 1727/2744/2368 1726/2756/2378 1736/2758/2380
f 1727/2744/2368 1736/2758/2380 1737/2742/2366
f 1737/2742/2366 1736/2758/2380 1720/2740/2365
f 1736/2758/2380 1726/2756/2378 1735/2730/2355
f 1735/2730/2355 1726/2756/2378 1725/2731/2356
f 1729/2754/2376 1730/2745/2369 1728/2743/2367
f 1728/2743/2367 1250/2741/1684 1729/2754/2376
f 1720/2740/2365 1736/2758/2380 1739/2735/2360
f 1739/2735/2360 1736/2758/2380 1735/2730/2355
f 1740/2739/2364 1720/2740/2365 1739/2735/2360
f 1707/2733/2358 1740/2739/2364 1741/2734/2359
f 1741/2734/2359 1740/2739/2364 1739/2735/2360
f 1699/2759/2335 1743/2760/2381 1700/2761/2382
f 1700/2761/2382 1743/2760/2381 1701/2762/2383
f 1701/2762/2383 1743/2760/2381 1744/2763/2384
f 1701/2762/2383 1744/2763/2384 1702/2764/2385
f 1702/2764/2385 1744/2763/2384 1759/2765/2386
f 1702/2764/2385 1759/2765/2386 1760/2766/2387
f 1760/2766/2387 1759/2765/2386 1745/2767/2388
f 1760/2766/2387 1745/2767/2388 1746/2768/2389
f 1744/2763/2384 1745/2767/2388 1759/2765/2386
f 1760/2766/2387 1746/2768/2389 1761/2769/2390
f 1761/2769/2390 1746/2768/2389 1747/2770/2391
f 1761/2769/2390 1747/2770/2391 1762/2771/2392
f 1762/2771/2392 1747/2770/2391 1748/2772/2393
f 1762/2771/2392 1748/2772/2393 1758/2773/2394
f 1758/2773/2394 1748/2772/2393 1749/2774/2395
f 1758/2773/2394 1749/2774/2395 1756/2775/2396
f 1756/2775/2396 1749/2774/2395 1750/2776/2397
f 1756/2775/2396 1750/2776/2397 1754/2777/2398
f 1754/2777/2398 1750/2776/2397 1751/2778/2399
f 1754/2777/2398 1751/2778/2399 1753/2779/2400
f 1753/2779/2400 1751/2778/2399 1752/2780/2401
f 1709/2781/2402 1708/2782/2403 1753/2779/2400
f 1753/2779/2400 1708/2782/2403 1755/2783/2404
f 1753/2779/2400 1755/2783/2404 1754/2777/2398
f 1754/2777/2398 1755/2783/2404 1757/2784/2405
f 1754/2777/2398 1757/2784/2405 1756/2775/2396
f 1756/2775/2396 1757/2784/2405 1706/2785/2406
f 1756/2775/2396 1706/2785/2406 1763/2786/2407
f 1763/2786/2407 1706/2785/2406 1705/2787/2408
f 1763/2786/2407 1705/2787/2408 1758/2773/2394
f 1758/2773/2394 1705/2787/2408 1762/2771/2392
f 1755/2783/2404 1708/2782/2403 1765/2788/2409
f 1765/2788/2409 1708/2782/2403 1707/2789/2410
f 1765/2788/2409 1707/2789/2410 1755/2783/2404
f 1755/2783/2404 1707/2789/2410 1757/2784/2405
f 1707/2789/2410 1706/2785/2406 1757/2784/2405
f 1762/2771/2392 1705/2787/2408 1764/2790/2411
f 1764/2790/2411 1705/2787/2408 1704/2791/2412
f 1764/2790/2411 1704/2791/2412 1762/2771/2392
f 1762/2771/2392 1704/2791/2412 1761/2769/2390
f 1704/2791/2412 1703/2792/2413 1761/2769/2390
f 1761/2769/2390 1703/2792/2413 1760/2766/2387
f 1703/2792/2413 1702/2764/2385 1760/2766/2387
f 1758/2773/2394 1756/2775/2396 1763/2786/2407
f 1698/2793/2337 1718/2794/2414 1774/2795/2415
f 1774/2795/2415 1718/2794/2414 1717/2796/2416
f 1774/2795/2415 1717/2796/2416 1773/2797/2417
f 1773/2797/2417 1717/2796/2416 1716/2798/2418
f 1773/2797/2417 1716/2798/2418 1783/2799/2419
f 1783/2799/2419 1716/2798/2418 1782/2800/2420
f 1783/2799/2419 1782/2800/2420 1772/2801/2421
f 1772/2801/2421 1782/2800/2420 1771/2802/2422
f 1771/2802/2422 1782/2800/2420 1781/2803/2423
f 1771/2802/2422 1781/2803/2423 1780/2804/2424
f 1780/2804/2424 1781/2803/2423 1714/2805/2425
f 1780/2804/2424 1714/2805/2425 1784/2806/2426
f 1784/2806/2426 1714/2805/2425 1713/2807/2427
f 1784/2806/2426 1713/2807/2427 1785/2808/2428
f 1785/2808/2428 1713/2807/2427 1712/2809/2429
f 1785/2808/2428 1712/2809/2429 1786/2810/2430
f 1786/2810/2430 1712/2809/2429 1788/2811/2431
f 1786/2810/2430 1788/2811/2431 1775/2812/2432
f 1775/2812/2432 1788/2811/2431 1711/2813/2433
f 1775/2812/2432 1711/2813/2433 1789/2814/2434
f 1789/2814/2434 1711/2813/2433 1790/2815/2435
f 1789/2814/2434 1790/2815/2435 1710/2816/2436
f 1710/2816/2436 1790/2815/2435 1711/2813/2433
f 1716/2798/2418 1715/2817/2437 1782/2800/2420
f 1782/2800/2420 1715/2817/2437 1781/2803/2423
f 1715/2817/2437 1714/2805/2425 1781/2803/2423
f 1712/2809/2429 1711/2813/2433 1788/2811/2431
f 1255/2818/1690 1254/2819/1688 1710/2816/2436
f 1710/2816/2436 1254/2819/1688 1775/2812/2432
f 1710/2816/2436 1775/2812/2432 1789/2814/2434
f 1253/2820/1692 1766/2821/2438 1254/2819/1688
f 1254/2819/1688 1766/2821/2438 1776/2822/2439
f 1254/2819/1688 1776/2822/2439 1777/2823/2440
f 1777/2823/2440 1776/2822/2439 1791/2824/2441
f 1777/2823/2440 1791/2824/2441 1778/2825/2442
f 1778/2825/2442 1791/2824/2441 1768/2826/2443
f 1778/2825/2442 1768/2826/2443 1779/2827/2444
f 1779/2827/2444 1768/2826/2443 1769/2828/2445
f 1779/2827/2444 1769/2828/2445 1780/2804/2424
f 1780/2804/2424 1769/2828/2445 1770/2829/2446
f 1780/2804/2424 1770/2829/2446 1771/2802/2422
f 1766/2821/2438 1767/2830/2447 1776/2822/2439
f 1776/2822/2439 1767/2830/2447 1791/2824/2441
f 1767/2830/2447 1768/2826/2443 1791/2824/2441
f 1772/2801/2421 1773/2797/2417 1783/2799/2419
f 1775/2812/2432 1254/2819/1688 1787/2831/2448
f 1787/2831/2448 1254/2819/1688 1777/2823/2440
f 1787/2831/2448 1777/2823/2440 1778/2825/2442
f 1785/2808/2428 1786/2810/2430 1779/2827/2444
f 1779/2827/2444 1786/2810/2430 1778/2825/2442
f 1784/2806/2426 1785/2808/2428 1780/2804/2424
f 1780/2804/2424 1785/2808/2428 1779/2827/2444
f 1775/2812/2432 1787/2831/2448 1786/2810/2430
f 1786/2810/2430 1787/2831/2448 1778/2825/2442
f 1252/2832/2449 1792/2833/2450 1253/2834/2451
f 1253/2834/2451 1792/2833/2450 1766/2835/2452
f 1766/2835/2452 1792/2833/2450 1794/2836/2453
f 1766/2835/2452 1794/2836/2453 1767/2837/2454
f 1767/2837/2454 1794/2836/2453 1795/2838/2455
f 1767/2837/2454 1795/2838/2455 1768/2839/2456
f 1768/2839/2456 1795/2838/2455 1796/2840/2457
f 1768/2839/2456 1796/2840/2457 1769/2841/2458
f 1769/2841/2458 1796/2840/2457 1822/2842/2459
f 1769/2841/2458 1822/2842/2459 1821/2843/2460
f 1821/2843/2460 1822/2842/2459 1807/2844/2461
f 1821/2843/2460 1807/2844/2461 1806/2845/2462
f 1806/2845/2462 1807/2844/2461 1801/2846/2463
f 1806/2845/2462 1801/2846/2463 1802/2847/2464
f 1802/2847/2464 1801/2846/2463 1746/2848/2465
f 1802/2847/2464 1746/2848/2465 1745/2849/2466
f 1793/2850/2467 1752/2851/2468 1792/2833/2450
f 1792/2833/2450 1752/2851/2468 1751/2852/2469
f 1792/2833/2450 1751/2852/2469 1814/2853/2470
f 1814/2853/2470 1751/2852/2469 1815/2854/2471
f 1814/2853/2470 1815/2854/2471 1750/2855/2472
f 1750/2855/2472 1815/2854/2471 1751/2852/2469
f 1814/2853/2470 1750/2855/2472 1811/2856/2473
f 1811/2856/2473 1750/2855/2472 1749/2857/2474
f 1811/2856/2473 1749/2857/2474 1817/2858/2475
f 1817/2858/2475 1749/2857/2474 1812/2859/2476
f 1817/2858/2475 1812/2859/2476 1799/2860/2477
f 1799/2860/2477 1812/2859/2476 1800/2861/2478
f 1799/2860/2477 1800/2861/2478 1808/2862/2479
f 1808/2862/2479 1800/2861/2478 1807/2844/2461
f 1808/2862/2479 1807/2844/2461 1822/2842/2459
f 1812/2859/2476 1749/2857/2474 1818/2863/2480
f 1818/2863/2480 1749/2857/2474 1748/2864/2481
f 1818/2863/2480 1748/2864/2481 1812/2859/2476
f 1812/2859/2476 1748/2864/2481 1816/2865/2482
f 1812/2859/2476 1816/2865/2482 1800/2861/2478
f 1800/2861/2478 1816/2865/2482 1747/2866/2483
f 1800/2861/2478 1747/2866/2483 1801/2846/2463
f 1801/2846/2463 1747/2866/2483 1746/2848/2465
f 1748/2864/2481 1747/2866/2483 1816/2865/2482
f 1744/2867/2484 1804/2868/2485 1745/2849/2466
f 1745/2849/2466 1804/2868/2485 1805/2869/2486
f 1745/2849/2466 1805/2869/2486 1802/2847/2464
f 1802/2847/2464 1805/2869/2486 1806/2845/2462
f 1804/2868/2485 1744/2867/2484 1803/2870/2487
f 1803/2870/2487 1744/2867/2484 1743/2871/2488
f 1803/2870/2487 1743/2871/2488 1699/2872/2335
f 1699/2872/2335 1698/2873/2337 1803/2870/2487
f 1803/2870/2487 1698/2873/2337 1774/2874/2489
f 1803/2870/2487 1774/2874/2489 1773/2875/2490
f 1773/2875/2490 1772/2876/2491 1803/2870/2487
f 1803/2870/2487 1772/2876/2491 1804/2868/2485
f 1804/2868/2485 1772/2876/2491 1819/2877/2492
f 1819/2877/2492 1772/2876/2491 1771/2878/2493
f 1819/2877/2492 1771/2878/2493 1820/2879/2494
f 1820/2879/2494 1771/2878/2493 1770/2880/2495
f 1820/2879/2494 1770/2880/2495 1821/2843/2460
f 1821/2843/2460 1770/2880/2495 1769/2841/2458
f 1792/2833/2450 1813/2881/2496 1797/2882/2497
f 1797/2882/2497 1813/2881/2496 1798/2883/2498
f 1797/2882/2497 1798/2883/2498 1810/2884/2499
f 1810/2884/2499 1798/2883/2498 1809/2885/2500
f 1810/2884/2499 1809/2885/2500 1824/2886/2501
f 1824/2886/2501 1809/2885/2500 1823/2887/2502
f 1824/2886/2501 1823/2887/2502 1794/2836/2453
f 1794/2836/2453 1823/2887/2502 1795/2838/2455
f 1794/2836/2453 1792/2833/2450 1824/2886/2501
f 1824/2886/2501 1792/2833/2450 1810/2884/2499
f 1822/2842/2459 1796/2840/2457 1795/2838/2455
f 1822/2842/2459 1795/2838/2455 1823/2887/2502
f 1792/2833/2450 1797/2882/2497 1810/2884/2499
f 1798/2883/2498 1799/2860/2477 1809/2885/2500
f 1809/2885/2500 1799/2860/2477 1808/2862/2479
f 1809/2885/2500 1808/2862/2479 1823/2887/2502
f 1823/2887/2502 1808/2862/2479 1822/2842/2459
f 1799/2860/2477 1798/2883/2498 1817/2858/2475
f 1817/2858/2475 1798/2883/2498 1813/2881/2496
f 1817/2858/2475 1813/2881/2496 1814/2853/2470
f 1814/2853/2470 1813/2881/2496 1792/2833/2450
f 1800/2861/2478 1801/2846/2463 1807/2844/2461
f 1804/2868/2485 1819/2877/2492 1805/2869/2486
f 1805/2869/2486 1819/2877/2492 1820/2879/2494
f 1805/2869/2486 1820/2879/2494 1806/2845/2462
f 1806/2845/2462 1820/2879/2494 1821/2843/2460
f 1817/2858/2475 1814/2853/2470 1811/2856/2473
f 1215/2888/1627 1214/2889/1625 1252/2890/2449
f 1252/2890/2449 1214/2889/1625 1792/2891/2450
f 1792/2891/2450 1214/2889/1625 1213/2892/1619
f 1792/2891/2450 1213/2892/1619 1793/2893/2467
f 1793/2893/2467 1213/2892/1619 1212/2894/1618
f 1200/2895/1611 1199/2896/1612 1212/2897/2503
f 1212/2897/2503 1199/2896/1612 1243/2898/2504
f 1212/2897/2503 1243/2898/2504 1753/2899/2400
f 1753/2899/2400 1243/2898/2504 1251/2900/2505
f 1753/2899/2400 1251/2900/2505 1709/2901/2402
f 1752/2902/2401 1793/2903/2506 1753/2899/2400
f 1753/2899/2400 1793/2903/2506 1212/2897/2503
f 1847/2904/2507 1825/2905/2508 1852/2906/2509
f 1852/2906/2509 1825/2905/2508 1826/2907/2510
f 1852/2906/2509 1826/2907/2510 1827/2908/2511
f 1827/2908/2511 1828/2909/2512 1852/2906/2509
f 1852/2906/2509 1828/2909/2512 1853/2910/2513
f 1852/2906/2509 1853/2910/2513 1846/2911/2514
f 1846/2911/2514 1853/2910/2513 1845/2912/2515
f 1845/2912/2515 1853/2910/2513 1854/2913/2516
f 1845/2912/2515 1854/2913/2516 1865/2914/2517
f 1865/2914/2517 1854/2913/2516 1855/2915/2518
f 1865/2914/2517 1855/2915/2518 1864/2916/2519
f 1864/2916/2519 1855/2915/2518 1856/2917/2520
f 1864/2916/2519 1856/2917/2520 1863/2918/2521
f 1863/2918/2521 1856/2917/2520 1857/2919/2522
f 1863/2918/2521 1857/2919/2522 1862/2920/2523
f 1862/2920/2523 1857/2919/2522 1858/2921/2524
f 1862/2920/2523 1858/2921/2524 1861/2922/2525
f 1861/2922/2525 1858/2921/2524 1859/2923/2526
f 1861/2922/2525 1859/2923/2526 1860/2924/2527
f 1860/2924/2527 1859/2923/2526 1838/2925/2528
f 1860/2924/2527 1838/2925/2528 1849/2926/2529
f 1849/2926/2529 1838/2925/2528 678/2927/2530
f 1849/2926/2529 678/2927/2530 1869/2928/2531
f 1869/2928/2531 678/2927/2530 1839/2929/2532
f 1869/2928/2531 1839/2929/2532 1848/2930/2533
f 1848/2930/2533 1839/2929/2532 1850/2931/2534
f 1848/2930/2533 1850/2931/2534 1840/2932/2535
f 1840/2932/2535 1850/2931/2534 1839/2929/2532
f 1828/2909/2512 1829/2933/2536 1853/2910/2513
f 1853/2910/2513 1829/2933/2536 1854/2913/2516
f 1829/2933/2536 1830/2934/2537 1854/2913/2516
f 1854/2913/2516 1830/2934/2537 1855/2915/2518
f 1830/2934/2537 1831/2935/2538 1855/2915/2518
f 1855/2915/2518 1831/2935/2538 1856/2917/2520
f 1831/2935/2538 1832/2936/2539 1856/2917/2520
f 1856/2917/2520 1832/2936/2539 1857/2919/2522
f 1857/2919/2522 1832/2936/2539 1866/2937/2540
f 1866/2937/2540 1832/2936/2539 1833/2938/2541
f 1866/2937/2540 1833/2938/2541 1867/2939/2542
f 1867/2939/2542 1833/2938/2541 1834/2940/2543
f 1867/2939/2542 1834/2940/2543 1851/2941/2544
f 1851/2941/2544 1834/2940/2543 1835/2942/2545
f 1851/2941/2544 1835/2942/2545 1838/2925/2528
f 1838/2925/2528 1835/2942/2545 1836/2943/2546
f 1838/2925/2528 1836/2943/2546 1837/2944/2547
f 678/2927/2530 677/2945/2548 1839/2929/2532
f 1841/2946/2549 1868/2947/2550 1840/2932/2535
f 1840/2932/2535 1868/2947/2550 1869/2928/2531
f 1840/2932/2535 1869/2928/2531 1848/2930/2533
f 1842/2948/2551 1871/2949/2552 1841/2946/2549
f 1841/2946/2549 1871/2949/2552 1861/2922/2525
f 1841/2946/2549 1861/2922/2525 1870/2950/2553
f 1870/2950/2553 1861/2922/2525 1860/2924/2527
f 1870/2950/2553 1860/2924/2527 1849/2926/2529
f 1843/2951/2554 1863/2918/2521 1842/2948/2551
f 1842/2948/2551 1863/2918/2521 1862/2920/2523
f 1842/2948/2551 1862/2920/2523 1871/2949/2552
f 1871/2949/2552 1862/2920/2523 1861/2922/2525
f 1863/2918/2521 1843/2951/2554 1864/2916/2519
f 1864/2916/2519 1843/2951/2554 1844/2952/2555
f 1864/2916/2519 1844/2952/2555 1865/2914/2517
f 1865/2914/2517 1844/2952/2555 1845/2912/2515
f 1846/2911/2514 1847/2904/2507 1852/2906/2509
f 1838/2925/2528 1859/2923/2526 1851/2941/2544
f 1851/2941/2544 1859/2923/2526 1858/2921/2524
f 1851/2941/2544 1858/2921/2524 1867/2939/2542
f 1867/2939/2542 1858/2921/2524 1857/2919/2522
f 1867/2939/2542 1857/2919/2522 1866/2937/2540
f 1849/2926/2529 1869/2928/2531 1868/2947/2550
f 1870/2950/2553 1849/2926/2529 1868/2947/2550
f 1868/2947/2550 1841/2946/2549 1870/2950/2553
f 675/2953/897 1872/2954/2556 676/2955/893
f 676/2955/893 1872/2954/2556 1888/2956/2557
f 676/2955/893 1888/2956/2557 1881/2957/2558
f 1881/2957/2558 1888/2956/2557 1887/2958/2559
f 1881/2957/2558 1887/2958/2559 1890/2959/2560
f 1890/2959/2560 1887/2958/2559 1886/2960/2561
f 1890/2959/2560 1886/2960/2561 1889/2961/2562
f 1889/2961/2562 1886/2960/2561 1885/2962/2563
f 1889/2961/2562 1885/2962/2563 1842/2963/2564
f 1842/2963/2564 1885/2962/2563 1891/2964/2565
f 1842/2963/2564 1891/2964/2565 1843/2965/2566
f 1843/2965/2566 1891/2964/2565 1885/2962/2563
f 1843/2965/2566 1885/2962/2563 1884/2966/2567
f 1884/2966/2567 1885/2962/2563 1876/2967/2568
f 1884/2966/2567 1876/2967/2568 1877/2968/2569
f 1872/2954/2556 1873/2969/2570 1888/2956/2557
f 1888/2956/2557 1873/2969/2570 1887/2958/2559
f 1873/2969/2570 1874/2970/2571 1887/2958/2559
f 1887/2958/2559 1874/2970/2571 1886/2960/2561
f 1874/2970/2571 1875/2971/2572 1886/2960/2561
f 1886/2960/2561 1875/2971/2572 1885/2962/2563
f 1875/2971/2572 1876/2967/2568 1885/2962/2563
f 1884/2966/2567 1877/2968/2569 1883/2972/2573
f 1883/2972/2573 1877/2968/2569 1878/2973/2574
f 1883/2972/2573 1878/2973/2574 1882/2974/2575
f 1882/2974/2575 1878/2973/2574 1879/2975/2576
f 1882/2974/2575 1879/2975/2576 1845/2976/2577
f 1845/2976/2577 1879/2975/2576 1846/2977/2578
f 1846/2977/2578 1879/2975/2576 1880/2978/2579
f 1846/2977/2578 1880/2978/2579 1847/2979/2580
f 1847/2979/2580 1880/2978/2579 1825/2980/2508
f 1882/2974/2575 1845/2976/2577 1883/2972/2573
f 1883/2972/2573 1845/2976/2577 1844/2981/2581
f 1883/2972/2573 1844/2981/2581 1884/2966/2567
f 1884/2966/2567 1844/2981/2581 1843/2965/2566
f 1842/2963/2564 1841/2982/2582 1889/2961/2562
f 1889/2961/2562 1841/2982/2582 1890/2959/2560
f 1841/2982/2582 1840/2983/2583 1890/2959/2560
f 1890/2959/2560 1840/2983/2583 1881/2957/2558
f 1881/2957/2558 1840/2983/2583 1892/2984/2584
f 1892/2984/2584 1840/2983/2583 1839/2985/2585
f 1892/2984/2584 1839/2985/2585 1881/2957/2558
f 1881/2957/2558 1839/2985/2585 676/2955/893
f 1839/2985/2585 677/2986/895 676/2955/893
f 1836/2987/2586 1835/2988/2587 1903/2989/2588
f 1903/2989/2588 1835/2988/2587 1905/2990/2589
f 1903/2989/2588 1905/2990/2589 1911/2991/2590
f 1911/2991/2590 1905/2990/2589 1912/2992/2591
f 1911/2991/2590 1912/2992/2591 1910/2993/2592
f 1910/2993/2592 1912/2992/2591 1833/2994/2593
f 1910/2993/2592 1833/2994/2593 1909/2995/2594
f 1909/2995/2594 1833/2994/2593 1832/2996/2595
f 1909/2995/2594 1832/2996/2595 1908/2997/2596
f 1908/2997/2596 1832/2996/2595 1831/2998/2597
f 1908/2997/2596 1831/2998/2597 1916/2999/2598
f 1916/2999/2598 1831/2998/2597 1830/3000/2599
f 1916/2999/2598 1830/3000/2599 1915/3001/2600
f 1915/3001/2600 1830/3000/2599 1914/3002/2601
f 1915/3001/2600 1914/3002/2601 1896/3003/2602
f 1896/3003/2602 1914/3002/2601 1895/3004/2603
f 1895/3004/2603 1914/3002/2601 1913/3005/2604
f 1895/3004/2603 1913/3005/2604 1894/3006/2605
f 1894/3006/2605 1913/3005/2604 1829/3007/2606
f 1894/3006/2605 1829/3007/2606 1828/3008/2607
f 1834/3009/2608 1907/3010/2609 1835/2988/2587
f 1835/2988/2587 1907/3010/2609 1906/3011/2610
f 1835/2988/2587 1906/3011/2610 1905/2990/2589
f 1905/2990/2589 1906/3011/2610 1834/3009/2608
f 1905/2990/2589 1834/3009/2608 1912/2992/2591
f 1912/2992/2591 1834/3009/2608 1833/2994/2593
f 1830/3000/2599 1829/3007/2606 1914/3002/2601
f 1914/3002/2601 1829/3007/2606 1913/3005/2604
f 1894/3006/2605 1828/3008/2607 1893/3012/2611
f 1893/3012/2611 1828/3008/2607 1827/3013/2612
f 1893/3012/2611 1827/3013/2612 1826/3014/2510
f 1896/3003/2602 1897/3015/2613 1915/3001/2600
f 1915/3001/2600 1897/3015/2613 1916/2999/2598
f 1897/3015/2613 1898/3016/2614 1916/2999/2598
f 1916/2999/2598 1898/3016/2614 1917/3017/2615
f 1916/2999/2598 1917/3017/2615 1908/2997/2596
f 1908/2997/2596 1917/3017/2615 1909/2995/2594
f 1898/3016/2614 1899/3018/2616 1917/3017/2615
f 1917/3017/2615 1899/3018/2616 1918/3019/2617
f 1917/3017/2615 1918/3019/2617 1909/2995/2594
f 1909/2995/2594 1918/3019/2617 1910/2993/2592
f 1918/3019/2617 1899/3018/2616 1920/3020/2618
f 1920/3020/2618 1899/3018/2616 1900/3021/2619
f 1920/3020/2618 1900/3021/2619 1904/3022/2620
f 1904/3022/2620 1900/3021/2619 1901/3023/2621
f 1904/3022/2620 1901/3023/2621 1903/2989/2588
f 1903/2989/2588 1901/3023/2621 1902/3024/2622
f 1904/3022/2620 1903/2989/2588 1919/3025/2623
f 1919/3025/2623 1903/2989/2588 1911/2991/2590
f 1919/3025/2623 1911/2991/2590 1910/2993/2592
f 1906/3011/2610 1907/3010/2609 1834/3009/2608
f 1919/3025/2623 1910/2993/2592 1918/3019/2617
f 1904/3022/2620 1919/3025/2623 1918/3019/2617
f 1920/3020/2618 1904/3022/2620 1918/3019/2617
f 674/3026/898 680/3027/899 675/3028/2624
f 675/3028/2624 680/3027/899 1872/3029/2625
f 1872/3029/2625 680/3027/899 1949/3030/2626
f 1872/3029/2625 1949/3030/2626 1924/3031/2627
f 1924/3031/2627 1949/3030/2626 1950/3032/2628
f 1924/3031/2627 1950/3032/2628 1873/3033/2629
f 1873/3033/2629 1950/3032/2628 1874/3034/2630
f 1874/3034/2630 1950/3032/2628 1948/3035/2631
f 1874/3034/2630 1948/3035/2631 1947/3036/2632
f 1947/3036/2632 1948/3035/2631 1943/3037/2633
f 1947/3036/2632 1943/3037/2633 1942/3038/2634
f 1942/3038/2634 1943/3037/2633 1934/3039/2635
f 1942/3038/2634 1934/3039/2635 1933/3040/2636
f 1933/3040/2636 1934/3039/2635 1929/3041/2637
f 1933/3040/2636 1929/3041/2637 1930/3042/2638
f 1930/3042/2638 1929/3041/2637 1896/3043/2639
f 1930/3042/2638 1896/3043/2639 1895/3044/2640
f 679/3045/900 1902/3046/2641 680/3027/899
f 680/3027/899 1902/3046/2641 1901/3047/2642
f 680/3027/899 1901/3047/2642 1923/3048/2643
f 1923/3048/2643 1901/3047/2642 1900/3049/2644
f 1923/3048/2643 1900/3049/2644 1938/3050/2645
f 1938/3050/2645 1900/3049/2644 1899/3051/2646
f 1938/3050/2645 1899/3051/2646 1926/3052/2647
f 1926/3052/2647 1899/3051/2646 1939/3053/2648
f 1926/3052/2647 1939/3053/2648 1927/3054/2649
f 1927/3054/2649 1939/3053/2648 1898/3055/2650
f 1927/3054/2649 1898/3055/2650 1928/3056/2651
f 1928/3056/2651 1898/3055/2650 1897/3057/2652
f 1928/3056/2651 1897/3057/2652 1929/3041/2637
f 1929/3041/2637 1897/3057/2652 1896/3043/2639
f 1899/3051/2646 1898/3055/2650 1939/3053/2648
f 1894/3058/2653 1931/3059/2654 1895/3044/2640
f 1895/3044/2640 1931/3059/2654 1932/3060/2655
f 1895/3044/2640 1932/3060/2655 1930/3042/2638
f 1930/3042/2638 1932/3060/2655 1933/3040/2636
f 1931/3059/2654 1894/3058/2653 1922/3061/2656
f 1922/3061/2656 1894/3058/2653 1893/3062/2657
f 1922/3061/2656 1893/3062/2657 1826/3063/2510
f 1825/3064/2508 1880/3065/2658 1826/3063/2510
f 1826/3063/2510 1880/3065/2658 1922/3061/2656
f 1880/3065/2658 1879/3066/2659 1922/3061/2656
f 1922/3061/2656 1879/3066/2659 1878/3067/2660
f 1922/3061/2656 1878/3067/2660 1931/3059/2654
f 1931/3059/2654 1878/3067/2660 1940/3068/2661
f 1931/3059/2654 1940/3068/2661 1932/3060/2655
f 1932/3060/2655 1940/3068/2661 1941/3069/2662
f 1932/3060/2655 1941/3069/2662 1933/3040/2636
f 1933/3040/2636 1941/3069/2662 1942/3038/2634
f 1878/3067/2660 1877/3070/2663 1940/3068/2661
f 1940/3068/2661 1877/3070/2663 1941/3069/2662
f 1877/3070/2663 1876/3071/2664 1941/3069/2662
f 1941/3069/2662 1876/3071/2664 1942/3038/2634
f 1942/3038/2634 1876/3071/2664 1946/3072/2665
f 1946/3072/2665 1876/3071/2664 1875/3073/2666
f 1946/3072/2665 1875/3073/2666 1947/3036/2632
f 1947/3036/2632 1875/3073/2666 1951/3074/2667
f 1947/3036/2632 1951/3074/2667 1874/3034/2630
f 1874/3034/2630 1951/3074/2667 1875/3073/2666
f 1873/3033/2629 1872/3029/2625 1924/3031/2627
f 1947/3036/2632 1942/3038/2634 1946/3072/2665
f 1921/3075/2668 680/3027/899 1945/3076/2669
f 1945/3076/2669 680/3027/899 1937/3077/2670
f 1945/3076/2669 1937/3077/2670 1936/3078/2671
f 1936/3078/2671 1937/3077/2670 1926/3052/2647
f 1936/3078/2671 1926/3052/2647 1927/3054/2649
f 1926/3052/2647 1937/3077/2670 1925/3079/2672
f 1925/3079/2672 1937/3077/2670 680/3027/899
f 1925/3079/2672 680/3027/899 1923/3048/2643
f 1923/3048/2643 1938/3050/2645 1925/3079/2672
f 1925/3079/2672 1938/3050/2645 1926/3052/2647
f 1927/3054/2649 1928/3056/2651 1935/3080/2673
f 1935/3080/2673 1928/3056/2651 1934/3039/2635
f 1935/3080/2673 1934/3039/2635 1943/3037/2633
f 1928/3056/2651 1929/3041/2637 1934/3039/2635
f 1927/3054/2649 1935/3080/2673 1936/3078/2671
f 1936/3078/2671 1935/3080/2673 1944/3081/2674
f 1936/3078/2671 1944/3081/2674 1945/3076/2669
f 1945/3076/2669 1944/3081/2674 1921/3075/2668
f 1944/3081/2674 1935/3080/2673 1943/3037/2633
f 1921/3075/2668 1944/3081/2674 1948/3035/2631
f 1948/3035/2631 1944/3081/2674 1943/3037/2633
f 680/3027/899 1921/3075/2668 1949/3030/2626
f 1949/3030/2626 1921/3075/2668 1948/3035/2631
f 1949/3030/2626 1948/3035/2631 1950/3032/2628
f 624/3082/842 647/3083/843 625/3084/2675
f 625/3084/2675 647/3083/843 656/3085/2676
f 625/3084/2675 656/3085/2676 1903/3086/2588
f 1903/3086/2588 656/3085/2676 1837/3087/2677
f 1903/3086/2588 1837/3087/2677 1836/3088/2586
f 1902/3089/2622 679/3090/2678 1903/3086/2588
f 1903/3086/2588 679/3090/2678 625/3084/2675
f 656/3091/858 655/3092/856 1837/3093/2547
f 1837/3093/2547 655/3092/856 1838/3094/2528
f 1838/3094/2528 655/3092/856 654/3095/850
f 1838/3094/2528 654/3095/850 678/3096/2530
f 678/3096/2530 654/3095/850 653/3097/849
f 1974/3098/2679 1952/3099/2680 1979/3100/2681
f 1979/3100/2681 1952/3099/2680 1953/3101/2682
f 1979/3100/2681 1953/3101/2682 1954/3102/2683
f 1954/3102/2683 1955/3103/2684 1979/3100/2681
f 1979/3100/2681 1955/3103/2684 1980/3104/2685
f 1979/3100/2681 1980/3104/2685 1973/3105/2686
f 1973/3105/2686 1980/3104/2685 1972/3106/2687
f 1972/3106/2687 1980/3104/2685 1981/3107/2688
f 1972/3106/2687 1981/3107/2688 1992/3108/2689
f 1992/3108/2689 1981/3107/2688 1982/3109/2690
f 1992/3108/2689 1982/3109/2690 1991/3110/2691
f 1991/3110/2691 1982/3109/2690 1983/3111/2692
f 1991/3110/2691 1983/3111/2692 1990/3112/2693
f 1990/3112/2693 1983/3111/2692 1984/3113/2694
f 1990/3112/2693 1984/3113/2694 1989/3114/2695
f 1989/3114/2695 1984/3113/2694 1985/3115/2696
f 1989/3114/2695 1985/3115/2696 1988/3116/2697
f 1988/3116/2697 1985/3115/2696 1986/3117/2698
f 1988/3116/2697 1986/3117/2698 1987/3118/2699
f 1987/3118/2699 1986/3117/2698 1965/3119/2700
f 1987/3118/2699 1965/3119/2700 1976/3120/2701
f 1976/3120/2701 1965/3119/2700 615/3121/2702
f 1976/3120/2701 615/3121/2702 1996/3122/2703
f 1996/3122/2703 615/3121/2702 1966/3123/2704
f 1996/3122/2703 1966/3123/2704 1975/3124/2705
f 1975/3124/2705 1966/3123/2704 1977/3125/2706
f 1975/3124/2705 1977/3125/2706 1967/3126/2707
f 1967/3126/2707 1977/3125/2706 1966/3123/2704
f 1955/3103/2684 1956/3127/2708 1980/3104/2685
f 1980/3104/2685 1956/3127/2708 1981/3107/2688
f 1956/3127/2708 1957/3128/2709 1981/3107/2688
f 1981/3107/2688 1957/3128/2709 1982/3109/2690
f 1957/3128/2709 1958/3129/2710 1982/3109/2690
f 1982/3109/2690 1958/3129/2710 1983/3111/2692
f 1958/3129/2710 1959/3130/2711 1983/3111/2692
f 1983/3111/2692 1959/3130/2711 1984/3113/2694
f 1984/3113/2694 1959/3130/2711 1993/3131/2712
f 1993/3131/2712 1959/3130/2711 1960/3132/2713
f 1993/3131/2712 1960/3132/2713 1994/3133/2714
f 1994/3133/2714 1960/3132/2713 1961/3134/2715
f 1994/3133/2714 1961/3134/2715 1978/3135/2716
f 1978/3135/2716 1961/3134/2715 1962/3136/2717
f 1978/3135/2716 1962/3136/2717 1965/3119/2700
f 1965/3119/2700 1962/3136/2717 1963/3137/2718
f 1965/3119/2700 1963/3137/2718 1964/3138/2719
f 615/3121/2702 614/3139/2720 1966/3123/2704
f 1968/3140/2721 1995/3141/2722 1967/3126/2707
f 1967/3126/2707 1995/3141/2722 1996/3122/2703
f 1967/3126/2707 1996/3122/2703 1975/3124/2705
f 1969/3142/2723 1998/3143/2724 1968/3140/2721
f 1968/3140/2721 1998/3143/2724 1988/3116/2697
f 1968/3140/2721 1988/3116/2697 1997/3144/2725
f 1997/3144/2725 1988/3116/2697 1987/3118/2699
f 1997/3144/2725 1987/3118/2699 1976/3120/2701
f 1970/3145/2726 1990/3112/2693 1969/3142/2723
f 1969/3142/2723 1990/3112/2693 1989/3114/2695
f 1969/3142/2723 1989/3114/2695 1998/3143/2724
f 1998/3143/2724 1989/3114/2695 1988/3116/2697
f 1990/3112/2693 1970/3145/2726 1991/3110/2691
f 1991/3110/2691 1970/3145/2726 1971/3146/2727
f 1991/3110/2691 1971/3146/2727 1992/3108/2689
f 1992/3108/2689 1971/3146/2727 1972/3106/2687
f 1973/3105/2686 1974/3098/2679 1979/3100/2681
f 1965/3119/2700 1986/3117/2698 1978/3135/2716
f 1978/3135/2716 1986/3117/2698 1985/3115/2696
f 1978/3135/2716 1985/3115/2696 1994/3133/2714
f 1994/3133/2714 1985/3115/2696 1984/3113/2694
f 1994/3133/2714 1984/3113/2694 1993/3131/2712
f 1976/3120/2701 1996/3122/2703 1995/3141/2722
f 1997/3144/2725 1976/3120/2701 1995/3141/2722
f 1995/3141/2722 1968/3140/2721 1997/3144/2725
f 612/3147/803 1999/3148/2728 613/3149/799
f 613/3149/799 1999/3148/2728 2015/3150/2729
f 613/3149/799 2015/3150/2729 2008/3151/2730
f 2008/3151/2730 2015/3150/2729 2014/3152/2731
f 2008/3151/2730 2014/3152/2731 2017/3153/2732
f 2017/3153/2732 2014/3152/2731 2013/3154/2733
f 2017/3153/2732 2013/3154/2733 2016/3155/2734
f 2016/3155/2734 2013/3154/2733 2012/3156/2735
f 2016/3155/2734 2012/3156/2735 1969/3157/2736
f 1969/3157/2736 2012/3156/2735 2018/3158/2737
f 1969/3157/2736 2018/3158/2737 1970/3159/2738
f 1970/3159/2738 2018/3158/2737 2012/3156/2735
f 1970/3159/2738 2012/3156/2735 2011/3160/2739
f 2011/3160/2739 2012/3156/2735 2003/3161/2740
f 2011/3160/2739 2003/3161/2740 2004/3162/2741
f 1999/3148/2728 2000/3163/2742 2015/3150/2729
f 2015/3150/2729 2000/3163/2742 2014/3152/2731
f 2000/3163/2742 2001/3164/2743 2014/3152/2731
f 2014/3152/2731 2001/3164/2743 2013/3154/2733
f 2001/3164/2743 2002/3165/2744 2013/3154/2733
f 2013/3154/2733 2002/3165/2744 2012/3156/2735
f 2002/3165/2744 2003/3161/2740 2012/3156/2735
f 2011/3160/2739 2004/3162/2741 2010/3166/2745
f 2010/3166/2745 2004/3162/2741 2005/3167/2746
f 2010/3166/2745 2005/3167/2746 2009/3168/2747
f 2009/3168/2747 2005/3167/2746 2006/3169/2748
f 2009/3168/2747 2006/3169/2748 1972/3170/2749
f 1972/3170/2749 2006/3169/2748 1973/3171/2750
f 1973/3171/2750 2006/3169/2748 2007/3172/2751
f 1973/3171/2750 2007/3172/2751 1974/3173/2752
f 1974/3173/2752 2007/3172/2751 1952/3174/2680
f 2009/3168/2747 1972/3170/2749 2010/3166/2745
f 2010/3166/2745 1972/3170/2749 1971/3175/2753
f 2010/3166/2745 1971/3175/2753 2011/3160/2739
f 2011/3160/2739 1971/3175/2753 1970/3159/2738
f 1969/3157/2736 1968/3176/2754 2016/3155/2734
f 2016/3155/2734 1968/3176/2754 2017/3153/2732
f 1968/3176/2754 1967/3177/2755 2017/3153/2732
f 2017/3153/2732 1967/3177/2755 2008/3151/2730
f 2008/3151/2730 1967/3177/2755 2019/3178/2756
f 2019/3178/2756 1967/3177/2755 1966/3179/2757
f 2019/3178/2756 1966/3179/2757 2008/3151/2730
f 2008/3151/2730 1966/3179/2757 613/3149/799
f 1966/3179/2757 614/3180/801 613/3149/799
f 1963/3181/2758 1962/3182/2759 2030/3183/2760
f 2030/3183/2760 1962/3182/2759 2032/3184/2761
f 2030/3183/2760 2032/3184/2761 2038/3185/2762
f 2038/3185/2762 2032/3184/2761 2039/3186/2763
f 2038/3185/2762 2039/3186/2763 2037/3187/2764
f 2037/3187/2764 2039/3186/2763 1960/3188/2765
f 2037/3187/2764 1960/3188/2765 2036/3189/2766
f 2036/3189/2766 1960/3188/2765 1959/3190/2767
f 2036/3189/2766 1959/3190/2767 2035/3191/2768
f 2035/3191/2768 1959/3190/2767 1958/3192/2769
f 2035/3191/2768 1958/3192/2769 2043/3193/2770
f 2043/3193/2770 1958/3192/2769 1957/3194/2771
f 2043/3193/2770 1957/3194/2771 2042/3195/2772
f 2042/3195/2772 1957/3194/2771 2041/3196/2773
f 2042/3195/2772 2041/3196/2773 2023/3197/2774
f 2023/3197/2774 2041/3196/2773 2022/3198/2775
f 2022/3198/2775 2041/3196/2773 2040/3199/2776
f 2022/3198/2775 2040/3199/2776 2021/3200/2777
f 2021/3200/2777 2040/3199/2776 1956/3201/2778
f 2021/3200/2777 1956/3201/2778 1955/3202/2779
f 1961/3203/2780 2034/3204/2781 1962/3182/2759
f 1962/3182/2759 2034/3204/2781 2033/3205/2782
f 1962/3182/2759 2033/3205/2782 2032/3184/2761
f 2032/3184/2761 2033/3205/2782 1961/3203/2780
f 2032/3184/2761 1961/3203/2780 2039/3186/2763
f 2039/3186/2763 1961/3203/2780 1960/3188/2765
f 1957/3194/2771 1956/3201/2778 2041/3196/2773
f 2041/3196/2773 1956/3201/2778 2040/3199/2776
f 2021/3200/2777 1955/3202/2779 2020/3206/2783
f 2020/3206/2783 1955/3202/2779 1954/3207/2784
f 2020/3206/2783 1954/3207/2784 1953/3208/2682
f 2023/3197/2774 2024/3209/2785 2042/3195/2772
f 2042/3195/2772 2024/3209/2785 2043/3193/2770
f 2024/3209/2785 2025/3210/2786 2043/3193/2770
f 2043/3193/2770 2025/3210/2786 2044/3211/2787
f 2043/3193/2770 2044/3211/2787 2035/3191/2768
f 2035/3191/2768 2044/3211/2787 2036/3189/2766
f 2025/3210/2786 2026/3212/2788 2044/3211/2787
f 2044/3211/2787 2026/3212/2788 2045/3213/2789
f 2044/3211/2787 2045/3213/2789 2036/3189/2766
f 2036/3189/2766 2045/3213/2789 2037/3187/2764
f 2045/3213/2789 2026/3212/2788 2047/3214/2790
f 2047/3214/2790 2026/3212/2788 2027/3215/2791
f 2047/3214/2790 2027/3215/2791 2031/3216/2792
f 2031/3216/2792 2027/3215/2791 2028/3217/2793
f 2031/3216/2792 2028/3217/2793 2030/3183/2760
f 2030/3183/2760 2028/3217/2793 2029/3218/2794
f 2031/3216/2792 2030/3183/2760 2046/3219/2795
f 2046/3219/2795 2030/3183/2760 2038/3185/2762
f 2046/3219/2795 2038/3185/2762 2037/3187/2764
f 2033/3205/2782 2034/3204/2781 1961/3203/2780
f 2046/3219/2795 2037/3187/2764 2045/3213/2789
f 2031/3216/2792 2046/3219/2795 2045/3213/2789
f 2047/3214/2790 2031/3216/2792 2045/3213/2789
f 611/3220/804 617/3221/805 612/3222/2796
f 612/3222/2796 617/3221/805 1999/3223/2797
f 1999/3223/2797 617/3221/805 2076/3224/2798
f 1999/3223/2797 2076/3224/2798 2051/3225/2799
f 2051/3225/2799 2076/3224/2798 2077/3226/2800
f 2051/3225/2799 2077/3226/2800 2000/3227/2801
f 2000/3227/2801 2077/3226/2800 2001/3228/2802
f 2001/3228/2802 2077/3226/2800 2075/3229/2803
f 2001/3228/2802 2075/3229/2803 2074/3230/2804
f 2074/3230/2804 2075/3229/2803 2070/3231/2805
f 2074/3230/2804 2070/3231/2805 2069/3232/2806
f 2069/3232/2806 2070/3231/2805 2061/3233/2807
f 2069/3232/2806 2061/3233/2807 2060/3234/2808
f 2060/3234/2808 2061/3233/2807 2056/3235/2809
f 2060/3234/2808 2056/3235/2809 2057/3236/2810
f 2057/3236/2810 2056/3235/2809 2023/3237/2811
f 2057/3236/2810 2023/3237/2811 2022/3238/2812
f 616/3239/806 2029/3240/2813 617/3221/805
f 617/3221/805 2029/3240/2813 2028/3241/2814
f 617/3221/805 2028/3241/2814 2050/3242/2815
f 2050/3242/2815 2028/3241/2814 2027/3243/2816
f 2050/3242/2815 2027/3243/2816 2065/3244/2817
f 2065/3244/2817 2027/3243/2816 2026/3245/2818
f 2065/3244/2817 2026/3245/2818 2053/3246/2819
f 2053/3246/2819 2026/3245/2818 2066/3247/2820
f 2053/3246/2819 2066/3247/2820 2054/3248/2821
f 2054/3248/2821 2066/3247/2820 2025/3249/2822
f 2054/3248/2821 2025/3249/2822 2055/3250/2823
f 2055/3250/2823 2025/3249/2822 2024/3251/2824
f 2055/3250/2823 2024/3251/2824 2056/3235/2809
f 2056/3235/2809 2024/3251/2824 2023/3237/2811
f 2026/3245/2818 2025/3249/2822 2066/3247/2820
f 2021/3252/2825 2058/3253/2826 2022/3238/2812
f 2022/3238/2812 2058/3253/2826 2059/3254/2827
f 2022/3238/2812 2059/3254/2827 2057/3236/2810
f 2057/3236/2810 2059/3254/2827 2060/3234/2808
f 2058/3253/2826 2021/3252/2825 2049/3255/2828
f 2049/3255/2828 2021/3252/2825 2020/3256/2829
f 2049/3255/2828 2020/3256/2829 1953/3257/2682
f 1952/3258/2680 2007/3259/2830 1953/3257/2682
f 1953/3257/2682 2007/3259/2830 2049/3255/2828
f 2007/3259/2830 2006/3260/2831 2049/3255/2828
f 2049/3255/2828 2006/3260/2831 2005/3261/2832
f 2049/3255/2828 2005/3261/2832 2058/3253/2826
f 2058/3253/2826 2005/3261/2832 2067/3262/2833
f 2058/3253/2826 2067/3262/2833 2059/3254/2827
f 2059/3254/2827 2067/3262/2833 2068/3263/2834
f 2059/3254/2827 2068/3263/2834 2060/3234/2808
f 2060/3234/2808 2068/3263/2834 2069/3232/2806
f 2005/3261/2832 2004/3264/2835 2067/3262/2833
f 2067/3262/2833 2004/3264/2835 2068/3263/2834
f 2004/3264/2835 2003/3265/2836 2068/3263/2834
f 2068/3263/2834 2003/3265/2836 2069/3232/2806
f 2069/3232/2806 2003/3265/2836 2073/3266/2837
f 2073/3266/2837 2003/3265/2836 2002/3267/2838
f 2073/3266/2837 2002/3267/2838 2074/3230/2804
f 2074/3230/2804 2002/3267/2838 2078/3268/2839
f 2074/3230/2804 2078/3268/2839 2001/3228/2802
f 2001/3228/2802 2078/3268/2839 2002/3267/2838
f 2000/3227/2801 1999/3223/2797 2051/3225/2799
f 2074/3230/2804 2069/3232/2806 2073/3266/2837
f 2048/3269/2840 617/3221/805 2072/3270/2841
f 2072/3270/2841 617/3221/805 2064/3271/2842
f 2072/3270/2841 2064/3271/2842 2063/3272/2843
f 2063/3272/2843 2064/3271/2842 2053/3246/2819
f 2063/3272/2843 2053/3246/2819 2054/3248/2821
f 2053/3246/2819 2064/3271/2842 2052/3273/2844
f 2052/3273/2844 2064/3271/2842 617/3221/805
f 2052/3273/2844 617/3221/805 2050/3242/2815
f 2050/3242/2815 2065/3244/2817 2052/3273/2844
f 2052/3273/2844 2065/3244/2817 2053/3246/2819
f 2054/3248/2821 2055/3250/2823 2062/3274/2845
f 2062/3274/2845 2055/3250/2823 2061/3233/2807
f 2062/3274/2845 2061/3233/2807 2070/3231/2805
f 2055/3250/2823 2056/3235/2809 2061/3233/2807
f 2054/3248/2821 2062/3274/2845 2063/3272/2843
f 2063/3272/2843 2062/3274/2845 2071/3275/2846
f 2063/3272/2843 2071/3275/2846 2072/3270/2841
f 2072/3270/2841 2071/3275/2846 2048/3269/2840
f 2071/3275/2846 2062/3274/2845 2070/3231/2805
f 2048/3269/2840 2071/3275/2846 2075/3229/2803
f 2075/3229/2803 2071/3275/2846 2070/3231/2805
f 617/3221/805 2048/3269/2840 2076/3224/2798
f 2076/3224/2798 2048/3269/2840 2075/3229/2803
f 2076/3224/2798 2075/3229/2803 2077/3226/2800
f 561/3276/748 584/3277/749 562/3278/2847
f 562/3278/2847 584/3277/749 593/3279/2848
f 562/3278/2847 593/3279/2848 2030/3280/2760
f 2030/3280/2760 593/3279/2848 1964/3281/2849
f 2030/3280/2760 1964/3281/2849 1963/3282/2758
f 2029/3283/2794 616/3284/2850 2030/3280/2760
f 2030/3280/2760 616/3284/2850 562/3278/2847
f 593/3285/764 592/3286/762 1964/3287/2719
f 1964/3287/2719 592/3286/762 1965/3288/2700
f 1965/3288/2700 592/3286/762 591/3289/756
f 1965/3288/2700 591/3289/756 615/3290/2702
f 615/3290/2702 591/3289/756 590/3291/755
f 2080/3292/2851 2081/3293/2852 2079/3294/2853
f 2079/3294/2853 2081/3293/2852 2102/3295/2854
f 2079/3294/2853 2102/3295/2854 2099/3296/2855
f 2099/3296/2855 2102/3295/2854 2098/3297/2856
f 2098/3297/2856 2102/3295/2854 2103/3298/2857
f 2098/3297/2856 2103/3298/2857 2097/3299/2858
f 2097/3299/2858 2103/3298/2857 2104/3300/2859
f 2097/3299/2858 2104/3300/2859 2105/3301/2860
f 2105/3301/2860 2104/3300/2859 2114/3302/2861
f 2105/3301/2860 2114/3302/2861 2115/3303/2862
f 2115/3303/2862 2114/3302/2861 2085/3304/2863
f 2115/3303/2862 2085/3304/2863 2086/3305/2864
f 2081/3293/2852 2082/3306/2865 2102/3295/2854
f 2102/3295/2854 2082/3306/2865 2083/3307/2866
f 2102/3295/2854 2083/3307/2866 2103/3298/2857
f 2103/3298/2857 2083/3307/2866 2113/3308/2867
f 2103/3298/2857 2113/3308/2867 2104/3300/2859
f 2104/3300/2859 2113/3308/2867 2114/3302/2861
f 2083/3307/2866 2084/3309/2868 2113/3308/2867
f 2113/3308/2867 2084/3309/2868 2114/3302/2861
f 2084/3309/2868 2085/3304/2863 2114/3302/2861
f 2087/3310/2869 2119/3311/2870 2086/3305/2864
f 2086/3305/2864 2119/3311/2870 2116/3312/2871
f 2086/3305/2864 2116/3312/2871 2115/3303/2862
f 2115/3303/2862 2116/3312/2871 2106/3313/2872
f 2115/3303/2862 2106/3313/2872 2105/3301/2860
f 2105/3301/2860 2106/3313/2872 2096/3314/2873
f 2105/3301/2860 2096/3314/2873 2097/3299/2858
f 2088/3315/2874 2122/3316/2875 2087/3310/2869
f 2087/3310/2869 2122/3316/2875 2120/3317/2876
f 2087/3310/2869 2120/3317/2876 2119/3311/2870
f 2119/3311/2870 2120/3317/2876 2116/3312/2871
f 2089/3318/2877 2100/3319/2878 2088/3315/2874
f 2088/3315/2874 2100/3319/2878 2123/3320/2879
f 2088/3315/2874 2123/3320/2879 2121/3321/2880
f 2121/3321/2880 2123/3320/2879 2089/3318/2877
f 2121/3321/2880 2089/3318/2877 2101/3322/2881
f 2101/3322/2881 2089/3318/2877 1502/3323/2060
f 2101/3322/2881 1502/3323/2060 2118/3324/2882
f 2118/3324/2882 1502/3323/2060 2109/3325/2883
f 2118/3324/2882 2109/3325/2883 2108/3326/2884
f 2108/3326/2884 2109/3325/2883 2111/3327/2885
f 2108/3326/2884 2111/3327/2885 2112/3328/2886
f 2112/3328/2886 2111/3327/2885 2093/3329/2887
f 2112/3328/2886 2093/3329/2887 2094/3330/2888
f 2089/3318/2877 2090/3331/2889 1502/3323/2060
f 1502/3323/2060 2090/3331/2889 1503/3332/2059
f 1501/3333/2061 1507/3334/2890 1502/3323/2060
f 1502/3323/2060 1507/3334/2890 2091/3335/2891
f 1502/3323/2060 2091/3335/2891 2110/3336/2892
f 2110/3336/2892 2091/3335/2891 2092/3337/2893
f 2110/3336/2892 2092/3337/2893 2111/3327/2885
f 2111/3327/2885 2092/3337/2893 2093/3329/2887
f 2112/3328/2886 2094/3330/2888 2107/3338/2894
f 2107/3338/2894 2094/3330/2888 2095/3339/2895
f 2107/3338/2894 2095/3339/2895 2106/3313/2872
f 2106/3313/2872 2095/3339/2895 2096/3314/2873
f 2100/3319/2878 2089/3318/2877 2123/3320/2879
f 2112/3328/2886 2107/3338/2894 2108/3326/2884
f 2108/3326/2884 2107/3338/2894 2117/3340/2896
f 2108/3326/2884 2117/3340/2896 2118/3324/2882
f 2118/3324/2882 2117/3340/2896 2101/3322/2881
f 2117/3340/2896 2107/3338/2894 2116/3312/2871
f 2116/3312/2871 2107/3338/2894 2106/3313/2872
f 2110/3336/2892 2111/3327/2885 2109/3325/2883
f 2109/3325/2883 1502/3323/2060 2110/3336/2892
f 2101/3322/2881 2117/3340/2896 2120/3317/2876
f 2120/3317/2876 2117/3340/2896 2116/3312/2871
f 2121/3321/2880 2101/3322/2881 2120/3317/2876
f 2088/3315/2874 2121/3321/2880 2122/3316/2875
f 2122/3316/2875 2121/3321/2880 2120/3317/2876
f 2080/3341/2851 2124/3342/2897 2081/3343/2898
f 2081/3343/2898 2124/3342/2897 2082/3344/2899
f 2082/3344/2899 2124/3342/2897 2125/3345/2900
f 2082/3344/2899 2125/3345/2900 2083/3346/2901
f 2083/3346/2901 2125/3345/2900 2140/3347/2902
f 2083/3346/2901 2140/3347/2902 2141/3348/2903
f 2141/3348/2903 2140/3347/2902 2126/3349/2904
f 2141/3348/2903 2126/3349/2904 2127/3350/2905
f 2125/3345/2900 2126/3349/2904 2140/3347/2902
f 2141/3348/2903 2127/3350/2905 2142/3351/2906
f 2142/3351/2906 2127/3350/2905 2128/3352/2907
f 2142/3351/2906 2128/3352/2907 2143/3353/2908
f 2143/3353/2908 2128/3352/2907 2129/3354/2909
f 2143/3353/2908 2129/3354/2909 2139/3355/2910
f 2139/3355/2910 2129/3354/2909 2130/3356/2911
f 2139/3355/2910 2130/3356/2911 2137/3357/2912
f 2137/3357/2912 2130/3356/2911 2131/3358/2913
f 2137/3357/2912 2131/3358/2913 2135/3359/2914
f 2135/3359/2914 2131/3358/2913 2132/3360/2915
f 2135/3359/2914 2132/3360/2915 2134/3361/2916
f 2134/3361/2916 2132/3360/2915 2133/3362/2917
f 2090/3363/2918 2089/3364/2919 2134/3361/2916
f 2134/3361/2916 2089/3364/2919 2136/3365/2920
f 2134/3361/2916 2136/3365/2920 2135/3359/2914
f 2135/3359/2914 2136/3365/2920 2138/3366/2921
f 2135/3359/2914 2138/3366/2921 2137/3357/2912
f 2137/3357/2912 2138/3366/2921 2087/3367/2922
f 2137/3357/2912 2087/3367/2922 2144/3368/2923
f 2144/3368/2923 2087/3367/2922 2086/3369/2924
f 2144/3368/2923 2086/3369/2924 2139/3355/2910
f 2139/3355/2910 2086/3369/2924 2143/3353/2908
f 2136/3365/2920 2089/3364/2919 2146/3370/2925
f 2146/3370/2925 2089/3364/2919 2088/3371/2926
f 2146/3370/2925 2088/3371/2926 2136/3365/2920
f 2136/3365/2920 2088/3371/2926 2138/3366/2921
f 2088/3371/2926 2087/3367/2922 2138/3366/2921
f 2143/3353/2908 2086/3369/2924 2145/3372/2927
f 2145/3372/2927 2086/3369/2924 2085/3373/2928
f 2145/3372/2927 2085/3373/2928 2143/3353/2908
f 2143/3353/2908 2085/3373/2928 2142/3351/2906
f 2085/3373/2928 2084/3374/2929 2142/3351/2906
f 2142/3351/2906 2084/3374/2929 2141/3348/2903
f 2084/3374/2929 2083/3346/2901 2141/3348/2903
f 2139/3355/2910 2137/3357/2912 2144/3368/2923
f 2079/3375/2853 2099/3376/2930 2155/3377/2931
f 2155/3377/2931 2099/3376/2930 2098/3378/2932
f 2155/3377/2931 2098/3378/2932 2154/3379/2933
f 2154/3379/2933 2098/3378/2932 2097/3380/2934
f 2154/3379/2933 2097/3380/2934 2164/3381/2935
f 2164/3381/2935 2097/3380/2934 2163/3382/2936
f 2164/3381/2935 2163/3382/2936 2153/3383/2937
f 2153/3383/2937 2163/3382/2936 2152/3384/2938
f 2152/3384/2938 2163/3382/2936 2162/3385/2939
f 2152/3384/2938 2162/3385/2939 2161/3386/2940
f 2161/3386/2940 2162/3385/2939 2095/3387/2941
f 2161/3386/2940 2095/3387/2941 2165/3388/2942
f 2165/3388/2942 2095/3387/2941 2094/3389/2943
f 2165/3388/2942 2094/3389/2943 2166/3390/2944
f 2166/3390/2944 2094/3389/2943 2093/3391/2945
f 2166/3390/2944 2093/3391/2945 2167/3392/2946
f 2167/3392/2946 2093/3391/2945 2169/3393/2947
f 2167/3392/2946 2169/3393/2947 2156/3394/2948
f 2156/3394/2948 2169/3393/2947 2092/3395/2949
f 2156/3394/2948 2092/3395/2949 2170/3396/2950
f 2170/3396/2950 2092/3395/2949 2171/3397/2951
f 2170/3396/2950 2171/3397/2951 2091/3398/2952
f 2091/3398/2952 2171/3397/2951 2092/3395/2949
f 2097/3380/2934 2096/3399/2953 2163/3382/2936
f 2163/3382/2936 2096/3399/2953 2162/3385/2939
f 2096/3399/2953 2095/3387/2941 2162/3385/2939
f 2093/3391/2945 2092/3395/2949 2169/3393/2947
f 1507/3400/2066 1506/3401/2064 2091/3398/2952
f 2091/3398/2952 1506/3401/2064 2156/3394/2948
f 2091/3398/2952 2156/3394/2948 2170/3396/2950
f 1505/3402/2068 2147/3403/2954 1506/3401/2064
f 1506/3401/2064 2147/3403/2954 2157/3404/2955
f 1506/3401/2064 2157/3404/2955 2158/3405/2956
f 2158/3405/2956 2157/3404/2955 2172/3406/2957
f 2158/3405/2956 2172/3406/2957 2159/3407/2958
f 2159/3407/2958 2172/3406/2957 2149/3408/2959
f 2159/3407/2958 2149/3408/2959 2160/3409/2960
f 2160/3409/2960 2149/3408/2959 2150/3410/2961
f 2160/3409/2960 2150/3410/2961 2161/3386/2940
f 2161/3386/2940 2150/3410/2961 2151/3411/2962
f 2161/3386/2940 2151/3411/2962 2152/3384/2938
f 2147/3403/2954 2148/3412/2963 2157/3404/2955
f 2157/3404/2955 2148/3412/2963 2172/3406/2957
f 2148/3412/2963 2149/3408/2959 2172/3406/2957
f 2153/3383/2937 2154/3379/2933 2164/3381/2935
f 2156/3394/2948 1506/3401/2064 2168/3413/2964
f 2168/3413/2964 1506/3401/2064 2158/3405/2956
f 2168/3413/2964 2158/3405/2956 2159/3407/2958
f 2166/3390/2944 2167/3392/2946 2160/3409/2960
f 2160/3409/2960 2167/3392/2946 2159/3407/2958
f 2165/3388/2942 2166/3390/2944 2161/3386/2940
f 2161/3386/2940 2166/3390/2944 2160/3409/2960
f 2156/3394/2948 2168/3413/2964 2167/3392/2946
f 2167/3392/2946 2168/3413/2964 2159/3407/2958
f 1504/3414/2965 2173/3415/2966 1505/3416/2967
f 1505/3416/2967 2173/3415/2966 2147/3417/2968
f 2147/3417/2968 2173/3415/2966 2175/3418/2969
f 2147/3417/2968 2175/3418/2969 2148/3419/2970
f 2148/3419/2970 2175/3418/2969 2176/3420/2971
f 2148/3419/2970 2176/3420/2971 2149/3421/2972
f 2149/3421/2972 2176/3420/2971 2177/3422/2973
f 2149/3421/2972 2177/3422/2973 2150/3423/2974
f 2150/3423/2974 2177/3422/2973 2203/3424/2975
f 2150/3423/2974 2203/3424/2975 2202/3425/2976
f 2202/3425/2976 2203/3424/2975 2188/3426/2977
f 2202/3425/2976 2188/3426/2977 2187/3427/2978
f 2187/3427/2978 2188/3426/2977 2182/3428/2979
f 2187/3427/2978 2182/3428/2979 2183/3429/2980
f 2183/3429/2980 2182/3428/2979 2127/3430/2981
f 2183/3429/2980 2127/3430/2981 2126/3431/2982
f 2174/3432/2983 2133/3433/2984 2173/3415/2966
f 2173/3415/2966 2133/3433/2984 2132/3434/2985
f 2173/3415/2966 2132/3434/2985 2195/3435/2986
f 2195/3435/2986 2132/3434/2985 2196/3436/2987
f 2195/3435/2986 2196/3436/2987 2131/3437/2988
f 2131/3437/2988 2196/3436/2987 2132/3434/2985
f 2195/3435/2986 2131/3437/2988 2192/3438/2989
f 2192/3438/2989 2131/3437/2988 2130/3439/2990
f 2192/3438/2989 2130/3439/2990 2198/3440/2991
f 2198/3440/2991 2130/3439/2990 2193/3441/2992
f 2198/3440/2991 2193/3441/2992 2180/3442/2993
f 2180/3442/2993 2193/3441/2992 2181/3443/2994
f 2180/3442/2993 2181/3443/2994 2189/3444/2995
f 2189/3444/2995 2181/3443/2994 2188/3426/2977
f 2189/3444/2995 2188/3426/2977 2203/3424/2975
f 2193/3441/2992 2130/3439/2990 2199/3445/2996
f 2199/3445/2996 2130/3439/2990 2129/3446/2997
f 2199/3445/2996 2129/3446/2997 2193/3441/2992
f 2193/3441/2992 2129/3446/2997 2197/3447/2998
f 2193/3441/2992 2197/3447/2998 2181/3443/2994
f 2181/3443/2994 2197/3447/2998 2128/3448/2999
f 2181/3443/2994 2128/3448/2999 2182/3428/2979
f 2182/3428/2979 2128/3448/2999 2127/3430/2981
f 2129/3446/2997 2128/3448/2999 2197/3447/2998
f 2125/3449/3000 2185/3450/3001 2126/3431/2982
f 2126/3431/2982 2185/3450/3001 2186/3451/3002
f 2126/3431/2982 2186/3451/3002 2183/3429/2980
f 2183/3429/2980 2186/3451/3002 2187/3427/2978
f 2185/3450/3001 2125/3449/3000 2184/3452/3003
f 2184/3452/3003 2125/3449/3000 2124/3453/3004
f 2184/3452/3003 2124/3453/3004 2080/3454/2851
f 2080/3454/2851 2079/3455/2853 2184/3452/3003
f 2184/3452/3003 2079/3455/2853 2155/3456/3005
f 2184/3452/3003 2155/3456/3005 2154/3457/3006
f 2154/3457/3006 2153/3458/3007 2184/3452/3003
f 2184/3452/3003 2153/3458/3007 2185/3450/3001
f 2185/3450/3001 2153/3458/3007 2200/3459/3008
f 2200/3459/3008 2153/3458/3007 2152/3460/3009
f 2200/3459/3008 2152/3460/3009 2201/3461/3010
f 2201/3461/3010 2152/3460/3009 2151/3462/3011
f 2201/3461/3010 2151/3462/3011 2202/3425/2976
f 2202/3425/2976 2151/3462/3011 2150/3423/2974
f 2173/3415/2966 2194/3463/3012 2178/3464/3013
f 2178/3464/3013 2194/3463/3012 2179/3465/3014
f 2178/3464/3013 2179/3465/3014 2191/3466/3015
f 2191/3466/3015 2179/3465/3014 2190/3467/3016
f 2191/3466/3015 2190/3467/3016 2205/3468/3017
f 2205/3468/3017 2190/3467/3016 2204/3469/3018
f 2205/3468/3017 2204/3469/3018 2175/3418/2969
f 2175/3418/2969 2204/3469/3018 2176/3420/2971
f 2175/3418/2969 2173/3415/2966 2205/3468/3017
f 2205/3468/3017 2173/3415/2966 2191/3466/3015
f 2203/3424/2975 2177/3422/2973 2176/3420/2971
f 2203/3424/2975 2176/3420/2971 2204/3469/3018
f 2173/3415/2966 2178/3464/3013 2191/3466/3015
f 2179/3465/3014 2180/3442/2993 2190/3467/3016
f 2190/3467/3016 2180/3442/2993 2189/3444/2995
f 2190/3467/3016 2189/3444/2995 2204/3469/3018
f 2204/3469/3018 2189/3444/2995 2203/3424/2975
f 2180/3442/2993 2179/3465/3014 2198/3440/2991
f 2198/3440/2991 2179/3465/3014 2194/3463/3012
f 2198/3440/2991 2194/3463/3012 2195/3435/2986
f 2195/3435/2986 2194/3463/3012 2173/3415/2966
f 2181/3443/2994 2182/3428/2979 2188/3426/2977
f 2185/3450/3001 2200/3459/3008 2186/3451/3002
f 2186/3451/3002 2200/3459/3008 2201/3461/3010
f 2186/3451/3002 2201/3461/3010 2187/3427/2978
f 2187/3427/2978 2201/3461/3010 2202/3425/2976
f 2198/3440/2991 2195/3435/2986 2192/3438/2989
f 1467/3470/2003 1466/3471/2001 1504/3472/2965
f 1504/3472/2965 1466/3471/2001 2173/3473/2966
f 2173/3473/2966 1466/3471/2001 1465/3474/1995
f 2173/3473/2966 1465/3474/1995 2174/3475/2983
f 2174/3475/2983 1465/3474/1995 1464/3476/1994
f 1452/3477/1987 1451/3478/1988 1464/3479/3019
f 1464/3479/3019 1451/3478/1988 1495/3480/3020
f 1464/3479/3019 1495/3480/3020 2134/3481/2916
f 2134/3481/2916 1495/3480/3020 1503/3482/3021
f 2134/3481/2916 1503/3482/3021 2090/3483/2918
f 2133/3484/2917 2174/3485/3022 2134/3481/2916
f 2134/3481/2916 2174/3485/3022 1464/3479/3019
f 2228/3486/3023 2206/3487/3024 2233/3488/3025
f 2233/3488/3025 2206/3487/3024 2207/3489/3026
f 2233/3488/3025 2207/3489/3026 2208/3490/3027
f 2208/3490/3027 2209/3491/3028 2233/3488/3025
f 2233/3488/3025 2209/3491/3028 2234/3492/3029
f 2233/3488/3025 2234/3492/3029 2227/3493/3030
f 2227/3493/3030 2234/3492/3029 2226/3494/3031
f 2226/3494/3031 2234/3492/3029 2235/3495/3032
f 2226/3494/3031 2235/3495/3032 2246/3496/3033
f 2246/3496/3033 2235/3495/3032 2236/3497/3034
f 2246/3496/3033 2236/3497/3034 2245/3498/3035
f 2245/3498/3035 2236/3497/3034 2237/3499/3036
f 2245/3498/3035 2237/3499/3036 2244/3500/3037
f 2244/3500/3037 2237/3499/3036 2238/3501/3038
f 2244/3500/3037 2238/3501/3038 2243/3502/3039
f 2243/3502/3039 2238/3501/3038 2239/3503/3040
f 2243/3502/3039 2239/3503/3040 2242/3504/3041
f 2242/3504/3041 2239/3503/3040 2240/3505/3042
f 2242/3504/3041 2240/3505/3042 2241/3506/3043
f 2241/3506/3043 2240/3505/3042 2219/3507/3044
f 2241/3506/3043 2219/3507/3044 2230/3508/3045
f 2230/3508/3045 2219/3507/3044 867/3509/3046
f 2230/3508/3045 867/3509/3046 2250/3510/3047
f 2250/3510/3047 867/3509/3046 2220/3511/3048
f 2250/3510/3047 2220/3511/3048 2229/3512/3049
f 2229/3512/3049 2220/3511/3048 2231/3513/3050
f 2229/3512/3049 2231/3513/3050 2221/3514/3051
f 2221/3514/3051 2231/3513/3050 2220/3511/3048
f 2209/3491/3028 2210/3515/3052 2234/3492/3029
f 2234/3492/3029 2210/3515/3052 2235/3495/3032
f 2210/3515/3052 2211/3516/3053 2235/3495/3032
f 2235/3495/3032 2211/3516/3053 2236/3497/3034
f 2211/3516/3053 2212/3517/3054 2236/3497/3034
f 2236/3497/3034 2212/3517/3054 2237/3499/3036
f 2212/3517/3054 2213/3518/3055 2237/3499/3036
f 2237/3499/3036 2213/3518/3055 2238/3501/3038
f 2238/3501/3038 2213/3518/3055 2247/3519/3056
f 2247/3519/3056 2213/3518/3055 2214/3520/3057
f 2247/3519/3056 2214/3520/3057 2248/3521/3058
f 2248/3521/3058 2214/3520/3057 2215/3522/3059
f 2248/3521/3058 2215/3522/3059 2232/3523/3060
f 2232/3523/3060 2215/3522/3059 2216/3524/3061
f 2232/3523/3060 2216/3524/3061 2219/3507/3044
f 2219/3507/3044 2216/3524/3061 2217/3525/3062
f 2219/3507/3044 2217/3525/3062 2218/3526/3063
f 867/3509/3046 866/3527/3064 2220/3511/3048
f 2222/3528/3065 2249/3529/3066 2221/3514/3051
f 2221/3514/3051 2249/3529/3066 2250/3510/3047
f 2221/3514/3051 2250/3510/3047 2229/3512/3049
f 2223/3530/3067 2252/3531/3068 2222/3528/3065
f 2222/3528/3065 2252/3531/3068 2242/3504/3041
f 2222/3528/3065 2242/3504/3041 2251/3532/3069
f 2251/3532/3069 2242/3504/3041 2241/3506/3043
f 2251/3532/3069 2241/3506/3043 2230/3508/3045
f 2224/3533/3070 2244/3500/3037 2223/3530/3067
f 2223/3530/3067 2244/3500/3037 2243/3502/3039
f 2223/3530/3067 2243/3502/3039 2252/3531/3068
f 2252/3531/3068 2243/3502/3039 2242/3504/3041
f 2244/3500/3037 2224/3533/3070 2245/3498/3035
f 2245/3498/3035 2224/3533/3070 2225/3534/3071
f 2245/3498/3035 2225/3534/3071 2246/3496/3033
f 2246/3496/3033 2225/3534/3071 2226/3494/3031
f 2227/3493/3030 2228/3486/3023 2233/3488/3025
f 2219/3507/3044 2240/3505/3042 2232/3523/3060
f 2232/3523/3060 2240/3505/3042 2239/3503/3040
f 2232/3523/3060 2239/3503/3040 2248/3521/3058
f 2248/3521/3058 2239/3503/3040 2238/3501/3038
f 2248/3521/3058 2238/3501/3038 2247/3519/3056
f 2230/3508/3045 2250/3510/3047 2249/3529/3066
f 2251/3532/3069 2230/3508/3045 2249/3529/3066
f 2249/3529/3066 2222/3528/3065 2251/3532/3069
f 864/3535/1179 2253/3536/3072 865/3537/1175
f 865/3537/1175 2253/3536/3072 2269/3538/3073
f 865/3537/1175 2269/3538/3073 2262/3539/3074
f 2262/3539/3074 2269/3538/3073 2268/3540/3075
f 2262/3539/3074 2268/3540/3075 2271/3541/3076
f 2271/3541/3076 2268/3540/3075 2267/3542/3077
f 2271/3541/3076 2267/3542/3077 2270/3543/3078
f 2270/3543/3078 2267/3542/3077 2266/3544/3079
f 2270/3543/3078 2266/3544/3079 2223/3545/3080
f 2223/3545/3080 2266/3544/3079 2272/3546/3081
f 2223/3545/3080 2272/3546/3081 2224/3547/3082
f 2224/3547/3082 2272/3546/3081 2266/3544/3079
f 2224/3547/3082 2266/3544/3079 2265/3548/3083
f 2265/3548/3083 2266/3544/3079 2257/3549/3084
f 2265/3548/3083 2257/3549/3084 2258/3550/3085
f 2253/3536/3072 2254/3551/3086 2269/3538/3073
f 2269/3538/3073 2254/3551/3086 2268/3540/3075
f 2254/3551/3086 2255/3552/3087 2268/3540/3075
f 2268/3540/3075 2255/3552/3087 2267/3542/3077
f 2255/3552/3087 2256/3553/3088 2267/3542/3077
f 2267/3542/3077 2256/3553/3088 2266/3544/3079
f 2256/3553/3088 2257/3549/3084 2266/3544/3079
f 2265/3548/3083 2258/3550/3085 2264/3554/3089
f 2264/3554/3089 2258/3550/3085 2259/3555/3090
f 2264/3554/3089 2259/3555/3090 2263/3556/3091
f 2263/3556/3091 2259/3555/3090 2260/3557/3092
f 2263/3556/3091 2260/3557/3092 2226/3558/3093
f 2226/3558/3093 2260/3557/3092 2227/3559/3094
f 2227/3559/3094 2260/3557/3092 2261/3560/3095
f 2227/3559/3094 2261/3560/3095 2228/3561/3096
f 2228/3561/3096 2261/3560/3095 2206/3562/3024
f 2263/3556/3091 2226/3558/3093 2264/3554/3089
f 2264/3554/3089 2226/3558/3093 2225/3563/3097
f 2264/3554/3089 2225/3563/3097 2265/3548/3083
f 2265/3548/3083 2225/3563/3097 2224/3547/3082
f 2223/3545/3080 2222/3564/3098 2270/3543/3078
f 2270/3543/3078 2222/3564/3098 2271/3541/3076
f 2222/3564/3098 2221/3565/3099 2271/3541/3076
f 2271/3541/3076 2221/3565/3099 2262/3539/3074
f 2262/3539/3074 2221/3565/3099 2273/3566/3100
f 2273/3566/3100 2221/3565/3099 2220/3567/3101
f 2273/3566/3100 2220/3567/3101 2262/3539/3074
f 2262/3539/3074 2220/3567/3101 865/3537/1175
f 2220/3567/3101 866/3568/1177 865/3537/1175
f 2217/3569/3102 2216/3570/3103 2284/3571/3104
f 2284/3571/3104 2216/3570/3103 2286/3572/3105
f 2284/3571/3104 2286/3572/3105 2292/3573/3106
f 2292/3573/3106 2286/3572/3105 2293/3574/3107
f 2292/3573/3106 2293/3574/3107 2291/3575/3108
f 2291/3575/3108 2293/3574/3107 2214/3576/3109
f 2291/3575/3108 2214/3576/3109 2290/3577/3110
f 2290/3577/3110 2214/3576/3109 2213/3578/3111
f 2290/3577/3110 2213/3578/3111 2289/3579/3112
f 2289/3579/3112 2213/3578/3111 2212/3580/3113
f 2289/3579/3112 2212/3580/3113 2297/3581/3114
f 2297/3581/3114 2212/3580/3113 2211/3582/3115
f 2297/3581/3114 2211/3582/3115 2296/3583/3116
f 2296/3583/3116 2211/3582/3115 2295/3584/3117
f 2296/3583/3116 2295/3584/3117 2277/3585/3118
f 2277/3585/3118 2295/3584/3117 2276/3586/3119
f 2276/3586/3119 2295/3584/3117 2294/3587/3120
f 2276/3586/3119 2294/3587/3120 2275/3588/3121
f 2275/3588/3121 2294/3587/3120 2210/3589/3122
f 2275/3588/3121 2210/3589/3122 2209/3590/3123
f 2215/3591/3124 2288/3592/3125 2216/3570/3103
f 2216/3570/3103 2288/3592/3125 2287/3593/3126
f 2216/3570/3103 2287/3593/3126 2286/3572/3105
f 2286/3572/3105 2287/3593/3126 2215/3591/3124
f 2286/3572/3105 2215/3591/3124 2293/3574/3107
f 2293/3574/3107 2215/3591/3124 2214/3576/3109
f 2211/3582/3115 2210/3589/3122 2295/3584/3117
f 2295/3584/3117 2210/3589/3122 2294/3587/3120
f 2275/3588/3121 2209/3590/3123 2274/3594/3127
f 2274/3594/3127 2209/3590/3123 2208/3595/3128
f 2274/3594/3127 2208/3595/3128 2207/3596/3026
f 2277/3585/3118 2278/3597/3129 2296/3583/3116
f 2296/3583/3116 2278/3597/3129 2297/3581/3114
f 2278/3597/3129 2279/3598/3130 2297/3581/3114
f 2297/3581/3114 2279/3598/3130 2298/3599/3131
f 2297/3581/3114 2298/3599/3131 2289/3579/3112
f 2289/3579/3112 2298/3599/3131 2290/3577/3110
f 2279/3598/3130 2280/3600/3132 2298/3599/3131
f 2298/3599/3131 2280/3600/3132 2299/3601/3133
f 2298/3599/3131 2299/3601/3133 2290/3577/3110
f 2290/3577/3110 2299/3601/3133 2291/3575/3108
f 2299/3601/3133 2280/3600/3132 2301/3602/3134
f 2301/3602/3134 2280/3600/3132 2281/3603/3135
f 2301/3602/3134 2281/3603/3135 2285/3604/3136
f 2285/3604/3136 2281/3603/3135 2282/3605/3137
f 2285/3604/3136 2282/3605/3137 2284/3571/3104
f 2284/3571/3104 2282/3605/3137 2283/3606/3138
f 2285/3604/3136 2284/3571/3104 2300/3607/3139
f 2300/3607/3139 2284/3571/3104 2292/3573/3106
f 2300/3607/3139 2292/3573/3106 2291/3575/3108
f 2287/3593/3126 2288/3592/3125 2215/3591/3124
f 2300/3607/3139 2291/3575/3108 2299/3601/3133
f 2285/3604/3136 2300/3607/3139 2299/3601/3133
f 2301/3602/3134 2285/3604/3136 2299/3601/3133
f 863/3608/1180 869/3609/1181 864/3610/3140
f 864/3610/3140 869/3609/1181 2253/3611/3141
f 2253/3611/3141 869/3609/1181 2330/3612/3142
f 2253/3611/3141 2330/3612/3142 2305/3613/3143
f 2305/3613/3143 2330/3612/3142 2331/3614/3144
f 2305/3613/3143 2331/3614/3144 2254/3615/3145
f 2254/3615/3145 2331/3614/3144 2255/3616/3146
f 2255/3616/3146 2331/3614/3144 2329/3617/3147
f 2255/3616/3146 2329/3617/3147 2328/3618/3148
f 2328/3618/3148 2329/3617/3147 2324/3619/3149
f 2328/3618/3148 2324/3619/3149 2323/3620/3150
f 2323/3620/3150 2324/3619/3149 2315/3621/3151
f 2323/3620/3150 2315/3621/3151 2314/3622/3152
f 2314/3622/3152 2315/3621/3151 2310/3623/3153
f 2314/3622/3152 2310/3623/3153 2311/3624/3154
f 2311/3624/3154 2310/3623/3153 2277/3625/3155
f 2311/3624/3154 2277/3625/3155 2276/3626/3156
f 868/3627/1182 2283/3628/3157 869/3609/1181
f 869/3609/1181 2283/3628/3157 2282/3629/3158
f 869/3609/1181 2282/3629/3158 2304/3630/3159
f 2304/3630/3159 2282/3629/3158 2281/3631/3160
f 2304/3630/3159 2281/3631/3160 2319/3632/3161
f 2319/3632/3161 2281/3631/3160 2280/3633/3162
f 2319/3632/3161 2280/3633/3162 2307/3634/3163
f 2307/3634/3163 2280/3633/3162 2320/3635/3164
f 2307/3634/3163 2320/3635/3164 2308/3636/3165
f 2308/3636/3165 2320/3635/3164 2279/3637/3166
f 2308/3636/3165 2279/3637/3166 2309/3638/3167
f 2309/3638/3167 2279/3637/3166 2278/3639/3168
f 2309/3638/3167 2278/3639/3168 2310/3623/3153
f 2310/3623/3153 2278/3639/3168 2277/3625/3155
f 2280/3633/3162 2279/3637/3166 2320/3635/3164
f 2275/3640/3169 2312/3641/3170 2276/3626/3156
f 2276/3626/3156 2312/3641/3170 2313/3642/3171
f 2276/3626/3156 2313/3642/3171 2311/3624/3154
f 2311/3624/3154 2313/3642/3171 2314/3622/3152
f 2312/3641/3170 2275/3640/3169 2303/3643/3172
f 2303/3643/3172 2275/3640/3169 2274/3644/3173
f 2303/3643/3172 2274/3644/3173 2207/3645/3026
f 2206/3646/3024 2261/3647/3174 2207/3645/3026
f 2207/3645/3026 2261/3647/3174 2303/3643/3172
f 2261/3647/3174 2260/3648/3175 2303/3643/3172
f 2303/3643/3172 2260/3648/3175 2259/3649/3176
f 2303/3643/3172 2259/3649/3176 2312/3641/3170
f 2312/3641/3170 2259/3649/3176 2321/3650/3177
f 2312/3641/3170 2321/3650/3177 2313/3642/3171
f 2313/3642/3171 2321/3650/3177 2322/3651/3178
f 2313/3642/3171 2322/3651/3178 2314/3622/3152
f 2314/3622/3152 2322/3651/3178 2323/3620/3150
f 2259/3649/3176 2258/3652/3179 2321/3650/3177
f 2321/3650/3177 2258/3652/3179 2322/3651/3178
f 2258/3652/3179 2257/3653/3180 2322/3651/3178
f 2322/3651/3178 2257/3653/3180 2323/3620/3150
f 2323/3620/3150 2257/3653/3180 2327/3654/3181
f 2327/3654/3181 2257/3653/3180 2256/3655/3182
f 2327/3654/3181 2256/3655/3182 2328/3618/3148
f 2328/3618/3148 2256/3655/3182 2332/3656/3183
f 2328/3618/3148 2332/3656/3183 2255/3616/3146
f 2255/3616/3146 2332/3656/3183 2256/3655/3182
f 2254/3615/3145 2253/3611/3141 2305/3613/3143
f 2328/3618/3148 2323/3620/3150 2327/3654/3181
f 2302/3657/3184 869/3609/1181 2326/3658/3185
f 2326/3658/3185 869/3609/1181 2318/3659/3186
f 2326/3658/3185 2318/3659/3186 2317/3660/3187
f 2317/3660/3187 2318/3659/3186 2307/3634/3163
f 2317/3660/3187 2307/3634/3163 2308/3636/3165
f 2307/3634/3163 2318/3659/3186 2306/3661/3188
f 2306/3661/3188 2318/3659/3186 869/3609/1181
f 2306/3661/3188 869/3609/1181 2304/3630/3159
f 2304/3630/3159 2319/3632/3161 2306/3661/3188
f 2306/3661/3188 2319/3632/3161 2307/3634/3163
f 2308/3636/3165 2309/3638/3167 2316/3662/3189
f 2316/3662/3189 2309/3638/3167 2315/3621/3151
f 2316/3662/3189 2315/3621/3151 2324/3619/3149
f 2309/3638/3167 2310/3623/3153 2315/3621/3151
f 2308/3636/3165 2316/3662/3189 2317/3660/3187
f 2317/3660/3187 2316/3662/3189 2325/3663/3190
f 2317/3660/3187 2325/3663/3190 2326/3658/3185
f 2326/3658/3185 2325/3663/3190 2302/3657/3184
f 2325/3663/3190 2316/3662/3189 2324/3619/3149
f 2302/3657/3184 2325/3663/3190 2329/3617/3147
f 2329/3617/3147 2325/3663/3190 2324/3619/3149
f 869/3609/1181 2302/3657/3184 2330/3612/3142
f 2330/3612/3142 2302/3657/3184 2329/3617/3147
f 2330/3612/3142 2329/3617/3147 2331/3614/3144
f 813/3664/1124 836/3665/1125 814/3666/3191
f 814/3666/3191 836/3665/1125 845/3667/3192
f 814/3666/3191 845/3667/3192 2284/3668/3104
f 2284/3668/3104 845/3667/3192 2218/3669/3193
f 2284/3668/3104 2218/3669/3193 2217/3670/3102
f 2283/3671/3138 868/3672/3194 2284/3668/3104
f 2284/3668/3104 868/3672/3194 814/3666/3191
f 845/3673/1140 844/3674/1138 2218/3675/3063
f 2218/3675/3063 844/3674/1138 2219/3676/3044
f 2219/3676/3044 844/3674/1138 843/3677/1132
f 2219/3676/3044 843/3677/1132 867/3678/3046
f 867/3678/3046 843/3677/1132 842/3679/1131
f 2334/3680/3195 2335/3681/3196 2333/3682/3197
f 2333/3682/3197 2335/3681/3196 2358/3683/3198
f 2333/3682/3197 2358/3683/3198 2355/3684/3199
f 2355/3684/3199 2358/3683/3198 2354/3685/3200
f 2354/3685/3200 2358/3683/3198 2359/3686/3201
f 2354/3685/3200 2359/3686/3201 2353/3687/3202
f 2353/3687/3202 2359/3686/3201 2360/3688/3203
f 2353/3687/3202 2360/3688/3203 2361/3689/3204
f 2361/3689/3204 2360/3688/3203 2370/3690/3205
f 2361/3689/3204 2370/3690/3205 2371/3691/3206
f 2371/3691/3206 2370/3690/3205 2339/3692/3207
f 2371/3691/3206 2339/3692/3207 2340/3693/3208
f 2335/3681/3196 2336/3694/3209 2358/3683/3198
f 2358/3683/3198 2336/3694/3209 2337/3695/3210
f 2358/3683/3198 2337/3695/3210 2359/3686/3201
f 2359/3686/3201 2337/3695/3210 2369/3696/3211
f 2359/3686/3201 2369/3696/3211 2360/3688/3203
f 2360/3688/3203 2369/3696/3211 2370/3690/3205
f 2337/3695/3210 2338/3697/3212 2369/3696/3211
f 2369/3696/3211 2338/3697/3212 2370/3690/3205
f 2338/3697/3212 2339/3692/3207 2370/3690/3205
f 2341/3698/3213 2375/3699/3214 2340/3693/3208
f 2340/3693/3208 2375/3699/3214 2372/3700/3215
f 2340/3693/3208 2372/3700/3215 2371/3691/3206
f 2371/3691/3206 2372/3700/3215 2362/3701/3216
f 2371/3691/3206 2362/3701/3216 2361/3689/3204
f 2361/3689/3204 2362/3701/3216 2352/3702/3217
f 2361/3689/3204 2352/3702/3217 2353/3687/3202
f 2342/3703/3218 2378/3704/3219 2341/3698/3213
f 2341/3698/3213 2378/3704/3219 2376/3705/3220
f 2341/3698/3213 2376/3705/3220 2375/3699/3214
f 2375/3699/3214 2376/3705/3220 2372/3700/3215
f 2343/3706/3221 2356/3707/3222 2342/3703/3218
f 2342/3703/3218 2356/3707/3222 2379/3708/3223
f 2342/3703/3218 2379/3708/3223 2377/3709/3224
f 2377/3709/3224 2379/3708/3223 2343/3706/3221
f 2377/3709/3224 2343/3706/3221 2357/3710/3225
f 2357/3710/3225 2343/3706/3221 2346/3711/3226
f 2357/3710/3225 2346/3711/3226 2374/3712/3227
f 2374/3712/3227 2346/3711/3226 2365/3713/3228
f 2374/3712/3227 2365/3713/3228 2364/3714/3229
f 2364/3714/3229 2365/3713/3228 2367/3715/3230
f 2364/3714/3229 2367/3715/3230 2368/3716/3231
f 2368/3716/3231 2367/3715/3230 2349/3717/3232
f 2368/3716/3231 2349/3717/3232 2350/3718/3233
f 2343/3706/3221 2344/3719/3234 2346/3711/3226
f 2346/3711/3226 2344/3719/3234 2345/3720/3235
f 1001/3721/3236 1000/3722/3237 2346/3711/3226
f 2346/3711/3226 1000/3722/3237 2347/3723/3238
f 2346/3711/3226 2347/3723/3238 2366/3724/3239
f 2366/3724/3239 2347/3723/3238 2348/3725/3240
f 2366/3724/3239 2348/3725/3240 2367/3715/3230
f 2367/3715/3230 2348/3725/3240 2349/3717/3232
f 2368/3716/3231 2350/3718/3233 2363/3726/3241
f 2363/3726/3241 2350/3718/3233 2351/3727/3242
f 2363/3726/3241 2351/3727/3242 2362/3701/3216
f 2362/3701/3216 2351/3727/3242 2352/3702/3217
f 2356/3707/3222 2343/3706/3221 2379/3708/3223
f 2368/3716/3231 2363/3726/3241 2364/3714/3229
f 2364/3714/3229 2363/3726/3241 2373/3728/3243
f 2364/3714/3229 2373/3728/3243 2374/3712/3227
f 2374/3712/3227 2373/3728/3243 2357/3710/3225
f 2373/3728/3243 2363/3726/3241 2372/3700/3215
f 2372/3700/3215 2363/3726/3241 2362/3701/3216
f 2366/3724/3239 2367/3715/3230 2365/3713/3228
f 2365/3713/3228 2346/3711/3226 2366/3724/3239
f 2357/3710/3225 2373/3728/3243 2376/3705/3220
f 2376/3705/3220 2373/3728/3243 2372/3700/3215
f 2377/3709/3224 2357/3710/3225 2376/3705/3220
f 2342/3703/3218 2377/3709/3224 2378/3704/3219
f 2378/3704/3219 2377/3709/3224 2376/3705/3220
f 2334/3729/3195 2380/3730/3244 2335/3731/3245
f 2335/3731/3245 2380/3730/3244 2336/3732/3246
f 2336/3732/3246 2380/3730/3244 2381/3733/3247
f 2336/3732/3246 2381/3733/3247 2337/3734/3248
f 2337/3734/3248 2381/3733/3247 2396/3735/3249
f 2337/3734/3248 2396/3735/3249 2397/3736/3250
f 2397/3736/3250 2396/3735/3249 2382/3737/3251
f 2397/3736/3250 2382/3737/3251 2383/3738/3252
f 2381/3733/3247 2382/3737/3251 2396/3735/3249
f 2397/3736/3250 2383/3738/3252 2398/3739/3253
f 2398/3739/3253 2383/3738/3252 2384/3740/3254
f 2398/3739/3253 2384/3740/3254 2399/3741/3255
f 2399/3741/3255 2384/3740/3254 2385/3742/3256
f 2399/3741/3255 2385/3742/3256 2395/3743/3257
f 2395/3743/3257 2385/3742/3256 2386/3744/3258
f 2395/3743/3257 2386/3744/3258 2393/3745/3259
f 2393/3745/3259 2386/3744/3258 2387/3746/3260
f 2393/3745/3259 2387/3746/3260 2391/3747/3261
f 2391/3747/3261 2387/3746/3260 2388/3748/3262
f 2391/3747/3261 2388/3748/3262 2390/3749/3263
f 2390/3749/3263 2388/3748/3262 2389/3750/3264
f 2344/3751/3265 2343/3752/3266 2390/3749/3263
f 2390/3749/3263 2343/3752/3266 2392/3753/3267
f 2390/3749/3263 2392/3753/3267 2391/3747/3261
f 2391/3747/3261 2392/3753/3267 2394/3754/3268
f 2391/3747/3261 2394/3754/3268 2393/3745/3259
f 2393/3745/3259 2394/3754/3268 2341/3755/3269
f 2393/3745/3259 2341/3755/3269 2400/3756/3270
f 2400/3756/3270 2341/3755/3269 2340/3757/3271
f 2400/3756/3270 2340/3757/3271 2395/3743/3257
f 2395/3743/3257 2340/3757/3271 2399/3741/3255
f 2392/3753/3267 2343/3752/3266 2402/3758/3272
f 2402/3758/3272 2343/3752/3266 2342/3759/3273
f 2402/3758/3272 2342/3759/3273 2392/3753/3267
f 2392/3753/3267 2342/3759/3273 2394/3754/3268
f 2342/3759/3273 2341/3755/3269 2394/3754/3268
f 2399/3741/3255 2340/3757/3271 2401/3760/3274
f 2401/3760/3274 2340/3757/3271 2339/3761/3275
f 2401/3760/3274 2339/3761/3275 2399/3741/3255
f 2399/3741/3255 2339/3761/3275 2398/3739/3253
f 2339/3761/3275 2338/3762/3276 2398/3739/3253
f 2398/3739/3253 2338/3762/3276 2397/3736/3250
f 2338/3762/3276 2337/3734/3248 2397/3736/3250
f 2395/3743/3257 2393/3745/3259 2400/3756/3270
f 2333/3763/3197 2355/3764/3277 2411/3765/3278
f 2411/3765/3278 2355/3764/3277 2354/3766/3279
f 2411/3765/3278 2354/3766/3279 2410/3767/3280
f 2410/3767/3280 2354/3766/3279 2353/3768/3281
f 2410/3767/3280 2353/3768/3281 2420/3769/3282
f 2420/3769/3282 2353/3768/3281 2419/3770/3283
f 2420/3769/3282 2419/3770/3283 2409/3771/3284
f 2409/3771/3284 2419/3770/3283 2408/3772/3285
f 2408/3772/3285 2419/3770/3283 2418/3773/3286
f 2408/3772/3285 2418/3773/3286 2417/3774/3287
f 2417/3774/3287 2418/3773/3286 2351/3775/3288
f 2417/3774/3287 2351/3775/3288 2421/3776/3289
f 2421/3776/3289 2351/3775/3288 2350/3777/3290
f 2421/3776/3289 2350/3777/3290 2422/3778/3291
f 2422/3778/3291 2350/3777/3290 2349/3779/3292
f 2422/3778/3291 2349/3779/3292 2423/3780/3293
f 2423/3780/3293 2349/3779/3292 2425/3781/3294
f 2423/3780/3293 2425/3781/3294 2412/3782/3295
f 2412/3782/3295 2425/3781/3294 2348/3783/3296
f 2412/3782/3295 2348/3783/3296 2426/3784/3297
f 2426/3784/3297 2348/3783/3296 2427/3785/3298
f 2426/3784/3297 2427/3785/3298 2347/3786/3299
f 2347/3786/3299 2427/3785/3298 2348/3783/3296
f 2353/3768/3281 2352/3787/3300 2419/3770/3283
f 2419/3770/3283 2352/3787/3300 2418/3773/3286
f 2352/3787/3300 2351/3775/3288 2418/3773/3286
f 2349/3779/3292 2348/3783/3296 2425/3781/3294
f 1000/3788/1373 999/3789/1371 2347/3786/3299
f 2347/3786/3299 999/3789/1371 2412/3782/3295
f 2347/3786/3299 2412/3782/3295 2426/3784/3297
f 998/3790/1375 2403/3791/3301 999/3789/1371
f 999/3789/1371 2403/3791/3301 2413/3792/3302
f 999/3789/1371 2413/3792/3302 2414/3793/3303
f 2414/3793/3303 2413/3792/3302 2428/3794/3304
f 2414/3793/3303 2428/3794/3304 2415/3795/3305
f 2415/3795/3305 2428/3794/3304 2405/3796/3306
f 2415/3795/3305 2405/3796/3306 2416/3797/3307
f 2416/3797/3307 2405/3796/3306 2406/3798/3308
f 2416/3797/3307 2406/3798/3308 2417/3774/3287
f 2417/3774/3287 2406/3798/3308 2407/3799/3309
f 2417/3774/3287 2407/3799/3309 2408/3772/3285
f 2403/3791/3301 2404/3800/3310 2413/3792/3302
f 2413/3792/3302 2404/3800/3310 2428/3794/3304
f 2404/3800/3310 2405/3796/3306 2428/3794/3304
f 2409/3771/3284 2410/3767/3280 2420/3769/3282
f 2412/3782/3295 999/3789/1371 2424/3801/3311
f 2424/3801/3311 999/3789/1371 2414/3793/3303
f 2424/3801/3311 2414/3793/3303 2415/3795/3305
f 2422/3778/3291 2423/3780/3293 2416/3797/3307
f 2416/3797/3307 2423/3780/3293 2415/3795/3305
f 2421/3776/3289 2422/3778/3291 2417/3774/3287
f 2417/3774/3287 2422/3778/3291 2416/3797/3307
f 2412/3782/3295 2424/3801/3311 2423/3780/3293
f 2423/3780/3293 2424/3801/3311 2415/3795/3305
f 997/3802/1376 1003/3803/1377 998/3804/3312
f 998/3804/3312 1003/3803/1377 2403/3805/3313
f 2403/3805/3313 1003/3803/1377 2429/3806/3314
f 2403/3805/3313 2429/3806/3314 2404/3807/3315
f 2404/3807/3315 2429/3806/3314 2430/3808/3316
f 2404/3807/3315 2430/3808/3316 2405/3809/3317
f 2405/3809/3317 2430/3808/3316 2431/3810/3318
f 2405/3809/3317 2431/3810/3318 2406/3811/3319
f 2406/3811/3319 2431/3810/3318 2457/3812/3320
f 2406/3811/3319 2457/3812/3320 2456/3813/3321
f 2456/3813/3321 2457/3812/3320 2442/3814/3322
f 2456/3813/3321 2442/3814/3322 2441/3815/3323
f 2441/3815/3323 2442/3814/3322 2436/3816/3324
f 2441/3815/3323 2436/3816/3324 2437/3817/3325
f 2437/3817/3325 2436/3816/3324 2383/3818/3326
f 2437/3817/3325 2383/3818/3326 2382/3819/3327
f 1002/3820/1378 2389/3821/3328 1003/3803/1377
f 1003/3803/1377 2389/3821/3328 2388/3822/3329
f 1003/3803/1377 2388/3822/3329 2449/3823/3330
f 2449/3823/3330 2388/3822/3329 2450/3824/3331
f 2449/3823/3330 2450/3824/3331 2387/3825/3332
f 2387/3825/3332 2450/3824/3331 2388/3822/3329
f 2449/3823/3330 2387/3825/3332 2446/3826/3333
f 2446/3826/3333 2387/3825/3332 2386/3827/3334
f 2446/3826/3333 2386/3827/3334 2452/3828/3335
f 2452/3828/3335 2386/3827/3334 2447/3829/3336
f 2452/3828/3335 2447/3829/3336 2434/3830/3337
f 2434/3830/3337 2447/3829/3336 2435/3831/3338
f 2434/3830/3337 2435/3831/3338 2443/3832/3339
f 2443/3832/3339 2435/3831/3338 2442/3814/3322
f 2443/3832/3339 2442/3814/3322 2457/3812/3320
f 2447/3829/3336 2386/3827/3334 2453/3833/3340
f 2453/3833/3340 2386/3827/3334 2385/3834/3341
f 2453/3833/3340 2385/3834/3341 2447/3829/3336
f 2447/3829/3336 2385/3834/3341 2451/3835/3342
f 2447/3829/3336 2451/3835/3342 2435/3831/3338
f 2435/3831/3338 2451/3835/3342 2384/3836/3343
f 2435/3831/3338 2384/3836/3343 2436/3816/3324
f 2436/3816/3324 2384/3836/3343 2383/3818/3326
f 2385/3834/3341 2384/3836/3343 2451/3835/3342
f 2381/3837/3344 2439/3838/3345 2382/3819/3327
f 2382/3819/3327 2439/3838/3345 2440/3839/3346
f 2382/3819/3327 2440/3839/3346 2437/3817/3325
f 2437/3817/3325 2440/3839/3346 2441/3815/3323
f 2439/3838/3345 2381/3837/3344 2438/3840/3347
f 2438/3840/3347 2381/3837/3344 2380/3841/3348
f 2438/3840/3347 2380/3841/3348 2334/3842/3195
f 2334/3842/3195 2333/3843/3197 2438/3840/3347
f 2438/3840/3347 2333/3843/3197 2411/3844/3349
f 2438/3840/3347 2411/3844/3349 2410/3845/3350
f 2410/3845/3350 2409/3846/3351 2438/3840/3347
f 2438/3840/3347 2409/3846/3351 2439/3838/3345
f 2439/3838/3345 2409/3846/3351 2454/3847/3352
f 2454/3847/3352 2409/3846/3351 2408/3848/3353
f 2454/3847/3352 2408/3848/3353 2455/3849/3354
f 2455/3849/3354 2408/3848/3353 2407/3850/3355
f 2455/3849/3354 2407/3850/3355 2456/3813/3321
f 2456/3813/3321 2407/3850/3355 2406/3811/3319
f 1003/3803/1377 2448/3851/3356 2432/3852/3357
f 2432/3852/3357 2448/3851/3356 2433/3853/3358
f 2432/3852/3357 2433/3853/3358 2445/3854/3359
f 2445/3854/3359 2433/3853/3358 2444/3855/3360
f 2445/3854/3359 2444/3855/3360 2459/3856/3361
f 2459/3856/3361 2444/3855/3360 2458/3857/3362
f 2459/3856/3361 2458/3857/3362 2429/3806/3314
f 2429/3806/3314 2458/3857/3362 2430/3808/3316
f 2429/3806/3314 1003/3803/1377 2459/3856/3361
f 2459/3856/3361 1003/3803/1377 2445/3854/3359
f 2457/3812/3320 2431/3810/3318 2430/3808/3316
f 2457/3812/3320 2430/3808/3316 2458/3857/3362
f 1003/3803/1377 2432/3852/3357 2445/3854/3359
f 2433/3853/3358 2434/3830/3337 2444/3855/3360
f 2444/3855/3360 2434/3830/3337 2443/3832/3339
f 2444/3855/3360 2443/3832/3339 2458/3857/3362
f 2458/3857/3362 2443/3832/3339 2457/3812/3320
f 2434/3830/3337 2433/3853/3358 2452/3828/3335
f 2452/3828/3335 2433/3853/3358 2448/3851/3356
f 2452/3828/3335 2448/3851/3356 2449/3823/3330
f 2449/3823/3330 2448/3851/3356 1003/3803/1377
f 2435/3831/3338 2436/3816/3324 2442/3814/3322
f 2439/3838/3345 2454/3847/3352 2440/3839/3346
f 2440/3839/3346 2454/3847/3352 2455/3849/3354
f 2440/3839/3346 2455/3849/3354 2441/3815/3323
f 2441/3815/3323 2455/3849/3354 2456/3813/3321
f 2452/3828/3335 2449/3823/3330 2446/3826/3333
f 943/3858/1305 960/3859/1304 944/3860/3363
f 944/3860/3363 960/3859/1304 991/3861/3364
f 944/3860/3363 991/3861/3364 2390/3862/3263
f 2390/3862/3263 991/3861/3364 2345/3863/3365
f 2390/3862/3263 2345/3863/3365 2344/3864/3265
f 2389/3865/3264 1002/3866/3366 2390/3862/3263
f 2390/3862/3263 1002/3866/3366 944/3860/3363
f 991/3867/1363 990/3868/1361 2345/3869/3235
f 2345/3869/3235 990/3868/1361 2346/3870/3226
f 2346/3870/3226 990/3868/1361 989/3871/1360
f 2346/3870/3226 989/3871/1360 1001/3872/3236
f 1001/3872/3236 989/3871/1360 988/3873/1362
f 2461/3874/3367 2462/3875/3368 2460/3876/3369
f 2460/3876/3369 2462/3875/3368 2485/3877/3370
f 2460/3876/3369 2485/3877/3370 2482/3878/3371
f 2482/3878/3371 2485/3877/3370 2481/3879/3372
f 2481/3879/3372 2485/3877/3370 2486/3880/3373
f 2481/3879/3372 2486/3880/3373 2480/3881/3374
f 2480/3881/3374 2486/3880/3373 2487/3882/3375
f 2480/3881/3374 2487/3882/3375 2488/3883/3376
f 2488/3883/3376 2487/3882/3375 2497/3884/3377
f 2488/3883/3376 2497/3884/3377 2498/3885/3378
f 2498/3885/3378 2497/3884/3377 2466/3886/3379
f 2498/3885/3378 2466/3886/3379 2467/3887/3380
f 2462/3875/3368 2463/3888/3381 2485/3877/3370
f 2485/3877/3370 2463/3888/3381 2464/3889/3382
f 2485/3877/3370 2464/3889/3382 2486/3880/3373
f 2486/3880/3373 2464/3889/3382 2496/3890/3383
f 2486/3880/3373 2496/3890/3383 2487/3882/3375
f 2487/3882/3375 2496/3890/3383 2497/3884/3377
f 2464/3889/3382 2465/3891/3384 2496/3890/3383
f 2496/3890/3383 2465/3891/3384 2497/3884/3377
f 2465/3891/3384 2466/3886/3379 2497/3884/3377
f 2468/3892/3385 2502/3893/3386 2467/3887/3380
f 2467/3887/3380 2502/3893/3386 2499/3894/3387
f 2467/3887/3380 2499/3894/3387 2498/3885/3378
f 2498/3885/3378 2499/3894/3387 2489/3895/3388
f 2498/3885/3378 2489/3895/3388 2488/3883/3376
f 2488/3883/3376 2489/3895/3388 2479/3896/3389
f 2488/3883/3376 2479/3896/3389 2480/3881/3374
f 2469/3897/3390 2505/3898/3391 2468/3892/3385
f 2468/3892/3385 2505/3898/3391 2503/3899/3392
f 2468/3892/3385 2503/3899/3392 2502/3893/3386
f 2502/3893/3386 2503/3899/3392 2499/3894/3387
f 2470/3900/3393 2483/3901/3394 2469/3897/3390
f 2469/3897/3390 2483/3901/3394 2506/3902/3395
f 2469/3897/3390 2506/3902/3395 2504/3903/3396
f 2504/3903/3396 2506/3902/3395 2470/3900/3393
f 2504/3903/3396 2470/3900/3393 2484/3904/3397
f 2484/3904/3397 2470/3900/3393 2473/3905/3398
f 2484/3904/3397 2473/3905/3398 2501/3906/3399
f 2501/3906/3399 2473/3905/3398 2492/3907/3400
f 2501/3906/3399 2492/3907/3400 2491/3908/3401
f 2491/3908/3401 2492/3907/3400 2494/3909/3402
f 2491/3908/3401 2494/3909/3402 2495/3910/3403
f 2495/3910/3403 2494/3909/3402 2476/3911/3404
f 2495/3910/3403 2476/3911/3404 2477/3912/3405
f 2470/3900/3393 2471/3913/3406 2473/3905/3398
f 2473/3905/3398 2471/3913/3406 2472/3914/3407
f 1442/3915/3408 1441/3916/3409 2473/3905/3398
f 2473/3905/3398 1441/3916/3409 2474/3917/3410
f 2473/3905/3398 2474/3917/3410 2493/3918/3411
f 2493/3918/3411 2474/3917/3410 2475/3919/3412
f 2493/3918/3411 2475/3919/3412 2494/3909/3402
f 2494/3909/3402 2475/3919/3412 2476/3911/3404
f 2495/3910/3403 2477/3912/3405 2490/3920/3413
f 2490/3920/3413 2477/3912/3405 2478/3921/3414
f 2490/3920/3413 2478/3921/3414 2489/3895/3388
f 2489/3895/3388 2478/3921/3414 2479/3896/3389
f 2483/3901/3394 2470/3900/3393 2506/3902/3395
f 2495/3910/3403 2490/3920/3413 2491/3908/3401
f 2491/3908/3401 2490/3920/3413 2500/3922/3415
f 2491/3908/3401 2500/3922/3415 2501/3906/3399
f 2501/3906/3399 2500/3922/3415 2484/3904/3397
f 2500/3922/3415 2490/3920/3413 2499/3894/3387
f 2499/3894/3387 2490/3920/3413 2489/3895/3388
f 2493/3918/3411 2494/3909/3402 2492/3907/3400
f 2492/3907/3400 2473/3905/3398 2493/3918/3411
f 2484/3904/3397 2500/3922/3415 2503/3899/3392
f 2503/3899/3392 2500/3922/3415 2499/3894/3387
f 2504/3903/3396 2484/3904/3397 2503/3899/3392
f 2469/3897/3390 2504/3903/3396 2505/3898/3391
f 2505/3898/3391 2504/3903/3396 2503/3899/3392
f 2461/3923/3367 2507/3924/3416 2462/3925/3417
f 2462/3925/3417 2507/3924/3416 2463/3926/3418
f 2463/3926/3418 2507/3924/3416 2508/3927/3419
f 2463/3926/3418 2508/3927/3419 2464/3928/3420
f 2464/3928/3420 2508/3927/3419 2523/3929/3421
f 2464/3928/3420 2523/3929/3421 2524/3930/3422
f 2524/3930/3422 2523/3929/3421 2509/3931/3423
f 2524/3930/3422 2509/3931/3423 2510/3932/3424
f 2508/3927/3419 2509/3931/3423 2523/3929/3421
f 2524/3930/3422 2510/3932/3424 2525/3933/3425
f 2525/3933/3425 2510/3932/3424 2511/3934/3426
f 2525/3933/3425 2511/3934/3426 2526/3935/3427
f 2526/3935/3427 2511/3934/3426 2512/3936/3428
f 2526/3935/3427 2512/3936/3428 2522/3937/3429
f 2522/3937/3429 2512/3936/3428 2513/3938/3430
f 2522/3937/3429 2513/3938/3430 2520/3939/3431
f 2520/3939/3431 2513/3938/3430 2514/3940/3432
f 2520/3939/3431 2514/3940/3432 2518/3941/3433
f 2518/3941/3433 2514/3940/3432 2515/3942/3434
f 2518/3941/3433 2515/3942/3434 2517/3943/3435
f 2517/3943/3435 2515/3942/3434 2516/3944/3436
f 2471/3945/3437 2470/3946/3438 2517/3943/3435
f 2517/3943/3435 2470/3946/3438 2519/3947/3439
f 2517/3943/3435 2519/3947/3439 2518/3941/3433
f 2518/3941/3433 2519/3947/3439 2521/3948/3440
f 2518/3941/3433 2521/3948/3440 2520/3939/3431
f 2520/3939/3431 2521/3948/3440 2468/3949/3441
f 2520/3939/3431 2468/3949/3441 2527/3950/3442
f 2527/3950/3442 2468/3949/3441 2467/3951/3443
f 2527/3950/3442 2467/3951/3443 2522/3937/3429
f 2522/3937/3429 2467/3951/3443 2526/3935/3427
f 2519/3947/3439 2470/3946/3438 2529/3952/3444
f 2529/3952/3444 2470/3946/3438 2469/3953/3445
f 2529/3952/3444 2469/3953/3445 2519/3947/3439
f 2519/3947/3439 2469/3953/3445 2521/3948/3440
f 2469/3953/3445 2468/3949/3441 2521/3948/3440
f 2526/3935/3427 2467/3951/3443 2528/3954/3446
f 2528/3954/3446 2467/3951/3443 2466/3955/3447
f 2528/3954/3446 2466/3955/3447 2526/3935/3427
f 2526/3935/3427 2466/3955/3447 2525/3933/3425
f 2466/3955/3447 2465/3956/3448 2525/3933/3425
f 2525/3933/3425 2465/3956/3448 2524/3930/3422
f 2465/3956/3448 2464/3928/3420 2524/3930/3422
f 2522/3937/3429 2520/3939/3431 2527/3950/3442
f 2460/3957/3369 2482/3958/3449 2538/3959/3450
f 2538/3959/3450 2482/3958/3449 2481/3960/3451
f 2538/3959/3450 2481/3960/3451 2537/3961/3452
f 2537/3961/3452 2481/3960/3451 2480/3962/3453
f 2537/3961/3452 2480/3962/3453 2547/3963/3454
f 2547/3963/3454 2480/3962/3453 2546/3964/3455
f 2547/3963/3454 2546/3964/3455 2536/3965/3456
f 2536/3965/3456 2546/3964/3455 2535/3966/3457
f 2535/3966/3457 2546/3964/3455 2545/3967/3458
f 2535/3966/3457 2545/3967/3458 2544/3968/3459
f 2544/3968/3459 2545/3967/3458 2478/3969/3460
f 2544/3968/3459 2478/3969/3460 2548/3970/3461
f 2548/3970/3461 2478/3969/3460 2477/3971/3462
f 2548/3970/3461 2477/3971/3462 2549/3972/3463
f 2549/3972/3463 2477/3971/3462 2476/3973/3464
f 2549/3972/3463 2476/3973/3464 2550/3974/3465
f 2550/3974/3465 2476/3973/3464 2552/3975/3466
f 2550/3974/3465 2552/3975/3466 2539/3976/3467
f 2539/3976/3467 2552/3975/3466 2475/3977/3468
f 2539/3976/3467 2475/3977/3468 2553/3978/3469
f 2553/3978/3469 2475/3977/3468 2554/3979/3470
f 2553/3978/3469 2554/3979/3470 2474/3980/3471
f 2474/3980/3471 2554/3979/3470 2475/3977/3468
f 2480/3962/3453 2479/3981/3472 2546/3964/3455
f 2546/3964/3455 2479/3981/3472 2545/3967/3458
f 2479/3981/3472 2478/3969/3460 2545/3967/3458
f 2476/3973/3464 2475/3977/3468 2552/3975/3466
f 1441/3982/1969 1440/3983/1967 2474/3980/3471
f 2474/3980/3471 1440/3983/1967 2539/3976/3467
f 2474/3980/3471 2539/3976/3467 2553/3978/3469
f 1439/3984/1971 2530/3985/3473 1440/3983/1967
f 1440/3983/1967 2530/3985/3473 2540/3986/3474
f 1440/3983/1967 2540/3986/3474 2541/3987/3475
f 2541/3987/3475 2540/3986/3474 2555/3988/3476
f 2541/3987/3475 2555/3988/3476 2542/3989/3477
f 2542/3989/3477 2555/3988/3476 2532/3990/3478
f 2542/3989/3477 2532/3990/3478 2543/3991/3479
f 2543/3991/3479 2532/3990/3478 2533/3992/3480
f 2543/3991/3479 2533/3992/3480 2544/3968/3459
f 2544/3968/3459 2533/3992/3480 2534/3993/3481
f 2544/3968/3459 2534/3993/3481 2535/3966/3457
f 2530/3985/3473 2531/3994/3482 2540/3986/3474
f 2540/3986/3474 2531/3994/3482 2555/3988/3476
f 2531/3994/3482 2532/3990/3478 2555/3988/3476
f 2536/3965/3456 2537/3961/3452 2547/3963/3454
f 2539/3976/3467 1440/3983/1967 2551/3995/3483
f 2551/3995/3483 1440/3983/1967 2541/3987/3475
f 2551/3995/3483 2541/3987/3475 2542/3989/3477
f 2549/3972/3463 2550/3974/3465 2543/3991/3479
f 2543/3991/3479 2550/3974/3465 2542/3989/3477
f 2548/3970/3461 2549/3972/3463 2544/3968/3459
f 2544/3968/3459 2549/3972/3463 2543/3991/3479
f 2539/3976/3467 2551/3995/3483 2550/3974/3465
f 2550/3974/3465 2551/3995/3483 2542/3989/3477
f 1438/3996/1972 1444/3997/1973 1439/3998/3484
f 1439/3998/3484 1444/3997/1973 2530/3999/3485
f 2530/3999/3485 1444/3997/1973 2556/4000/3486
f 2530/3999/3485 2556/4000/3486 2531/4001/3487
f 2531/4001/3487 2556/4000/3486 2557/4002/3488
f 2531/4001/3487 2557/4002/3488 2532/4003/3489
f 2532/4003/3489 2557/4002/3488 2558/4004/3490
f 2532/4003/3489 2558/4004/3490 2533/4005/3491
f 2533/4005/3491 2558/4004/3490 2584/4006/3492
f 2533/4005/3491 2584/4006/3492 2583/4007/3493
f 2583/4007/3493 2584/4006/3492 2569/4008/3494
f 2583/4007/3493 2569/4008/3494 2568/4009/3495
f 2568/4009/3495 2569/4008/3494 2563/4010/3496
f 2568/4009/3495 2563/4010/3496 2564/4011/3497
f 2564/4011/3497 2563/4010/3496 2510/4012/3498
f 2564/4011/3497 2510/4012/3498 2509/4013/3499
f 1443/4014/1974 2516/4015/3500 1444/3997/1973
f 1444/3997/1973 2516/4015/3500 2515/4016/3501
f 1444/3997/1973 2515/4016/3501 2576/4017/3502
f 2576/4017/3502 2515/4016/3501 2577/4018/3503
f 2576/4017/3502 2577/4018/3503 2514/4019/3504
f 2514/4019/3504 2577/4018/3503 2515/4016/3501
f 2576/4017/3502 2514/4019/3504 2573/4020/3505
f 2573/4020/3505 2514/4019/3504 2513/4021/3506
f 2573/4020/3505 2513/4021/3506 2579/4022/3507
f 2579/4022/3507 2513/4021/3506 2574/4023/3508
f 2579/4022/3507 2574/4023/3508 2561/4024/3509
f 2561/4024/3509 2574/4023/3508 2562/4025/3510
f 2561/4024/3509 2562/4025/3510 2570/4026/3511
f 2570/4026/3511 2562/4025/3510 2569/4008/3494
f 2570/4026/3511 2569/4008/3494 2584/4006/3492
f 2574/4023/3508 2513/4021/3506 2580/4027/3512
f 2580/4027/3512 2513/4021/3506 2512/4028/3513
f 2580/4027/3512 2512/4028/3513 2574/4023/3508
f 2574/4023/3508 2512/4028/3513 2578/4029/3514
f 2574/4023/3508 2578/4029/3514 2562/4025/3510
f 2562/4025/3510 2578/4029/3514 2511/4030/3515
f 2562/4025/3510 2511/4030/3515 2563/4010/3496
f 2563/4010/3496 2511/4030/3515 2510/4012/3498
f 2512/4028/3513 2511/4030/3515 2578/4029/3514
f 2508/4031/3516 2566/4032/3517 2509/4013/3499
f 2509/4013/3499 2566/4032/3517 2567/4033/3518
f 2509/4013/3499 2567/4033/3518 2564/4011/3497
f 2564/4011/3497 2567/4033/3518 2568/4009/3495
f 2566/4032/3517 2508/4031/3516 2565/4034/3519
f 2565/4034/3519 2508/4031/3516 2507/4035/3520
f 2565/4034/3519 2507/4035/3520 2461/4036/3367
f 2461/4036/3367 2460/4037/3369 2565/4034/3519
f 2565/4034/3519 2460/4037/3369 2538/4038/3521
f 2565/4034/3519 2538/4038/3521 2537/4039/3522
f 2537/4039/3522 2536/4040/3523 2565/4034/3519
f 2565/4034/3519 2536/4040/3523 2566/4032/3517
f 2566/4032/3517 2536/4040/3523 2581/4041/3524
f 2581/4041/3524 2536/4040/3523 2535/4042/3525
f 2581/4041/3524 2535/4042/3525 2582/4043/3526
f 2582/4043/3526 2535/4042/3525 2534/4044/3527
f 2582/4043/3526 2534/4044/3527 2583/4007/3493
f 2583/4007/3493 2534/4044/3527 2533/4005/3491
f 1444/3997/1973 2575/4045/3528 2559/4046/3529
f 2559/4046/3529 2575/4045/3528 2560/4047/3530
f 2559/4046/3529 2560/4047/3530 2572/4048/3531
f 2572/4048/3531 2560/4047/3530 2571/4049/3532
f 2572/4048/3531 2571/4049/3532 2586/4050/3533
f 2586/4050/3533 2571/4049/3532 2585/4051/3534
f 2586/4050/3533 2585/4051/3534 2556/4000/3486
f 2556/4000/3486 2585/4051/3534 2557/4002/3488
f 2556/4000/3486 1444/3997/1973 2586/4050/3533
f 2586/4050/3533 1444/3997/1973 2572/4048/3531
f 2584/4006/3492 2558/4004/3490 2557/4002/3488
f 2584/4006/3492 2557/4002/3488 2585/4051/3534
f 1444/3997/1973 2559/4046/3529 2572/4048/3531
f 2560/4047/3530 2561/4024/3509 2571/4049/3532
f 2571/4049/3532 2561/4024/3509 2570/4026/3511
f 2571/4049/3532 2570/4026/3511 2585/4051/3534
f 2585/4051/3534 2570/4026/3511 2584/4006/3492
f 2561/4024/3509 2560/4047/3530 2579/4022/3507
f 2579/4022/3507 2560/4047/3530 2575/4045/3528
f 2579/4022/3507 2575/4045/3528 2576/4017/3502
f 2576/4017/3502 2575/4045/3528 1444/3997/1973
f 2562/4025/3510 2563/4010/3496 2569/4008/3494
f 2566/4032/3517 2581/4041/3524 2567/4033/3518
f 2567/4033/3518 2581/4041/3524 2582/4043/3526
f 2567/4033/3518 2582/4043/3526 2568/4009/3495
f 2568/4009/3495 2582/4043/3526 2583/4007/3493
f 2579/4022/3507 2576/4017/3502 2573/4020/3505
f 1388/4052/1916 1411/4053/1917 1389/4054/3535
f 1389/4054/3535 1411/4053/1917 1432/4055/3536
f 1389/4054/3535 1432/4055/3536 2517/4056/3435
f 2517/4056/3435 1432/4055/3536 2472/4057/3537
f 2517/4056/3435 2472/4057/3537 2471/4058/3437
f 2516/4059/3436 1443/4060/3538 2517/4056/3435
f 2517/4056/3435 1443/4060/3538 1389/4054/3535
f 1432/4061/1959 1431/4062/1957 2472/4063/3407
f 2472/4063/3407 1431/4062/1957 2473/4064/3398
f 2473/4064/3398 1431/4062/1957 1430/4065/1956
f 2473/4064/3398 1430/4065/1956 1442/4066/3408
f 1442/4066/3408 1430/4065/1956 1429/4067/1958
f 2609/4068/3539 2587/4069/3540 2614/4070/3541
f 2614/4070/3541 2587/4069/3540 2588/4071/3542
f 2614/4070/3541 2588/4071/3542 2589/4072/3543
f 2589/4072/3543 2590/4073/3544 2614/4070/3541
f 2614/4070/3541 2590/4073/3544 2615/4074/3545
f 2614/4070/3541 2615/4074/3545 2608/4075/3546
f 2608/4075/3546 2615/4074/3545 2607/4076/3547
f 2607/4076/3547 2615/4074/3545 2616/4077/3548
f 2607/4076/3547 2616/4077/3548 2627/4078/3549
f 2627/4078/3549 2616/4077/3548 2617/4079/3550
f 2627/4078/3549 2617/4079/3550 2626/4080/3551
f 2626/4080/3551 2617/4079/3550 2618/4081/3552
f 2626/4080/3551 2618/4081/3552 2625/4082/3553
f 2625/4082/3553 2618/4081/3552 2619/4083/3554
f 2625/4082/3553 2619/4083/3554 2624/4084/3555
f 2624/4084/3555 2619/4083/3554 2620/4085/3556
f 2624/4084/3555 2620/4085/3556 2623/4086/3557
f 2623/4086/3557 2620/4085/3556 2621/4087/3558
f 2623/4086/3557 2621/4087/3558 2622/4088/3559
f 2622/4088/3559 2621/4087/3558 2600/4089/3560
f 2622/4088/3559 2600/4089/3560 2611/4090/3561
f 2611/4090/3561 2600/4089/3560 363/4091/3562
f 2611/4090/3561 363/4091/3562 2631/4092/3563
f 2631/4092/3563 363/4091/3562 2601/4093/3564
f 2631/4092/3563 2601/4093/3564 2610/4094/3565
f 2610/4094/3565 2601/4093/3564 2612/4095/3566
f 2610/4094/3565 2612/4095/3566 2602/4096/3567
f 2602/4096/3567 2612/4095/3566 2601/4093/3564
f 2590/4073/3544 2591/4097/3568 2615/4074/3545
f 2615/4074/3545 2591/4097/3568 2616/4077/3548
f 2591/4097/3568 2592/4098/3569 2616/4077/3548
f 2616/4077/3548 2592/4098/3569 2617/4079/3550
f 2592/4098/3569 2593/4099/3570 2617/4079/3550
f 2617/4079/3550 2593/4099/3570 2618/4081/3552
f 2593/4099/3570 2594/4100/3571 2618/4081/3552
f 2618/4081/3552 2594/4100/3571 2619/4083/3554
f 2619/4083/3554 2594/4100/3571 2628/4101/3572
f 2628/4101/3572 2594/4100/3571 2595/4102/3573
f 2628/4101/3572 2595/4102/3573 2629/4103/3574
f 2629/4103/3574 2595/4102/3573 2596/4104/3575
f 2629/4103/3574 2596/4104/3575 2613/4105/3576
f 2613/4105/3576 2596/4104/3575 2597/4106/3577
f 2613/4105/3576 2597/4106/3577 2600/4089/3560
f 2600/4089/3560 2597/4106/3577 2598/4107/3578
f 2600/4089/3560 2598/4107/3578 2599/4108/3579
f 363/4091/3562 362/4109/3580 2601/4093/3564
f 2603/4110/3581 2630/4111/3582 2602/4096/3567
f 2602/4096/3567 2630/4111/3582 2631/4092/3563
f 2602/4096/3567 2631/4092/3563 2610/4094/3565
f 2604/4112/3583 2633/4113/3584 2603/4110/3581
f 2603/4110/3581 2633/4113/3584 2623/4086/3557
f 2603/4110/3581 2623/4086/3557 2632/4114/3585
f 2632/4114/3585 2623/4086/3557 2622/4088/3559
f 2632/4114/3585 2622/4088/3559 2611/4090/3561
f 2605/4115/3586 2625/4082/3553 2604/4112/3583
f 2604/4112/3583 2625/4082/3553 2624/4084/3555
f 2604/4112/3583 2624/4084/3555 2633/4113/3584
f 2633/4113/3584 2624/4084/3555 2623/4086/3557
f 2625/4082/3553 2605/4115/3586 2626/4080/3551
f 2626/4080/3551 2605/4115/3586 2606/4116/3587
f 2626/4080/3551 2606/4116/3587 2627/4078/3549
f 2627/4078/3549 2606/4116/3587 2607/4076/3547
f 2608/4075/3546 2609/4068/3539 2614/4070/3541
f 2600/4089/3560 2621/4087/3558 2613/4105/3576
f 2613/4105/3576 2621/4087/3558 2620/4085/3556
f 2613/4105/3576 2620/4085/3556 2629/4103/3574
f 2629/4103/3574 2620/4085/3556 2619/4083/3554
f 2629/4103/3574 2619/4083/3554 2628/4101/3572
f 2611/4090/3561 2631/4092/3563 2630/4111/3582
f 2632/4114/3585 2611/4090/3561 2630/4111/3582
f 2630/4111/3582 2603/4110/3581 2632/4114/3585
f 360/4117/489 2634/4118/3588 361/4119/485
f 361/4119/485 2634/4118/3588 2650/4120/3589
f 361/4119/485 2650/4120/3589 2643/4121/3590
f 2643/4121/3590 2650/4120/3589 2649/4122/3591
f 2643/4121/3590 2649/4122/3591 2652/4123/3592
f 2652/4123/3592 2649/4122/3591 2648/4124/3593
f 2652/4123/3592 2648/4124/3593 2651/4125/3594
f 2651/4125/3594 2648/4124/3593 2647/4126/3595
f 2651/4125/3594 2647/4126/3595 2604/4127/3596
f 2604/4127/3596 2647/4126/3595 2653/4128/3597
f 2604/4127/3596 2653/4128/3597 2605/4129/3598
f 2605/4129/3598 2653/4128/3597 2647/4126/3595
f 2605/4129/3598 2647/4126/3595 2646/4130/3599
f 2646/4130/3599 2647/4126/3595 2638/4131/3600
f 2646/4130/3599 2638/4131/3600 2639/4132/3601
f 2634/4118/3588 2635/4133/3602 2650/4120/3589
f 2650/4120/3589 2635/4133/3602 2649/4122/3591
f 2635/4133/3602 2636/4134/3603 2649/4122/3591
f 2649/4122/3591 2636/4134/3603 2648/4124/3593
f 2636/4134/3603 2637/4135/3604 2648/4124/3593
f 2648/4124/3593 2637/4135/3604 2647/4126/3595
f 2637/4135/3604 2638/4131/3600 2647/4126/3595
f 2646/4130/3599 2639/4132/3601 2645/4136/3605
f 2645/4136/3605 2639/4132/3601 2640/4137/3606
f 2645/4136/3605 2640/4137/3606 2644/4138/3607
f 2644/4138/3607 2640/4137/3606 2641/4139/3608
f 2644/4138/3607 2641/4139/3608 2607/4140/3609
f 2607/4140/3609 2641/4139/3608 2608/4141/3610
f 2608/4141/3610 2641/4139/3608 2642/4142/3611
f 2608/4141/3610 2642/4142/3611 2609/4143/3612
f 2609/4143/3612 2642/4142/3611 2587/4144/3540
f 2644/4138/3607 2607/4140/3609 2645/4136/3605
f 2645/4136/3605 2607/4140/3609 2606/4145/3613
f 2645/4136/3605 2606/4145/3613 2646/4130/3599
f 2646/4130/3599 2606/4145/3613 2605/4129/3598
f 2604/4127/3596 2603/4146/3614 2651/4125/3594
f 2651/4125/3594 2603/4146/3614 2652/4123/3592
f 2603/4146/3614 2602/4147/3615 2652/4123/3592
f 2652/4123/3592 2602/4147/3615 2643/4121/3590
f 2643/4121/3590 2602/4147/3615 2654/4148/3616
f 2654/4148/3616 2602/4147/3615 2601/4149/3617
f 2654/4148/3616 2601/4149/3617 2643/4121/3590
f 2643/4121/3590 2601/4149/3617 361/4119/485
f 2601/4149/3617 362/4150/487 361/4119/485
f 2598/4151/3618 2597/4152/3619 2665/4153/3620
f 2665/4153/3620 2597/4152/3619 2667/4154/3621
f 2665/4153/3620 2667/4154/3621 2673/4155/3622
f 2673/4155/3622 2667/4154/3621 2674/4156/3623
f 2673/4155/3622 2674/4156/3623 2672/4157/3624
f 2672/4157/3624 2674/4156/3623 2595/4158/3625
f 2672/4157/3624 2595/4158/3625 2671/4159/3626
f 2671/4159/3626 2595/4158/3625 2594/4160/3627
f 2671/4159/3626 2594/4160/3627 2670/4161/3628
f 2670/4161/3628 2594/4160/3627 2593/4162/3629
f 2670/4161/3628 2593/4162/3629 2678/4163/3630
f 2678/4163/3630 2593/4162/3629 2592/4164/3631
f 2678/4163/3630 2592/4164/3631 2677/4165/3632
f 2677/4165/3632 2592/4164/3631 2676/4166/3633
f 2677/4165/3632 2676/4166/3633 2658/4167/3634
f 2658/4167/3634 2676/4166/3633 2657/4168/3635
f 2657/4168/3635 2676/4166/3633 2675/4169/3636
f 2657/4168/3635 2675/4169/3636 2656/4170/3637
f 2656/4170/3637 2675/4169/3636 2591/4171/3638
f 2656/4170/3637 2591/4171/3638 2590/4172/3639
f 2596/4173/3640 2669/4174/3641 2597/4152/3619
f 2597/4152/3619 2669/4174/3641 2668/4175/3642
f 2597/4152/3619 2668/4175/3642 2667/4154/3621
f 2667/4154/3621 2668/4175/3642 2596/4173/3640
f 2667/4154/3621 2596/4173/3640 2674/4156/3623
f 2674/4156/3623 2596/4173/3640 2595/4158/3625
f 2592/4164/3631 2591/4171/3638 2676/4166/3633
f 2676/4166/3633 2591/4171/3638 2675/4169/3636
f 2656/4170/3637 2590/4172/3639 2655/4176/3643
f 2655/4176/3643 2590/4172/3639 2589/4177/3644
f 2655/4176/3643 2589/4177/3644 2588/4178/3542
f 2658/4167/3634 2659/4179/3645 2677/4165/3632
f 2677/4165/3632 2659/4179/3645 2678/4163/3630
f 2659/4179/3645 2660/4180/3646 2678/4163/3630
f 2678/4163/3630 2660/4180/3646 2679/4181/3647
f 2678/4163/3630 2679/4181/3647 2670/4161/3628
f 2670/4161/3628 2679/4181/3647 2671/4159/3626
f 2660/4180/3646 2661/4182/3648 2679/4181/3647
f 2679/4181/3647 2661/4182/3648 2680/4183/3649
f 2679/4181/3647 2680/4183/3649 2671/4159/3626
f 2671/4159/3626 2680/4183/3649 2672/4157/3624
f 2680/4183/3649 2661/4182/3648 2682/4184/3650
f 2682/4184/3650 2661/4182/3648 2662/4185/3651
f 2682/4184/3650 2662/4185/3651 2666/4186/3652
f 2666/4186/3652 2662/4185/3651 2663/4187/3653
f 2666/4186/3652 2663/4187/3653 2665/4153/3620
f 2665/4153/3620 2663/4187/3653 2664/4188/3654
f 2666/4186/3652 2665/4153/3620 2681/4189/3655
f 2681/4189/3655 2665/4153/3620 2673/4155/3622
f 2681/4189/3655 2673/4155/3622 2672/4157/3624
f 2668/4175/3642 2669/4174/3641 2596/4173/3640
f 2681/4189/3655 2672/4157/3624 2680/4183/3649
f 2666/4186/3652 2681/4189/3655 2680/4183/3649
f 2682/4184/3650 2666/4186/3652 2680/4183/3649
f 359/4190/490 365/4191/491 360/4192/3656
f 360/4192/3656 365/4191/491 2634/4193/3657
f 2634/4193/3657 365/4191/491 2711/4194/3658
f 2634/4193/3657 2711/4194/3658 2686/4195/3659
f 2686/4195/3659 2711/4194/3658 2712/4196/3660
f 2686/4195/3659 2712/4196/3660 2635/4197/3661
f 2635/4197/3661 2712/4196/3660 2636/4198/3662
f 2636/4198/3662 2712/4196/3660 2710/4199/3663
f 2636/4198/3662 2710/4199/3663 2709/4200/3664
f 2709/4200/3664 2710/4199/3663 2705/4201/3665
f 2709/4200/3664 2705/4201/3665 2704/4202/3666
f 2704/4202/3666 2705/4201/3665 2696/4203/3667
f 2704/4202/3666 2696/4203/3667 2695/4204/3668
f 2695/4204/3668 2696/4203/3667 2691/4205/3669
f 2695/4204/3668 2691/4205/3669 2692/4206/3670
f 2692/4206/3670 2691/4205/3669 2658/4207/3671
f 2692/4206/3670 2658/4207/3671 2657/4208/3672
f 364/4209/492 2664/4210/3673 365/4191/491
f 365/4191/491 2664/4210/3673 2663/4211/3674
f 365/4191/491 2663/4211/3674 2685/4212/3675
f 2685/4212/3675 2663/4211/3674 2662/4213/3676
f 2685/4212/3675 2662/4213/3676 2700/4214/3677
f 2700/4214/3677 2662/4213/3676 2661/4215/3678
f 2700/4214/3677 2661/4215/3678 2688/4216/3679
f 2688/4216/3679 2661/4215/3678 2701/4217/3680
f 2688/4216/3679 2701/4217/3680 2689/4218/3681
f 2689/4218/3681 2701/4217/3680 2660/4219/3682
f 2689/4218/3681 2660/4219/3682 2690/4220/3683
f 2690/4220/3683 2660/4219/3682 2659/4221/3684
f 2690/4220/3683 2659/4221/3684 2691/4205/3669
f 2691/4205/3669 2659/4221/3684 2658/4207/3671
f 2661/4215/3678 2660/4219/3682 2701/4217/3680
f 2656/4222/3685 2693/4223/3686 2657/4208/3672
f 2657/4208/3672 2693/4223/3686 2694/4224/3687
f 2657/4208/3672 2694/4224/3687 2692/4206/3670
f 2692/4206/3670 2694/4224/3687 2695/4204/3668
f 2693/4223/3686 2656/4222/3685 2684/4225/3688
f 2684/4225/3688 2656/4222/3685 2655/4226/3689
f 2684/4225/3688 2655/4226/3689 2588/4227/3542
f 2587/4228/3540 2642/4229/3690 2588/4227/3542
f 2588/4227/3542 2642/4229/3690 2684/4225/3688
f 2642/4229/3690 2641/4230/3691 2684/4225/3688
f 2684/4225/3688 2641/4230/3691 2640/4231/3692
f 2684/4225/3688 2640/4231/3692 2693/4223/3686
f 2693/4223/3686 2640/4231/3692 2702/4232/3693
f 2693/4223/3686 2702/4232/3693 2694/4224/3687
f 2694/4224/3687 2702/4232/3693 2703/4233/3694
f 2694/4224/3687 2703/4233/3694 2695/4204/3668
f 2695/4204/3668 2703/4233/3694 2704/4202/3666
f 2640/4231/3692 2639/4234/3695 2702/4232/3693
f 2702/4232/3693 2639/4234/3695 2703/4233/3694
f 2639/4234/3695 2638/4235/3696 2703/4233/3694
f 2703/4233/3694 2638/4235/3696 2704/4202/3666
f 2704/4202/3666 2638/4235/3696 2708/4236/3697
f 2708/4236/3697 2638/4235/3696 2637/4237/3698
f 2708/4236/3697 2637/4237/3698 2709/4200/3664
f 2709/4200/3664 2637/4237/3698 2713/4238/3699
f 2709/4200/3664 2713/4238/3699 2636/4198/3662
f 2636/4198/3662 2713/4238/3699 2637/4237/3698
f 2635/4197/3661 2634/4193/3657 2686/4195/3659
f 2709/4200/3664 2704/4202/3666 2708/4236/3697
f 2683/4239/3700 365/4191/491 2707/4240/3701
f 2707/4240/3701 365/4191/491 2699/4241/3702
f 2707/4240/3701 2699/4241/3702 2698/4242/3703
f 2698/4242/3703 2699/4241/3702 2688/4216/3679
f 2698/4242/3703 2688/4216/3679 2689/4218/3681
f 2688/4216/3679 2699/4241/3702 2687/4243/3704
f 2687/4243/3704 2699/4241/3702 365/4191/491
f 2687/4243/3704 365/4191/491 2685/4212/3675
f 2685/4212/3675 2700/4214/3677 2687/4243/3704
f 2687/4243/3704 2700/4214/3677 2688/4216/3679
f 2689/4218/3681 2690/4220/3683 2697/4244/3705
f 2697/4244/3705 2690/4220/3683 2696/4203/3667
f 2697/4244/3705 2696/4203/3667 2705/4201/3665
f 2690/4220/3683 2691/4205/3669 2696/4203/3667
f 2689/4218/3681 2697/4244/3705 2698/4242/3703
f 2698/4242/3703 2697/4244/3705 2706/4245/3706
f 2698/4242/3703 2706/4245/3706 2707/4240/3701
f 2707/4240/3701 2706/4245/3706 2683/4239/3700
f 2706/4245/3706 2697/4244/3705 2705/4201/3665
f 2683/4239/3700 2706/4245/3706 2710/4199/3663
f 2710/4199/3663 2706/4245/3706 2705/4201/3665
f 365/4191/491 2683/4239/3700 2711/4194/3658
f 2711/4194/3658 2683/4239/3700 2710/4199/3663
f 2711/4194/3658 2710/4199/3663 2712/4196/3660
f 305/4246/431 329/4247/432 306/4248/3707
f 306/4248/3707 329/4247/432 353/4249/3708
f 306/4248/3707 353/4249/3708 2665/4250/3620
f 2665/4250/3620 353/4249/3708 2599/4251/3709
f 2665/4250/3620 2599/4251/3709 2598/4252/3618
f 2664/4253/3654 364/4254/3710 2665/4250/3620
f 2665/4250/3620 364/4254/3710 306/4248/3707
f 353/4255/477 352/4256/475 2599/4257/3579
f 2599/4257/3579 352/4256/475 2600/4258/3560
f 2600/4258/3560 352/4256/475 351/4259/474
f 2600/4258/3560 351/4259/474 363/4260/3562
f 363/4260/3562 351/4259/474 350/4261/476
f 2736/4262/3711 2714/4263/3712 2741/4264/3713
f 2741/4264/3713 2714/4263/3712 2715/4265/3714
f 2741/4264/3713 2715/4265/3714 2716/4266/3715
f 2716/4266/3715 2717/4267/3716 2741/4264/3713
f 2741/4264/3713 2717/4267/3716 2742/4268/3717
f 2741/4264/3713 2742/4268/3717 2735/4269/3718
f 2735/4269/3718 2742/4268/3717 2734/4270/3719
f 2734/4270/3719 2742/4268/3717 2743/4271/3720
f 2734/4270/3719 2743/4271/3720 2754/4272/3721
f 2754/4272/3721 2743/4271/3720 2744/4273/3722
f 2754/4272/3721 2744/4273/3722 2753/4274/3723
f 2753/4274/3723 2744/4273/3722 2745/4275/3724
f 2753/4274/3723 2745/4275/3724 2752/4276/3725
f 2752/4276/3725 2745/4275/3724 2746/4277/3726
f 2752/4276/3725 2746/4277/3726 2751/4278/3727
f 2751/4278/3727 2746/4277/3726 2747/4279/3728
f 2751/4278/3727 2747/4279/3728 2750/4280/3729
f 2750/4280/3729 2747/4279/3728 2748/4281/3730
f 2750/4280/3729 2748/4281/3730 2749/4282/3731
f 2749/4282/3731 2748/4281/3730 2727/4283/3732
f 2749/4282/3731 2727/4283/3732 2738/4284/3733
f 2738/4284/3733 2727/4283/3732 552/4285/3734
f 2738/4284/3733 552/4285/3734 2758/4286/3735
f 2758/4286/3735 552/4285/3734 2728/4287/3736
f 2758/4286/3735 2728/4287/3736 2737/4288/3737
f 2737/4288/3737 2728/4287/3736 2739/4289/3738
f 2737/4288/3737 2739/4289/3738 2729/4290/3739
f 2729/4290/3739 2739/4289/3738 2728/4287/3736
f 2717/4267/3716 2718/4291/3740 2742/4268/3717
f 2742/4268/3717 2718/4291/3740 2743/4271/3720
f 2718/4291/3740 2719/4292/3741 2743/4271/3720
f 2743/4271/3720 2719/4292/3741 2744/4273/3722
f 2719/4292/3741 2720/4293/3742 2744/4273/3722
f 2744/4273/3722 2720/4293/3742 2745/4275/3724
f 2720/4293/3742 2721/4294/3743 2745/4275/3724
f 2745/4275/3724 2721/4294/3743 2746/4277/3726
f 2746/4277/3726 2721/4294/3743 2755/4295/3744
f 2755/4295/3744 2721/4294/3743 2722/4296/3745
f 2755/4295/3744 2722/4296/3745 2756/4297/3746
f 2756/4297/3746 2722/4296/3745 2723/4298/3747
f 2756/4297/3746 2723/4298/3747 2740/4299/3748
f 2740/4299/3748 2723/4298/3747 2724/4300/3749
f 2740/4299/3748 2724/4300/3749 2727/4283/3732
f 2727/4283/3732 2724/4300/3749 2725/4301/3750
f 2727/4283/3732 2725/4301/3750 2726/4302/3751
f 552/4285/3734 551/4303/3752 2728/4287/3736
f 2730/4304/3753 2757/4305/3754 2729/4290/3739
f 2729/4290/3739 2757/4305/3754 2758/4286/3735
f 2729/4290/3739 2758/4286/3735 2737/4288/3737
f 2731/4306/3755 2760/4307/3756 2730/4304/3753
f 2730/4304/3753 2760/4307/3756 2750/4280/3729
f 2730/4304/3753 2750/4280/3729 2759/4308/3757
f 2759/4308/3757 2750/4280/3729 2749/4282/3731
f 2759/4308/3757 2749/4282/3731 2738/4284/3733
f 2732/4309/3758 2752/4276/3725 2731/4306/3755
f 2731/4306/3755 2752/4276/3725 2751/4278/3727
f 2731/4306/3755 2751/4278/3727 2760/4307/3756
f 2760/4307/3756 2751/4278/3727 2750/4280/3729
f 2752/4276/3725 2732/4309/3758 2753/4274/3723
f 2753/4274/3723 2732/4309/3758 2733/4310/3759
f 2753/4274/3723 2733/4310/3759 2754/4272/3721
f 2754/4272/3721 2733/4310/3759 2734/4270/3719
f 2735/4269/3718 2736/4262/3711 2741/4264/3713
f 2727/4283/3732 2748/4281/3730 2740/4299/3748
f 2740/4299/3748 2748/4281/3730 2747/4279/3728
f 2740/4299/3748 2747/4279/3728 2756/4297/3746
f 2756/4297/3746 2747/4279/3728 2746/4277/3726
f 2756/4297/3746 2746/4277/3726 2755/4295/3744
f 2738/4284/3733 2758/4286/3735 2757/4305/3754
f 2759/4308/3757 2738/4284/3733 2757/4305/3754
f 2757/4305/3754 2730/4304/3753 2759/4308/3757
f 549/4311/709 2761/4312/3760 550/4313/705
f 550/4313/705 2761/4312/3760 2777/4314/3761
f 550/4313/705 2777/4314/3761 2770/4315/3762
f 2770/4315/3762 2777/4314/3761 2776/4316/3763
f 2770/4315/3762 2776/4316/3763 2779/4317/3764
f 2779/4317/3764 2776/4316/3763 2775/4318/3765
f 2779/4317/3764 2775/4318/3765 2778/4319/3766
f 2778/4319/3766 2775/4318/3765 2774/4320/3767
f 2778/4319/3766 2774/4320/3767 2731/4321/3768
f 2731/4321/3768 2774/4320/3767 2780/4322/3769
f 2731/4321/3768 2780/4322/3769 2732/4323/3770
f 2732/4323/3770 2780/4322/3769 2774/4320/3767
f 2732/4323/3770 2774/4320/3767 2773/4324/3771
f 2773/4324/3771 2774/4320/3767 2765/4325/3772
f 2773/4324/3771 2765/4325/3772 2766/4326/3773
f 2761/4312/3760 2762/4327/3774 2777/4314/3761
f 2777/4314/3761 2762/4327/3774 2776/4316/3763
f 2762/4327/3774 2763/4328/3775 2776/4316/3763
f 2776/4316/3763 2763/4328/3775 2775/4318/3765
f 2763/4328/3775 2764/4329/3776 2775/4318/3765
f 2775/4318/3765 2764/4329/3776 2774/4320/3767
f 2764/4329/3776 2765/4325/3772 2774/4320/3767
f 2773/4324/3771 2766/4326/3773 2772/4330/3777
f 2772/4330/3777 2766/4326/3773 2767/4331/3778
f 2772/4330/3777 2767/4331/3778 2771/4332/3779
f 2771/4332/3779 2767/4331/3778 2768/4333/3780
f 2771/4332/3779 2768/4333/3780 2734/4334/3781
f 2734/4334/3781 2768/4333/3780 2735/4335/3782
f 2735/4335/3782 2768/4333/3780 2769/4336/3783
f 2735/4335/3782 2769/4336/3783 2736/4337/3784
f 2736/4337/3784 2769/4336/3783 2714/4338/3712
f 2771/4332/3779 2734/4334/3781 2772/4330/3777
f 2772/4330/3777 2734/4334/3781 2733/4339/3785
f 2772/4330/3777 2733/4339/3785 2773/4324/3771
f 2773/4324/3771 2733/4339/3785 2732/4323/3770
f 2731/4321/3768 2730/4340/3786 2778/4319/3766
f 2778/4319/3766 2730/4340/3786 2779/4317/3764
f 2730/4340/3786 2729/4341/3787 2779/4317/3764
f 2779/4317/3764 2729/4341/3787 2770/4315/3762
f 2770/4315/3762 2729/4341/3787 2781/4342/3788
f 2781/4342/3788 2729/4341/3787 2728/4343/3789
f 2781/4342/3788 2728/4343/3789 2770/4315/3762
f 2770/4315/3762 2728/4343/3789 550/4313/705
f 2728/4343/3789 551/4344/707 550/4313/705
f 2725/4345/3790 2724/4346/3791 2792/4347/3792
f 2792/4347/3792 2724/4346/3791 2794/4348/3793
f 2792/4347/3792 2794/4348/3793 2800/4349/3794
f 2800/4349/3794 2794/4348/3793 2801/4350/3795
f 2800/4349/3794 2801/4350/3795 2799/4351/3796
f 2799/4351/3796 2801/4350/3795 2722/4352/3797
f 2799/4351/3796 2722/4352/3797 2798/4353/3798
f 2798/4353/3798 2722/4352/3797 2721/4354/3799
f 2798/4353/3798 2721/4354/3799 2797/4355/3800
f 2797/4355/3800 2721/4354/3799 2720/4356/3801
f 2797/4355/3800 2720/4356/3801 2805/4357/3802
f 2805/4357/3802 2720/4356/3801 2719/4358/3803
f 2805/4357/3802 2719/4358/3803 2804/4359/3804
f 2804/4359/3804 2719/4358/3803 2803/4360/3805
f 2804/4359/3804 2803/4360/3805 2785/4361/3806
f 2785/4361/3806 2803/4360/3805 2784/4362/3807
f 2784/4362/3807 2803/4360/3805 2802/4363/3808
f 2784/4362/3807 2802/4363/3808 2783/4364/3809
f 2783/4364/3809 2802/4363/3808 2718/4365/3810
f 2783/4364/3809 2718/4365/3810 2717/4366/3811
f 2723/4367/3812 2796/4368/3813 2724/4346/3791
f 2724/4346/3791 2796/4368/3813 2795/4369/3814
f 2724/4346/3791 2795/4369/3814 2794/4348/3793
f 2794/4348/3793 2795/4369/3814 2723/4367/3812
f 2794/4348/3793 2723/4367/3812 2801/4350/3795
f 2801/4350/3795 2723/4367/3812 2722/4352/3797
f 2719/4358/3803 2718/4365/3810 2803/4360/3805
f 2803/4360/3805 2718/4365/3810 2802/4363/3808
f 2783/4364/3809 2717/4366/3811 2782/4370/3815
f 2782/4370/3815 2717/4366/3811 2716/4371/3816
f 2782/4370/3815 2716/4371/3816 2715/4372/3714
f 2785/4361/3806 2786/4373/3817 2804/4359/3804
f 2804/4359/3804 2786/4373/3817 2805/4357/3802
f 2786/4373/3817 2787/4374/3818 2805/4357/3802
f 2805/4357/3802 2787/4374/3818 2806/4375/3819
f 2805/4357/3802 2806/4375/3819 2797/4355/3800
f 2797/4355/3800 2806/4375/3819 2798/4353/3798
f 2787/4374/3818 2788/4376/3820 2806/4375/3819
f 2806/4375/3819 2788/4376/3820 2807/4377/3821
f 2806/4375/3819 2807/4377/3821 2798/4353/3798
f 2798/4353/3798 2807/4377/3821 2799/4351/3796
f 2807/4377/3821 2788/4376/3820 2809/4378/3822
f 2809/4378/3822 2788/4376/3820 2789/4379/3823
f 2809/4378/3822 2789/4379/3823 2793/4380/3824
f 2793/4380/3824 2789/4379/3823 2790/4381/3825
f 2793/4380/3824 2790/4381/3825 2792/4347/3792
f 2792/4347/3792 2790/4381/3825 2791/4382/3826
f 2793/4380/3824 2792/4347/3792 2808/4383/3827
f 2808/4383/3827 2792/4347/3792 2800/4349/3794
f 2808/4383/3827 2800/4349/3794 2799/4351/3796
f 2795/4369/3814 2796/4368/3813 2723/4367/3812
f 2808/4383/3827 2799/4351/3796 2807/4377/3821
f 2793/4380/3824 2808/4383/3827 2807/4377/3821
f 2809/4378/3822 2793/4380/3824 2807/4377/3821
f 548/4384/710 554/4385/711 549/4386/3828
f 549/4386/3828 554/4385/711 2761/4387/3829
f 2761/4387/3829 554/4385/711 2838/4388/3830
f 2761/4387/3829 2838/4388/3830 2813/4389/3831
f 2813/4389/3831 2838/4388/3830 2839/4390/3832
f 2813/4389/3831 2839/4390/3832 2762/4391/3833
f 2762/4391/3833 2839/4390/3832 2763/4392/3834
f 2763/4392/3834 2839/4390/3832 2837/4393/3835
f 2763/4392/3834 2837/4393/3835 2836/4394/3836
f 2836/4394/3836 2837/4393/3835 2832/4395/3837
f 2836/4394/3836 2832/4395/3837 2831/4396/3838
f 2831/4396/3838 2832/4395/3837 2823/4397/3839
f 2831/4396/3838 2823/4397/3839 2822/4398/3840
f 2822/4398/3840 2823/4397/3839 2818/4399/3841
f 2822/4398/3840 2818/4399/3841 2819/4400/3842
f 2819/4400/3842 2818/4399/3841 2785/4401/3843
f 2819/4400/3842 2785/4401/3843 2784/4402/3844
f 553/4403/712 2791/4404/3845 554/4385/711
f 554/4385/711 2791/4404/3845 2790/4405/3846
f 554/4385/711 2790/4405/3846 2812/4406/3847
f 2812/4406/3847 2790/4405/3846 2789/4407/3848
f 2812/4406/3847 2789/4407/3848 2827/4408/3849
f 2827/4408/3849 2789/4407/3848 2788/4409/3850
f 2827/4408/3849 2788/4409/3850 2815/4410/3851
f 2815/4410/3851 2788/4409/3850 2828/4411/3852
f 2815/4410/3851 2828/4411/3852 2816/4412/3853
f 2816/4412/3853 2828/4411/3852 2787/4413/3854
f 2816/4412/3853 2787/4413/3854 2817/4414/3855
f 2817/4414/3855 2787/4413/3854 2786/4415/3856
f 2817/4414/3855 2786/4415/3856 2818/4399/3841
f 2818/4399/3841 2786/4415/3856 2785/4401/3843
f 2788/4409/3850 2787/4413/3854 2828/4411/3852
f 2783/4416/3857 2820/4417/3858 2784/4402/3844
f 2784/4402/3844 2820/4417/3858 2821/4418/3859
f 2784/4402/3844 2821/4418/3859 2819/4400/3842
f 2819/4400/3842 2821/4418/3859 2822/4398/3840
f 2820/4417/3858 2783/4416/3857 2811/4419/3860
f 2811/4419/3860 2783/4416/3857 2782/4420/3861
f 2811/4419/3860 2782/4420/3861 2715/4421/3714
f 2714/4422/3712 2769/4423/3862 2715/4421/3714
f 2715/4421/3714 2769/4423/3862 2811/4419/3860
f 2769/4423/3862 2768/4424/3863 2811/4419/3860
f 2811/4419/3860 2768/4424/3863 2767/4425/3864
f 2811/4419/3860 2767/4425/3864 2820/4417/3858
f 2820/4417/3858 2767/4425/3864 2829/4426/3865
f 2820/4417/3858 2829/4426/3865 2821/4418/3859
f 2821/4418/3859 2829/4426/3865 2830/4427/3866
f 2821/4418/3859 2830/4427/3866 2822/4398/3840
f 2822/4398/3840 2830/4427/3866 2831/4396/3838
f 2767/4425/3864 2766/4428/3867 2829/4426/3865
f 2829/4426/3865 2766/4428/3867 2830/4427/3866
f 2766/4428/3867 2765/4429/3868 2830/4427/3866
f 2830/4427/3866 2765/4429/3868 2831/4396/3838
f 2831/4396/3838 2765/4429/3868 2835/4430/3869
f 2835/4430/3869 2765/4429/3868 2764/4431/3870
f 2835/4430/3869 2764/4431/3870 2836/4394/3836
f 2836/4394/3836 2764/4431/3870 2840/4432/3871
f 2836/4394/3836 2840/4432/3871 2763/4392/3834
f 2763/4392/3834 2840/4432/3871 2764/4431/3870
f 2762/4391/3833 2761/4387/3829 2813/4389/3831
f 2836/4394/3836 2831/4396/3838 2835/4430/3869
f 2810/4433/3872 554/4385/711 2834/4434/3873
f 2834/4434/3873 554/4385/711 2826/4435/3874
f 2834/4434/3873 2826/4435/3874 2825/4436/3875
f 2825/4436/3875 2826/4435/3874 2815/4410/3851
f 2825/4436/3875 2815/4410/3851 2816/4412/3853
f 2815/4410/3851 2826/4435/3874 2814/4437/3876
f 2814/4437/3876 2826/4435/3874 554/4385/711
f 2814/4437/3876 554/4385/711 2812/4406/3847
f 2812/4406/3847 2827/4408/3849 2814/4437/3876
f 2814/4437/3876 2827/4408/3849 2815/4410/3851
f 2816/4412/3853 2817/4414/3855 2824/4438/3877
f 2824/4438/3877 2817/4414/3855 2823/4397/3839
f 2824/4438/3877 2823/4397/3839 2832/4395/3837
f 2817/4414/3855 2818/4399/3841 2823/4397/3839
f 2816/4412/3853 2824/4438/3877 2825/4436/3875
f 2825/4436/3875 2824/4438/3877 2833/4439/3878
f 2825/4436/3875 2833/4439/3878 2834/4434/3873
f 2834/4434/3873 2833/4439/3878 2810/4433/3872
f 2833/4439/3878 2824/4438/3877 2832/4395/3837
f 2810/4433/3872 2833/4439/3878 2837/4393/3835
f 2837/4393/3835 2833/4439/3878 2832/4395/3837
f 554/4385/711 2810/4433/3872 2838/4388/3830
f 2838/4388/3830 2810/4433/3872 2837/4393/3835
f 2838/4388/3830 2837/4393/3835 2839/4390/3832
f 498/4440/654 521/4441/655 499/4442/3879
f 499/4442/3879 521/4441/655 530/4443/3880
f 499/4442/3879 530/4443/3880 2792/4444/3792
f 2792/4444/3792 530/4443/3880 2726/4445/3881
f 2792/4444/3792 2726/4445/3881 2725/4446/3790
f 2791/4447/3826 553/4448/3882 2792/4444/3792
f 2792/4444/3792 553/4448/3882 499/4442/3879
f 530/4449/670 529/4450/668 2726/4451/3751
f 2726/4451/3751 529/4450/668 2727/4452/3732
f 2727/4452/3732 529/4450/668 528/4453/662
f 2727/4452/3732 528/4453/662 552/4454/3734
f 552/4454/3734 528/4453/662 527/4455/661
f 2842/4456/3883 2843/4457/3884 2841/4458/3885
f 2841/4458/3885 2843/4457/3884 2864/4459/3886
f 2841/4458/3885 2864/4459/3886 2861/4460/3887
f 2861/4460/3887 2864/4459/3886 2860/4461/3888
f 2860/4461/3888 2864/4459/3886 2865/4462/3889
f 2860/4461/3888 2865/4462/3889 2859/4463/3890
f 2859/4463/3890 2865/4462/3889 2866/4464/3891
f 2859/4463/3890 2866/4464/3891 2867/4465/3892
f 2867/4465/3892 2866/4464/3891 2876/4466/3893
f 2867/4465/3892 2876/4466/3893 2877/4467/3894
f 2877/4467/3894 2876/4466/3893 2847/4468/3895
f 2877/4467/3894 2847/4468/3895 2848/4469/3896
f 2843/4457/3884 2844/4470/3897 2864/4459/3886
f 2864/4459/3886 2844/4470/3897 2845/4471/3898
f 2864/4459/3886 2845/4471/3898 2865/4462/3889
f 2865/4462/3889 2845/4471/3898 2875/4472/3899
f 2865/4462/3889 2875/4472/3899 2866/4464/3891
f 2866/4464/3891 2875/4472/3899 2876/4466/3893
f 2845/4471/3898 2846/4473/3900 2875/4472/3899
f 2875/4472/3899 2846/4473/3900 2876/4466/3893
f 2846/4473/3900 2847/4468/3895 2876/4466/3893
f 2849/4474/3901 2881/4475/3902 2848/4469/3896
f 2848/4469/3896 2881/4475/3902 2878/4476/3903
f 2848/4469/3896 2878/4476/3903 2877/4467/3894
f 2877/4467/3894 2878/4476/3903 2868/4477/3904
f 2877/4467/3894 2868/4477/3904 2867/4465/3892
f 2867/4465/3892 2868/4477/3904 2858/4478/3905
f 2867/4465/3892 2858/4478/3905 2859/4463/3890
f 2850/4479/3906 2884/4480/3907 2849/4474/3901
f 2849/4474/3901 2884/4480/3907 2882/4481/3908
f 2849/4474/3901 2882/4481/3908 2881/4475/3902
f 2881/4475/3902 2882/4481/3908 2878/4476/3903
f 2851/4482/3909 2862/4483/3910 2850/4479/3906
f 2850/4479/3906 2862/4483/3910 2885/4484/3911
f 2850/4479/3906 2885/4484/3911 2883/4485/3912
f 2883/4485/3912 2885/4484/3911 2851/4482/3909
f 2883/4485/3912 2851/4482/3909 2863/4486/3913
f 2863/4486/3913 2851/4482/3909 1376/4487/1872
f 2863/4486/3913 1376/4487/1872 2880/4488/3914
f 2880/4488/3914 1376/4487/1872 2871/4489/3915
f 2880/4488/3914 2871/4489/3915 2870/4490/3916
f 2870/4490/3916 2871/4489/3915 2873/4491/3917
f 2870/4490/3916 2873/4491/3917 2874/4492/3918
f 2874/4492/3918 2873/4491/3917 2855/4493/3919
f 2874/4492/3918 2855/4493/3919 2856/4494/3920
f 2851/4482/3909 2852/4495/3921 1376/4487/1872
f 1376/4487/1872 2852/4495/3921 1377/4496/1871
f 1375/4497/1873 1381/4498/3922 1376/4487/1872
f 1376/4487/1872 1381/4498/3922 2853/4499/3923
f 1376/4487/1872 2853/4499/3923 2872/4500/3924
f 2872/4500/3924 2853/4499/3923 2854/4501/3925
f 2872/4500/3924 2854/4501/3925 2873/4491/3917
f 2873/4491/3917 2854/4501/3925 2855/4493/3919
f 2874/4492/3918 2856/4494/3920 2869/4502/3926
f 2869/4502/3926 2856/4494/3920 2857/4503/3927
f 2869/4502/3926 2857/4503/3927 2868/4477/3904
f 2868/4477/3904 2857/4503/3927 2858/4478/3905
f 2862/4483/3910 2851/4482/3909 2885/4484/3911
f 2874/4492/3918 2869/4502/3926 2870/4490/3916
f 2870/4490/3916 2869/4502/3926 2879/4504/3928
f 2870/4490/3916 2879/4504/3928 2880/4488/3914
f 2880/4488/3914 2879/4504/3928 2863/4486/3913
f 2879/4504/3928 2869/4502/3926 2878/4476/3903
f 2878/4476/3903 2869/4502/3926 2868/4477/3904
f 2872/4500/3924 2873/4491/3917 2871/4489/3915
f 2871/4489/3915 1376/4487/1872 2872/4500/3924
f 2863/4486/3913 2879/4504/3928 2882/4481/3908
f 2882/4481/3908 2879/4504/3928 2878/4476/3903
f 2883/4485/3912 2863/4486/3913 2882/4481/3908
f 2850/4479/3906 2883/4485/3912 2884/4480/3907
f 2884/4480/3907 2883/4485/3912 2882/4481/3908
f 2842/4505/3883 2886/4506/3929 2843/4507/3930
f 2843/4507/3930 2886/4506/3929 2844/4508/3931
f 2844/4508/3931 2886/4506/3929 2887/4509/3932
f 2844/4508/3931 2887/4509/3932 2845/4510/3933
f 2845/4510/3933 2887/4509/3932 2902/4511/3934
f 2845/4510/3933 2902/4511/3934 2903/4512/3935
f 2903/4512/3935 2902/4511/3934 2888/4513/3936
f 2903/4512/3935 2888/4513/3936 2889/4514/3937
f 2887/4509/3932 2888/4513/3936 2902/4511/3934
f 2903/4512/3935 2889/4514/3937 2904/4515/3938
f 2904/4515/3938 2889/4514/3937 2890/4516/3939
f 2904/4515/3938 2890/4516/3939 2905/4517/3940
f 2905/4517/3940 2890/4516/3939 2891/4518/3941
f 2905/4517/3940 2891/4518/3941 2901/4519/3942
f 2901/4519/3942 2891/4518/3941 2892/4520/3943
f 2901/4519/3942 2892/4520/3943 2899/4521/3944
f 2899/4521/3944 2892/4520/3943 2893/4522/3945
f 2899/4521/3944 2893/4522/3945 2897/4523/3946
f 2897/4523/3946 2893/4522/3945 2894/4524/3947
f 2897/4523/3946 2894/4524/3947 2896/4525/3948
f 2896/4525/3948 2894/4524/3947 2895/4526/3949
f 2852/4527/3950 2851/4528/3951 2896/4525/3948
f 2896/4525/3948 2851/4528/3951 2898/4529/3952
f 2896/4525/3948 2898/4529/3952 2897/4523/3946
f 2897/4523/3946 2898/4529/3952 2900/4530/3953
f 2897/4523/3946 2900/4530/3953 2899/4521/3944
f 2899/4521/3944 2900/4530/3953 2849/4531/3954
f 2899/4521/3944 2849/4531/3954 2906/4532/3955
f 2906/4532/3955 2849/4531/3954 2848/4533/3956
f 2906/4532/3955 2848/4533/3956 2901/4519/3942
f 2901/4519/3942 2848/4533/3956 2905/4517/3940
f 2898/4529/3952 2851/4528/3951 2908/4534/3957
f 2908/4534/3957 2851/4528/3951 2850/4535/3958
f 2908/4534/3957 2850/4535/3958 2898/4529/3952
f 2898/4529/3952 2850/4535/3958 2900/4530/3953
f 2850/4535/3958 2849/4531/3954 2900/4530/3953
f 2905/4517/3940 2848/4533/3956 2907/4536/3959
f 2907/4536/3959 2848/4533/3956 2847/4537/3960
f 2907/4536/3959 2847/4537/3960 2905/4517/3940
f 2905/4517/3940 2847/4537/3960 2904/4515/3938
f 2847/4537/3960 2846/4538/3961 2904/4515/3938
f 2904/4515/3938 2846/4538/3961 2903/4512/3935
f 2846/4538/3961 2845/4510/3933 2903/4512/3935
f 2901/4519/3942 2899/4521/3944 2906/4532/3955
f 2841/4539/3885 2861/4540/3962 2917/4541/3963
f 2917/4541/3963 2861/4540/3962 2860/4542/3964
f 2917/4541/3963 2860/4542/3964 2916/4543/3965
f 2916/4543/3965 2860/4542/3964 2859/4544/3966
f 2916/4543/3965 2859/4544/3966 2926/4545/3967
f 2926/4545/3967 2859/4544/3966 2925/4546/3968
f 2926/4545/3967 2925/4546/3968 2915/4547/3969
f 2915/4547/3969 2925/4546/3968 2914/4548/3970
f 2914/4548/3970 2925/4546/3968 2924/4549/3971
f 2914/4548/3970 2924/4549/3971 2923/4550/3972
f 2923/4550/3972 2924/4549/3971 2857/4551/3973
f 2923/4550/3972 2857/4551/3973 2927/4552/3974
f 2927/4552/3974 2857/4551/3973 2856/4553/3975
f 2927/4552/3974 2856/4553/3975 2928/4554/3976
f 2928/4554/3976 2856/4553/3975 2855/4555/3977
f 2928/4554/3976 2855/4555/3977 2929/4556/3978
f 2929/4556/3978 2855/4555/3977 2931/4557/3979
f 2929/4556/3978 2931/4557/3979 2918/4558/3980
f 2918/4558/3980 2931/4557/3979 2854/4559/3981
f 2918/4558/3980 2854/4559/3981 2932/4560/3982
f 2932/4560/3982 2854/4559/3981 2933/4561/3983
f 2932/4560/3982 2933/4561/3983 2853/4562/3984
f 2853/4562/3984 2933/4561/3983 2854/4559/3981
f 2859/4544/3966 2858/4563/3985 2925/4546/3968
f 2925/4546/3968 2858/4563/3985 2924/4549/3971
f 2858/4563/3985 2857/4551/3973 2924/4549/3971
f 2855/4555/3977 2854/4559/3981 2931/4557/3979
f 1381/4564/1878 1380/4565/1876 2853/4562/3984
f 2853/4562/3984 1380/4565/1876 2918/4558/3980
f 2853/4562/3984 2918/4558/3980 2932/4560/3982
f 1379/4566/1880 2909/4567/3986 1380/4565/1876
f 1380/4565/1876 2909/4567/3986 2919/4568/3987
f 1380/4565/1876 2919/4568/3987 2920/4569/3988
f 2920/4569/3988 2919/4568/3987 2934/4570/3989
f 2920/4569/3988 2934/4570/3989 2921/4571/3990
f 2921/4571/3990 2934/4570/3989 2911/4572/3991
f 2921/4571/3990 2911/4572/3991 2922/4573/3992
f 2922/4573/3992 2911/4572/3991 2912/4574/3993
f 2922/4573/3992 2912/4574/3993 2923/4550/3972
f 2923/4550/3972 2912/4574/3993 2913/4575/3994
f 2923/4550/3972 2913/4575/3994 2914/4548/3970
f 2909/4567/3986 2910/4576/3995 2919/4568/3987
f 2919/4568/3987 2910/4576/3995 2934/4570/3989
f 2910/4576/3995 2911/4572/3991 2934/4570/3989
f 2915/4547/3969 2916/4543/3965 2926/4545/3967
f 2918/4558/3980 1380/4565/1876 2930/4577/3996
f 2930/4577/3996 1380/4565/1876 2920/4569/3988
f 2930/4577/3996 2920/4569/3988 2921/4571/3990
f 2928/4554/3976 2929/4556/3978 2922/4573/3992
f 2922/4573/3992 2929/4556/3978 2921/4571/3990
f 2927/4552/3974 2928/4554/3976 2923/4550/3972
f 2923/4550/3972 2928/4554/3976 2922/4573/3992
f 2918/4558/3980 2930/4577/3996 2929/4556/3978
f 2929/4556/3978 2930/4577/3996 2921/4571/3990
f 1378/4578/3997 2935/4579/3998 1379/4580/3999
f 1379/4580/3999 2935/4579/3998 2909/4581/4000
f 2909/4581/4000 2935/4579/3998 2937/4582/4001
f 2909/4581/4000 2937/4582/4001 2910/4583/4002
f 2910/4583/4002 2937/4582/4001 2938/4584/4003
f 2910/4583/4002 2938/4584/4003 2911/4585/4004
f 2911/4585/4004 2938/4584/4003 2939/4586/4005
f 2911/4585/4004 2939/4586/4005 2912/4587/4006
f 2912/4587/4006 2939/4586/4005 2965/4588/4007
f 2912/4587/4006 2965/4588/4007 2964/4589/4008
f 2964/4589/4008 2965/4588/4007 2950/4590/4009
f 2964/4589/4008 2950/4590/4009 2949/4591/4010
f 2949/4591/4010 2950/4590/4009 2944/4592/4011
f 2949/4591/4010 2944/4592/4011 2945/4593/4012
f 2945/4593/4012 2944/4592/4011 2889/4594/4013
f 2945/4593/4012 2889/4594/4013 2888/4595/4014
f 2936/4596/4015 2895/4597/4016 2935/4579/3998
f 2935/4579/3998 2895/4597/4016 2894/4598/4017
f 2935/4579/3998 2894/4598/4017 2957/4599/4018
f 2957/4599/4018 2894/4598/4017 2958/4600/4019
f 2957/4599/4018 2958/4600/4019 2893/4601/4020
f 2893/4601/4020 2958/4600/4019 2894/4598/4017
f 2957/4599/4018 2893/4601/4020 2954/4602/4021
f 2954/4602/4021 2893/4601/4020 2892/4603/4022
f 2954/4602/4021 2892/4603/4022 2960/4604/4023
f 2960/4604/4023 2892/4603/4022 2955/4605/4024
f 2960/4604/4023 2955/4605/4024 2942/4606/4025
f 2942/4606/4025 2955/4605/4024 2943/4607/4026
f 2942/4606/4025 2943/4607/4026 2951/4608/4027
f 2951/4608/4027 2943/4607/4026 2950/4590/4009
f 2951/4608/4027 2950/4590/4009 2965/4588/4007
f 2955/4605/4024 2892/4603/4022 2961/4609/4028
f 2961/4609/4028 2892/4603/4022 2891/4610/4029
f 2961/4609/4028 2891/4610/4029 2955/4605/4024
f 2955/4605/4024 2891/4610/4029 2959/4611/4030
f 2955/4605/4024 2959/4611/4030 2943/4607/4026
f 2943/4607/4026 2959/4611/4030 2890/4612/4031
f 2943/4607/4026 2890/4612/4031 2944/4592/4011
f 2944/4592/4011 2890/4612/4031 2889/4594/4013
f 2891/4610/4029 2890/4612/4031 2959/4611/4030
f 2887/4613/4032 2947/4614/4033 2888/4595/4014
f 2888/4595/4014 2947/4614/4033 2948/4615/4034
f 2888/4595/4014 2948/4615/4034 2945/4593/4012
f 2945/4593/4012 2948/4615/4034 2949/4591/4010
f 2947/4614/4033 2887/4613/4032 2946/4616/4035
f 2946/4616/4035 2887/4613/4032 2886/4617/4036
f 2946/4616/4035 2886/4617/4036 2842/4618/3883
f 2842/4618/3883 2841/4619/3885 2946/4616/4035
f 2946/4616/4035 2841/4619/3885 2917/4620/4037
f 2946/4616/4035 2917/4620/4037 2916/4621/4038
f 2916/4621/4038 2915/4622/4039 2946/4616/4035
f 2946/4616/4035 2915/4622/4039 2947/4614/4033
f 2947/4614/4033 2915/4622/4039 2962/4623/4040
f 2962/4623/4040 2915/4622/4039 2914/4624/4041
f 2962/4623/4040 2914/4624/4041 2963/4625/4042
f 2963/4625/4042 2914/4624/4041 2913/4626/4043
f 2963/4625/4042 2913/4626/4043 2964/4589/4008
f 2964/4589/4008 2913/4626/4043 2912/4587/4006
f 2935/4579/3998 2956/4627/4044 2940/4628/4045
f 2940/4628/4045 2956/4627/4044 2941/4629/4046
f 2940/4628/4045 2941/4629/4046 2953/4630/4047
f 2953/4630/4047 2941/4629/4046 2952/4631/4048
f 2953/4630/4047 2952/4631/4048 2967/4632/4049
f 2967/4632/4049 2952/4631/4048 2966/4633/4050
f 2967/4632/4049 2966/4633/4050 2937/4582/4001
f 2937/4582/4001 2966/4633/4050 2938/4584/4003
f 2937/4582/4001 2935/4579/3998 2967/4632/4049
f 2967/4632/4049 2935/4579/3998 2953/4630/4047
f 2965/4588/4007 2939/4586/4005 2938/4584/4003
f 2965/4588/4007 2938/4584/4003 2966/4633/4050
f 2935/4579/3998 2940/4628/4045 2953/4630/4047
f 2941/4629/4046 2942/4606/4025 2952/4631/4048
f 2952/4631/4048 2942/4606/4025 2951/4608/4027
f 2952/4631/4048 2951/4608/4027 2966/4633/4050
f 2966/4633/4050 2951/4608/4027 2965/4588/4007
f 2942/4606/4025 2941/4629/4046 2960/4604/4023
f 2960/4604/4023 2941/4629/4046 2956/4627/4044
f 2960/4604/4023 2956/4627/4044 2957/4599/4018
f 2957/4599/4018 2956/4627/4044 2935/4579/3998
f 2943/4607/4026 2944/4592/4011 2950/4590/4009
f 2947/4614/4033 2962/4623/4040 2948/4615/4034
f 2948/4615/4034 2962/4623/4040 2963/4625/4042
f 2948/4615/4034 2963/4625/4042 2949/4591/4010
f 2949/4591/4010 2963/4625/4042 2964/4589/4008
f 2960/4604/4023 2957/4599/4018 2954/4602/4021
f 1341/4634/1815 1340/4635/1813 1378/4636/3997
f 1378/4636/3997 1340/4635/1813 2935/4637/3998
f 2935/4637/3998 1340/4635/1813 1339/4638/1807
f 2935/4637/3998 1339/4638/1807 2936/4639/4015
f 2936/4639/4015 1339/4638/1807 1338/4640/1806
f 1326/4641/1799 1325/4642/1800 1338/4643/4051
f 1338/4643/4051 1325/4642/1800 1369/4644/4052
f 1338/4643/4051 1369/4644/4052 2896/4645/3948
f 2896/4645/3948 1369/4644/4052 1377/4646/4053
f 2896/4645/3948 1377/4646/4053 2852/4647/3950
f 2895/4648/3949 2936/4649/4054 2896/4645/3948
f 2896/4645/3948 2936/4649/4054 1338/4643/4051
f 2990/4650/4055 2968/4651/4056 2995/4652/4057
f 2995/4652/4057 2968/4651/4056 2969/4653/4058
f 2995/4652/4057 2969/4653/4058 2970/4654/4059
f 2970/4654/4059 2971/4655/4060 2995/4652/4057
f 2995/4652/4057 2971/4655/4060 2996/4656/4061
f 2995/4652/4057 2996/4656/4061 2989/4657/4062
f 2989/4657/4062 2996/4656/4061 2988/4658/4063
f 2988/4658/4063 2996/4656/4061 2997/4659/4064
f 2988/4658/4063 2997/4659/4064 3008/4660/4065
f 3008/4660/4065 2997/4659/4064 2998/4661/4066
f 3008/4660/4065 2998/4661/4066 3007/4662/4067
f 3007/4662/4067 2998/4661/4066 2999/4663/4068
f 3007/4662/4067 2999/4663/4068 3006/4664/4069
f 3006/4664/4069 2999/4663/4068 3000/4665/4070
f 3006/4664/4069 3000/4665/4070 3005/4666/4071
f 3005/4666/4071 3000/4665/4070 3001/4667/4072
f 3005/4666/4071 3001/4667/4072 3004/4668/4073
f 3004/4668/4073 3001/4667/4072 3002/4669/4074
f 3004/4668/4073 3002/4669/4074 3003/4670/4075
f 3003/4670/4075 3002/4669/4074 2981/4671/4076
f 3003/4670/4075 2981/4671/4076 2992/4672/4077
f 2992/4672/4077 2981/4671/4076 741/4673/4078
f 2992/4672/4077 741/4673/4078 3012/4674/4079
f 3012/4674/4079 741/4673/4078 2982/4675/4080
f 3012/4674/4079 2982/4675/4080 2991/4676/4081
f 2991/4676/4081 2982/4675/4080 2993/4677/4082
f 2991/4676/4081 2993/4677/4082 2983/4678/4083
f 2983/4678/4083 2993/4677/4082 2982/4675/4080
f 2971/4655/4060 2972/4679/4084 2996/4656/4061
f 2996/4656/4061 2972/4679/4084 2997/4659/4064
f 2972/4679/4084 2973/4680/4085 2997/4659/4064
f 2997/4659/4064 2973/4680/4085 2998/4661/4066
f 2973/4680/4085 2974/4681/4086 2998/4661/4066
f 2998/4661/4066 2974/4681/4086 2999/4663/4068
f 2974/4681/4086 2975/4682/4087 2999/4663/4068
f 2999/4663/4068 2975/4682/4087 3000/4665/4070
f 3000/4665/4070 2975/4682/4087 3009/4683/4088
f 3009/4683/4088 2975/4682/4087 2976/4684/4089
f 3009/4683/4088 2976/4684/4089 3010/4685/4090
f 3010/4685/4090 2976/4684/4089 2977/4686/4091
f 3010/4685/4090 2977/4686/4091 2994/4687/4092
f 2994/4687/4092 2977/4686/4091 2978/4688/4093
f 2994/4687/4092 2978/4688/4093 2981/4671/4076
f 2981/4671/4076 2978/4688/4093 2979/4689/4094
f 2981/4671/4076 2979/4689/4094 2980/4690/4095
f 741/4673/4078 740/4691/4096 2982/4675/4080
f 2984/4692/4097 3011/4693/4098 2983/4678/4083
f 2983/4678/4083 3011/4693/4098 3012/4674/4079
f 2983/4678/4083 3012/4674/4079 2991/4676/4081
f 2985/4694/4099 3014/4695/4100 2984/4692/4097
f 2984/4692/4097 3014/4695/4100 3004/4668/4073
f 2984/4692/4097 3004/4668/4073 3013/4696/4101
f 3013/4696/4101 3004/4668/4073 3003/4670/4075
f 3013/4696/4101 3003/4670/4075 2992/4672/4077
f 2986/4697/4102 3006/4664/4069 2985/4694/4099
f 2985/4694/4099 3006/4664/4069 3005/4666/4071
f 2985/4694/4099 3005/4666/4071 3014/4695/4100
f 3014/4695/4100 3005/4666/4071 3004/4668/4073
f 3006/4664/4069 2986/4697/4102 3007/4662/4067
f 3007/4662/4067 2986/4697/4102 2987/4698/4103
f 3007/4662/4067 2987/4698/4103 3008/4660/4065
f 3008/4660/4065 2987/4698/4103 2988/4658/4063
f 2989/4657/4062 2990/4650/4055 2995/4652/4057
f 2981/4671/4076 3002/4669/4074 2994/4687/4092
f 2994/4687/4092 3002/4669/4074 3001/4667/4072
f 2994/4687/4092 3001/4667/4072 3010/4685/4090
f 3010/4685/4090 3001/4667/4072 3000/4665/4070
f 3010/4685/4090 3000/4665/4070 3009/4683/4088
f 2992/4672/4077 3012/4674/4079 3011/4693/4098
f 3013/4696/4101 2992/4672/4077 3011/4693/4098
f 3011/4693/4098 2984/4692/4097 3013/4696/4101
f 738/4699/991 3015/4700/4104 739/4701/987
f 739/4701/987 3015/4700/4104 3031/4702/4105
f 739/4701/987 3031/4702/4105 3024/4703/4106
f 3024/4703/4106 3031/4702/4105 3030/4704/4107
f 3024/4703/4106 3030/4704/4107 3033/4705/4108
f 3033/4705/4108 3030/4704/4107 3029/4706/4109
f 3033/4705/4108 3029/4706/4109 3032/4707/4110
f 3032/4707/4110 3029/4706/4109 3028/4708/4111
f 3032/4707/4110 3028/4708/4111 2985/4709/4112
f 2985/4709/4112 3028/4708/4111 3034/4710/4113
f 2985/4709/4112 3034/4710/4113 2986/4711/4114
f 2986/4711/4114 3034/4710/4113 3028/4708/4111
f 2986/4711/4114 3028/4708/4111 3027/4712/4115
f 3027/4712/4115 3028/4708/4111 3019/4713/4116
f 3027/4712/4115 3019/4713/4116 3020/4714/4117
f 3015/4700/4104 3016/4715/4118 3031/4702/4105
f 3031/4702/4105 3016/4715/4118 3030/4704/4107
f 3016/4715/4118 3017/4716/4119 3030/4704/4107
f 3030/4704/4107 3017/4716/4119 3029/4706/4109
f 3017/4716/4119 3018/4717/4120 3029/4706/4109
f 3029/4706/4109 3018/4717/4120 3028/4708/4111
f 3018/4717/4120 3019/4713/4116 3028/4708/4111
f 3027/4712/4115 3020/4714/4117 3026/4718/4121
f 3026/4718/4121 3020/4714/4117 3021/4719/4122
f 3026/4718/4121 3021/4719/4122 3025/4720/4123
f 3025/4720/4123 3021/4719/4122 3022/4721/4124
f 3025/4720/4123 3022/4721/4124 2988/4722/4125
f 2988/4722/4125 3022/4721/4124 2989/4723/4126
f 2989/4723/4126 3022/4721/4124 3023/4724/4127
f 2989/4723/4126 3023/4724/4127 2990/4725/4128
f 2990/4725/4128 3023/4724/4127 2968/4726/4056
f 3025/4720/4123 2988/4722/4125 3026/4718/4121
f 3026/4718/4121 2988/4722/4125 2987/4727/4129
f 3026/4718/4121 2987/4727/4129 3027/4712/4115
f 3027/4712/4115 2987/4727/4129 2986/4711/4114
f 2985/4709/4112 2984/4728/4130 3032/4707/4110
f 3032/4707/4110 2984/4728/4130 3033/4705/4108
f 2984/4728/4130 2983/4729/4131 3033/4705/4108
f 3033/4705/4108 2983/4729/4131 3024/4703/4106
f 3024/4703/4106 2983/4729/4131 3035/4730/4132
f 3035/4730/4132 2983/4729/4131 2982/4731/4133
f 3035/4730/4132 2982/4731/4133 3024/4703/4106
f 3024/4703/4106 2982/4731/4133 739/4701/987
f 2982/4731/4133 740/4732/989 739/4701/987
f 2979/4733/4134 2978/4734/4135 3046/4735/4136
f 3046/4735/4136 2978/4734/4135 3048/4736/4137
f 3046/4735/4136 3048/4736/4137 3054/4737/4138
f 3054/4737/4138 3048/4736/4137 3055/4738/4139
f 3054/4737/4138 3055/4738/4139 3053/4739/4140
f 3053/4739/4140 3055/4738/4139 2976/4740/4141
f 3053/4739/4140 2976/4740/4141 3052/4741/4142
f 3052/4741/4142 2976/4740/4141 2975/4742/4143
f 3052/4741/4142 2975/4742/4143 3051/4743/4144
f 3051/4743/4144 2975/4742/4143 2974/4744/4145
f 3051/4743/4144 2974/4744/4145 3059/4745/4146
f 3059/4745/4146 2974/4744/4145 2973/4746/4147
f 3059/4745/4146 2973/4746/4147 3058/4747/4148
f 3058/4747/4148 2973/4746/4147 3057/4748/4149
f 3058/4747/4148 3057/4748/4149 3039/4749/4150
f 3039/4749/4150 3057/4748/4149 3038/4750/4151
f 3038/4750/4151 3057/4748/4149 3056/4751/4152
f 3038/4750/4151 3056/4751/4152 3037/4752/4153
f 3037/4752/4153 3056/4751/4152 2972/4753/4154
f 3037/4752/4153 2972/4753/4154 2971/4754/4155
f 2977/4755/4156 3050/4756/4157 2978/4734/4135
f 2978/4734/4135 3050/4756/4157 3049/4757/4158
f 2978/4734/4135 3049/4757/4158 3048/4736/4137
f 3048/4736/4137 3049/4757/4158 2977/4755/4156
f 3048/4736/4137 2977/4755/4156 3055/4738/4139
f 3055/4738/4139 2977/4755/4156 2976/4740/4141
f 2973/4746/4147 2972/4753/4154 3057/4748/4149
f 3057/4748/4149 2972/4753/4154 3056/4751/4152
f 3037/4752/4153 2971/4754/4155 3036/4758/4159
f 3036/4758/4159 2971/4754/4155 2970/4759/4160
f 3036/4758/4159 2970/4759/4160 2969/4760/4058
f 3039/4749/4150 3040/4761/4161 3058/4747/4148
f 3058/4747/4148 3040/4761/4161 3059/4745/4146
f 3040/4761/4161 3041/4762/4162 3059/4745/4146
f 3059/4745/4146 3041/4762/4162 3060/4763/4163
f 3059/4745/4146 3060/4763/4163 3051/4743/4144
f 3051/4743/4144 3060/4763/4163 3052/4741/4142
f 3041/4762/4162 3042/4764/4164 3060/4763/4163
f 3060/4763/4163 3042/4764/4164 3061/4765/4165
f 3060/4763/4163 3061/4765/4165 3052/4741/4142
f 3052/4741/4142 3061/4765/4165 3053/4739/4140
f 3061/4765/4165 3042/4764/4164 3063/4766/4166
f 3063/4766/4166 3042/4764/4164 3043/4767/4167
f 3063/4766/4166 3043/4767/4167 3047/4768/4168
f 3047/4768/4168 3043/4767/4167 3044/4769/4169
f 3047/4768/4168 3044/4769/4169 3046/4735/4136
f 3046/4735/4136 3044/4769/4169 3045/4770/4170
f 3047/4768/4168 3046/4735/4136 3062/4771/4171
f 3062/4771/4171 3046/4735/4136 3054/4737/4138
f 3062/4771/4171 3054/4737/4138 3053/4739/4140
f 3049/4757/4158 3050/4756/4157 2977/4755/4156
f 3062/4771/4171 3053/4739/4140 3061/4765/4165
f 3047/4768/4168 3062/4771/4171 3061/4765/4165
f 3063/4766/4166 3047/4768/4168 3061/4765/4165
f 737/4772/992 743/4773/993 738/4774/4172
f 738/4774/4172 743/4773/993 3015/4775/4173
f 3015/4775/4173 743/4773/993 3092/4776/4174
f 3015/4775/4173 3092/4776/4174 3067/4777/4175
f 3067/4777/4175 3092/4776/4174 3093/4778/4176
f 3067/4777/4175 3093/4778/4176 3016/4779/4177
f 3016/4779/4177 3093/4778/4176 3017/4780/4178
f 3017/4780/4178 3093/4778/4176 3091/4781/4179
f 3017/4780/4178 3091/4781/4179 3090/4782/4180
f 3090/4782/4180 3091/4781/4179 3086/4783/4181
f 3090/4782/4180 3086/4783/4181 3085/4784/4182
f 3085/4784/4182 3086/4783/4181 3077/4785/4183
f 3085/4784/4182 3077/4785/4183 3076/4786/4184
f 3076/4786/4184 3077/4785/4183 3072/4787/4185
f 3076/4786/4184 3072/4787/4185 3073/4788/4186
f 3073/4788/4186 3072/4787/4185 3039/4789/4187
f 3073/4788/4186 3039/4789/4187 3038/4790/4188
f 742/4791/994 3045/4792/4189 743/4773/993
f 743/4773/993 3045/4792/4189 3044/4793/4190
f 743/4773/993 3044/4793/4190 3066/4794/4191
f 3066/4794/4191 3044/4793/4190 3043/4795/4192
f 3066/4794/4191 3043/4795/4192 3081/4796/4193
f 3081/4796/4193 3043/4795/4192 3042/4797/4194
f 3081/4796/4193 3042/4797/4194 3069/4798/4195
f 3069/4798/4195 3042/4797/4194 3082/4799/4196
f 3069/4798/4195 3082/4799/4196 3070/4800/4197
f 3070/4800/4197 3082/4799/4196 3041/4801/4198
f 3070/4800/4197 3041/4801/4198 3071/4802/4199
f 3071/4802/4199 3041/4801/4198 3040/4803/4200
f 3071/4802/4199 3040/4803/4200 3072/4787/4185
f 3072/4787/4185 3040/4803/4200 3039/4789/4187
f 3042/4797/4194 3041/4801/4198 3082/4799/4196
f 3037/4804/4201 3074/4805/4202 3038/4790/4188
f 3038/4790/4188 3074/4805/4202 3075/4806/4203
f 3038/4790/4188 3075/4806/4203 3073/4788/4186
f 3073/4788/4186 3075/4806/4203 3076/4786/4184
f 3074/4805/4202 3037/4804/4201 3065/4807/4204
f 3065/4807/4204 3037/4804/4201 3036/4808/4205
f 3065/4807/4204 3036/4808/4205 2969/4809/4058
f 2968/4810/4056 3023/4811/4206 2969/4809/4058
f 2969/4809/4058 3023/4811/4206 3065/4807/4204
f 3023/4811/4206 3022/4812/4207 3065/4807/4204
f 3065/4807/4204 3022/4812/4207 3021/4813/4208
f 3065/4807/4204 3021/4813/4208 3074/4805/4202
f 3074/4805/4202 3021/4813/4208 3083/4814/4209
f 3074/4805/4202 3083/4814/4209 3075/4806/4203
f 3075/4806/4203 3083/4814/4209 3084/4815/4210
f 3075/4806/4203 3084/4815/4210 3076/4786/4184
f 3076/4786/4184 3084/4815/4210 3085/4784/4182
f 3021/4813/4208 3020/4816/4211 3083/4814/4209
f 3083/4814/4209 3020/4816/4211 3084/4815/4210
f 3020/4816/4211 3019/4817/4212 3084/4815/4210
f 3084/4815/4210 3019/4817/4212 3085/4784/4182
f 3085/4784/4182 3019/4817/4212 3089/4818/4213
f 3089/4818/4213 3019/4817/4212 3018/4819/4214
f 3089/4818/4213 3018/4819/4214 3090/4782/4180
f 3090/4782/4180 3018/4819/4214 3094/4820/4215
f 3090/4782/4180 3094/4820/4215 3017/4780/4178
f 3017/4780/4178 3094/4820/4215 3018/4819/4214
f 3016/4779/4177 3015/4775/4173 3067/4777/4175
f 3090/4782/4180 3085/4784/4182 3089/4818/4213
f 3064/4821/4216 743/4773/993 3088/4822/4217
f 3088/4822/4217 743/4773/993 3080/4823/4218
f 3088/4822/4217 3080/4823/4218 3079/4824/4219
f 3079/4824/4219 3080/4823/4218 3069/4798/4195
f 3079/4824/4219 3069/4798/4195 3070/4800/4197
f 3069/4798/4195 3080/4823/4218 3068/4825/4220
f 3068/4825/4220 3080/4823/4218 743/4773/993
f 3068/4825/4220 743/4773/993 3066/4794/4191
f 3066/4794/4191 3081/4796/4193 3068/4825/4220
f 3068/4825/4220 3081/4796/4193 3069/4798/4195
f 3070/4800/4197 3071/4802/4199 3078/4826/4221
f 3078/4826/4221 3071/4802/4199 3077/4785/4183
f 3078/4826/4221 3077/4785/4183 3086/4783/4181
f 3071/4802/4199 3072/4787/4185 3077/4785/4183
f 3070/4800/4197 3078/4826/4221 3079/4824/4219
f 3079/4824/4219 3078/4826/4221 3087/4827/4222
f 3079/4824/4219 3087/4827/4222 3088/4822/4217
f 3088/4822/4217 3087/4827/4222 3064/4821/4216
f 3087/4827/4222 3078/4826/4221 3086/4783/4181
f 3064/4821/4216 3087/4827/4222 3091/4781/4179
f 3091/4781/4179 3087/4827/4222 3086/4783/4181
f 743/4773/993 3064/4821/4216 3092/4776/4174
f 3092/4776/4174 3064/4821/4216 3091/4781/4179
f 3092/4776/4174 3091/4781/4179 3093/4778/4176
f 687/4828/936 710/4829/937 688/4830/4223
f 688/4830/4223 710/4829/937 731/4831/4224
f 688/4830/4223 731/4831/4224 3046/4832/4136
f 3046/4832/4136 731/4831/4224 2980/4833/4225
f 3046/4832/4136 2980/4833/4225 2979/4834/4134
f 3045/4835/4170 742/4836/4226 3046/4832/4136
f 3046/4832/4136 742/4836/4226 688/4830/4223
f 731/4837/979 730/4838/977 2980/4839/4095
f 2980/4839/4095 730/4838/977 2981/4840/4076
f 2981/4840/4076 730/4838/977 729/4841/976
f 2981/4840/4076 729/4841/976 741/4842/4078
f 741/4842/4078 729/4841/976 728/4843/978
f 3096/4844/4227 3097/4845/4228 3095/4846/4229
f 3095/4846/4229 3097/4845/4228 3118/4847/4230
f 3095/4846/4229 3118/4847/4230 3115/4848/4231
f 3115/4848/4231 3118/4847/4230 3114/4849/4232
f 3114/4849/4232 3118/4847/4230 3119/4850/4233
f 3114/4849/4232 3119/4850/4233 3113/4851/4234
f 3113/4851/4234 3119/4850/4233 3120/4852/4235
f 3113/4851/4234 3120/4852/4235 3121/4853/4236
f 3121/4853/4236 3120/4852/4235 3130/4854/4237
f 3121/4853/4236 3130/4854/4237 3131/4855/4238
f 3131/4855/4238 3130/4854/4237 3101/4856/4239
f 3131/4855/4238 3101/4856/4239 3102/4857/4240
f 3097/4845/4228 3098/4858/4241 3118/4847/4230
f 3118/4847/4230 3098/4858/4241 3099/4859/4242
f 3118/4847/4230 3099/4859/4242 3119/4850/4233
f 3119/4850/4233 3099/4859/4242 3129/4860/4243
f 3119/4850/4233 3129/4860/4243 3120/4852/4235
f 3120/4852/4235 3129/4860/4243 3130/4854/4237
f 3099/4859/4242 3100/4861/4244 3129/4860/4243
f 3129/4860/4243 3100/4861/4244 3130/4854/4237
f 3100/4861/4244 3101/4856/4239 3130/4854/4237
f 3103/4862/4245 3135/4863/4246 3102/4857/4240
f 3102/4857/4240 3135/4863/4246 3132/4864/4247
f 3102/4857/4240 3132/4864/4247 3131/4855/4238
f 3131/4855/4238 3132/4864/4247 3122/4865/4248
f 3131/4855/4238 3122/4865/4248 3121/4853/4236
f 3121/4853/4236 3122/4865/4248 3112/4866/4249
f 3121/4853/4236 3112/4866/4249 3113/4851/4234
f 3104/4867/4250 3138/4868/4251 3103/4862/4245
f 3103/4862/4245 3138/4868/4251 3136/4869/4252
f 3103/4862/4245 3136/4869/4252 3135/4863/4246
f 3135/4863/4246 3136/4869/4252 3132/4864/4247
f 3105/4870/4253 3116/4871/4254 3104/4867/4250
f 3104/4867/4250 3116/4871/4254 3139/4872/4255
f 3104/4867/4250 3139/4872/4255 3137/4873/4256
f 3137/4873/4256 3139/4872/4255 3105/4870/4253
f 3137/4873/4256 3105/4870/4253 3117/4874/4257
f 3117/4874/4257 3105/4870/4253 1313/4875/1778
f 3117/4874/4257 1313/4875/1778 3134/4876/4258
f 3134/4876/4258 1313/4875/1778 3125/4877/4259
f 3134/4876/4258 3125/4877/4259 3124/4878/4260
f 3124/4878/4260 3125/4877/4259 3127/4879/4261
f 3124/4878/4260 3127/4879/4261 3128/4880/4262
f 3128/4880/4262 3127/4879/4261 3109/4881/4263
f 3128/4880/4262 3109/4881/4263 3110/4882/4264
f 3105/4870/4253 3106/4883/4265 1313/4875/1778
f 1313/4875/1778 3106/4883/4265 1314/4884/1777
f 1312/4885/1779 1318/4886/4266 1313/4875/1778
f 1313/4875/1778 1318/4886/4266 3107/4887/4267
f 1313/4875/1778 3107/4887/4267 3126/4888/4268
f 3126/4888/4268 3107/4887/4267 3108/4889/4269
f 3126/4888/4268 3108/4889/4269 3127/4879/4261
f 3127/4879/4261 3108/4889/4269 3109/4881/4263
f 3128/4880/4262 3110/4882/4264 3123/4890/4270
f 3123/4890/4270 3110/4882/4264 3111/4891/4271
f 3123/4890/4270 3111/4891/4271 3122/4865/4248
f 3122/4865/4248 3111/4891/4271 3112/4866/4249
f 3116/4871/4254 3105/4870/4253 3139/4872/4255
f 3128/4880/4262 3123/4890/4270 3124/4878/4260
f 3124/4878/4260 3123/4890/4270 3133/4892/4272
f 3124/4878/4260 3133/4892/4272 3134/4876/4258
f 3134/4876/4258 3133/4892/4272 3117/4874/4257
f 3133/4892/4272 3123/4890/4270 3132/4864/4247
f 3132/4864/4247 3123/4890/4270 3122/4865/4248
f 3126/4888/4268 3127/4879/4261 3125/4877/4259
f 3125/4877/4259 1313/4875/1778 3126/4888/4268
f 3117/4874/4257 3133/4892/4272 3136/4869/4252
f 3136/4869/4252 3133/4892/4272 3132/4864/4247
f 3137/4873/4256 3117/4874/4257 3136/4869/4252
f 3104/4867/4250 3137/4873/4256 3138/4868/4251
f 3138/4868/4251 3137/4873/4256 3136/4869/4252
f 3096/4893/4227 3140/4894/4273 3097/4895/4274
f 3097/4895/4274 3140/4894/4273 3098/4896/4275
f 3098/4896/4275 3140/4894/4273 3141/4897/4276
f 3098/4896/4275 3141/4897/4276 3099/4898/4277
f 3099/4898/4277 3141/4897/4276 3156/4899/4278
f 3099/4898/4277 3156/4899/4278 3157/4900/4279
f 3157/4900/4279 3156/4899/4278 3142/4901/4280
f 3157/4900/4279 3142/4901/4280 3143/4902/4281
f 3141/4897/4276 3142/4901/4280 3156/4899/4278
f 3157/4900/4279 3143/4902/4281 3158/4903/4282
f 3158/4903/4282 3143/4902/4281 3144/4904/4283
f 3158/4903/4282 3144/4904/4283 3159/4905/4284
f 3159/4905/4284 3144/4904/4283 3145/4906/4285
f 3159/4905/4284 3145/4906/4285 3155/4907/4286
f 3155/4907/4286 3145/4906/4285 3146/4908/4287
f 3155/4907/4286 3146/4908/4287 3153/4909/4288
f 3153/4909/4288 3146/4908/4287 3147/4910/4289
f 3153/4909/4288 3147/4910/4289 3151/4911/4290
f 3151/4911/4290 3147/4910/4289 3148/4912/4291
f 3151/4911/4290 3148/4912/4291 3150/4913/4292
f 3150/4913/4292 3148/4912/4291 3149/4914/4293
f 3106/4915/4294 3105/4916/4295 3150/4913/4292
f 3150/4913/4292 3105/4916/4295 3152/4917/4296
f 3150/4913/4292 3152/4917/4296 3151/4911/4290
f 3151/4911/4290 3152/4917/4296 3154/4918/4297
f 3151/4911/4290 3154/4918/4297 3153/4909/4288
f 3153/4909/4288 3154/4918/4297 3103/4919/4298
f 3153/4909/4288 3103/4919/4298 3160/4920/4299
f 3160/4920/4299 3103/4919/4298 3102/4921/4300
f 3160/4920/4299 3102/4921/4300 3155/4907/4286
f 3155/4907/4286 3102/4921/4300 3159/4905/4284
f 3152/4917/4296 3105/4916/4295 3162/4922/4301
f 3162/4922/4301 3105/4916/4295 3104/4923/4302
f 3162/4922/4301 3104/4923/4302 3152/4917/4296
f 3152/4917/4296 3104/4923/4302 3154/4918/4297
f 3104/4923/4302 3103/4919/4298 3154/4918/4297
f 3159/4905/4284 3102/4921/4300 3161/4924/4303
f 3161/4924/4303 3102/4921/4300 3101/4925/4304
f 3161/4924/4303 3101/4925/4304 3159/4905/4284
f 3159/4905/4284 3101/4925/4304 3158/4903/4282
f 3101/4925/4304 3100/4926/4305 3158/4903/4282
f 3158/4903/4282 3100/4926/4305 3157/4900/4279
f 3100/4926/4305 3099/4898/4277 3157/4900/4279
f 3155/4907/4286 3153/4909/4288 3160/4920/4299
f 3095/4927/4229 3115/4928/4306 3171/4929/4307
f 3171/4929/4307 3115/4928/4306 3114/4930/4308
f 3171/4929/4307 3114/4930/4308 3170/4931/4309
f 3170/4931/4309 3114/4930/4308 3113/4932/4310
f 3170/4931/4309 3113/4932/4310 3180/4933/4311
f 3180/4933/4311 3113/4932/4310 3179/4934/4312
f 3180/4933/4311 3179/4934/4312 3169/4935/4313
f 3169/4935/4313 3179/4934/4312 3168/4936/4314
f 3168/4936/4314 3179/4934/4312 3178/4937/4315
f 3168/4936/4314 3178/4937/4315 3177/4938/4316
f 3177/4938/4316 3178/4937/4315 3111/4939/4317
f 3177/4938/4316 3111/4939/4317 3181/4940/4318
f 3181/4940/4318 3111/4939/4317 3110/4941/4319
f 3181/4940/4318 3110/4941/4319 3182/4942/4320
f 3182/4942/4320 3110/4941/4319 3109/4943/4321
f 3182/4942/4320 3109/4943/4321 3183/4944/4322
f 3183/4944/4322 3109/4943/4321 3185/4945/4323
f 3183/4944/4322 3185/4945/4323 3172/4946/4324
f 3172/4946/4324 3185/4945/4323 3108/4947/4325
f 3172/4946/4324 3108/4947/4325 3186/4948/4326
f 3186/4948/4326 3108/4947/4325 3187/4949/4327
f 3186/4948/4326 3187/4949/4327 3107/4950/4328
f 3107/4950/4328 3187/4949/4327 3108/4947/4325
f 3113/4932/4310 3112/4951/4329 3179/4934/4312
f 3179/4934/4312 3112/4951/4329 3178/4937/4315
f 3112/4951/4329 3111/4939/4317 3178/4937/4315
f 3109/4943/4321 3108/4947/4325 3185/4945/4323
f 1318/4952/1784 1317/4953/1782 3107/4950/4328
f 3107/4950/4328 1317/4953/1782 3172/4946/4324
f 3107/4950/4328 3172/4946/4324 3186/4948/4326
f 1316/4954/1786 3163/4955/4330 1317/4953/1782
f 1317/4953/1782 3163/4955/4330 3173/4956/4331
f 1317/4953/1782 3173/4956/4331 3174/4957/4332
f 3174/4957/4332 3173/4956/4331 3188/4958/4333
f 3174/4957/4332 3188/4958/4333 3175/4959/4334
f 3175/4959/4334 3188/4958/4333 3165/4960/4335
f 3175/4959/4334 3165/4960/4335 3176/4961/4336
f 3176/4961/4336 3165/4960/4335 3166/4962/4337
f 3176/4961/4336 3166/4962/4337 3177/4938/4316
f 3177/4938/4316 3166/4962/4337 3167/4963/4338
f 3177/4938/4316 3167/4963/4338 3168/4936/4314
f 3163/4955/4330 3164/4964/4339 3173/4956/4331
f 3173/4956/4331 3164/4964/4339 3188/4958/4333
f 3164/4964/4339 3165/4960/4335 3188/4958/4333
f 3169/4935/4313 3170/4931/4309 3180/4933/4311
f 3172/4946/4324 1317/4953/1782 3184/4965/4340
f 3184/4965/4340 1317/4953/1782 3174/4957/4332
f 3184/4965/4340 3174/4957/4332 3175/4959/4334
f 3182/4942/4320 3183/4944/4322 3176/4961/4336
f 3176/4961/4336 3183/4944/4322 3175/4959/4334
f 3181/4940/4318 3182/4942/4320 3177/4938/4316
f 3177/4938/4316 3182/4942/4320 3176/4961/4336
f 3172/4946/4324 3184/4965/4340 3183/4944/4322
f 3183/4944/4322 3184/4965/4340 3175/4959/4334
f 1315/4966/4341 3189/4967/4342 1316/4968/4343
f 1316/4968/4343 3189/4967/4342 3163/4969/4344
f 3163/4969/4344 3189/4967/4342 3191/4970/4345
f 3163/4969/4344 3191/4970/4345 3164/4971/4346
f 3164/4971/4346 3191/4970/4345 3192/4972/4347
f 3164/4971/4346 3192/4972/4347 3165/4973/4348
f 3165/4973/4348 3192/4972/4347 3193/4974/4349
f 3165/4973/4348 3193/4974/4349 3166/4975/4350
f 3166/4975/4350 3193/4974/4349 3219/4976/4351
f 3166/4975/4350 3219/4976/4351 3218/4977/4352
f 3218/4977/4352 3219/4976/4351 3204/4978/4353
f 3218/4977/4352 3204/4978/4353 3203/4979/4354
f 3203/4979/4354 3204/4978/4353 3198/4980/4355
f 3203/4979/4354 3198/4980/4355 3199/4981/4356
f 3199/4981/4356 3198/4980/4355 3143/4982/4357
f 3199/4981/4356 3143/4982/4357 3142/4983/4358
f 3190/4984/4359 3149/4985/4360 3189/4967/4342
f 3189/4967/4342 3149/4985/4360 3148/4986/4361
f 3189/4967/4342 3148/4986/4361 3211/4987/4362
f 3211/4987/4362 3148/4986/4361 3212/4988/4363
f 3211/4987/4362 3212/4988/4363 3147/4989/4364
f 3147/4989/4364 3212/4988/4363 3148/4986/4361
f 3211/4987/4362 3147/4989/4364 3208/4990/4365
f 3208/4990/4365 3147/4989/4364 3146/4991/4366
f 3208/4990/4365 3146/4991/4366 3214/4992/4367
f 3214/4992/4367 3146/4991/4366 3209/4993/4368
f 3214/4992/4367 3209/4993/4368 3196/4994/4369
f 3196/4994/4369 3209/4993/4368 3197/4995/4370
f 3196/4994/4369 3197/4995/4370 3205/4996/4371
f 3205/4996/4371 3197/4995/4370 3204/4978/4353
f 3205/4996/4371 3204/4978/4353 3219/4976/4351
f 3209/4993/4368 3146/4991/4366 3215/4997/4372
f 3215/4997/4372 3146/4991/4366 3145/4998/4373
f 3215/4997/4372 3145/4998/4373 3209/4993/4368
f 3209/4993/4368 3145/4998/4373 3213/4999/4374
f 3209/4993/4368 3213/4999/4374 3197/4995/4370
f 3197/4995/4370 3213/4999/4374 3144/5000/4375
f 3197/4995/4370 3144/5000/4375 3198/4980/4355
f 3198/4980/4355 3144/5000/4375 3143/4982/4357
f 3145/4998/4373 3144/5000/4375 3213/4999/4374
f 3141/5001/4376 3201/5002/4377 3142/4983/4358
f 3142/4983/4358 3201/5002/4377 3202/5003/4378
f 3142/4983/4358 3202/5003/4378 3199/4981/4356
f 3199/4981/4356 3202/5003/4378 3203/4979/4354
f 3201/5002/4377 3141/5001/4376 3200/5004/4379
f 3200/5004/4379 3141/5001/4376 3140/5005/4380
f 3200/5004/4379 3140/5005/4380 3096/5006/4227
f 3096/5006/4227 3095/5007/4229 3200/5004/4379
f 3200/5004/4379 3095/5007/4229 3171/5008/4381
f 3200/5004/4379 3171/5008/4381 3170/5009/4382
f 3170/5009/4382 3169/5010/4383 3200/5004/4379
f 3200/5004/4379 3169/5010/4383 3201/5002/4377
f 3201/5002/4377 3169/5010/4383 3216/5011/4384
f 3216/5011/4384 3169/5010/4383 3168/5012/4385
f 3216/5011/4384 3168/5012/4385 3217/5013/4386
f 3217/5013/4386 3168/5012/4385 3167/5014/4387
f 3217/5013/4386 3167/5014/4387 3218/4977/4352
f 3218/4977/4352 3167/5014/4387 3166/4975/4350
f 3189/4967/4342 3210/5015/4388 3194/5016/4389
f 3194/5016/4389 3210/5015/4388 3195/5017/4390
f 3194/5016/4389 3195/5017/4390 3207/5018/4391
f 3207/5018/4391 3195/5017/4390 3206/5019/4392
f 3207/5018/4391 3206/5019/4392 3221/5020/4393
f 3221/5020/4393 3206/5019/4392 3220/5021/4394
f 3221/5020/4393 3220/5021/4394 3191/4970/4345
f 3191/4970/4345 3220/5021/4394 3192/4972/4347
f 3191/4970/4345 3189/4967/4342 3221/5020/4393
f 3221/5020/4393 3189/4967/4342 3207/5018/4391
f 3219/4976/4351 3193/4974/4349 3192/4972/4347
f 3219/4976/4351 3192/4972/4347 3220/5021/4394
f 3189/4967/4342 3194/5016/4389 3207/5018/4391
f 3195/5017/4390 3196/4994/4369 3206/5019/4392
f 3206/5019/4392 3196/4994/4369 3205/4996/4371
f 3206/5019/4392 3205/4996/4371 3220/5021/4394
f 3220/5021/4394 3205/4996/4371 3219/4976/4351
f 3196/4994/4369 3195/5017/4390 3214/4992/4367
f 3214/4992/4367 3195/5017/4390 3210/5015/4388
f 3214/4992/4367 3210/5015/4388 3211/4987/4362
f 3211/4987/4362 3210/5015/4388 3189/4967/4342
f 3197/4995/4370 3198/4980/4355 3204/4978/4353
f 3201/5002/4377 3216/5011/4384 3202/5003/4378
f 3202/5003/4378 3216/5011/4384 3217/5013/4386
f 3202/5003/4378 3217/5013/4386 3203/4979/4354
f 3203/4979/4354 3217/5013/4386 3218/4977/4352
f 3214/4992/4367 3211/4987/4362 3208/4990/4365
f 1278/5022/1721 1277/5023/1719 1315/5024/4341
f 1315/5024/4341 1277/5023/1719 3189/5025/4342
f 3189/5025/4342 1277/5023/1719 1276/5026/1713
f 3189/5025/4342 1276/5026/1713 3190/5027/4359
f 3190/5027/4359 1276/5026/1713 1275/5028/1712
f 1263/5029/1705 1262/5030/1706 1275/5031/4395
f 1275/5031/4395 1262/5030/1706 1306/5032/4396
f 1275/5031/4395 1306/5032/4396 3150/5033/4292
f 3150/5033/4292 1306/5032/4396 1314/5034/4397
f 3150/5033/4292 1314/5034/4397 3106/5035/4294
f 3149/5036/4293 3190/5037/4398 3150/5033/4292
f 3150/5033/4292 3190/5037/4398 1275/5031/4395
f 3244/5038/4399 3222/5039/4400 3249/5040/4401
f 3249/5040/4401 3222/5039/4400 3223/5041/4402
f 3249/5040/4401 3223/5041/4402 3224/5042/4403
f 3224/5042/4403 3225/5043/4404 3249/5040/4401
f 3249/5040/4401 3225/5043/4404 3250/5044/4405
f 3249/5040/4401 3250/5044/4405 3243/5045/4406
f 3243/5045/4406 3250/5044/4405 3242/5046/4407
f 3242/5046/4407 3250/5044/4405 3251/5047/4408
f 3242/5046/4407 3251/5047/4408 3262/5048/4409
f 3262/5048/4409 3251/5047/4408 3252/5049/4410
f 3262/5048/4409 3252/5049/4410 3261/5050/4411
f 3261/5050/4411 3252/5049/4410 3253/5051/4412
f 3261/5050/4411 3253/5051/4412 3260/5052/4413
f 3260/5052/4413 3253/5051/4412 3254/5053/4414
f 3260/5052/4413 3254/5053/4414 3259/5054/4415
f 3259/5054/4415 3254/5053/4414 3255/5055/4416
f 3259/5054/4415 3255/5055/4416 3258/5056/4417
f 3258/5056/4417 3255/5055/4416 3256/5057/4418
f 3258/5056/4417 3256/5057/4418 3257/5058/4419
f 3257/5058/4419 3256/5057/4418 3235/5059/4420
f 3257/5058/4419 3235/5059/4420 3246/5060/4421
f 3246/5060/4421 3235/5059/4420 930/5061/4422
f 3246/5060/4421 930/5061/4422 3266/5062/4423
f 3266/5062/4423 930/5061/4422 3236/5063/4424
f 3266/5062/4423 3236/5063/4424 3245/5064/4425
f 3245/5064/4425 3236/5063/4424 3247/5065/4426
f 3245/5064/4425 3247/5065/4426 3237/5066/4427
f 3237/5066/4427 3247/5065/4426 3236/5063/4424
f 3225/5043/4404 3226/5067/4428 3250/5044/4405
f 3250/5044/4405 3226/5067/4428 3251/5047/4408
f 3226/5067/4428 3227/5068/4429 3251/5047/4408
f 3251/5047/4408 3227/5068/4429 3252/5049/4410
f 3227/5068/4429 3228/5069/4430 3252/5049/4410
f 3252/5049/4410 3228/5069/4430 3253/5051/4412
f 3228/5069/4430 3229/5070/4431 3253/5051/4412
f 3253/5051/4412 3229/5070/4431 3254/5053/4414
f 3254/5053/4414 3229/5070/4431 3263/5071/4432
f 3263/5071/4432 3229/5070/4431 3230/5072/4433
f 3263/5071/4432 3230/5072/4433 3264/5073/4434
f 3264/5073/4434 3230/5072/4433 3231/5074/4435
f 3264/5073/4434 3231/5074/4435 3248/5075/4436
f 3248/5075/4436 3231/5074/4435 3232/5076/4437
f 3248/5075/4436 3232/5076/4437 3235/5059/4420
f 3235/5059/4420 3232/5076/4437 3233/5077/4438
f 3235/5059/4420 3233/5077/4438 3234/5078/4439
f 930/5061/4422 929/5079/4440 3236/5063/4424
f 3238/5080/4441 3265/5081/4442 3237/5066/4427
f 3237/5066/4427 3265/5081/4442 3266/5062/4423
f 3237/5066/4427 3266/5062/4423 3245/5064/4425
f 3239/5082/4443 3268/5083/4444 3238/5080/4441
f 3238/5080/4441 3268/5083/4444 3258/5056/4417
f 3238/5080/4441 3258/5056/4417 3267/5084/4445
f 3267/5084/4445 3258/5056/4417 3257/5058/4419
f 3267/5084/4445 3257/5058/4419 3246/5060/4421
f 3240/5085/4446 3260/5052/4413 3239/5082/4443
f 3239/5082/4443 3260/5052/4413 3259/5054/4415
f 3239/5082/4443 3259/5054/4415 3268/5083/4444
f 3268/5083/4444 3259/5054/4415 3258/5056/4417
f 3260/5052/4413 3240/5085/4446 3261/5050/4411
f 3261/5050/4411 3240/5085/4446 3241/5086/4447
f 3261/5050/4411 3241/5086/4447 3262/5048/4409
f 3262/5048/4409 3241/5086/4447 3242/5046/4407
f 3243/5045/4406 3244/5038/4399 3249/5040/4401
f 3235/5059/4420 3256/5057/4418 3248/5075/4436
f 3248/5075/4436 3256/5057/4418 3255/5055/4416
f 3248/5075/4436 3255/5055/4416 3264/5073/4434
f 3264/5073/4434 3255/5055/4416 3254/5053/4414
f 3264/5073/4434 3254/5053/4414 3263/5071/4432
f 3246/5060/4421 3266/5062/4423 3265/5081/4442
f 3267/5084/4445 3246/5060/4421 3265/5081/4442
f 3265/5081/4442 3238/5080/4441 3267/5084/4445
f 927/5087/1273 3269/5088/4448 928/5089/1269
f 928/5089/1269 3269/5088/4448 3285/5090/4449
f 928/5089/1269 3285/5090/4449 3278/5091/4450
f 3278/5091/4450 3285/5090/4449 3284/5092/4451
f 3278/5091/4450 3284/5092/4451 3287/5093/4452
f 3287/5093/4452 3284/5092/4451 3283/5094/4453
f 3287/5093/4452 3283/5094/4453 3286/5095/4454
f 3286/5095/4454 3283/5094/4453 3282/5096/4455
f 3286/5095/4454 3282/5096/4455 3239/5097/4456
f 3239/5097/4456 3282/5096/4455 3288/5098/4457
f 3239/5097/4456 3288/5098/4457 3240/5099/4458
f 3240/5099/4458 3288/5098/4457 3282/5096/4455
f 3240/5099/4458 3282/5096/4455 3281/5100/4459
f 3281/5100/4459 3282/5096/4455 3273/5101/4460
f 3281/5100/4459 3273/5101/4460 3274/5102/4461
f 3269/5088/4448 3270/5103/4462 3285/5090/4449
f 3285/5090/4449 3270/5103/4462 3284/5092/4451
f 3270/5103/4462 3271/5104/4463 3284/5092/4451
f 3284/5092/4451 3271/5104/4463 3283/5094/4453
f 3271/5104/4463 3272/5105/4464 3283/5094/4453
f 3283/5094/4453 3272/5105/4464 3282/5096/4455
f 3272/5105/4464 3273/5101/4460 3282/5096/4455
f 3281/5100/4459 3274/5102/4461 3280/5106/4465
f 3280/5106/4465 3274/5102/4461 3275/5107/4466
f 3280/5106/4465 3275/5107/4466 3279/5108/4467
f 3279/5108/4467 3275/5107/4466 3276/5109/4468
f 3279/5108/4467 3276/5109/4468 3242/5110/4469
f 3242/5110/4469 3276/5109/4468 3243/5111/4470
f 3243/5111/4470 3276/5109/4468 3277/5112/4471
f 3243/5111/4470 3277/5112/4471 3244/5113/4472
f 3244/5113/4472 3277/5112/4471 3222/5114/4400
f 3279/5108/4467 3242/5110/4469 3280/5106/4465
f 3280/5106/4465 3242/5110/4469 3241/5115/4473
f 3280/5106/4465 3241/5115/4473 3281/5100/4459
f 3281/5100/4459 3241/5115/4473 3240/5099/4458
f 3239/5097/4456 3238/5116/4474 3286/5095/4454
f 3286/5095/4454 3238/5116/4474 3287/5093/4452
f 3238/5116/4474 3237/5117/4475 3287/5093/4452
f 3287/5093/4452 3237/5117/4475 3278/5091/4450
f 3278/5091/4450 3237/5117/4475 3289/5118/4476
f 3289/5118/4476 3237/5117/4475 3236/5119/4477
f 3289/5118/4476 3236/5119/4477 3278/5091/4450
f 3278/5091/4450 3236/5119/4477 928/5089/1269
f 3236/5119/4477 929/5120/1271 928/5089/1269
f 3233/5121/4478 3232/5122/4479 3300/5123/4480
f 3300/5123/4480 3232/5122/4479 3302/5124/4481
f 3300/5123/4480 3302/5124/4481 3308/5125/4482
f 3308/5125/4482 3302/5124/4481 3309/5126/4483
f 3308/5125/4482 3309/5126/4483 3307/5127/4484
f 3307/5127/4484 3309/5126/4483 3230/5128/4485
f 3307/5127/4484 3230/5128/4485 3306/5129/4486
f 3306/5129/4486 3230/5128/4485 3229/5130/4487
f 3306/5129/4486 3229/5130/4487 3305/5131/4488
f 3305/5131/4488 3229/5130/4487 3228/5132/4489
f 3305/5131/4488 3228/5132/4489 3313/5133/4490
f 3313/5133/4490 3228/5132/4489 3227/5134/4491
f 3313/5133/4490 3227/5134/4491 3312/5135/4492
f 3312/5135/4492 3227/5134/4491 3311/5136/4493
f 3312/5135/4492 3311/5136/4493 3293/5137/4494
f 3293/5137/4494 3311/5136/4493 3292/5138/4495
f 3292/5138/4495 3311/5136/4493 3310/5139/4496
f 3292/5138/4495 3310/5139/4496 3291/5140/4497
f 3291/5140/4497 3310/5139/4496 3226/5141/4498
f 3291/5140/4497 3226/5141/4498 3225/5142/4499
f 3231/5143/4500 3304/5144/4501 3232/5122/4479
f 3232/5122/4479 3304/5144/4501 3303/5145/4502
f 3232/5122/4479 3303/5145/4502 3302/5124/4481
f 3302/5124/4481 3303/5145/4502 3231/5143/4500
f 3302/5124/4481 3231/5143/4500 3309/5126/4483
f 3309/5126/4483 3231/5143/4500 3230/5128/4485
f 3227/5134/4491 3226/5141/4498 3311/5136/4493
f 3311/5136/4493 3226/5141/4498 3310/5139/4496
f 3291/5140/4497 3225/5142/4499 3290/5146/4503
f 3290/5146/4503 3225/5142/4499 3224/5147/4504
f 3290/5146/4503 3224/5147/4504 3223/5148/4402
f 3293/5137/4494 3294/5149/4505 3312/5135/4492
f 3312/5135/4492 3294/5149/4505 3313/5133/4490
f 3294/5149/4505 3295/5150/4506 3313/5133/4490
f 3313/5133/4490 3295/5150/4506 3314/5151/4507
f 3313/5133/4490 3314/5151/4507 3305/5131/4488
f 3305/5131/4488 3314/5151/4507 3306/5129/4486
f 3295/5150/4506 3296/5152/4508 3314/5151/4507
f 3314/5151/4507 3296/5152/4508 3315/5153/4509
f 3314/5151/4507 3315/5153/4509 3306/5129/4486
f 3306/5129/4486 3315/5153/4509 3307/5127/4484
f 3315/5153/4509 3296/5152/4508 3317/5154/4510
f 3317/5154/4510 3296/5152/4508 3297/5155/4511
f 3317/5154/4510 3297/5155/4511 3301/5156/4512
f 3301/5156/4512 3297/5155/4511 3298/5157/4513
f 3301/5156/4512 3298/5157/4513 3300/5123/4480
f 3300/5123/4480 3298/5157/4513 3299/5158/4514
f 3301/5156/4512 3300/5123/4480 3316/5159/4515
f 3316/5159/4515 3300/5123/4480 3308/5125/4482
f 3316/5159/4515 3308/5125/4482 3307/5127/4484
f 3303/5145/4502 3304/5144/4501 3231/5143/4500
f 3316/5159/4515 3307/5127/4484 3315/5153/4509
f 3301/5156/4512 3316/5159/4515 3315/5153/4509
f 3317/5154/4510 3301/5156/4512 3315/5153/4509
f 926/5160/1274 932/5161/1275 927/5162/4516
f 927/5162/4516 932/5161/1275 3269/5163/4517
f 3269/5163/4517 932/5161/1275 3346/5164/4518
f 3269/5163/4517 3346/5164/4518 3321/5165/4519
f 3321/5165/4519 3346/5164/4518 3347/5166/4520
f 3321/5165/4519 3347/5166/4520 3270/5167/4521
f 3270/5167/4521 3347/5166/4520 3271/5168/4522
f 3271/5168/4522 3347/5166/4520 3345/5169/4523
f 3271/5168/4522 3345/5169/4523 3344/5170/4524
f 3344/5170/4524 3345/5169/4523 3340/5171/4525
f 3344/5170/4524 3340/5171/4525 3339/5172/4526
f 3339/5172/4526 3340/5171/4525 3331/5173/4527
f 3339/5172/4526 3331/5173/4527 3330/5174/4528
f 3330/5174/4528 3331/5173/4527 3326/5175/4529
f 3330/5174/4528 3326/5175/4529 3327/5176/4530
f 3327/5176/4530 3326/5175/4529 3293/5177/4531
f 3327/5176/4530 3293/5177/4531 3292/5178/4532
f 931/5179/1276 3299/5180/4533 932/5161/1275
f 932/5161/1275 3299/5180/4533 3298/5181/4534
f 932/5161/1275 3298/5181/4534 3320/5182/4535
f 3320/5182/4535 3298/5181/4534 3297/5183/4536
f 3320/5182/4535 3297/5183/4536 3335/5184/4537
f 3335/5184/4537 3297/5183/4536 3296/5185/4538
f 3335/5184/4537 3296/5185/4538 3323/5186/4539
f 3323/5186/4539 3296/5185/4538 3336/5187/4540
f 3323/5186/4539 3336/5187/4540 3324/5188/4541
f 3324/5188/4541 3336/5187/4540 3295/5189/4542
f 3324/5188/4541 3295/5189/4542 3325/5190/4543
f 3325/5190/4543 3295/5189/4542 3294/5191/4544
f 3325/5190/4543 3294/5191/4544 3326/5175/4529
f 3326/5175/4529 3294/5191/4544 3293/5177/4531
f 3296/5185/4538 3295/5189/4542 3336/5187/4540
f 3291/5192/4545 3328/5193/4546 3292/5178/4532
f 3292/5178/4532 3328/5193/4546 3329/5194/4547
f 3292/5178/4532 3329/5194/4547 3327/5176/4530
f 3327/5176/4530 3329/5194/4547 3330/5174/4528
f 3328/5193/4546 3291/5192/4545 3319/5195/4548
f 3319/5195/4548 3291/5192/4545 3290/5196/4549
f 3319/5195/4548 3290/5196/4549 3223/5197/4402
f 3222/5198/4400 3277/5199/4550 3223/5197/4402
f 3223/5197/4402 3277/5199/4550 3319/5195/4548
f 3277/5199/4550 3276/5200/4551 3319/5195/4548
f 3319/5195/4548 3276/5200/4551 3275/5201/4552
f 3319/5195/4548 3275/5201/4552 3328/5193/4546
f 3328/5193/4546 3275/5201/4552 3337/5202/4553
f 3328/5193/4546 3337/5202/4553 3329/5194/4547
f 3329/5194/4547 3337/5202/4553 3338/5203/4554
f 3329/5194/4547 3338/5203/4554 3330/5174/4528
f 3330/5174/4528 3338/5203/4554 3339/5172/4526
f 3275/5201/4552 3274/5204/4555 3337/5202/4553
f 3337/5202/4553 3274/5204/4555 3338/5203/4554
f 3274/5204/4555 3273/5205/4556 3338/5203/4554
f 3338/5203/4554 3273/5205/4556 3339/5172/4526
f 3339/5172/4526 3273/5205/4556 3343/5206/4557
f 3343/5206/4557 3273/5205/4556 3272/5207/4558
f 3343/5206/4557 3272/5207/4558 3344/5170/4524
f 3344/5170/4524 3272/5207/4558 3348/5208/4559
f 3344/5170/4524 3348/5208/4559 3271/5168/4522
f 3271/5168/4522 3348/5208/4559 3272/5207/4558
f 3270/5167/4521 3269/5163/4517 3321/5165/4519
f 3344/5170/4524 3339/5172/4526 3343/5206/4557
f 3318/5209/4560 932/5161/1275 3342/5210/4561
f 3342/5210/4561 932/5161/1275 3334/5211/4562
f 3342/5210/4561 3334/5211/4562 3333/5212/4563
f 3333/5212/4563 3334/5211/4562 3323/5186/4539
f 3333/5212/4563 3323/5186/4539 3324/5188/4541
f 3323/5186/4539 3334/5211/4562 3322/5213/4564
f 3322/5213/4564 3334/5211/4562 932/5161/1275
f 3322/5213/4564 932/5161/1275 3320/5182/4535
f 3320/5182/4535 3335/5184/4537 3322/5213/4564
f 3322/5213/4564 3335/5184/4537 3323/5186/4539
f 3324/5188/4541 3325/5190/4543 3332/5214/4565
f 3332/5214/4565 3325/5190/4543 3331/5173/4527
f 3332/5214/4565 3331/5173/4527 3340/5171/4525
f 3325/5190/4543 3326/5175/4529 3331/5173/4527
f 3324/5188/4541 3332/5214/4565 3333/5212/4563
f 3333/5212/4563 3332/5214/4565 3341/5215/4566
f 3333/5212/4563 3341/5215/4566 3342/5210/4561
f 3342/5210/4561 3341/5215/4566 3318/5209/4560
f 3341/5215/4566 3332/5214/4565 3340/5171/4525
f 3318/5209/4560 3341/5215/4566 3345/5169/4523
f 3345/5169/4523 3341/5215/4566 3340/5171/4525
f 932/5161/1275 3318/5209/4560 3346/5164/4518
f 3346/5164/4518 3318/5209/4560 3345/5169/4523
f 3346/5164/4518 3345/5169/4523 3347/5166/4520
f 876/5216/1218 899/5217/1219 877/5218/4567
f 877/5218/4567 899/5217/1219 908/5219/4568
f 877/5218/4567 908/5219/4568 3300/5220/4480
f 3300/5220/4480 908/5219/4568 3234/5221/4569
f 3300/5220/4480 3234/5221/4569 3233/5222/4478
f 3299/5223/4514 931/5224/4570 3300/5220/4480
f 3300/5220/4480 931/5224/4570 877/5218/4567
f 908/5225/1234 907/5226/1232 3234/5227/4439
f 3234/5227/4439 907/5226/1232 3235/5228/4420
f 3235/5228/4420 907/5226/1232 906/5229/1226
f 3235/5228/4420 906/5229/1226 930/5230/4422
f 930/5230/4422 906/5229/1226 905/5231/1225
f 3371/5232/4571 3349/5233/4572 3376/5234/4573
f 3376/5234/4573 3349/5233/4572 3350/5235/4574
f 3376/5234/4573 3350/5235/4574 3351/5236/4575
f 3351/5236/4575 3352/5237/4576 3376/5234/4573
f 3376/5234/4573 3352/5237/4576 3377/5238/4577
f 3376/5234/4573 3377/5238/4577 3370/5239/4578
f 3370/5239/4578 3377/5238/4577 3369/5240/4579
f 3369/5240/4579 3377/5238/4577 3378/5241/4580
f 3369/5240/4579 3378/5241/4580 3389/5242/4581
f 3389/5242/4581 3378/5241/4580 3379/5243/4582
f 3389/5242/4581 3379/5243/4582 3388/5244/4583
f 3388/5244/4583 3379/5243/4582 3380/5245/4584
f 3388/5244/4583 3380/5245/4584 3387/5246/4585
f 3387/5246/4585 3380/5245/4584 3381/5247/4586
f 3387/5246/4585 3381/5247/4586 3386/5248/4587
f 3386/5248/4587 3381/5247/4586 3382/5249/4588
f 3386/5248/4587 3382/5249/4588 3385/5250/4589
f 3385/5250/4589 3382/5249/4588 3383/5251/4590
f 3385/5250/4589 3383/5251/4590 3384/5252/4591
f 3384/5252/4591 3383/5251/4590 3362/5253/4592
f 3384/5252/4591 3362/5253/4592 3373/5254/4593
f 3373/5254/4593 3362/5253/4592 804/5255/4594
f 3373/5254/4593 804/5255/4594 3393/5256/4595
f 3393/5256/4595 804/5255/4594 3363/5257/4596
f 3393/5256/4595 3363/5257/4596 3372/5258/4597
f 3372/5258/4597 3363/5257/4596 3374/5259/4598
f 3372/5258/4597 3374/5259/4598 3364/5260/4599
f 3364/5260/4599 3374/5259/4598 3363/5257/4596
f 3352/5237/4576 3353/5261/4600 3377/5238/4577
f 3377/5238/4577 3353/5261/4600 3378/5241/4580
f 3353/5261/4600 3354/5262/4601 3378/5241/4580
f 3378/5241/4580 3354/5262/4601 3379/5243/4582
f 3354/5262/4601 3355/5263/4602 3379/5243/4582
f 3379/5243/4582 3355/5263/4602 3380/5245/4584
f 3355/5263/4602 3356/5264/4603 3380/5245/4584
f 3380/5245/4584 3356/5264/4603 3381/5247/4586
f 3381/5247/4586 3356/5264/4603 3390/5265/4604
f 3390/5265/4604 3356/5264/4603 3357/5266/4605
f 3390/5265/4604 3357/5266/4605 3391/5267/4606
f 3391/5267/4606 3357/5266/4605 3358/5268/4607
f 3391/5267/4606 3358/5268/4607 3375/5269/4608
f 3375/5269/4608 3358/5268/4607 3359/5270/4609
f 3375/5269/4608 3359/5270/4609 3362/5253/4592
f 3362/5253/4592 3359/5270/4609 3360/5271/4610
f 3362/5253/4592 3360/5271/4610 3361/5272/4611
f 804/5255/4594 803/5273/4612 3363/5257/4596
f 3365/5274/4613 3392/5275/4614 3364/5260/4599
f 3364/5260/4599 3392/5275/4614 3393/5256/4595
f 3364/5260/4599 3393/5256/4595 3372/5258/4597
f 3366/5276/4615 3395/5277/4616 3365/5274/4613
f 3365/5274/4613 3395/5277/4616 3385/5250/4589
f 3365/5274/4613 3385/5250/4589 3394/5278/4617
f 3394/5278/4617 3385/5250/4589 3384/5252/4591
f 3394/5278/4617 3384/5252/4591 3373/5254/4593
f 3367/5279/4618 3387/5246/4585 3366/5276/4615
f 3366/5276/4615 3387/5246/4585 3386/5248/4587
f 3366/5276/4615 3386/5248/4587 3395/5277/4616
f 3395/5277/4616 3386/5248/4587 3385/5250/4589
f 3387/5246/4585 3367/5279/4618 3388/5244/4583
f 3388/5244/4583 3367/5279/4618 3368/5280/4619
f 3388/5244/4583 3368/5280/4619 3389/5242/4581
f 3389/5242/4581 3368/5280/4619 3369/5240/4579
f 3370/5239/4578 3371/5232/4571 3376/5234/4573
f 3362/5253/4592 3383/5251/4590 3375/5269/4608
f 3375/5269/4608 3383/5251/4590 3382/5249/4588
f 3375/5269/4608 3382/5249/4588 3391/5267/4606
f 3391/5267/4606 3382/5249/4588 3381/5247/4586
f 3391/5267/4606 3381/5247/4586 3390/5265/4604
f 3373/5254/4593 3393/5256/4595 3392/5275/4614
f 3394/5278/4617 3373/5254/4593 3392/5275/4614
f 3392/5275/4614 3365/5274/4613 3394/5278/4617
f 801/5281/1085 3396/5282/4620 802/5283/1081
f 802/5283/1081 3396/5282/4620 3412/5284/4621
f 802/5283/1081 3412/5284/4621 3405/5285/4622
f 3405/5285/4622 3412/5284/4621 3411/5286/4623
f 3405/5285/4622 3411/5286/4623 3414/5287/4624
f 3414/5287/4624 3411/5286/4623 3410/5288/4625
f 3414/5287/4624 3410/5288/4625 3413/5289/4626
f 3413/5289/4626 3410/5288/4625 3409/5290/4627
f 3413/5289/4626 3409/5290/4627 3366/5291/4628
f 3366/5291/4628 3409/5290/4627 3415/5292/4629
f 3366/5291/4628 3415/5292/4629 3367/5293/4630
f 3367/5293/4630 3415/5292/4629 3409/5290/4627
f 3367/5293/4630 3409/5290/4627 3408/5294/4631
f 3408/5294/4631 3409/5290/4627 3400/5295/4632
f 3408/5294/4631 3400/5295/4632 3401/5296/4633
f 3396/5282/4620 3397/5297/4634 3412/5284/4621
f 3412/5284/4621 3397/5297/4634 3411/5286/4623
f 3397/5297/4634 3398/5298/4635 3411/5286/4623
f 3411/5286/4623 3398/5298/4635 3410/5288/4625
f 3398/5298/4635 3399/5299/4636 3410/5288/4625
f 3410/5288/4625 3399/5299/4636 3409/5290/4627
f 3399/5299/4636 3400/5295/4632 3409/5290/4627
f 3408/5294/4631 3401/5296/4633 3407/5300/4637
f 3407/5300/4637 3401/5296/4633 3402/5301/4638
f 3407/5300/4637 3402/5301/4638 3406/5302/4639
f 3406/5302/4639 3402/5301/4638 3403/5303/4640
f 3406/5302/4639 3403/5303/4640 3369/5304/4641
f 3369/5304/4641 3403/5303/4640 3370/5305/4642
f 3370/5305/4642 3403/5303/4640 3404/5306/4643
f 3370/5305/4642 3404/5306/4643 3371/5307/4644
f 3371/5307/4644 3404/5306/4643 3349/5308/4572
f 3406/5302/4639 3369/5304/4641 3407/5300/4637
f 3407/5300/4637 3369/5304/4641 3368/5309/4645
f 3407/5300/4637 3368/5309/4645 3408/5294/4631
f 3408/5294/4631 3368/5309/4645 3367/5293/4630
f 3366/5291/4628 3365/5310/4646 3413/5289/4626
f 3413/5289/4626 3365/5310/4646 3414/5287/4624
f 3365/5310/4646 3364/5311/4647 3414/5287/4624
f 3414/5287/4624 3364/5311/4647 3405/5285/4622
f 3405/5285/4622 3364/5311/4647 3416/5312/4648
f 3416/5312/4648 3364/5311/4647 3363/5313/4649
f 3416/5312/4648 3363/5313/4649 3405/5285/4622
f 3405/5285/4622 3363/5313/4649 802/5283/1081
f 3363/5313/4649 803/5314/1083 802/5283/1081
f 3360/5315/4650 3359/5316/4651 3427/5317/4652
f 3427/5317/4652 3359/5316/4651 3429/5318/4653
f 3427/5317/4652 3429/5318/4653 3435/5319/4654
f 3435/5319/4654 3429/5318/4653 3436/5320/4655
f 3435/5319/4654 3436/5320/4655 3434/5321/4656
f 3434/5321/4656 3436/5320/4655 3357/5322/4657
f 3434/5321/4656 3357/5322/4657 3433/5323/4658
f 3433/5323/4658 3357/5322/4657 3356/5324/4659
f 3433/5323/4658 3356/5324/4659 3432/5325/4660
f 3432/5325/4660 3356/5324/4659 3355/5326/4661
f 3432/5325/4660 3355/5326/4661 3440/5327/4662
f 3440/5327/4662 3355/5326/4661 3354/5328/4663
f 3440/5327/4662 3354/5328/4663 3439/5329/4664
f 3439/5329/4664 3354/5328/4663 3438/5330/4665
f 3439/5329/4664 3438/5330/4665 3420/5331/4666
f 3420/5331/4666 3438/5330/4665 3419/5332/4667
f 3419/5332/4667 3438/5330/4665 3437/5333/4668
f 3419/5332/4667 3437/5333/4668 3418/5334/4669
f 3418/5334/4669 3437/5333/4668 3353/5335/4670
f 3418/5334/4669 3353/5335/4670 3352/5336/4671
f 3358/5337/4672 3431/5338/4673 3359/5316/4651
f 3359/5316/4651 3431/5338/4673 3430/5339/4674
f 3359/5316/4651 3430/5339/4674 3429/5318/4653
f 3429/5318/4653 3430/5339/4674 3358/5337/4672
f 3429/5318/4653 3358/5337/4672 3436/5320/4655
f 3436/5320/4655 3358/5337/4672 3357/5322/4657
f 3354/5328/4663 3353/5335/4670 3438/5330/4665
f 3438/5330/4665 3353/5335/4670 3437/5333/4668
f 3418/5334/4669 3352/5336/4671 3417/5340/4675
f 3417/5340/4675 3352/5336/4671 3351/5341/4676
f 3417/5340/4675 3351/5341/4676 3350/5342/4574
f 3420/5331/4666 3421/5343/4677 3439/5329/4664
f 3439/5329/4664 3421/5343/4677 3440/5327/4662
f 3421/5343/4677 3422/5344/4678 3440/5327/4662
f 3440/5327/4662 3422/5344/4678 3441/5345/4679
f 3440/5327/4662 3441/5345/4679 3432/5325/4660
f 3432/5325/4660 3441/5345/4679 3433/5323/4658
f 3422/5344/4678 3423/5346/4680 3441/5345/4679
f 3441/5345/4679 3423/5346/4680 3442/5347/4681
f 3441/5345/4679 3442/5347/4681 3433/5323/4658
f 3433/5323/4658 3442/5347/4681 3434/5321/4656
f 3442/5347/4681 3423/5346/4680 3444/5348/4682
f 3444/5348/4682 3423/5346/4680 3424/5349/4683
f 3444/5348/4682 3424/5349/4683 3428/5350/4684
f 3428/5350/4684 3424/5349/4683 3425/5351/4685
f 3428/5350/4684 3425/5351/4685 3427/5317/4652
f 3427/5317/4652 3425/5351/4685 3426/5352/4686
f 3428/5350/4684 3427/5317/4652 3443/5353/4687
f 3443/5353/4687 3427/5317/4652 3435/5319/4654
f 3443/5353/4687 3435/5319/4654 3434/5321/4656
f 3430/5339/4674 3431/5338/4673 3358/5337/4672
f 3443/5353/4687 3434/5321/4656 3442/5347/4681
f 3428/5350/4684 3443/5353/4687 3442/5347/4681
f 3444/5348/4682 3428/5350/4684 3442/5347/4681
f 800/5354/1086 806/5355/1087 801/5356/4688
f 801/5356/4688 806/5355/1087 3396/5357/4689
f 3396/5357/4689 806/5355/1087 3473/5358/4690
f 3396/5357/4689 3473/5358/4690 3448/5359/4691
f 3448/5359/4691 3473/5358/4690 3474/5360/4692
f 3448/5359/4691 3474/5360/4692 3397/5361/4693
f 3397/5361/4693 3474/5360/4692 3398/5362/4694
f 3398/5362/4694 3474/5360/4692 3472/5363/4695
f 3398/5362/4694 3472/5363/4695 3471/5364/4696
f 3471/5364/4696 3472/5363/4695 3467/5365/4697
f 3471/5364/4696 3467/5365/4697 3466/5366/4698
f 3466/5366/4698 3467/5365/4697 3458/5367/4699
f 3466/5366/4698 3458/5367/4699 3457/5368/4700
f 3457/5368/4700 3458/5367/4699 3453/5369/4701
f 3457/5368/4700 3453/5369/4701 3454/5370/4702
f 3454/5370/4702 3453/5369/4701 3420/5371/4703
f 3454/5370/4702 3420/5371/4703 3419/5372/4704
f 805/5373/1088 3426/5374/4705 806/5355/1087
f 806/5355/1087 3426/5374/4705 3425/5375/4706
f 806/5355/1087 3425/5375/4706 3447/5376/4707
f 3447/5376/4707 3425/5375/4706 3424/5377/4708
f 3447/5376/4707 3424/5377/4708 3462/5378/4709
f 3462/5378/4709 3424/5377/4708 3423/5379/4710
f 3462/5378/4709 3423/5379/4710 3450/5380/4711
f 3450/5380/4711 3423/5379/4710 3463/5381/4712
f 3450/5380/4711 3463/5381/4712 3451/5382/4713
f 3451/5382/4713 3463/5381/4712 3422/5383/4714
f 3451/5382/4713 3422/5383/4714 3452/5384/4715
f 3452/5384/4715 3422/5383/4714 3421/5385/4716
f 3452/5384/4715 3421/5385/4716 3453/5369/4701
f 3453/5369/4701 3421/5385/4716 3420/5371/4703
f 3423/5379/4710 3422/5383/4714 3463/5381/4712
f 3418/5386/4717 3455/5387/4718 3419/5372/4704
f 3419/5372/4704 3455/5387/4718 3456/5388/4719
f 3419/5372/4704 3456/5388/4719 3454/5370/4702
f 3454/5370/4702 3456/5388/4719 3457/5368/4700
f 3455/5387/4718 3418/5386/4717 3446/5389/4720
f 3446/5389/4720 3418/5386/4717 3417/5390/4721
f 3446/5389/4720 3417/5390/4721 3350/5391/4574
f 3349/5392/4572 3404/5393/4722 3350/5391/4574
f 3350/5391/4574 3404/5393/4722 3446/5389/4720
f 3404/5393/4722 3403/5394/4723 3446/5389/4720
f 3446/5389/4720 3403/5394/4723 3402/5395/4724
f 3446/5389/4720 3402/5395/4724 3455/5387/4718
f 3455/5387/4718 3402/5395/4724 3464/5396/4725
f 3455/5387/4718 3464/5396/4725 3456/5388/4719
f 3456/5388/4719 3464/5396/4725 3465/5397/4726
f 3456/5388/4719 3465/5397/4726 3457/5368/4700
f 3457/5368/4700 3465/5397/4726 3466/5366/4698
f 3402/5395/4724 3401/5398/4727 3464/5396/4725
f 3464/5396/4725 3401/5398/4727 3465/5397/4726
f 3401/5398/4727 3400/5399/4728 3465/5397/4726
f 3465/5397/4726 3400/5399/4728 3466/5366/4698
f 3466/5366/4698 3400/5399/4728 3470/5400/4729
f 3470/5400/4729 3400/5399/4728 3399/5401/4730
f 3470/5400/4729 3399/5401/4730 3471/5364/4696
f 3471/5364/4696 3399/5401/4730 3475/5402/4731
f 3471/5364/4696 3475/5402/4731 3398/5362/4694
f 3398/5362/4694 3475/5402/4731 3399/5401/4730
f 3397/5361/4693 3396/5357/4689 3448/5359/4691
f 3471/5364/4696 3466/5366/4698 3470/5400/4729
f 3445/5403/4732 806/5355/1087 3469/5404/4733
f 3469/5404/4733 806/5355/1087 3461/5405/4734
f 3469/5404/4733 3461/5405/4734 3460/5406/4735
f 3460/5406/4735 3461/5405/4734 3450/5380/4711
f 3460/5406/4735 3450/5380/4711 3451/5382/4713
f 3450/5380/4711 3461/5405/4734 3449/5407/4736
f 3449/5407/4736 3461/5405/4734 806/5355/1087
f 3449/5407/4736 806/5355/1087 3447/5376/4707
f 3447/5376/4707 3462/5378/4709 3449/5407/4736
f 3449/5407/4736 3462/5378/4709 3450/5380/4711
f 3451/5382/4713 3452/5384/4715 3459/5408/4737
f 3459/5408/4737 3452/5384/4715 3458/5367/4699
f 3459/5408/4737 3458/5367/4699 3467/5365/4697
f 3452/5384/4715 3453/5369/4701 3458/5367/4699
f 3451/5382/4713 3459/5408/4737 3460/5406/4735
f 3460/5406/4735 3459/5408/4737 3468/5409/4738
f 3460/5406/4735 3468/5409/4738 3469/5404/4733
f 3469/5404/4733 3468/5409/4738 3445/5403/4732
f 3468/5409/4738 3459/5408/4737 3467/5365/4697
f 3445/5403/4732 3468/5409/4738 3472/5363/4695
f 3472/5363/4695 3468/5409/4738 3467/5365/4697
f 806/5355/1087 3445/5403/4732 3473/5358/4690
f 3473/5358/4690 3445/5403/4732 3472/5363/4695
f 3473/5358/4690 3472/5363/4695 3474/5360/4692
f 750/5410/1030 773/5411/1031 751/5412/4739
f 751/5412/4739 773/5411/1031 782/5413/4740
f 751/5412/4739 782/5413/4740 3427/5414/4652
f 3427/5414/4652 782/5413/4740 3361/5415/4741
f 3427/5414/4652 3361/5415/4741 3360/5416/4650
f 3426/5417/4686 805/5418/4742 3427/5414/4652
f 3427/5414/4652 805/5418/4742 751/5412/4739
f 782/5419/1046 781/5420/1044 3361/5421/4611
f 3361/5421/4611 781/5420/1044 3362/5422/4592
f 3362/5422/4592 781/5420/1044 780/5423/1038
f 3362/5422/4592 780/5423/1038 804/5424/4594
f 804/5424/4594 780/5423/1038 779/5425/1037
f 3477/5426/4743 3478/5427/4744 3476/5428/4745
f 3476/5428/4745 3478/5427/4744 3499/5429/4746
f 3476/5428/4745 3499/5429/4746 3496/5430/4747
f 3496/5430/4747 3499/5429/4746 3495/5431/4748
f 3495/5431/4748 3499/5429/4746 3500/5432/4749
f 3495/5431/4748 3500/5432/4749 3494/5433/4750
f 3494/5433/4750 3500/5432/4749 3501/5434/4751
f 3494/5433/4750 3501/5434/4751 3502/5435/4752
f 3502/5435/4752 3501/5434/4751 3511/5436/4753
f 3502/5435/4752 3511/5436/4753 3512/5437/4754
f 3512/5437/4754 3511/5436/4753 3482/5438/4755
f 3512/5437/4754 3482/5438/4755 3483/5439/4756
f 3478/5427/4744 3479/5440/4757 3499/5429/4746
f 3499/5429/4746 3479/5440/4757 3480/5441/4758
f 3499/5429/4746 3480/5441/4758 3500/5432/4749
f 3500/5432/4749 3480/5441/4758 3510/5442/4759
f 3500/5432/4749 3510/5442/4759 3501/5434/4751
f 3501/5434/4751 3510/5442/4759 3511/5436/4753
f 3480/5441/4758 3481/5443/4760 3510/5442/4759
f 3510/5442/4759 3481/5443/4760 3511/5436/4753
f 3481/5443/4760 3482/5438/4755 3511/5436/4753
f 3484/5444/4761 3516/5445/4762 3483/5439/4756
f 3483/5439/4756 3516/5445/4762 3513/5446/4763
f 3483/5439/4756 3513/5446/4763 3512/5437/4754
f 3512/5437/4754 3513/5446/4763 3503/5447/4764
f 3512/5437/4754 3503/5447/4764 3502/5435/4752
f 3502/5435/4752 3503/5447/4764 3493/5448/4765
f 3502/5435/4752 3493/5448/4765 3494/5433/4750
f 3485/5449/4766 3519/5450/4767 3484/5444/4761
f 3484/5444/4761 3519/5450/4767 3517/5451/4768
f 3484/5444/4761 3517/5451/4768 3516/5445/4762
f 3516/5445/4762 3517/5451/4768 3513/5446/4763
f 3486/5452/4769 3497/5453/4770 3485/5449/4766
f 3485/5449/4766 3497/5453/4770 3520/5454/4771
f 3485/5449/4766 3520/5454/4771 3518/5455/4772
f 3518/5455/4772 3520/5454/4771 3486/5452/4769
f 3518/5455/4772 3486/5452/4769 3498/5456/4773
f 3498/5456/4773 3486/5452/4769 1565/5457/2154
f 3498/5456/4773 1565/5457/2154 3515/5458/4774
f 3515/5458/4774 1565/5457/2154 3506/5459/4775
f 3515/5458/4774 3506/5459/4775 3505/5460/4776
f 3505/5460/4776 3506/5459/4775 3508/5461/4777
f 3505/5460/4776 3508/5461/4777 3509/5462/4778
f 3509/5462/4778 3508/5461/4777 3490/5463/4779
f 3509/5462/4778 3490/5463/4779 3491/5464/4780
f 3486/5452/4769 3487/5465/4781 1565/5457/2154
f 1565/5457/2154 3487/5465/4781 1566/5466/2153
f 1564/5467/2155 1570/5468/4782 1565/5457/2154
f 1565/5457/2154 1570/5468/4782 3488/5469/4783
f 1565/5457/2154 3488/5469/4783 3507/5470/4784
f 3507/5470/4784 3488/5469/4783 3489/5471/4785
f 3507/5470/4784 3489/5471/4785 3508/5461/4777
f 3508/5461/4777 3489/5471/4785 3490/5463/4779
f 3509/5462/4778 3491/5464/4780 3504/5472/4786
f 3504/5472/4786 3491/5464/4780 3492/5473/4787
f 3504/5472/4786 3492/5473/4787 3503/5447/4764
f 3503/5447/4764 3492/5473/4787 3493/5448/4765
f 3497/5453/4770 3486/5452/4769 3520/5454/4771
f 3509/5462/4778 3504/5472/4786 3505/5460/4776
f 3505/5460/4776 3504/5472/4786 3514/5474/4788
f 3505/5460/4776 3514/5474/4788 3515/5458/4774
f 3515/5458/4774 3514/5474/4788 3498/5456/4773
f 3514/5474/4788 3504/5472/4786 3513/5446/4763
f 3513/5446/4763 3504/5472/4786 3503/5447/4764
f 3507/5470/4784 3508/5461/4777 3506/5459/4775
f 3506/5459/4775 1565/5457/2154 3507/5470/4784
f 3498/5456/4773 3514/5474/4788 3517/5451/4768
f 3517/5451/4768 3514/5474/4788 3513/5446/4763
f 3518/5455/4772 3498/5456/4773 3517/5451/4768
f 3485/5449/4766 3518/5455/4772 3519/5450/4767
f 3519/5450/4767 3518/5455/4772 3517/5451/4768
f 3477/5475/4743 3521/5476/4789 3478/5477/4790
f 3478/5477/4790 3521/5476/4789 3479/5478/4791
f 3479/5478/4791 3521/5476/4789 3522/5479/4792
f 3479/5478/4791 3522/5479/4792 3480/5480/4793
f 3480/5480/4793 3522/5479/4792 3537/5481/4794
f 3480/5480/4793 3537/5481/4794 3538/5482/4795
f 3538/5482/4795 3537/5481/4794 3523/5483/4796
f 3538/5482/4795 3523/5483/4796 3524/5484/4797
f 3522/5479/4792 3523/5483/4796 3537/5481/4794
f 3538/5482/4795 3524/5484/4797 3539/5485/4798
f 3539/5485/4798 3524/5484/4797 3525/5486/4799
f 3539/5485/4798 3525/5486/4799 3540/5487/4800
f 3540/5487/4800 3525/5486/4799 3526/5488/4801
f 3540/5487/4800 3526/5488/4801 3536/5489/4802
f 3536/5489/4802 3526/5488/4801 3527/5490/4803
f 3536/5489/4802 3527/5490/4803 3534/5491/4804
f 3534/5491/4804 3527/5490/4803 3528/5492/4805
f 3534/5491/4804 3528/5492/4805 3532/5493/4806
f 3532/5493/4806 3528/5492/4805 3529/5494/4807
f 3532/5493/4806 3529/5494/4807 3531/5495/4808
f 3531/5495/4808 3529/5494/4807 3530/5496/4809
f 3487/5497/4810 3486/5498/4811 3531/5495/4808
f 3531/5495/4808 3486/5498/4811 3533/5499/4812
f 3531/5495/4808 3533/5499/4812 3532/5493/4806
f 3532/5493/4806 3533/5499/4812 3535/5500/4813
f 3532/5493/4806 3535/5500/4813 3534/5491/4804
f 3534/5491/4804 3535/5500/4813 3484/5501/4814
f 3534/5491/4804 3484/5501/4814 3541/5502/4815
f 3541/5502/4815 3484/5501/4814 3483/5503/4816
f 3541/5502/4815 3483/5503/4816 3536/5489/4802
f 3536/5489/4802 3483/5503/4816 3540/5487/4800
f 3533/5499/4812 3486/5498/4811 3543/5504/4817
f 3543/5504/4817 3486/5498/4811 3485/5505/4818
f 3543/5504/4817 3485/5505/4818 3533/5499/4812
f 3533/5499/4812 3485/5505/4818 3535/5500/4813
f 3485/5505/4818 3484/5501/4814 3535/5500/4813
f 3540/5487/4800 3483/5503/4816 3542/5506/4819
f 3542/5506/4819 3483/5503/4816 3482/5507/4820
f 3542/5506/4819 3482/5507/4820 3540/5487/4800
f 3540/5487/4800 3482/5507/4820 3539/5485/4798
f 3482/5507/4820 3481/5508/4821 3539/5485/4798
f 3539/5485/4798 3481/5508/4821 3538/5482/4795
f 3481/5508/4821 3480/5480/4793 3538/5482/4795
f 3536/5489/4802 3534/5491/4804 3541/5502/4815
f 3476/5509/4745 3496/5510/4822 3552/5511/4823
f 3552/5511/4823 3496/5510/4822 3495/5512/4824
f 3552/5511/4823 3495/5512/4824 3551/5513/4825
f 3551/5513/4825 3495/5512/4824 3494/5514/4826
f 3551/5513/4825 3494/5514/4826 3561/5515/4827
f 3561/5515/4827 3494/5514/4826 3560/5516/4828
f 3561/5515/4827 3560/5516/4828 3550/5517/4829
f 3550/5517/4829 3560/5516/4828 3549/5518/4830
f 3549/5518/4830 3560/5516/4828 3559/5519/4831
f 3549/5518/4830 3559/5519/4831 3558/5520/4832
f 3558/5520/4832 3559/5519/4831 3492/5521/4833
f 3558/5520/4832 3492/5521/4833 3562/5522/4834
f 3562/5522/4834 3492/5521/4833 3491/5523/4835
f 3562/5522/4834 3491/5523/4835 3563/5524/4836
f 3563/5524/4836 3491/5523/4835 3490/5525/4837
f 3563/5524/4836 3490/5525/4837 3564/5526/4838
f 3564/5526/4838 3490/5525/4837 3566/5527/4839
f 3564/5526/4838 3566/5527/4839 3553/5528/4840
f 3553/5528/4840 3566/5527/4839 3489/5529/4841
f 3553/5528/4840 3489/5529/4841 3567/5530/4842
f 3567/5530/4842 3489/5529/4841 3568/5531/4843
f 3567/5530/4842 3568/5531/4843 3488/5532/4844
f 3488/5532/4844 3568/5531/4843 3489/5529/4841
f 3494/5514/4826 3493/5533/4845 3560/5516/4828
f 3560/5516/4828 3493/5533/4845 3559/5519/4831
f 3493/5533/4845 3492/5521/4833 3559/5519/4831
f 3490/5525/4837 3489/5529/4841 3566/5527/4839
f 1570/5534/2160 1569/5535/2158 3488/5532/4844
f 3488/5532/4844 1569/5535/2158 3553/5528/4840
f 3488/5532/4844 3553/5528/4840 3567/5530/4842
f 1568/5536/2162 3544/5537/4846 1569/5535/2158
f 1569/5535/2158 3544/5537/4846 3554/5538/4847
f 1569/5535/2158 3554/5538/4847 3555/5539/4848
f 3555/5539/4848 3554/5538/4847 3569/5540/4849
f 3555/5539/4848 3569/5540/4849 3556/5541/4850
f 3556/5541/4850 3569/5540/4849 3546/5542/4851
f 3556/5541/4850 3546/5542/4851 3557/5543/4852
f 3557/5543/4852 3546/5542/4851 3547/5544/4853
f 3557/5543/4852 3547/5544/4853 3558/5520/4832
f 3558/5520/4832 3547/5544/4853 3548/5545/4854
f 3558/5520/4832 3548/5545/4854 3549/5518/4830
f 3544/5537/4846 3545/5546/4855 3554/5538/4847
f 3554/5538/4847 3545/5546/4855 3569/5540/4849
f 3545/5546/4855 3546/5542/4851 3569/5540/4849
f 3550/5517/4829 3551/5513/4825 3561/5515/4827
f 3553/5528/4840 1569/5535/2158 3565/5547/4856
f 3565/5547/4856 1569/5535/2158 3555/5539/4848
f 3565/5547/4856 3555/5539/4848 3556/5541/4850
f 3563/5524/4836 3564/5526/4838 3557/5543/4852
f 3557/5543/4852 3564/5526/4838 3556/5541/4850
f 3562/5522/4834 3563/5524/4836 3558/5520/4832
f 3558/5520/4832 3563/5524/4836 3557/5543/4852
f 3553/5528/4840 3565/5547/4856 3564/5526/4838
f 3564/5526/4838 3565/5547/4856 3556/5541/4850
f 1567/5548/4857 3570/5549/4858 1568/5550/4859
f 1568/5550/4859 3570/5549/4858 3544/5551/4860
f 3544/5551/4860 3570/5549/4858 3572/5552/4861
f 3544/5551/4860 3572/5552/4861 3545/5553/4862
f 3545/5553/4862 3572/5552/4861 3573/5554/4863
f 3545/5553/4862 3573/5554/4863 3546/5555/4864
f 3546/5555/4864 3573/5554/4863 3574/5556/4865
f 3546/5555/4864 3574/5556/4865 3547/5557/4866
f 3547/5557/4866 3574/5556/4865 3600/5558/4867
f 3547/5557/4866 3600/5558/4867 3599/5559/4868
f 3599/5559/4868 3600/5558/4867 3585/5560/4869
f 3599/5559/4868 3585/5560/4869 3584/5561/4870
f 3584/5561/4870 3585/5560/4869 3579/5562/4871
f 3584/5561/4870 3579/5562/4871 3580/5563/4872
f 3580/5563/4872 3579/5562/4871 3524/5564/4873
f 3580/5563/4872 3524/5564/4873 3523/5565/4874
f 3571/5566/4875 3530/5567/4876 3570/5549/4858
f 3570/5549/4858 3530/5567/4876 3529/5568/4877
f 3570/5549/4858 3529/5568/4877 3592/5569/4878
f 3592/5569/4878 3529/5568/4877 3593/5570/4879
f 3592/5569/4878 3593/5570/4879 3528/5571/4880
f 3528/5571/4880 3593/5570/4879 3529/5568/4877
f 3592/5569/4878 3528/5571/4880 3589/5572/4881
f 3589/5572/4881 3528/5571/4880 3527/5573/4882
f 3589/5572/4881 3527/5573/4882 3595/5574/4883
f 3595/5574/4883 3527/5573/4882 3590/5575/4884
f 3595/5574/4883 3590/5575/4884 3577/5576/4885
f 3577/5576/4885 3590/5575/4884 3578/5577/4886
f 3577/5576/4885 3578/5577/4886 3586/5578/4887
f 3586/5578/4887 3578/5577/4886 3585/5560/4869
f 3586/5578/4887 3585/5560/4869 3600/5558/4867
f 3590/5575/4884 3527/5573/4882 3596/5579/4888
f 3596/5579/4888 3527/5573/4882 3526/5580/4889
f 3596/5579/4888 3526/5580/4889 3590/5575/4884
f 3590/5575/4884 3526/5580/4889 3594/5581/4890
f 3590/5575/4884 3594/5581/4890 3578/5577/4886
f 3578/5577/4886 3594/5581/4890 3525/5582/4891
f 3578/5577/4886 3525/5582/4891 3579/5562/4871
f 3579/5562/4871 3525/5582/4891 3524/5564/4873
f 3526/5580/4889 3525/5582/4891 3594/5581/4890
f 3522/5583/4892 3582/5584/4893 3523/5565/4874
f 3523/5565/4874 3582/5584/4893 3583/5585/4894
f 3523/5565/4874 3583/5585/4894 3580/5563/4872
f 3580/5563/4872 3583/5585/4894 3584/5561/4870
f 3582/5584/4893 3522/5583/4892 3581/5586/4895
f 3581/5586/4895 3522/5583/4892 3521/5587/4896
f 3581/5586/4895 3521/5587/4896 3477/5588/4743
f 3477/5588/4743 3476/5589/4745 3581/5586/4895
f 3581/5586/4895 3476/5589/4745 3552/5590/4897
f 3581/5586/4895 3552/5590/4897 3551/5591/4898
f 3551/5591/4898 3550/5592/4899 3581/5586/4895
f 3581/5586/4895 3550/5592/4899 3582/5584/4893
f 3582/5584/4893 3550/5592/4899 3597/5593/4900
f 3597/5593/4900 3550/5592/4899 3549/5594/4901
f 3597/5593/4900 3549/5594/4901 3598/5595/4902
f 3598/5595/4902 3549/5594/4901 3548/5596/4903
f 3598/5595/4902 3548/5596/4903 3599/5559/4868
f 3599/5559/4868 3548/5596/4903 3547/5557/4866
f 3570/5549/4858 3591/5597/4904 3575/5598/4905
f 3575/5598/4905 3591/5597/4904 3576/5599/4906
f 3575/5598/4905 3576/5599/4906 3588/5600/4907
f 3588/5600/4907 3576/5599/4906 3587/5601/4908
f 3588/5600/4907 3587/5601/4908 3602/5602/4909
f 3602/5602/4909 3587/5601/4908 3601/5603/4910
f 3602/5602/4909 3601/5603/4910 3572/5552/4861
f 3572/5552/4861 3601/5603/4910 3573/5554/4863
f 3572/5552/4861 3570/5549/4858 3602/5602/4909
f 3602/5602/4909 3570/5549/4858 3588/5600/4907
f 3600/5558/4867 3574/5556/4865 3573/5554/4863
f 3600/5558/4867 3573/5554/4863 3601/5603/4910
f 3570/5549/4858 3575/5598/4905 3588/5600/4907
f 3576/5599/4906 3577/5576/4885 3587/5601/4908
f 3587/5601/4908 3577/5576/4885 3586/5578/4887
f 3587/5601/4908 3586/5578/4887 3601/5603/4910
f 3601/5603/4910 3586/5578/4887 3600/5558/4867
f 3577/5576/4885 3576/5599/4906 3595/5574/4883
f 3595/5574/4883 3576/5599/4906 3591/5597/4904
f 3595/5574/4883 3591/5597/4904 3592/5569/4878
f 3592/5569/4878 3591/5597/4904 3570/5549/4858
f 3578/5577/4886 3579/5562/4871 3585/5560/4869
f 3582/5584/4893 3597/5593/4900 3583/5585/4894
f 3583/5585/4894 3597/5593/4900 3598/5595/4902
f 3583/5585/4894 3598/5595/4902 3584/5561/4870
f 3584/5561/4870 3598/5595/4902 3599/5559/4868
f 3595/5574/4883 3592/5569/4878 3589/5572/4881
f 1530/5604/2097 1529/5605/2095 1567/5606/4857
f 1567/5606/4857 1529/5605/2095 3570/5607/4858
f 3570/5607/4858 1529/5605/2095 1528/5608/2089
f 3570/5607/4858 1528/5608/2089 3571/5609/4875
f 3571/5609/4875 1528/5608/2089 1527/5610/2088
f 1515/5611/2081 1514/5612/2082 1527/5613/4911
f 1527/5613/4911 1514/5612/2082 1558/5614/4912
f 1527/5613/4911 1558/5614/4912 3531/5615/4808
f 3531/5615/4808 1558/5614/4912 1566/5616/4913
f 3531/5615/4808 1566/5616/4913 3487/5617/4810
f 3530/5618/4809 3571/5619/4914 3531/5615/4808
f 3531/5615/4808 3571/5619/4914 1527/5613/4911
f 3604/5620/4915 3666/5621/4916 3603/5622/4917
f 3603/5622/4917 3666/5621/4916 3635/5623/4918
f 3603/5622/4917 3635/5623/4918 3634/5624/4919
f 3634/5624/4919 3635/5623/4918 3636/5625/4920
f 3634/5624/4919 3636/5625/4920 3633/5626/4921
f 3633/5626/4921 3636/5625/4920 3637/5627/4922
f 3633/5626/4921 3637/5627/4922 3632/5628/4923
f 3632/5628/4923 3637/5627/4922 3638/5629/4924
f 3632/5628/4923 3638/5629/4924 3631/5630/4925
f 3631/5630/4925 3638/5629/4924 3639/5631/4926
f 3631/5630/4925 3639/5631/4926 3630/5632/4927
f 3630/5632/4927 3639/5631/4926 3640/5633/4928
f 3630/5632/4927 3640/5633/4928 3629/5634/4929
f 3629/5634/4929 3640/5633/4928 3641/5635/4930
f 3629/5634/4929 3641/5635/4930 3628/5636/4931
f 3628/5636/4931 3641/5635/4930 3642/5637/4932
f 3628/5636/4931 3642/5637/4932 3627/5638/4933
f 3627/5638/4933 3642/5637/4932 3643/5639/4934
f 3627/5638/4933 3643/5639/4934 3626/5640/4935
f 3626/5640/4935 3643/5639/4934 3644/5641/4936
f 3626/5640/4935 3644/5641/4936 3625/5642/4937
f 3625/5642/4937 3644/5641/4936 3645/5643/4938
f 3625/5642/4937 3645/5643/4938 3624/5644/4939
f 3624/5644/4939 3645/5643/4938 3646/5645/4940
f 3624/5644/4939 3646/5645/4940 3623/5646/4941
f 3623/5646/4941 3646/5645/4940 3647/5647/4942
f 3623/5646/4941 3647/5647/4942 3622/5648/4943
f 3622/5648/4943 3647/5647/4942 3648/5649/4944
f 3622/5648/4943 3648/5649/4944 3621/5650/4945
f 3621/5650/4945 3648/5649/4944 3649/5651/4946
f 3621/5650/4945 3649/5651/4946 3620/5652/4947
f 3620/5652/4947 3649/5651/4946 3650/5653/4948
f 3620/5652/4947 3650/5653/4948 3619/5654/4949
f 3619/5654/4949 3650/5653/4948 3651/5655/4950
f 3619/5656/4949 3651/5657/4950 3618/5658/4951
f 3618/5658/4951 3651/5657/4950 3652/5659/4952
f 3618/5658/4951 3652/5659/4952 3617/5660/4953
f 3617/5660/4953 3652/5659/4952 3653/5661/4954
f 3617/5660/4953 3653/5661/4954 3616/5662/4955
f 3616/5662/4955 3653/5661/4954 3654/5663/4956
f 3616/5662/4955 3654/5663/4956 3615/5664/4957
f 3615/5664/4957 3654/5663/4956 3655/5665/4958
f 3615/5664/4957 3655/5665/4958 3614/5666/4959
f 3614/5666/4959 3655/5665/4958 3656/5667/4960
f 3614/5666/4959 3656/5667/4960 3613/5668/4961
f 3613/5668/4961 3656/5667/4960 3657/5669/4962
f 3613/5668/4961 3657/5669/4962 3612/5670/4963
f 3612/5670/4963 3657/5669/4962 3658/5671/4964
f 3612/5670/4963 3658/5671/4964 3611/5672/4965
f 3611/5672/4965 3658/5671/4964 3659/5673/4966
f 3611/5672/4965 3659/5673/4966 3610/5674/4967
f 3610/5674/4967 3659/5673/4966 3660/5675/4968
f 3610/5674/4967 3660/5675/4968 3609/5676/4969
f 3609/5676/4969 3660/5675/4968 3661/5677/4970
f 3609/5676/4969 3661/5677/4970 3608/5678/4971
f 3608/5678/4971 3661/5677/4970 3662/5679/4972
f 3608/5678/4971 3662/5679/4972 3607/5680/4973
f 3607/5680/4973 3662/5679/4972 3663/5681/4974
f 3607/5680/4973 3663/5681/4974 3606/5682/4975
f 3606/5682/4975 3663/5681/4974 3664/5683/4976
f 3606/5682/4975 3664/5683/4976 3605/5684/4977
f 3605/5684/4977 3664/5683/4976 3665/5685/4978
f 3605/5684/4977 3665/5685/4978 3604/5620/4915
f 3604/5620/4915 3665/5685/4978 3666/5621/4916
f 3666/5686/4979 399/5687/4980 3635/5688/4981
f 3635/5688/4981 399/5687/4980 398/5689/4982
f 3635/5688/4981 398/5689/4982 432/5690/4983
f 399/5687/4980 3666/5686/4979 400/5691/4984
f 400/5691/4984 3666/5686/4979 3665/5692/4985
f 400/5691/4984 3665/5692/4985 401/5693/4986
f 401/5693/4986 3665/5692/4985 3664/5694/4987
f 401/5693/4986 3664/5694/4987 402/5695/4988
f 402/5695/4988 3664/5694/4987 3663/5696/4989
f 402/5695/4988 3663/5696/4989 403/5697/4990
f 403/5697/4990 3663/5696/4989 3662/5698/4991
f 403/5697/4990 3662/5698/4991 404/5699/4992
f 404/5699/4992 3662/5698/4991 3661/5700/4993
f 404/5699/4992 3661/5700/4993 405/5701/4994
f 405/5701/4994 3661/5700/4993 3660/5702/4995
f 405/5701/4994 3660/5702/4995 406/5703/4996
f 406/5703/4996 3660/5702/4995 3659/5704/4997
f 406/5703/4996 3659/5704/4997 407/5705/4998
f 407/5705/4998 3659/5704/4997 3658/5706/4999
f 407/5705/4998 3658/5706/4999 408/5707/5000
f 408/5707/5000 3658/5706/4999 3657/5708/5001
f 408/5707/5000 3657/5708/5001 409/5709/5002
f 409/5709/5002 3657/5708/5001 3656/5710/5003
f 409/5709/5002 3656/5710/5003 410/5711/5004
f 410/5711/5004 3656/5710/5003 411/5712/5005
f 411/5712/5005 3656/5710/5003 3655/5713/5006
f 411/5712/5005 3655/5713/5006 412/5714/5007
f 412/5714/5007 3655/5713/5006 3654/5715/5008
f 412/5714/5007 3654/5715/5008 413/5716/5009
f 413/5716/5009 3654/5715/5008 3653/5717/5010
f 413/5716/5009 3653/5717/5010 414/5718/5011
f 414/5718/5011 3653/5717/5010 3652/5719/5012
f 414/5718/5011 3652/5719/5012 415/5720/5013
f 415/5720/5013 3652/5719/5012 3651/5721/5014
f 415/5720/5013 3651/5721/5014 416/5722/5015
f 416/5722/5015 3651/5721/5014 3650/5723/5016
f 416/5722/5015 3650/5723/5016 417/5724/5017
f 417/5724/5017 3650/5723/5016 3649/5725/5018
f 417/5724/5017 3649/5725/5018 418/5726/5019
f 418/5726/5019 3649/5725/5018 3648/5727/5020
f 418/5726/5019 3648/5727/5020 419/5728/5021
f 419/5728/5021 3648/5727/5020 3647/5729/5022
f 419/5728/5021 3647/5729/5022 420/5730/5023
f 420/5730/5023 3647/5729/5022 3646/5731/5024
f 420/5730/5023 3646/5731/5024 421/5732/5025
f 421/5732/5025 3646/5731/5024 422/5733/5026
f 422/5733/5026 3646/5731/5024 3645/5734/5027
f 422/5733/5026 3645/5734/5027 423/5735/5028
f 423/5735/5028 3645/5734/5027 3644/5736/5029
f 423/5735/5028 3644/5736/5029 424/5737/5030
f 424/5737/5030 3644/5736/5029 3643/5738/5031
f 424/5737/5030 3643/5738/5031 425/5739/5032
f 425/5739/5032 3643/5738/5031 3642/5740/5033
f 425/5739/5032 3642/5740/5033 426/5741/5034
f 426/5741/5034 3642/5740/5033 3641/5742/5035
f 426/5741/5034 3641/5742/5035 427/5743/5036
f 427/5743/5036 3641/5742/5035 3640/5744/5037
f 427/5743/5036 3640/5744/5037 428/5745/5038
f 428/5745/5038 3640/5744/5037 3639/5746/5039
f 428/5745/5038 3639/5746/5039 429/5747/5040
f 429/5747/5040 3639/5746/5039 3638/5748/5041
f 429/5747/5040 3638/5748/5041 430/5749/5042
f 430/5749/5042 3638/5748/5041 3637/5750/5043
f 430/5749/5042 3637/5750/5043 431/5751/5044
f 431/5751/5044 3637/5750/5043 3636/5752/5045
f 431/5751/5044 3636/5752/5045 432/5690/4983
f 432/5690/4983 3636/5752/5045 3635/5688/4981
f 1072/5753/5046 1071/5754/5047 3603/5755/5048
f 3603/5755/5048 1071/5754/5047 1105/5756/5049
f 3603/5755/5048 1105/5756/5049 3604/5757/5050
f 3604/5757/5050 1105/5756/5049 1104/5758/5051
f 3604/5757/5050 1104/5758/5051 3605/5759/5052
f 3605/5759/5052 1104/5758/5051 1103/5760/5053
f 3605/5759/5052 1103/5760/5053 3606/5761/5054
f 3606/5761/5054 1103/5760/5053 1102/5762/5055
f 3606/5761/5054 1102/5762/5055 3607/5763/5056
f 3607/5763/5056 1102/5762/5055 1101/5764/5057
f 3607/5763/5056 1101/5764/5057 3608/5765/5058
f 3608/5765/5058 1101/5764/5057 1100/5766/5059
f 3608/5765/5058 1100/5766/5059 3609/5767/5060
f 3609/5767/5060 1100/5766/5059 1099/5768/5061
f 3609/5767/5060 1099/5768/5061 3610/5769/5062
f 3610/5769/5062 1099/5768/5061 1098/5770/5063
f 3610/5769/5062 1098/5770/5063 3611/5771/5064
f 3611/5771/5064 1098/5770/5063 1097/5772/5065
f 3611/5771/5064 1097/5772/5065 3612/5773/5066
f 3612/5773/5066 1097/5772/5065 1096/5774/5067
f 3612/5773/5066 1096/5774/5067 3613/5775/5068
f 3613/5775/5068 1096/5774/5067 1095/5776/5069
f 3613/5775/5068 1095/5776/5069 3614/5777/5070
f 3614/5777/5070 1095/5776/5069 1094/5778/5071
f 3614/5777/5070 1094/5778/5071 1093/5779/5072
f 3614/5777/5070 1093/5779/5072 3615/5780/5073
f 3615/5780/5073 1093/5779/5072 1092/5781/5074
f 3615/5780/5073 1092/5781/5074 3616/5782/5075
f 3616/5782/5075 1092/5781/5074 1091/5783/5076
f 3616/5782/5075 1091/5783/5076 3617/5784/5077
f 3617/5784/5077 1091/5783/5076 1090/5785/5078
f 3617/5784/5077 1090/5785/5078 3618/5786/5079
f 3618/5786/5079 1090/5785/5078 1089/5787/5080
f 3618/5786/5079 1089/5787/5080 3619/5788/5081
f 3619/5788/5081 1089/5787/5080 1088/5789/5082
f 3619/5788/5081 1088/5789/5082 3620/5790/5083
f 3620/5790/5083 1088/5789/5082 1087/5791/5084
f 3620/5790/5083 1087/5791/5084 3621/5792/5085
f 3621/5792/5085 1087/5791/5084 1086/5793/5086
f 3621/5792/5085 1086/5793/5086 3622/5794/5087
f 3622/5794/5087 1086/5793/5086 1085/5795/5088
f 3622/5794/5087 1085/5795/5088 3623/5796/5089
f 3623/5796/5089 1085/5795/5088 1084/5797/5090
f 3623/5796/5089 1084/5797/5090 3624/5798/5091
f 3624/5798/5091 1084/5797/5090 1083/5799/5092
f 3624/5798/5091 1083/5799/5092 1082/5800/5093
f 3624/5798/5091 1082/5800/5093 3625/5801/5094
f 3625/5801/5094 1082/5800/5093 1081/5802/5095
f 3625/5801/5094 1081/5802/5095 3626/5803/5096
f 3626/5803/5096 1081/5802/5095 1080/5804/5097
f 3626/5803/5096 1080/5804/5097 3627/5805/5098
f 3627/5805/5098 1080/5804/5097 1079/5806/5099
f 3627/5805/5098 1079/5806/5099 3628/5807/5100
f 3628/5807/5100 1079/5806/5099 1078/5808/5101
f 3628/5807/5100 1078/5808/5101 3629/5809/5102
f 3629/5809/5102 1078/5808/5101 1077/5810/5103
f 3629/5809/5102 1077/5810/5103 3630/5811/5104
f 3630/5811/5104 1077/5810/5103 1076/5812/5105
f 3630/5811/5104 1076/5812/5105 3631/5813/5106
f 3631/5813/5106 1076/5812/5105 1075/5814/5107
f 3631/5813/5106 1075/5814/5107 3632/5815/5108
f 3632/5815/5108 1075/5814/5107 1074/5816/5109
f 3632/5815/5108 1074/5816/5109 3633/5817/5110
f 3633/5817/5110 1074/5816/5109 1073/5818/5111
f 3633/5817/5110 1073/5818/5111 3634/5819/5112
f 3634/5819/5112 1073/5818/5111 1072/5753/5046
f 3634/5819/5112 1072/5753/5046 3603/5755/5048
f 434/5820/5113 433/5821/5114 3667/5822/5115
f 3667/5822/5115 433/5821/5114 467/5823/5116
f 3667/5822/5115 467/5823/5116 3696/5824/5117
f 3696/5824/5117 467/5823/5116 466/5825/5118
f 3696/5824/5117 466/5825/5118 3695/5826/5119
f 3695/5826/5119 466/5825/5118 465/5827/5120
f 3695/5826/5119 465/5827/5120 3694/5828/5121
f 3694/5828/5121 465/5827/5120 464/5829/5122
f 3694/5828/5121 464/5829/5122 3693/5830/5123
f 3693/5830/5123 464/5829/5122 463/5831/5124
f 3693/5830/5123 463/5831/5124 3692/5832/5125
f 3692/5832/5125 463/5831/5124 462/5833/5126
f 3692/5832/5125 462/5833/5126 3691/5834/5127
f 3691/5834/5127 462/5833/5126 461/5835/5128
f 3691/5834/5127 461/5835/5128 460/5836/5129
f 3691/5834/5127 460/5836/5129 3690/5837/5130
f 3690/5837/5130 460/5836/5129 459/5838/5131
f 3690/5837/5130 459/5838/5131 3689/5839/5132
f 3689/5839/5132 459/5838/5131 458/5840/5133
f 3689/5839/5132 458/5840/5133 3688/5841/5134
f 3688/5841/5134 458/5840/5133 457/5842/5135
f 3688/5841/5134 457/5842/5135 3687/5843/5136
f 3687/5843/5136 457/5842/5135 456/5844/5137
f 3687/5843/5136 456/5844/5137 3686/5845/5138
f 3686/5845/5138 456/5844/5137 455/5846/5139
f 3686/5845/5138 455/5846/5139 3685/5847/5140
f 3685/5847/5140 455/5846/5139 454/5848/5141
f 3685/5847/5140 454/5848/5141 453/5849/5142
f 3685/5847/5140 453/5849/5142 3684/5850/5143
f 3684/5850/5143 453/5849/5142 452/5851/5144
f 3684/5850/5143 452/5851/5144 3683/5852/5145
f 3683/5852/5145 452/5851/5144 451/5853/5146
f 3683/5852/5145 451/5853/5146 3682/5854/5147
f 3682/5854/5147 451/5853/5146 450/5855/5148
f 3682/5854/5147 450/5855/5148 3681/5856/5149
f 3681/5856/5149 450/5855/5148 449/5857/5150
f 3681/5856/5149 449/5857/5150 3680/5858/5151
f 3680/5858/5151 449/5857/5150 448/5859/5152
f 3680/5858/5151 448/5859/5152 3679/5860/5153
f 3679/5860/5153 448/5859/5152 447/5861/5154
f 3679/5860/5153 447/5861/5154 446/5862/5155
f 3679/5860/5153 446/5862/5155 3678/5863/5156
f 3678/5863/5156 446/5862/5155 445/5864/5157
f 3678/5863/5156 445/5864/5157 3677/5865/5158
f 3677/5865/5158 445/5864/5157 444/5866/5159
f 3677/5865/5158 444/5866/5159 3676/5867/5160
f 3676/5867/5160 444/5866/5159 443/5868/5161
f 3676/5867/5160 443/5868/5161 3675/5869/5162
f 3675/5869/5162 443/5868/5161 442/5870/5163
f 3675/5869/5162 442/5870/5163 3674/5871/5164
f 3674/5871/5164 442/5870/5163 441/5872/5165
f 3674/5871/5164 441/5872/5165 3673/5873/5166
f 3673/5873/5166 441/5872/5165 440/5874/5167
f 3673/5873/5166 440/5874/5167 439/5875/5168
f 3673/5873/5166 439/5875/5168 3672/5876/5169
f 3672/5876/5169 439/5875/5168 438/5877/5170
f 3672/5876/5169 438/5877/5170 3671/5878/5171
f 3671/5878/5171 438/5877/5170 437/5879/5172
f 3671/5878/5171 437/5879/5172 3670/5880/5173
f 3670/5880/5173 437/5879/5172 436/5881/5174
f 3670/5880/5173 436/5881/5174 3669/5882/5175
f 3669/5882/5175 436/5881/5174 435/5883/5176
f 3669/5882/5175 435/5883/5176 3668/5884/5177
f 3668/5884/5177 435/5883/5176 434/5820/5113
f 3668/5884/5177 434/5820/5113 3667/5822/5115
f 1036/5885/5178 1070/5886/5179 1037/5887/5180
f 1037/5887/5180 1070/5886/5179 1069/5888/5181
f 1037/5887/5180 1069/5888/5181 1038/5889/5182
f 1038/5889/5182 1069/5888/5181 1068/5890/5183
f 1038/5889/5182 1068/5890/5183 1039/5891/5184
f 1039/5891/5184 1068/5890/5183 1067/5892/5185
f 1039/5891/5184 1067/5892/5185 1066/5893/5186
f 1066/5893/5186 1065/5894/5187 1039/5891/5184
f 1039/5891/5184 1065/5894/5187 1064/5895/5188
f 1039/5891/5184 1064/5895/5188 1063/5896/5189
f 1063/5896/5189 1062/5897/5190 1039/5891/5184
f 1039/5891/5184 1062/5897/5190 1061/5898/5191
f 1039/5891/5184 1061/5898/5191 1060/5899/5192
f 1060/5899/5192 1059/5900/5193 1039/5891/5184
f 1039/5891/5184 1059/5900/5193 1058/5901/5194
f 1039/5891/5184 1058/5901/5194 1040/5902/5195
f 1040/5902/5195 1058/5901/5194 1057/5903/5196
f 1040/5902/5195 1057/5903/5196 1056/5904/5197
f 1056/5904/5197 1055/5905/5198 1040/5902/5195
f 1040/5902/5195 1055/5905/5198 1054/5906/5199
f 1040/5902/5195 1054/5906/5199 1053/5907/5200
f 1053/5907/5200 1052/5908/5201 1040/5902/5195
f 1040/5902/5195 1052/5908/5201 1051/5909/5202
f 1040/5902/5195 1051/5909/5202 1050/5910/5203
f 1050/5910/5203 1049/5911/5204 1040/5902/5195
f 1040/5902/5195 1049/5911/5204 1041/5912/5205
f 1041/5912/5205 1049/5911/5204 1048/5913/5206
f 1041/5912/5205 1048/5913/5206 1042/5914/5207
f 1042/5914/5207 1048/5913/5206 1047/5915/5208
f 1042/5914/5207 1047/5915/5208 1043/5916/5209
f 1043/5916/5209 1047/5915/5208 1046/5917/5210
f 1043/5916/5209 1046/5917/5210 1044/5918/5211
f 1044/5918/5211 1046/5917/5210 1045/5919/5212
f 222/5920/5213 3668/5921/5214 193/5922/5215
f 193/5922/5215 3668/5921/5214 3667/5923/5216
f 193/5924/5215 3667/5925/5216 194/5926/5217
f 194/5926/5217 3667/5925/5216 3696/5927/5218
f 194/5926/5217 3696/5927/5218 195/5928/5219
f 195/5928/5219 3696/5927/5218 3695/5929/5220
f 195/5928/5219 3695/5929/5220 196/5930/5221
f 196/5930/5221 3695/5929/5220 3694/5931/5222
f 196/5930/5221 3694/5931/5222 197/5932/5223
f 197/5932/5223 3694/5931/5222 3693/5933/5224
f 197/5932/5223 3693/5933/5224 198/5934/5225
f 198/5934/5225 3693/5933/5224 3692/5935/5226
f 198/5934/5225 3692/5935/5226 199/5936/5227
f 199/5936/5227 3692/5935/5226 3691/5937/5228
f 199/5936/5227 3691/5937/5228 200/5938/5229
f 200/5938/5229 3691/5937/5228 3690/5939/5230
f 200/5938/5229 3690/5939/5230 201/5940/5231
f 201/5940/5231 3690/5939/5230 3689/5941/5232
f 201/5940/5231 3689/5941/5232 202/5942/5233
f 202/5942/5233 3689/5941/5232 3688/5943/5234
f 202/5942/5233 3688/5943/5234 203/5944/5235
f 203/5944/5235 3688/5943/5234 3687/5945/5236
f 203/5944/5235 3687/5945/5236 204/5946/5237
f 204/5946/5237 3687/5945/5236 3686/5947/5238
f 204/5946/5237 3686/5947/5238 205/5948/5239
f 205/5948/5239 3686/5947/5238 3685/5949/5240
f 205/5948/5239 3685/5949/5240 206/5950/5241
f 206/5950/5241 3685/5949/5240 3684/5951/5242
f 206/5950/5241 3684/5951/5242 207/5952/5243
f 207/5952/5243 3684/5951/5242 3683/5953/5244
f 207/5952/5243 3683/5953/5244 208/5954/5245
f 208/5954/5245 3683/5953/5244 3682/5955/5246
f 208/5954/5245 3682/5955/5246 209/5956/5247
f 209/5956/5247 3682/5955/5246 3681/5957/5248
f 209/5956/5247 3681/5957/5248 210/5958/5249
f 210/5958/5249 3681/5957/5248 3680/5959/5250
f 210/5958/5249 3680/5959/5250 211/5960/5251
f 211/5960/5251 3680/5959/5250 3679/5961/5252
f 211/5960/5251 3679/5961/5252 212/5962/5253
f 212/5962/5253 3679/5961/5252 3678/5963/5254
f 212/5962/5253 3678/5963/5254 213/5964/5255
f 213/5964/5255 3678/5963/5254 3677/5965/5256
f 213/5964/5255 3677/5965/5256 214/5966/5257
f 214/5966/5257 3677/5965/5256 3676/5967/5258
f 214/5966/5257 3676/5967/5258 215/5968/5259
f 215/5968/5259 3676/5967/5258 3675/5969/5260
f 215/5968/5259 3675/5969/5260 216/5970/5261
f 216/5970/5261 3675/5969/5260 3674/5971/5262
f 216/5970/5261 3674/5971/5262 217/5972/5263
f 217/5972/5263 3674/5971/5262 3673/5973/5264
f 217/5972/5263 3673/5973/5264 218/5974/5265
f 218/5974/5265 3673/5973/5264 3672/5975/5266
f 218/5974/5265 3672/5975/5266 219/5976/5267
f 219/5976/5267 3672/5975/5266 3671/5977/5268
f 219/5976/5267 3671/5977/5268 220/5978/5269
f 220/5978/5269 3671/5977/5268 3670/5979/5270
f 220/5978/5269 3670/5979/5270 221/5980/5271
f 221/5980/5271 3670/5979/5270 3669/5981/5272
f 221/5980/5271 3669/5981/5272 222/5920/5213
f 222/5920/5213 3669/5981/5272 3668/5921/5214
# 3696 vertices
# 5981 texture params
# 5272 normals
# 7388 facets

# 1 groups
