# WaveFront *.obj file (generated by Autodesk ATF)

mtllib roue_arriere.mtl

g Corps40

v 0.300000 -1.155743 0.476190
v 0.300000 -1.132804 0.517314
v 0.300000 -1.100885 0.551935
v 0.300000 -1.061756 0.578133
v 0.300000 -1.017586 0.594456
v 0.300000 -0.970824 0.600000
v 0.000000 -0.970824 0.600000
v 0.000000 -1.017586 0.594456
v 0.000000 -1.061756 0.578133
v 0.000000 -1.100885 0.551935
v 0.000000 -1.132804 0.517314
v 0.000000 -1.155743 0.476190
v 0.300000 0.970824 0.600000
v 0.000000 0.970824 0.600000
v 0.000000 0.462500 0.600000
v -0.500000 0.462500 0.600000
v -0.500000 -0.462500 0.600000
v 0.000000 -0.462500 0.600000
v 0.075000 0.000000 0.600000
v 0.067333 -0.058234 0.600000
v 0.044856 -0.112500 0.600000
v 0.009099 -0.159099 0.600000
v -0.037500 -0.194856 0.600000
v -0.091766 -0.217333 0.600000
v -0.150000 -0.225000 0.600000
v -0.208234 -0.217333 0.600000
v -0.262500 -0.194856 0.600000
v -0.309099 -0.159099 0.600000
v -0.344856 -0.112500 0.600000
v -0.367333 -0.058234 0.600000
v -0.375000 0.000000 0.600000
v -0.367333 0.058234 0.600000
v -0.344856 0.112500 0.600000
v -0.309099 0.159099 0.600000
v -0.262500 0.194856 0.600000
v -0.208234 0.217333 0.600000
v -0.150000 0.225000 0.600000
v -0.091766 0.217333 0.600000
v -0.037500 0.194856 0.600000
v 0.009099 0.159099 0.600000
v 0.044856 0.112500 0.600000
v 0.067333 0.058234 0.600000
v 0.300000 0.132288 0.150000
v 0.300000 0.165804 0.111844
v 0.300000 0.188629 0.066477
v 0.300000 0.199291 0.016823
v 0.300000 0.197103 -0.033916
v 0.300000 0.182206 -0.082468
v 0.300000 0.155560 -0.125702
v 0.300000 0.118884 -0.160831
v 0.300000 0.074541 -0.185590
v 0.300000 0.025393 -0.198381
v 0.300000 -0.025393 -0.198381
v 0.300000 -0.074541 -0.185590
v 0.300000 -0.118884 -0.160831
v 0.300000 -0.155560 -0.125702
v 0.300000 -0.182206 -0.082468
v 0.300000 -0.197103 -0.033916
v 0.300000 -0.199291 0.016823
v 0.300000 -0.188629 0.066477
v 0.300000 -0.165804 0.111844
v 0.300000 -0.132288 0.150000
v 0.300000 -1.228822 0.229122
v 0.300000 -1.249693 -0.027682
v 0.300000 -1.217471 -0.283309
v 0.300000 -1.133524 -0.526899
v 0.300000 -1.001419 -0.748104
v 0.300000 -0.826768 -0.937526
v 0.300000 -0.616991 -1.087116
v 0.300000 -0.381002 -1.190520
v 0.300000 -0.128825 -1.243344
v 0.300000 0.128825 -1.243344
v 0.300000 0.381002 -1.190520
v 0.300000 0.616991 -1.087116
v 0.300000 0.826768 -0.937526
v 0.300000 1.001419 -0.748104
v 0.300000 1.133524 -0.526899
v 0.300000 1.217471 -0.283309
v 0.300000 1.249693 -0.027682
v 0.300000 1.228822 0.229122
v 0.300000 1.155743 0.476190
v 0.300000 1.132804 0.517314
v 0.300000 1.100885 0.551935
v 0.300000 1.061756 0.578133
v 0.300000 1.017586 0.594456
v 0.000000 1.155743 0.476190
v 0.000000 1.132804 0.517314
v 0.000000 1.100885 0.551935
v 0.000000 1.061756 0.578133
v 0.000000 1.017586 0.594456
v -0.518700 -0.480508 1.682739
v 0.000000 -0.480508 1.682739
v 0.000000 -0.462500 1.669078
v -0.500672 -0.462500 1.669078
v -0.500672 0.462500 1.669078
v 0.000000 0.462500 1.669078
v 0.000000 0.480508 1.682739
v -0.518700 0.480508 1.682739
v -0.500000 -0.462500 1.668380
v -0.500000 -0.233380 1.715498
v -0.500000 0.000000 1.731300
v -0.500000 0.233380 1.715498
v -0.500000 0.462500 1.668380
v -0.518700 0.242597 1.733103
v -0.518700 0.000000 1.750000
v -0.518700 -0.242597 1.733103
v -0.087500 1.693259 0.442011
v -0.087500 1.645746 0.594995
v -0.087500 1.584443 0.742994
v -0.087500 1.509864 0.884766
v -0.437500 1.509864 0.884766
v -0.437500 1.584443 0.742994
v -0.437500 1.645746 0.594995
v -0.437500 1.693259 0.442011
v -0.087500 0.442011 -1.693259
v -0.087500 0.594995 -1.645746
v -0.087500 0.742994 -1.584443
v -0.087500 0.884766 -1.509864
v -0.437500 0.884766 -1.509864
v -0.437500 0.742994 -1.584443
v -0.437500 0.594995 -1.645746
v -0.437500 0.442011 -1.693259
v -0.087500 -1.693259 -0.442011
v -0.087500 -1.645746 -0.594995
v -0.087500 -1.584443 -0.742994
v -0.087500 -1.509864 -0.884766
v -0.437500 -1.509864 -0.884766
v -0.437500 -1.584443 -0.742994
v -0.437500 -1.645746 -0.594995
v -0.437500 -1.693259 -0.442011
v -0.087500 0.480532 1.682733
v -0.437500 0.480532 1.682733
v -0.437500 0.619962 1.636504
v -0.437500 0.755024 1.578746
v -0.437500 0.884766 1.509864
v -0.087500 0.884766 1.509864
v -0.087500 0.755024 1.578746
v -0.087500 0.619962 1.636504
v -0.437500 -0.480532 1.682733
v -0.087500 -0.480532 1.682733
v -0.087500 -0.619962 1.636504
v -0.087500 -0.755024 1.578746
v -0.087500 -0.884766 1.509864
v -0.437500 -0.884766 1.509864
v -0.437500 -0.755024 1.578746
v -0.437500 -0.619962 1.636504
v 0.000000 0.763853 1.574493
v 0.000000 1.024251 1.418947
v 0.000000 1.253879 1.220774
v 0.000000 1.445838 0.985927
v 0.000000 1.594363 0.721461
v 0.000000 1.694991 0.435322
v 0.000000 1.744699 0.136105
v 0.000000 1.741994 -0.167200
v 0.000000 1.686958 -0.465483
v 0.000000 1.581242 -0.749782
v 0.000000 1.428024 -1.011556
v 0.000000 1.231907 -1.242942
v 0.000000 0.998781 -1.436989
v 0.000000 0.735651 -1.587866
v 0.000000 0.450420 -1.691042
v 0.000000 0.151659 -1.743416
v 0.000000 -0.151659 -1.743416
v 0.000000 -0.450420 -1.691042
v 0.000000 -0.735651 -1.587866
v 0.000000 -0.998781 -1.436989
v 0.000000 -1.231907 -1.242942
v 0.000000 -1.428024 -1.011556
v 0.000000 -1.581242 -0.749782
v 0.000000 -1.686958 -0.465483
v 0.000000 -1.741994 -0.167200
v 0.000000 -1.744699 0.136105
v 0.000000 -1.694991 0.435322
v 0.000000 -1.594363 0.721461
v 0.000000 -1.445838 0.985927
v 0.000000 -1.253879 1.220774
v 0.000000 -1.024251 1.418947
v 0.000000 -0.763853 1.574493
v -0.735000 0.000000 1.750000
v -0.735000 -0.303884 1.723414
v -0.735000 -0.598535 1.644462
v -0.735000 -0.875000 1.515544
v -0.735000 -1.124878 1.340578
v -0.735000 -1.340578 1.124878
v -0.735000 -1.515544 0.875000
v -0.735000 -1.644462 0.598535
v -0.735000 -1.723414 0.303884
v -0.735000 -1.750000 0.000000
v -0.735000 -1.723414 -0.303884
v -0.735000 -1.644462 -0.598535
v -0.735000 -1.515544 -0.875000
v -0.735000 -1.340578 -1.124878
v -0.735000 -1.124878 -1.340578
v -0.735000 -0.875000 -1.515544
v -0.735000 -0.598535 -1.644462
v -0.735000 -0.303884 -1.723414
v -0.735000 -0.000000 -1.750000
v -0.735000 0.303884 -1.723414
v -0.735000 0.598535 -1.644462
v -0.735000 0.875000 -1.515544
v -0.735000 1.124878 -1.340578
v -0.735000 1.340578 -1.124878
v -0.735000 1.515544 -0.875000
v -0.735000 1.644462 -0.598535
v -0.735000 1.723414 -0.303884
v -0.735000 1.750000 -0.000000
v -0.735000 1.723414 0.303884
v -0.735000 1.644462 0.598535
v -0.735000 1.515544 0.875000
v -0.735000 1.340578 1.124878
v -0.735000 1.124878 1.340578
v -0.735000 0.875000 1.515544
v -0.735000 0.598535 1.644462
v -0.735000 0.303884 1.723414
v -0.087500 -1.509864 0.884766
v -0.087500 -1.584443 0.742994
v -0.087500 -1.645746 0.594995
v -0.087500 -1.693259 0.442011
v -0.437500 -1.693259 0.442011
v -0.437500 -1.645746 0.594995
v -0.437500 -1.584443 0.742994
v -0.437500 -1.509864 0.884766
v -0.087500 -0.884766 -1.509864
v -0.087500 -0.742994 -1.584443
v -0.087500 -0.594995 -1.645746
v -0.087500 -0.442011 -1.693259
v -0.437500 -0.442011 -1.693259
v -0.437500 -0.594995 -1.645746
v -0.437500 -0.742994 -1.584443
v -0.437500 -0.884766 -1.509864
v -0.087500 1.509864 -0.884766
v -0.087500 1.584443 -0.742994
v -0.087500 1.645746 -0.594995
v -0.087500 1.693259 -0.442011
v -0.437500 1.693259 -0.442011
v -0.437500 1.645746 -0.594995
v -0.437500 1.584443 -0.742994
v -0.437500 1.509864 -0.884766
v 0.025000 -0.000000 0.550000
v 0.019037 -0.045293 0.550000
v 0.001554 -0.087500 0.550000
v -0.026256 -0.123744 0.550000
v -0.062500 -0.151554 0.550000
v -0.104707 -0.169037 0.550000
v -0.150000 -0.175000 0.550000
v -0.195293 -0.169037 0.550000
v -0.237500 -0.151554 0.550000
v -0.273744 -0.123744 0.550000
v -0.301554 -0.087500 0.550000
v -0.319037 -0.045293 0.550000
v -0.325000 0.000000 0.550000
v -0.319037 0.045293 0.550000
v -0.301554 0.087500 0.550000
v -0.273744 0.123744 0.550000
v -0.237500 0.151554 0.550000
v -0.195293 0.169037 0.550000
v -0.150000 0.175000 0.550000
v -0.104707 0.169037 0.550000
v -0.062500 0.151554 0.550000
v -0.026256 0.123744 0.550000
v 0.001554 0.087500 0.550000
v 0.019037 0.045293 0.550000
v -0.264564 -0.132288 0.150000
v -0.293218 -0.100566 0.150000
v -0.313327 -0.062845 0.150000
v -0.323690 -0.021373 0.150000
v -0.323690 0.021373 0.150000
v -0.313327 0.062845 0.150000
v -0.293218 0.100566 0.150000
v -0.264564 0.132288 0.150000
v -0.240116 0.150005 0.132247
v -0.212568 0.163433 0.115279
v -0.182521 0.171952 0.102140
v -0.166581 0.174216 0.098239
v -0.150000 0.175000 0.096825
v -0.133419 0.174216 0.098239
v -0.117479 0.171952 0.102140
v -0.087432 0.163433 0.115279
v -0.059884 0.150005 0.132247
v -0.035436 0.132288 0.150000
v -0.006782 0.100566 0.150000
v 0.013327 0.062845 0.150000
v 0.023690 0.021373 0.150000
v 0.023690 -0.021373 0.150000
v 0.013327 -0.062845 0.150000
v -0.006782 -0.100566 0.150000
v -0.035436 -0.132288 0.150000
v -0.059884 -0.150005 0.132247
v -0.087432 -0.163433 0.115279
v -0.117479 -0.171952 0.102140
v -0.133419 -0.174216 0.098239
v -0.150000 -0.175000 0.096825
v -0.166581 -0.174216 0.098239
v -0.182521 -0.171952 0.102140
v -0.212568 -0.163433 0.115279
v -0.240116 -0.150005 0.132247
v -0.087816 1.693181 0.442312
v -0.102750 1.691701 0.457155
v -0.116864 1.694916 0.472447
v -0.123247 1.698528 0.479969
v -0.128885 1.703658 0.487159
v -0.133425 1.710407 0.493686
v -0.136434 1.718734 0.499085
v -0.137500 1.728035 0.503878
v -0.137500 1.686902 0.627981
v -0.137500 1.636870 0.748771
v -0.137500 1.578201 0.865610
v -0.136434 1.568235 0.862422
v -0.133425 1.558529 0.860352
v -0.128885 1.549141 0.860194
v -0.123247 1.540430 0.861652
v -0.116864 1.532558 0.864416
v -0.102750 1.519471 0.872956
v -0.087816 1.510022 0.884498
v -0.100441 1.618363 0.670348
v -0.112500 1.622978 0.672259
v -0.122855 1.630319 0.675300
v -0.130801 1.639886 0.679263
v -0.135796 1.651027 0.683878
v -0.437184 1.693181 0.442312
v -0.422250 1.691701 0.457155
v -0.408136 1.694916 0.472447
v -0.401753 1.698528 0.479969
v -0.396115 1.703658 0.487159
v -0.391575 1.710407 0.493686
v -0.388566 1.718734 0.499085
v -0.262500 1.691661 0.453125
v -0.262500 1.692583 0.464316
v -0.262500 1.695980 0.475019
v -0.262500 1.701679 0.484694
v -0.262500 1.709393 0.492853
v -0.388566 1.568235 0.862422
v -0.391575 1.558529 0.860352
v -0.396115 1.549141 0.860194
v -0.401753 1.540430 0.861652
v -0.408136 1.532558 0.864416
v -0.422250 1.519471 0.872956
v -0.437184 1.510022 0.884498
v -0.262500 1.545999 0.860538
v -0.262500 1.557223 0.860224
v -0.262500 1.535128 0.863350
v -0.262500 1.525158 0.868516
v -0.262500 1.516593 0.875777
v -0.387500 1.578201 0.865610
v -0.387500 1.636870 0.748771
v -0.387500 1.686902 0.627981
v -0.387500 1.728035 0.503878
v -0.424559 1.618363 0.670348
v -0.412500 1.622978 0.672259
v -0.402145 1.630319 0.675300
v -0.394199 1.639886 0.679263
v -0.389204 1.651027 0.683878
v -0.137500 1.696919 0.903580
v -0.137500 1.698322 0.904029
v -0.262500 1.698322 0.904029
v -0.387499 1.698322 0.904029
v -0.387500 1.696919 0.903580
v -0.137500 1.838831 0.560975
v -0.137500 1.767875 0.732278
v -0.087816 1.510022 -0.884498
v -0.102750 1.519471 -0.872956
v -0.116864 1.532558 -0.864416
v -0.123247 1.540430 -0.861652
v -0.128885 1.549141 -0.860194
v -0.133425 1.558529 -0.860352
v -0.136434 1.568235 -0.862422
v -0.137500 1.578201 -0.865610
v -0.137500 1.636870 -0.748771
v -0.137500 1.686902 -0.627981
v -0.137500 1.728035 -0.503878
v -0.136434 1.718734 -0.499085
v -0.133425 1.710407 -0.493686
v -0.128885 1.703658 -0.487159
v -0.123247 1.698528 -0.479969
v -0.116864 1.694916 -0.472447
v -0.102750 1.691701 -0.457155
v -0.087816 1.693181 -0.442312
v -0.100441 1.618363 -0.670348
v -0.112500 1.622978 -0.672259
v -0.122855 1.630319 -0.675300
v -0.130801 1.639886 -0.679263
v -0.135796 1.651027 -0.683878
v -0.437184 1.510022 -0.884498
v -0.422250 1.519471 -0.872956
v -0.408136 1.532558 -0.864416
v -0.401753 1.540430 -0.861652
v -0.396115 1.549141 -0.860194
v -0.391575 1.558529 -0.860352
v -0.388566 1.568235 -0.862422
v -0.262500 1.516593 -0.875777
v -0.262500 1.525158 -0.868516
v -0.262500 1.535128 -0.863350
v -0.262500 1.545999 -0.860538
v -0.262500 1.557223 -0.860224
v -0.387500 1.728035 -0.503878
v -0.387500 1.686902 -0.627981
v -0.387500 1.636870 -0.748771
v -0.387500 1.578201 -0.865610
v -0.437184 1.693181 -0.442312
v -0.422250 1.691701 -0.457155
v -0.408136 1.694916 -0.472447
v -0.401753 1.698528 -0.479969
v -0.396115 1.703658 -0.487159
v -0.391575 1.710407 -0.493686
v -0.388566 1.718734 -0.499085
v -0.389204 1.651027 -0.683878
v -0.394199 1.639886 -0.679263
v -0.402145 1.630319 -0.675300
v -0.412500 1.622978 -0.672259
v -0.424559 1.618363 -0.670348
v -0.262500 1.691661 -0.453125
v -0.262500 1.692583 -0.464316
v -0.262500 1.695980 -0.475019
v -0.262500 1.701679 -0.484694
v -0.262500 1.709393 -0.492853
v -0.137500 1.838831 -0.560975
v -0.137500 1.840140 -0.561650
v -0.262500 1.840140 -0.561650
v -0.387499 1.840140 -0.561650
v -0.387500 1.838831 -0.560975
v -0.137500 1.696919 -0.903580
v -0.137500 1.767875 -0.732278
v -0.087816 0.442312 -1.693181
v -0.102750 0.457155 -1.691701
v -0.116864 0.472447 -1.694916
v -0.123247 0.479969 -1.698528
v -0.128885 0.487159 -1.703658
v -0.133425 0.493686 -1.710407
v -0.136434 0.499085 -1.718734
v -0.137500 0.503878 -1.728035
v -0.137500 0.627981 -1.686902
v -0.137500 0.748771 -1.636870
v -0.137500 0.865610 -1.578201
v -0.136434 0.862422 -1.568235
v -0.133425 0.860352 -1.558529
v -0.128885 0.860194 -1.549141
v -0.123247 0.861652 -1.540430
v -0.116864 0.864416 -1.532558
v -0.102750 0.872956 -1.519471
v -0.087816 0.884498 -1.510022
v -0.100441 0.670348 -1.618363
v -0.112500 0.672259 -1.622978
v -0.122855 0.675300 -1.630319
v -0.130801 0.679263 -1.639886
v -0.135796 0.683878 -1.651027
v -0.437184 0.442312 -1.693181
v -0.422250 0.457155 -1.691701
v -0.408136 0.472447 -1.694916
v -0.401753 0.479969 -1.698528
v -0.396115 0.487159 -1.703658
v -0.391575 0.493686 -1.710407
v -0.388566 0.499085 -1.718734
v -0.262500 0.453125 -1.691661
v -0.262500 0.464316 -1.692583
v -0.262500 0.475019 -1.695980
v -0.262500 0.484694 -1.701679
v -0.262500 0.492853 -1.709393
v -0.387500 0.865610 -1.578201
v -0.387500 0.748771 -1.636870
v -0.387500 0.627981 -1.686902
v -0.387500 0.503878 -1.728035
v -0.437184 0.884498 -1.510022
v -0.422250 0.872956 -1.519471
v -0.408136 0.864416 -1.532558
v -0.401753 0.861652 -1.540430
v -0.396115 0.860194 -1.549141
v -0.391575 0.860352 -1.558529
v -0.388566 0.862422 -1.568235
v -0.389204 0.683878 -1.651027
v -0.394199 0.679263 -1.639886
v -0.402145 0.675300 -1.630319
v -0.412500 0.672259 -1.622978
v -0.424559 0.670348 -1.618363
v -0.262500 0.875777 -1.516593
v -0.262500 0.868516 -1.525158
v -0.262500 0.863350 -1.535128
v -0.262500 0.860538 -1.545999
v -0.262500 0.860224 -1.557223
v -0.137500 0.903580 -1.696919
v -0.137500 0.904029 -1.698322
v -0.262500 0.904029 -1.698322
v -0.387499 0.904029 -1.698322
v -0.387500 0.903580 -1.696919
v -0.137500 0.560975 -1.838831
v -0.137500 0.732278 -1.767875
v -0.087816 -0.884498 -1.510022
v -0.102750 -0.872956 -1.519471
v -0.116864 -0.864416 -1.532558
v -0.123247 -0.861652 -1.540430
v -0.128885 -0.860194 -1.549141
v -0.133425 -0.860352 -1.558529
v -0.136434 -0.862422 -1.568235
v -0.137500 -0.865610 -1.578201
v -0.137500 -0.748771 -1.636870
v -0.137500 -0.627981 -1.686902
v -0.137500 -0.503878 -1.728035
v -0.136434 -0.499085 -1.718734
v -0.133425 -0.493686 -1.710407
v -0.128885 -0.487159 -1.703658
v -0.123247 -0.479969 -1.698528
v -0.116864 -0.472447 -1.694916
v -0.102750 -0.457155 -1.691701
v -0.087816 -0.442312 -1.693181
v -0.100441 -0.670348 -1.618363
v -0.112500 -0.672259 -1.622978
v -0.122855 -0.675300 -1.630319
v -0.130801 -0.679263 -1.639886
v -0.135796 -0.683878 -1.651027
v -0.437184 -0.884498 -1.510022
v -0.422250 -0.872956 -1.519471
v -0.408136 -0.864416 -1.532558
v -0.401753 -0.861652 -1.540430
v -0.396115 -0.860194 -1.549141
v -0.391575 -0.860352 -1.558529
v -0.388566 -0.862422 -1.568235
v -0.262500 -0.875777 -1.516593
v -0.262500 -0.868516 -1.525158
v -0.262500 -0.863350 -1.535128
v -0.262500 -0.860538 -1.545999
v -0.262500 -0.860224 -1.557223
v -0.387500 -0.503878 -1.728035
v -0.387500 -0.627981 -1.686902
v -0.387500 -0.748771 -1.636870
v -0.387500 -0.865610 -1.578201
v -0.437184 -0.442312 -1.693181
v -0.422250 -0.457155 -1.691701
v -0.408136 -0.472447 -1.694916
v -0.401753 -0.479969 -1.698528
v -0.396115 -0.487159 -1.703658
v -0.391575 -0.493686 -1.710407
v -0.388566 -0.499085 -1.718734
v -0.389204 -0.683878 -1.651027
v -0.394199 -0.679263 -1.639886
v -0.402145 -0.675300 -1.630319
v -0.412500 -0.672259 -1.622978
v -0.424559 -0.670348 -1.618363
v -0.262500 -0.453125 -1.691661
v -0.262500 -0.464316 -1.692583
v -0.262500 -0.475019 -1.695980
v -0.262500 -0.484694 -1.701679
v -0.262500 -0.492853 -1.709393
v -0.137500 -0.560975 -1.838831
v -0.137500 -0.561650 -1.840140
v -0.262500 -0.561650 -1.840140
v -0.387499 -0.561650 -1.840140
v -0.387500 -0.560975 -1.838831
v -0.137500 -0.903580 -1.696919
v -0.137500 -0.732278 -1.767875
v -0.087816 -1.693181 -0.442312
v -0.102750 -1.691701 -0.457155
v -0.116864 -1.694916 -0.472447
v -0.123247 -1.698528 -0.479969
v -0.128885 -1.703658 -0.487159
v -0.133425 -1.710407 -0.493686
v -0.136434 -1.718734 -0.499085
v -0.137500 -1.728035 -0.503878
v -0.137500 -1.686902 -0.627981
v -0.137500 -1.636870 -0.748771
v -0.137500 -1.578201 -0.865610
v -0.136434 -1.568235 -0.862422
v -0.133425 -1.558529 -0.860352
v -0.128885 -1.549141 -0.860194
v -0.123247 -1.540430 -0.861652
v -0.116864 -1.532558 -0.864416
v -0.102750 -1.519471 -0.872956
v -0.087816 -1.510022 -0.884498
v -0.100441 -1.618363 -0.670348
v -0.112500 -1.622978 -0.672259
v -0.122855 -1.630319 -0.675300
v -0.130801 -1.639886 -0.679263
v -0.135796 -1.651027 -0.683878
v -0.437184 -1.693181 -0.442312
v -0.422250 -1.691701 -0.457155
v -0.408136 -1.694916 -0.472447
v -0.401753 -1.698528 -0.479969
v -0.396115 -1.703658 -0.487159
v -0.391575 -1.710407 -0.493686
v -0.388566 -1.718734 -0.499085
v -0.262500 -1.691661 -0.453125
v -0.262500 -1.692583 -0.464316
v -0.262500 -1.695980 -0.475019
v -0.262500 -1.701679 -0.484694
v -0.262500 -1.709393 -0.492853
v -0.388566 -1.568235 -0.862422
v -0.391575 -1.558529 -0.860352
v -0.396115 -1.549141 -0.860194
v -0.401753 -1.540430 -0.861652
v -0.408136 -1.532558 -0.864416
v -0.422250 -1.519471 -0.872956
v -0.437184 -1.510022 -0.884498
v -0.262500 -1.545999 -0.860538
v -0.262500 -1.557223 -0.860224
v -0.262500 -1.535128 -0.863350
v -0.262500 -1.525158 -0.868516
v -0.262500 -1.516593 -0.875777
v -0.387500 -1.578201 -0.865610
v -0.387500 -1.636870 -0.748771
v -0.387500 -1.686902 -0.627981
v -0.387500 -1.728035 -0.503878
v -0.424559 -1.618363 -0.670348
v -0.412500 -1.622978 -0.672259
v -0.402145 -1.630319 -0.675300
v -0.394199 -1.639886 -0.679263
v -0.389204 -1.651027 -0.683878
v -0.137500 -1.696919 -0.903580
v -0.137500 -1.698322 -0.904029
v -0.262500 -1.698322 -0.904029
v -0.387499 -1.698322 -0.904029
v -0.387500 -1.696919 -0.903580
v -0.137500 -1.838831 -0.560975
v -0.137500 -1.767875 -0.732278
v -0.087816 -1.510022 0.884498
v -0.102750 -1.519471 0.872956
v -0.116864 -1.532558 0.864416
v -0.123247 -1.540430 0.861652
v -0.128885 -1.549141 0.860194
v -0.133425 -1.558529 0.860352
v -0.136434 -1.568235 0.862422
v -0.137500 -1.578201 0.865610
v -0.137500 -1.636870 0.748771
v -0.137500 -1.686902 0.627981
v -0.137500 -1.728035 0.503878
v -0.136434 -1.718734 0.499085
v -0.133425 -1.710407 0.493686
v -0.128885 -1.703658 0.487159
v -0.123247 -1.698528 0.479969
v -0.116864 -1.694916 0.472447
v -0.102750 -1.691701 0.457155
v -0.087816 -1.693181 0.442312
v -0.100441 -1.618363 0.670348
v -0.112500 -1.622978 0.672259
v -0.122855 -1.630319 0.675300
v -0.130801 -1.639886 0.679263
v -0.135796 -1.651027 0.683878
v -0.437184 -1.510022 0.884498
v -0.422250 -1.519471 0.872956
v -0.408136 -1.532558 0.864416
v -0.401753 -1.540430 0.861652
v -0.396115 -1.549141 0.860194
v -0.391575 -1.558529 0.860352
v -0.388566 -1.568235 0.862422
v -0.262500 -1.516593 0.875777
v -0.262500 -1.525158 0.868516
v -0.262500 -1.535128 0.863350
v -0.262500 -1.545999 0.860538
v -0.262500 -1.557223 0.860224
v -0.387500 -1.728035 0.503878
v -0.387500 -1.686902 0.627981
v -0.387500 -1.636870 0.748771
v -0.387500 -1.578201 0.865610
v -0.437184 -1.693181 0.442312
v -0.422250 -1.691701 0.457155
v -0.408136 -1.694916 0.472447
v -0.401753 -1.698528 0.479969
v -0.396115 -1.703658 0.487159
v -0.391575 -1.710407 0.493686
v -0.388566 -1.718734 0.499085
v -0.389204 -1.651027 0.683878
v -0.394199 -1.639886 0.679263
v -0.402145 -1.630319 0.675300
v -0.412500 -1.622978 0.672259
v -0.424559 -1.618363 0.670348
v -0.262500 -1.691661 0.453125
v -0.262500 -1.692583 0.464316
v -0.262500 -1.695980 0.475019
v -0.262500 -1.701679 0.484694
v -0.262500 -1.709393 0.492853
v -0.137500 -1.838831 0.560975
v -0.137500 -1.840140 0.561650
v -0.262500 -1.840140 0.561650
v -0.387499 -1.840140 0.561650
v -0.387500 -1.838831 0.560975
v -0.137500 -1.696919 0.903580
v -0.137500 -1.767875 0.732278
v -0.097336 -0.481016 1.683671
v -0.106772 -0.482337 1.686235
v -0.115433 -0.484549 1.690528
v -0.123002 -0.487442 1.696141
v -0.129147 -0.491012 1.703068
v -0.133749 -0.495009 1.710825
v -0.136499 -0.499372 1.719291
v -0.137500 -0.503878 1.728035
v -0.137500 -0.627981 1.686902
v -0.137500 -0.748771 1.636870
v -0.137500 -0.865610 1.578201
v -0.136434 -0.862422 1.568235
v -0.133425 -0.860352 1.558529
v -0.128885 -0.860194 1.549141
v -0.123247 -0.861652 1.540430
v -0.116864 -0.864416 1.532558
v -0.102750 -0.872956 1.519471
v -0.087816 -0.884498 1.510022
v -0.100441 -0.688769 1.610609
v -0.112500 -0.690733 1.615202
v -0.122855 -0.693858 1.622508
v -0.130801 -0.697930 1.632029
v -0.135796 -0.702671 1.643117
v -0.388566 -0.862422 1.568235
v -0.391575 -0.860352 1.558529
v -0.396115 -0.860194 1.549141
v -0.401753 -0.861652 1.540430
v -0.408136 -0.864416 1.532558
v -0.422250 -0.872956 1.519471
v -0.437184 -0.884498 1.510022
v -0.262500 -0.875777 1.516593
v -0.262500 -0.868516 1.525158
v -0.262500 -0.863350 1.535128
v -0.262500 -0.860538 1.545999
v -0.262500 -0.860224 1.557223
v -0.387500 -0.865610 1.578201
v -0.387500 -0.748771 1.636870
v -0.387500 -0.627981 1.686902
v -0.387500 -0.503878 1.728035
v -0.388501 -0.499372 1.719291
v -0.391251 -0.495009 1.710825
v -0.395853 -0.491012 1.703068
v -0.401998 -0.487442 1.696141
v -0.409567 -0.484549 1.690528
v -0.418228 -0.482337 1.686235
v -0.427664 -0.481016 1.683671
v -0.389204 -0.702671 1.643117
v -0.394199 -0.697930 1.632029
v -0.402145 -0.693858 1.622508
v -0.412500 -0.690733 1.615202
v -0.424559 -0.688769 1.610609
v -0.137500 0.865610 1.578201
v -0.137500 0.748771 1.636870
v -0.137500 0.627981 1.686902
v -0.137500 0.503878 1.728035
v -0.136499 0.499372 1.719291
v -0.133749 0.495009 1.710825
v -0.129147 0.491012 1.703068
v -0.123002 0.487442 1.696141
v -0.115433 0.484549 1.690528
v -0.106772 0.482337 1.686235
v -0.097336 0.481016 1.683671
v -0.087816 0.884498 1.510022
v -0.102750 0.872956 1.519471
v -0.116864 0.864416 1.532558
v -0.123247 0.861652 1.540430
v -0.128885 0.860194 1.549141
v -0.133425 0.860352 1.558529
v -0.136434 0.862422 1.568235
v -0.135796 0.702671 1.643117
v -0.130801 0.697930 1.632029
v -0.122855 0.693858 1.622508
v -0.112500 0.690733 1.615202
v -0.100441 0.688769 1.610609
v -0.437184 0.884498 1.510022
v -0.422250 0.872956 1.519471
v -0.408136 0.864416 1.532558
v -0.401753 0.861652 1.540430
v -0.396115 0.860194 1.549141
v -0.391575 0.860352 1.558529
v -0.388566 0.862422 1.568235
v -0.262500 0.875777 1.516593
v -0.262500 0.868516 1.525158
v -0.262500 0.863350 1.535128
v -0.262500 0.860538 1.545999
v -0.262500 0.860224 1.557223
v -0.427664 0.481016 1.683671
v -0.418228 0.482337 1.686235
v -0.409567 0.484549 1.690528
v -0.401998 0.487442 1.696141
v -0.395853 0.491012 1.703068
v -0.391251 0.495009 1.710825
v -0.388501 0.499372 1.719291
v -0.387500 0.503878 1.728035
v -0.387500 0.627981 1.686902
v -0.387500 0.748771 1.636870
v -0.387500 0.865610 1.578201
v -0.424559 0.688769 1.610609
v -0.412500 0.690733 1.615202
v -0.402145 0.693858 1.622508
v -0.394199 0.697930 1.632029
v -0.389204 0.702671 1.643117
v -0.137500 0.903580 1.696919
v -0.137500 0.732278 1.767875
v -0.137500 0.560975 1.838831
v -0.387500 0.903580 1.696919
v -0.387500 0.904029 1.698322
v -0.262500 0.904029 1.698322
v -0.137501 0.904029 1.698322
v -0.387500 0.560975 1.838831
v -0.387500 0.732278 1.767875
v -1.912500 1.693259 0.442011
v -1.912500 1.645746 0.594995
v -1.912500 1.584443 0.742994
v -1.912500 1.509864 0.884766
v -1.912184 1.510022 0.884498
v -1.897250 1.519471 0.872956
v -1.883136 1.532558 0.864416
v -1.876753 1.540430 0.861652
v -1.871115 1.549141 0.860194
v -1.866575 1.558529 0.860352
v -1.863566 1.568235 0.862422
v -1.862500 1.578201 0.865610
v -1.862500 1.636870 0.748771
v -1.862500 1.686902 0.627981
v -1.862500 1.728035 0.503878
v -1.863566 1.718734 0.499085
v -1.866575 1.710407 0.493686
v -1.871115 1.703658 0.487159
v -1.876753 1.698528 0.479969
v -1.883136 1.694916 0.472447
v -1.897250 1.691701 0.457155
v -1.912184 1.693181 0.442312
v -1.899559 1.618363 0.670348
v -1.887500 1.622978 0.672259
v -1.877145 1.630319 0.675300
v -1.869199 1.639886 0.679263
v -1.864204 1.651027 0.683878
v -1.611434 1.568235 0.862422
v -1.562500 1.509864 0.884766
v -1.562816 1.510022 0.884498
v -1.577750 1.519471 0.872956
v -1.591864 1.532558 0.864416
v -1.598247 1.540430 0.861652
v -1.603885 1.549141 0.860194
v -1.608425 1.558529 0.860352
v -1.737500 1.545999 0.860538
v -1.737500 1.557223 0.860224
v -1.737500 1.535128 0.863350
v -1.737500 1.525158 0.868516
v -1.737500 1.516593 0.875777
v -1.562500 1.693259 0.442011
v -1.611434 1.718734 0.499085
v -1.608425 1.710407 0.493686
v -1.603885 1.703658 0.487159
v -1.598247 1.698528 0.479969
v -1.591864 1.694916 0.472447
v -1.577750 1.691701 0.457155
v -1.562816 1.693181 0.442312
v -1.737500 1.691661 0.453125
v -1.737500 1.692583 0.464316
v -1.737500 1.695980 0.475019
v -1.737500 1.701679 0.484694
v -1.737500 1.709393 0.492853
v -1.562500 1.584443 0.742994
v -1.562500 1.645746 0.594995
v -1.612500 1.728035 0.503878
v -1.612500 1.686902 0.627981
v -1.612500 1.636870 0.748771
v -1.612500 1.578201 0.865610
v -1.575441 1.618363 0.670348
v -1.587500 1.622978 0.672259
v -1.597855 1.630319 0.675300
v -1.605801 1.639886 0.679263
v -1.610796 1.651027 0.683878
v -1.862500 1.838831 0.560975
v -1.862499 1.840140 0.561650
v -1.737500 1.840140 0.561650
v -1.612500 1.840140 0.561650
v -1.612500 1.838831 0.560975
v -1.862500 1.696919 0.903580
v -1.862500 1.767875 0.732278
v -1.912500 1.693259 -0.442011
v -1.912500 1.645746 -0.594995
v -1.912500 1.584443 -0.742994
v -1.912500 1.509864 -0.884766
v -1.562500 1.509864 -0.884766
v -1.562500 1.584443 -0.742994
v -1.562500 1.645746 -0.594995
v -1.562500 1.693259 -0.442011
v -1.562500 -0.442011 -1.693259
v -1.912500 -0.442011 -1.693259
v -1.912500 -0.594995 -1.645746
v -1.912500 -0.742994 -1.584443
v -1.912500 -0.884766 -1.509864
v -1.562500 -0.884766 -1.509864
v -1.562500 -0.742994 -1.584443
v -1.562500 -0.594995 -1.645746
v -1.912500 -1.693259 0.442011
v -1.912500 -1.645746 0.594995
v -1.912500 -1.584443 0.742994
v -1.912500 -1.509864 0.884766
v -1.562500 -1.509864 0.884766
v -1.562500 -1.584443 0.742994
v -1.562500 -1.645746 0.594995
v -1.562500 -1.693259 0.442011
v -1.562500 0.442011 1.693259
v -1.912500 0.442011 1.693259
v -1.912500 0.594995 1.645746
v -1.912500 0.742994 1.584443
v -1.912500 0.884766 1.509864
v -1.562500 0.884766 1.509864
v -1.562500 0.742994 1.584443
v -1.562500 0.594995 1.645746
v -2.000000 -1.750000 -0.000000
v -2.000000 -1.723414 -0.303884
v -2.000000 -1.644462 -0.598535
v -2.000000 -1.515544 -0.875000
v -2.000000 -1.340578 -1.124878
v -2.000000 -1.124878 -1.340578
v -2.000000 -0.875000 -1.515544
v -2.000000 -0.598535 -1.644462
v -2.000000 -0.303884 -1.723414
v -2.000000 0.000000 -1.750000
v -2.000000 0.303884 -1.723414
v -2.000000 0.598535 -1.644462
v -2.000000 0.875000 -1.515544
v -2.000000 1.124878 -1.340578
v -2.000000 1.340578 -1.124878
v -2.000000 1.515544 -0.875000
v -2.000000 1.644462 -0.598535
v -2.000000 1.723414 -0.303884
v -2.000000 1.750000 0.000000
v -2.000000 1.723414 0.303884
v -2.000000 1.644462 0.598535
v -2.000000 1.515544 0.875000
v -2.000000 1.340578 1.124878
v -2.000000 1.124878 1.340578
v -2.000000 0.875000 1.515544
v -2.000000 0.598535 1.644462
v -2.000000 0.303884 1.723414
v -2.000000 0.000000 1.750000
v -2.000000 -0.303884 1.723414
v -2.000000 -0.598535 1.644462
v -2.000000 -0.875000 1.515544
v -2.000000 -1.124878 1.340578
v -2.000000 -1.340578 1.124878
v -2.000000 -1.515544 0.875000
v -2.000000 -1.644462 0.598535
v -2.000000 -1.723414 0.303884
v -1.265000 0.000000 1.750000
v -1.265000 0.303884 1.723414
v -1.265000 0.598535 1.644462
v -1.265000 0.875000 1.515544
v -1.265000 1.124878 1.340578
v -1.265000 1.340578 1.124878
v -1.265000 1.515544 0.875000
v -1.265000 1.644462 0.598535
v -1.265000 1.723414 0.303884
v -1.265000 1.750000 0.000000
v -1.265000 1.723414 -0.303884
v -1.265000 1.644462 -0.598535
v -1.265000 1.515544 -0.875000
v -1.265000 1.340578 -1.124878
v -1.265000 1.124878 -1.340578
v -1.265000 0.875000 -1.515544
v -1.265000 0.598535 -1.644462
v -1.265000 0.303884 -1.723414
v -1.265000 0.000000 -1.750000
v -1.265000 -0.303884 -1.723414
v -1.265000 -0.598535 -1.644462
v -1.265000 -0.875000 -1.515544
v -1.265000 -1.124878 -1.340578
v -1.265000 -1.340578 -1.124878
v -1.265000 -1.515544 -0.875000
v -1.265000 -1.644462 -0.598535
v -1.265000 -1.723414 -0.303884
v -1.265000 -1.750000 -0.000000
v -1.265000 -1.723414 0.303884
v -1.265000 -1.644462 0.598535
v -1.265000 -1.515544 0.875000
v -1.265000 -1.340578 1.124878
v -1.265000 -1.124878 1.340578
v -1.265000 -0.875000 1.515544
v -1.265000 -0.598535 1.644462
v -1.265000 -0.303884 1.723414
v -1.562500 -0.884766 1.509864
v -1.912500 -0.884766 1.509864
v -1.912500 -0.742994 1.584443
v -1.912500 -0.594995 1.645746
v -1.912500 -0.442011 1.693259
v -1.562500 -0.442011 1.693259
v -1.562500 -0.594995 1.645746
v -1.562500 -0.742994 1.584443
v -1.562500 -1.509864 -0.884766
v -1.912500 -1.509864 -0.884766
v -1.912500 -1.584443 -0.742994
v -1.912500 -1.645746 -0.594995
v -1.912500 -1.693259 -0.442011
v -1.562500 -1.693259 -0.442011
v -1.562500 -1.645746 -0.594995
v -1.562500 -1.584443 -0.742994
v -1.562500 0.884766 -1.509864
v -1.912500 0.884766 -1.509864
v -1.912500 0.742994 -1.584443
v -1.912500 0.594995 -1.645746
v -1.912500 0.442011 -1.693259
v -1.562500 0.442011 -1.693259
v -1.562500 0.594995 -1.645746
v -1.562500 0.742994 -1.584443
v -1.912184 1.693181 -0.442312
v -1.897250 1.691701 -0.457155
v -1.883136 1.694916 -0.472447
v -1.876753 1.698528 -0.479969
v -1.871115 1.703658 -0.487159
v -1.866575 1.710407 -0.493686
v -1.863566 1.718734 -0.499085
v -1.862500 1.728035 -0.503878
v -1.862500 1.686902 -0.627981
v -1.862500 1.636870 -0.748771
v -1.862500 1.578201 -0.865610
v -1.863566 1.568235 -0.862422
v -1.866575 1.558529 -0.860352
v -1.871115 1.549141 -0.860194
v -1.876753 1.540430 -0.861652
v -1.883136 1.532558 -0.864416
v -1.897250 1.519471 -0.872956
v -1.912184 1.510022 -0.884498
v -1.899559 1.618363 -0.670348
v -1.887500 1.622978 -0.672259
v -1.877145 1.630319 -0.675300
v -1.869199 1.639886 -0.679263
v -1.864204 1.651027 -0.683878
v -1.562816 1.693181 -0.442312
v -1.577750 1.691701 -0.457155
v -1.591864 1.694916 -0.472447
v -1.598247 1.698528 -0.479969
v -1.603885 1.703658 -0.487159
v -1.608425 1.710407 -0.493686
v -1.611434 1.718734 -0.499085
v -1.737500 1.691661 -0.453125
v -1.737500 1.692583 -0.464316
v -1.737500 1.695980 -0.475019
v -1.737500 1.701679 -0.484694
v -1.737500 1.709393 -0.492853
v -1.612500 1.578201 -0.865610
v -1.612500 1.636870 -0.748771
v -1.612500 1.686902 -0.627981
v -1.612500 1.728035 -0.503878
v -1.562816 1.510022 -0.884498
v -1.577750 1.519471 -0.872956
v -1.591864 1.532558 -0.864416
v -1.598247 1.540430 -0.861652
v -1.603885 1.549141 -0.860194
v -1.608425 1.558529 -0.860352
v -1.611434 1.568235 -0.862422
v -1.610796 1.651027 -0.683878
v -1.605801 1.639886 -0.679263
v -1.597855 1.630319 -0.675300
v -1.587500 1.622978 -0.672259
v -1.575441 1.618363 -0.670348
v -1.737500 1.516593 -0.875777
v -1.737500 1.525158 -0.868516
v -1.737500 1.535128 -0.863350
v -1.737500 1.545999 -0.860538
v -1.737500 1.557223 -0.860224
v -1.862500 1.696919 -0.903580
v -1.862499 1.698322 -0.904029
v -1.737500 1.698322 -0.904029
v -1.612500 1.698322 -0.904029
v -1.612500 1.696919 -0.903580
v -1.862500 1.838831 -0.560975
v -1.862500 1.767875 -0.732278
v -1.562816 0.884498 -1.510022
v -1.577750 0.872956 -1.519471
v -1.591864 0.864416 -1.532558
v -1.598247 0.861652 -1.540430
v -1.603885 0.860194 -1.549141
v -1.608425 0.860352 -1.558529
v -1.611434 0.862422 -1.568235
v -1.863566 0.862422 -1.568235
v -1.866575 0.860352 -1.558529
v -1.871115 0.860194 -1.549141
v -1.876753 0.861652 -1.540430
v -1.883136 0.864416 -1.532558
v -1.897250 0.872956 -1.519471
v -1.912184 0.884498 -1.510022
v -1.737500 0.875777 -1.516593
v -1.737500 0.868516 -1.525158
v -1.737500 0.863350 -1.535128
v -1.737500 0.860538 -1.545999
v -1.737500 0.860224 -1.557223
v -1.862500 0.865610 -1.578201
v -1.862500 0.748771 -1.636870
v -1.862500 0.627981 -1.686902
v -1.862500 0.503878 -1.728035
v -1.863566 0.499085 -1.718734
v -1.866575 0.493686 -1.710407
v -1.871115 0.487159 -1.703658
v -1.876753 0.479969 -1.698528
v -1.883136 0.472447 -1.694916
v -1.897250 0.457155 -1.691701
v -1.912184 0.442312 -1.693181
v -1.864204 0.683878 -1.651027
v -1.869199 0.679263 -1.639886
v -1.877145 0.675300 -1.630319
v -1.887500 0.672259 -1.622978
v -1.899559 0.670348 -1.618363
v -1.611434 0.499085 -1.718734
v -1.608425 0.493686 -1.710407
v -1.603885 0.487159 -1.703658
v -1.598247 0.479969 -1.698528
v -1.591864 0.472447 -1.694916
v -1.577750 0.457155 -1.691701
v -1.562816 0.442312 -1.693181
v -1.737500 0.453125 -1.691661
v -1.737500 0.464316 -1.692583
v -1.737500 0.475019 -1.695980
v -1.737500 0.484694 -1.701679
v -1.737500 0.492853 -1.709393
v -1.612500 0.503878 -1.728035
v -1.612500 0.627981 -1.686902
v -1.612500 0.748771 -1.636870
v -1.612500 0.865610 -1.578201
v -1.575441 0.670348 -1.618363
v -1.587500 0.672259 -1.622978
v -1.597855 0.675300 -1.630319
v -1.605801 0.679263 -1.639886
v -1.610796 0.683878 -1.651027
v -1.612500 0.560975 -1.838831
v -1.612500 0.732278 -1.767875
v -1.612500 0.903580 -1.696919
v -1.862500 0.560975 -1.838831
v -1.862499 0.561650 -1.840140
v -1.737500 0.561650 -1.840140
v -1.612500 0.561650 -1.840140
v -1.562816 -0.442312 -1.693181
v -1.577750 -0.457155 -1.691701
v -1.591864 -0.472447 -1.694916
v -1.598247 -0.479969 -1.698528
v -1.603885 -0.487159 -1.703658
v -1.608425 -0.493686 -1.710407
v -1.611434 -0.499085 -1.718734
v -1.863566 -0.499085 -1.718734
v -1.866575 -0.493686 -1.710407
v -1.871115 -0.487159 -1.703658
v -1.876753 -0.479969 -1.698528
v -1.883136 -0.472447 -1.694916
v -1.897250 -0.457155 -1.691701
v -1.912184 -0.442312 -1.693181
v -1.737500 -0.453125 -1.691661
v -1.737500 -0.464316 -1.692583
v -1.737500 -0.475019 -1.695980
v -1.737500 -0.484694 -1.701679
v -1.737500 -0.492853 -1.709393
v -1.862500 -0.503878 -1.728035
v -1.862500 -0.627981 -1.686902
v -1.862500 -0.748771 -1.636870
v -1.862500 -0.865610 -1.578201
v -1.863566 -0.862422 -1.568235
v -1.866575 -0.860352 -1.558529
v -1.871115 -0.860194 -1.549141
v -1.876753 -0.861652 -1.540430
v -1.883136 -0.864416 -1.532558
v -1.897250 -0.872956 -1.519471
v -1.912184 -0.884498 -1.510022
v -1.864204 -0.683878 -1.651027
v -1.869199 -0.679263 -1.639886
v -1.877145 -0.675300 -1.630319
v -1.887500 -0.672259 -1.622978
v -1.899559 -0.670348 -1.618363
v -1.611434 -0.862422 -1.568235
v -1.608425 -0.860352 -1.558529
v -1.603885 -0.860194 -1.549141
v -1.598247 -0.861652 -1.540430
v -1.591864 -0.864416 -1.532558
v -1.577750 -0.872956 -1.519471
v -1.562816 -0.884498 -1.510022
v -1.737500 -0.875777 -1.516593
v -1.737500 -0.868516 -1.525158
v -1.737500 -0.863350 -1.535128
v -1.737500 -0.860538 -1.545999
v -1.737500 -0.860224 -1.557223
v -1.612500 -0.865610 -1.578201
v -1.612500 -0.748771 -1.636870
v -1.612500 -0.627981 -1.686902
v -1.612500 -0.503878 -1.728035
v -1.575441 -0.670348 -1.618363
v -1.587500 -0.672259 -1.622978
v -1.597855 -0.675300 -1.630319
v -1.605801 -0.679263 -1.639886
v -1.610796 -0.683878 -1.651027
v -1.612500 -0.903580 -1.696919
v -1.612500 -0.732278 -1.767875
v -1.612500 -0.560975 -1.838831
v -1.862500 -0.903580 -1.696919
v -1.862499 -0.904029 -1.698322
v -1.737500 -0.904029 -1.698322
v -1.612500 -0.904029 -1.698322
v -1.562816 -1.510022 -0.884498
v -1.577750 -1.519471 -0.872956
v -1.591864 -1.532558 -0.864416
v -1.598247 -1.540430 -0.861652
v -1.603885 -1.549141 -0.860194
v -1.608425 -1.558529 -0.860352
v -1.611434 -1.568235 -0.862422
v -1.863566 -1.568235 -0.862422
v -1.866575 -1.558529 -0.860352
v -1.871115 -1.549141 -0.860194
v -1.876753 -1.540430 -0.861652
v -1.883136 -1.532558 -0.864416
v -1.897250 -1.519471 -0.872956
v -1.912184 -1.510022 -0.884498
v -1.737500 -1.516593 -0.875777
v -1.737500 -1.525158 -0.868516
v -1.737500 -1.535128 -0.863350
v -1.737500 -1.545999 -0.860538
v -1.737500 -1.557223 -0.860224
v -1.862500 -1.578201 -0.865610
v -1.862500 -1.636870 -0.748771
v -1.862500 -1.686902 -0.627981
v -1.862500 -1.728035 -0.503878
v -1.863566 -1.718734 -0.499085
v -1.866575 -1.710407 -0.493686
v -1.871115 -1.703658 -0.487159
v -1.876753 -1.698528 -0.479969
v -1.883136 -1.694916 -0.472447
v -1.897250 -1.691701 -0.457155
v -1.912184 -1.693181 -0.442312
v -1.864204 -1.651027 -0.683878
v -1.869199 -1.639886 -0.679263
v -1.877145 -1.630319 -0.675300
v -1.887500 -1.622978 -0.672259
v -1.899559 -1.618363 -0.670348
v -1.611434 -1.718734 -0.499085
v -1.608425 -1.710407 -0.493686
v -1.603885 -1.703658 -0.487159
v -1.598247 -1.698528 -0.479969
v -1.591864 -1.694916 -0.472447
v -1.577750 -1.691701 -0.457155
v -1.562816 -1.693181 -0.442312
v -1.737500 -1.691661 -0.453125
v -1.737500 -1.692583 -0.464316
v -1.737500 -1.695980 -0.475019
v -1.737500 -1.701679 -0.484694
v -1.737500 -1.709393 -0.492853
v -1.612500 -1.728035 -0.503878
v -1.612500 -1.686902 -0.627981
v -1.612500 -1.636870 -0.748771
v -1.612500 -1.578201 -0.865610
v -1.575441 -1.618363 -0.670348
v -1.587500 -1.622978 -0.672259
v -1.597855 -1.630319 -0.675300
v -1.605801 -1.639886 -0.679263
v -1.610796 -1.651027 -0.683878
v -1.612500 -1.838831 -0.560975
v -1.612500 -1.767875 -0.732278
v -1.612500 -1.696919 -0.903580
v -1.862500 -1.838831 -0.560975
v -1.862499 -1.840140 -0.561650
v -1.737500 -1.840140 -0.561650
v -1.612500 -1.840140 -0.561650
v -1.912184 -1.693181 0.442312
v -1.897250 -1.691701 0.457155
v -1.883136 -1.694916 0.472447
v -1.876753 -1.698528 0.479969
v -1.871115 -1.703658 0.487159
v -1.866575 -1.710407 0.493686
v -1.863566 -1.718734 0.499085
v -1.862500 -1.728035 0.503878
v -1.862500 -1.686902 0.627981
v -1.862500 -1.636870 0.748771
v -1.862500 -1.578201 0.865610
v -1.863566 -1.568235 0.862422
v -1.866575 -1.558529 0.860352
v -1.871115 -1.549141 0.860194
v -1.876753 -1.540430 0.861652
v -1.883136 -1.532558 0.864416
v -1.897250 -1.519471 0.872956
v -1.912184 -1.510022 0.884498
v -1.899559 -1.618363 0.670348
v -1.887500 -1.622978 0.672259
v -1.877145 -1.630319 0.675300
v -1.869199 -1.639886 0.679263
v -1.864204 -1.651027 0.683878
v -1.562816 -1.693181 0.442312
v -1.577750 -1.691701 0.457155
v -1.591864 -1.694916 0.472447
v -1.598247 -1.698528 0.479969
v -1.603885 -1.703658 0.487159
v -1.608425 -1.710407 0.493686
v -1.611434 -1.718734 0.499085
v -1.737500 -1.691661 0.453125
v -1.737500 -1.692583 0.464316
v -1.737500 -1.695980 0.475019
v -1.737500 -1.701679 0.484694
v -1.737500 -1.709393 0.492853
v -1.611434 -1.568235 0.862422
v -1.608425 -1.558529 0.860352
v -1.603885 -1.549141 0.860194
v -1.598247 -1.540430 0.861652
v -1.591864 -1.532558 0.864416
v -1.577750 -1.519471 0.872956
v -1.562816 -1.510022 0.884498
v -1.737500 -1.545999 0.860538
v -1.737500 -1.557223 0.860224
v -1.737500 -1.535128 0.863350
v -1.737500 -1.525158 0.868516
v -1.737500 -1.516593 0.875777
v -1.612500 -1.578201 0.865610
v -1.612500 -1.636870 0.748771
v -1.612500 -1.686902 0.627981
v -1.612500 -1.728035 0.503878
v -1.575441 -1.618363 0.670348
v -1.587500 -1.622978 0.672259
v -1.597855 -1.630319 0.675300
v -1.605801 -1.639886 0.679263
v -1.610796 -1.651027 0.683878
v -1.862500 -1.696919 0.903580
v -1.862499 -1.698322 0.904029
v -1.737500 -1.698322 0.904029
v -1.612500 -1.698322 0.904029
v -1.612500 -1.696919 0.903580
v -1.862500 -1.838831 0.560975
v -1.862500 -1.767875 0.732278
v -1.562816 -0.884498 1.510022
v -1.577750 -0.872956 1.519471
v -1.591864 -0.864416 1.532558
v -1.598247 -0.861652 1.540430
v -1.603885 -0.860194 1.549141
v -1.608425 -0.860352 1.558529
v -1.611434 -0.862422 1.568235
v -1.863566 -0.862422 1.568235
v -1.866575 -0.860352 1.558529
v -1.871115 -0.860194 1.549141
v -1.876753 -0.861652 1.540430
v -1.883136 -0.864416 1.532558
v -1.897250 -0.872956 1.519471
v -1.912184 -0.884498 1.510022
v -1.737500 -0.875777 1.516593
v -1.737500 -0.868516 1.525158
v -1.737500 -0.863350 1.535128
v -1.737500 -0.860538 1.545999
v -1.737500 -0.860224 1.557223
v -1.862500 -0.865610 1.578201
v -1.862500 -0.748771 1.636870
v -1.862500 -0.627981 1.686902
v -1.862500 -0.503878 1.728035
v -1.863566 -0.499085 1.718734
v -1.866575 -0.493686 1.710407
v -1.871115 -0.487159 1.703658
v -1.876753 -0.479969 1.698528
v -1.883136 -0.472447 1.694916
v -1.897250 -0.457155 1.691701
v -1.912184 -0.442312 1.693181
v -1.864204 -0.683878 1.651027
v -1.869199 -0.679263 1.639886
v -1.877145 -0.675300 1.630319
v -1.887500 -0.672259 1.622978
v -1.899559 -0.670348 1.618363
v -1.611434 -0.499085 1.718734
v -1.608425 -0.493686 1.710407
v -1.603885 -0.487159 1.703658
v -1.598247 -0.479969 1.698528
v -1.591864 -0.472447 1.694916
v -1.577750 -0.457155 1.691701
v -1.562816 -0.442312 1.693181
v -1.737500 -0.453125 1.691661
v -1.737500 -0.464316 1.692583
v -1.737500 -0.475019 1.695980
v -1.737500 -0.484694 1.701679
v -1.737500 -0.492853 1.709393
v -1.612500 -0.503878 1.728035
v -1.612500 -0.627981 1.686902
v -1.612500 -0.748771 1.636870
v -1.612500 -0.865610 1.578201
v -1.575441 -0.670348 1.618363
v -1.587500 -0.672259 1.622978
v -1.597855 -0.675300 1.630319
v -1.605801 -0.679263 1.639886
v -1.610796 -0.683878 1.651027
v -1.612500 -0.560975 1.838831
v -1.612500 -0.732278 1.767875
v -1.612500 -0.903580 1.696919
v -1.862500 -0.560975 1.838831
v -1.862499 -0.561650 1.840140
v -1.737500 -0.561650 1.840140
v -1.612500 -0.561650 1.840140
v -1.562816 0.442312 1.693181
v -1.577750 0.457155 1.691701
v -1.591864 0.472447 1.694916
v -1.598247 0.479969 1.698528
v -1.603885 0.487159 1.703658
v -1.608425 0.493686 1.710407
v -1.611434 0.499085 1.718734
v -1.863566 0.499085 1.718734
v -1.866575 0.493686 1.710407
v -1.871115 0.487159 1.703658
v -1.876753 0.479969 1.698528
v -1.883136 0.472447 1.694916
v -1.897250 0.457155 1.691701
v -1.912184 0.442312 1.693181
v -1.737500 0.453125 1.691661
v -1.737500 0.464316 1.692583
v -1.737500 0.475019 1.695980
v -1.737500 0.484694 1.701679
v -1.737500 0.492853 1.709393
v -1.862500 0.503878 1.728035
v -1.862500 0.627981 1.686902
v -1.862500 0.748771 1.636870
v -1.862500 0.865610 1.578201
v -1.863566 0.862422 1.568235
v -1.866575 0.860352 1.558529
v -1.871115 0.860194 1.549141
v -1.876753 0.861652 1.540430
v -1.883136 0.864416 1.532558
v -1.897250 0.872956 1.519471
v -1.912184 0.884498 1.510022
v -1.864204 0.683878 1.651027
v -1.869199 0.679263 1.639886
v -1.877145 0.675300 1.630319
v -1.887500 0.672259 1.622978
v -1.899559 0.670348 1.618363
v -1.611434 0.862422 1.568235
v -1.608425 0.860352 1.558529
v -1.603885 0.860194 1.549141
v -1.598247 0.861652 1.540430
v -1.591864 0.864416 1.532558
v -1.577750 0.872956 1.519471
v -1.562816 0.884498 1.510022
v -1.737500 0.875777 1.516593
v -1.737500 0.868516 1.525158
v -1.737500 0.863350 1.535128
v -1.737500 0.860538 1.545999
v -1.737500 0.860224 1.557223
v -1.612500 0.865610 1.578201
v -1.612500 0.748771 1.636870
v -1.612500 0.627981 1.686902
v -1.612500 0.503878 1.728035
v -1.575441 0.670348 1.618363
v -1.587500 0.672259 1.622978
v -1.597855 0.675300 1.630319
v -1.605801 0.679263 1.639886
v -1.610796 0.683878 1.651027
v -1.612500 0.903580 1.696919
v -1.612500 0.732278 1.767875
v -1.612500 0.560975 1.838831
v -1.862500 0.903580 1.696919
v -1.862499 0.904029 1.698322
v -1.737500 0.904029 1.698322
v -1.612500 0.904029 1.698322
v -1.737500 2.150956 -0.918015
v -1.737500 2.170091 -0.871821
v -1.737230 2.170198 -0.871560
v -1.729621 2.172472 -0.863863
v -1.722199 2.173315 -0.855685
v -1.708313 2.171152 -0.838560
v -1.695911 2.164877 -0.821136
v -1.684869 2.155516 -0.803765
v -1.664526 2.127267 -0.766310
v -1.646726 2.086856 -0.725705
v -1.621511 1.976973 -0.641636
v -1.612501 1.840140 -0.561650
v -1.612500 1.838831 -0.560975
v -1.612500 1.767875 -0.732278
v -1.621511 1.851636 -0.944225
v -1.646726 1.988781 -0.962479
v -1.664526 2.046068 -0.962342
v -1.684869 2.092528 -0.955833
v -1.695911 2.111430 -0.950168
v -1.708313 2.128188 -0.942285
v -1.722199 2.141826 -0.931705
v -1.729621 2.147014 -0.925326
v -1.737230 2.150848 -0.918275
v -1.627788 2.013689 -0.671034
v -1.627788 1.991515 -0.724566
v -1.729737 2.159766 -0.894604
v -1.721820 2.157422 -0.893633
v -1.713791 2.153396 -0.891966
v -1.705703 2.147608 -0.889568
v -1.689576 2.130520 -0.882490
v -1.673931 2.105957 -0.872316
v -1.647606 2.040708 -0.845289
v -1.627788 1.956037 -0.810217
v -1.627788 1.920560 -0.895869
v -1.647606 2.005230 -0.930940
v -1.673931 2.070479 -0.957967
v -1.713791 2.171135 -0.849140
v -1.705703 2.165347 -0.846743
v -1.689576 2.148259 -0.839665
v -1.673931 2.123696 -0.829490
v -1.647606 2.058447 -0.802463
v -1.627788 1.973776 -0.767392
v -1.673931 2.141435 -0.786665
v -1.647606 2.076186 -0.759638
v -1.627788 2.000385 -0.703153
v -1.647606 2.085056 -0.738225
v -1.627788 2.009254 -0.681740
v -1.737770 2.170198 -0.871560
v -1.745379 2.172472 -0.863863
v -1.752801 2.173315 -0.855685
v -1.766687 2.171152 -0.838560
v -1.779089 2.164877 -0.821136
v -1.790131 2.155516 -0.803765
v -1.810474 2.127267 -0.766310
v -1.828274 2.086856 -0.725705
v -1.853489 1.976973 -0.641636
v -1.862500 1.840140 -0.561650
v -1.737500 1.840140 -0.561650
v -1.747917 2.016293 -0.668909
v -1.690625 2.016293 -0.668909
v -1.747917 2.089071 -0.727721
v -1.690625 2.089071 -0.727721
v -1.747917 2.141148 -0.783109
v -1.747917 2.173324 -0.854915
v -1.747917 2.172517 -0.845087
v -1.747917 2.169967 -0.834356
v -1.747917 2.159357 -0.810297
v -1.690625 2.141148 -0.783109
v -1.690625 2.159357 -0.810297
v -1.633333 2.016293 -0.668909
v -1.853489 1.851636 -0.944225
v -1.828274 1.988781 -0.962479
v -1.810474 2.046068 -0.962342
v -1.790131 2.092528 -0.955833
v -1.779089 2.111430 -0.950168
v -1.766687 2.128188 -0.942285
v -1.752801 2.141826 -0.931705
v -1.745379 2.147014 -0.925326
v -1.737770 2.150848 -0.918275
v -1.661979 1.900864 -0.953081
v -1.805208 1.900864 -0.953081
v -1.747916 1.900864 -0.953081
v -1.747916 1.994561 -0.962739
v -1.747916 2.070564 -0.959902
v -1.747916 2.101527 -0.953450
v -1.747916 2.125187 -0.943986
v -1.747916 2.134265 -0.938273
v -1.747916 2.141547 -0.931993
v -1.690625 2.101527 -0.953450
v -1.690625 2.070564 -0.959902
v -1.690625 1.994561 -0.962739
v -1.690625 1.900864 -0.953081
v -1.661979 1.994561 -0.962739
v -1.647656 1.900864 -0.953081
v -1.633333 1.900864 -0.953081
v -1.805208 1.994561 -0.962739
v -1.848011 1.915892 -0.893935
v -1.829171 1.999333 -0.928498
v -1.803972 2.064926 -0.955667
v -1.848011 1.969109 -0.765458
v -1.829171 2.052550 -0.800021
v -1.803972 2.118143 -0.827190
v -1.787716 2.145186 -0.838392
v -1.770850 2.164030 -0.846197
v -1.762370 2.170413 -0.848841
v -1.745639 2.159690 -0.894573
v -1.753946 2.157110 -0.893504
v -1.762370 2.152674 -0.891667
v -1.770850 2.146291 -0.889023
v -1.787716 2.127447 -0.881217
v -1.803972 2.100404 -0.870016
v -1.829171 2.034811 -0.842846
v -1.848011 1.951370 -0.808284
v -1.829171 2.070289 -0.757195
v -1.803972 2.127107 -0.805549
v -1.848011 1.978025 -0.743931
v -1.848011 1.986847 -0.722632
v -1.848011 2.004586 -0.679807
v -1.787716 2.154163 -0.816718
v -1.829171 2.061490 -0.778437
v -1.803972 2.135882 -0.784364
v -1.762370 2.134935 -0.934492
v -1.770850 2.128552 -0.931848
v -1.787716 2.109708 -0.924043
v -1.803972 2.082665 -0.912841
v -1.829171 2.017072 -0.885672
v -1.848011 1.933631 -0.851109
v -1.737500 0.871821 -2.170091
v -1.737500 0.918015 -2.150956
v -1.737230 0.918275 -2.150848
v -1.729621 0.925326 -2.147014
v -1.722199 0.931705 -2.141826
v -1.708313 0.942285 -2.128188
v -1.695911 0.950168 -2.111430
v -1.684869 0.955833 -2.092528
v -1.664526 0.962342 -2.046068
v -1.646726 0.962479 -1.988781
v -1.621511 0.944225 -1.851636
v -1.612501 0.904029 -1.698322
v -1.621511 0.641636 -1.976973
v -1.646726 0.725705 -2.086856
v -1.664526 0.766310 -2.127267
v -1.684869 0.803765 -2.155516
v -1.695911 0.821136 -2.164877
v -1.708313 0.838560 -2.171152
v -1.722199 0.855685 -2.173315
v -1.729621 0.863863 -2.172472
v -1.737230 0.871560 -2.170198
v -1.627788 0.949401 -1.898386
v -1.627788 0.895869 -1.920560
v -1.729737 0.894604 -2.159766
v -1.721820 0.893633 -2.157422
v -1.713791 0.891966 -2.153396
v -1.705703 0.889568 -2.147608
v -1.689576 0.882490 -2.130520
v -1.673931 0.872316 -2.105957
v -1.647606 0.845289 -2.040708
v -1.627788 0.810217 -1.956037
v -1.627788 0.724566 -1.991515
v -1.647606 0.759638 -2.076186
v -1.673931 0.786665 -2.141435
v -1.713791 0.934792 -2.135657
v -1.705703 0.932394 -2.129869
v -1.689576 0.925316 -2.112781
v -1.673931 0.915142 -2.088218
v -1.647606 0.888115 -2.022969
v -1.627788 0.853043 -1.938299
v -1.673931 0.957967 -2.070479
v -1.647606 0.930940 -2.005230
v -1.627788 0.917281 -1.911690
v -1.647606 0.952353 -1.996361
v -1.627788 0.938694 -1.902821
v -1.737770 0.918275 -2.150848
v -1.745379 0.925326 -2.147014
v -1.752801 0.931705 -2.141826
v -1.766687 0.942285 -2.128188
v -1.779089 0.950168 -2.111430
v -1.790131 0.955833 -2.092528
v -1.810474 0.962342 -2.046068
v -1.828274 0.962479 -1.988781
v -1.853489 0.944225 -1.851636
v -1.862500 0.904029 -1.698322
v -1.737500 0.904029 -1.698322
v -1.747917 0.952744 -1.898724
v -1.690625 0.952744 -1.898724
v -1.747917 0.962620 -1.991773
v -1.690625 0.962620 -1.991773
v -1.747917 0.960278 -2.067762
v -1.747917 0.932256 -2.141288
v -1.747917 0.938635 -2.133768
v -1.747917 0.944420 -2.124377
v -1.747917 0.953929 -2.099862
v -1.690625 0.960278 -2.067762
v -1.690625 0.953929 -2.099862
v -1.633333 0.952744 -1.898724
v -1.853489 0.641636 -1.976973
v -1.828274 0.725705 -2.086856
v -1.810474 0.766310 -2.127267
v -1.790131 0.803765 -2.155516
v -1.779089 0.821136 -2.164877
v -1.766687 0.838560 -2.171152
v -1.752801 0.855685 -2.173315
v -1.745379 0.863863 -2.172472
v -1.737770 0.871560 -2.170198
v -1.661979 0.670184 -2.018044
v -1.805208 0.670184 -2.018044
v -1.747916 0.670184 -2.018044
v -1.747916 0.729608 -2.091126
v -1.747916 0.785356 -2.142863
v -1.747916 0.811813 -2.160195
v -1.747916 0.835235 -2.170234
v -1.747916 0.845694 -2.172612
v -1.747916 0.855284 -2.173321
v -1.690625 0.811813 -2.160195
v -1.690625 0.785356 -2.142863
v -1.690625 0.729608 -2.091126
v -1.690625 0.670184 -2.018044
v -1.661979 0.729608 -2.091126
v -1.647656 0.670184 -2.018044
v -1.633333 0.670184 -2.018044
v -1.805208 0.729608 -2.091126
v -1.862500 0.732278 -1.767875
v -1.862500 0.903580 -1.696919
v -1.848011 0.722632 -1.986847
v -1.829171 0.757195 -2.070289
v -1.803972 0.784364 -2.135882
v -1.848011 0.851109 -1.933631
v -1.829171 0.885672 -2.017072
v -1.803972 0.912841 -2.082665
v -1.787716 0.924043 -2.109708
v -1.770850 0.931848 -2.128552
v -1.762370 0.934492 -2.134935
v -1.745639 0.894573 -2.159690
v -1.753946 0.893504 -2.157110
v -1.762370 0.891667 -2.152674
v -1.770850 0.889023 -2.146291
v -1.787716 0.881217 -2.127447
v -1.803972 0.870016 -2.100404
v -1.829171 0.842846 -2.034811
v -1.848011 0.808284 -1.951370
v -1.829171 0.928498 -1.999333
v -1.803972 0.934482 -2.073701
v -1.848011 0.872636 -1.924714
v -1.848011 0.893935 -1.915892
v -1.848011 0.936761 -1.898153
v -1.787716 0.945717 -2.100730
v -1.829171 0.907256 -2.008132
v -1.803972 0.955667 -2.064926
v -1.762370 0.848841 -2.170413
v -1.770850 0.846197 -2.164030
v -1.787716 0.838392 -2.145186
v -1.803972 0.827190 -2.118143
v -1.829171 0.800021 -2.052550
v -1.848011 0.765458 -1.969109
v -0.262500 -0.871821 -2.170091
v -0.262500 -0.918015 -2.150956
v -0.262770 -0.918275 -2.150848
v -0.270379 -0.925326 -2.147014
v -0.277801 -0.931705 -2.141826
v -0.291687 -0.942285 -2.128188
v -0.304089 -0.950168 -2.111430
v -0.315131 -0.955833 -2.092528
v -0.335474 -0.962342 -2.046068
v -0.353274 -0.962479 -1.988781
v -0.378489 -0.944225 -1.851636
v -0.387500 -0.904029 -1.698322
v -0.387500 -0.903580 -1.696919
v -0.387500 -0.732278 -1.767875
v -0.378489 -0.641636 -1.976973
v -0.353274 -0.725705 -2.086856
v -0.335474 -0.766310 -2.127267
v -0.315131 -0.803765 -2.155516
v -0.304089 -0.821136 -2.164877
v -0.291687 -0.838560 -2.171152
v -0.277801 -0.855685 -2.173315
v -0.270379 -0.863863 -2.172472
v -0.262770 -0.871560 -2.170198
v -0.372212 -0.681740 -2.009254
v -0.372212 -0.724566 -1.991515
v -0.372212 -0.671034 -2.013689
v -0.372212 -0.895869 -1.920560
v -0.270263 -0.894604 -2.159766
v -0.278180 -0.893633 -2.157422
v -0.286209 -0.891966 -2.153396
v -0.294297 -0.889568 -2.147608
v -0.310424 -0.882490 -2.130520
v -0.326069 -0.872316 -2.105957
v -0.352394 -0.845289 -2.040708
v -0.372212 -0.810217 -1.956037
v -0.372212 -0.767392 -1.973776
v -0.352394 -0.802463 -2.058447
v -0.326069 -0.829490 -2.123696
v -0.310424 -0.839665 -2.148259
v -0.294297 -0.846743 -2.165347
v -0.286209 -0.849140 -2.171135
v -0.326069 -0.957967 -2.070479
v -0.352394 -0.930940 -2.005230
v -0.352394 -0.738225 -2.085056
v -0.372212 -0.703153 -2.000385
v -0.352394 -0.759638 -2.076186
v -0.326069 -0.786665 -2.141435
v -0.146511 -0.641636 -1.976973
v -0.171726 -0.725705 -2.086856
v -0.189526 -0.766310 -2.127267
v -0.209869 -0.803765 -2.155516
v -0.220911 -0.821136 -2.164877
v -0.233313 -0.838560 -2.171152
v -0.247199 -0.855685 -2.173315
v -0.254621 -0.863863 -2.172472
v -0.262230 -0.871560 -2.170198
v -0.309375 -0.668909 -2.016293
v -0.252083 -0.854915 -2.173324
v -0.252083 -0.845087 -2.172517
v -0.252083 -0.834356 -2.169967
v -0.252083 -0.810297 -2.159357
v -0.252083 -0.783109 -2.141148
v -0.252083 -0.727721 -2.089071
v -0.252083 -0.668909 -2.016293
v -0.309375 -0.783109 -2.141148
v -0.309375 -0.727721 -2.089071
v -0.309375 -0.810297 -2.159357
v -0.366667 -0.668909 -2.016293
v -0.262230 -0.918275 -2.150848
v -0.254621 -0.925326 -2.147014
v -0.247199 -0.931705 -2.141826
v -0.233313 -0.942285 -2.128188
v -0.220911 -0.950168 -2.111430
v -0.209869 -0.955833 -2.092528
v -0.189526 -0.962342 -2.046068
v -0.171726 -0.962479 -1.988781
v -0.146511 -0.944225 -1.851636
v -0.137501 -0.904029 -1.698322
v -0.262500 -0.904029 -1.698322
v -0.194792 -0.953081 -1.900864
v -0.338021 -0.953081 -1.900864
v -0.352344 -0.953081 -1.900864
v -0.366667 -0.953081 -1.900864
v -0.309375 -0.953450 -2.101527
v -0.309375 -0.959902 -2.070564
v -0.309375 -0.962739 -1.994561
v -0.309375 -0.953081 -1.900864
v -0.338021 -0.962739 -1.994561
v -0.252084 -0.931993 -2.141547
v -0.252084 -0.938273 -2.134265
v -0.252084 -0.943986 -2.125187
v -0.252084 -0.953450 -2.101527
v -0.252084 -0.959902 -2.070564
v -0.252084 -0.962739 -1.994561
v -0.252084 -0.953081 -1.900864
v -0.194792 -0.962739 -1.994561
v -0.151989 -0.743931 -1.978025
v -0.254361 -0.894573 -2.159690
v -0.151989 -0.893935 -1.915892
v -0.151989 -0.679807 -2.004586
v -0.151989 -0.851109 -1.933631
v -0.170829 -0.885672 -2.017072
v -0.196028 -0.912841 -2.082665
v -0.212284 -0.924043 -2.109708
v -0.229150 -0.931848 -2.128552
v -0.237630 -0.934492 -2.134935
v -0.246054 -0.893504 -2.157110
v -0.237630 -0.891667 -2.152674
v -0.229150 -0.889023 -2.146291
v -0.212284 -0.881217 -2.127447
v -0.196028 -0.870016 -2.100404
v -0.170829 -0.842846 -2.034811
v -0.151989 -0.808284 -1.951370
v -0.170829 -0.928498 -1.999333
v -0.196028 -0.955667 -2.064926
v -0.237630 -0.848841 -2.170413
v -0.229150 -0.846197 -2.164030
v -0.212284 -0.838392 -2.145186
v -0.196028 -0.827190 -2.118143
v -0.170829 -0.800021 -2.052550
v -0.151989 -0.765458 -1.969109
v -0.212284 -0.816718 -2.154163
v -0.196028 -0.805549 -2.127107
v -0.170829 -0.778437 -2.061490
v -0.151989 -0.722632 -1.986847
v -0.170829 -0.757195 -2.070289
v -0.196028 -0.784364 -2.135882
v -0.262500 0.918015 -2.150956
v -0.262500 0.871821 -2.170091
v -0.262770 0.871560 -2.170198
v -0.270379 0.863863 -2.172472
v -0.277801 0.855685 -2.173315
v -0.291687 0.838560 -2.171152
v -0.304089 0.821136 -2.164877
v -0.315131 0.803765 -2.155516
v -0.335474 0.766310 -2.127267
v -0.353274 0.725705 -2.086856
v -0.378489 0.641636 -1.976973
v -0.387500 0.561650 -1.840140
v -0.387500 0.560975 -1.838831
v -0.387500 0.732278 -1.767875
v -0.378489 0.944225 -1.851636
v -0.353274 0.962479 -1.988781
v -0.335474 0.962342 -2.046068
v -0.315131 0.955833 -2.092528
v -0.304089 0.950168 -2.111430
v -0.291687 0.942285 -2.128188
v -0.277801 0.931705 -2.141826
v -0.270379 0.925326 -2.147014
v -0.262770 0.918275 -2.150848
v -0.372212 0.938694 -1.902821
v -0.372212 0.895869 -1.920560
v -0.372212 0.949401 -1.898386
v -0.372212 0.724566 -1.991515
v -0.270263 0.894604 -2.159766
v -0.278180 0.893633 -2.157422
v -0.286209 0.891966 -2.153396
v -0.294297 0.889568 -2.147608
v -0.310424 0.882490 -2.130520
v -0.326069 0.872316 -2.105957
v -0.352394 0.845289 -2.040708
v -0.372212 0.810217 -1.956037
v -0.372212 0.853043 -1.938299
v -0.352394 0.888115 -2.022969
v -0.326069 0.915142 -2.088218
v -0.310424 0.925316 -2.112781
v -0.294297 0.932394 -2.129869
v -0.286209 0.934792 -2.135657
v -0.326069 0.786665 -2.141435
v -0.352394 0.759638 -2.076186
v -0.352394 0.952353 -1.996361
v -0.372212 0.917281 -1.911690
v -0.352394 0.930940 -2.005230
v -0.326069 0.957967 -2.070479
v -0.146511 0.944225 -1.851636
v -0.171726 0.962479 -1.988781
v -0.189526 0.962342 -2.046068
v -0.209869 0.955833 -2.092528
v -0.220911 0.950168 -2.111430
v -0.233313 0.942285 -2.128188
v -0.247199 0.931705 -2.141826
v -0.254621 0.925326 -2.147014
v -0.262230 0.918275 -2.150848
v -0.309375 0.952744 -1.898724
v -0.252083 0.932256 -2.141288
v -0.252083 0.938635 -2.133768
v -0.252083 0.944420 -2.124377
v -0.252083 0.953929 -2.099862
v -0.252083 0.960278 -2.067762
v -0.252083 0.962620 -1.991773
v -0.252083 0.952744 -1.898724
v -0.309375 0.960278 -2.067762
v -0.309375 0.962620 -1.991773
v -0.309375 0.953929 -2.099862
v -0.366667 0.952744 -1.898724
v -0.262230 0.871560 -2.170198
v -0.254621 0.863863 -2.172472
v -0.247199 0.855685 -2.173315
v -0.233313 0.838560 -2.171152
v -0.220911 0.821136 -2.164877
v -0.209869 0.803765 -2.155516
v -0.189526 0.766310 -2.127267
v -0.171726 0.725705 -2.086856
v -0.146511 0.641636 -1.976973
v -0.137501 0.561650 -1.840140
v -0.262500 0.561650 -1.840140
v -0.194792 0.670184 -2.018044
v -0.338021 0.670184 -2.018044
v -0.352344 0.670184 -2.018044
v -0.366667 0.670184 -2.018044
v -0.309375 0.811813 -2.160195
v -0.309375 0.785356 -2.142863
v -0.309375 0.729608 -2.091126
v -0.309375 0.670184 -2.018044
v -0.338021 0.729608 -2.091126
v -0.252084 0.855284 -2.173321
v -0.252084 0.845694 -2.172612
v -0.252084 0.835235 -2.170234
v -0.252084 0.811813 -2.160195
v -0.252084 0.785356 -2.142863
v -0.252084 0.729608 -2.091126
v -0.252084 0.670184 -2.018044
v -0.194792 0.729608 -2.091126
v -0.151989 0.872636 -1.924714
v -0.254361 0.894573 -2.159690
v -0.151989 0.722632 -1.986847
v -0.151989 0.936761 -1.898153
v -0.151989 0.765458 -1.969109
v -0.170829 0.800021 -2.052550
v -0.196028 0.827190 -2.118143
v -0.212284 0.838392 -2.145186
v -0.229150 0.846197 -2.164030
v -0.237630 0.848841 -2.170413
v -0.246054 0.893504 -2.157110
v -0.237630 0.891667 -2.152674
v -0.229150 0.889023 -2.146291
v -0.212284 0.881217 -2.127447
v -0.196028 0.870016 -2.100404
v -0.170829 0.842846 -2.034811
v -0.151989 0.808284 -1.951370
v -0.170829 0.757195 -2.070289
v -0.196028 0.784364 -2.135882
v -0.237630 0.934492 -2.134935
v -0.229150 0.931848 -2.128552
v -0.212284 0.924043 -2.109708
v -0.196028 0.912841 -2.082665
v -0.170829 0.885672 -2.017072
v -0.151989 0.851109 -1.933631
v -0.212284 0.945717 -2.100730
v -0.196028 0.934482 -2.073701
v -0.170829 0.907256 -2.008132
v -0.151989 0.893935 -1.915892
v -0.170829 0.928498 -1.999333
v -0.196028 0.955667 -2.064926
v -1.737500 -0.871821 2.170091
v -1.737500 -0.918015 2.150956
v -1.737230 -0.918275 2.150848
v -1.729621 -0.925326 2.147014
v -1.722199 -0.931705 2.141826
v -1.708313 -0.942285 2.128188
v -1.695911 -0.950168 2.111430
v -1.684869 -0.955833 2.092528
v -1.664526 -0.962342 2.046068
v -1.646726 -0.962479 1.988781
v -1.621511 -0.944225 1.851636
v -1.612501 -0.904029 1.698322
v -1.621511 -0.641636 1.976973
v -1.646726 -0.725705 2.086856
v -1.664526 -0.766310 2.127267
v -1.684869 -0.803765 2.155516
v -1.695911 -0.821136 2.164877
v -1.708313 -0.838560 2.171152
v -1.722199 -0.855685 2.173315
v -1.729621 -0.863863 2.172472
v -1.737230 -0.871560 2.170198
v -1.627788 -0.949401 1.898386
v -1.627788 -0.895869 1.920560
v -1.729737 -0.894604 2.159766
v -1.721820 -0.893633 2.157422
v -1.713791 -0.891966 2.153396
v -1.705703 -0.889568 2.147608
v -1.689576 -0.882490 2.130520
v -1.673931 -0.872316 2.105957
v -1.647606 -0.845289 2.040708
v -1.627788 -0.810217 1.956037
v -1.627788 -0.724566 1.991515
v -1.647606 -0.759638 2.076186
v -1.673931 -0.786665 2.141435
v -1.713791 -0.934792 2.135657
v -1.705703 -0.932394 2.129869
v -1.689576 -0.925316 2.112781
v -1.673931 -0.915142 2.088218
v -1.647606 -0.888115 2.022969
v -1.627788 -0.853043 1.938299
v -1.673931 -0.957967 2.070479
v -1.647606 -0.930940 2.005230
v -1.627788 -0.917281 1.911690
v -1.647606 -0.952353 1.996361
v -1.627788 -0.938694 1.902821
v -1.737770 -0.918275 2.150848
v -1.745379 -0.925326 2.147014
v -1.752801 -0.931705 2.141826
v -1.766687 -0.942285 2.128188
v -1.779089 -0.950168 2.111430
v -1.790131 -0.955833 2.092528
v -1.810474 -0.962342 2.046068
v -1.828274 -0.962479 1.988781
v -1.853489 -0.944225 1.851636
v -1.862500 -0.904029 1.698322
v -1.737500 -0.904029 1.698322
v -1.747917 -0.952744 1.898724
v -1.690625 -0.952744 1.898724
v -1.747917 -0.962620 1.991773
v -1.690625 -0.962620 1.991773
v -1.747917 -0.960278 2.067762
v -1.747917 -0.932256 2.141288
v -1.747917 -0.938635 2.133768
v -1.747917 -0.944420 2.124377
v -1.747917 -0.953929 2.099862
v -1.690625 -0.960278 2.067762
v -1.690625 -0.953929 2.099862
v -1.633333 -0.952744 1.898724
v -1.853489 -0.641636 1.976973
v -1.828274 -0.725705 2.086856
v -1.810474 -0.766310 2.127267
v -1.790131 -0.803765 2.155516
v -1.779089 -0.821136 2.164877
v -1.766687 -0.838560 2.171152
v -1.752801 -0.855685 2.173315
v -1.745379 -0.863863 2.172472
v -1.737770 -0.871560 2.170198
v -1.661979 -0.670184 2.018044
v -1.805208 -0.670184 2.018044
v -1.747916 -0.670184 2.018044
v -1.747916 -0.729608 2.091126
v -1.747916 -0.785356 2.142863
v -1.747916 -0.811813 2.160195
v -1.747916 -0.835235 2.170234
v -1.747916 -0.845694 2.172612
v -1.747916 -0.855284 2.173321
v -1.690625 -0.811813 2.160195
v -1.690625 -0.785356 2.142863
v -1.690625 -0.729608 2.091126
v -1.690625 -0.670184 2.018044
v -1.661979 -0.729608 2.091126
v -1.647656 -0.670184 2.018044
v -1.633333 -0.670184 2.018044
v -1.805208 -0.729608 2.091126
v -1.862500 -0.732278 1.767875
v -1.862500 -0.903580 1.696919
v -1.848011 -0.722632 1.986847
v -1.829171 -0.757195 2.070289
v -1.803972 -0.784364 2.135882
v -1.848011 -0.851109 1.933631
v -1.829171 -0.885672 2.017072
v -1.803972 -0.912841 2.082665
v -1.787716 -0.924043 2.109708
v -1.770850 -0.931848 2.128552
v -1.762370 -0.934492 2.134935
v -1.745639 -0.894573 2.159690
v -1.753946 -0.893504 2.157110
v -1.762370 -0.891667 2.152674
v -1.770850 -0.889023 2.146291
v -1.787716 -0.881217 2.127447
v -1.803972 -0.870016 2.100404
v -1.829171 -0.842846 2.034811
v -1.848011 -0.808284 1.951370
v -1.829171 -0.928498 1.999333
v -1.803972 -0.934482 2.073701
v -1.848011 -0.872636 1.924714
v -1.848011 -0.893935 1.915892
v -1.848011 -0.936761 1.898153
v -1.787716 -0.945717 2.100730
v -1.829171 -0.907256 2.008132
v -1.803972 -0.955667 2.064926
v -1.762370 -0.848841 2.170413
v -1.770850 -0.846197 2.164030
v -1.787716 -0.838392 2.145186
v -1.803972 -0.827190 2.118143
v -1.829171 -0.800021 2.052550
v -1.848011 -0.765458 1.969109
v -0.262500 -0.918015 2.150956
v -0.262500 -0.871821 2.170091
v -0.262770 -0.871560 2.170198
v -0.270379 -0.863863 2.172472
v -0.277801 -0.855685 2.173315
v -0.291687 -0.838560 2.171152
v -0.304089 -0.821136 2.164877
v -0.315131 -0.803765 2.155516
v -0.335474 -0.766310 2.127267
v -0.353274 -0.725705 2.086856
v -0.378489 -0.641636 1.976973
v -0.387500 -0.561650 1.840140
v -0.387500 -0.560975 1.838831
v -0.387500 -0.732278 1.767875
v -0.387500 -0.903580 1.696919
v -0.387499 -0.904029 1.698322
v -0.378489 -0.944225 1.851636
v -0.353274 -0.962479 1.988781
v -0.335474 -0.962342 2.046068
v -0.315131 -0.955833 2.092528
v -0.304089 -0.950168 2.111430
v -0.291687 -0.942285 2.128188
v -0.277801 -0.931705 2.141826
v -0.270379 -0.925326 2.147014
v -0.262770 -0.918275 2.150848
v -0.372212 -0.938694 1.902821
v -0.372212 -0.895869 1.920560
v -0.372212 -0.949401 1.898386
v -0.372212 -0.724566 1.991515
v -0.270263 -0.894604 2.159766
v -0.278180 -0.893633 2.157422
v -0.286209 -0.891966 2.153396
v -0.294297 -0.889568 2.147608
v -0.310424 -0.882490 2.130520
v -0.326069 -0.872316 2.105957
v -0.352394 -0.845289 2.040708
v -0.372212 -0.810217 1.956037
v -0.372212 -0.853043 1.938299
v -0.352394 -0.888115 2.022969
v -0.326069 -0.915142 2.088218
v -0.310424 -0.925316 2.112781
v -0.294297 -0.932394 2.129869
v -0.286209 -0.934792 2.135657
v -0.326069 -0.786665 2.141435
v -0.352394 -0.759638 2.076186
v -0.352394 -0.952353 1.996361
v -0.372212 -0.917281 1.911690
v -0.352394 -0.930940 2.005230
v -0.326069 -0.957967 2.070479
v -0.137500 -0.904029 1.698322
v -0.146511 -0.944225 1.851636
v -0.171726 -0.962479 1.988781
v -0.189526 -0.962342 2.046068
v -0.209869 -0.955833 2.092528
v -0.220911 -0.950168 2.111430
v -0.233313 -0.942285 2.128188
v -0.247199 -0.931705 2.141826
v -0.254621 -0.925326 2.147014
v -0.262230 -0.918275 2.150848
v -0.262500 -0.904029 1.698322
v -0.309375 -0.952744 1.898724
v -0.252083 -0.932256 2.141288
v -0.252083 -0.938635 2.133768
v -0.252083 -0.944420 2.124377
v -0.252083 -0.953929 2.099862
v -0.252083 -0.960278 2.067762
v -0.252083 -0.962620 1.991773
v -0.252083 -0.952744 1.898724
v -0.309375 -0.960278 2.067762
v -0.309375 -0.962620 1.991773
v -0.309375 -0.953929 2.099862
v -0.366667 -0.952744 1.898724
v -0.262230 -0.871560 2.170198
v -0.254621 -0.863863 2.172472
v -0.247199 -0.855685 2.173315
v -0.233313 -0.838560 2.171152
v -0.220911 -0.821136 2.164877
v -0.209869 -0.803765 2.155516
v -0.189526 -0.766310 2.127267
v -0.171726 -0.725705 2.086856
v -0.146511 -0.641636 1.976973
v -0.137501 -0.561650 1.840140
v -0.262500 -0.561650 1.840140
v -0.194792 -0.670184 2.018044
v -0.338021 -0.670184 2.018044
v -0.352344 -0.670184 2.018044
v -0.366667 -0.670184 2.018044
v -0.309375 -0.811813 2.160195
v -0.309375 -0.785356 2.142863
v -0.309375 -0.729608 2.091126
v -0.309375 -0.670184 2.018044
v -0.338021 -0.729608 2.091126
v -0.252084 -0.855284 2.173321
v -0.252084 -0.845694 2.172612
v -0.252084 -0.835235 2.170234
v -0.252084 -0.811813 2.160195
v -0.252084 -0.785356 2.142863
v -0.252084 -0.729608 2.091126
v -0.252084 -0.670184 2.018044
v -0.194792 -0.729608 2.091126
v -0.137500 -0.903580 1.696919
v -0.137500 -0.732278 1.767875
v -0.137500 -0.560975 1.838831
v -0.151989 -0.872636 1.924714
v -0.254361 -0.894573 2.159690
v -0.151989 -0.722632 1.986847
v -0.151989 -0.936761 1.898153
v -0.151989 -0.765458 1.969109
v -0.170829 -0.800021 2.052550
v -0.196028 -0.827190 2.118143
v -0.212284 -0.838392 2.145186
v -0.229150 -0.846197 2.164030
v -0.237630 -0.848841 2.170413
v -0.246054 -0.893504 2.157110
v -0.237630 -0.891667 2.152674
v -0.229150 -0.889023 2.146291
v -0.212284 -0.881217 2.127447
v -0.196028 -0.870016 2.100404
v -0.170829 -0.842846 2.034811
v -0.151989 -0.808284 1.951370
v -0.170829 -0.757195 2.070289
v -0.196028 -0.784364 2.135882
v -0.237630 -0.934492 2.134935
v -0.229150 -0.931848 2.128552
v -0.212284 -0.924043 2.109708
v -0.196028 -0.912841 2.082665
v -0.170829 -0.885672 2.017072
v -0.151989 -0.851109 1.933631
v -0.212284 -0.945717 2.100730
v -0.196028 -0.934482 2.073701
v -0.170829 -0.907256 2.008132
v -0.151989 -0.893935 1.915892
v -0.170829 -0.928498 1.999333
v -0.196028 -0.955667 2.064926
v -1.737500 2.170091 0.871821
v -1.737500 2.150956 0.918015
v -1.737230 2.150848 0.918275
v -1.729621 2.147014 0.925326
v -1.722199 2.141826 0.931705
v -1.708313 2.128188 0.942285
v -1.695911 2.111430 0.950168
v -1.684869 2.092528 0.955833
v -1.664526 2.046068 0.962342
v -1.646726 1.988781 0.962479
v -1.621511 1.851636 0.944225
v -1.612501 1.698322 0.904029
v -1.612500 1.696919 0.903580
v -1.612500 1.767875 0.732278
v -1.621511 1.976973 0.641636
v -1.646726 2.086856 0.725705
v -1.664526 2.127267 0.766310
v -1.684869 2.155516 0.803765
v -1.695911 2.164877 0.821136
v -1.708313 2.171152 0.838560
v -1.722199 2.173315 0.855685
v -1.729621 2.172472 0.863863
v -1.737230 2.170198 0.871560
v -1.627788 1.898386 0.949401
v -1.627788 1.920560 0.895869
v -1.729737 2.159766 0.894604
v -1.721820 2.157422 0.893633
v -1.713791 2.153396 0.891966
v -1.705703 2.147608 0.889568
v -1.689576 2.130520 0.882490
v -1.673931 2.105957 0.872316
v -1.647606 2.040708 0.845289
v -1.627788 1.956037 0.810217
v -1.627788 1.991515 0.724566
v -1.647606 2.076186 0.759638
v -1.673931 2.141435 0.786665
v -1.713791 2.135657 0.934792
v -1.705703 2.129869 0.932394
v -1.689576 2.112781 0.925316
v -1.673931 2.088218 0.915142
v -1.647606 2.022969 0.888115
v -1.627788 1.938299 0.853043
v -1.673931 2.070479 0.957967
v -1.647606 2.005230 0.930940
v -1.627788 1.911690 0.917281
v -1.647606 1.996361 0.952353
v -1.627788 1.902821 0.938694
v -1.737770 2.150848 0.918275
v -1.745379 2.147014 0.925326
v -1.752801 2.141826 0.931705
v -1.766687 2.128188 0.942285
v -1.779089 2.111430 0.950168
v -1.790131 2.092528 0.955833
v -1.810474 2.046068 0.962342
v -1.828274 1.988781 0.962479
v -1.853489 1.851636 0.944225
v -1.862500 1.698322 0.904029
v -1.737500 1.698322 0.904029
v -1.747917 1.898724 0.952744
v -1.690625 1.898724 0.952744
v -1.747917 1.991773 0.962620
v -1.690625 1.991773 0.962620
v -1.747917 2.067762 0.960278
v -1.747917 2.141288 0.932256
v -1.747917 2.133768 0.938635
v -1.747917 2.124377 0.944420
v -1.747917 2.099862 0.953929
v -1.690625 2.067762 0.960278
v -1.690625 2.099862 0.953929
v -1.633333 1.898724 0.952744
v -1.853489 1.976973 0.641636
v -1.828274 2.086856 0.725705
v -1.810474 2.127267 0.766310
v -1.790131 2.155516 0.803765
v -1.779089 2.164877 0.821136
v -1.766687 2.171152 0.838560
v -1.752801 2.173315 0.855685
v -1.745379 2.172472 0.863863
v -1.737770 2.170198 0.871560
v -1.661979 2.018044 0.670184
v -1.805208 2.018044 0.670184
v -1.747916 2.018044 0.670184
v -1.747916 2.091126 0.729608
v -1.747916 2.142863 0.785356
v -1.747916 2.160195 0.811813
v -1.747916 2.170234 0.835235
v -1.747916 2.172612 0.845694
v -1.747916 2.173321 0.855284
v -1.690625 2.160195 0.811813
v -1.690625 2.142863 0.785356
v -1.690625 2.091126 0.729608
v -1.690625 2.018044 0.670184
v -1.661979 2.091126 0.729608
v -1.647656 2.018044 0.670184
v -1.633333 2.018044 0.670184
v -1.805208 2.091126 0.729608
v -1.848011 1.986847 0.722632
v -1.829171 2.070289 0.757195
v -1.803972 2.135882 0.784364
v -1.848011 1.933631 0.851109
v -1.829171 2.017072 0.885672
v -1.803972 2.082665 0.912841
v -1.787716 2.109708 0.924043
v -1.770850 2.128552 0.931848
v -1.762370 2.134935 0.934492
v -1.745639 2.159690 0.894573
v -1.753946 2.157110 0.893504
v -1.762370 2.152674 0.891667
v -1.770850 2.146291 0.889023
v -1.787716 2.127447 0.881217
v -1.803972 2.100404 0.870016
v -1.829171 2.034811 0.842846
v -1.848011 1.951370 0.808284
v -1.829171 1.999333 0.928498
v -1.803972 2.073701 0.934482
v -1.848011 1.924714 0.872636
v -1.848011 1.915892 0.893935
v -1.848011 1.898153 0.936761
v -1.787716 2.100730 0.945717
v -1.829171 2.008132 0.907256
v -1.803972 2.064926 0.955667
v -1.762370 2.170413 0.848841
v -1.770850 2.164030 0.846197
v -1.787716 2.145186 0.838392
v -1.803972 2.118143 0.827190
v -1.829171 2.052550 0.800021
v -1.848011 1.969109 0.765458
v -1.737500 -2.150956 0.918015
v -1.737500 -2.170091 0.871821
v -1.737230 -2.170198 0.871560
v -1.729621 -2.172472 0.863863
v -1.722199 -2.173315 0.855685
v -1.708313 -2.171152 0.838560
v -1.695911 -2.164877 0.821136
v -1.684869 -2.155516 0.803765
v -1.664526 -2.127267 0.766310
v -1.646726 -2.086856 0.725705
v -1.621511 -1.976973 0.641636
v -1.612501 -1.840140 0.561650
v -1.612500 -1.838831 0.560975
v -1.612500 -1.767875 0.732278
v -1.621511 -1.851636 0.944225
v -1.646726 -1.988781 0.962479
v -1.664526 -2.046068 0.962342
v -1.684869 -2.092528 0.955833
v -1.695911 -2.111430 0.950168
v -1.708313 -2.128188 0.942285
v -1.722199 -2.141826 0.931705
v -1.729621 -2.147014 0.925326
v -1.737230 -2.150848 0.918275
v -1.627788 -2.013689 0.671034
v -1.627788 -1.991515 0.724566
v -1.729737 -2.159766 0.894604
v -1.721820 -2.157422 0.893633
v -1.713791 -2.153396 0.891966
v -1.705703 -2.147608 0.889568
v -1.689576 -2.130520 0.882490
v -1.673931 -2.105957 0.872316
v -1.647606 -2.040708 0.845289
v -1.627788 -1.956037 0.810217
v -1.627788 -1.920560 0.895869
v -1.647606 -2.005230 0.930940
v -1.673931 -2.070479 0.957967
v -1.713791 -2.171135 0.849140
v -1.705703 -2.165347 0.846743
v -1.689576 -2.148259 0.839665
v -1.673931 -2.123696 0.829490
v -1.647606 -2.058447 0.802463
v -1.627788 -1.973776 0.767392
v -1.673931 -2.141435 0.786665
v -1.647606 -2.076186 0.759638
v -1.627788 -2.000385 0.703153
v -1.647606 -2.085056 0.738225
v -1.627788 -2.009254 0.681740
v -1.737770 -2.170198 0.871560
v -1.745379 -2.172472 0.863863
v -1.752801 -2.173315 0.855685
v -1.766687 -2.171152 0.838560
v -1.779089 -2.164877 0.821136
v -1.790131 -2.155516 0.803765
v -1.810474 -2.127267 0.766310
v -1.828274 -2.086856 0.725705
v -1.853489 -1.976973 0.641636
v -1.862500 -1.840140 0.561650
v -1.737500 -1.840140 0.561650
v -1.747917 -2.016293 0.668909
v -1.690625 -2.016293 0.668909
v -1.747917 -2.089071 0.727721
v -1.690625 -2.089071 0.727721
v -1.747917 -2.141148 0.783109
v -1.747917 -2.173324 0.854915
v -1.747917 -2.172517 0.845087
v -1.747917 -2.169967 0.834356
v -1.747917 -2.159357 0.810297
v -1.690625 -2.141148 0.783109
v -1.690625 -2.159357 0.810297
v -1.633333 -2.016293 0.668909
v -1.853489 -1.851636 0.944225
v -1.828274 -1.988781 0.962479
v -1.810474 -2.046068 0.962342
v -1.790131 -2.092528 0.955833
v -1.779089 -2.111430 0.950168
v -1.766687 -2.128188 0.942285
v -1.752801 -2.141826 0.931705
v -1.745379 -2.147014 0.925326
v -1.737770 -2.150848 0.918275
v -1.661979 -1.900864 0.953081
v -1.805208 -1.900864 0.953081
v -1.747916 -1.900864 0.953081
v -1.747916 -1.994561 0.962739
v -1.747916 -2.070564 0.959902
v -1.747916 -2.101527 0.953450
v -1.747916 -2.125187 0.943986
v -1.747916 -2.134265 0.938273
v -1.747916 -2.141547 0.931993
v -1.690625 -2.101527 0.953450
v -1.690625 -2.070564 0.959902
v -1.690625 -1.994561 0.962739
v -1.690625 -1.900864 0.953081
v -1.661979 -1.994561 0.962739
v -1.647656 -1.900864 0.953081
v -1.633333 -1.900864 0.953081
v -1.805208 -1.994561 0.962739
v -1.848011 -1.915892 0.893935
v -1.829171 -1.999333 0.928498
v -1.803972 -2.064926 0.955667
v -1.848011 -1.969109 0.765458
v -1.829171 -2.052550 0.800021
v -1.803972 -2.118143 0.827190
v -1.787716 -2.145186 0.838392
v -1.770850 -2.164030 0.846197
v -1.762370 -2.170413 0.848841
v -1.745639 -2.159690 0.894573
v -1.753946 -2.157110 0.893504
v -1.762370 -2.152674 0.891667
v -1.770850 -2.146291 0.889023
v -1.787716 -2.127447 0.881217
v -1.803972 -2.100404 0.870016
v -1.829171 -2.034811 0.842846
v -1.848011 -1.951370 0.808284
v -1.829171 -2.070289 0.757195
v -1.803972 -2.127107 0.805549
v -1.848011 -1.978025 0.743931
v -1.848011 -1.986847 0.722632
v -1.848011 -2.004586 0.679807
v -1.787716 -2.154163 0.816718
v -1.829171 -2.061490 0.778437
v -1.803972 -2.135882 0.784364
v -1.762370 -2.134935 0.934492
v -1.770850 -2.128552 0.931848
v -1.787716 -2.109708 0.924043
v -1.803972 -2.082665 0.912841
v -1.829171 -2.017072 0.885672
v -1.848011 -1.933631 0.851109
v -0.262500 2.150956 0.918015
v -0.262500 2.170091 0.871821
v -0.262770 2.170198 0.871560
v -0.270379 2.172472 0.863863
v -0.277801 2.173315 0.855685
v -0.291687 2.171152 0.838560
v -0.304089 2.164877 0.821136
v -0.315131 2.155516 0.803765
v -0.335474 2.127267 0.766310
v -0.353274 2.086856 0.725705
v -0.378489 1.976973 0.641636
v -0.387500 1.840140 0.561650
v -0.387500 1.838831 0.560975
v -0.387500 1.767875 0.732278
v -0.378489 1.851636 0.944225
v -0.353274 1.988781 0.962479
v -0.335474 2.046068 0.962342
v -0.315131 2.092528 0.955833
v -0.304089 2.111430 0.950168
v -0.291687 2.128188 0.942285
v -0.277801 2.141826 0.931705
v -0.270379 2.147014 0.925326
v -0.262770 2.150848 0.918275
v -0.372212 1.902821 0.938694
v -0.372212 1.920560 0.895869
v -0.372212 1.898386 0.949401
v -0.372212 1.991515 0.724566
v -0.270263 2.159766 0.894604
v -0.278180 2.157422 0.893633
v -0.286209 2.153396 0.891966
v -0.294297 2.147608 0.889568
v -0.310424 2.130520 0.882490
v -0.326069 2.105957 0.872316
v -0.352394 2.040708 0.845289
v -0.372212 1.956037 0.810217
v -0.372212 1.938299 0.853043
v -0.352394 2.022969 0.888115
v -0.326069 2.088218 0.915142
v -0.310424 2.112781 0.925316
v -0.294297 2.129869 0.932394
v -0.286209 2.135657 0.934792
v -0.326069 2.141435 0.786665
v -0.352394 2.076186 0.759638
v -0.352394 1.996361 0.952353
v -0.372212 1.911690 0.917281
v -0.352394 2.005230 0.930940
v -0.326069 2.070479 0.957967
v -0.146511 1.851636 0.944225
v -0.171726 1.988781 0.962479
v -0.189526 2.046068 0.962342
v -0.209869 2.092528 0.955833
v -0.220911 2.111430 0.950168
v -0.233313 2.128188 0.942285
v -0.247199 2.141826 0.931705
v -0.254621 2.147014 0.925326
v -0.262230 2.150848 0.918275
v -0.309375 1.898724 0.952744
v -0.252083 2.141288 0.932256
v -0.252083 2.133768 0.938635
v -0.252083 2.124377 0.944420
v -0.252083 2.099862 0.953929
v -0.252083 2.067762 0.960278
v -0.252083 1.991773 0.962620
v -0.252083 1.898724 0.952744
v -0.309375 2.067762 0.960278
v -0.309375 1.991773 0.962620
v -0.309375 2.099862 0.953929
v -0.366667 1.898724 0.952744
v -0.262230 2.170198 0.871560
v -0.254621 2.172472 0.863863
v -0.247199 2.173315 0.855685
v -0.233313 2.171152 0.838560
v -0.220911 2.164877 0.821136
v -0.209869 2.155516 0.803765
v -0.189526 2.127267 0.766310
v -0.171726 2.086856 0.725705
v -0.146511 1.976973 0.641636
v -0.137501 1.840140 0.561650
v -0.262500 1.840140 0.561650
v -0.194792 2.018044 0.670184
v -0.338021 2.018044 0.670184
v -0.352344 2.018044 0.670184
v -0.366667 2.018044 0.670184
v -0.309375 2.160195 0.811813
v -0.309375 2.142863 0.785356
v -0.309375 2.091126 0.729608
v -0.309375 2.018044 0.670184
v -0.338021 2.091126 0.729608
v -0.252084 2.173321 0.855284
v -0.252084 2.172612 0.845694
v -0.252084 2.170234 0.835235
v -0.252084 2.160195 0.811813
v -0.252084 2.142863 0.785356
v -0.252084 2.091126 0.729608
v -0.252084 2.018044 0.670184
v -0.194792 2.091126 0.729608
v -0.151989 1.924714 0.872636
v -0.254361 2.159690 0.894573
v -0.151989 1.986847 0.722632
v -0.151989 1.898153 0.936761
v -0.151989 1.969109 0.765458
v -0.170829 2.052550 0.800021
v -0.196028 2.118143 0.827190
v -0.212284 2.145186 0.838392
v -0.229150 2.164030 0.846197
v -0.237630 2.170413 0.848841
v -0.246054 2.157110 0.893504
v -0.237630 2.152674 0.891667
v -0.229150 2.146291 0.889023
v -0.212284 2.127447 0.881217
v -0.196028 2.100404 0.870016
v -0.170829 2.034811 0.842846
v -0.151989 1.951370 0.808284
v -0.170829 2.070289 0.757195
v -0.196028 2.135882 0.784364
v -0.237630 2.134935 0.934492
v -0.229150 2.128552 0.931848
v -0.212284 2.109708 0.924043
v -0.196028 2.082665 0.912841
v -0.170829 2.017072 0.885672
v -0.151989 1.933631 0.851109
v -0.212284 2.100730 0.945717
v -0.196028 2.073701 0.934482
v -0.170829 2.008132 0.907256
v -0.151989 1.915892 0.893935
v -0.170829 1.999333 0.928498
v -0.196028 2.064926 0.955667
v -0.262500 2.170091 -0.871821
v -0.262500 2.150956 -0.918015
v -0.262770 2.150848 -0.918275
v -0.270379 2.147014 -0.925326
v -0.277801 2.141826 -0.931705
v -0.291687 2.128188 -0.942285
v -0.304089 2.111430 -0.950168
v -0.315131 2.092528 -0.955833
v -0.335474 2.046068 -0.962342
v -0.353274 1.988781 -0.962479
v -0.378489 1.851636 -0.944225
v -0.387500 1.698322 -0.904029
v -0.387500 1.696919 -0.903580
v -0.387500 1.767875 -0.732278
v -0.378489 1.976973 -0.641636
v -0.353274 2.086856 -0.725705
v -0.335474 2.127267 -0.766310
v -0.315131 2.155516 -0.803765
v -0.304089 2.164877 -0.821136
v -0.291687 2.171152 -0.838560
v -0.277801 2.173315 -0.855685
v -0.270379 2.172472 -0.863863
v -0.262770 2.170198 -0.871560
v -0.372212 2.009254 -0.681740
v -0.372212 1.991515 -0.724566
v -0.372212 2.013689 -0.671034
v -0.372212 1.920560 -0.895869
v -0.270263 2.159766 -0.894604
v -0.278180 2.157422 -0.893633
v -0.286209 2.153396 -0.891966
v -0.294297 2.147608 -0.889568
v -0.310424 2.130520 -0.882490
v -0.326069 2.105957 -0.872316
v -0.352394 2.040708 -0.845289
v -0.372212 1.956037 -0.810217
v -0.372212 1.973776 -0.767392
v -0.352394 2.058447 -0.802463
v -0.326069 2.123696 -0.829490
v -0.310424 2.148259 -0.839665
v -0.294297 2.165347 -0.846743
v -0.286209 2.171135 -0.849140
v -0.326069 2.070479 -0.957967
v -0.352394 2.005230 -0.930940
v -0.352394 2.085056 -0.738225
v -0.372212 2.000385 -0.703153
v -0.352394 2.076186 -0.759638
v -0.326069 2.141435 -0.786665
v -0.146511 1.976973 -0.641636
v -0.171726 2.086856 -0.725705
v -0.189526 2.127267 -0.766310
v -0.209869 2.155516 -0.803765
v -0.220911 2.164877 -0.821136
v -0.233313 2.171152 -0.838560
v -0.247199 2.173315 -0.855685
v -0.254621 2.172472 -0.863863
v -0.262230 2.170198 -0.871560
v -0.309375 2.016293 -0.668909
v -0.252083 2.173324 -0.854915
v -0.252083 2.172517 -0.845087
v -0.252083 2.169967 -0.834356
v -0.252083 2.159357 -0.810297
v -0.252083 2.141148 -0.783109
v -0.252083 2.089071 -0.727721
v -0.252083 2.016293 -0.668909
v -0.309375 2.141148 -0.783109
v -0.309375 2.089071 -0.727721
v -0.309375 2.159357 -0.810297
v -0.366667 2.016293 -0.668909
v -0.262230 2.150848 -0.918275
v -0.254621 2.147014 -0.925326
v -0.247199 2.141826 -0.931705
v -0.233313 2.128188 -0.942285
v -0.220911 2.111430 -0.950168
v -0.209869 2.092528 -0.955833
v -0.189526 2.046068 -0.962342
v -0.171726 1.988781 -0.962479
v -0.146511 1.851636 -0.944225
v -0.137501 1.698322 -0.904029
v -0.262500 1.698322 -0.904029
v -0.194792 1.900864 -0.953081
v -0.338021 1.900864 -0.953081
v -0.352344 1.900864 -0.953081
v -0.366667 1.900864 -0.953081
v -0.309375 2.101527 -0.953450
v -0.309375 2.070564 -0.959902
v -0.309375 1.994561 -0.962739
v -0.309375 1.900864 -0.953081
v -0.338021 1.994561 -0.962739
v -0.252084 2.141547 -0.931993
v -0.252084 2.134265 -0.938273
v -0.252084 2.125187 -0.943986
v -0.252084 2.101527 -0.953450
v -0.252084 2.070564 -0.959902
v -0.252084 1.994561 -0.962739
v -0.252084 1.900864 -0.953081
v -0.194792 1.994561 -0.962739
v -0.151989 1.978025 -0.743931
v -0.254361 2.159690 -0.894573
v -0.151989 1.915892 -0.893935
v -0.151989 2.004586 -0.679807
v -0.151989 1.933631 -0.851109
v -0.170829 2.017072 -0.885672
v -0.196028 2.082665 -0.912841
v -0.212284 2.109708 -0.924043
v -0.229150 2.128552 -0.931848
v -0.237630 2.134935 -0.934492
v -0.246054 2.157110 -0.893504
v -0.237630 2.152674 -0.891667
v -0.229150 2.146291 -0.889023
v -0.212284 2.127447 -0.881217
v -0.196028 2.100404 -0.870016
v -0.170829 2.034811 -0.842846
v -0.151989 1.951370 -0.808284
v -0.170829 1.999333 -0.928498
v -0.196028 2.064926 -0.955667
v -0.237630 2.170413 -0.848841
v -0.229150 2.164030 -0.846197
v -0.212284 2.145186 -0.838392
v -0.196028 2.118143 -0.827190
v -0.170829 2.052550 -0.800021
v -0.151989 1.969109 -0.765458
v -0.212284 2.154163 -0.816718
v -0.196028 2.127107 -0.805549
v -0.170829 2.061490 -0.778437
v -0.151989 1.986847 -0.722632
v -0.170829 2.070289 -0.757195
v -0.196028 2.135882 -0.784364
v -1.737500 -2.170091 -0.871821
v -1.737500 -2.150956 -0.918015
v -1.737230 -2.150848 -0.918275
v -1.729621 -2.147014 -0.925326
v -1.722199 -2.141826 -0.931705
v -1.708313 -2.128188 -0.942285
v -1.695911 -2.111430 -0.950168
v -1.684869 -2.092528 -0.955833
v -1.664526 -2.046068 -0.962342
v -1.646726 -1.988781 -0.962479
v -1.621511 -1.851636 -0.944225
v -1.612501 -1.698322 -0.904029
v -1.621511 -1.976973 -0.641636
v -1.646726 -2.086856 -0.725705
v -1.664526 -2.127267 -0.766310
v -1.684869 -2.155516 -0.803765
v -1.695911 -2.164877 -0.821136
v -1.708313 -2.171152 -0.838560
v -1.722199 -2.173315 -0.855685
v -1.729621 -2.172472 -0.863863
v -1.737230 -2.170198 -0.871560
v -1.627788 -1.898386 -0.949401
v -1.627788 -1.920560 -0.895869
v -1.729737 -2.159766 -0.894604
v -1.721820 -2.157422 -0.893633
v -1.713791 -2.153396 -0.891966
v -1.705703 -2.147608 -0.889568
v -1.689576 -2.130520 -0.882490
v -1.673931 -2.105957 -0.872316
v -1.647606 -2.040708 -0.845289
v -1.627788 -1.956037 -0.810217
v -1.627788 -1.991515 -0.724566
v -1.647606 -2.076186 -0.759638
v -1.673931 -2.141435 -0.786665
v -1.713791 -2.135657 -0.934792
v -1.705703 -2.129869 -0.932394
v -1.689576 -2.112781 -0.925316
v -1.673931 -2.088218 -0.915142
v -1.647606 -2.022969 -0.888115
v -1.627788 -1.938299 -0.853043
v -1.673931 -2.070479 -0.957967
v -1.647606 -2.005230 -0.930940
v -1.627788 -1.911690 -0.917281
v -1.647606 -1.996361 -0.952353
v -1.627788 -1.902821 -0.938694
v -1.737770 -2.150848 -0.918275
v -1.745379 -2.147014 -0.925326
v -1.752801 -2.141826 -0.931705
v -1.766687 -2.128188 -0.942285
v -1.779089 -2.111430 -0.950168
v -1.790131 -2.092528 -0.955833
v -1.810474 -2.046068 -0.962342
v -1.828274 -1.988781 -0.962479
v -1.853489 -1.851636 -0.944225
v -1.862500 -1.698322 -0.904029
v -1.737500 -1.698322 -0.904029
v -1.747917 -1.898724 -0.952744
v -1.690625 -1.898724 -0.952744
v -1.747917 -1.991773 -0.962620
v -1.690625 -1.991773 -0.962620
v -1.747917 -2.067762 -0.960278
v -1.747917 -2.141288 -0.932256
v -1.747917 -2.133768 -0.938635
v -1.747917 -2.124377 -0.944420
v -1.747917 -2.099862 -0.953929
v -1.690625 -2.067762 -0.960278
v -1.690625 -2.099862 -0.953929
v -1.633333 -1.898724 -0.952744
v -1.853489 -1.976973 -0.641636
v -1.828274 -2.086856 -0.725705
v -1.810474 -2.127267 -0.766310
v -1.790131 -2.155516 -0.803765
v -1.779089 -2.164877 -0.821136
v -1.766687 -2.171152 -0.838560
v -1.752801 -2.173315 -0.855685
v -1.745379 -2.172472 -0.863863
v -1.737770 -2.170198 -0.871560
v -1.661979 -2.018044 -0.670184
v -1.805208 -2.018044 -0.670184
v -1.747916 -2.018044 -0.670184
v -1.747916 -2.091126 -0.729608
v -1.747916 -2.142863 -0.785356
v -1.747916 -2.160195 -0.811813
v -1.747916 -2.170234 -0.835235
v -1.747916 -2.172612 -0.845694
v -1.747916 -2.173321 -0.855284
v -1.690625 -2.160195 -0.811813
v -1.690625 -2.142863 -0.785356
v -1.690625 -2.091126 -0.729608
v -1.690625 -2.018044 -0.670184
v -1.661979 -2.091126 -0.729608
v -1.647656 -2.018044 -0.670184
v -1.633333 -2.018044 -0.670184
v -1.805208 -2.091126 -0.729608
v -1.862500 -1.767875 -0.732278
v -1.862500 -1.696919 -0.903580
v -1.848011 -1.986847 -0.722632
v -1.829171 -2.070289 -0.757195
v -1.803972 -2.135882 -0.784364
v -1.848011 -1.933631 -0.851109
v -1.829171 -2.017072 -0.885672
v -1.803972 -2.082665 -0.912841
v -1.787716 -2.109708 -0.924043
v -1.770850 -2.128552 -0.931848
v -1.762370 -2.134935 -0.934492
v -1.745639 -2.159690 -0.894573
v -1.753946 -2.157110 -0.893504
v -1.762370 -2.152674 -0.891667
v -1.770850 -2.146291 -0.889023
v -1.787716 -2.127447 -0.881217
v -1.803972 -2.100404 -0.870016
v -1.829171 -2.034811 -0.842846
v -1.848011 -1.951370 -0.808284
v -1.829171 -1.999333 -0.928498
v -1.803972 -2.073701 -0.934482
v -1.848011 -1.924714 -0.872636
v -1.848011 -1.915892 -0.893935
v -1.848011 -1.898153 -0.936761
v -1.787716 -2.100730 -0.945717
v -1.829171 -2.008132 -0.907256
v -1.803972 -2.064926 -0.955667
v -1.762370 -2.170413 -0.848841
v -1.770850 -2.164030 -0.846197
v -1.787716 -2.145186 -0.838392
v -1.803972 -2.118143 -0.827190
v -1.829171 -2.052550 -0.800021
v -1.848011 -1.969109 -0.765458
v -0.262500 -2.150956 -0.918015
v -0.262500 -2.170091 -0.871821
v -0.262770 -2.170198 -0.871560
v -0.270379 -2.172472 -0.863863
v -0.277801 -2.173315 -0.855685
v -0.291687 -2.171152 -0.838560
v -0.304089 -2.164877 -0.821136
v -0.315131 -2.155516 -0.803765
v -0.335474 -2.127267 -0.766310
v -0.353274 -2.086856 -0.725705
v -0.378489 -1.976973 -0.641636
v -0.387500 -1.840140 -0.561650
v -0.387500 -1.838831 -0.560975
v -0.387500 -1.767875 -0.732278
v -0.378489 -1.851636 -0.944225
v -0.353274 -1.988781 -0.962479
v -0.335474 -2.046068 -0.962342
v -0.315131 -2.092528 -0.955833
v -0.304089 -2.111430 -0.950168
v -0.291687 -2.128188 -0.942285
v -0.277801 -2.141826 -0.931705
v -0.270379 -2.147014 -0.925326
v -0.262770 -2.150848 -0.918275
v -0.372212 -1.902821 -0.938694
v -0.372212 -1.920560 -0.895869
v -0.372212 -1.898386 -0.949401
v -0.372212 -1.991515 -0.724566
v -0.270263 -2.159766 -0.894604
v -0.278180 -2.157422 -0.893633
v -0.286209 -2.153396 -0.891966
v -0.294297 -2.147608 -0.889568
v -0.310424 -2.130520 -0.882490
v -0.326069 -2.105957 -0.872316
v -0.352394 -2.040708 -0.845289
v -0.372212 -1.956037 -0.810217
v -0.372212 -1.938299 -0.853043
v -0.352394 -2.022969 -0.888115
v -0.326069 -2.088218 -0.915142
v -0.310424 -2.112781 -0.925316
v -0.294297 -2.129869 -0.932394
v -0.286209 -2.135657 -0.934792
v -0.326069 -2.141435 -0.786665
v -0.352394 -2.076186 -0.759638
v -0.352394 -1.996361 -0.952353
v -0.372212 -1.911690 -0.917281
v -0.352394 -2.005230 -0.930940
v -0.326069 -2.070479 -0.957967
v -0.146511 -1.851636 -0.944225
v -0.171726 -1.988781 -0.962479
v -0.189526 -2.046068 -0.962342
v -0.209869 -2.092528 -0.955833
v -0.220911 -2.111430 -0.950168
v -0.233313 -2.128188 -0.942285
v -0.247199 -2.141826 -0.931705
v -0.254621 -2.147014 -0.925326
v -0.262230 -2.150848 -0.918275
v -0.309375 -1.898724 -0.952744
v -0.252083 -2.141288 -0.932256
v -0.252083 -2.133768 -0.938635
v -0.252083 -2.124377 -0.944420
v -0.252083 -2.099862 -0.953929
v -0.252083 -2.067762 -0.960278
v -0.252083 -1.991773 -0.962620
v -0.252083 -1.898724 -0.952744
v -0.309375 -2.067762 -0.960278
v -0.309375 -1.991773 -0.962620
v -0.309375 -2.099862 -0.953929
v -0.366667 -1.898724 -0.952744
v -0.262230 -2.170198 -0.871560
v -0.254621 -2.172472 -0.863863
v -0.247199 -2.173315 -0.855685
v -0.233313 -2.171152 -0.838560
v -0.220911 -2.164877 -0.821136
v -0.209869 -2.155516 -0.803765
v -0.189526 -2.127267 -0.766310
v -0.171726 -2.086856 -0.725705
v -0.146511 -1.976973 -0.641636
v -0.137501 -1.840140 -0.561650
v -0.262500 -1.840140 -0.561650
v -0.194792 -2.018044 -0.670184
v -0.338021 -2.018044 -0.670184
v -0.352344 -2.018044 -0.670184
v -0.366667 -2.018044 -0.670184
v -0.309375 -2.160195 -0.811813
v -0.309375 -2.142863 -0.785356
v -0.309375 -2.091126 -0.729608
v -0.309375 -2.018044 -0.670184
v -0.338021 -2.091126 -0.729608
v -0.252084 -2.173321 -0.855284
v -0.252084 -2.172612 -0.845694
v -0.252084 -2.170234 -0.835235
v -0.252084 -2.160195 -0.811813
v -0.252084 -2.142863 -0.785356
v -0.252084 -2.091126 -0.729608
v -0.252084 -2.018044 -0.670184
v -0.194792 -2.091126 -0.729608
v -0.151989 -1.924714 -0.872636
v -0.254361 -2.159690 -0.894573
v -0.151989 -1.986847 -0.722632
v -0.151989 -1.898153 -0.936761
v -0.151989 -1.969109 -0.765458
v -0.170829 -2.052550 -0.800021
v -0.196028 -2.118143 -0.827190
v -0.212284 -2.145186 -0.838392
v -0.229150 -2.164030 -0.846197
v -0.237630 -2.170413 -0.848841
v -0.246054 -2.157110 -0.893504
v -0.237630 -2.152674 -0.891667
v -0.229150 -2.146291 -0.889023
v -0.212284 -2.127447 -0.881217
v -0.196028 -2.100404 -0.870016
v -0.170829 -2.034811 -0.842846
v -0.151989 -1.951370 -0.808284
v -0.170829 -2.070289 -0.757195
v -0.196028 -2.135882 -0.784364
v -0.237630 -2.134935 -0.934492
v -0.229150 -2.128552 -0.931848
v -0.212284 -2.109708 -0.924043
v -0.196028 -2.082665 -0.912841
v -0.170829 -2.017072 -0.885672
v -0.151989 -1.933631 -0.851109
v -0.212284 -2.100730 -0.945717
v -0.196028 -2.073701 -0.934482
v -0.170829 -2.008132 -0.907256
v -0.151989 -1.915892 -0.893935
v -0.170829 -1.999333 -0.928498
v -0.196028 -2.064926 -0.955667
v -1.737500 -0.918015 -2.150956
v -1.737500 -0.871821 -2.170091
v -1.737230 -0.871560 -2.170198
v -1.729621 -0.863863 -2.172472
v -1.722199 -0.855685 -2.173315
v -1.708313 -0.838560 -2.171152
v -1.695911 -0.821136 -2.164877
v -1.684869 -0.803765 -2.155516
v -1.664526 -0.766310 -2.127267
v -1.646726 -0.725705 -2.086856
v -1.621511 -0.641636 -1.976973
v -1.612501 -0.561650 -1.840140
v -1.621511 -0.944225 -1.851636
v -1.646726 -0.962479 -1.988781
v -1.664526 -0.962342 -2.046068
v -1.684869 -0.955833 -2.092528
v -1.695911 -0.950168 -2.111430
v -1.708313 -0.942285 -2.128188
v -1.722199 -0.931705 -2.141826
v -1.729621 -0.925326 -2.147014
v -1.737230 -0.918275 -2.150848
v -1.627788 -0.671034 -2.013689
v -1.627788 -0.724566 -1.991515
v -1.729737 -0.894604 -2.159766
v -1.721820 -0.893633 -2.157422
v -1.713791 -0.891966 -2.153396
v -1.705703 -0.889568 -2.147608
v -1.689576 -0.882490 -2.130520
v -1.673931 -0.872316 -2.105957
v -1.647606 -0.845289 -2.040708
v -1.627788 -0.810217 -1.956037
v -1.627788 -0.895869 -1.920560
v -1.647606 -0.930940 -2.005230
v -1.673931 -0.957967 -2.070479
v -1.713791 -0.849140 -2.171135
v -1.705703 -0.846743 -2.165347
v -1.689576 -0.839665 -2.148259
v -1.673931 -0.829490 -2.123696
v -1.647606 -0.802463 -2.058447
v -1.627788 -0.767392 -1.973776
v -1.673931 -0.786665 -2.141435
v -1.647606 -0.759638 -2.076186
v -1.627788 -0.703153 -2.000385
v -1.647606 -0.738225 -2.085056
v -1.627788 -0.681740 -2.009254
v -1.737770 -0.871560 -2.170198
v -1.745379 -0.863863 -2.172472
v -1.752801 -0.855685 -2.173315
v -1.766687 -0.838560 -2.171152
v -1.779089 -0.821136 -2.164877
v -1.790131 -0.803765 -2.155516
v -1.810474 -0.766310 -2.127267
v -1.828274 -0.725705 -2.086856
v -1.853489 -0.641636 -1.976973
v -1.862500 -0.561650 -1.840140
v -1.737500 -0.561650 -1.840140
v -1.747917 -0.668909 -2.016293
v -1.690625 -0.668909 -2.016293
v -1.747917 -0.727721 -2.089071
v -1.690625 -0.727721 -2.089071
v -1.747917 -0.783109 -2.141148
v -1.747917 -0.854915 -2.173324
v -1.747917 -0.845087 -2.172517
v -1.747917 -0.834356 -2.169967
v -1.747917 -0.810297 -2.159357
v -1.690625 -0.783109 -2.141148
v -1.690625 -0.810297 -2.159357
v -1.633333 -0.668909 -2.016293
v -1.853489 -0.944225 -1.851636
v -1.828274 -0.962479 -1.988781
v -1.810474 -0.962342 -2.046068
v -1.790131 -0.955833 -2.092528
v -1.779089 -0.950168 -2.111430
v -1.766687 -0.942285 -2.128188
v -1.752801 -0.931705 -2.141826
v -1.745379 -0.925326 -2.147014
v -1.737770 -0.918275 -2.150848
v -1.661979 -0.953081 -1.900864
v -1.805208 -0.953081 -1.900864
v -1.747916 -0.953081 -1.900864
v -1.747916 -0.962739 -1.994561
v -1.747916 -0.959902 -2.070564
v -1.747916 -0.953450 -2.101527
v -1.747916 -0.943986 -2.125187
v -1.747916 -0.938273 -2.134265
v -1.747916 -0.931993 -2.141547
v -1.690625 -0.953450 -2.101527
v -1.690625 -0.959902 -2.070564
v -1.690625 -0.962739 -1.994561
v -1.690625 -0.953081 -1.900864
v -1.661979 -0.962739 -1.994561
v -1.647656 -0.953081 -1.900864
v -1.633333 -0.953081 -1.900864
v -1.805208 -0.962739 -1.994561
v -1.862500 -0.732278 -1.767875
v -1.862500 -0.560975 -1.838831
v -1.848011 -0.893935 -1.915892
v -1.829171 -0.928498 -1.999333
v -1.803972 -0.955667 -2.064926
v -1.848011 -0.765458 -1.969109
v -1.829171 -0.800021 -2.052550
v -1.803972 -0.827190 -2.118143
v -1.787716 -0.838392 -2.145186
v -1.770850 -0.846197 -2.164030
v -1.762370 -0.848841 -2.170413
v -1.745639 -0.894573 -2.159690
v -1.753946 -0.893504 -2.157110
v -1.762370 -0.891667 -2.152674
v -1.770850 -0.889023 -2.146291
v -1.787716 -0.881217 -2.127447
v -1.803972 -0.870016 -2.100404
v -1.829171 -0.842846 -2.034811
v -1.848011 -0.808284 -1.951370
v -1.829171 -0.757195 -2.070289
v -1.803972 -0.805549 -2.127107
v -1.848011 -0.743931 -1.978025
v -1.848011 -0.722632 -1.986847
v -1.848011 -0.679807 -2.004586
v -1.787716 -0.816718 -2.154163
v -1.829171 -0.778437 -2.061490
v -1.803972 -0.784364 -2.135882
v -1.762370 -0.934492 -2.134935
v -1.770850 -0.931848 -2.128552
v -1.787716 -0.924043 -2.109708
v -1.803972 -0.912841 -2.082665
v -1.829171 -0.885672 -2.017072
v -1.848011 -0.851109 -1.933631
v -0.262500 0.871821 2.170091
v -0.262500 0.918015 2.150956
v -0.262770 0.918275 2.150848
v -0.270379 0.925326 2.147014
v -0.277801 0.931705 2.141826
v -0.291687 0.942285 2.128188
v -0.304089 0.950168 2.111430
v -0.315131 0.955833 2.092528
v -0.335474 0.962342 2.046068
v -0.353274 0.962479 1.988781
v -0.378489 0.944225 1.851636
v -0.387499 0.561650 1.840140
v -0.378489 0.641636 1.976973
v -0.353274 0.725705 2.086856
v -0.335474 0.766310 2.127267
v -0.315131 0.803765 2.155516
v -0.304089 0.821136 2.164877
v -0.291687 0.838560 2.171152
v -0.277801 0.855685 2.173315
v -0.270379 0.863863 2.172472
v -0.262770 0.871560 2.170198
v -0.372212 0.681740 2.009254
v -0.372212 0.724566 1.991515
v -0.372212 0.671034 2.013689
v -0.372212 0.895869 1.920560
v -0.270263 0.894604 2.159766
v -0.278180 0.893633 2.157422
v -0.286209 0.891966 2.153396
v -0.294297 0.889568 2.147608
v -0.310424 0.882490 2.130520
v -0.326069 0.872316 2.105957
v -0.352394 0.845289 2.040708
v -0.372212 0.810217 1.956037
v -0.372212 0.767392 1.973776
v -0.352394 0.802463 2.058447
v -0.326069 0.829490 2.123696
v -0.310424 0.839665 2.148259
v -0.294297 0.846743 2.165347
v -0.286209 0.849140 2.171135
v -0.326069 0.957967 2.070479
v -0.352394 0.930940 2.005230
v -0.352394 0.738225 2.085056
v -0.372212 0.703153 2.000385
v -0.352394 0.759638 2.076186
v -0.326069 0.786665 2.141435
v -0.137500 0.561650 1.840140
v -0.146511 0.641636 1.976973
v -0.171726 0.725705 2.086856
v -0.189526 0.766310 2.127267
v -0.209869 0.803765 2.155516
v -0.220911 0.821136 2.164877
v -0.233313 0.838560 2.171152
v -0.247199 0.855685 2.173315
v -0.254621 0.863863 2.172472
v -0.262230 0.871560 2.170198
v -0.262500 0.561650 1.840140
v -0.309375 0.668909 2.016293
v -0.252083 0.854915 2.173324
v -0.252083 0.845087 2.172517
v -0.252083 0.834356 2.169967
v -0.252083 0.810297 2.159357
v -0.252083 0.783109 2.141148
v -0.252083 0.727721 2.089071
v -0.252083 0.668909 2.016293
v -0.309375 0.783109 2.141148
v -0.309375 0.727721 2.089071
v -0.309375 0.810297 2.159357
v -0.366667 0.668909 2.016293
v -0.262230 0.918275 2.150848
v -0.254621 0.925326 2.147014
v -0.247199 0.931705 2.141826
v -0.233313 0.942285 2.128188
v -0.220911 0.950168 2.111430
v -0.209869 0.955833 2.092528
v -0.189526 0.962342 2.046068
v -0.171726 0.962479 1.988781
v -0.146511 0.944225 1.851636
v -0.194792 0.953081 1.900864
v -0.338021 0.953081 1.900864
v -0.352344 0.953081 1.900864
v -0.366667 0.953081 1.900864
v -0.309375 0.953450 2.101527
v -0.309375 0.959902 2.070564
v -0.309375 0.962739 1.994561
v -0.309375 0.953081 1.900864
v -0.338021 0.962739 1.994561
v -0.252084 0.931993 2.141547
v -0.252084 0.938273 2.134265
v -0.252084 0.943986 2.125187
v -0.252084 0.953450 2.101527
v -0.252084 0.959902 2.070564
v -0.252084 0.962739 1.994561
v -0.252084 0.953081 1.900864
v -0.194792 0.962739 1.994561
v -0.151989 0.743931 1.978025
v -0.254361 0.894573 2.159690
v -0.151989 0.893935 1.915892
v -0.151989 0.679807 2.004586
v -0.151989 0.851109 1.933631
v -0.170829 0.885672 2.017072
v -0.196028 0.912841 2.082665
v -0.212284 0.924043 2.109708
v -0.229150 0.931848 2.128552
v -0.237630 0.934492 2.134935
v -0.246054 0.893504 2.157110
v -0.237630 0.891667 2.152674
v -0.229150 0.889023 2.146291
v -0.212284 0.881217 2.127447
v -0.196028 0.870016 2.100404
v -0.170829 0.842846 2.034811
v -0.151989 0.808284 1.951370
v -0.170829 0.928498 1.999333
v -0.196028 0.955667 2.064926
v -0.237630 0.848841 2.170413
v -0.229150 0.846197 2.164030
v -0.212284 0.838392 2.145186
v -0.196028 0.827190 2.118143
v -0.170829 0.800021 2.052550
v -0.151989 0.765458 1.969109
v -0.212284 0.816718 2.154163
v -0.196028 0.805549 2.127107
v -0.170829 0.778437 2.061490
v -0.151989 0.722632 1.986847
v -0.170829 0.757195 2.070289
v -0.196028 0.784364 2.135882
v -0.262500 -2.170091 0.871821
v -0.262500 -2.150956 0.918015
v -0.262770 -2.150848 0.918275
v -0.270379 -2.147014 0.925326
v -0.277801 -2.141826 0.931705
v -0.291687 -2.128188 0.942285
v -0.304089 -2.111430 0.950168
v -0.315131 -2.092528 0.955833
v -0.335474 -2.046068 0.962342
v -0.353274 -1.988781 0.962479
v -0.378489 -1.851636 0.944225
v -0.387500 -1.698322 0.904029
v -0.387500 -1.696919 0.903580
v -0.387500 -1.767875 0.732278
v -0.378489 -1.976973 0.641636
v -0.353274 -2.086856 0.725705
v -0.335474 -2.127267 0.766310
v -0.315131 -2.155516 0.803765
v -0.304089 -2.164877 0.821136
v -0.291687 -2.171152 0.838560
v -0.277801 -2.173315 0.855685
v -0.270379 -2.172472 0.863863
v -0.262770 -2.170198 0.871560
v -0.372212 -2.009254 0.681740
v -0.372212 -1.991515 0.724566
v -0.372212 -2.013689 0.671034
v -0.372212 -1.920560 0.895869
v -0.270263 -2.159766 0.894604
v -0.278180 -2.157422 0.893633
v -0.286209 -2.153396 0.891966
v -0.294297 -2.147608 0.889568
v -0.310424 -2.130520 0.882490
v -0.326069 -2.105957 0.872316
v -0.352394 -2.040708 0.845289
v -0.372212 -1.956037 0.810217
v -0.372212 -1.973776 0.767392
v -0.352394 -2.058447 0.802463
v -0.326069 -2.123696 0.829490
v -0.310424 -2.148259 0.839665
v -0.294297 -2.165347 0.846743
v -0.286209 -2.171135 0.849140
v -0.326069 -2.070479 0.957967
v -0.352394 -2.005230 0.930940
v -0.352394 -2.085056 0.738225
v -0.372212 -2.000385 0.703153
v -0.352394 -2.076186 0.759638
v -0.326069 -2.141435 0.786665
v -0.146511 -1.976973 0.641636
v -0.171726 -2.086856 0.725705
v -0.189526 -2.127267 0.766310
v -0.209869 -2.155516 0.803765
v -0.220911 -2.164877 0.821136
v -0.233313 -2.171152 0.838560
v -0.247199 -2.173315 0.855685
v -0.254621 -2.172472 0.863863
v -0.262230 -2.170198 0.871560
v -0.309375 -2.016293 0.668909
v -0.252083 -2.173324 0.854915
v -0.252083 -2.172517 0.845087
v -0.252083 -2.169967 0.834356
v -0.252083 -2.159357 0.810297
v -0.252083 -2.141148 0.783109
v -0.252083 -2.089071 0.727721
v -0.252083 -2.016293 0.668909
v -0.309375 -2.141148 0.783109
v -0.309375 -2.089071 0.727721
v -0.309375 -2.159357 0.810297
v -0.366667 -2.016293 0.668909
v -0.262230 -2.150848 0.918275
v -0.254621 -2.147014 0.925326
v -0.247199 -2.141826 0.931705
v -0.233313 -2.128188 0.942285
v -0.220911 -2.111430 0.950168
v -0.209869 -2.092528 0.955833
v -0.189526 -2.046068 0.962342
v -0.171726 -1.988781 0.962479
v -0.146511 -1.851636 0.944225
v -0.137501 -1.698322 0.904029
v -0.262500 -1.698322 0.904029
v -0.194792 -1.900864 0.953081
v -0.338021 -1.900864 0.953081
v -0.352344 -1.900864 0.953081
v -0.366667 -1.900864 0.953081
v -0.309375 -2.101527 0.953450
v -0.309375 -2.070564 0.959902
v -0.309375 -1.994561 0.962739
v -0.309375 -1.900864 0.953081
v -0.338021 -1.994561 0.962739
v -0.252084 -2.141547 0.931993
v -0.252084 -2.134265 0.938273
v -0.252084 -2.125187 0.943986
v -0.252084 -2.101527 0.953450
v -0.252084 -2.070564 0.959902
v -0.252084 -1.994561 0.962739
v -0.252084 -1.900864 0.953081
v -0.194792 -1.994561 0.962739
v -0.151989 -1.978025 0.743931
v -0.254361 -2.159690 0.894573
v -0.151989 -1.915892 0.893935
v -0.151989 -2.004586 0.679807
v -0.151989 -1.933631 0.851109
v -0.170829 -2.017072 0.885672
v -0.196028 -2.082665 0.912841
v -0.212284 -2.109708 0.924043
v -0.229150 -2.128552 0.931848
v -0.237630 -2.134935 0.934492
v -0.246054 -2.157110 0.893504
v -0.237630 -2.152674 0.891667
v -0.229150 -2.146291 0.889023
v -0.212284 -2.127447 0.881217
v -0.196028 -2.100404 0.870016
v -0.170829 -2.034811 0.842846
v -0.151989 -1.951370 0.808284
v -0.170829 -1.999333 0.928498
v -0.196028 -2.064926 0.955667
v -0.237630 -2.170413 0.848841
v -0.229150 -2.164030 0.846197
v -0.212284 -2.145186 0.838392
v -0.196028 -2.118143 0.827190
v -0.170829 -2.052550 0.800021
v -0.151989 -1.969109 0.765458
v -0.212284 -2.154163 0.816718
v -0.196028 -2.127107 0.805549
v -0.170829 -2.061490 0.778437
v -0.151989 -1.986847 0.722632
v -0.170829 -2.070289 0.757195
v -0.196028 -2.135882 0.784364
v -1.737500 0.918015 2.150956
v -1.737500 0.871821 2.170091
v -1.737230 0.871560 2.170198
v -1.729621 0.863863 2.172472
v -1.722199 0.855685 2.173315
v -1.708313 0.838560 2.171152
v -1.695911 0.821136 2.164877
v -1.684869 0.803765 2.155516
v -1.664526 0.766310 2.127267
v -1.646726 0.725705 2.086856
v -1.621511 0.641636 1.976973
v -1.612501 0.561650 1.840140
v -1.621511 0.944225 1.851636
v -1.646726 0.962479 1.988781
v -1.664526 0.962342 2.046068
v -1.684869 0.955833 2.092528
v -1.695911 0.950168 2.111430
v -1.708313 0.942285 2.128188
v -1.722199 0.931705 2.141826
v -1.729621 0.925326 2.147014
v -1.737230 0.918275 2.150848
v -1.627788 0.671034 2.013689
v -1.627788 0.724566 1.991515
v -1.729737 0.894604 2.159766
v -1.721820 0.893633 2.157422
v -1.713791 0.891966 2.153396
v -1.705703 0.889568 2.147608
v -1.689576 0.882490 2.130520
v -1.673931 0.872316 2.105957
v -1.647606 0.845289 2.040708
v -1.627788 0.810217 1.956037
v -1.627788 0.895869 1.920560
v -1.647606 0.930940 2.005230
v -1.673931 0.957967 2.070479
v -1.713791 0.849140 2.171135
v -1.705703 0.846743 2.165347
v -1.689576 0.839665 2.148259
v -1.673931 0.829490 2.123696
v -1.647606 0.802463 2.058447
v -1.627788 0.767392 1.973776
v -1.673931 0.786665 2.141435
v -1.647606 0.759638 2.076186
v -1.627788 0.703153 2.000385
v -1.647606 0.738225 2.085056
v -1.627788 0.681740 2.009254
v -1.737770 0.871560 2.170198
v -1.745379 0.863863 2.172472
v -1.752801 0.855685 2.173315
v -1.766687 0.838560 2.171152
v -1.779089 0.821136 2.164877
v -1.790131 0.803765 2.155516
v -1.810474 0.766310 2.127267
v -1.828274 0.725705 2.086856
v -1.853489 0.641636 1.976973
v -1.862500 0.561650 1.840140
v -1.737500 0.561650 1.840140
v -1.747917 0.668909 2.016293
v -1.690625 0.668909 2.016293
v -1.747917 0.727721 2.089071
v -1.690625 0.727721 2.089071
v -1.747917 0.783109 2.141148
v -1.747917 0.854915 2.173324
v -1.747917 0.845087 2.172517
v -1.747917 0.834356 2.169967
v -1.747917 0.810297 2.159357
v -1.690625 0.783109 2.141148
v -1.690625 0.810297 2.159357
v -1.633333 0.668909 2.016293
v -1.853489 0.944225 1.851636
v -1.828274 0.962479 1.988781
v -1.810474 0.962342 2.046068
v -1.790131 0.955833 2.092528
v -1.779089 0.950168 2.111430
v -1.766687 0.942285 2.128188
v -1.752801 0.931705 2.141826
v -1.745379 0.925326 2.147014
v -1.737770 0.918275 2.150848
v -1.661979 0.953081 1.900864
v -1.805208 0.953081 1.900864
v -1.747916 0.953081 1.900864
v -1.747916 0.962739 1.994561
v -1.747916 0.959902 2.070564
v -1.747916 0.953450 2.101527
v -1.747916 0.943986 2.125187
v -1.747916 0.938273 2.134265
v -1.747916 0.931993 2.141547
v -1.690625 0.953450 2.101527
v -1.690625 0.959902 2.070564
v -1.690625 0.962739 1.994561
v -1.690625 0.953081 1.900864
v -1.661979 0.962739 1.994561
v -1.647656 0.953081 1.900864
v -1.633333 0.953081 1.900864
v -1.805208 0.962739 1.994561
v -1.862500 0.732278 1.767875
v -1.862500 0.560975 1.838831
v -1.848011 0.893935 1.915892
v -1.829171 0.928498 1.999333
v -1.803972 0.955667 2.064926
v -1.848011 0.765458 1.969109
v -1.829171 0.800021 2.052550
v -1.803972 0.827190 2.118143
v -1.787716 0.838392 2.145186
v -1.770850 0.846197 2.164030
v -1.762370 0.848841 2.170413
v -1.745639 0.894573 2.159690
v -1.753946 0.893504 2.157110
v -1.762370 0.891667 2.152674
v -1.770850 0.889023 2.146291
v -1.787716 0.881217 2.127447
v -1.803972 0.870016 2.100404
v -1.829171 0.842846 2.034811
v -1.848011 0.808284 1.951370
v -1.829171 0.757195 2.070289
v -1.803972 0.805549 2.127107
v -1.848011 0.743931 1.978025
v -1.848011 0.722632 1.986847
v -1.848011 0.679807 2.004586
v -1.787716 0.816718 2.154163
v -1.829171 0.778437 2.061490
v -1.803972 0.784364 2.135882
v -1.762370 0.934492 2.134935
v -1.770850 0.931848 2.128552
v -1.787716 0.924043 2.109708
v -1.803972 0.912841 2.082665
v -1.829171 0.885672 2.017072
v -1.848011 0.851109 1.933631
v -1.100000 -0.132288 0.150000
v -1.100000 -0.165804 0.111844
v -1.100000 -0.188629 0.066477
v -1.100000 -0.199291 0.016823
v -1.100000 -0.197103 -0.033916
v -1.100000 -0.182206 -0.082468
v -1.100000 -0.155560 -0.125702
v -1.100000 -0.118884 -0.160831
v -1.100000 -0.074541 -0.185590
v -1.100000 -0.025393 -0.198381
v -1.100000 0.025393 -0.198381
v -1.100000 0.074541 -0.185590
v -1.100000 0.118884 -0.160831
v -1.100000 0.155560 -0.125702
v -1.100000 0.182206 -0.082468
v -1.100000 0.197103 -0.033916
v -1.100000 0.199291 0.016823
v -1.100000 0.188629 0.066477
v -1.100000 0.165804 0.111844
v -1.100000 0.132288 0.150000
v 0.000000 1.228822 0.229122
v 0.000000 1.249693 -0.027682
v 0.000000 1.217471 -0.283309
v 0.000000 1.133524 -0.526899
v 0.000000 1.001419 -0.748104
v 0.000000 0.826768 -0.937526
v 0.000000 0.616991 -1.087116
v 0.000000 0.381002 -1.190520
v 0.000000 0.128825 -1.243344
v 0.000000 -0.128825 -1.243344
v 0.000000 -0.381002 -1.190520
v 0.000000 -0.616991 -1.087116
v 0.000000 -0.826768 -0.937526
v 0.000000 -1.001419 -0.748104
v 0.000000 -1.133524 -0.526899
v 0.000000 -1.217471 -0.283309
v 0.000000 -1.249693 -0.027682
v 0.000000 -1.228822 0.229122
v -1.265000 0.000000 1.455000
v -1.265000 -0.275361 1.428706
v -1.265000 -0.540769 1.350775
v -1.265000 -0.786632 1.224024
v -1.265000 -1.004065 1.053033
v -1.265000 -1.185208 0.843983
v -1.265000 -1.323515 0.604429
v -1.265000 -1.413986 0.343029
v -1.265000 -1.453352 0.069232
v -1.265000 -1.440190 -0.207068
v -1.265000 -1.374976 -0.475884
v -1.265000 -1.260067 -0.727500
v -1.265000 -1.099616 -0.952822
v -1.265000 -0.899421 -1.143707
v -1.265000 -0.666720 -1.293256
v -1.265000 -0.409921 -1.396062
v -1.265000 -0.138307 -1.448412
v -1.265000 0.138307 -1.448412
v -1.265000 0.409921 -1.396062
v -1.265000 0.666720 -1.293256
v -1.265000 0.899421 -1.143707
v -1.265000 1.099616 -0.952822
v -1.265000 1.260067 -0.727500
v -1.265000 1.374976 -0.475884
v -1.265000 1.440190 -0.207068
v -1.265000 1.453352 0.069232
v -1.265000 1.413986 0.343029
v -1.265000 1.323515 0.604429
v -1.265000 1.185208 0.843983
v -1.265000 1.004065 1.053033
v -1.265000 0.786632 1.224024
v -1.265000 0.540769 1.350775
v -1.265000 0.275361 1.428706
v -0.735000 0.000000 1.455000
v -0.735000 0.275361 1.428706
v -0.735000 0.540769 1.350775
v -0.735000 0.786632 1.224024
v -0.735000 1.004065 1.053033
v -0.735000 1.185208 0.843983
v -0.735000 1.323515 0.604429
v -0.735000 1.413986 0.343029
v -0.735000 1.453352 0.069232
v -0.735000 1.440190 -0.207068
v -0.735000 1.374976 -0.475884
v -0.735000 1.260067 -0.727500
v -0.735000 1.099616 -0.952822
v -0.735000 0.899421 -1.143707
v -0.735000 0.666720 -1.293256
v -0.735000 0.409921 -1.396062
v -0.735000 0.138307 -1.448412
v -0.735000 -0.138307 -1.448412
v -0.735000 -0.409921 -1.396062
v -0.735000 -0.666720 -1.293256
v -0.735000 -0.899421 -1.143707
v -0.735000 -1.099616 -0.952822
v -0.735000 -1.260067 -0.727500
v -0.735000 -1.374976 -0.475884
v -0.735000 -1.440190 -0.207068
v -0.735000 -1.453352 0.069232
v -0.735000 -1.413986 0.343029
v -0.735000 -1.323515 0.604429
v -0.735000 -1.185208 0.843983
v -0.735000 -1.004065 1.053033
v -0.735000 -0.786632 1.224024
v -0.735000 -0.540769 1.350775
v -0.735000 -0.275361 1.428706
v -0.400000 0.165804 0.111844
v -0.400000 0.188629 0.066477
v -0.400000 0.199291 0.016823
v -0.400000 0.197103 -0.033916
v -0.400000 0.182206 -0.082468
v -0.400000 0.155560 -0.125702
v -0.400000 0.118884 -0.160831
v -0.400000 0.074541 -0.185590
v -0.400000 0.025393 -0.198381
v -0.400000 -0.025393 -0.198381
v -0.400000 -0.074541 -0.185590
v -0.400000 -0.118884 -0.160831
v -0.400000 -0.155560 -0.125702
v -0.400000 -0.182206 -0.082468
v -0.400000 -0.197103 -0.033916
v -0.400000 -0.199291 0.016823
v -0.400000 -0.188629 0.066477
v -0.400000 -0.165804 0.111844
vt -0.000000 0.117997 0.000000
vt -0.300000 0.117997 0.000000
vt -0.000000 0.070798 0.000000
vt -0.300000 0.070798 0.000000
vt -0.000000 0.023599 0.000000
vt -0.300000 0.023599 0.000000
vt -0.000000 -0.023599 0.000000
vt -0.300000 -0.023599 0.000000
vt -0.000000 -0.070798 0.000000
vt -0.300000 -0.070798 0.000000
vt -0.000000 -0.117997 0.000000
vt -0.300000 -0.117997 0.000000
vt 2.067410 0.000000 0.000000
vt 2.067410 0.300000 0.000000
vt 1.559086 0.000000 0.000000
vt 1.154820 0.067333 0.000000
vt 1.209086 0.044856 0.000000
vt 1.096586 0.075000 0.000000
vt 0.125761 0.300000 0.000000
vt 1.038351 0.067333 0.000000
vt 0.634086 0.000000 0.000000
vt 0.984086 0.044856 0.000000
vt 0.937487 0.009099 0.000000
vt 0.901730 -0.037500 0.000000
vt 0.879252 -0.091766 0.000000
vt 0.871586 -0.150000 0.000000
vt 0.879252 -0.208234 0.000000
vt 0.634086 -0.500000 0.000000
vt 0.901730 -0.262500 0.000000
vt 0.937487 -0.309099 0.000000
vt 0.984086 -0.344856 0.000000
vt 1.038351 -0.367333 0.000000
vt 1.096586 -0.375000 0.000000
vt 1.559086 -0.500000 0.000000
vt 1.154820 -0.367333 0.000000
vt 1.209086 -0.344856 0.000000
vt 1.255685 -0.309099 0.000000
vt 1.291441 -0.262500 0.000000
vt 1.313919 -0.208234 0.000000
vt 1.321586 -0.150000 0.000000
vt 1.313919 -0.091766 0.000000
vt 1.291441 -0.037500 0.000000
vt 1.255685 0.009099 0.000000
vt 0.125761 0.000000 0.000000
vt 0.165804 0.436844 0.000000
vt 0.970824 0.925000 0.000000
vt 0.132288 0.475000 0.000000
vt -0.970824 0.925000 0.000000
vt -0.132288 0.475000 0.000000
vt -0.165804 0.436844 0.000000
vt -1.155743 0.801190 0.000000
vt -1.228822 0.554122 0.000000
vt 0.188629 0.391477 0.000000
vt 1.228822 0.554122 0.000000
vt 1.155743 0.801190 0.000000
vt 1.132804 0.842314 0.000000
vt 1.100885 0.876935 0.000000
vt 0.199291 0.341823 0.000000
vt 1.249693 0.297318 0.000000
vt 0.197103 0.291084 0.000000
vt 1.217471 0.041691 0.000000
vt 0.182206 0.242532 0.000000
vt 0.155560 0.199298 0.000000
vt 1.133524 -0.201899 0.000000
vt 0.118884 0.164169 0.000000
vt 1.001419 -0.423104 0.000000
vt 0.074541 0.139410 0.000000
vt 0.826768 -0.612526 0.000000
vt 0.025393 0.126619 0.000000
vt 0.616991 -0.762116 0.000000
vt 0.381002 -0.865520 0.000000
vt 0.128825 -0.918344 0.000000
vt -0.025393 0.126619 0.000000
vt -0.128825 -0.918344 0.000000
vt -0.381002 -0.865520 0.000000
vt -0.616991 -0.762116 0.000000
vt -0.826768 -0.612526 0.000000
vt -0.074541 0.139410 0.000000
vt -1.001419 -0.423104 0.000000
vt -0.118884 0.164169 0.000000
vt -1.133524 -0.201899 0.000000
vt -0.155560 0.199298 0.000000
vt -1.217471 0.041691 0.000000
vt -0.182206 0.242532 0.000000
vt -0.197103 0.291084 0.000000
vt -1.249693 0.297318 0.000000
vt -0.199291 0.341823 0.000000
vt -0.188629 0.391477 0.000000
vt -1.017586 0.919456 0.000000
vt -1.061756 0.903133 0.000000
vt -1.100885 0.876935 0.000000
vt -1.132804 0.842314 0.000000
vt 1.061756 0.903133 0.000000
vt 1.017586 0.919456 0.000000
vt -0.000000 0.117997 0.000000
vt -0.300000 0.117997 0.000000
vt -0.000000 0.070798 0.000000
vt -0.300000 0.070798 0.000000
vt -0.000000 0.023599 0.000000
vt -0.300000 0.023599 0.000000
vt -0.000000 -0.023599 0.000000
vt -0.300000 -0.023599 0.000000
vt -0.000000 -0.070798 0.000000
vt -0.300000 -0.070798 0.000000
vt -0.000000 -0.117997 0.000000
vt -0.300000 -0.117997 0.000000
vt -0.518700 -0.011302 0.000000
vt 0.000000 -0.011302 0.000000
vt -0.500672 0.011302 0.000000
vt 0.000000 0.011302 0.000000
vt 0.000000 -0.011302 0.000000
vt 0.000000 0.011302 0.000000
vt -0.500672 -0.011302 0.000000
vt -0.518700 0.011302 0.000000
vt 0.013223 -3.204921 0.000000
vt 0.013223 -2.969564 0.000000
vt 0.012273 -3.204733 0.000000
vt -0.013223 -2.976287 0.000000
vt -0.013223 -3.218367 0.000000
vt -0.013223 -2.734207 0.000000
vt 0.013223 -2.734207 0.000000
vt 0.013223 -2.498850 0.000000
vt -0.013223 -2.492127 0.000000
vt 0.013223 -2.263493 0.000000
vt 0.012273 -2.263680 0.000000
vt -0.013223 -2.250047 0.000000
vt -0.437500 -0.446851 0.000000
vt -0.087500 -0.446851 0.000000
vt -0.000000 -0.439941 0.000000
vt -0.087500 -0.607099 0.000000
vt -0.000000 -0.743640 0.000000
vt -0.087500 -0.767348 0.000000
vt -0.087500 -0.927596 0.000000
vt -0.000000 -1.047339 0.000000
vt -0.437500 -0.927596 0.000000
vt -0.735000 -1.221730 0.000000
vt -0.735000 -0.916298 0.000000
vt -0.437500 -0.767348 0.000000
vt -0.735000 -0.610865 0.000000
vt -0.437500 -0.607099 0.000000
vt -0.087500 2.141794 0.000000
vt -0.000000 2.293346 0.000000
vt -0.087500 2.302043 0.000000
vt -0.000000 2.597044 0.000000
vt -0.735000 2.443461 0.000000
vt -0.735000 2.748894 0.000000
vt -0.000000 2.900743 0.000000
vt -0.735000 3.054326 0.000000
vt -0.087500 3.195744 0.000000
vt -0.437500 3.195744 0.000000
vt -0.000000 1.989647 0.000000
vt -0.087500 1.981546 0.000000
vt -0.087500 1.821297 0.000000
vt -0.000000 1.685949 0.000000
vt -0.437500 1.821297 0.000000
vt -0.735000 1.527163 0.000000
vt -0.735000 1.832596 0.000000
vt -0.437500 1.981546 0.000000
vt -0.735000 2.138028 0.000000
vt -0.437500 2.141794 0.000000
vt -0.437500 2.302043 0.000000
vt -0.087500 4.890688 0.000000
vt 0.000000 5.026633 0.000000
vt -0.087500 5.050937 0.000000
vt 0.000000 5.330331 0.000000
vt -0.735000 5.192355 0.000000
vt -0.735000 5.497787 0.000000
vt -0.735000 -5.497787 0.000000
vt 0.000000 -5.665243 0.000000
vt -0.000000 -5.361544 0.000000
vt -0.735000 -5.192355 0.000000
vt -0.000000 -5.057846 0.000000
vt -0.437500 -5.050937 0.000000
vt -0.087500 -5.050937 0.000000
vt -0.087500 -4.890688 0.000000
vt -0.000000 -4.754147 0.000000
vt -0.087500 -4.730439 0.000000
vt -0.087500 -4.570191 0.000000
vt -0.000000 -4.450449 0.000000
vt -0.437500 -4.570191 0.000000
vt -0.735000 -4.581489 0.000000
vt -0.437500 -4.730439 0.000000
vt -0.735000 -4.886922 0.000000
vt -0.437500 -4.890688 0.000000
vt 0.000000 4.722934 0.000000
vt -0.087500 4.730439 0.000000
vt -0.087500 4.570191 0.000000
vt -0.000000 4.419236 0.000000
vt -0.437500 4.570191 0.000000
vt -0.735000 4.276057 0.000000
vt -0.735000 4.581489 0.000000
vt -0.437500 4.730439 0.000000
vt -0.735000 4.886922 0.000000
vt -0.437500 4.890688 0.000000
vt -0.437500 5.050937 0.000000
vt -0.437500 -2.262108 0.000000
vt -0.518700 -2.262133 0.000000
vt -0.087500 -2.262108 0.000000
vt -0.000000 -2.262133 0.000000
vt -0.087500 -2.115171 0.000000
vt -0.000000 -1.958434 0.000000
vt -0.087500 -1.968234 0.000000
vt -0.087500 -1.821297 0.000000
vt -0.000000 -1.654736 0.000000
vt -0.437500 -1.821297 0.000000
vt -0.735000 -1.832596 0.000000
vt -0.437500 -1.968234 0.000000
vt -0.735000 -2.138028 0.000000
vt -0.437500 -2.115171 0.000000
vt -0.087500 -3.235679 0.000000
vt -0.518700 -3.235654 0.000000
vt -0.437500 -3.235679 0.000000
vt -0.735000 -3.359759 0.000000
vt -0.437500 -3.382616 0.000000
vt -0.437500 -3.529553 0.000000
vt -0.735000 -3.665191 0.000000
vt -0.437500 -3.676490 0.000000
vt -0.735000 -3.970624 0.000000
vt -0.000000 -3.843051 0.000000
vt -0.000000 -4.146750 0.000000
vt -0.735000 -4.276057 0.000000
vt -0.000000 -3.235654 0.000000
vt -0.087500 -3.382616 0.000000
vt -0.000000 -3.539353 0.000000
vt -0.087500 -3.529553 0.000000
vt -0.087500 -3.676490 0.000000
vt -0.735000 -3.054326 0.000000
vt -0.518700 -2.992274 0.000000
vt -0.735000 -2.748894 0.000000
vt -0.518700 -2.748894 0.000000
vt -0.518700 -2.505513 0.000000
vt -0.735000 -2.443461 0.000000
vt -0.735000 -1.527163 0.000000
vt -0.000000 -1.351037 0.000000
vt -0.735000 -0.305433 0.000000
vt -0.000000 -0.136243 0.000000
vt -0.735000 0.000000 0.000000
vt -0.000000 0.167456 0.000000
vt -0.735000 0.305433 0.000000
vt -0.087500 0.446851 0.000000
vt -0.437500 0.446851 0.000000
vt -0.000000 0.471154 0.000000
vt -0.087500 0.607099 0.000000
vt -0.000000 0.774853 0.000000
vt -0.087500 0.767348 0.000000
vt -0.087500 0.927596 0.000000
vt -0.000000 1.078551 0.000000
vt -0.437500 0.927596 0.000000
vt -0.735000 0.916298 0.000000
vt -0.437500 0.767348 0.000000
vt -0.735000 0.610865 0.000000
vt -0.437500 0.607099 0.000000
vt -0.735000 1.221730 0.000000
vt -0.000000 1.382250 0.000000
vt 0.000000 3.204441 0.000000
vt -0.087500 3.355993 0.000000
vt 0.000000 3.508140 0.000000
vt -0.087500 3.516241 0.000000
vt -0.087500 3.676490 0.000000
vt 0.000000 3.811839 0.000000
vt -0.437500 3.676490 0.000000
vt -0.735000 3.665191 0.000000
vt -0.437500 3.516241 0.000000
vt -0.735000 3.359759 0.000000
vt -0.437500 3.355993 0.000000
vt -0.735000 3.970624 0.000000
vt 0.000000 4.115537 0.000000
vt -0.018700 0.500672 0.000000
vt -0.019397 0.500000 0.000000
vt -0.018700 0.000000 0.000000
vt -1.087778 0.000000 0.000000
vt -1.087778 0.500000 0.000000
vt -0.035355 0.575959 0.000000
vt 0.035355 0.575959 0.000000
vt -0.035355 0.628319 0.000000
vt 0.035355 0.628319 0.000000
vt -0.035355 -0.628319 0.000000
vt 0.035355 -0.628319 0.000000
vt -0.035355 -0.575959 0.000000
vt 0.035355 -0.575959 0.000000
vt -0.035355 -0.523599 0.000000
vt 0.035355 -0.523599 0.000000
vt -0.035355 -0.471239 0.000000
vt 0.035355 -0.471239 0.000000
vt -0.035355 -0.418879 0.000000
vt 0.035355 -0.418879 0.000000
vt -0.035355 -0.366519 0.000000
vt 0.035355 -0.366519 0.000000
vt -0.035355 -0.314159 0.000000
vt 0.035355 -0.314159 0.000000
vt -0.035355 -0.261799 0.000000
vt 0.035355 -0.261799 0.000000
vt -0.035355 -0.209440 0.000000
vt 0.035355 -0.209440 0.000000
vt -0.035355 -0.157080 0.000000
vt 0.035355 -0.157080 0.000000
vt -0.035355 -0.104720 0.000000
vt 0.035355 -0.104720 0.000000
vt -0.035355 -0.052360 0.000000
vt 0.035355 -0.052360 0.000000
vt -0.035355 -0.000000 0.000000
vt 0.035355 0.000000 0.000000
vt -0.035355 0.052360 0.000000
vt 0.035355 0.052360 0.000000
vt -0.035355 0.104720 0.000000
vt 0.035355 0.104720 0.000000
vt -0.035355 0.157080 0.000000
vt 0.035355 0.157080 0.000000
vt -0.035355 0.209440 0.000000
vt 0.035355 0.209440 0.000000
vt -0.035355 0.261799 0.000000
vt 0.035355 0.261799 0.000000
vt -0.035355 0.314159 0.000000
vt 0.035355 0.314159 0.000000
vt -0.035355 0.366519 0.000000
vt 0.035355 0.366519 0.000000
vt -0.035355 0.418879 0.000000
vt 0.035355 0.418879 0.000000
vt -0.035355 0.471239 0.000000
vt 0.035355 0.471239 0.000000
vt -0.035355 0.523599 0.000000
vt 0.035355 0.523599 0.000000
vt 1.600000 0.442645 0.000000
vt 1.200000 0.412334 0.000000
vt 1.600000 0.399791 0.000000
vt 1.200000 0.366519 0.000000
vt 1.617753 0.369559 0.000000
vt 1.634721 0.338873 0.000000
vt 1.200000 0.320704 0.000000
vt 1.647860 0.307601 0.000000
vt 1.651761 0.291495 0.000000
vt 1.200000 0.274889 0.000000
vt 1.653175 0.274889 0.000000
vt 1.651761 0.258284 0.000000
vt 1.200000 0.229074 0.000000
vt 1.647860 0.242178 0.000000
vt 1.634721 0.210905 0.000000
vt 1.200000 0.183260 0.000000
vt 1.617753 0.180219 0.000000
vt 1.600000 0.149988 0.000000
vt 1.200000 0.137445 0.000000
vt 1.600000 0.107134 0.000000
vt 1.200000 0.091630 0.000000
vt 1.600000 0.064280 0.000000
vt 1.200000 0.045815 0.000000
vt 1.600000 0.021427 0.000000
vt 1.200000 0.000000 0.000000
vt 1.600000 -0.021427 0.000000
vt 1.200000 -0.045815 0.000000
vt 1.600000 -0.064280 0.000000
vt 1.200000 -0.091630 0.000000
vt 1.600000 -0.107134 0.000000
vt 1.200000 -0.137445 0.000000
vt 1.600000 -0.149988 0.000000
vt 1.200000 -0.183260 0.000000
vt 1.617753 -0.180219 0.000000
vt 1.634721 -0.210905 0.000000
vt 1.200000 -0.229074 0.000000
vt 1.647860 -0.242178 0.000000
vt 1.651761 -0.258284 0.000000
vt 1.200000 -0.274889 0.000000
vt 1.653175 -0.274889 0.000000
vt 1.651761 -0.291495 0.000000
vt 1.200000 -0.320704 0.000000
vt 1.647860 -0.307601 0.000000
vt 1.634721 -0.338873 0.000000
vt 1.200000 -0.366519 0.000000
vt 1.617753 -0.369559 0.000000
vt 1.600000 -0.399791 0.000000
vt 1.200000 -0.412334 0.000000
vt 1.600000 -0.442645 0.000000
vt 1.200000 -0.458149 0.000000
vt 1.600000 -0.485498 0.000000
vt 1.200000 -0.503964 0.000000
vt 1.600000 -0.528352 0.000000
vt 1.200000 -0.549779 0.000000
vt 1.600000 -0.571206 0.000000
vt 1.600000 0.528352 0.000000
vt 1.200000 0.549779 0.000000
vt 1.200000 0.503964 0.000000
vt 1.600000 0.485498 0.000000
vt 1.200000 0.458149 0.000000
vt -0.157080 3.707256 0.000000
vt -0.157080 3.545666 0.000000
vt -0.156764 3.706942 0.000000
vt -0.141583 3.692104 0.000000
vt -0.143990 3.464872 0.000000
vt -0.130900 3.464872 0.000000
vt -0.125695 3.251604 0.000000
vt -0.117253 3.257878 0.000000
vt -0.157080 3.384077 0.000000
vt -0.141583 3.237640 0.000000
vt -0.157080 3.222487 0.000000
vt -0.156764 3.222802 0.000000
vt -0.117810 3.464872 0.000000
vt -0.108331 3.263380 0.000000
vt -0.098865 3.267761 0.000000
vt -0.104720 3.464872 0.000000
vt -0.088884 3.270599 0.000000
vt -0.091630 3.464872 0.000000
vt -0.078540 3.400771 0.000000
vt -0.078540 3.528973 0.000000
vt -0.078540 3.272569 0.000000
vt -0.078540 3.657174 0.000000
vt -0.088884 3.659144 0.000000
vt -0.098865 3.661982 0.000000
vt -0.108331 3.666363 0.000000
vt -0.117253 3.671865 0.000000
vt -0.125695 3.678139 0.000000
vt -0.087500 0.033757 0.000000
vt -0.437500 0.033757 0.000000
vt -0.087816 0.033446 0.000000
vt -0.437184 0.033446 0.000000
vt -0.262500 0.022505 0.000000
vt -0.422250 0.018474 0.000000
vt -0.262500 0.011252 0.000000
vt -0.408136 0.002783 0.000000
vt -0.262500 -0.000000 0.000000
vt -0.401753 -0.005570 0.000000
vt -0.262500 -0.011252 0.000000
vt -0.396115 -0.014415 0.000000
vt -0.262500 -0.022505 0.000000
vt -0.391575 -0.023817 0.000000
vt -0.136434 -0.033757 0.000000
vt -0.388566 -0.033757 0.000000
vt -0.133425 -0.023817 0.000000
vt -0.128885 -0.014415 0.000000
vt -0.123247 -0.005570 0.000000
vt -0.116864 0.002783 0.000000
vt -0.102750 0.018474 0.000000
vt 0.136434 -0.033757 0.000000
vt 0.388566 -0.033757 0.000000
vt 0.133425 -0.023817 0.000000
vt 0.262500 -0.022505 0.000000
vt 0.128885 -0.014415 0.000000
vt 0.262500 -0.011252 0.000000
vt 0.123247 -0.005570 0.000000
vt 0.262500 -0.000000 0.000000
vt 0.116864 0.002783 0.000000
vt 0.262500 0.011252 0.000000
vt 0.102750 0.018474 0.000000
vt 0.262500 0.022505 0.000000
vt 0.087816 0.033446 0.000000
vt 0.437184 0.033446 0.000000
vt 0.087500 0.033757 0.000000
vt 0.437500 0.033757 0.000000
vt 0.391575 -0.023817 0.000000
vt 0.396115 -0.014415 0.000000
vt 0.401753 -0.005570 0.000000
vt 0.408136 0.002783 0.000000
vt 0.422250 0.018474 0.000000
vt -0.157080 2.321307 0.000000
vt -0.157080 2.159718 0.000000
vt -0.156764 2.320993 0.000000
vt -0.141583 2.306155 0.000000
vt -0.143990 2.078923 0.000000
vt -0.130900 2.078923 0.000000
vt -0.125695 1.865656 0.000000
vt -0.117253 1.871929 0.000000
vt -0.157080 1.998128 0.000000
vt -0.141583 1.851691 0.000000
vt -0.157080 1.836539 0.000000
vt -0.156764 1.836853 0.000000
vt -0.117810 2.078923 0.000000
vt -0.108331 1.877432 0.000000
vt -0.098865 1.881813 0.000000
vt -0.104720 2.078923 0.000000
vt -0.088884 1.884650 0.000000
vt -0.091630 2.078923 0.000000
vt -0.078540 2.014822 0.000000
vt -0.078540 2.143024 0.000000
vt -0.078540 1.886620 0.000000
vt -0.078540 2.271226 0.000000
vt -0.088884 2.273196 0.000000
vt -0.098865 2.276033 0.000000
vt -0.108331 2.280414 0.000000
vt -0.117253 2.285917 0.000000
vt -0.125695 2.292190 0.000000
vt -0.040500 0.251066 0.000000
vt -0.050965 0.250000 0.000000
vt -0.040500 -0.001066 0.000000
vt -0.050965 0.000000 0.000000
vt -0.177080 0.125000 0.000000
vt -0.175607 0.000000 0.000000
vt -0.177080 0.000001 0.000000
vt -0.175607 0.250000 0.000000
vt -0.177080 0.250000 0.000000
vt -0.253138 -0.145757 0.000000
vt -0.129035 -0.186890 0.000000
vt -0.196041 -0.034962 0.000000
vt -0.024738 -0.105918 0.000000
vt -0.008246 -0.236923 0.000000
vt 0.146564 -0.176874 0.000000
vt 0.108594 -0.295591 0.000000
vt -0.157080 2.321307 0.000000
vt -0.157080 2.159718 0.000000
vt -0.156764 2.320993 0.000000
vt -0.141583 2.306155 0.000000
vt -0.143990 2.078923 0.000000
vt -0.130900 2.078923 0.000000
vt -0.125695 1.865656 0.000000
vt -0.117253 1.871929 0.000000
vt -0.157080 1.998128 0.000000
vt -0.141583 1.851691 0.000000
vt -0.157080 1.836539 0.000000
vt -0.156764 1.836853 0.000000
vt -0.117810 2.078923 0.000000
vt -0.108331 1.877432 0.000000
vt -0.098865 1.881813 0.000000
vt -0.104720 2.078923 0.000000
vt -0.088884 1.884650 0.000000
vt -0.091630 2.078923 0.000000
vt -0.078540 2.014822 0.000000
vt -0.078540 2.143024 0.000000
vt -0.078540 1.886620 0.000000
vt -0.078540 2.271226 0.000000
vt -0.088884 2.273196 0.000000
vt -0.098865 2.276033 0.000000
vt -0.108331 2.280414 0.000000
vt -0.117253 2.285917 0.000000
vt -0.125695 2.292190 0.000000
vt -0.087500 0.033757 0.000000
vt -0.437500 0.033757 0.000000
vt -0.087816 0.033446 0.000000
vt -0.437184 0.033446 0.000000
vt -0.262500 0.022505 0.000000
vt -0.422250 0.018474 0.000000
vt -0.262500 0.011252 0.000000
vt -0.408136 0.002783 0.000000
vt -0.262500 0.000000 0.000000
vt -0.401753 -0.005570 0.000000
vt -0.262500 -0.011252 0.000000
vt -0.396115 -0.014415 0.000000
vt -0.262500 -0.022505 0.000000
vt -0.391575 -0.023817 0.000000
vt -0.136434 -0.033757 0.000000
vt -0.388566 -0.033757 0.000000
vt -0.133425 -0.023817 0.000000
vt -0.128885 -0.014415 0.000000
vt -0.123247 -0.005570 0.000000
vt -0.116864 0.002783 0.000000
vt -0.102750 0.018474 0.000000
vt -0.078540 3.272569 0.000000
vt -0.078540 3.400771 0.000000
vt -0.088884 3.270599 0.000000
vt -0.091630 3.464872 0.000000
vt -0.104720 3.464872 0.000000
vt -0.098865 3.661982 0.000000
vt -0.108331 3.666363 0.000000
vt -0.078540 3.528973 0.000000
vt -0.088884 3.659144 0.000000
vt -0.078540 3.657174 0.000000
vt -0.117810 3.464872 0.000000
vt -0.117253 3.671865 0.000000
vt -0.125695 3.678139 0.000000
vt -0.130900 3.464872 0.000000
vt -0.141583 3.692104 0.000000
vt -0.143990 3.464872 0.000000
vt -0.157080 3.545666 0.000000
vt -0.157080 3.384077 0.000000
vt -0.156764 3.706942 0.000000
vt -0.157080 3.707256 0.000000
vt -0.157080 3.222487 0.000000
vt -0.156764 3.222802 0.000000
vt -0.141583 3.237640 0.000000
vt -0.125695 3.251604 0.000000
vt -0.117253 3.257878 0.000000
vt -0.108331 3.263380 0.000000
vt -0.098865 3.267761 0.000000
vt 0.437500 0.033757 0.000000
vt 0.087500 0.033757 0.000000
vt 0.437184 0.033446 0.000000
vt 0.087816 0.033446 0.000000
vt 0.262500 0.022505 0.000000
vt 0.102750 0.018474 0.000000
vt 0.262500 0.011252 0.000000
vt 0.116864 0.002783 0.000000
vt 0.262500 -0.000000 0.000000
vt 0.123247 -0.005570 0.000000
vt 0.262500 -0.011252 0.000000
vt 0.128885 -0.014415 0.000000
vt 0.262500 -0.022505 0.000000
vt 0.133425 -0.023817 0.000000
vt 0.388566 -0.033757 0.000000
vt 0.136434 -0.033757 0.000000
vt 0.391575 -0.023817 0.000000
vt 0.396115 -0.014415 0.000000
vt 0.401753 -0.005570 0.000000
vt 0.408136 0.002783 0.000000
vt 0.422250 0.018474 0.000000
vt -0.040500 0.251066 0.000000
vt -0.050965 0.250000 0.000000
vt -0.040500 -0.001066 0.000000
vt -0.050965 0.000000 0.000000
vt -0.177080 0.125000 0.000000
vt -0.175607 0.000000 0.000000
vt -0.177080 0.000001 0.000000
vt -0.175607 0.250000 0.000000
vt -0.177080 0.250000 0.000000
vt -0.253138 -0.145757 0.000000
vt -0.129035 -0.186890 0.000000
vt -0.196041 -0.034962 0.000000
vt -0.024738 -0.105918 0.000000
vt -0.008246 -0.236923 0.000000
vt 0.146564 -0.176874 0.000000
vt 0.108594 -0.295591 0.000000
vt -0.157080 0.935359 0.000000
vt -0.157080 0.773769 0.000000
vt -0.156764 0.935044 0.000000
vt -0.141583 0.920206 0.000000
vt -0.143990 0.692974 0.000000
vt -0.130900 0.692974 0.000000
vt -0.125695 0.479707 0.000000
vt -0.117253 0.485981 0.000000
vt -0.157080 0.612180 0.000000
vt -0.141583 0.465742 0.000000
vt -0.157080 0.450590 0.000000
vt -0.156764 0.450904 0.000000
vt -0.117810 0.692974 0.000000
vt -0.108331 0.491483 0.000000
vt -0.098865 0.495864 0.000000
vt -0.104720 0.692974 0.000000
vt -0.088884 0.498702 0.000000
vt -0.091630 0.692974 0.000000
vt -0.078540 0.628873 0.000000
vt -0.078540 0.757075 0.000000
vt -0.078540 0.500672 0.000000
vt -0.078540 0.885277 0.000000
vt -0.088884 0.887247 0.000000
vt -0.098865 0.890085 0.000000
vt -0.108331 0.894466 0.000000
vt -0.117253 0.899968 0.000000
vt -0.125695 0.906242 0.000000
vt -0.087500 0.033757 0.000000
vt -0.437500 0.033757 0.000000
vt -0.087816 0.033446 0.000000
vt -0.437184 0.033446 0.000000
vt -0.262500 0.022505 0.000000
vt -0.422250 0.018474 0.000000
vt -0.262500 0.011252 0.000000
vt -0.408136 0.002783 0.000000
vt -0.262500 0.000000 0.000000
vt -0.401753 -0.005570 0.000000
vt -0.262500 -0.011252 0.000000
vt -0.396115 -0.014415 0.000000
vt -0.262500 -0.022505 0.000000
vt -0.391575 -0.023817 0.000000
vt -0.136434 -0.033757 0.000000
vt -0.388566 -0.033757 0.000000
vt -0.133425 -0.023817 0.000000
vt -0.128885 -0.014415 0.000000
vt -0.123247 -0.005570 0.000000
vt -0.116864 0.002783 0.000000
vt -0.102750 0.018474 0.000000
vt -0.078540 4.658518 0.000000
vt -0.078540 4.786719 0.000000
vt -0.088884 4.656548 0.000000
vt -0.091630 4.850820 0.000000
vt -0.104720 4.850820 0.000000
vt -0.098865 5.047931 0.000000
vt -0.108331 5.052312 0.000000
vt -0.078540 4.914921 0.000000
vt -0.088884 5.045093 0.000000
vt -0.078540 5.043123 0.000000
vt -0.117810 4.850820 0.000000
vt -0.117253 5.057814 0.000000
vt -0.125695 5.064088 0.000000
vt -0.130900 4.850820 0.000000
vt -0.141583 5.078052 0.000000
vt -0.143990 4.850820 0.000000
vt -0.157080 4.931615 0.000000
vt -0.157080 4.770026 0.000000
vt -0.156764 5.092890 0.000000
vt -0.157080 5.093205 0.000000
vt -0.157080 4.608436 0.000000
vt -0.156764 4.608750 0.000000
vt -0.141583 4.623588 0.000000
vt -0.125695 4.637553 0.000000
vt -0.117253 4.643827 0.000000
vt -0.108331 4.649329 0.000000
vt -0.098865 4.653710 0.000000
vt 0.437500 0.033757 0.000000
vt 0.087500 0.033757 0.000000
vt 0.437184 0.033446 0.000000
vt 0.087816 0.033446 0.000000
vt 0.262500 0.022505 0.000000
vt 0.102750 0.018474 0.000000
vt 0.262500 0.011252 0.000000
vt 0.116864 0.002783 0.000000
vt 0.262500 -0.000000 0.000000
vt 0.123247 -0.005570 0.000000
vt 0.262500 -0.011252 0.000000
vt 0.128885 -0.014415 0.000000
vt 0.262500 -0.022505 0.000000
vt 0.133425 -0.023817 0.000000
vt 0.388566 -0.033757 0.000000
vt 0.136434 -0.033757 0.000000
vt 0.391575 -0.023817 0.000000
vt 0.396115 -0.014415 0.000000
vt 0.401753 -0.005570 0.000000
vt 0.408136 0.002783 0.000000
vt 0.422250 0.018474 0.000000
vt -0.040500 0.251066 0.000000
vt -0.050965 0.250000 0.000000
vt -0.040500 -0.001066 0.000000
vt -0.050965 0.000000 0.000000
vt -0.177080 0.125000 0.000000
vt -0.175607 0.000000 0.000000
vt -0.177080 0.000001 0.000000
vt -0.175607 0.250000 0.000000
vt -0.177080 0.250000 0.000000
vt -0.253138 -0.145757 0.000000
vt -0.129035 -0.186890 0.000000
vt -0.196041 -0.034962 0.000000
vt -0.024738 -0.105918 0.000000
vt -0.008246 -0.236923 0.000000
vt 0.146564 -0.176874 0.000000
vt 0.108594 -0.295591 0.000000
vt -0.157080 -0.450590 0.000000
vt -0.157080 -0.612180 0.000000
vt -0.156764 -0.450904 0.000000
vt -0.141583 -0.465742 0.000000
vt -0.143990 -0.692974 0.000000
vt -0.130900 -0.692974 0.000000
vt -0.125695 -0.906242 0.000000
vt -0.117253 -0.899968 0.000000
vt -0.157080 -0.773769 0.000000
vt -0.141583 -0.920206 0.000000
vt -0.157080 -0.935359 0.000000
vt -0.156764 -0.935044 0.000000
vt -0.117810 -0.692974 0.000000
vt -0.108331 -0.894466 0.000000
vt -0.098865 -0.890085 0.000000
vt -0.104720 -0.692974 0.000000
vt -0.088884 -0.887247 0.000000
vt -0.091630 -0.692974 0.000000
vt -0.078540 -0.757075 0.000000
vt -0.078540 -0.628873 0.000000
vt -0.078540 -0.885277 0.000000
vt -0.078540 -0.500672 0.000000
vt -0.088884 -0.498702 0.000000
vt -0.098865 -0.495864 0.000000
vt -0.108331 -0.491483 0.000000
vt -0.117253 -0.485981 0.000000
vt -0.125695 -0.479707 0.000000
vt -0.087500 0.033757 0.000000
vt -0.437500 0.033757 0.000000
vt -0.087816 0.033446 0.000000
vt -0.437184 0.033446 0.000000
vt -0.262500 0.022505 0.000000
vt -0.422250 0.018474 0.000000
vt -0.262500 0.011252 0.000000
vt -0.408136 0.002783 0.000000
vt -0.262500 0.000000 0.000000
vt -0.401753 -0.005570 0.000000
vt -0.262500 -0.011252 0.000000
vt -0.396115 -0.014415 0.000000
vt -0.262500 -0.022505 0.000000
vt -0.391575 -0.023817 0.000000
vt -0.136434 -0.033757 0.000000
vt -0.388566 -0.033757 0.000000
vt -0.133425 -0.023817 0.000000
vt -0.128885 -0.014415 0.000000
vt -0.123247 -0.005570 0.000000
vt -0.116864 0.002783 0.000000
vt -0.102750 0.018474 0.000000
vt -0.078540 -5.043123 0.000000
vt -0.078540 -4.914921 0.000000
vt -0.088884 -5.045093 0.000000
vt -0.091630 -4.850820 0.000000
vt -0.104720 -4.850820 0.000000
vt -0.098865 -4.653710 0.000000
vt -0.108331 -4.649329 0.000000
vt -0.078540 -4.786719 0.000000
vt -0.088884 -4.656548 0.000000
vt -0.078540 -4.658518 0.000000
vt -0.117810 -4.850820 0.000000
vt -0.117253 -4.643827 0.000000
vt -0.125695 -4.637553 0.000000
vt -0.130900 -4.850820 0.000000
vt -0.141583 -4.623588 0.000000
vt -0.143990 -4.850820 0.000000
vt -0.157080 -4.770026 0.000000
vt -0.157080 -4.931615 0.000000
vt -0.156764 -4.608750 0.000000
vt -0.157080 -4.608436 0.000000
vt -0.157080 -5.093205 0.000000
vt -0.156764 -5.092890 0.000000
vt -0.141583 -5.078052 0.000000
vt -0.125695 -5.064088 0.000000
vt -0.117253 -5.057814 0.000000
vt -0.108331 -5.052312 0.000000
vt -0.098865 -5.047931 0.000000
vt 0.437500 0.033757 0.000000
vt 0.087500 0.033757 0.000000
vt 0.437184 0.033446 0.000000
vt 0.087816 0.033446 0.000000
vt 0.262500 0.022505 0.000000
vt 0.102750 0.018474 0.000000
vt 0.262500 0.011252 0.000000
vt 0.116864 0.002783 0.000000
vt 0.262500 -0.000000 0.000000
vt 0.123247 -0.005570 0.000000
vt 0.262500 -0.011252 0.000000
vt 0.128885 -0.014415 0.000000
vt 0.262500 -0.022505 0.000000
vt 0.133425 -0.023817 0.000000
vt 0.388566 -0.033757 0.000000
vt 0.136434 -0.033757 0.000000
vt 0.391575 -0.023817 0.000000
vt 0.396115 -0.014415 0.000000
vt 0.401753 -0.005570 0.000000
vt 0.408136 0.002783 0.000000
vt 0.422250 0.018474 0.000000
vt -0.040500 0.251066 0.000000
vt -0.050965 0.250000 0.000000
vt -0.040500 -0.001066 0.000000
vt -0.050965 0.000000 0.000000
vt -0.177080 0.125000 0.000000
vt -0.175607 0.000000 0.000000
vt -0.177080 0.000001 0.000000
vt -0.175607 0.250000 0.000000
vt -0.177080 0.250000 0.000000
vt -0.253138 -0.145757 0.000000
vt -0.129035 -0.186890 0.000000
vt -0.196041 -0.034962 0.000000
vt -0.024738 -0.105918 0.000000
vt -0.008246 -0.236923 0.000000
vt 0.146564 -0.176874 0.000000
vt 0.108594 -0.295591 0.000000
vt -0.157080 -1.836539 0.000000
vt -0.157080 -1.998128 0.000000
vt -0.156764 -1.836853 0.000000
vt -0.141583 -1.851691 0.000000
vt -0.143990 -2.078923 0.000000
vt -0.130900 -2.078923 0.000000
vt -0.125695 -2.292190 0.000000
vt -0.117253 -2.285917 0.000000
vt -0.157080 -2.159718 0.000000
vt -0.141583 -2.306155 0.000000
vt -0.157080 -2.321307 0.000000
vt -0.156764 -2.320993 0.000000
vt -0.117810 -2.078923 0.000000
vt -0.108331 -2.280414 0.000000
vt -0.098865 -2.276033 0.000000
vt -0.104720 -2.078923 0.000000
vt -0.088884 -2.273196 0.000000
vt -0.091630 -2.078923 0.000000
vt -0.078540 -2.143024 0.000000
vt -0.078540 -2.014822 0.000000
vt -0.078540 -2.271226 0.000000
vt -0.078540 -1.886620 0.000000
vt -0.088884 -1.884650 0.000000
vt -0.098865 -1.881813 0.000000
vt -0.108331 -1.877432 0.000000
vt -0.117253 -1.871929 0.000000
vt -0.125695 -1.865656 0.000000
vt -0.087500 0.033757 0.000000
vt -0.437500 0.033757 0.000000
vt -0.087816 0.033446 0.000000
vt -0.437184 0.033446 0.000000
vt -0.262500 0.022505 0.000000
vt -0.422250 0.018474 0.000000
vt -0.262500 0.011252 0.000000
vt -0.408136 0.002783 0.000000
vt -0.262500 -0.000000 0.000000
vt -0.401753 -0.005570 0.000000
vt -0.262500 -0.011252 0.000000
vt -0.396115 -0.014415 0.000000
vt -0.262500 -0.022505 0.000000
vt -0.391575 -0.023817 0.000000
vt -0.136434 -0.033757 0.000000
vt -0.388566 -0.033757 0.000000
vt -0.133425 -0.023817 0.000000
vt -0.128885 -0.014415 0.000000
vt -0.123247 -0.005570 0.000000
vt -0.116864 0.002783 0.000000
vt -0.102750 0.018474 0.000000
vt 0.136434 -0.033757 0.000000
vt 0.388566 -0.033757 0.000000
vt 0.133425 -0.023817 0.000000
vt 0.262500 -0.022505 0.000000
vt 0.128885 -0.014415 0.000000
vt 0.262500 -0.011252 0.000000
vt 0.123247 -0.005570 0.000000
vt 0.262500 0.000000 0.000000
vt 0.116864 0.002783 0.000000
vt 0.262500 0.011252 0.000000
vt 0.102750 0.018474 0.000000
vt 0.262500 0.022505 0.000000
vt 0.087816 0.033446 0.000000
vt 0.437184 0.033446 0.000000
vt 0.087500 0.033757 0.000000
vt 0.437500 0.033757 0.000000
vt 0.391575 -0.023817 0.000000
vt 0.396115 -0.014415 0.000000
vt 0.401753 -0.005570 0.000000
vt 0.408136 0.002783 0.000000
vt 0.422250 0.018474 0.000000
vt -0.157080 -3.222487 0.000000
vt -0.157080 -3.384077 0.000000
vt -0.156764 -3.222802 0.000000
vt -0.141583 -3.237640 0.000000
vt -0.143990 -3.464872 0.000000
vt -0.130900 -3.464872 0.000000
vt -0.125695 -3.678139 0.000000
vt -0.117253 -3.671865 0.000000
vt -0.157080 -3.545666 0.000000
vt -0.141583 -3.692104 0.000000
vt -0.157080 -3.707256 0.000000
vt -0.156764 -3.706942 0.000000
vt -0.117810 -3.464872 0.000000
vt -0.108331 -3.666363 0.000000
vt -0.098865 -3.661982 0.000000
vt -0.104720 -3.464872 0.000000
vt -0.088884 -3.659144 0.000000
vt -0.091630 -3.464872 0.000000
vt -0.078540 -3.528973 0.000000
vt -0.078540 -3.400771 0.000000
vt -0.078540 -3.657174 0.000000
vt -0.078540 -3.272569 0.000000
vt -0.088884 -3.270599 0.000000
vt -0.098865 -3.267761 0.000000
vt -0.108331 -3.263380 0.000000
vt -0.117253 -3.257878 0.000000
vt -0.125695 -3.251604 0.000000
vt -0.040500 0.251066 0.000000
vt -0.050965 0.250000 0.000000
vt -0.040500 -0.001066 0.000000
vt -0.050965 0.000000 0.000000
vt -0.177080 0.125000 0.000000
vt -0.175607 0.000000 0.000000
vt -0.177080 0.000001 0.000000
vt -0.175607 0.250000 0.000000
vt -0.177080 0.250000 0.000000
vt -0.253138 -0.145757 0.000000
vt -0.129035 -0.186890 0.000000
vt -0.196041 -0.034962 0.000000
vt -0.024738 -0.105918 0.000000
vt -0.008246 -0.236923 0.000000
vt 0.146564 -0.176874 0.000000
vt 0.108594 -0.295591 0.000000
vt -0.157080 -3.222487 0.000000
vt -0.157080 -3.384077 0.000000
vt -0.156764 -3.222802 0.000000
vt -0.141583 -3.237640 0.000000
vt -0.143990 -3.464872 0.000000
vt -0.130900 -3.464872 0.000000
vt -0.125695 -3.678139 0.000000
vt -0.117253 -3.671865 0.000000
vt -0.157080 -3.545666 0.000000
vt -0.141583 -3.692104 0.000000
vt -0.157080 -3.707256 0.000000
vt -0.156764 -3.706942 0.000000
vt -0.117810 -3.464872 0.000000
vt -0.108331 -3.666363 0.000000
vt -0.098865 -3.661982 0.000000
vt -0.104720 -3.464872 0.000000
vt -0.088884 -3.659144 0.000000
vt -0.091630 -3.464872 0.000000
vt -0.078540 -3.528973 0.000000
vt -0.078540 -3.400771 0.000000
vt -0.078540 -3.657174 0.000000
vt -0.078540 -3.272569 0.000000
vt -0.088884 -3.270599 0.000000
vt -0.098865 -3.267761 0.000000
vt -0.108331 -3.263380 0.000000
vt -0.117253 -3.257878 0.000000
vt -0.125695 -3.251604 0.000000
vt -0.087500 0.033757 0.000000
vt -0.437500 0.033757 0.000000
vt -0.087816 0.033446 0.000000
vt -0.437184 0.033446 0.000000
vt -0.262500 0.022505 0.000000
vt -0.422250 0.018474 0.000000
vt -0.262500 0.011252 0.000000
vt -0.408136 0.002783 0.000000
vt -0.262500 0.000000 0.000000
vt -0.401753 -0.005570 0.000000
vt -0.262500 -0.011252 0.000000
vt -0.396115 -0.014415 0.000000
vt -0.262500 -0.022505 0.000000
vt -0.391575 -0.023817 0.000000
vt -0.136434 -0.033757 0.000000
vt -0.388566 -0.033757 0.000000
vt -0.133425 -0.023817 0.000000
vt -0.128885 -0.014415 0.000000
vt -0.123247 -0.005570 0.000000
vt -0.116864 0.002783 0.000000
vt -0.102750 0.018474 0.000000
vt -0.078540 -2.271226 0.000000
vt -0.078540 -2.143024 0.000000
vt -0.088884 -2.273196 0.000000
vt -0.091630 -2.078923 0.000000
vt -0.104720 -2.078923 0.000000
vt -0.098865 -1.881813 0.000000
vt -0.108331 -1.877432 0.000000
vt -0.078540 -2.014822 0.000000
vt -0.088884 -1.884650 0.000000
vt -0.078540 -1.886620 0.000000
vt -0.117810 -2.078923 0.000000
vt -0.117253 -1.871929 0.000000
vt -0.125695 -1.865656 0.000000
vt -0.130900 -2.078923 0.000000
vt -0.141583 -1.851691 0.000000
vt -0.143990 -2.078923 0.000000
vt -0.157080 -1.998128 0.000000
vt -0.157080 -2.159718 0.000000
vt -0.156764 -1.836853 0.000000
vt -0.157080 -1.836539 0.000000
vt -0.157080 -2.321307 0.000000
vt -0.156764 -2.320993 0.000000
vt -0.141583 -2.306155 0.000000
vt -0.125695 -2.292190 0.000000
vt -0.117253 -2.285917 0.000000
vt -0.108331 -2.280414 0.000000
vt -0.098865 -2.276033 0.000000
vt 0.437500 0.033757 0.000000
vt 0.087500 0.033757 0.000000
vt 0.437184 0.033446 0.000000
vt 0.087816 0.033446 0.000000
vt 0.262500 0.022505 0.000000
vt 0.102750 0.018474 0.000000
vt 0.262500 0.011252 0.000000
vt 0.116864 0.002783 0.000000
vt 0.262500 -0.000000 0.000000
vt 0.123247 -0.005570 0.000000
vt 0.262500 -0.011252 0.000000
vt 0.128885 -0.014415 0.000000
vt 0.262500 -0.022505 0.000000
vt 0.133425 -0.023817 0.000000
vt 0.388566 -0.033757 0.000000
vt 0.136434 -0.033757 0.000000
vt 0.391575 -0.023817 0.000000
vt 0.396115 -0.014415 0.000000
vt 0.401753 -0.005570 0.000000
vt 0.408136 0.002783 0.000000
vt 0.422250 0.018474 0.000000
vt -0.040500 0.251066 0.000000
vt -0.050965 0.250000 0.000000
vt -0.040500 -0.001066 0.000000
vt -0.050965 0.000000 0.000000
vt -0.177080 0.125000 0.000000
vt -0.175607 0.000000 0.000000
vt -0.177080 0.000001 0.000000
vt -0.175607 0.250000 0.000000
vt -0.177080 0.250000 0.000000
vt -0.253138 -0.145757 0.000000
vt -0.129035 -0.186890 0.000000
vt -0.196041 -0.034962 0.000000
vt -0.024738 -0.105918 0.000000
vt -0.008246 -0.236923 0.000000
vt 0.146564 -0.176874 0.000000
vt 0.108594 -0.295591 0.000000
vt -0.157080 -4.608436 0.000000
vt -0.157080 -4.756603 0.000000
vt -0.156764 -4.608750 0.000000
vt -0.141583 -4.623588 0.000000
vt -0.143990 -4.830686 0.000000
vt -0.130900 -4.830686 0.000000
vt -0.127402 -5.051207 0.000000
vt -0.117601 -5.049973 0.000000
vt -0.157080 -4.904769 0.000000
vt -0.137295 -5.052157 0.000000
vt -0.157080 -5.052936 0.000000
vt -0.147167 -5.052727 0.000000
vt -0.117810 -4.830686 0.000000
vt -0.107772 -5.048463 0.000000
vt -0.098031 -5.046786 0.000000
vt -0.104720 -4.830686 0.000000
vt -0.088268 -5.044975 0.000000
vt -0.091630 -4.830686 0.000000
vt -0.078540 -4.914921 0.000000
vt -0.078540 -4.786719 0.000000
vt -0.078540 -5.043123 0.000000
vt -0.078540 -4.658518 0.000000
vt -0.088884 -4.656548 0.000000
vt -0.098865 -4.653710 0.000000
vt -0.108331 -4.649329 0.000000
vt -0.117253 -4.643827 0.000000
vt -0.125695 -4.637553 0.000000
vt 0.437500 0.033757 0.000000
vt 0.087500 0.033757 0.000000
vt 0.437184 0.033446 0.000000
vt 0.087816 0.033446 0.000000
vt 0.262500 0.022505 0.000000
vt 0.102750 0.018474 0.000000
vt 0.262500 0.011252 0.000000
vt 0.116864 0.002783 0.000000
vt 0.262500 -0.000000 0.000000
vt 0.123247 -0.005570 0.000000
vt 0.262500 -0.011252 0.000000
vt 0.128885 -0.014415 0.000000
vt 0.262500 -0.022505 0.000000
vt 0.133425 -0.023817 0.000000
vt 0.388566 -0.033757 0.000000
vt 0.136434 -0.033757 0.000000
vt 0.391575 -0.023817 0.000000
vt 0.396115 -0.014415 0.000000
vt 0.401753 -0.005570 0.000000
vt 0.408136 0.002783 0.000000
vt 0.422250 0.018474 0.000000
vt -0.078540 -0.885277 0.000000
vt -0.078540 -0.757075 0.000000
vt -0.088884 -0.887247 0.000000
vt -0.091630 -0.713109 0.000000
vt -0.104720 -0.713109 0.000000
vt -0.098031 -0.497009 0.000000
vt -0.107772 -0.495332 0.000000
vt -0.078540 -0.628873 0.000000
vt -0.088268 -0.498820 0.000000
vt -0.078540 -0.500672 0.000000
vt -0.117810 -0.713109 0.000000
vt -0.117601 -0.493821 0.000000
vt -0.127402 -0.492587 0.000000
vt -0.130900 -0.713109 0.000000
vt -0.137295 -0.491638 0.000000
vt -0.143990 -0.713109 0.000000
vt -0.147167 -0.491068 0.000000
vt -0.157080 -0.639026 0.000000
vt -0.157080 -0.490859 0.000000
vt -0.157080 -0.787192 0.000000
vt -0.141583 -0.920206 0.000000
vt -0.125695 -0.906242 0.000000
vt -0.157080 -0.935359 0.000000
vt -0.156764 -0.935044 0.000000
vt -0.117253 -0.899968 0.000000
vt -0.108331 -0.894466 0.000000
vt -0.098865 -0.890085 0.000000
vt -0.078540 4.658518 0.000000
vt -0.078540 4.786719 0.000000
vt -0.088884 4.656548 0.000000
vt -0.091630 4.830686 0.000000
vt -0.104720 4.830686 0.000000
vt -0.098031 5.046786 0.000000
vt -0.107772 5.048463 0.000000
vt -0.078540 4.914921 0.000000
vt -0.088268 5.044975 0.000000
vt -0.078540 5.043123 0.000000
vt -0.117810 4.830686 0.000000
vt -0.117601 5.049973 0.000000
vt -0.127402 5.051207 0.000000
vt -0.130900 4.830686 0.000000
vt -0.137295 5.052157 0.000000
vt -0.143990 4.830686 0.000000
vt -0.147167 5.052727 0.000000
vt -0.157080 4.904769 0.000000
vt -0.157080 5.052936 0.000000
vt -0.157080 4.756603 0.000000
vt -0.141583 4.623588 0.000000
vt -0.125695 4.637553 0.000000
vt -0.157080 4.608436 0.000000
vt -0.156764 4.608750 0.000000
vt -0.117253 4.643827 0.000000
vt -0.108331 4.649329 0.000000
vt -0.098865 4.653710 0.000000
vt -0.087500 0.033757 0.000000
vt -0.437500 0.033757 0.000000
vt -0.087816 0.033446 0.000000
vt -0.437184 0.033446 0.000000
vt -0.262500 0.022505 0.000000
vt -0.422250 0.018474 0.000000
vt -0.262500 0.011252 0.000000
vt -0.408136 0.002783 0.000000
vt -0.262500 -0.000000 0.000000
vt -0.401753 -0.005570 0.000000
vt -0.262500 -0.011252 0.000000
vt -0.396115 -0.014415 0.000000
vt -0.262500 -0.022505 0.000000
vt -0.391575 -0.023817 0.000000
vt -0.136434 -0.033757 0.000000
vt -0.388566 -0.033757 0.000000
vt -0.133425 -0.023817 0.000000
vt -0.128885 -0.014415 0.000000
vt -0.123247 -0.005570 0.000000
vt -0.116864 0.002783 0.000000
vt -0.102750 0.018474 0.000000
vt -0.157080 0.935359 0.000000
vt -0.157080 0.787192 0.000000
vt -0.156764 0.935044 0.000000
vt -0.141583 0.920206 0.000000
vt -0.143990 0.713109 0.000000
vt -0.130900 0.713109 0.000000
vt -0.127402 0.492587 0.000000
vt -0.117601 0.493821 0.000000
vt -0.157080 0.639026 0.000000
vt -0.137295 0.491638 0.000000
vt -0.157080 0.490859 0.000000
vt -0.147167 0.491068 0.000000
vt -0.117810 0.713109 0.000000
vt -0.107772 0.495332 0.000000
vt -0.098031 0.497009 0.000000
vt -0.104720 0.713109 0.000000
vt -0.088268 0.498820 0.000000
vt -0.091630 0.713109 0.000000
vt -0.078540 0.628873 0.000000
vt -0.078540 0.757075 0.000000
vt -0.078540 0.500672 0.000000
vt -0.078540 0.885277 0.000000
vt -0.088884 0.887247 0.000000
vt -0.098865 0.890085 0.000000
vt -0.108331 0.894466 0.000000
vt -0.117253 0.899968 0.000000
vt -0.125695 0.906242 0.000000
vt -0.253138 -0.145757 0.000000
vt -0.129035 -0.186890 0.000000
vt -0.196041 -0.034962 0.000000
vt -0.024738 -0.105918 0.000000
vt -0.008246 -0.236923 0.000000
vt 0.146564 -0.176874 0.000000
vt 0.108594 -0.295591 0.000000
vt -0.561579 0.251066 0.000000
vt -0.561579 -0.001066 0.000000
vt -0.551115 0.250000 0.000000
vt -0.551115 0.000000 0.000000
vt -0.425000 0.125000 0.000000
vt -0.426473 0.000000 0.000000
vt -0.425000 0.000000 0.000000
vt -0.425000 0.249999 0.000000
vt -0.426473 0.250000 0.000000
vt -0.108594 -0.295591 0.000000
vt 0.008246 -0.236923 0.000000
vt -0.146564 -0.176874 0.000000
vt 0.024738 -0.105918 0.000000
vt 0.129035 -0.186890 0.000000
vt 0.196041 -0.034962 0.000000
vt 0.253138 -0.145757 0.000000
vt -0.157080 2.321307 0.000000
vt -0.157080 2.159718 0.000000
vt -0.156764 2.320993 0.000000
vt -0.141583 2.306155 0.000000
vt -0.143990 2.078923 0.000000
vt -0.130900 2.078923 0.000000
vt -0.125695 1.865656 0.000000
vt -0.117253 1.871929 0.000000
vt -0.157080 1.998128 0.000000
vt -0.141583 1.851691 0.000000
vt -0.157080 1.836539 0.000000
vt -0.156764 1.836853 0.000000
vt -0.117810 2.078923 0.000000
vt -0.108331 1.877432 0.000000
vt -0.098865 1.881813 0.000000
vt -0.104720 2.078923 0.000000
vt -0.088884 1.884650 0.000000
vt -0.091630 2.078923 0.000000
vt -0.078540 2.014822 0.000000
vt -0.078540 2.143024 0.000000
vt -0.078540 1.886620 0.000000
vt -0.078540 2.271226 0.000000
vt -0.088884 2.273196 0.000000
vt -0.098865 2.276033 0.000000
vt -0.108331 2.280414 0.000000
vt -0.117253 2.285917 0.000000
vt -0.125695 2.292190 0.000000
vt 1.611434 -0.033757 0.000000
vt 1.863566 -0.033757 0.000000
vt 1.608425 -0.023817 0.000000
vt 1.737500 -0.022505 0.000000
vt 1.603885 -0.014415 0.000000
vt 1.737500 -0.011252 0.000000
vt 1.598247 -0.005570 0.000000
vt 1.737500 -0.000000 0.000000
vt 1.591864 0.002783 0.000000
vt 1.737500 0.011252 0.000000
vt 1.577750 0.018474 0.000000
vt 1.737500 0.022505 0.000000
vt 1.562816 0.033446 0.000000
vt 1.912184 0.033446 0.000000
vt 1.562500 0.033757 0.000000
vt 1.912500 0.033757 0.000000
vt 1.866575 -0.023817 0.000000
vt 1.871115 -0.014415 0.000000
vt 1.876753 -0.005570 0.000000
vt 1.883136 0.002783 0.000000
vt 1.897250 0.018474 0.000000
vt -1.562500 0.033757 0.000000
vt -1.912500 0.033757 0.000000
vt -1.562816 0.033446 0.000000
vt -1.912184 0.033446 0.000000
vt -1.737500 0.022505 0.000000
vt -1.897250 0.018474 0.000000
vt -1.737500 0.011252 0.000000
vt -1.883136 0.002783 0.000000
vt -1.737500 -0.000000 0.000000
vt -1.876753 -0.005570 0.000000
vt -1.737500 -0.011252 0.000000
vt -1.871115 -0.014415 0.000000
vt -1.737500 -0.022505 0.000000
vt -1.866575 -0.023817 0.000000
vt -1.611434 -0.033757 0.000000
vt -1.863566 -0.033757 0.000000
vt -1.608425 -0.023817 0.000000
vt -1.603885 -0.014415 0.000000
vt -1.598247 -0.005570 0.000000
vt -1.591864 0.002783 0.000000
vt -1.577750 0.018474 0.000000
vt -0.157080 3.707256 0.000000
vt -0.157080 3.545666 0.000000
vt -0.156764 3.706942 0.000000
vt -0.141583 3.692104 0.000000
vt -0.143990 3.464872 0.000000
vt -0.130900 3.464872 0.000000
vt -0.125695 3.251604 0.000000
vt -0.117253 3.257878 0.000000
vt -0.157080 3.384077 0.000000
vt -0.141583 3.237640 0.000000
vt -0.157080 3.222487 0.000000
vt -0.156764 3.222802 0.000000
vt -0.117810 3.464872 0.000000
vt -0.108331 3.263380 0.000000
vt -0.098865 3.267761 0.000000
vt -0.104720 3.464872 0.000000
vt -0.088884 3.270599 0.000000
vt -0.091630 3.464872 0.000000
vt -0.078540 3.400771 0.000000
vt -0.078540 3.528973 0.000000
vt -0.078540 3.272569 0.000000
vt -0.078540 3.657174 0.000000
vt -0.088884 3.659144 0.000000
vt -0.098865 3.661982 0.000000
vt -0.108331 3.666363 0.000000
vt -0.117253 3.671865 0.000000
vt -0.125695 3.678139 0.000000
vt 0.561579 0.251066 0.000000
vt 0.551115 0.250000 0.000000
vt 0.561579 -0.001066 0.000000
vt 0.551115 0.000000 0.000000
vt 0.425000 0.125000 0.000000
vt 0.426473 0.000000 0.000000
vt 0.425000 0.000000 0.000000
vt 0.426473 0.250000 0.000000
vt 0.425000 0.249999 0.000000
vt -0.108594 -0.295591 0.000000
vt 0.008246 -0.236923 0.000000
vt -0.146564 -0.176874 0.000000
vt 0.024738 -0.105918 0.000000
vt 0.129035 -0.186890 0.000000
vt 0.196041 -0.034962 0.000000
vt 0.253138 -0.145757 0.000000
vt -1.912500 0.607099 0.000000
vt -2.000000 0.610865 0.000000
vt -1.912500 0.446851 0.000000
vt -2.000000 0.305433 0.000000
vt -1.562500 0.446851 0.000000
vt -1.265000 0.305433 0.000000
vt -1.265000 0.610865 0.000000
vt -1.912500 0.767348 0.000000
vt -2.000000 0.916298 0.000000
vt -1.912500 0.927596 0.000000
vt -2.000000 1.221730 0.000000
vt -1.562500 0.927596 0.000000
vt -1.265000 1.221730 0.000000
vt -1.265000 0.916298 0.000000
vt -1.562500 0.767348 0.000000
vt -1.562500 0.607099 0.000000
vt -1.912500 3.195744 0.000000
vt -2.000000 3.054326 0.000000
vt -1.562500 3.195744 0.000000
vt -1.265000 3.054326 0.000000
vt -1.265000 3.359759 0.000000
vt -2.000000 3.359759 0.000000
vt -1.912500 3.355993 0.000000
vt -1.912500 3.516241 0.000000
vt -2.000000 3.665191 0.000000
vt -1.912500 3.676490 0.000000
vt -2.000000 3.970624 0.000000
vt -1.562500 3.676490 0.000000
vt -1.265000 3.970624 0.000000
vt -1.265000 3.665191 0.000000
vt -1.562500 3.516241 0.000000
vt -1.562500 3.355993 0.000000
vt -1.912500 -4.890688 0.000000
vt -2.000000 -4.886922 0.000000
vt -1.912500 -5.050937 0.000000
vt -2.000000 -5.192355 0.000000
vt -1.562500 -5.050937 0.000000
vt -1.265000 -5.192355 0.000000
vt -1.265000 -4.886922 0.000000
vt -1.912500 -4.730439 0.000000
vt -2.000000 -4.581489 0.000000
vt -1.912500 -4.570191 0.000000
vt -2.000000 -4.276057 0.000000
vt -1.562500 -4.570191 0.000000
vt -1.265000 -4.276057 0.000000
vt -1.265000 -4.581489 0.000000
vt -1.562500 -4.730439 0.000000
vt -1.562500 -4.890688 0.000000
vt -1.912500 -2.302043 0.000000
vt -2.000000 -2.443461 0.000000
vt -1.562500 -2.302043 0.000000
vt -1.265000 -2.443461 0.000000
vt -1.265000 -2.138028 0.000000
vt -2.000000 -2.138028 0.000000
vt -1.912500 -2.141794 0.000000
vt -1.912500 -1.981546 0.000000
vt -2.000000 -1.832596 0.000000
vt -1.912500 -1.821297 0.000000
vt -2.000000 -1.527163 0.000000
vt -1.562500 -1.821297 0.000000
vt -1.265000 -1.527163 0.000000
vt -1.265000 -1.832596 0.000000
vt -1.562500 -1.981546 0.000000
vt -1.562500 -2.141794 0.000000
vt -2.000000 5.192355 0.000000
vt -1.265000 5.192355 0.000000
vt -2.000000 5.497787 0.000000
vt -1.265000 5.497787 0.000000
vt -2.000000 -5.497787 0.000000
vt -1.265000 -5.497787 0.000000
vt -2.000000 4.886922 0.000000
vt -1.912500 5.050937 0.000000
vt -1.562500 5.050937 0.000000
vt -1.265000 4.886922 0.000000
vt -1.562500 4.890688 0.000000
vt -1.562500 4.730439 0.000000
vt -2.000000 4.581489 0.000000
vt -1.912500 4.730439 0.000000
vt -1.912500 4.890688 0.000000
vt -1.912500 4.570191 0.000000
vt -2.000000 4.276057 0.000000
vt -1.562500 4.570191 0.000000
vt -1.265000 4.276057 0.000000
vt -1.265000 4.581489 0.000000
vt -1.265000 2.748894 0.000000
vt -2.000000 2.748894 0.000000
vt -1.265000 2.443461 0.000000
vt -2.000000 2.443461 0.000000
vt -1.562500 2.302043 0.000000
vt -1.912500 2.302043 0.000000
vt -2.000000 2.138028 0.000000
vt -1.912500 2.141794 0.000000
vt -1.912500 1.981546 0.000000
vt -2.000000 1.832596 0.000000
vt -1.912500 1.821297 0.000000
vt -2.000000 1.527163 0.000000
vt -1.562500 1.821297 0.000000
vt -1.265000 1.527163 0.000000
vt -1.265000 1.832596 0.000000
vt -1.265000 0.000000 0.000000
vt -2.000000 0.000000 0.000000
vt -1.265000 -0.305433 0.000000
vt -2.000000 -0.305433 0.000000
vt -1.562500 -0.446851 0.000000
vt -1.912500 -0.446851 0.000000
vt -2.000000 -0.610865 0.000000
vt -1.912500 -0.607099 0.000000
vt -1.912500 -0.767348 0.000000
vt -2.000000 -0.916298 0.000000
vt -1.912500 -0.927596 0.000000
vt -2.000000 -1.221730 0.000000
vt -1.562500 -0.927596 0.000000
vt -1.265000 -1.221730 0.000000
vt -1.265000 -0.916298 0.000000
vt -1.265000 -2.748894 0.000000
vt -2.000000 -2.748894 0.000000
vt -1.265000 -3.054326 0.000000
vt -2.000000 -3.054326 0.000000
vt -1.562500 -3.195744 0.000000
vt -1.912500 -3.195744 0.000000
vt -2.000000 -3.359759 0.000000
vt -1.912500 -3.355993 0.000000
vt -1.912500 -3.516241 0.000000
vt -2.000000 -3.665191 0.000000
vt -1.912500 -3.676490 0.000000
vt -2.000000 -3.970624 0.000000
vt -1.562500 -3.676490 0.000000
vt -1.265000 -3.970624 0.000000
vt -1.265000 -3.665191 0.000000
vt -1.562500 -0.767348 0.000000
vt -1.265000 -0.610865 0.000000
vt -1.562500 -0.607099 0.000000
vt -1.562500 1.981546 0.000000
vt -1.265000 2.138028 0.000000
vt -1.562500 2.141794 0.000000
vt -1.562500 -3.516241 0.000000
vt -1.265000 -3.359759 0.000000
vt -1.562500 -3.355993 0.000000
vt -0.157080 3.707256 0.000000
vt -0.157080 3.545666 0.000000
vt -0.156764 3.706942 0.000000
vt -0.141583 3.692104 0.000000
vt -0.143990 3.464872 0.000000
vt -0.130900 3.464872 0.000000
vt -0.125695 3.251604 0.000000
vt -0.117253 3.257878 0.000000
vt -0.157080 3.384077 0.000000
vt -0.141583 3.237640 0.000000
vt -0.157080 3.222487 0.000000
vt -0.156764 3.222802 0.000000
vt -0.117810 3.464872 0.000000
vt -0.108331 3.263380 0.000000
vt -0.098865 3.267761 0.000000
vt -0.104720 3.464872 0.000000
vt -0.088884 3.270599 0.000000
vt -0.091630 3.464872 0.000000
vt -0.078540 3.400771 0.000000
vt -0.078540 3.528973 0.000000
vt -0.078540 3.272569 0.000000
vt -0.078540 3.657174 0.000000
vt -0.088884 3.659144 0.000000
vt -0.098865 3.661982 0.000000
vt -0.108331 3.666363 0.000000
vt -0.117253 3.671865 0.000000
vt -0.125695 3.678139 0.000000
vt 1.912500 0.033757 0.000000
vt 1.562500 0.033757 0.000000
vt 1.912184 0.033446 0.000000
vt 1.562816 0.033446 0.000000
vt 1.737500 0.022505 0.000000
vt 1.577750 0.018474 0.000000
vt 1.737500 0.011252 0.000000
vt 1.591864 0.002783 0.000000
vt 1.737500 -0.000000 0.000000
vt 1.598247 -0.005570 0.000000
vt 1.737500 -0.011252 0.000000
vt 1.603885 -0.014415 0.000000
vt 1.737500 -0.022505 0.000000
vt 1.608425 -0.023817 0.000000
vt 1.863566 -0.033757 0.000000
vt 1.611434 -0.033757 0.000000
vt 1.866575 -0.023817 0.000000
vt 1.871115 -0.014415 0.000000
vt 1.876753 -0.005570 0.000000
vt 1.883136 0.002783 0.000000
vt 1.897250 0.018474 0.000000
vt -0.078540 1.886620 0.000000
vt -0.078540 2.014822 0.000000
vt -0.088884 1.884650 0.000000
vt -0.091630 2.078923 0.000000
vt -0.104720 2.078923 0.000000
vt -0.098865 2.276033 0.000000
vt -0.108331 2.280414 0.000000
vt -0.078540 2.143024 0.000000
vt -0.088884 2.273196 0.000000
vt -0.078540 2.271226 0.000000
vt -0.117810 2.078923 0.000000
vt -0.117253 2.285917 0.000000
vt -0.125695 2.292190 0.000000
vt -0.130900 2.078923 0.000000
vt -0.141583 2.306155 0.000000
vt -0.143990 2.078923 0.000000
vt -0.157080 2.159718 0.000000
vt -0.157080 1.998128 0.000000
vt -0.156764 2.320993 0.000000
vt -0.157080 2.321307 0.000000
vt -0.157080 1.836539 0.000000
vt -0.156764 1.836853 0.000000
vt -0.141583 1.851691 0.000000
vt -0.125695 1.865656 0.000000
vt -0.117253 1.871929 0.000000
vt -0.108331 1.877432 0.000000
vt -0.098865 1.881813 0.000000
vt -1.562500 0.033757 0.000000
vt -1.912500 0.033757 0.000000
vt -1.562816 0.033446 0.000000
vt -1.912184 0.033446 0.000000
vt -1.737500 0.022505 0.000000
vt -1.897250 0.018474 0.000000
vt -1.737500 0.011252 0.000000
vt -1.883136 0.002783 0.000000
vt -1.737500 0.000000 0.000000
vt -1.876753 -0.005570 0.000000
vt -1.737500 -0.011252 0.000000
vt -1.871115 -0.014415 0.000000
vt -1.737500 -0.022505 0.000000
vt -1.866575 -0.023817 0.000000
vt -1.611434 -0.033757 0.000000
vt -1.863566 -0.033757 0.000000
vt -1.608425 -0.023817 0.000000
vt -1.603885 -0.014415 0.000000
vt -1.598247 -0.005570 0.000000
vt -1.591864 0.002783 0.000000
vt -1.577750 0.018474 0.000000
vt 0.561579 0.251066 0.000000
vt 0.551115 0.250000 0.000000
vt 0.561579 -0.001066 0.000000
vt 0.551115 0.000000 0.000000
vt 0.425000 0.125000 0.000000
vt 0.426473 0.000000 0.000000
vt 0.425000 0.000000 0.000000
vt 0.426473 0.250000 0.000000
vt 0.425000 0.249999 0.000000
vt -0.108594 -0.295591 0.000000
vt 0.008246 -0.236923 0.000000
vt -0.146564 -0.176874 0.000000
vt 0.024738 -0.105918 0.000000
vt 0.129035 -0.186890 0.000000
vt 0.196041 -0.034962 0.000000
vt 0.253138 -0.145757 0.000000
vt 1.912500 0.033757 0.000000
vt 1.562500 0.033757 0.000000
vt 1.912184 0.033446 0.000000
vt 1.562816 0.033446 0.000000
vt 1.737500 0.022505 0.000000
vt 1.577750 0.018474 0.000000
vt 1.737500 0.011252 0.000000
vt 1.591864 0.002783 0.000000
vt 1.737500 -0.000000 0.000000
vt 1.598247 -0.005570 0.000000
vt 1.737500 -0.011252 0.000000
vt 1.603885 -0.014415 0.000000
vt 1.737500 -0.022505 0.000000
vt 1.608425 -0.023817 0.000000
vt 1.863566 -0.033757 0.000000
vt 1.611434 -0.033757 0.000000
vt 1.866575 -0.023817 0.000000
vt 1.871115 -0.014415 0.000000
vt 1.876753 -0.005570 0.000000
vt 1.883136 0.002783 0.000000
vt 1.897250 0.018474 0.000000
vt -0.078540 4.658518 0.000000
vt -0.078540 4.786719 0.000000
vt -0.088884 4.656548 0.000000
vt -0.091630 4.850820 0.000000
vt -0.104720 4.850820 0.000000
vt -0.098865 5.047931 0.000000
vt -0.108331 5.052312 0.000000
vt -0.078540 4.914921 0.000000
vt -0.088884 5.045093 0.000000
vt -0.078540 5.043123 0.000000
vt -0.117810 4.850820 0.000000
vt -0.117253 5.057814 0.000000
vt -0.125695 5.064088 0.000000
vt -0.130900 4.850820 0.000000
vt -0.141583 5.078052 0.000000
vt -0.143990 4.850820 0.000000
vt -0.157080 4.931615 0.000000
vt -0.157080 4.770026 0.000000
vt -0.156764 5.092890 0.000000
vt -0.157080 5.093205 0.000000
vt -0.157080 4.608436 0.000000
vt -0.156764 4.608750 0.000000
vt -0.141583 4.623588 0.000000
vt -0.125695 4.637553 0.000000
vt -0.117253 4.643827 0.000000
vt -0.108331 4.649329 0.000000
vt -0.098865 4.653710 0.000000
vt -1.562500 0.033757 0.000000
vt -1.912500 0.033757 0.000000
vt -1.562816 0.033446 0.000000
vt -1.912184 0.033446 0.000000
vt -1.737500 0.022505 0.000000
vt -1.897250 0.018474 0.000000
vt -1.737500 0.011252 0.000000
vt -1.883136 0.002783 0.000000
vt -1.737500 0.000000 0.000000
vt -1.876753 -0.005570 0.000000
vt -1.737500 -0.011252 0.000000
vt -1.871115 -0.014415 0.000000
vt -1.737500 -0.022505 0.000000
vt -1.866575 -0.023817 0.000000
vt -1.611434 -0.033757 0.000000
vt -1.863566 -0.033757 0.000000
vt -1.608425 -0.023817 0.000000
vt -1.603885 -0.014415 0.000000
vt -1.598247 -0.005570 0.000000
vt -1.591864 0.002783 0.000000
vt -1.577750 0.018474 0.000000
vt -0.157080 0.935359 0.000000
vt -0.157080 0.773769 0.000000
vt -0.156764 0.935044 0.000000
vt -0.141583 0.920206 0.000000
vt -0.143990 0.692974 0.000000
vt -0.130900 0.692974 0.000000
vt -0.125695 0.479707 0.000000
vt -0.117253 0.485981 0.000000
vt -0.157080 0.612180 0.000000
vt -0.141583 0.465742 0.000000
vt -0.157080 0.450590 0.000000
vt -0.156764 0.450904 0.000000
vt -0.117810 0.692974 0.000000
vt -0.108331 0.491483 0.000000
vt -0.098865 0.495864 0.000000
vt -0.104720 0.692974 0.000000
vt -0.088884 0.498702 0.000000
vt -0.091630 0.692974 0.000000
vt -0.078540 0.628873 0.000000
vt -0.078540 0.757075 0.000000
vt -0.078540 0.500672 0.000000
vt -0.078540 0.885277 0.000000
vt -0.088884 0.887247 0.000000
vt -0.098865 0.890085 0.000000
vt -0.108331 0.894466 0.000000
vt -0.117253 0.899968 0.000000
vt -0.125695 0.906242 0.000000
vt -0.253138 -0.145757 0.000000
vt -0.129035 -0.186890 0.000000
vt -0.196041 -0.034962 0.000000
vt -0.024738 -0.105918 0.000000
vt -0.008246 -0.236923 0.000000
vt 0.146564 -0.176874 0.000000
vt 0.108594 -0.295591 0.000000
vt 0.561579 0.251066 0.000000
vt 0.551115 0.250000 0.000000
vt 0.561579 -0.001066 0.000000
vt 0.551115 0.000000 0.000000
vt 0.425000 0.125000 0.000000
vt 0.426473 0.000000 0.000000
vt 0.425000 0.000000 0.000000
vt 0.426473 0.250000 0.000000
vt 0.425000 0.249999 0.000000
vt 1.912500 0.033757 0.000000
vt 1.562500 0.033757 0.000000
vt 1.912184 0.033446 0.000000
vt 1.562816 0.033446 0.000000
vt 1.737500 0.022505 0.000000
vt 1.577750 0.018474 0.000000
vt 1.737500 0.011252 0.000000
vt 1.591864 0.002783 0.000000
vt 1.737500 -0.000000 0.000000
vt 1.598247 -0.005570 0.000000
vt 1.737500 -0.011252 0.000000
vt 1.603885 -0.014415 0.000000
vt 1.737500 -0.022505 0.000000
vt 1.608425 -0.023817 0.000000
vt 1.863566 -0.033757 0.000000
vt 1.611434 -0.033757 0.000000
vt 1.866575 -0.023817 0.000000
vt 1.871115 -0.014415 0.000000
vt 1.876753 -0.005570 0.000000
vt 1.883136 0.002783 0.000000
vt 1.897250 0.018474 0.000000
vt -0.078540 -5.043123 0.000000
vt -0.078540 -4.914921 0.000000
vt -0.088884 -5.045093 0.000000
vt -0.091630 -4.850820 0.000000
vt -0.104720 -4.850820 0.000000
vt -0.098865 -4.653710 0.000000
vt -0.108331 -4.649329 0.000000
vt -0.078540 -4.786719 0.000000
vt -0.088884 -4.656548 0.000000
vt -0.078540 -4.658518 0.000000
vt -0.117810 -4.850820 0.000000
vt -0.117253 -4.643827 0.000000
vt -0.125695 -4.637553 0.000000
vt -0.130900 -4.850820 0.000000
vt -0.141583 -4.623588 0.000000
vt -0.143990 -4.850820 0.000000
vt -0.157080 -4.770026 0.000000
vt -0.157080 -4.931615 0.000000
vt -0.156764 -4.608750 0.000000
vt -0.157080 -4.608436 0.000000
vt -0.157080 -5.093205 0.000000
vt -0.156764 -5.092890 0.000000
vt -0.141583 -5.078052 0.000000
vt -0.125695 -5.064088 0.000000
vt -0.117253 -5.057814 0.000000
vt -0.108331 -5.052312 0.000000
vt -0.098865 -5.047931 0.000000
vt -1.562500 0.033757 0.000000
vt -1.912500 0.033757 0.000000
vt -1.562816 0.033446 0.000000
vt -1.912184 0.033446 0.000000
vt -1.737500 0.022505 0.000000
vt -1.897250 0.018474 0.000000
vt -1.737500 0.011252 0.000000
vt -1.883136 0.002783 0.000000
vt -1.737500 0.000000 0.000000
vt -1.876753 -0.005570 0.000000
vt -1.737500 -0.011252 0.000000
vt -1.871115 -0.014415 0.000000
vt -1.737500 -0.022505 0.000000
vt -1.866575 -0.023817 0.000000
vt -1.611434 -0.033757 0.000000
vt -1.863566 -0.033757 0.000000
vt -1.608425 -0.023817 0.000000
vt -1.603885 -0.014415 0.000000
vt -1.598247 -0.005570 0.000000
vt -1.591864 0.002783 0.000000
vt -1.577750 0.018474 0.000000
vt -0.157080 -0.450590 0.000000
vt -0.157080 -0.612180 0.000000
vt -0.156764 -0.450904 0.000000
vt -0.141583 -0.465742 0.000000
vt -0.143990 -0.692974 0.000000
vt -0.130900 -0.692974 0.000000
vt -0.125695 -0.906242 0.000000
vt -0.117253 -0.899968 0.000000
vt -0.157080 -0.773769 0.000000
vt -0.141583 -0.920206 0.000000
vt -0.157080 -0.935359 0.000000
vt -0.156764 -0.935044 0.000000
vt -0.117810 -0.692974 0.000000
vt -0.108331 -0.894466 0.000000
vt -0.098865 -0.890085 0.000000
vt -0.104720 -0.692974 0.000000
vt -0.088884 -0.887247 0.000000
vt -0.091630 -0.692974 0.000000
vt -0.078540 -0.757075 0.000000
vt -0.078540 -0.628873 0.000000
vt -0.078540 -0.885277 0.000000
vt -0.078540 -0.500672 0.000000
vt -0.088884 -0.498702 0.000000
vt -0.098865 -0.495864 0.000000
vt -0.108331 -0.491483 0.000000
vt -0.117253 -0.485981 0.000000
vt -0.125695 -0.479707 0.000000
vt -0.253138 -0.145757 0.000000
vt -0.129035 -0.186890 0.000000
vt -0.196041 -0.034962 0.000000
vt -0.024738 -0.105918 0.000000
vt -0.008246 -0.236923 0.000000
vt 0.146564 -0.176874 0.000000
vt 0.108594 -0.295591 0.000000
vt 0.561579 0.251066 0.000000
vt 0.551115 0.250000 0.000000
vt 0.561579 -0.001066 0.000000
vt 0.551115 0.000000 0.000000
vt 0.425000 0.125000 0.000000
vt 0.426473 0.000000 0.000000
vt 0.425000 0.000000 0.000000
vt 0.426473 0.250000 0.000000
vt 0.425000 0.249999 0.000000
vt 1.912500 0.033757 0.000000
vt 1.562500 0.033757 0.000000
vt 1.912184 0.033446 0.000000
vt 1.562816 0.033446 0.000000
vt 1.737500 0.022505 0.000000
vt 1.577750 0.018474 0.000000
vt 1.737500 0.011252 0.000000
vt 1.591864 0.002783 0.000000
vt 1.737500 0.000000 0.000000
vt 1.598247 -0.005570 0.000000
vt 1.737500 -0.011252 0.000000
vt 1.603885 -0.014415 0.000000
vt 1.737500 -0.022505 0.000000
vt 1.608425 -0.023817 0.000000
vt 1.863566 -0.033757 0.000000
vt 1.611434 -0.033757 0.000000
vt 1.866575 -0.023817 0.000000
vt 1.871115 -0.014415 0.000000
vt 1.876753 -0.005570 0.000000
vt 1.883136 0.002783 0.000000
vt 1.897250 0.018474 0.000000
vt -0.078540 -3.657174 0.000000
vt -0.078540 -3.528973 0.000000
vt -0.088884 -3.659144 0.000000
vt -0.091630 -3.464872 0.000000
vt -0.104720 -3.464872 0.000000
vt -0.098865 -3.267761 0.000000
vt -0.108331 -3.263380 0.000000
vt -0.078540 -3.400771 0.000000
vt -0.088884 -3.270599 0.000000
vt -0.078540 -3.272569 0.000000
vt -0.117810 -3.464872 0.000000
vt -0.117253 -3.257878 0.000000
vt -0.125695 -3.251604 0.000000
vt -0.130900 -3.464872 0.000000
vt -0.141583 -3.237640 0.000000
vt -0.143990 -3.464872 0.000000
vt -0.157080 -3.384077 0.000000
vt -0.157080 -3.545666 0.000000
vt -0.156764 -3.222802 0.000000
vt -0.157080 -3.222487 0.000000
vt -0.157080 -3.707256 0.000000
vt -0.156764 -3.706942 0.000000
vt -0.141583 -3.692104 0.000000
vt -0.125695 -3.678139 0.000000
vt -0.117253 -3.671865 0.000000
vt -0.108331 -3.666363 0.000000
vt -0.098865 -3.661982 0.000000
vt -1.562500 0.033757 0.000000
vt -1.912500 0.033757 0.000000
vt -1.562816 0.033446 0.000000
vt -1.912184 0.033446 0.000000
vt -1.737500 0.022505 0.000000
vt -1.897250 0.018474 0.000000
vt -1.737500 0.011252 0.000000
vt -1.883136 0.002783 0.000000
vt -1.737500 -0.000000 0.000000
vt -1.876753 -0.005570 0.000000
vt -1.737500 -0.011252 0.000000
vt -1.871115 -0.014415 0.000000
vt -1.737500 -0.022505 0.000000
vt -1.866575 -0.023817 0.000000
vt -1.611434 -0.033757 0.000000
vt -1.863566 -0.033757 0.000000
vt -1.608425 -0.023817 0.000000
vt -1.603885 -0.014415 0.000000
vt -1.598247 -0.005570 0.000000
vt -1.591864 0.002783 0.000000
vt -1.577750 0.018474 0.000000
vt -0.157080 -1.836539 0.000000
vt -0.157080 -1.998128 0.000000
vt -0.156764 -1.836853 0.000000
vt -0.141583 -1.851691 0.000000
vt -0.143990 -2.078923 0.000000
vt -0.130900 -2.078923 0.000000
vt -0.125695 -2.292190 0.000000
vt -0.117253 -2.285917 0.000000
vt -0.157080 -2.159718 0.000000
vt -0.141583 -2.306155 0.000000
vt -0.157080 -2.321307 0.000000
vt -0.156764 -2.320993 0.000000
vt -0.117810 -2.078923 0.000000
vt -0.108331 -2.280414 0.000000
vt -0.098865 -2.276033 0.000000
vt -0.104720 -2.078923 0.000000
vt -0.088884 -2.273196 0.000000
vt -0.091630 -2.078923 0.000000
vt -0.078540 -2.143024 0.000000
vt -0.078540 -2.014822 0.000000
vt -0.078540 -2.271226 0.000000
vt -0.078540 -1.886620 0.000000
vt -0.088884 -1.884650 0.000000
vt -0.098865 -1.881813 0.000000
vt -0.108331 -1.877432 0.000000
vt -0.117253 -1.871929 0.000000
vt -0.125695 -1.865656 0.000000
vt -0.253138 -0.145757 0.000000
vt -0.129035 -0.186890 0.000000
vt -0.196041 -0.034962 0.000000
vt -0.024738 -0.105918 0.000000
vt -0.008246 -0.236923 0.000000
vt 0.146564 -0.176874 0.000000
vt 0.108594 -0.295591 0.000000
vt 0.561579 0.251066 0.000000
vt 0.551115 0.250000 0.000000
vt 0.561579 -0.001066 0.000000
vt 0.551115 0.000000 0.000000
vt 0.425000 0.125000 0.000000
vt 0.426473 0.000000 0.000000
vt 0.425000 0.000000 0.000000
vt 0.426473 0.250000 0.000000
vt 0.425000 0.249999 0.000000
vt -0.157080 -1.836539 0.000000
vt -0.157080 -1.998128 0.000000
vt -0.156764 -1.836853 0.000000
vt -0.141583 -1.851691 0.000000
vt -0.143990 -2.078923 0.000000
vt -0.130900 -2.078923 0.000000
vt -0.125695 -2.292190 0.000000
vt -0.117253 -2.285917 0.000000
vt -0.157080 -2.159718 0.000000
vt -0.141583 -2.306155 0.000000
vt -0.157080 -2.321307 0.000000
vt -0.156764 -2.320993 0.000000
vt -0.117810 -2.078923 0.000000
vt -0.108331 -2.280414 0.000000
vt -0.098865 -2.276033 0.000000
vt -0.104720 -2.078923 0.000000
vt -0.088884 -2.273196 0.000000
vt -0.091630 -2.078923 0.000000
vt -0.078540 -2.143024 0.000000
vt -0.078540 -2.014822 0.000000
vt -0.078540 -2.271226 0.000000
vt -0.078540 -1.886620 0.000000
vt -0.088884 -1.884650 0.000000
vt -0.098865 -1.881813 0.000000
vt -0.108331 -1.877432 0.000000
vt -0.117253 -1.871929 0.000000
vt -0.125695 -1.865656 0.000000
vt 1.912500 0.033757 0.000000
vt 1.562500 0.033757 0.000000
vt 1.912184 0.033446 0.000000
vt 1.562816 0.033446 0.000000
vt 1.737500 0.022505 0.000000
vt 1.577750 0.018474 0.000000
vt 1.737500 0.011252 0.000000
vt 1.591864 0.002783 0.000000
vt 1.737500 -0.000000 0.000000
vt 1.598247 -0.005570 0.000000
vt 1.737500 -0.011252 0.000000
vt 1.603885 -0.014415 0.000000
vt 1.737500 -0.022505 0.000000
vt 1.608425 -0.023817 0.000000
vt 1.863566 -0.033757 0.000000
vt 1.611434 -0.033757 0.000000
vt 1.866575 -0.023817 0.000000
vt 1.871115 -0.014415 0.000000
vt 1.876753 -0.005570 0.000000
vt 1.883136 0.002783 0.000000
vt 1.897250 0.018474 0.000000
vt -1.863566 -0.033757 0.000000
vt -1.611434 -0.033757 0.000000
vt -1.866575 -0.023817 0.000000
vt -1.737500 -0.022505 0.000000
vt -1.871115 -0.014415 0.000000
vt -1.737500 -0.011252 0.000000
vt -1.876753 -0.005570 0.000000
vt -1.737500 0.000000 0.000000
vt -1.883136 0.002783 0.000000
vt -1.737500 0.011252 0.000000
vt -1.897250 0.018474 0.000000
vt -1.737500 0.022505 0.000000
vt -1.912184 0.033446 0.000000
vt -1.562816 0.033446 0.000000
vt -1.912500 0.033757 0.000000
vt -1.562500 0.033757 0.000000
vt -1.608425 -0.023817 0.000000
vt -1.603885 -0.014415 0.000000
vt -1.598247 -0.005570 0.000000
vt -1.591864 0.002783 0.000000
vt -1.577750 0.018474 0.000000
vt -0.157080 -3.222487 0.000000
vt -0.157080 -3.384077 0.000000
vt -0.156764 -3.222802 0.000000
vt -0.141583 -3.237640 0.000000
vt -0.143990 -3.464872 0.000000
vt -0.130900 -3.464872 0.000000
vt -0.125695 -3.678139 0.000000
vt -0.117253 -3.671865 0.000000
vt -0.157080 -3.545666 0.000000
vt -0.141583 -3.692104 0.000000
vt -0.157080 -3.707256 0.000000
vt -0.156764 -3.706942 0.000000
vt -0.117810 -3.464872 0.000000
vt -0.108331 -3.666363 0.000000
vt -0.098865 -3.661982 0.000000
vt -0.104720 -3.464872 0.000000
vt -0.088884 -3.659144 0.000000
vt -0.091630 -3.464872 0.000000
vt -0.078540 -3.528973 0.000000
vt -0.078540 -3.400771 0.000000
vt -0.078540 -3.657174 0.000000
vt -0.078540 -3.272569 0.000000
vt -0.088884 -3.270599 0.000000
vt -0.098865 -3.267761 0.000000
vt -0.108331 -3.263380 0.000000
vt -0.117253 -3.257878 0.000000
vt -0.125695 -3.251604 0.000000
vt 0.561579 0.251066 0.000000
vt 0.551115 0.250000 0.000000
vt 0.561579 -0.001066 0.000000
vt 0.551115 0.000000 0.000000
vt 0.425000 0.125000 0.000000
vt 0.426473 0.000000 0.000000
vt 0.425000 0.000000 0.000000
vt 0.426473 0.250000 0.000000
vt 0.425000 0.249999 0.000000
vt -0.108594 -0.295591 0.000000
vt 0.008246 -0.236923 0.000000
vt -0.146564 -0.176874 0.000000
vt 0.024738 -0.105918 0.000000
vt 0.129035 -0.186890 0.000000
vt 0.196041 -0.034962 0.000000
vt 0.253138 -0.145757 0.000000
vt 1.912500 0.033757 0.000000
vt 1.562500 0.033757 0.000000
vt 1.912184 0.033446 0.000000
vt 1.562816 0.033446 0.000000
vt 1.737500 0.022505 0.000000
vt 1.577750 0.018474 0.000000
vt 1.737500 0.011252 0.000000
vt 1.591864 0.002783 0.000000
vt 1.737500 -0.000000 0.000000
vt 1.598247 -0.005570 0.000000
vt 1.737500 -0.011252 0.000000
vt 1.603885 -0.014415 0.000000
vt 1.737500 -0.022505 0.000000
vt 1.608425 -0.023817 0.000000
vt 1.863566 -0.033757 0.000000
vt 1.611434 -0.033757 0.000000
vt 1.866575 -0.023817 0.000000
vt 1.871115 -0.014415 0.000000
vt 1.876753 -0.005570 0.000000
vt 1.883136 0.002783 0.000000
vt 1.897250 0.018474 0.000000
vt -0.078540 -0.885277 0.000000
vt -0.078540 -0.757075 0.000000
vt -0.088884 -0.887247 0.000000
vt -0.091630 -0.692974 0.000000
vt -0.104720 -0.692974 0.000000
vt -0.098865 -0.495864 0.000000
vt -0.108331 -0.491483 0.000000
vt -0.078540 -0.628873 0.000000
vt -0.088884 -0.498702 0.000000
vt -0.078540 -0.500672 0.000000
vt -0.117810 -0.692974 0.000000
vt -0.117253 -0.485981 0.000000
vt -0.125695 -0.479707 0.000000
vt -0.130900 -0.692974 0.000000
vt -0.141583 -0.465742 0.000000
vt -0.143990 -0.692974 0.000000
vt -0.157080 -0.612180 0.000000
vt -0.157080 -0.773769 0.000000
vt -0.156764 -0.450904 0.000000
vt -0.157080 -0.450590 0.000000
vt -0.157080 -0.935359 0.000000
vt -0.156764 -0.935044 0.000000
vt -0.141583 -0.920206 0.000000
vt -0.125695 -0.906242 0.000000
vt -0.117253 -0.899968 0.000000
vt -0.108331 -0.894466 0.000000
vt -0.098865 -0.890085 0.000000
vt -1.562500 0.033757 0.000000
vt -1.912500 0.033757 0.000000
vt -1.562816 0.033446 0.000000
vt -1.912184 0.033446 0.000000
vt -1.737500 0.022505 0.000000
vt -1.897250 0.018474 0.000000
vt -1.737500 0.011252 0.000000
vt -1.883136 0.002783 0.000000
vt -1.737500 -0.000000 0.000000
vt -1.876753 -0.005570 0.000000
vt -1.737500 -0.011252 0.000000
vt -1.871115 -0.014415 0.000000
vt -1.737500 -0.022505 0.000000
vt -1.866575 -0.023817 0.000000
vt -1.611434 -0.033757 0.000000
vt -1.863566 -0.033757 0.000000
vt -1.608425 -0.023817 0.000000
vt -1.603885 -0.014415 0.000000
vt -1.598247 -0.005570 0.000000
vt -1.591864 0.002783 0.000000
vt -1.577750 0.018474 0.000000
vt -0.157080 -4.608436 0.000000
vt -0.157080 -4.770026 0.000000
vt -0.156764 -4.608750 0.000000
vt -0.141583 -4.623588 0.000000
vt -0.143990 -4.850820 0.000000
vt -0.130900 -4.850820 0.000000
vt -0.125695 -5.064088 0.000000
vt -0.117253 -5.057814 0.000000
vt -0.157080 -4.931615 0.000000
vt -0.141583 -5.078052 0.000000
vt -0.157080 -5.093205 0.000000
vt -0.156764 -5.092890 0.000000
vt -0.117810 -4.850820 0.000000
vt -0.108331 -5.052312 0.000000
vt -0.098865 -5.047931 0.000000
vt -0.104720 -4.850820 0.000000
vt -0.088884 -5.045093 0.000000
vt -0.091630 -4.850820 0.000000
vt -0.078540 -4.914921 0.000000
vt -0.078540 -4.786719 0.000000
vt -0.078540 -5.043123 0.000000
vt -0.078540 -4.658518 0.000000
vt -0.088884 -4.656548 0.000000
vt -0.098865 -4.653710 0.000000
vt -0.108331 -4.649329 0.000000
vt -0.117253 -4.643827 0.000000
vt -0.125695 -4.637553 0.000000
vt -0.253138 -0.145757 0.000000
vt -0.129035 -0.186890 0.000000
vt -0.196041 -0.034962 0.000000
vt -0.024738 -0.105918 0.000000
vt -0.008246 -0.236923 0.000000
vt 0.146564 -0.176874 0.000000
vt 0.108594 -0.295591 0.000000
vt 0.561579 0.251066 0.000000
vt 0.551115 0.250000 0.000000
vt 0.561579 -0.001066 0.000000
vt 0.551115 0.000000 0.000000
vt 0.425000 0.125000 0.000000
vt 0.426473 0.000000 0.000000
vt 0.425000 0.000000 0.000000
vt 0.426473 0.250000 0.000000
vt 0.425000 0.249999 0.000000
vt 1.912500 0.033757 0.000000
vt 1.562500 0.033757 0.000000
vt 1.912184 0.033446 0.000000
vt 1.562816 0.033446 0.000000
vt 1.737500 0.022505 0.000000
vt 1.577750 0.018474 0.000000
vt 1.737500 0.011252 0.000000
vt 1.591864 0.002783 0.000000
vt 1.737500 0.000000 0.000000
vt 1.598247 -0.005570 0.000000
vt 1.737500 -0.011252 0.000000
vt 1.603885 -0.014415 0.000000
vt 1.737500 -0.022505 0.000000
vt 1.608425 -0.023817 0.000000
vt 1.863566 -0.033757 0.000000
vt 1.611434 -0.033757 0.000000
vt 1.866575 -0.023817 0.000000
vt 1.871115 -0.014415 0.000000
vt 1.876753 -0.005570 0.000000
vt 1.883136 0.002783 0.000000
vt 1.897250 0.018474 0.000000
vt -0.078540 0.500672 0.000000
vt -0.078540 0.628873 0.000000
vt -0.088884 0.498702 0.000000
vt -0.091630 0.692974 0.000000
vt -0.104720 0.692974 0.000000
vt -0.098865 0.890085 0.000000
vt -0.108331 0.894466 0.000000
vt -0.078540 0.757075 0.000000
vt -0.088884 0.887247 0.000000
vt -0.078540 0.885277 0.000000
vt -0.117810 0.692974 0.000000
vt -0.117253 0.899968 0.000000
vt -0.125695 0.906242 0.000000
vt -0.130900 0.692974 0.000000
vt -0.141583 0.920206 0.000000
vt -0.143990 0.692974 0.000000
vt -0.157080 0.773769 0.000000
vt -0.157080 0.612180 0.000000
vt -0.156764 0.935044 0.000000
vt -0.157080 0.935359 0.000000
vt -0.157080 0.450590 0.000000
vt -0.156764 0.450904 0.000000
vt -0.141583 0.465742 0.000000
vt -0.125695 0.479707 0.000000
vt -0.117253 0.485981 0.000000
vt -0.108331 0.491483 0.000000
vt -0.098865 0.495864 0.000000
vt -1.562500 0.033757 0.000000
vt -1.912500 0.033757 0.000000
vt -1.562816 0.033446 0.000000
vt -1.912184 0.033446 0.000000
vt -1.737500 0.022505 0.000000
vt -1.897250 0.018474 0.000000
vt -1.737500 0.011252 0.000000
vt -1.883136 0.002783 0.000000
vt -1.737500 -0.000000 0.000000
vt -1.876753 -0.005570 0.000000
vt -1.737500 -0.011252 0.000000
vt -1.871115 -0.014415 0.000000
vt -1.737500 -0.022505 0.000000
vt -1.866575 -0.023817 0.000000
vt -1.611434 -0.033757 0.000000
vt -1.863566 -0.033757 0.000000
vt -1.608425 -0.023817 0.000000
vt -1.603885 -0.014415 0.000000
vt -1.598247 -0.005570 0.000000
vt -1.591864 0.002783 0.000000
vt -1.577750 0.018474 0.000000
vt -0.157080 5.093205 0.000000
vt -0.157080 4.931615 0.000000
vt -0.156764 5.092890 0.000000
vt -0.141583 5.078052 0.000000
vt -0.143990 4.850820 0.000000
vt -0.130900 4.850820 0.000000
vt -0.125695 4.637553 0.000000
vt -0.117253 4.643827 0.000000
vt -0.157080 4.770026 0.000000
vt -0.141583 4.623588 0.000000
vt -0.157080 4.608436 0.000000
vt -0.156764 4.608750 0.000000
vt -0.117810 4.850820 0.000000
vt -0.108331 4.649329 0.000000
vt -0.098865 4.653710 0.000000
vt -0.104720 4.850820 0.000000
vt -0.088884 4.656548 0.000000
vt -0.091630 4.850820 0.000000
vt -0.078540 4.786719 0.000000
vt -0.078540 4.914921 0.000000
vt -0.078540 4.658518 0.000000
vt -0.078540 5.043123 0.000000
vt -0.088884 5.045093 0.000000
vt -0.098865 5.047931 0.000000
vt -0.108331 5.052312 0.000000
vt -0.117253 5.057814 0.000000
vt -0.125695 5.064088 0.000000
vt -0.253138 -0.145757 0.000000
vt -0.129035 -0.186890 0.000000
vt -0.196041 -0.034962 0.000000
vt -0.024738 -0.105918 0.000000
vt -0.008246 -0.236923 0.000000
vt 0.146564 -0.176874 0.000000
vt 0.108594 -0.295591 0.000000
vt 0.561579 0.251066 0.000000
vt 0.551115 0.250000 0.000000
vt 0.561579 -0.001066 0.000000
vt 0.551115 0.000000 0.000000
vt 0.425000 0.125000 0.000000
vt 0.426473 0.000000 0.000000
vt 0.425000 0.000000 0.000000
vt 0.426473 0.250000 0.000000
vt 0.425000 0.249999 0.000000
vt 0.000000 0.125000 0.000000
vt 0.000794 0.124718 0.000000
vt 0.000000 0.175000 0.000000
vt 0.022524 0.150000 0.000000
vt 0.000794 0.175282 0.000000
vt 0.022857 0.183263 0.000000
vt 0.045048 0.150000 0.000000
vt 0.043978 0.191142 0.000000
vt 0.067572 0.150000 0.000000
vt 0.090096 0.150000 0.000000
vt 0.090096 0.103646 0.000000
vt 0.135144 0.103646 0.000000
vt 0.117368 0.080168 0.000000
vt 0.148487 0.067702 0.000000
vt 0.022857 0.116737 0.000000
vt 0.043978 0.108858 0.000000
vt 0.067572 0.103646 0.000000
vt 0.082837 0.093864 0.000000
vt 0.208659 0.043908 0.000000
vt 0.180192 0.057292 0.000000
vt 0.180192 0.103646 0.000000
vt 0.135144 0.150000 0.000000
vt 0.082837 0.206136 0.000000
vt 0.268095 0.021859 0.000000
vt 0.264905 0.034115 0.000000
vt 0.264905 0.057292 0.000000
vt 0.387585 -0.013760 0.000000
vt 0.349618 -0.000651 0.000000
vt 0.349618 0.010937 0.000000
vt 0.349618 0.034115 0.000000
vt 0.349618 0.057292 0.000000
vt 0.519044 0.150000 0.000000
vt 0.349618 0.103646 0.000000
vt 0.349618 0.150000 0.000000
vt 0.264905 0.150000 0.000000
vt 0.264905 0.242708 0.000000
vt 0.180192 0.242708 0.000000
vt 0.208659 0.256092 0.000000
vt 0.148487 0.232298 0.000000
vt 0.517777 -0.035294 0.000000
vt 0.519044 -0.035417 0.000000
vt 0.519044 0.335417 0.000000
vt 0.517777 0.335294 0.000000
vt 0.387585 0.313760 0.000000
vt 0.349618 0.242708 0.000000
vt 0.268095 0.278141 0.000000
vt 0.180192 0.150000 0.000000
vt 0.117368 0.219832 0.000000
vt 0.264905 0.103646 0.000000
vt 0.521717 0.125000 0.000000
vt 0.520918 0.125270 0.000000
vt 0.520918 0.124730 0.000000
vt 0.498675 0.117121 0.000000
vt 0.498675 0.132879 0.000000
vt 0.477336 0.109699 0.000000
vt 0.475426 0.135417 0.000000
vt 0.452281 0.135417 0.000000
vt 0.477336 0.140301 0.000000
vt 0.437975 0.154187 0.000000
vt 0.429136 0.135417 0.000000
vt 0.402909 0.166589 0.000000
vt 0.382845 0.135417 0.000000
vt 0.371257 0.177631 0.000000
vt 0.336554 0.135417 0.000000
vt 0.309983 0.197974 0.000000
vt 0.252416 0.135417 0.000000
vt 0.249495 0.215774 0.000000
vt 0.168277 0.135417 0.000000
vt 0.128704 0.240989 0.000000
vt 0.000000 0.125000 0.000000
vt 0.000000 0.250000 0.000000
vt 0.000000 0.000001 0.000000
vt 0.128704 0.009011 0.000000
vt 0.168277 0.078125 0.000000
vt 0.252416 0.078125 0.000000
vt 0.309983 0.052026 0.000000
vt 0.336554 0.078125 0.000000
vt 0.371257 0.072369 0.000000
vt 0.168277 0.020833 0.000000
vt 0.249495 0.034226 0.000000
vt 0.382845 0.078125 0.000000
vt 0.402909 0.083411 0.000000
vt 0.437975 0.095813 0.000000
vt 0.000000 0.125000 0.000000
vt 0.000799 0.124730 0.000000
vt 0.000799 0.125270 0.000000
vt 0.023045 0.117121 0.000000
vt 0.023045 0.132879 0.000000
vt 0.044387 0.109699 0.000000
vt 0.045383 0.135416 0.000000
vt 0.068075 0.135416 0.000000
vt 0.044387 0.140301 0.000000
vt 0.083754 0.154187 0.000000
vt 0.090767 0.135416 0.000000
vt 0.136150 0.135416 0.000000
vt 0.118824 0.083411 0.000000
vt 0.136150 0.078125 0.000000
vt 0.150481 0.072369 0.000000
vt 0.181534 0.078125 0.000000
vt 0.211763 0.052026 0.000000
vt 0.266597 0.078125 0.000000
vt 0.266597 0.049479 0.000000
vt 0.351661 0.049479 0.000000
vt 0.272259 0.034226 0.000000
vt 0.351661 0.035156 0.000000
vt 0.351661 0.020833 0.000000
vt 0.393066 0.009011 0.000000
vt 0.083754 0.095813 0.000000
vt 0.521788 0.000000 0.000000
vt 0.521788 0.125000 0.000000
vt 0.521788 0.249999 0.000000
vt 0.393066 0.240989 0.000000
vt 0.351661 0.192708 0.000000
vt 0.351661 0.135416 0.000000
vt 0.266597 0.192708 0.000000
vt 0.266597 0.135416 0.000000
vt 0.211763 0.197974 0.000000
vt 0.181534 0.135416 0.000000
vt 0.150481 0.177631 0.000000
vt 0.118824 0.166589 0.000000
vt 0.272259 0.215774 0.000000
vt 0.351661 0.078125 0.000000
vt 0.000000 0.335417 0.000000
vt 0.000000 0.150000 0.000000
vt 0.001267 0.335294 0.000000
vt 0.131441 0.313760 0.000000
vt 0.165084 0.242708 0.000000
vt 0.250914 0.278141 0.000000
vt 0.247626 0.242708 0.000000
vt 0.310342 0.256092 0.000000
vt 0.330167 0.242708 0.000000
vt 0.370506 0.232298 0.000000
vt 0.330167 0.196354 0.000000
vt 0.377369 0.196354 0.000000
vt 0.377369 0.150000 0.000000
vt 0.424570 0.150000 0.000000
vt 0.424570 0.103646 0.000000
vt 0.448170 0.103646 0.000000
vt 0.436146 0.093864 0.000000
vt 0.475000 0.108858 0.000000
vt 0.000000 -0.035417 0.000000
vt 0.001267 -0.035294 0.000000
vt 0.131441 -0.013760 0.000000
vt 0.165084 0.057292 0.000000
vt 0.165084 0.010937 0.000000
vt 0.250914 0.021859 0.000000
vt 0.247626 0.057292 0.000000
vt 0.310342 0.043908 0.000000
vt 0.247626 0.080283 0.000000
vt 0.330167 0.080222 0.000000
vt 0.330167 0.103646 0.000000
vt 0.377369 0.103646 0.000000
vt 0.330167 0.150000 0.000000
vt 0.330167 0.057292 0.000000
vt 0.370506 0.067702 0.000000
vt 0.377369 0.080186 0.000000
vt 0.401620 0.080168 0.000000
vt 0.496118 0.116737 0.000000
vt 0.471771 0.150000 0.000000
vt 0.448170 0.150000 0.000000
vt 0.495371 0.150000 0.000000
vt 0.518179 0.124718 0.000000
vt 0.518972 0.125000 0.000000
vt 0.518972 0.175000 0.000000
vt 0.518179 0.175282 0.000000
vt 0.496118 0.183263 0.000000
vt 0.475000 0.191142 0.000000
vt 0.448170 0.196354 0.000000
vt 0.436146 0.206136 0.000000
vt 0.424570 0.196354 0.000000
vt 0.401620 0.219832 0.000000
vt 0.165084 0.080345 0.000000
vt 0.165084 0.103646 0.000000
vt 0.247626 0.103646 0.000000
vt 0.165084 0.150000 0.000000
vt 0.247626 0.150000 0.000000
vt 0.165084 0.196354 0.000000
vt 0.247626 0.196354 0.000000
vt 0.040500 0.251066 0.000000
vt 0.040500 -0.001066 0.000000
vt 0.050965 0.250000 0.000000
vt 0.050965 0.000000 0.000000
vt 0.177080 0.125000 0.000000
vt 0.175607 0.000000 0.000000
vt 0.177080 0.000001 0.000000
vt 0.177080 0.250000 0.000000
vt 0.175607 0.250000 0.000000
vt -0.253138 -0.145757 0.000000
vt -0.129035 -0.186890 0.000000
vt -0.196041 -0.034962 0.000000
vt -0.024738 -0.105918 0.000000
vt -0.008246 -0.236923 0.000000
vt 0.146564 -0.176874 0.000000
vt 0.108594 -0.295591 0.000000
vt 0.000000 0.125000 0.000000
vt 0.000794 0.124718 0.000000
vt 0.000000 0.175000 0.000000
vt 0.022524 0.150000 0.000000
vt 0.000794 0.175282 0.000000
vt 0.022857 0.183263 0.000000
vt 0.045048 0.150000 0.000000
vt 0.043978 0.191142 0.000000
vt 0.067572 0.150000 0.000000
vt 0.090096 0.150000 0.000000
vt 0.090096 0.103646 0.000000
vt 0.135144 0.103646 0.000000
vt 0.117368 0.080168 0.000000
vt 0.148487 0.067702 0.000000
vt 0.022857 0.116737 0.000000
vt 0.043978 0.108858 0.000000
vt 0.067572 0.103646 0.000000
vt 0.082837 0.093864 0.000000
vt 0.208659 0.043908 0.000000
vt 0.180192 0.057292 0.000000
vt 0.180192 0.103646 0.000000
vt 0.135144 0.150000 0.000000
vt 0.082837 0.206136 0.000000
vt 0.268095 0.021859 0.000000
vt 0.264905 0.034115 0.000000
vt 0.264905 0.057292 0.000000
vt 0.387585 -0.013760 0.000000
vt 0.349618 -0.000651 0.000000
vt 0.349618 0.010937 0.000000
vt 0.349618 0.034115 0.000000
vt 0.349618 0.057292 0.000000
vt 0.519044 0.150000 0.000000
vt 0.349618 0.103646 0.000000
vt 0.349618 0.150000 0.000000
vt 0.264905 0.150000 0.000000
vt 0.264905 0.242708 0.000000
vt 0.180192 0.242708 0.000000
vt 0.208659 0.256092 0.000000
vt 0.148487 0.232298 0.000000
vt 0.517777 -0.035294 0.000000
vt 0.519044 -0.035417 0.000000
vt 0.519044 0.335417 0.000000
vt 0.517777 0.335294 0.000000
vt 0.387585 0.313760 0.000000
vt 0.349618 0.242708 0.000000
vt 0.268095 0.278141 0.000000
vt 0.180192 0.150000 0.000000
vt 0.117368 0.219832 0.000000
vt 0.264905 0.103646 0.000000
vt 0.521717 0.125000 0.000000
vt 0.520918 0.125270 0.000000
vt 0.520918 0.124730 0.000000
vt 0.498675 0.117121 0.000000
vt 0.498675 0.132879 0.000000
vt 0.477336 0.109699 0.000000
vt 0.475426 0.135417 0.000000
vt 0.452281 0.135417 0.000000
vt 0.477336 0.140301 0.000000
vt 0.437975 0.154187 0.000000
vt 0.429136 0.135417 0.000000
vt 0.402909 0.166589 0.000000
vt 0.382845 0.135417 0.000000
vt 0.371257 0.177631 0.000000
vt 0.336554 0.135417 0.000000
vt 0.309983 0.197974 0.000000
vt 0.252416 0.135417 0.000000
vt 0.249495 0.215774 0.000000
vt 0.168277 0.135417 0.000000
vt 0.128704 0.240989 0.000000
vt 0.000000 0.125000 0.000000
vt 0.000000 0.250000 0.000000
vt 0.000000 0.000001 0.000000
vt 0.128704 0.009011 0.000000
vt 0.168277 0.078125 0.000000
vt 0.252416 0.078125 0.000000
vt 0.309983 0.052026 0.000000
vt 0.336554 0.078125 0.000000
vt 0.371257 0.072369 0.000000
vt 0.168277 0.020833 0.000000
vt 0.249495 0.034226 0.000000
vt 0.382845 0.078125 0.000000
vt 0.402909 0.083411 0.000000
vt 0.437975 0.095813 0.000000
vt 0.000000 0.125000 0.000000
vt 0.000799 0.124730 0.000000
vt 0.000799 0.125270 0.000000
vt 0.023045 0.117121 0.000000
vt 0.023045 0.132879 0.000000
vt 0.044387 0.109699 0.000000
vt 0.045383 0.135416 0.000000
vt 0.068075 0.135416 0.000000
vt 0.044387 0.140301 0.000000
vt 0.083754 0.154187 0.000000
vt 0.090767 0.135416 0.000000
vt 0.136150 0.135416 0.000000
vt 0.118824 0.083411 0.000000
vt 0.136150 0.078125 0.000000
vt 0.150481 0.072369 0.000000
vt 0.181534 0.078125 0.000000
vt 0.211763 0.052026 0.000000
vt 0.266597 0.078125 0.000000
vt 0.266597 0.049479 0.000000
vt 0.351661 0.049479 0.000000
vt 0.272259 0.034226 0.000000
vt 0.351661 0.035156 0.000000
vt 0.351661 0.020833 0.000000
vt 0.393066 0.009011 0.000000
vt 0.083754 0.095813 0.000000
vt 0.521788 0.000000 0.000000
vt 0.521788 0.125000 0.000000
vt 0.521788 0.249999 0.000000
vt 0.393066 0.240989 0.000000
vt 0.351661 0.192708 0.000000
vt 0.351661 0.135416 0.000000
vt 0.266597 0.192708 0.000000
vt 0.266597 0.135416 0.000000
vt 0.211763 0.197974 0.000000
vt 0.181534 0.135416 0.000000
vt 0.150481 0.177631 0.000000
vt 0.118824 0.166589 0.000000
vt 0.272259 0.215774 0.000000
vt 0.351661 0.078125 0.000000
vt 0.000000 0.335417 0.000000
vt 0.000000 0.150000 0.000000
vt 0.001267 0.335294 0.000000
vt 0.131441 0.313760 0.000000
vt 0.165084 0.242708 0.000000
vt 0.250914 0.278141 0.000000
vt 0.247626 0.242708 0.000000
vt 0.310342 0.256092 0.000000
vt 0.330167 0.242708 0.000000
vt 0.370506 0.232298 0.000000
vt 0.330167 0.196354 0.000000
vt 0.377369 0.196354 0.000000
vt 0.377369 0.150000 0.000000
vt 0.424570 0.150000 0.000000
vt 0.424570 0.103646 0.000000
vt 0.448170 0.103646 0.000000
vt 0.436146 0.093864 0.000000
vt 0.475000 0.108858 0.000000
vt 0.000000 -0.035417 0.000000
vt 0.001267 -0.035294 0.000000
vt 0.131441 -0.013760 0.000000
vt 0.165084 0.057292 0.000000
vt 0.165084 0.010937 0.000000
vt 0.250914 0.021859 0.000000
vt 0.247626 0.057292 0.000000
vt 0.310342 0.043908 0.000000
vt 0.247626 0.080283 0.000000
vt 0.330167 0.080222 0.000000
vt 0.330167 0.103646 0.000000
vt 0.377369 0.103646 0.000000
vt 0.330167 0.150000 0.000000
vt 0.330167 0.057292 0.000000
vt 0.370506 0.067702 0.000000
vt 0.377369 0.080186 0.000000
vt 0.401620 0.080168 0.000000
vt 0.496118 0.116737 0.000000
vt 0.471771 0.150000 0.000000
vt 0.448170 0.150000 0.000000
vt 0.495371 0.150000 0.000000
vt 0.518179 0.124718 0.000000
vt 0.518972 0.125000 0.000000
vt 0.518972 0.175000 0.000000
vt 0.518179 0.175282 0.000000
vt 0.496118 0.183263 0.000000
vt 0.475000 0.191142 0.000000
vt 0.448170 0.196354 0.000000
vt 0.436146 0.206136 0.000000
vt 0.424570 0.196354 0.000000
vt 0.401620 0.219832 0.000000
vt 0.165084 0.080345 0.000000
vt 0.165084 0.103646 0.000000
vt 0.247626 0.103646 0.000000
vt 0.165084 0.150000 0.000000
vt 0.247626 0.150000 0.000000
vt 0.165084 0.196354 0.000000
vt 0.247626 0.196354 0.000000
vt -0.108594 -0.295591 0.000000
vt 0.008246 -0.236923 0.000000
vt -0.146564 -0.176874 0.000000
vt 0.024738 -0.105918 0.000000
vt 0.129035 -0.186890 0.000000
vt 0.196041 -0.034962 0.000000
vt 0.253138 -0.145757 0.000000
vt 0.040500 0.251066 0.000000
vt 0.040500 -0.001066 0.000000
vt 0.050965 0.250000 0.000000
vt 0.050965 0.000000 0.000000
vt 0.177080 0.125000 0.000000
vt 0.175607 0.000000 0.000000
vt 0.177080 0.000001 0.000000
vt 0.177080 0.250000 0.000000
vt 0.175607 0.250000 0.000000
vt -0.000794 0.124718 0.000000
vt -0.000000 0.125000 0.000000
vt -0.022524 0.150000 0.000000
vt -0.000000 0.175000 0.000000
vt -0.000794 0.175282 0.000000
vt -0.022857 0.183263 0.000000
vt -0.045048 0.150000 0.000000
vt -0.022857 0.116737 0.000000
vt -0.043978 0.108858 0.000000
vt -0.067572 0.150000 0.000000
vt -0.067572 0.103646 0.000000
vt -0.090096 0.150000 0.000000
vt -0.090096 0.103646 0.000000
vt -0.135144 0.150000 0.000000
vt -0.135144 0.103646 0.000000
vt -0.180192 0.150000 0.000000
vt -0.180192 0.103646 0.000000
vt -0.264905 0.150000 0.000000
vt -0.264905 0.103646 0.000000
vt -0.349618 0.150000 0.000000
vt -0.349618 0.103646 0.000000
vt -0.519044 0.150000 0.000000
vt -0.349618 0.057292 0.000000
vt -0.519044 -0.035417 0.000000
vt -0.349618 0.034115 0.000000
vt -0.387585 -0.013760 0.000000
vt -0.349618 0.010937 0.000000
vt -0.349618 -0.000651 0.000000
vt -0.268095 0.021859 0.000000
vt -0.043978 0.191142 0.000000
vt -0.082837 0.206136 0.000000
vt -0.117368 0.219832 0.000000
vt -0.148487 0.232298 0.000000
vt -0.180192 0.242708 0.000000
vt -0.208659 0.256092 0.000000
vt -0.264905 0.242708 0.000000
vt -0.268095 0.278141 0.000000
vt -0.349618 0.242708 0.000000
vt -0.387585 0.313760 0.000000
vt -0.517777 0.335294 0.000000
vt -0.519044 0.335417 0.000000
vt -0.517777 -0.035294 0.000000
vt -0.208659 0.043908 0.000000
vt -0.264905 0.034115 0.000000
vt -0.148487 0.067702 0.000000
vt -0.180192 0.057292 0.000000
vt -0.264905 0.057292 0.000000
vt -0.117368 0.080168 0.000000
vt -0.082837 0.093864 0.000000
vt -0.000000 0.250000 0.000000
vt -0.128704 0.240989 0.000000
vt -0.000000 0.125000 0.000000
vt -0.168277 0.135417 0.000000
vt -0.168277 0.078125 0.000000
vt -0.252416 0.135417 0.000000
vt -0.252416 0.078125 0.000000
vt -0.336554 0.135417 0.000000
vt -0.336554 0.078125 0.000000
vt -0.382845 0.135417 0.000000
vt -0.371257 0.072369 0.000000
vt -0.382845 0.078125 0.000000
vt -0.402909 0.083411 0.000000
vt -0.429136 0.135417 0.000000
vt -0.402909 0.166589 0.000000
vt -0.437975 0.154187 0.000000
vt -0.249495 0.215774 0.000000
vt -0.309983 0.197974 0.000000
vt -0.371257 0.177631 0.000000
vt -0.452281 0.135417 0.000000
vt -0.477336 0.140301 0.000000
vt -0.475426 0.135417 0.000000
vt -0.498675 0.132879 0.000000
vt -0.477336 0.109699 0.000000
vt -0.498675 0.117121 0.000000
vt -0.520918 0.125270 0.000000
vt -0.520918 0.124730 0.000000
vt -0.521717 0.125000 0.000000
vt -0.437975 0.095813 0.000000
vt -0.309983 0.052026 0.000000
vt -0.249495 0.034226 0.000000
vt -0.168277 0.020833 0.000000
vt -0.128704 0.009011 0.000000
vt -0.000000 0.000001 0.000000
vt -0.521788 0.000000 0.000000
vt -0.393066 0.009011 0.000000
vt -0.521788 0.125000 0.000000
vt -0.351661 0.049479 0.000000
vt -0.351661 0.078125 0.000000
vt -0.266597 0.049479 0.000000
vt -0.266597 0.078125 0.000000
vt -0.211763 0.052026 0.000000
vt -0.181534 0.078125 0.000000
vt -0.150481 0.072369 0.000000
vt -0.136150 0.078125 0.000000
vt -0.118824 0.083411 0.000000
vt -0.136150 0.135416 0.000000
vt -0.083754 0.095813 0.000000
vt -0.090767 0.135416 0.000000
vt -0.068075 0.135416 0.000000
vt -0.083754 0.154187 0.000000
vt -0.044387 0.140301 0.000000
vt -0.045383 0.135416 0.000000
vt -0.023045 0.132879 0.000000
vt -0.044387 0.109699 0.000000
vt -0.023045 0.117121 0.000000
vt -0.272259 0.034226 0.000000
vt -0.351661 0.020833 0.000000
vt -0.351661 0.035156 0.000000
vt -0.000799 0.125270 0.000000
vt -0.000799 0.124730 0.000000
vt -0.000000 0.125000 0.000000
vt -0.118824 0.166589 0.000000
vt -0.150481 0.177631 0.000000
vt -0.181534 0.135416 0.000000
vt -0.211763 0.197974 0.000000
vt -0.266597 0.135416 0.000000
vt -0.266597 0.192708 0.000000
vt -0.272259 0.215774 0.000000
vt -0.351661 0.192708 0.000000
vt -0.393066 0.240989 0.000000
vt -0.521788 0.249999 0.000000
vt -0.351661 0.135416 0.000000
vt -0.000000 -0.035417 0.000000
vt -0.000000 0.150000 0.000000
vt -0.001267 -0.035294 0.000000
vt -0.131441 -0.013760 0.000000
vt -0.165084 0.057292 0.000000
vt -0.165084 0.010937 0.000000
vt -0.247626 0.057292 0.000000
vt -0.250914 0.021859 0.000000
vt -0.310342 0.043908 0.000000
vt -0.247626 0.080283 0.000000
vt -0.330167 0.080222 0.000000
vt -0.330167 0.103646 0.000000
vt -0.377369 0.103646 0.000000
vt -0.377369 0.150000 0.000000
vt -0.424570 0.150000 0.000000
vt -0.424570 0.196354 0.000000
vt -0.448170 0.196354 0.000000
vt -0.436146 0.206136 0.000000
vt -0.475000 0.191142 0.000000
vt -0.000000 0.335417 0.000000
vt -0.001267 0.335294 0.000000
vt -0.131441 0.313760 0.000000
vt -0.165084 0.242708 0.000000
vt -0.250914 0.278141 0.000000
vt -0.247626 0.242708 0.000000
vt -0.310342 0.256092 0.000000
vt -0.247626 0.196354 0.000000
vt -0.330167 0.242708 0.000000
vt -0.330167 0.196354 0.000000
vt -0.370506 0.232298 0.000000
vt -0.377369 0.196354 0.000000
vt -0.401620 0.219832 0.000000
vt -0.496118 0.183263 0.000000
vt -0.471771 0.150000 0.000000
vt -0.448170 0.150000 0.000000
vt -0.495371 0.150000 0.000000
vt -0.518179 0.175282 0.000000
vt -0.518972 0.175000 0.000000
vt -0.518972 0.125000 0.000000
vt -0.518179 0.124718 0.000000
vt -0.496118 0.116737 0.000000
vt -0.475000 0.108858 0.000000
vt -0.448170 0.103646 0.000000
vt -0.424570 0.103646 0.000000
vt -0.436146 0.093864 0.000000
vt -0.401620 0.080168 0.000000
vt -0.377369 0.080186 0.000000
vt -0.370506 0.067702 0.000000
vt -0.330167 0.057292 0.000000
vt -0.165084 0.080345 0.000000
vt -0.165084 0.103646 0.000000
vt -0.165084 0.150000 0.000000
vt -0.247626 0.150000 0.000000
vt -0.165084 0.196354 0.000000
vt -0.330167 0.150000 0.000000
vt -0.247626 0.103646 0.000000
vt -0.561579 0.251066 0.000000
vt -0.561579 -0.001066 0.000000
vt -0.551115 0.250000 0.000000
vt -0.551115 0.000000 0.000000
vt -0.425000 0.125000 0.000000
vt -0.426473 0.000000 0.000000
vt -0.425000 0.000000 0.000000
vt -0.425000 0.249999 0.000000
vt -0.426473 0.250000 0.000000
vt -0.108594 -0.295591 0.000000
vt 0.008246 -0.236923 0.000000
vt -0.146564 -0.176874 0.000000
vt 0.024738 -0.105918 0.000000
vt 0.129035 -0.186890 0.000000
vt 0.196041 -0.034962 0.000000
vt 0.253138 -0.145757 0.000000
vt -0.000794 0.124718 0.000000
vt -0.000000 0.125000 0.000000
vt -0.022524 0.150000 0.000000
vt -0.000000 0.175000 0.000000
vt -0.000794 0.175282 0.000000
vt -0.022857 0.183263 0.000000
vt -0.045048 0.150000 0.000000
vt -0.022857 0.116737 0.000000
vt -0.043978 0.108858 0.000000
vt -0.067572 0.150000 0.000000
vt -0.067572 0.103646 0.000000
vt -0.090096 0.150000 0.000000
vt -0.090096 0.103646 0.000000
vt -0.135144 0.150000 0.000000
vt -0.135144 0.103646 0.000000
vt -0.180192 0.150000 0.000000
vt -0.180192 0.103646 0.000000
vt -0.264905 0.150000 0.000000
vt -0.264905 0.103646 0.000000
vt -0.349618 0.150000 0.000000
vt -0.349618 0.103646 0.000000
vt -0.519044 0.150000 0.000000
vt -0.349618 0.057292 0.000000
vt -0.519044 -0.035417 0.000000
vt -0.349618 0.034115 0.000000
vt -0.387585 -0.013760 0.000000
vt -0.349618 0.010937 0.000000
vt -0.349618 -0.000651 0.000000
vt -0.268095 0.021859 0.000000
vt -0.043978 0.191142 0.000000
vt -0.082837 0.206136 0.000000
vt -0.117368 0.219832 0.000000
vt -0.148487 0.232298 0.000000
vt -0.180192 0.242708 0.000000
vt -0.208659 0.256092 0.000000
vt -0.264905 0.242708 0.000000
vt -0.268095 0.278141 0.000000
vt -0.349618 0.242708 0.000000
vt -0.387585 0.313760 0.000000
vt -0.517777 0.335294 0.000000
vt -0.519044 0.335417 0.000000
vt -0.517777 -0.035294 0.000000
vt -0.208659 0.043908 0.000000
vt -0.264905 0.034115 0.000000
vt -0.148487 0.067702 0.000000
vt -0.180192 0.057292 0.000000
vt -0.264905 0.057292 0.000000
vt -0.117368 0.080168 0.000000
vt -0.082837 0.093864 0.000000
vt -0.000000 0.250000 0.000000
vt -0.128704 0.240989 0.000000
vt -0.000000 0.125000 0.000000
vt -0.168277 0.135417 0.000000
vt -0.168277 0.078125 0.000000
vt -0.252416 0.135417 0.000000
vt -0.252416 0.078125 0.000000
vt -0.336554 0.135417 0.000000
vt -0.336554 0.078125 0.000000
vt -0.382845 0.135417 0.000000
vt -0.371257 0.072369 0.000000
vt -0.382845 0.078125 0.000000
vt -0.402909 0.083411 0.000000
vt -0.429136 0.135417 0.000000
vt -0.402909 0.166589 0.000000
vt -0.437975 0.154187 0.000000
vt -0.249495 0.215774 0.000000
vt -0.309983 0.197974 0.000000
vt -0.371257 0.177631 0.000000
vt -0.452281 0.135417 0.000000
vt -0.477336 0.140301 0.000000
vt -0.475426 0.135417 0.000000
vt -0.498675 0.132879 0.000000
vt -0.477336 0.109699 0.000000
vt -0.498675 0.117121 0.000000
vt -0.520918 0.125270 0.000000
vt -0.520918 0.124730 0.000000
vt -0.521717 0.125000 0.000000
vt -0.437975 0.095813 0.000000
vt -0.309983 0.052026 0.000000
vt -0.249495 0.034226 0.000000
vt -0.168277 0.020833 0.000000
vt -0.128704 0.009011 0.000000
vt -0.000000 0.000001 0.000000
vt -0.521788 -0.000000 0.000000
vt -0.393066 0.009011 0.000000
vt -0.521788 0.125000 0.000000
vt -0.351661 0.049479 0.000000
vt -0.351661 0.078125 0.000000
vt -0.266597 0.049479 0.000000
vt -0.266597 0.078125 0.000000
vt -0.211763 0.052026 0.000000
vt -0.181534 0.078125 0.000000
vt -0.150481 0.072369 0.000000
vt -0.136150 0.078125 0.000000
vt -0.118824 0.083411 0.000000
vt -0.136150 0.135416 0.000000
vt -0.083754 0.095813 0.000000
vt -0.090767 0.135416 0.000000
vt -0.068075 0.135416 0.000000
vt -0.083754 0.154187 0.000000
vt -0.044387 0.140301 0.000000
vt -0.045383 0.135416 0.000000
vt -0.023045 0.132879 0.000000
vt -0.044387 0.109699 0.000000
vt -0.023045 0.117121 0.000000
vt -0.272259 0.034226 0.000000
vt -0.351661 0.020833 0.000000
vt -0.351661 0.035156 0.000000
vt -0.000799 0.125270 0.000000
vt -0.000799 0.124730 0.000000
vt -0.000000 0.125000 0.000000
vt -0.118824 0.166589 0.000000
vt -0.150481 0.177631 0.000000
vt -0.181534 0.135416 0.000000
vt -0.211763 0.197974 0.000000
vt -0.266597 0.135416 0.000000
vt -0.266597 0.192708 0.000000
vt -0.272259 0.215774 0.000000
vt -0.351661 0.192708 0.000000
vt -0.393066 0.240989 0.000000
vt -0.521788 0.249999 0.000000
vt -0.351661 0.135416 0.000000
vt -0.000000 -0.035417 0.000000
vt -0.000000 0.150000 0.000000
vt -0.001267 -0.035294 0.000000
vt -0.131441 -0.013760 0.000000
vt -0.165084 0.057292 0.000000
vt -0.165084 0.010937 0.000000
vt -0.247626 0.057292 0.000000
vt -0.250914 0.021859 0.000000
vt -0.310342 0.043908 0.000000
vt -0.247626 0.080283 0.000000
vt -0.330167 0.080222 0.000000
vt -0.330167 0.103646 0.000000
vt -0.377369 0.103646 0.000000
vt -0.377369 0.150000 0.000000
vt -0.424570 0.150000 0.000000
vt -0.424570 0.196354 0.000000
vt -0.448170 0.196354 0.000000
vt -0.436146 0.206136 0.000000
vt -0.475000 0.191142 0.000000
vt -0.000000 0.335417 0.000000
vt -0.001267 0.335294 0.000000
vt -0.131441 0.313760 0.000000
vt -0.165084 0.242708 0.000000
vt -0.250914 0.278141 0.000000
vt -0.247626 0.242708 0.000000
vt -0.310342 0.256092 0.000000
vt -0.247626 0.196354 0.000000
vt -0.330167 0.242708 0.000000
vt -0.330167 0.196354 0.000000
vt -0.370506 0.232298 0.000000
vt -0.377369 0.196354 0.000000
vt -0.401620 0.219832 0.000000
vt -0.496118 0.183263 0.000000
vt -0.471771 0.150000 0.000000
vt -0.448170 0.150000 0.000000
vt -0.495371 0.150000 0.000000
vt -0.518179 0.175282 0.000000
vt -0.518972 0.175000 0.000000
vt -0.518972 0.125000 0.000000
vt -0.518179 0.124718 0.000000
vt -0.496118 0.116737 0.000000
vt -0.475000 0.108858 0.000000
vt -0.448170 0.103646 0.000000
vt -0.424570 0.103646 0.000000
vt -0.436146 0.093864 0.000000
vt -0.401620 0.080168 0.000000
vt -0.377369 0.080186 0.000000
vt -0.370506 0.067702 0.000000
vt -0.330167 0.057292 0.000000
vt -0.165084 0.080345 0.000000
vt -0.165084 0.103646 0.000000
vt -0.165084 0.150000 0.000000
vt -0.247626 0.150000 0.000000
vt -0.165084 0.196354 0.000000
vt -0.330167 0.150000 0.000000
vt -0.247626 0.103646 0.000000
vt -0.561579 0.251066 0.000000
vt -0.561579 -0.001066 0.000000
vt -0.551115 0.250000 0.000000
vt -0.551115 0.000000 0.000000
vt -0.425000 0.125000 0.000000
vt -0.426473 0.000000 0.000000
vt -0.425000 0.000000 0.000000
vt -0.425000 0.249999 0.000000
vt -0.426473 0.250000 0.000000
vt -0.108594 -0.295591 0.000000
vt 0.008246 -0.236923 0.000000
vt -0.146564 -0.176874 0.000000
vt 0.024738 -0.105918 0.000000
vt 0.129035 -0.186890 0.000000
vt 0.196041 -0.034962 0.000000
vt 0.253138 -0.145757 0.000000
vt 0.000000 0.125000 0.000000
vt 0.000794 0.124718 0.000000
vt 0.000000 0.175000 0.000000
vt 0.022524 0.150000 0.000000
vt 0.000794 0.175282 0.000000
vt 0.022857 0.183263 0.000000
vt 0.045048 0.150000 0.000000
vt 0.043978 0.191142 0.000000
vt 0.067572 0.150000 0.000000
vt 0.090096 0.150000 0.000000
vt 0.090096 0.103646 0.000000
vt 0.135144 0.103646 0.000000
vt 0.117368 0.080168 0.000000
vt 0.148487 0.067702 0.000000
vt 0.022857 0.116737 0.000000
vt 0.043978 0.108858 0.000000
vt 0.067572 0.103646 0.000000
vt 0.082837 0.093864 0.000000
vt 0.208659 0.043908 0.000000
vt 0.180192 0.057292 0.000000
vt 0.180192 0.103646 0.000000
vt 0.135144 0.150000 0.000000
vt 0.082837 0.206136 0.000000
vt 0.268095 0.021859 0.000000
vt 0.264905 0.034115 0.000000
vt 0.264905 0.057292 0.000000
vt 0.387585 -0.013760 0.000000
vt 0.349618 -0.000651 0.000000
vt 0.349618 0.010937 0.000000
vt 0.349618 0.034115 0.000000
vt 0.349618 0.057292 0.000000
vt 0.519044 0.150000 0.000000
vt 0.349618 0.103646 0.000000
vt 0.349618 0.150000 0.000000
vt 0.264905 0.150000 0.000000
vt 0.264905 0.242708 0.000000
vt 0.180192 0.242708 0.000000
vt 0.208659 0.256092 0.000000
vt 0.148487 0.232298 0.000000
vt 0.517777 -0.035294 0.000000
vt 0.519044 -0.035417 0.000000
vt 0.519044 0.335417 0.000000
vt 0.517777 0.335294 0.000000
vt 0.387585 0.313760 0.000000
vt 0.349618 0.242708 0.000000
vt 0.268095 0.278141 0.000000
vt 0.180192 0.150000 0.000000
vt 0.117368 0.219832 0.000000
vt 0.264905 0.103646 0.000000
vt 0.521717 0.125000 0.000000
vt 0.520918 0.125270 0.000000
vt 0.520918 0.124730 0.000000
vt 0.498675 0.117121 0.000000
vt 0.498675 0.132879 0.000000
vt 0.477336 0.109699 0.000000
vt 0.475426 0.135417 0.000000
vt 0.452281 0.135417 0.000000
vt 0.477336 0.140301 0.000000
vt 0.437975 0.154187 0.000000
vt 0.429136 0.135417 0.000000
vt 0.402909 0.166589 0.000000
vt 0.382845 0.135417 0.000000
vt 0.371257 0.177631 0.000000
vt 0.336554 0.135417 0.000000
vt 0.309983 0.197974 0.000000
vt 0.252416 0.135417 0.000000
vt 0.249495 0.215774 0.000000
vt 0.168277 0.135417 0.000000
vt 0.128704 0.240989 0.000000
vt 0.000000 0.125000 0.000000
vt 0.000000 0.250000 0.000000
vt 0.000000 0.000001 0.000000
vt 0.128704 0.009011 0.000000
vt 0.168277 0.078125 0.000000
vt 0.252416 0.078125 0.000000
vt 0.309983 0.052026 0.000000
vt 0.336554 0.078125 0.000000
vt 0.371257 0.072369 0.000000
vt 0.168277 0.020833 0.000000
vt 0.249495 0.034226 0.000000
vt 0.382845 0.078125 0.000000
vt 0.402909 0.083411 0.000000
vt 0.437975 0.095813 0.000000
vt 0.000000 0.125000 0.000000
vt 0.000799 0.124730 0.000000
vt 0.000799 0.125270 0.000000
vt 0.023045 0.117121 0.000000
vt 0.023045 0.132879 0.000000
vt 0.044387 0.109699 0.000000
vt 0.045383 0.135416 0.000000
vt 0.068075 0.135416 0.000000
vt 0.044387 0.140301 0.000000
vt 0.083754 0.154187 0.000000
vt 0.090767 0.135416 0.000000
vt 0.136150 0.135416 0.000000
vt 0.118824 0.083411 0.000000
vt 0.136150 0.078125 0.000000
vt 0.150481 0.072369 0.000000
vt 0.181534 0.078125 0.000000
vt 0.211763 0.052026 0.000000
vt 0.266597 0.078125 0.000000
vt 0.266597 0.049479 0.000000
vt 0.351661 0.049479 0.000000
vt 0.272259 0.034226 0.000000
vt 0.351661 0.035156 0.000000
vt 0.351661 0.020833 0.000000
vt 0.393066 0.009011 0.000000
vt 0.083754 0.095813 0.000000
vt 0.521788 0.000000 0.000000
vt 0.521788 0.125000 0.000000
vt 0.521788 0.249999 0.000000
vt 0.393066 0.240989 0.000000
vt 0.351661 0.192708 0.000000
vt 0.351661 0.135416 0.000000
vt 0.266597 0.192708 0.000000
vt 0.266597 0.135416 0.000000
vt 0.211763 0.197974 0.000000
vt 0.181534 0.135416 0.000000
vt 0.150481 0.177631 0.000000
vt 0.118824 0.166589 0.000000
vt 0.272259 0.215774 0.000000
vt 0.351661 0.078125 0.000000
vt 0.000000 0.335417 0.000000
vt 0.000000 0.150000 0.000000
vt 0.001267 0.335294 0.000000
vt 0.131441 0.313760 0.000000
vt 0.165084 0.242708 0.000000
vt 0.250914 0.278141 0.000000
vt 0.247626 0.242708 0.000000
vt 0.310342 0.256092 0.000000
vt 0.330167 0.242708 0.000000
vt 0.370506 0.232298 0.000000
vt 0.330167 0.196354 0.000000
vt 0.377369 0.196354 0.000000
vt 0.377369 0.150000 0.000000
vt 0.424570 0.150000 0.000000
vt 0.424570 0.103646 0.000000
vt 0.448170 0.103646 0.000000
vt 0.436146 0.093864 0.000000
vt 0.475000 0.108858 0.000000
vt 0.000000 -0.035417 0.000000
vt 0.001267 -0.035294 0.000000
vt 0.131441 -0.013760 0.000000
vt 0.165084 0.057292 0.000000
vt 0.165084 0.010937 0.000000
vt 0.250914 0.021859 0.000000
vt 0.247626 0.057292 0.000000
vt 0.310342 0.043908 0.000000
vt 0.247626 0.080283 0.000000
vt 0.330167 0.080222 0.000000
vt 0.330167 0.103646 0.000000
vt 0.377369 0.103646 0.000000
vt 0.330167 0.150000 0.000000
vt 0.330167 0.057292 0.000000
vt 0.370506 0.067702 0.000000
vt 0.377369 0.080186 0.000000
vt 0.401620 0.080168 0.000000
vt 0.496118 0.116737 0.000000
vt 0.471771 0.150000 0.000000
vt 0.448170 0.150000 0.000000
vt 0.495371 0.150000 0.000000
vt 0.518179 0.124718 0.000000
vt 0.518972 0.125000 0.000000
vt 0.518972 0.175000 0.000000
vt 0.518179 0.175282 0.000000
vt 0.496118 0.183263 0.000000
vt 0.475000 0.191142 0.000000
vt 0.448170 0.196354 0.000000
vt 0.436146 0.206136 0.000000
vt 0.424570 0.196354 0.000000
vt 0.401620 0.219832 0.000000
vt 0.165084 0.080345 0.000000
vt 0.165084 0.103646 0.000000
vt 0.247626 0.103646 0.000000
vt 0.165084 0.150000 0.000000
vt 0.247626 0.150000 0.000000
vt 0.165084 0.196354 0.000000
vt 0.247626 0.196354 0.000000
vt -0.108594 -0.295591 0.000000
vt 0.008246 -0.236923 0.000000
vt -0.146564 -0.176874 0.000000
vt 0.024738 -0.105918 0.000000
vt 0.129035 -0.186890 0.000000
vt 0.196041 -0.034962 0.000000
vt 0.253138 -0.145757 0.000000
vt 0.040500 0.251066 0.000000
vt 0.040500 -0.001066 0.000000
vt 0.050965 0.250000 0.000000
vt 0.050965 0.000000 0.000000
vt 0.177080 0.125000 0.000000
vt 0.175607 0.000000 0.000000
vt 0.177080 0.000001 0.000000
vt 0.177080 0.250000 0.000000
vt 0.175607 0.250000 0.000000
vt -0.000794 0.124718 0.000000
vt -0.000000 0.125000 0.000000
vt -0.022524 0.150000 0.000000
vt -0.000000 0.175000 0.000000
vt -0.000794 0.175282 0.000000
vt -0.022857 0.183263 0.000000
vt -0.045048 0.150000 0.000000
vt -0.022857 0.116737 0.000000
vt -0.043978 0.108858 0.000000
vt -0.067572 0.150000 0.000000
vt -0.067572 0.103646 0.000000
vt -0.090096 0.150000 0.000000
vt -0.090096 0.103646 0.000000
vt -0.135144 0.150000 0.000000
vt -0.135144 0.103646 0.000000
vt -0.180192 0.150000 0.000000
vt -0.180192 0.103646 0.000000
vt -0.264905 0.150000 0.000000
vt -0.264905 0.103646 0.000000
vt -0.349618 0.150000 0.000000
vt -0.349618 0.103646 0.000000
vt -0.519044 0.150000 0.000000
vt -0.349618 0.057292 0.000000
vt -0.519044 -0.035417 0.000000
vt -0.349618 0.034115 0.000000
vt -0.387585 -0.013760 0.000000
vt -0.349618 0.010937 0.000000
vt -0.349618 -0.000651 0.000000
vt -0.268095 0.021859 0.000000
vt -0.043978 0.191142 0.000000
vt -0.082837 0.206136 0.000000
vt -0.117368 0.219832 0.000000
vt -0.148487 0.232298 0.000000
vt -0.180192 0.242708 0.000000
vt -0.208659 0.256092 0.000000
vt -0.264905 0.242708 0.000000
vt -0.268095 0.278141 0.000000
vt -0.349618 0.242708 0.000000
vt -0.387585 0.313760 0.000000
vt -0.517777 0.335294 0.000000
vt -0.519044 0.335417 0.000000
vt -0.517777 -0.035294 0.000000
vt -0.208659 0.043908 0.000000
vt -0.264905 0.034115 0.000000
vt -0.148487 0.067702 0.000000
vt -0.180192 0.057292 0.000000
vt -0.264905 0.057292 0.000000
vt -0.117368 0.080168 0.000000
vt -0.082837 0.093864 0.000000
vt -0.000000 0.250000 0.000000
vt -0.128704 0.240989 0.000000
vt -0.000000 0.125000 0.000000
vt -0.168277 0.135417 0.000000
vt -0.168277 0.078125 0.000000
vt -0.252416 0.135417 0.000000
vt -0.252416 0.078125 0.000000
vt -0.336554 0.135417 0.000000
vt -0.336554 0.078125 0.000000
vt -0.382845 0.135417 0.000000
vt -0.371257 0.072369 0.000000
vt -0.382845 0.078125 0.000000
vt -0.402909 0.083411 0.000000
vt -0.429136 0.135417 0.000000
vt -0.402909 0.166589 0.000000
vt -0.437975 0.154187 0.000000
vt -0.249495 0.215774 0.000000
vt -0.309983 0.197974 0.000000
vt -0.371257 0.177631 0.000000
vt -0.452281 0.135417 0.000000
vt -0.477336 0.140301 0.000000
vt -0.475426 0.135417 0.000000
vt -0.498675 0.132879 0.000000
vt -0.477336 0.109699 0.000000
vt -0.498675 0.117121 0.000000
vt -0.520918 0.125270 0.000000
vt -0.520918 0.124730 0.000000
vt -0.521717 0.125000 0.000000
vt -0.437975 0.095813 0.000000
vt -0.309983 0.052026 0.000000
vt -0.249495 0.034226 0.000000
vt -0.168277 0.020833 0.000000
vt -0.128704 0.009011 0.000000
vt -0.000000 0.000001 0.000000
vt -0.521788 -0.000000 0.000000
vt -0.393066 0.009011 0.000000
vt -0.521788 0.125000 0.000000
vt -0.351661 0.049479 0.000000
vt -0.351661 0.078125 0.000000
vt -0.266597 0.049479 0.000000
vt -0.266597 0.078125 0.000000
vt -0.211763 0.052026 0.000000
vt -0.181534 0.078125 0.000000
vt -0.150481 0.072369 0.000000
vt -0.136150 0.078125 0.000000
vt -0.118824 0.083411 0.000000
vt -0.136150 0.135416 0.000000
vt -0.083754 0.095813 0.000000
vt -0.090767 0.135416 0.000000
vt -0.068075 0.135416 0.000000
vt -0.083754 0.154187 0.000000
vt -0.044387 0.140301 0.000000
vt -0.045383 0.135416 0.000000
vt -0.023045 0.132879 0.000000
vt -0.044387 0.109699 0.000000
vt -0.023045 0.117121 0.000000
vt -0.272259 0.034226 0.000000
vt -0.351661 0.020833 0.000000
vt -0.351661 0.035156 0.000000
vt -0.000799 0.125270 0.000000
vt -0.000799 0.124730 0.000000
vt -0.000000 0.125000 0.000000
vt -0.118824 0.166589 0.000000
vt -0.150481 0.177631 0.000000
vt -0.181534 0.135416 0.000000
vt -0.211763 0.197974 0.000000
vt -0.266597 0.135416 0.000000
vt -0.266597 0.192708 0.000000
vt -0.272259 0.215774 0.000000
vt -0.351661 0.192708 0.000000
vt -0.393066 0.240989 0.000000
vt -0.521788 0.249999 0.000000
vt -0.351661 0.135416 0.000000
vt -0.000000 -0.035417 0.000000
vt -0.000000 0.150000 0.000000
vt -0.001267 -0.035294 0.000000
vt -0.131441 -0.013760 0.000000
vt -0.165084 0.057292 0.000000
vt -0.165084 0.010937 0.000000
vt -0.247626 0.057292 0.000000
vt -0.250914 0.021859 0.000000
vt -0.310342 0.043908 0.000000
vt -0.247626 0.080283 0.000000
vt -0.330167 0.080222 0.000000
vt -0.330167 0.103646 0.000000
vt -0.377369 0.103646 0.000000
vt -0.377369 0.150000 0.000000
vt -0.424570 0.150000 0.000000
vt -0.424570 0.196354 0.000000
vt -0.448170 0.196354 0.000000
vt -0.436146 0.206136 0.000000
vt -0.475000 0.191142 0.000000
vt -0.000000 0.335417 0.000000
vt -0.001267 0.335294 0.000000
vt -0.131441 0.313760 0.000000
vt -0.165084 0.242708 0.000000
vt -0.250914 0.278141 0.000000
vt -0.247626 0.242708 0.000000
vt -0.310342 0.256092 0.000000
vt -0.247626 0.196354 0.000000
vt -0.330167 0.242708 0.000000
vt -0.330167 0.196354 0.000000
vt -0.370506 0.232298 0.000000
vt -0.377369 0.196354 0.000000
vt -0.401620 0.219832 0.000000
vt -0.496118 0.183263 0.000000
vt -0.471771 0.150000 0.000000
vt -0.448170 0.150000 0.000000
vt -0.495371 0.150000 0.000000
vt -0.518179 0.175282 0.000000
vt -0.518972 0.175000 0.000000
vt -0.518972 0.125000 0.000000
vt -0.518179 0.124718 0.000000
vt -0.496118 0.116737 0.000000
vt -0.475000 0.108858 0.000000
vt -0.448170 0.103646 0.000000
vt -0.424570 0.103646 0.000000
vt -0.436146 0.093864 0.000000
vt -0.401620 0.080168 0.000000
vt -0.377369 0.080186 0.000000
vt -0.370506 0.067702 0.000000
vt -0.330167 0.057292 0.000000
vt -0.165084 0.080345 0.000000
vt -0.165084 0.103646 0.000000
vt -0.165084 0.150000 0.000000
vt -0.247626 0.150000 0.000000
vt -0.165084 0.196354 0.000000
vt -0.330167 0.150000 0.000000
vt -0.247626 0.103646 0.000000
vt -0.253138 -0.145757 0.000000
vt -0.129035 -0.186890 0.000000
vt -0.196041 -0.034962 0.000000
vt -0.024738 -0.105918 0.000000
vt -0.008246 -0.236923 0.000000
vt 0.146564 -0.176874 0.000000
vt 0.108594 -0.295591 0.000000
vt -0.425000 0.000000 0.000000
vt -0.425000 0.125000 0.000000
vt -0.426473 0.000000 0.000000
vt -0.551115 0.000000 0.000000
vt -0.551115 0.250000 0.000000
vt -0.560953 -0.001001 0.000000
vt -0.560953 0.251001 0.000000
vt -0.570477 -0.003751 0.000000
vt -0.570477 0.253751 0.000000
vt -0.579203 -0.008353 0.000000
vt -0.579203 0.258353 0.000000
vt -0.586996 -0.014498 0.000000
vt -0.586996 0.264498 0.000000
vt -0.593310 -0.022067 0.000000
vt -0.593310 0.272067 0.000000
vt -0.598139 -0.030728 0.000000
vt -0.598139 0.280728 0.000000
vt -0.601024 -0.040164 0.000000
vt -0.601024 0.290164 0.000000
vt -0.602080 -0.050000 0.000000
vt -0.602080 0.300000 0.000000
vt -0.425000 0.249999 0.000000
vt -0.426473 0.250000 0.000000
vt -0.040500 0.251066 0.000000
vt -0.050965 0.250000 0.000000
vt -0.040500 -0.001066 0.000000
vt -0.050965 0.000000 0.000000
vt -0.177080 0.125000 0.000000
vt -0.175607 0.000000 0.000000
vt -0.177080 0.000001 0.000000
vt -0.175607 0.250000 0.000000
vt -0.177080 0.250000 0.000000
vt -0.108594 -0.295591 0.000000
vt 0.008246 -0.236923 0.000000
vt -0.146564 -0.176874 0.000000
vt 0.024738 -0.105918 0.000000
vt 0.129035 -0.186890 0.000000
vt 0.196041 -0.034962 0.000000
vt 0.253138 -0.145757 0.000000
vt 0.000000 0.125000 0.000000
vt 0.000794 0.124718 0.000000
vt 0.000000 0.175000 0.000000
vt 0.022524 0.150000 0.000000
vt 0.000794 0.175282 0.000000
vt 0.022857 0.183263 0.000000
vt 0.045048 0.150000 0.000000
vt 0.043978 0.191142 0.000000
vt 0.067572 0.150000 0.000000
vt 0.090096 0.150000 0.000000
vt 0.090096 0.103646 0.000000
vt 0.135144 0.103646 0.000000
vt 0.117368 0.080168 0.000000
vt 0.148487 0.067702 0.000000
vt 0.022857 0.116737 0.000000
vt 0.043978 0.108858 0.000000
vt 0.067572 0.103646 0.000000
vt 0.082837 0.093864 0.000000
vt 0.208659 0.043908 0.000000
vt 0.180192 0.057292 0.000000
vt 0.180192 0.103646 0.000000
vt 0.135144 0.150000 0.000000
vt 0.082837 0.206136 0.000000
vt 0.268095 0.021859 0.000000
vt 0.264905 0.034115 0.000000
vt 0.264905 0.057292 0.000000
vt 0.387585 -0.013760 0.000000
vt 0.349618 -0.000651 0.000000
vt 0.349618 0.010937 0.000000
vt 0.349618 0.034115 0.000000
vt 0.349618 0.057292 0.000000
vt 0.519044 0.150000 0.000000
vt 0.349618 0.103646 0.000000
vt 0.349618 0.150000 0.000000
vt 0.264905 0.150000 0.000000
vt 0.264905 0.242708 0.000000
vt 0.180192 0.242708 0.000000
vt 0.208659 0.256092 0.000000
vt 0.148487 0.232298 0.000000
vt 0.517777 -0.035294 0.000000
vt 0.519044 -0.035417 0.000000
vt 0.519044 0.335417 0.000000
vt 0.517777 0.335294 0.000000
vt 0.387585 0.313760 0.000000
vt 0.349618 0.242708 0.000000
vt 0.268095 0.278141 0.000000
vt 0.180192 0.150000 0.000000
vt 0.117368 0.219832 0.000000
vt 0.264905 0.103646 0.000000
vt 0.521717 0.125000 0.000000
vt 0.520918 0.125270 0.000000
vt 0.520918 0.124730 0.000000
vt 0.498675 0.117121 0.000000
vt 0.498675 0.132879 0.000000
vt 0.477336 0.109699 0.000000
vt 0.475426 0.135417 0.000000
vt 0.452281 0.135417 0.000000
vt 0.477336 0.140301 0.000000
vt 0.437975 0.154187 0.000000
vt 0.429136 0.135417 0.000000
vt 0.402909 0.166589 0.000000
vt 0.382845 0.135417 0.000000
vt 0.371257 0.177631 0.000000
vt 0.336554 0.135417 0.000000
vt 0.309983 0.197974 0.000000
vt 0.252416 0.135417 0.000000
vt 0.249495 0.215774 0.000000
vt 0.168277 0.135417 0.000000
vt 0.128704 0.240989 0.000000
vt 0.000000 0.125000 0.000000
vt 0.000000 0.250000 0.000000
vt 0.000000 0.000001 0.000000
vt 0.128704 0.009011 0.000000
vt 0.168277 0.078125 0.000000
vt 0.252416 0.078125 0.000000
vt 0.309983 0.052026 0.000000
vt 0.336554 0.078125 0.000000
vt 0.371257 0.072369 0.000000
vt 0.168277 0.020833 0.000000
vt 0.249495 0.034226 0.000000
vt 0.382845 0.078125 0.000000
vt 0.402909 0.083411 0.000000
vt 0.437975 0.095813 0.000000
vt 0.000000 0.125000 0.000000
vt 0.000799 0.124730 0.000000
vt 0.000799 0.125270 0.000000
vt 0.023045 0.117121 0.000000
vt 0.023045 0.132879 0.000000
vt 0.044387 0.109699 0.000000
vt 0.045383 0.135416 0.000000
vt 0.068075 0.135416 0.000000
vt 0.044387 0.140301 0.000000
vt 0.083754 0.154187 0.000000
vt 0.090767 0.135416 0.000000
vt 0.136150 0.135416 0.000000
vt 0.118824 0.083411 0.000000
vt 0.136150 0.078125 0.000000
vt 0.150481 0.072369 0.000000
vt 0.181534 0.078125 0.000000
vt 0.211763 0.052026 0.000000
vt 0.266597 0.078125 0.000000
vt 0.266597 0.049479 0.000000
vt 0.351661 0.049479 0.000000
vt 0.272259 0.034226 0.000000
vt 0.351661 0.035156 0.000000
vt 0.351661 0.020833 0.000000
vt 0.393066 0.009011 0.000000
vt 0.083754 0.095813 0.000000
vt 0.521788 0.000000 0.000000
vt 0.521788 0.125000 0.000000
vt 0.521788 0.249999 0.000000
vt 0.393066 0.240989 0.000000
vt 0.351661 0.192708 0.000000
vt 0.351661 0.135416 0.000000
vt 0.266597 0.192708 0.000000
vt 0.266597 0.135416 0.000000
vt 0.211763 0.197974 0.000000
vt 0.181534 0.135416 0.000000
vt 0.150481 0.177631 0.000000
vt 0.118824 0.166589 0.000000
vt 0.272259 0.215774 0.000000
vt 0.351661 0.078125 0.000000
vt 0.000000 0.335417 0.000000
vt 0.000000 0.150000 0.000000
vt 0.001267 0.335294 0.000000
vt 0.131441 0.313760 0.000000
vt 0.165084 0.242708 0.000000
vt 0.250914 0.278141 0.000000
vt 0.247626 0.242708 0.000000
vt 0.310342 0.256092 0.000000
vt 0.330167 0.242708 0.000000
vt 0.370506 0.232298 0.000000
vt 0.330167 0.196354 0.000000
vt 0.377369 0.196354 0.000000
vt 0.377369 0.150000 0.000000
vt 0.424570 0.150000 0.000000
vt 0.424570 0.103646 0.000000
vt 0.448170 0.103646 0.000000
vt 0.436146 0.093864 0.000000
vt 0.475000 0.108858 0.000000
vt 0.000000 -0.035417 0.000000
vt 0.001267 -0.035294 0.000000
vt 0.131441 -0.013760 0.000000
vt 0.165084 0.057292 0.000000
vt 0.165084 0.010937 0.000000
vt 0.250914 0.021859 0.000000
vt 0.247626 0.057292 0.000000
vt 0.310342 0.043908 0.000000
vt 0.247626 0.080283 0.000000
vt 0.330167 0.080222 0.000000
vt 0.330167 0.103646 0.000000
vt 0.377369 0.103646 0.000000
vt 0.330167 0.150000 0.000000
vt 0.330167 0.057292 0.000000
vt 0.370506 0.067702 0.000000
vt 0.377369 0.080186 0.000000
vt 0.401620 0.080168 0.000000
vt 0.496118 0.116737 0.000000
vt 0.471771 0.150000 0.000000
vt 0.448170 0.150000 0.000000
vt 0.495371 0.150000 0.000000
vt 0.518179 0.124718 0.000000
vt 0.518972 0.125000 0.000000
vt 0.518972 0.175000 0.000000
vt 0.518179 0.175282 0.000000
vt 0.496118 0.183263 0.000000
vt 0.475000 0.191142 0.000000
vt 0.448170 0.196354 0.000000
vt 0.436146 0.206136 0.000000
vt 0.424570 0.196354 0.000000
vt 0.401620 0.219832 0.000000
vt 0.165084 0.080345 0.000000
vt 0.165084 0.103646 0.000000
vt 0.247626 0.103646 0.000000
vt 0.165084 0.150000 0.000000
vt 0.247626 0.150000 0.000000
vt 0.165084 0.196354 0.000000
vt 0.247626 0.196354 0.000000
vt 0.040500 0.251066 0.000000
vt 0.040500 -0.001066 0.000000
vt 0.050965 0.250000 0.000000
vt 0.050965 0.000000 0.000000
vt 0.177080 0.125000 0.000000
vt 0.175607 0.000000 0.000000
vt 0.177080 0.000001 0.000000
vt 0.177080 0.250000 0.000000
vt 0.175607 0.250000 0.000000
vt -0.253138 -0.145757 0.000000
vt -0.129035 -0.186890 0.000000
vt -0.196041 -0.034962 0.000000
vt -0.024738 -0.105918 0.000000
vt -0.008246 -0.236923 0.000000
vt 0.146564 -0.176874 0.000000
vt 0.108594 -0.295591 0.000000
vt 0.000000 0.125000 0.000000
vt 0.000794 0.124718 0.000000
vt 0.000000 0.175000 0.000000
vt 0.022524 0.150000 0.000000
vt 0.000794 0.175282 0.000000
vt 0.022857 0.183263 0.000000
vt 0.045048 0.150000 0.000000
vt 0.043978 0.191142 0.000000
vt 0.067572 0.150000 0.000000
vt 0.090096 0.150000 0.000000
vt 0.090096 0.103646 0.000000
vt 0.135144 0.103646 0.000000
vt 0.117368 0.080168 0.000000
vt 0.148487 0.067702 0.000000
vt 0.022857 0.116737 0.000000
vt 0.043978 0.108858 0.000000
vt 0.067572 0.103646 0.000000
vt 0.082837 0.093864 0.000000
vt 0.208659 0.043908 0.000000
vt 0.180192 0.057292 0.000000
vt 0.180192 0.103646 0.000000
vt 0.135144 0.150000 0.000000
vt 0.082837 0.206136 0.000000
vt 0.268095 0.021859 0.000000
vt 0.264905 0.034115 0.000000
vt 0.264905 0.057292 0.000000
vt 0.387585 -0.013760 0.000000
vt 0.349618 -0.000651 0.000000
vt 0.349618 0.010937 0.000000
vt 0.349618 0.034115 0.000000
vt 0.349618 0.057292 0.000000
vt 0.519044 0.150000 0.000000
vt 0.349618 0.103646 0.000000
vt 0.349618 0.150000 0.000000
vt 0.264905 0.150000 0.000000
vt 0.264905 0.242708 0.000000
vt 0.180192 0.242708 0.000000
vt 0.208659 0.256092 0.000000
vt 0.148487 0.232298 0.000000
vt 0.517777 -0.035294 0.000000
vt 0.519044 -0.035417 0.000000
vt 0.519044 0.335417 0.000000
vt 0.517777 0.335294 0.000000
vt 0.387585 0.313760 0.000000
vt 0.349618 0.242708 0.000000
vt 0.268095 0.278141 0.000000
vt 0.180192 0.150000 0.000000
vt 0.117368 0.219832 0.000000
vt 0.264905 0.103646 0.000000
vt 0.521717 0.125000 0.000000
vt 0.520918 0.125270 0.000000
vt 0.520918 0.124730 0.000000
vt 0.498675 0.117121 0.000000
vt 0.498675 0.132879 0.000000
vt 0.477336 0.109699 0.000000
vt 0.475426 0.135417 0.000000
vt 0.452281 0.135417 0.000000
vt 0.477336 0.140301 0.000000
vt 0.437975 0.154187 0.000000
vt 0.429136 0.135417 0.000000
vt 0.402909 0.166589 0.000000
vt 0.382845 0.135417 0.000000
vt 0.371257 0.177631 0.000000
vt 0.336554 0.135417 0.000000
vt 0.309983 0.197974 0.000000
vt 0.252416 0.135417 0.000000
vt 0.249495 0.215774 0.000000
vt 0.168277 0.135417 0.000000
vt 0.128704 0.240989 0.000000
vt 0.000000 0.125000 0.000000
vt 0.000000 0.250000 0.000000
vt 0.000000 0.000001 0.000000
vt 0.128704 0.009011 0.000000
vt 0.168277 0.078125 0.000000
vt 0.252416 0.078125 0.000000
vt 0.309983 0.052026 0.000000
vt 0.336554 0.078125 0.000000
vt 0.371257 0.072369 0.000000
vt 0.168277 0.020833 0.000000
vt 0.249495 0.034226 0.000000
vt 0.382845 0.078125 0.000000
vt 0.402909 0.083411 0.000000
vt 0.437975 0.095813 0.000000
vt 0.000000 0.125000 0.000000
vt 0.000799 0.124730 0.000000
vt 0.000799 0.125270 0.000000
vt 0.023045 0.117121 0.000000
vt 0.023045 0.132879 0.000000
vt 0.044387 0.109699 0.000000
vt 0.045383 0.135416 0.000000
vt 0.068075 0.135416 0.000000
vt 0.044387 0.140301 0.000000
vt 0.083754 0.154187 0.000000
vt 0.090767 0.135416 0.000000
vt 0.136150 0.135416 0.000000
vt 0.118824 0.083411 0.000000
vt 0.136150 0.078125 0.000000
vt 0.150481 0.072369 0.000000
vt 0.181534 0.078125 0.000000
vt 0.211763 0.052026 0.000000
vt 0.266597 0.078125 0.000000
vt 0.266597 0.049479 0.000000
vt 0.351661 0.049479 0.000000
vt 0.272259 0.034226 0.000000
vt 0.351661 0.035156 0.000000
vt 0.351661 0.020833 0.000000
vt 0.393066 0.009011 0.000000
vt 0.083754 0.095813 0.000000
vt 0.521788 0.000000 0.000000
vt 0.521788 0.125000 0.000000
vt 0.521788 0.249999 0.000000
vt 0.393066 0.240989 0.000000
vt 0.351661 0.192708 0.000000
vt 0.351661 0.135416 0.000000
vt 0.266597 0.192708 0.000000
vt 0.266597 0.135416 0.000000
vt 0.211763 0.197974 0.000000
vt 0.181534 0.135416 0.000000
vt 0.150481 0.177631 0.000000
vt 0.118824 0.166589 0.000000
vt 0.272259 0.215774 0.000000
vt 0.351661 0.078125 0.000000
vt 0.000000 0.335417 0.000000
vt 0.000000 0.150000 0.000000
vt 0.001267 0.335294 0.000000
vt 0.131441 0.313760 0.000000
vt 0.165084 0.242708 0.000000
vt 0.250914 0.278141 0.000000
vt 0.247626 0.242708 0.000000
vt 0.310342 0.256092 0.000000
vt 0.330167 0.242708 0.000000
vt 0.370506 0.232298 0.000000
vt 0.330167 0.196354 0.000000
vt 0.377369 0.196354 0.000000
vt 0.377369 0.150000 0.000000
vt 0.424570 0.150000 0.000000
vt 0.424570 0.103646 0.000000
vt 0.448170 0.103646 0.000000
vt 0.436146 0.093864 0.000000
vt 0.475000 0.108858 0.000000
vt 0.000000 -0.035417 0.000000
vt 0.001267 -0.035294 0.000000
vt 0.131441 -0.013760 0.000000
vt 0.165084 0.057292 0.000000
vt 0.165084 0.010937 0.000000
vt 0.250914 0.021859 0.000000
vt 0.247626 0.057292 0.000000
vt 0.310342 0.043908 0.000000
vt 0.247626 0.080283 0.000000
vt 0.330167 0.080222 0.000000
vt 0.330167 0.103646 0.000000
vt 0.377369 0.103646 0.000000
vt 0.330167 0.150000 0.000000
vt 0.330167 0.057292 0.000000
vt 0.370506 0.067702 0.000000
vt 0.377369 0.080186 0.000000
vt 0.401620 0.080168 0.000000
vt 0.496118 0.116737 0.000000
vt 0.471771 0.150000 0.000000
vt 0.448170 0.150000 0.000000
vt 0.495371 0.150000 0.000000
vt 0.518179 0.124718 0.000000
vt 0.518972 0.125000 0.000000
vt 0.518972 0.175000 0.000000
vt 0.518179 0.175282 0.000000
vt 0.496118 0.183263 0.000000
vt 0.475000 0.191142 0.000000
vt 0.448170 0.196354 0.000000
vt 0.436146 0.206136 0.000000
vt 0.424570 0.196354 0.000000
vt 0.401620 0.219832 0.000000
vt 0.165084 0.080345 0.000000
vt 0.165084 0.103646 0.000000
vt 0.247626 0.103646 0.000000
vt 0.165084 0.150000 0.000000
vt 0.247626 0.150000 0.000000
vt 0.165084 0.196354 0.000000
vt 0.247626 0.196354 0.000000
vt 0.040500 0.251066 0.000000
vt 0.040500 -0.001066 0.000000
vt 0.050965 0.250000 0.000000
vt 0.050965 0.000000 0.000000
vt 0.177080 0.125000 0.000000
vt 0.175607 0.000000 0.000000
vt 0.177080 0.000001 0.000000
vt 0.177080 0.250000 0.000000
vt 0.175607 0.250000 0.000000
vt -0.253138 -0.145757 0.000000
vt -0.129035 -0.186890 0.000000
vt -0.196041 -0.034962 0.000000
vt -0.024738 -0.105918 0.000000
vt -0.008246 -0.236923 0.000000
vt 0.146564 -0.176874 0.000000
vt 0.108594 -0.295591 0.000000
vt -0.000794 0.124718 0.000000
vt -0.000000 0.125000 0.000000
vt -0.022524 0.150000 0.000000
vt -0.000000 0.175000 0.000000
vt -0.000794 0.175282 0.000000
vt -0.022857 0.183263 0.000000
vt -0.045048 0.150000 0.000000
vt -0.022857 0.116737 0.000000
vt -0.043978 0.108858 0.000000
vt -0.067572 0.150000 0.000000
vt -0.067572 0.103646 0.000000
vt -0.090096 0.150000 0.000000
vt -0.090096 0.103646 0.000000
vt -0.135144 0.150000 0.000000
vt -0.135144 0.103646 0.000000
vt -0.180192 0.150000 0.000000
vt -0.180192 0.103646 0.000000
vt -0.264905 0.150000 0.000000
vt -0.264905 0.103646 0.000000
vt -0.349618 0.150000 0.000000
vt -0.349618 0.103646 0.000000
vt -0.519044 0.150000 0.000000
vt -0.349618 0.057292 0.000000
vt -0.519044 -0.035417 0.000000
vt -0.349618 0.034115 0.000000
vt -0.387585 -0.013760 0.000000
vt -0.349618 0.010937 0.000000
vt -0.349618 -0.000651 0.000000
vt -0.268095 0.021859 0.000000
vt -0.043978 0.191142 0.000000
vt -0.082837 0.206136 0.000000
vt -0.117368 0.219832 0.000000
vt -0.148487 0.232298 0.000000
vt -0.180192 0.242708 0.000000
vt -0.208659 0.256092 0.000000
vt -0.264905 0.242708 0.000000
vt -0.268095 0.278141 0.000000
vt -0.349618 0.242708 0.000000
vt -0.387585 0.313760 0.000000
vt -0.517777 0.335294 0.000000
vt -0.519044 0.335417 0.000000
vt -0.517777 -0.035294 0.000000
vt -0.208659 0.043908 0.000000
vt -0.264905 0.034115 0.000000
vt -0.148487 0.067702 0.000000
vt -0.180192 0.057292 0.000000
vt -0.264905 0.057292 0.000000
vt -0.117368 0.080168 0.000000
vt -0.082837 0.093864 0.000000
vt -0.000000 0.250000 0.000000
vt -0.128704 0.240989 0.000000
vt -0.000000 0.125000 0.000000
vt -0.168277 0.135417 0.000000
vt -0.168277 0.078125 0.000000
vt -0.252416 0.135417 0.000000
vt -0.252416 0.078125 0.000000
vt -0.336554 0.135417 0.000000
vt -0.336554 0.078125 0.000000
vt -0.382845 0.135417 0.000000
vt -0.371257 0.072369 0.000000
vt -0.382845 0.078125 0.000000
vt -0.402909 0.083411 0.000000
vt -0.429136 0.135417 0.000000
vt -0.402909 0.166589 0.000000
vt -0.437975 0.154187 0.000000
vt -0.249495 0.215774 0.000000
vt -0.309983 0.197974 0.000000
vt -0.371257 0.177631 0.000000
vt -0.452281 0.135417 0.000000
vt -0.477336 0.140301 0.000000
vt -0.475426 0.135417 0.000000
vt -0.498675 0.132879 0.000000
vt -0.477336 0.109699 0.000000
vt -0.498675 0.117121 0.000000
vt -0.520918 0.125270 0.000000
vt -0.520918 0.124730 0.000000
vt -0.521717 0.125000 0.000000
vt -0.437975 0.095813 0.000000
vt -0.309983 0.052026 0.000000
vt -0.249495 0.034226 0.000000
vt -0.168277 0.020833 0.000000
vt -0.128704 0.009011 0.000000
vt -0.000000 0.000001 0.000000
vt -0.521788 -0.000000 0.000000
vt -0.393066 0.009011 0.000000
vt -0.521788 0.125000 0.000000
vt -0.351661 0.049479 0.000000
vt -0.351661 0.078125 0.000000
vt -0.266597 0.049479 0.000000
vt -0.266597 0.078125 0.000000
vt -0.211763 0.052026 0.000000
vt -0.181534 0.078125 0.000000
vt -0.150481 0.072369 0.000000
vt -0.136150 0.078125 0.000000
vt -0.118824 0.083411 0.000000
vt -0.136150 0.135416 0.000000
vt -0.083754 0.095813 0.000000
vt -0.090767 0.135416 0.000000
vt -0.068075 0.135416 0.000000
vt -0.083754 0.154187 0.000000
vt -0.044387 0.140301 0.000000
vt -0.045383 0.135416 0.000000
vt -0.023045 0.132879 0.000000
vt -0.044387 0.109699 0.000000
vt -0.023045 0.117121 0.000000
vt -0.272259 0.034226 0.000000
vt -0.351661 0.020833 0.000000
vt -0.351661 0.035156 0.000000
vt -0.000799 0.125270 0.000000
vt -0.000799 0.124730 0.000000
vt -0.000000 0.125000 0.000000
vt -0.118824 0.166589 0.000000
vt -0.150481 0.177631 0.000000
vt -0.181534 0.135416 0.000000
vt -0.211763 0.197974 0.000000
vt -0.266597 0.135416 0.000000
vt -0.266597 0.192708 0.000000
vt -0.272259 0.215774 0.000000
vt -0.351661 0.192708 0.000000
vt -0.393066 0.240989 0.000000
vt -0.521788 0.249999 0.000000
vt -0.351661 0.135416 0.000000
vt -0.000000 -0.035417 0.000000
vt -0.000000 0.150000 0.000000
vt -0.001267 -0.035294 0.000000
vt -0.131441 -0.013760 0.000000
vt -0.165084 0.057292 0.000000
vt -0.165084 0.010937 0.000000
vt -0.247626 0.057292 0.000000
vt -0.250914 0.021859 0.000000
vt -0.310342 0.043908 0.000000
vt -0.247626 0.080283 0.000000
vt -0.330167 0.080222 0.000000
vt -0.330167 0.103646 0.000000
vt -0.377369 0.103646 0.000000
vt -0.377369 0.150000 0.000000
vt -0.424570 0.150000 0.000000
vt -0.424570 0.196354 0.000000
vt -0.448170 0.196354 0.000000
vt -0.436146 0.206136 0.000000
vt -0.475000 0.191142 0.000000
vt -0.000000 0.335417 0.000000
vt -0.001267 0.335294 0.000000
vt -0.131441 0.313760 0.000000
vt -0.165084 0.242708 0.000000
vt -0.250914 0.278141 0.000000
vt -0.247626 0.242708 0.000000
vt -0.310342 0.256092 0.000000
vt -0.247626 0.196354 0.000000
vt -0.330167 0.242708 0.000000
vt -0.330167 0.196354 0.000000
vt -0.370506 0.232298 0.000000
vt -0.377369 0.196354 0.000000
vt -0.401620 0.219832 0.000000
vt -0.496118 0.183263 0.000000
vt -0.471771 0.150000 0.000000
vt -0.448170 0.150000 0.000000
vt -0.495371 0.150000 0.000000
vt -0.518179 0.175282 0.000000
vt -0.518972 0.175000 0.000000
vt -0.518972 0.125000 0.000000
vt -0.518179 0.124718 0.000000
vt -0.496118 0.116737 0.000000
vt -0.475000 0.108858 0.000000
vt -0.448170 0.103646 0.000000
vt -0.424570 0.103646 0.000000
vt -0.436146 0.093864 0.000000
vt -0.401620 0.080168 0.000000
vt -0.377369 0.080186 0.000000
vt -0.370506 0.067702 0.000000
vt -0.330167 0.057292 0.000000
vt -0.165084 0.080345 0.000000
vt -0.165084 0.103646 0.000000
vt -0.165084 0.150000 0.000000
vt -0.247626 0.150000 0.000000
vt -0.165084 0.196354 0.000000
vt -0.330167 0.150000 0.000000
vt -0.247626 0.103646 0.000000
vt -0.561579 0.251066 0.000000
vt -0.561579 -0.001066 0.000000
vt -0.551115 0.250000 0.000000
vt -0.551115 0.000000 0.000000
vt -0.425000 0.125000 0.000000
vt -0.426473 0.000000 0.000000
vt -0.425000 0.000000 0.000000
vt -0.425000 0.249999 0.000000
vt -0.426473 0.250000 0.000000
vt -0.108594 -0.295591 0.000000
vt 0.008246 -0.236923 0.000000
vt -0.146564 -0.176874 0.000000
vt 0.024738 -0.105918 0.000000
vt 0.129035 -0.186890 0.000000
vt 0.196041 -0.034962 0.000000
vt 0.253138 -0.145757 0.000000
vt -0.000794 0.124718 0.000000
vt -0.000000 0.125000 0.000000
vt -0.022524 0.150000 0.000000
vt -0.000000 0.175000 0.000000
vt -0.000794 0.175282 0.000000
vt -0.022857 0.183263 0.000000
vt -0.045048 0.150000 0.000000
vt -0.022857 0.116737 0.000000
vt -0.043978 0.108858 0.000000
vt -0.067572 0.150000 0.000000
vt -0.067572 0.103646 0.000000
vt -0.090096 0.150000 0.000000
vt -0.090096 0.103646 0.000000
vt -0.135144 0.150000 0.000000
vt -0.135144 0.103646 0.000000
vt -0.180192 0.150000 0.000000
vt -0.180192 0.103646 0.000000
vt -0.264905 0.150000 0.000000
vt -0.264905 0.103646 0.000000
vt -0.349618 0.150000 0.000000
vt -0.349618 0.103646 0.000000
vt -0.519044 0.150000 0.000000
vt -0.349618 0.057292 0.000000
vt -0.519044 -0.035417 0.000000
vt -0.349618 0.034115 0.000000
vt -0.387585 -0.013760 0.000000
vt -0.349618 0.010937 0.000000
vt -0.349618 -0.000651 0.000000
vt -0.268095 0.021859 0.000000
vt -0.043978 0.191142 0.000000
vt -0.082837 0.206136 0.000000
vt -0.117368 0.219832 0.000000
vt -0.148487 0.232298 0.000000
vt -0.180192 0.242708 0.000000
vt -0.208659 0.256092 0.000000
vt -0.264905 0.242708 0.000000
vt -0.268095 0.278141 0.000000
vt -0.349618 0.242708 0.000000
vt -0.387585 0.313760 0.000000
vt -0.517777 0.335294 0.000000
vt -0.519044 0.335417 0.000000
vt -0.517777 -0.035294 0.000000
vt -0.208659 0.043908 0.000000
vt -0.264905 0.034115 0.000000
vt -0.148487 0.067702 0.000000
vt -0.180192 0.057292 0.000000
vt -0.264905 0.057292 0.000000
vt -0.117368 0.080168 0.000000
vt -0.082837 0.093864 0.000000
vt -0.000000 0.250000 0.000000
vt -0.128704 0.240989 0.000000
vt -0.000000 0.125000 0.000000
vt -0.168277 0.135417 0.000000
vt -0.168277 0.078125 0.000000
vt -0.252416 0.135417 0.000000
vt -0.252416 0.078125 0.000000
vt -0.336554 0.135417 0.000000
vt -0.336554 0.078125 0.000000
vt -0.382845 0.135417 0.000000
vt -0.371257 0.072369 0.000000
vt -0.382845 0.078125 0.000000
vt -0.402909 0.083411 0.000000
vt -0.429136 0.135417 0.000000
vt -0.402909 0.166589 0.000000
vt -0.437975 0.154187 0.000000
vt -0.249495 0.215774 0.000000
vt -0.309983 0.197974 0.000000
vt -0.371257 0.177631 0.000000
vt -0.452281 0.135417 0.000000
vt -0.477336 0.140301 0.000000
vt -0.475426 0.135417 0.000000
vt -0.498675 0.132879 0.000000
vt -0.477336 0.109699 0.000000
vt -0.498675 0.117121 0.000000
vt -0.520918 0.125270 0.000000
vt -0.520918 0.124730 0.000000
vt -0.521717 0.125000 0.000000
vt -0.437975 0.095813 0.000000
vt -0.309983 0.052026 0.000000
vt -0.249495 0.034226 0.000000
vt -0.168277 0.020833 0.000000
vt -0.128704 0.009011 0.000000
vt -0.000000 0.000001 0.000000
vt -0.521788 0.000000 0.000000
vt -0.393066 0.009011 0.000000
vt -0.521788 0.125000 0.000000
vt -0.351661 0.049479 0.000000
vt -0.351661 0.078125 0.000000
vt -0.266597 0.049479 0.000000
vt -0.266597 0.078125 0.000000
vt -0.211763 0.052026 0.000000
vt -0.181534 0.078125 0.000000
vt -0.150481 0.072369 0.000000
vt -0.136150 0.078125 0.000000
vt -0.118824 0.083411 0.000000
vt -0.136150 0.135416 0.000000
vt -0.083754 0.095813 0.000000
vt -0.090767 0.135416 0.000000
vt -0.068075 0.135416 0.000000
vt -0.083754 0.154187 0.000000
vt -0.044387 0.140301 0.000000
vt -0.045383 0.135416 0.000000
vt -0.023045 0.132879 0.000000
vt -0.044387 0.109699 0.000000
vt -0.023045 0.117121 0.000000
vt -0.272259 0.034226 0.000000
vt -0.351661 0.020833 0.000000
vt -0.351661 0.035156 0.000000
vt -0.000799 0.125270 0.000000
vt -0.000799 0.124730 0.000000
vt -0.000000 0.125000 0.000000
vt -0.118824 0.166589 0.000000
vt -0.150481 0.177631 0.000000
vt -0.181534 0.135416 0.000000
vt -0.211763 0.197974 0.000000
vt -0.266597 0.135416 0.000000
vt -0.266597 0.192708 0.000000
vt -0.272259 0.215774 0.000000
vt -0.351661 0.192708 0.000000
vt -0.393066 0.240989 0.000000
vt -0.521788 0.249999 0.000000
vt -0.351661 0.135416 0.000000
vt -0.000000 -0.035417 0.000000
vt -0.000000 0.150000 0.000000
vt -0.001267 -0.035294 0.000000
vt -0.131441 -0.013760 0.000000
vt -0.165084 0.057292 0.000000
vt -0.165084 0.010937 0.000000
vt -0.247626 0.057292 0.000000
vt -0.250914 0.021859 0.000000
vt -0.310342 0.043908 0.000000
vt -0.247626 0.080283 0.000000
vt -0.330167 0.080222 0.000000
vt -0.330167 0.103646 0.000000
vt -0.377369 0.103646 0.000000
vt -0.377369 0.150000 0.000000
vt -0.424570 0.150000 0.000000
vt -0.424570 0.196354 0.000000
vt -0.448170 0.196354 0.000000
vt -0.436146 0.206136 0.000000
vt -0.475000 0.191142 0.000000
vt -0.000000 0.335417 0.000000
vt -0.001267 0.335294 0.000000
vt -0.131441 0.313760 0.000000
vt -0.165084 0.242708 0.000000
vt -0.250914 0.278141 0.000000
vt -0.247626 0.242708 0.000000
vt -0.310342 0.256092 0.000000
vt -0.247626 0.196354 0.000000
vt -0.330167 0.242708 0.000000
vt -0.330167 0.196354 0.000000
vt -0.370506 0.232298 0.000000
vt -0.377369 0.196354 0.000000
vt -0.401620 0.219832 0.000000
vt -0.496118 0.183263 0.000000
vt -0.471771 0.150000 0.000000
vt -0.448170 0.150000 0.000000
vt -0.495371 0.150000 0.000000
vt -0.518179 0.175282 0.000000
vt -0.518972 0.175000 0.000000
vt -0.518972 0.125000 0.000000
vt -0.518179 0.124718 0.000000
vt -0.496118 0.116737 0.000000
vt -0.475000 0.108858 0.000000
vt -0.448170 0.103646 0.000000
vt -0.424570 0.103646 0.000000
vt -0.436146 0.093864 0.000000
vt -0.401620 0.080168 0.000000
vt -0.377369 0.080186 0.000000
vt -0.370506 0.067702 0.000000
vt -0.330167 0.057292 0.000000
vt -0.165084 0.080345 0.000000
vt -0.165084 0.103646 0.000000
vt -0.165084 0.150000 0.000000
vt -0.247626 0.150000 0.000000
vt -0.165084 0.196354 0.000000
vt -0.330167 0.150000 0.000000
vt -0.247626 0.103646 0.000000
vt -0.561579 0.251066 0.000000
vt -0.561579 -0.001066 0.000000
vt -0.551115 0.250000 0.000000
vt -0.551115 0.000000 0.000000
vt -0.425000 0.125000 0.000000
vt -0.426473 0.000000 0.000000
vt -0.425000 0.000000 0.000000
vt -0.425000 0.249999 0.000000
vt -0.426473 0.250000 0.000000
vt -0.108594 -0.295591 0.000000
vt 0.008246 -0.236923 0.000000
vt -0.146564 -0.176874 0.000000
vt 0.024738 -0.105918 0.000000
vt 0.129035 -0.186890 0.000000
vt 0.196041 -0.034962 0.000000
vt 0.253138 -0.145757 0.000000
vt 0.000000 0.125000 0.000000
vt 0.000794 0.124718 0.000000
vt 0.000000 0.175000 0.000000
vt 0.022524 0.150000 0.000000
vt 0.000794 0.175282 0.000000
vt 0.022857 0.183263 0.000000
vt 0.045048 0.150000 0.000000
vt 0.043978 0.191142 0.000000
vt 0.067572 0.150000 0.000000
vt 0.090096 0.150000 0.000000
vt 0.090096 0.103646 0.000000
vt 0.135144 0.103646 0.000000
vt 0.117368 0.080168 0.000000
vt 0.148487 0.067702 0.000000
vt 0.022857 0.116737 0.000000
vt 0.043978 0.108858 0.000000
vt 0.067572 0.103646 0.000000
vt 0.082837 0.093864 0.000000
vt 0.208659 0.043908 0.000000
vt 0.180192 0.057292 0.000000
vt 0.180192 0.103646 0.000000
vt 0.135144 0.150000 0.000000
vt 0.082837 0.206136 0.000000
vt 0.268095 0.021859 0.000000
vt 0.264905 0.034115 0.000000
vt 0.264905 0.057292 0.000000
vt 0.387585 -0.013760 0.000000
vt 0.349618 -0.000651 0.000000
vt 0.349618 0.010937 0.000000
vt 0.349618 0.034115 0.000000
vt 0.349618 0.057292 0.000000
vt 0.519044 0.150000 0.000000
vt 0.349618 0.103646 0.000000
vt 0.349618 0.150000 0.000000
vt 0.264905 0.150000 0.000000
vt 0.264905 0.242708 0.000000
vt 0.180192 0.242708 0.000000
vt 0.208659 0.256092 0.000000
vt 0.148487 0.232298 0.000000
vt 0.517777 -0.035294 0.000000
vt 0.519044 -0.035417 0.000000
vt 0.519044 0.335417 0.000000
vt 0.517777 0.335294 0.000000
vt 0.387585 0.313760 0.000000
vt 0.349618 0.242708 0.000000
vt 0.268095 0.278141 0.000000
vt 0.180192 0.150000 0.000000
vt 0.117368 0.219832 0.000000
vt 0.264905 0.103646 0.000000
vt 0.521717 0.125000 0.000000
vt 0.520918 0.125270 0.000000
vt 0.520918 0.124730 0.000000
vt 0.498675 0.117121 0.000000
vt 0.498675 0.132879 0.000000
vt 0.477336 0.109699 0.000000
vt 0.475426 0.135417 0.000000
vt 0.452281 0.135417 0.000000
vt 0.477336 0.140301 0.000000
vt 0.437975 0.154187 0.000000
vt 0.429136 0.135417 0.000000
vt 0.402909 0.166589 0.000000
vt 0.382845 0.135417 0.000000
vt 0.371257 0.177631 0.000000
vt 0.336554 0.135417 0.000000
vt 0.309983 0.197974 0.000000
vt 0.252416 0.135417 0.000000
vt 0.249495 0.215774 0.000000
vt 0.168277 0.135417 0.000000
vt 0.128704 0.240989 0.000000
vt 0.000000 0.125000 0.000000
vt 0.000000 0.250000 0.000000
vt 0.000000 0.000001 0.000000
vt 0.128704 0.009011 0.000000
vt 0.168277 0.078125 0.000000
vt 0.252416 0.078125 0.000000
vt 0.309983 0.052026 0.000000
vt 0.336554 0.078125 0.000000
vt 0.371257 0.072369 0.000000
vt 0.168277 0.020833 0.000000
vt 0.249495 0.034226 0.000000
vt 0.382845 0.078125 0.000000
vt 0.402909 0.083411 0.000000
vt 0.437975 0.095813 0.000000
vt 0.000000 0.125000 0.000000
vt 0.000799 0.124730 0.000000
vt 0.000799 0.125270 0.000000
vt 0.023045 0.117121 0.000000
vt 0.023045 0.132879 0.000000
vt 0.044387 0.109699 0.000000
vt 0.045383 0.135416 0.000000
vt 0.068075 0.135416 0.000000
vt 0.044387 0.140301 0.000000
vt 0.083754 0.154187 0.000000
vt 0.090767 0.135416 0.000000
vt 0.136150 0.135416 0.000000
vt 0.118824 0.083411 0.000000
vt 0.136150 0.078125 0.000000
vt 0.150481 0.072369 0.000000
vt 0.181534 0.078125 0.000000
vt 0.211763 0.052026 0.000000
vt 0.266597 0.078125 0.000000
vt 0.266597 0.049479 0.000000
vt 0.351661 0.049479 0.000000
vt 0.272259 0.034226 0.000000
vt 0.351661 0.035156 0.000000
vt 0.351661 0.020833 0.000000
vt 0.393066 0.009011 0.000000
vt 0.083754 0.095813 0.000000
vt 0.521788 0.000000 0.000000
vt 0.521788 0.125000 0.000000
vt 0.521788 0.249999 0.000000
vt 0.393066 0.240989 0.000000
vt 0.351661 0.192708 0.000000
vt 0.351661 0.135416 0.000000
vt 0.266597 0.192708 0.000000
vt 0.266597 0.135416 0.000000
vt 0.211763 0.197974 0.000000
vt 0.181534 0.135416 0.000000
vt 0.150481 0.177631 0.000000
vt 0.118824 0.166589 0.000000
vt 0.272259 0.215774 0.000000
vt 0.351661 0.078125 0.000000
vt 0.000000 0.335417 0.000000
vt 0.000000 0.150000 0.000000
vt 0.001267 0.335294 0.000000
vt 0.131441 0.313760 0.000000
vt 0.165084 0.242708 0.000000
vt 0.250914 0.278141 0.000000
vt 0.247626 0.242708 0.000000
vt 0.310342 0.256092 0.000000
vt 0.330167 0.242708 0.000000
vt 0.370506 0.232298 0.000000
vt 0.330167 0.196354 0.000000
vt 0.377369 0.196354 0.000000
vt 0.377369 0.150000 0.000000
vt 0.424570 0.150000 0.000000
vt 0.424570 0.103646 0.000000
vt 0.448170 0.103646 0.000000
vt 0.436146 0.093864 0.000000
vt 0.475000 0.108858 0.000000
vt 0.000000 -0.035417 0.000000
vt 0.001267 -0.035294 0.000000
vt 0.131441 -0.013760 0.000000
vt 0.165084 0.057292 0.000000
vt 0.165084 0.010937 0.000000
vt 0.250914 0.021859 0.000000
vt 0.247626 0.057292 0.000000
vt 0.310342 0.043908 0.000000
vt 0.247626 0.080283 0.000000
vt 0.330167 0.080222 0.000000
vt 0.330167 0.103646 0.000000
vt 0.377369 0.103646 0.000000
vt 0.330167 0.150000 0.000000
vt 0.330167 0.057292 0.000000
vt 0.370506 0.067702 0.000000
vt 0.377369 0.080186 0.000000
vt 0.401620 0.080168 0.000000
vt 0.496118 0.116737 0.000000
vt 0.471771 0.150000 0.000000
vt 0.448170 0.150000 0.000000
vt 0.495371 0.150000 0.000000
vt 0.518179 0.124718 0.000000
vt 0.518972 0.125000 0.000000
vt 0.518972 0.175000 0.000000
vt 0.518179 0.175282 0.000000
vt 0.496118 0.183263 0.000000
vt 0.475000 0.191142 0.000000
vt 0.448170 0.196354 0.000000
vt 0.436146 0.206136 0.000000
vt 0.424570 0.196354 0.000000
vt 0.401620 0.219832 0.000000
vt 0.165084 0.080345 0.000000
vt 0.165084 0.103646 0.000000
vt 0.247626 0.103646 0.000000
vt 0.165084 0.150000 0.000000
vt 0.247626 0.150000 0.000000
vt 0.165084 0.196354 0.000000
vt 0.247626 0.196354 0.000000
vt -0.108594 -0.295591 0.000000
vt 0.008246 -0.236923 0.000000
vt -0.146564 -0.176874 0.000000
vt 0.024738 -0.105918 0.000000
vt 0.129035 -0.186890 0.000000
vt 0.196041 -0.034962 0.000000
vt 0.253138 -0.145757 0.000000
vt 0.040500 0.251066 0.000000
vt 0.040500 -0.001066 0.000000
vt 0.050965 0.250000 0.000000
vt 0.050965 0.000000 0.000000
vt 0.177080 0.125000 0.000000
vt 0.175607 0.000000 0.000000
vt 0.177080 0.000001 0.000000
vt 0.177080 0.250000 0.000000
vt 0.175607 0.250000 0.000000
vt -0.000794 0.124718 0.000000
vt -0.000000 0.125000 0.000000
vt -0.022524 0.150000 0.000000
vt -0.000000 0.175000 0.000000
vt -0.000794 0.175282 0.000000
vt -0.022857 0.183263 0.000000
vt -0.045048 0.150000 0.000000
vt -0.022857 0.116737 0.000000
vt -0.043978 0.108858 0.000000
vt -0.067572 0.150000 0.000000
vt -0.067572 0.103646 0.000000
vt -0.090096 0.150000 0.000000
vt -0.090096 0.103646 0.000000
vt -0.135144 0.150000 0.000000
vt -0.135144 0.103646 0.000000
vt -0.180192 0.150000 0.000000
vt -0.180192 0.103646 0.000000
vt -0.264905 0.150000 0.000000
vt -0.264905 0.103646 0.000000
vt -0.349618 0.150000 0.000000
vt -0.349618 0.103646 0.000000
vt -0.519044 0.150000 0.000000
vt -0.349618 0.057292 0.000000
vt -0.519044 -0.035417 0.000000
vt -0.349618 0.034115 0.000000
vt -0.387585 -0.013760 0.000000
vt -0.349618 0.010937 0.000000
vt -0.349618 -0.000651 0.000000
vt -0.268095 0.021859 0.000000
vt -0.043978 0.191142 0.000000
vt -0.082837 0.206136 0.000000
vt -0.117368 0.219832 0.000000
vt -0.148487 0.232298 0.000000
vt -0.180192 0.242708 0.000000
vt -0.208659 0.256092 0.000000
vt -0.264905 0.242708 0.000000
vt -0.268095 0.278141 0.000000
vt -0.349618 0.242708 0.000000
vt -0.387585 0.313760 0.000000
vt -0.517777 0.335294 0.000000
vt -0.519044 0.335417 0.000000
vt -0.517777 -0.035294 0.000000
vt -0.208659 0.043908 0.000000
vt -0.264905 0.034115 0.000000
vt -0.148487 0.067702 0.000000
vt -0.180192 0.057292 0.000000
vt -0.264905 0.057292 0.000000
vt -0.117368 0.080168 0.000000
vt -0.082837 0.093864 0.000000
vt -0.000000 0.250000 0.000000
vt -0.128704 0.240989 0.000000
vt -0.000000 0.125000 0.000000
vt -0.168277 0.135417 0.000000
vt -0.168277 0.078125 0.000000
vt -0.252416 0.135417 0.000000
vt -0.252416 0.078125 0.000000
vt -0.336554 0.135417 0.000000
vt -0.336554 0.078125 0.000000
vt -0.382845 0.135417 0.000000
vt -0.371257 0.072369 0.000000
vt -0.382845 0.078125 0.000000
vt -0.402909 0.083411 0.000000
vt -0.429136 0.135417 0.000000
vt -0.402909 0.166589 0.000000
vt -0.437975 0.154187 0.000000
vt -0.249495 0.215774 0.000000
vt -0.309983 0.197974 0.000000
vt -0.371257 0.177631 0.000000
vt -0.452281 0.135417 0.000000
vt -0.477336 0.140301 0.000000
vt -0.475426 0.135417 0.000000
vt -0.498675 0.132879 0.000000
vt -0.477336 0.109699 0.000000
vt -0.498675 0.117121 0.000000
vt -0.520918 0.125270 0.000000
vt -0.520918 0.124730 0.000000
vt -0.521717 0.125000 0.000000
vt -0.437975 0.095813 0.000000
vt -0.309983 0.052026 0.000000
vt -0.249495 0.034226 0.000000
vt -0.168277 0.020833 0.000000
vt -0.128704 0.009011 0.000000
vt -0.000000 0.000001 0.000000
vt -0.521788 0.000000 0.000000
vt -0.393066 0.009011 0.000000
vt -0.521788 0.125000 0.000000
vt -0.351661 0.049479 0.000000
vt -0.351661 0.078125 0.000000
vt -0.266597 0.049479 0.000000
vt -0.266597 0.078125 0.000000
vt -0.211763 0.052026 0.000000
vt -0.181534 0.078125 0.000000
vt -0.150481 0.072369 0.000000
vt -0.136150 0.078125 0.000000
vt -0.118824 0.083411 0.000000
vt -0.136150 0.135416 0.000000
vt -0.083754 0.095813 0.000000
vt -0.090767 0.135416 0.000000
vt -0.068075 0.135416 0.000000
vt -0.083754 0.154187 0.000000
vt -0.044387 0.140301 0.000000
vt -0.045383 0.135416 0.000000
vt -0.023045 0.132879 0.000000
vt -0.044387 0.109699 0.000000
vt -0.023045 0.117121 0.000000
vt -0.272259 0.034226 0.000000
vt -0.351661 0.020833 0.000000
vt -0.351661 0.035156 0.000000
vt -0.000799 0.125270 0.000000
vt -0.000799 0.124730 0.000000
vt -0.000000 0.125000 0.000000
vt -0.118824 0.166589 0.000000
vt -0.150481 0.177631 0.000000
vt -0.181534 0.135416 0.000000
vt -0.211763 0.197974 0.000000
vt -0.266597 0.135416 0.000000
vt -0.266597 0.192708 0.000000
vt -0.272259 0.215774 0.000000
vt -0.351661 0.192708 0.000000
vt -0.393066 0.240989 0.000000
vt -0.521788 0.249999 0.000000
vt -0.351661 0.135416 0.000000
vt -0.000000 -0.035417 0.000000
vt -0.000000 0.150000 0.000000
vt -0.001267 -0.035294 0.000000
vt -0.131441 -0.013760 0.000000
vt -0.165084 0.057292 0.000000
vt -0.165084 0.010937 0.000000
vt -0.247626 0.057292 0.000000
vt -0.250914 0.021859 0.000000
vt -0.310342 0.043908 0.000000
vt -0.247626 0.080283 0.000000
vt -0.330167 0.080222 0.000000
vt -0.330167 0.103646 0.000000
vt -0.377369 0.103646 0.000000
vt -0.377369 0.150000 0.000000
vt -0.424570 0.150000 0.000000
vt -0.424570 0.196354 0.000000
vt -0.448170 0.196354 0.000000
vt -0.436146 0.206136 0.000000
vt -0.475000 0.191142 0.000000
vt -0.000000 0.335417 0.000000
vt -0.001267 0.335294 0.000000
vt -0.131441 0.313760 0.000000
vt -0.165084 0.242708 0.000000
vt -0.250914 0.278141 0.000000
vt -0.247626 0.242708 0.000000
vt -0.310342 0.256092 0.000000
vt -0.247626 0.196354 0.000000
vt -0.330167 0.242708 0.000000
vt -0.330167 0.196354 0.000000
vt -0.370506 0.232298 0.000000
vt -0.377369 0.196354 0.000000
vt -0.401620 0.219832 0.000000
vt -0.496118 0.183263 0.000000
vt -0.471771 0.150000 0.000000
vt -0.448170 0.150000 0.000000
vt -0.495371 0.150000 0.000000
vt -0.518179 0.175282 0.000000
vt -0.518972 0.175000 0.000000
vt -0.518972 0.125000 0.000000
vt -0.518179 0.124718 0.000000
vt -0.496118 0.116737 0.000000
vt -0.475000 0.108858 0.000000
vt -0.448170 0.103646 0.000000
vt -0.424570 0.103646 0.000000
vt -0.436146 0.093864 0.000000
vt -0.401620 0.080168 0.000000
vt -0.377369 0.080186 0.000000
vt -0.370506 0.067702 0.000000
vt -0.330167 0.057292 0.000000
vt -0.165084 0.080345 0.000000
vt -0.165084 0.103646 0.000000
vt -0.165084 0.150000 0.000000
vt -0.247626 0.150000 0.000000
vt -0.165084 0.196354 0.000000
vt -0.330167 0.150000 0.000000
vt -0.247626 0.103646 0.000000
vt -0.561579 0.251066 0.000000
vt -0.561579 -0.001066 0.000000
vt -0.551115 0.250000 0.000000
vt -0.551115 0.000000 0.000000
vt -0.425000 0.125000 0.000000
vt -0.426473 0.000000 0.000000
vt -0.425000 0.000000 0.000000
vt -0.425000 0.249999 0.000000
vt -0.426473 0.250000 0.000000
vt -0.108594 -0.295591 0.000000
vt 0.008246 -0.236923 0.000000
vt -0.146564 -0.176874 0.000000
vt 0.024738 -0.105918 0.000000
vt 0.129035 -0.186890 0.000000
vt 0.196041 -0.034962 0.000000
vt 0.253138 -0.145757 0.000000
vt 0.000000 0.125000 0.000000
vt 0.000794 0.124718 0.000000
vt 0.000000 0.175000 0.000000
vt 0.022524 0.150000 0.000000
vt 0.000794 0.175282 0.000000
vt 0.022857 0.183263 0.000000
vt 0.045048 0.150000 0.000000
vt 0.043978 0.191142 0.000000
vt 0.067572 0.150000 0.000000
vt 0.090096 0.150000 0.000000
vt 0.090096 0.103646 0.000000
vt 0.135144 0.103646 0.000000
vt 0.117368 0.080168 0.000000
vt 0.148487 0.067702 0.000000
vt 0.022857 0.116737 0.000000
vt 0.043978 0.108858 0.000000
vt 0.067572 0.103646 0.000000
vt 0.082837 0.093864 0.000000
vt 0.208659 0.043908 0.000000
vt 0.180192 0.057292 0.000000
vt 0.180192 0.103646 0.000000
vt 0.135144 0.150000 0.000000
vt 0.082837 0.206136 0.000000
vt 0.268095 0.021859 0.000000
vt 0.264905 0.034115 0.000000
vt 0.264905 0.057292 0.000000
vt 0.387585 -0.013760 0.000000
vt 0.349618 -0.000651 0.000000
vt 0.349618 0.010937 0.000000
vt 0.349618 0.034115 0.000000
vt 0.349618 0.057292 0.000000
vt 0.519044 0.150000 0.000000
vt 0.349618 0.103646 0.000000
vt 0.349618 0.150000 0.000000
vt 0.264905 0.150000 0.000000
vt 0.264905 0.242708 0.000000
vt 0.180192 0.242708 0.000000
vt 0.208659 0.256092 0.000000
vt 0.148487 0.232298 0.000000
vt 0.517777 -0.035294 0.000000
vt 0.519044 -0.035417 0.000000
vt 0.519044 0.335417 0.000000
vt 0.517777 0.335294 0.000000
vt 0.387585 0.313760 0.000000
vt 0.349618 0.242708 0.000000
vt 0.268095 0.278141 0.000000
vt 0.180192 0.150000 0.000000
vt 0.117368 0.219832 0.000000
vt 0.264905 0.103646 0.000000
vt 0.521717 0.125000 0.000000
vt 0.520918 0.125270 0.000000
vt 0.520918 0.124730 0.000000
vt 0.498675 0.117121 0.000000
vt 0.498675 0.132879 0.000000
vt 0.477336 0.109699 0.000000
vt 0.475426 0.135417 0.000000
vt 0.452281 0.135417 0.000000
vt 0.477336 0.140301 0.000000
vt 0.437975 0.154187 0.000000
vt 0.429136 0.135417 0.000000
vt 0.402909 0.166589 0.000000
vt 0.382845 0.135417 0.000000
vt 0.371257 0.177631 0.000000
vt 0.336554 0.135417 0.000000
vt 0.309983 0.197974 0.000000
vt 0.252416 0.135417 0.000000
vt 0.249495 0.215774 0.000000
vt 0.168277 0.135417 0.000000
vt 0.128704 0.240989 0.000000
vt 0.000000 0.125000 0.000000
vt 0.000000 0.250000 0.000000
vt 0.000000 0.000001 0.000000
vt 0.128704 0.009011 0.000000
vt 0.168277 0.078125 0.000000
vt 0.252416 0.078125 0.000000
vt 0.309983 0.052026 0.000000
vt 0.336554 0.078125 0.000000
vt 0.371257 0.072369 0.000000
vt 0.168277 0.020833 0.000000
vt 0.249495 0.034226 0.000000
vt 0.382845 0.078125 0.000000
vt 0.402909 0.083411 0.000000
vt 0.437975 0.095813 0.000000
vt 0.000000 0.125000 0.000000
vt 0.000799 0.124730 0.000000
vt 0.000799 0.125270 0.000000
vt 0.023045 0.117121 0.000000
vt 0.023045 0.132879 0.000000
vt 0.044387 0.109699 0.000000
vt 0.045383 0.135416 0.000000
vt 0.068075 0.135416 0.000000
vt 0.044387 0.140301 0.000000
vt 0.083754 0.154187 0.000000
vt 0.090767 0.135416 0.000000
vt 0.136150 0.135416 0.000000
vt 0.118824 0.083411 0.000000
vt 0.136150 0.078125 0.000000
vt 0.150481 0.072369 0.000000
vt 0.181534 0.078125 0.000000
vt 0.211763 0.052026 0.000000
vt 0.266597 0.078125 0.000000
vt 0.266597 0.049479 0.000000
vt 0.351661 0.049479 0.000000
vt 0.272259 0.034226 0.000000
vt 0.351661 0.035156 0.000000
vt 0.351661 0.020833 0.000000
vt 0.393066 0.009011 0.000000
vt 0.083754 0.095813 0.000000
vt 0.521788 0.000000 0.000000
vt 0.521788 0.125000 0.000000
vt 0.521788 0.249999 0.000000
vt 0.393066 0.240989 0.000000
vt 0.351661 0.192708 0.000000
vt 0.351661 0.135416 0.000000
vt 0.266597 0.192708 0.000000
vt 0.266597 0.135416 0.000000
vt 0.211763 0.197974 0.000000
vt 0.181534 0.135416 0.000000
vt 0.150481 0.177631 0.000000
vt 0.118824 0.166589 0.000000
vt 0.272259 0.215774 0.000000
vt 0.351661 0.078125 0.000000
vt 0.000000 0.335417 0.000000
vt 0.000000 0.150000 0.000000
vt 0.001267 0.335294 0.000000
vt 0.131441 0.313760 0.000000
vt 0.165084 0.242708 0.000000
vt 0.250914 0.278141 0.000000
vt 0.247626 0.242708 0.000000
vt 0.310342 0.256092 0.000000
vt 0.330167 0.242708 0.000000
vt 0.370506 0.232298 0.000000
vt 0.330167 0.196354 0.000000
vt 0.377369 0.196354 0.000000
vt 0.377369 0.150000 0.000000
vt 0.424570 0.150000 0.000000
vt 0.424570 0.103646 0.000000
vt 0.448170 0.103646 0.000000
vt 0.436146 0.093864 0.000000
vt 0.475000 0.108858 0.000000
vt 0.000000 -0.035417 0.000000
vt 0.001267 -0.035294 0.000000
vt 0.131441 -0.013760 0.000000
vt 0.165084 0.057292 0.000000
vt 0.165084 0.010937 0.000000
vt 0.250914 0.021859 0.000000
vt 0.247626 0.057292 0.000000
vt 0.310342 0.043908 0.000000
vt 0.247626 0.080283 0.000000
vt 0.330167 0.080222 0.000000
vt 0.330167 0.103646 0.000000
vt 0.377369 0.103646 0.000000
vt 0.330167 0.150000 0.000000
vt 0.330167 0.057292 0.000000
vt 0.370506 0.067702 0.000000
vt 0.377369 0.080186 0.000000
vt 0.401620 0.080168 0.000000
vt 0.496118 0.116737 0.000000
vt 0.471771 0.150000 0.000000
vt 0.448170 0.150000 0.000000
vt 0.495371 0.150000 0.000000
vt 0.518179 0.124718 0.000000
vt 0.518972 0.125000 0.000000
vt 0.518972 0.175000 0.000000
vt 0.518179 0.175282 0.000000
vt 0.496118 0.183263 0.000000
vt 0.475000 0.191142 0.000000
vt 0.448170 0.196354 0.000000
vt 0.436146 0.206136 0.000000
vt 0.424570 0.196354 0.000000
vt 0.401620 0.219832 0.000000
vt 0.165084 0.080345 0.000000
vt 0.165084 0.103646 0.000000
vt 0.247626 0.103646 0.000000
vt 0.165084 0.150000 0.000000
vt 0.247626 0.150000 0.000000
vt 0.165084 0.196354 0.000000
vt 0.247626 0.196354 0.000000
vt -0.108594 -0.295591 0.000000
vt 0.008246 -0.236923 0.000000
vt -0.146564 -0.176874 0.000000
vt 0.024738 -0.105918 0.000000
vt 0.129035 -0.186890 0.000000
vt 0.196041 -0.034962 0.000000
vt 0.253138 -0.145757 0.000000
vt 0.040500 0.251066 0.000000
vt 0.040500 -0.001066 0.000000
vt 0.050965 0.250000 0.000000
vt 0.050965 0.000000 0.000000
vt 0.177080 0.125000 0.000000
vt 0.175607 0.000000 0.000000
vt 0.177080 0.000001 0.000000
vt 0.177080 0.250000 0.000000
vt 0.175607 0.250000 0.000000
vt -0.000794 0.124718 0.000000
vt -0.000000 0.125000 0.000000
vt -0.022524 0.150000 0.000000
vt -0.000000 0.175000 0.000000
vt -0.000794 0.175282 0.000000
vt -0.022857 0.183263 0.000000
vt -0.045048 0.150000 0.000000
vt -0.022857 0.116737 0.000000
vt -0.043978 0.108858 0.000000
vt -0.067572 0.150000 0.000000
vt -0.067572 0.103646 0.000000
vt -0.090096 0.150000 0.000000
vt -0.090096 0.103646 0.000000
vt -0.135144 0.150000 0.000000
vt -0.135144 0.103646 0.000000
vt -0.180192 0.150000 0.000000
vt -0.180192 0.103646 0.000000
vt -0.264905 0.150000 0.000000
vt -0.264905 0.103646 0.000000
vt -0.349618 0.150000 0.000000
vt -0.349618 0.103646 0.000000
vt -0.519044 0.150000 0.000000
vt -0.349618 0.057292 0.000000
vt -0.519044 -0.035417 0.000000
vt -0.349618 0.034115 0.000000
vt -0.387585 -0.013760 0.000000
vt -0.349618 0.010937 0.000000
vt -0.349618 -0.000651 0.000000
vt -0.268095 0.021859 0.000000
vt -0.043978 0.191142 0.000000
vt -0.082837 0.206136 0.000000
vt -0.117368 0.219832 0.000000
vt -0.148487 0.232298 0.000000
vt -0.180192 0.242708 0.000000
vt -0.208659 0.256092 0.000000
vt -0.264905 0.242708 0.000000
vt -0.268095 0.278141 0.000000
vt -0.349618 0.242708 0.000000
vt -0.387585 0.313760 0.000000
vt -0.517777 0.335294 0.000000
vt -0.519044 0.335417 0.000000
vt -0.517777 -0.035294 0.000000
vt -0.208659 0.043908 0.000000
vt -0.264905 0.034115 0.000000
vt -0.148487 0.067702 0.000000
vt -0.180192 0.057292 0.000000
vt -0.264905 0.057292 0.000000
vt -0.117368 0.080168 0.000000
vt -0.082837 0.093864 0.000000
vt -0.000000 0.250000 0.000000
vt -0.128704 0.240989 0.000000
vt -0.000000 0.125000 0.000000
vt -0.168277 0.135417 0.000000
vt -0.168277 0.078125 0.000000
vt -0.252416 0.135417 0.000000
vt -0.252416 0.078125 0.000000
vt -0.336554 0.135417 0.000000
vt -0.336554 0.078125 0.000000
vt -0.382845 0.135417 0.000000
vt -0.371257 0.072369 0.000000
vt -0.382845 0.078125 0.000000
vt -0.402909 0.083411 0.000000
vt -0.429136 0.135417 0.000000
vt -0.402909 0.166589 0.000000
vt -0.437975 0.154187 0.000000
vt -0.249495 0.215774 0.000000
vt -0.309983 0.197974 0.000000
vt -0.371257 0.177631 0.000000
vt -0.452281 0.135417 0.000000
vt -0.477336 0.140301 0.000000
vt -0.475426 0.135417 0.000000
vt -0.498675 0.132879 0.000000
vt -0.477336 0.109699 0.000000
vt -0.498675 0.117121 0.000000
vt -0.520918 0.125270 0.000000
vt -0.520918 0.124730 0.000000
vt -0.521717 0.125000 0.000000
vt -0.437975 0.095813 0.000000
vt -0.309983 0.052026 0.000000
vt -0.249495 0.034226 0.000000
vt -0.168277 0.020833 0.000000
vt -0.128704 0.009011 0.000000
vt -0.000000 0.000001 0.000000
vt -0.521788 0.000000 0.000000
vt -0.393066 0.009011 0.000000
vt -0.521788 0.125000 0.000000
vt -0.351661 0.049479 0.000000
vt -0.351661 0.078125 0.000000
vt -0.266597 0.049479 0.000000
vt -0.266597 0.078125 0.000000
vt -0.211763 0.052026 0.000000
vt -0.181534 0.078125 0.000000
vt -0.150481 0.072369 0.000000
vt -0.136150 0.078125 0.000000
vt -0.118824 0.083411 0.000000
vt -0.136150 0.135416 0.000000
vt -0.083754 0.095813 0.000000
vt -0.090767 0.135416 0.000000
vt -0.068075 0.135416 0.000000
vt -0.083754 0.154187 0.000000
vt -0.044387 0.140301 0.000000
vt -0.045383 0.135416 0.000000
vt -0.023045 0.132879 0.000000
vt -0.044387 0.109699 0.000000
vt -0.023045 0.117121 0.000000
vt -0.272259 0.034226 0.000000
vt -0.351661 0.020833 0.000000
vt -0.351661 0.035156 0.000000
vt -0.000799 0.125270 0.000000
vt -0.000799 0.124730 0.000000
vt -0.000000 0.125000 0.000000
vt -0.118824 0.166589 0.000000
vt -0.150481 0.177631 0.000000
vt -0.181534 0.135416 0.000000
vt -0.211763 0.197974 0.000000
vt -0.266597 0.135416 0.000000
vt -0.266597 0.192708 0.000000
vt -0.272259 0.215774 0.000000
vt -0.351661 0.192708 0.000000
vt -0.393066 0.240989 0.000000
vt -0.521788 0.249999 0.000000
vt -0.351661 0.135416 0.000000
vt -0.000000 -0.035417 0.000000
vt -0.000000 0.150000 0.000000
vt -0.001267 -0.035294 0.000000
vt -0.131441 -0.013760 0.000000
vt -0.165084 0.057292 0.000000
vt -0.165084 0.010937 0.000000
vt -0.247626 0.057292 0.000000
vt -0.250914 0.021859 0.000000
vt -0.310342 0.043908 0.000000
vt -0.247626 0.080283 0.000000
vt -0.330167 0.080222 0.000000
vt -0.330167 0.103646 0.000000
vt -0.377369 0.103646 0.000000
vt -0.377369 0.150000 0.000000
vt -0.424570 0.150000 0.000000
vt -0.424570 0.196354 0.000000
vt -0.448170 0.196354 0.000000
vt -0.436146 0.206136 0.000000
vt -0.475000 0.191142 0.000000
vt -0.000000 0.335417 0.000000
vt -0.001267 0.335294 0.000000
vt -0.131441 0.313760 0.000000
vt -0.165084 0.242708 0.000000
vt -0.250914 0.278141 0.000000
vt -0.247626 0.242708 0.000000
vt -0.310342 0.256092 0.000000
vt -0.247626 0.196354 0.000000
vt -0.330167 0.242708 0.000000
vt -0.330167 0.196354 0.000000
vt -0.370506 0.232298 0.000000
vt -0.377369 0.196354 0.000000
vt -0.401620 0.219832 0.000000
vt -0.496118 0.183263 0.000000
vt -0.471771 0.150000 0.000000
vt -0.448170 0.150000 0.000000
vt -0.495371 0.150000 0.000000
vt -0.518179 0.175282 0.000000
vt -0.518972 0.175000 0.000000
vt -0.518972 0.125000 0.000000
vt -0.518179 0.124718 0.000000
vt -0.496118 0.116737 0.000000
vt -0.475000 0.108858 0.000000
vt -0.448170 0.103646 0.000000
vt -0.424570 0.103646 0.000000
vt -0.436146 0.093864 0.000000
vt -0.401620 0.080168 0.000000
vt -0.377369 0.080186 0.000000
vt -0.370506 0.067702 0.000000
vt -0.330167 0.057292 0.000000
vt -0.165084 0.080345 0.000000
vt -0.165084 0.103646 0.000000
vt -0.165084 0.150000 0.000000
vt -0.247626 0.150000 0.000000
vt -0.165084 0.196354 0.000000
vt -0.330167 0.150000 0.000000
vt -0.247626 0.103646 0.000000
vt -0.177080 0.250000 0.000000
vt -0.177080 0.125000 0.000000
vt -0.175607 0.250000 0.000000
vt -0.050965 0.250000 0.000000
vt -0.050965 0.000000 0.000000
vt -0.041127 -0.001001 0.000000
vt -0.177080 0.000001 0.000000
vt -0.175607 0.000000 0.000000
vt -0.041127 0.251001 0.000000
vt -0.031603 -0.003751 0.000000
vt -0.031603 0.253751 0.000000
vt -0.022877 -0.008353 0.000000
vt -0.022877 0.258353 0.000000
vt -0.015084 -0.014498 0.000000
vt -0.015084 0.264498 0.000000
vt -0.008770 -0.022067 0.000000
vt -0.008770 0.272067 0.000000
vt -0.003940 -0.030728 0.000000
vt -0.003940 0.280728 0.000000
vt -0.001056 -0.040164 0.000000
vt -0.001056 0.290164 0.000000
vt 0.000000 -0.050000 0.000000
vt 0.000000 0.300000 0.000000
vt -0.000794 0.124718 0.000000
vt -0.000000 0.125000 0.000000
vt -0.022524 0.150000 0.000000
vt -0.000000 0.175000 0.000000
vt -0.000794 0.175282 0.000000
vt -0.022857 0.183263 0.000000
vt -0.045048 0.150000 0.000000
vt -0.022857 0.116737 0.000000
vt -0.043978 0.108858 0.000000
vt -0.067572 0.150000 0.000000
vt -0.067572 0.103646 0.000000
vt -0.090096 0.150000 0.000000
vt -0.090096 0.103646 0.000000
vt -0.135144 0.150000 0.000000
vt -0.135144 0.103646 0.000000
vt -0.180192 0.150000 0.000000
vt -0.180192 0.103646 0.000000
vt -0.264905 0.150000 0.000000
vt -0.264905 0.103646 0.000000
vt -0.349618 0.150000 0.000000
vt -0.349618 0.103646 0.000000
vt -0.519044 0.150000 0.000000
vt -0.349618 0.057292 0.000000
vt -0.519044 -0.035417 0.000000
vt -0.349618 0.034115 0.000000
vt -0.387585 -0.013760 0.000000
vt -0.349618 0.010937 0.000000
vt -0.349618 -0.000651 0.000000
vt -0.268095 0.021859 0.000000
vt -0.043978 0.191142 0.000000
vt -0.082837 0.206136 0.000000
vt -0.117368 0.219832 0.000000
vt -0.148487 0.232298 0.000000
vt -0.180192 0.242708 0.000000
vt -0.208659 0.256092 0.000000
vt -0.264905 0.242708 0.000000
vt -0.268095 0.278141 0.000000
vt -0.349618 0.242708 0.000000
vt -0.387585 0.313760 0.000000
vt -0.517777 0.335294 0.000000
vt -0.519044 0.335417 0.000000
vt -0.517777 -0.035294 0.000000
vt -0.208659 0.043908 0.000000
vt -0.264905 0.034115 0.000000
vt -0.148487 0.067702 0.000000
vt -0.180192 0.057292 0.000000
vt -0.264905 0.057292 0.000000
vt -0.117368 0.080168 0.000000
vt -0.082837 0.093864 0.000000
vt -0.000000 0.250000 0.000000
vt -0.128704 0.240989 0.000000
vt -0.000000 0.125000 0.000000
vt -0.168277 0.135417 0.000000
vt -0.168277 0.078125 0.000000
vt -0.252416 0.135417 0.000000
vt -0.252416 0.078125 0.000000
vt -0.336554 0.135417 0.000000
vt -0.336554 0.078125 0.000000
vt -0.382845 0.135417 0.000000
vt -0.371257 0.072369 0.000000
vt -0.382845 0.078125 0.000000
vt -0.402909 0.083411 0.000000
vt -0.429136 0.135417 0.000000
vt -0.402909 0.166589 0.000000
vt -0.437975 0.154187 0.000000
vt -0.249495 0.215774 0.000000
vt -0.309983 0.197974 0.000000
vt -0.371257 0.177631 0.000000
vt -0.452281 0.135417 0.000000
vt -0.477336 0.140301 0.000000
vt -0.475426 0.135417 0.000000
vt -0.498675 0.132879 0.000000
vt -0.477336 0.109699 0.000000
vt -0.498675 0.117121 0.000000
vt -0.520918 0.125270 0.000000
vt -0.520918 0.124730 0.000000
vt -0.521717 0.125000 0.000000
vt -0.437975 0.095813 0.000000
vt -0.309983 0.052026 0.000000
vt -0.249495 0.034226 0.000000
vt -0.168277 0.020833 0.000000
vt -0.128704 0.009011 0.000000
vt -0.000000 0.000001 0.000000
vt -0.521788 -0.000000 0.000000
vt -0.393066 0.009011 0.000000
vt -0.521788 0.125000 0.000000
vt -0.351661 0.049479 0.000000
vt -0.351661 0.078125 0.000000
vt -0.266597 0.049479 0.000000
vt -0.266597 0.078125 0.000000
vt -0.211763 0.052026 0.000000
vt -0.181534 0.078125 0.000000
vt -0.150481 0.072369 0.000000
vt -0.136150 0.078125 0.000000
vt -0.118824 0.083411 0.000000
vt -0.136150 0.135416 0.000000
vt -0.083754 0.095813 0.000000
vt -0.090767 0.135416 0.000000
vt -0.068075 0.135416 0.000000
vt -0.083754 0.154187 0.000000
vt -0.044387 0.140301 0.000000
vt -0.045383 0.135416 0.000000
vt -0.023045 0.132879 0.000000
vt -0.044387 0.109699 0.000000
vt -0.023045 0.117121 0.000000
vt -0.272259 0.034226 0.000000
vt -0.351661 0.020833 0.000000
vt -0.351661 0.035156 0.000000
vt -0.000799 0.125270 0.000000
vt -0.000799 0.124730 0.000000
vt -0.000000 0.125000 0.000000
vt -0.118824 0.166589 0.000000
vt -0.150481 0.177631 0.000000
vt -0.181534 0.135416 0.000000
vt -0.211763 0.197974 0.000000
vt -0.266597 0.135416 0.000000
vt -0.266597 0.192708 0.000000
vt -0.272259 0.215774 0.000000
vt -0.351661 0.192708 0.000000
vt -0.393066 0.240989 0.000000
vt -0.521788 0.249999 0.000000
vt -0.351661 0.135416 0.000000
vt -0.000000 -0.035417 0.000000
vt -0.000000 0.150000 0.000000
vt -0.001267 -0.035294 0.000000
vt -0.131441 -0.013760 0.000000
vt -0.165084 0.057292 0.000000
vt -0.165084 0.010937 0.000000
vt -0.247626 0.057292 0.000000
vt -0.250914 0.021859 0.000000
vt -0.310342 0.043908 0.000000
vt -0.247626 0.080283 0.000000
vt -0.330167 0.080222 0.000000
vt -0.330167 0.103646 0.000000
vt -0.377369 0.103646 0.000000
vt -0.377369 0.150000 0.000000
vt -0.424570 0.150000 0.000000
vt -0.424570 0.196354 0.000000
vt -0.448170 0.196354 0.000000
vt -0.436146 0.206136 0.000000
vt -0.475000 0.191142 0.000000
vt -0.000000 0.335417 0.000000
vt -0.001267 0.335294 0.000000
vt -0.131441 0.313760 0.000000
vt -0.165084 0.242708 0.000000
vt -0.250914 0.278141 0.000000
vt -0.247626 0.242708 0.000000
vt -0.310342 0.256092 0.000000
vt -0.247626 0.196354 0.000000
vt -0.330167 0.242708 0.000000
vt -0.330167 0.196354 0.000000
vt -0.370506 0.232298 0.000000
vt -0.377369 0.196354 0.000000
vt -0.401620 0.219832 0.000000
vt -0.496118 0.183263 0.000000
vt -0.471771 0.150000 0.000000
vt -0.448170 0.150000 0.000000
vt -0.495371 0.150000 0.000000
vt -0.518179 0.175282 0.000000
vt -0.518972 0.175000 0.000000
vt -0.518972 0.125000 0.000000
vt -0.518179 0.124718 0.000000
vt -0.496118 0.116737 0.000000
vt -0.475000 0.108858 0.000000
vt -0.448170 0.103646 0.000000
vt -0.424570 0.103646 0.000000
vt -0.436146 0.093864 0.000000
vt -0.401620 0.080168 0.000000
vt -0.377369 0.080186 0.000000
vt -0.370506 0.067702 0.000000
vt -0.330167 0.057292 0.000000
vt -0.165084 0.080345 0.000000
vt -0.165084 0.103646 0.000000
vt -0.165084 0.150000 0.000000
vt -0.247626 0.150000 0.000000
vt -0.165084 0.196354 0.000000
vt -0.330167 0.150000 0.000000
vt -0.247626 0.103646 0.000000
vt -0.561579 0.251066 0.000000
vt -0.561579 -0.001066 0.000000
vt -0.551115 0.250000 0.000000
vt -0.551115 0.000000 0.000000
vt -0.425000 0.125000 0.000000
vt -0.426473 0.000000 0.000000
vt -0.425000 0.000000 0.000000
vt -0.425000 0.249999 0.000000
vt -0.426473 0.250000 0.000000
vt -0.108594 -0.295591 0.000000
vt 0.008246 -0.236923 0.000000
vt -0.146564 -0.176874 0.000000
vt 0.024738 -0.105918 0.000000
vt 0.129035 -0.186890 0.000000
vt 0.196041 -0.034962 0.000000
vt 0.253138 -0.145757 0.000000
vt 0.000000 0.125000 0.000000
vt 0.000794 0.124718 0.000000
vt 0.000000 0.175000 0.000000
vt 0.022524 0.150000 0.000000
vt 0.000794 0.175282 0.000000
vt 0.022857 0.183263 0.000000
vt 0.045048 0.150000 0.000000
vt 0.043978 0.191142 0.000000
vt 0.067572 0.150000 0.000000
vt 0.090096 0.150000 0.000000
vt 0.090096 0.103646 0.000000
vt 0.135144 0.103646 0.000000
vt 0.117368 0.080168 0.000000
vt 0.148487 0.067702 0.000000
vt 0.022857 0.116737 0.000000
vt 0.043978 0.108858 0.000000
vt 0.067572 0.103646 0.000000
vt 0.082837 0.093864 0.000000
vt 0.208659 0.043908 0.000000
vt 0.180192 0.057292 0.000000
vt 0.180192 0.103646 0.000000
vt 0.135144 0.150000 0.000000
vt 0.082837 0.206136 0.000000
vt 0.268095 0.021859 0.000000
vt 0.264905 0.034115 0.000000
vt 0.264905 0.057292 0.000000
vt 0.387585 -0.013760 0.000000
vt 0.349618 -0.000651 0.000000
vt 0.349618 0.010937 0.000000
vt 0.349618 0.034115 0.000000
vt 0.349618 0.057292 0.000000
vt 0.519044 0.150000 0.000000
vt 0.349618 0.103646 0.000000
vt 0.349618 0.150000 0.000000
vt 0.264905 0.150000 0.000000
vt 0.264905 0.242708 0.000000
vt 0.180192 0.242708 0.000000
vt 0.208659 0.256092 0.000000
vt 0.148487 0.232298 0.000000
vt 0.517777 -0.035294 0.000000
vt 0.519044 -0.035417 0.000000
vt 0.519044 0.335417 0.000000
vt 0.517777 0.335294 0.000000
vt 0.387585 0.313760 0.000000
vt 0.349618 0.242708 0.000000
vt 0.268095 0.278141 0.000000
vt 0.180192 0.150000 0.000000
vt 0.117368 0.219832 0.000000
vt 0.264905 0.103646 0.000000
vt 0.521717 0.125000 0.000000
vt 0.520918 0.125270 0.000000
vt 0.520918 0.124730 0.000000
vt 0.498675 0.117121 0.000000
vt 0.498675 0.132879 0.000000
vt 0.477336 0.109699 0.000000
vt 0.475426 0.135417 0.000000
vt 0.452281 0.135417 0.000000
vt 0.477336 0.140301 0.000000
vt 0.437975 0.154187 0.000000
vt 0.429136 0.135417 0.000000
vt 0.402909 0.166589 0.000000
vt 0.382845 0.135417 0.000000
vt 0.371257 0.177631 0.000000
vt 0.336554 0.135417 0.000000
vt 0.309983 0.197974 0.000000
vt 0.252416 0.135417 0.000000
vt 0.249495 0.215774 0.000000
vt 0.168277 0.135417 0.000000
vt 0.128704 0.240989 0.000000
vt 0.000000 0.125000 0.000000
vt 0.000000 0.250000 0.000000
vt 0.000000 0.000001 0.000000
vt 0.128704 0.009011 0.000000
vt 0.168277 0.078125 0.000000
vt 0.252416 0.078125 0.000000
vt 0.309983 0.052026 0.000000
vt 0.336554 0.078125 0.000000
vt 0.371257 0.072369 0.000000
vt 0.168277 0.020833 0.000000
vt 0.249495 0.034226 0.000000
vt 0.382845 0.078125 0.000000
vt 0.402909 0.083411 0.000000
vt 0.437975 0.095813 0.000000
vt 0.000000 0.125000 0.000000
vt 0.000799 0.124730 0.000000
vt 0.000799 0.125270 0.000000
vt 0.023045 0.117121 0.000000
vt 0.023045 0.132879 0.000000
vt 0.044387 0.109699 0.000000
vt 0.045383 0.135416 0.000000
vt 0.068075 0.135416 0.000000
vt 0.044387 0.140301 0.000000
vt 0.083754 0.154187 0.000000
vt 0.090767 0.135416 0.000000
vt 0.136150 0.135416 0.000000
vt 0.118824 0.083411 0.000000
vt 0.136150 0.078125 0.000000
vt 0.150481 0.072369 0.000000
vt 0.181534 0.078125 0.000000
vt 0.211763 0.052026 0.000000
vt 0.266597 0.078125 0.000000
vt 0.266597 0.049479 0.000000
vt 0.351661 0.049479 0.000000
vt 0.272259 0.034226 0.000000
vt 0.351661 0.035156 0.000000
vt 0.351661 0.020833 0.000000
vt 0.393066 0.009011 0.000000
vt 0.083754 0.095813 0.000000
vt 0.521788 0.000000 0.000000
vt 0.521788 0.125000 0.000000
vt 0.521788 0.249999 0.000000
vt 0.393066 0.240989 0.000000
vt 0.351661 0.192708 0.000000
vt 0.351661 0.135416 0.000000
vt 0.266597 0.192708 0.000000
vt 0.266597 0.135416 0.000000
vt 0.211763 0.197974 0.000000
vt 0.181534 0.135416 0.000000
vt 0.150481 0.177631 0.000000
vt 0.118824 0.166589 0.000000
vt 0.272259 0.215774 0.000000
vt 0.351661 0.078125 0.000000
vt 0.000000 0.335417 0.000000
vt 0.000000 0.150000 0.000000
vt 0.001267 0.335294 0.000000
vt 0.131441 0.313760 0.000000
vt 0.165084 0.242708 0.000000
vt 0.250914 0.278141 0.000000
vt 0.247626 0.242708 0.000000
vt 0.310342 0.256092 0.000000
vt 0.330167 0.242708 0.000000
vt 0.370506 0.232298 0.000000
vt 0.330167 0.196354 0.000000
vt 0.377369 0.196354 0.000000
vt 0.377369 0.150000 0.000000
vt 0.424570 0.150000 0.000000
vt 0.424570 0.103646 0.000000
vt 0.448170 0.103646 0.000000
vt 0.436146 0.093864 0.000000
vt 0.475000 0.108858 0.000000
vt 0.000000 -0.035417 0.000000
vt 0.001267 -0.035294 0.000000
vt 0.131441 -0.013760 0.000000
vt 0.165084 0.057292 0.000000
vt 0.165084 0.010937 0.000000
vt 0.250914 0.021859 0.000000
vt 0.247626 0.057292 0.000000
vt 0.310342 0.043908 0.000000
vt 0.247626 0.080283 0.000000
vt 0.330167 0.080222 0.000000
vt 0.330167 0.103646 0.000000
vt 0.377369 0.103646 0.000000
vt 0.330167 0.150000 0.000000
vt 0.330167 0.057292 0.000000
vt 0.370506 0.067702 0.000000
vt 0.377369 0.080186 0.000000
vt 0.401620 0.080168 0.000000
vt 0.496118 0.116737 0.000000
vt 0.471771 0.150000 0.000000
vt 0.448170 0.150000 0.000000
vt 0.495371 0.150000 0.000000
vt 0.518179 0.124718 0.000000
vt 0.518972 0.125000 0.000000
vt 0.518972 0.175000 0.000000
vt 0.518179 0.175282 0.000000
vt 0.496118 0.183263 0.000000
vt 0.475000 0.191142 0.000000
vt 0.448170 0.196354 0.000000
vt 0.436146 0.206136 0.000000
vt 0.424570 0.196354 0.000000
vt 0.401620 0.219832 0.000000
vt 0.165084 0.080345 0.000000
vt 0.165084 0.103646 0.000000
vt 0.247626 0.103646 0.000000
vt 0.165084 0.150000 0.000000
vt 0.247626 0.150000 0.000000
vt 0.165084 0.196354 0.000000
vt 0.247626 0.196354 0.000000
vt -0.108594 -0.295591 0.000000
vt 0.008246 -0.236923 0.000000
vt -0.146564 -0.176874 0.000000
vt 0.024738 -0.105918 0.000000
vt 0.129035 -0.186890 0.000000
vt 0.196041 -0.034962 0.000000
vt 0.253138 -0.145757 0.000000
vt 0.040500 0.251066 0.000000
vt 0.040500 -0.001066 0.000000
vt 0.050965 0.250000 0.000000
vt 0.050965 0.000000 0.000000
vt 0.177080 0.125000 0.000000
vt 0.175607 0.000000 0.000000
vt 0.177080 0.000001 0.000000
vt 0.177080 0.250000 0.000000
vt 0.175607 0.250000 0.000000
vt 0.132288 0.175000 0.000000
vt -0.132288 0.175000 0.000000
vt 0.165804 0.136844 0.000000
vt -0.165804 0.136844 0.000000
vt 0.188629 0.091477 0.000000
vt -0.188629 0.091477 0.000000
vt 0.199291 0.041823 0.000000
vt -0.199291 0.041823 0.000000
vt 0.197103 -0.008916 0.000000
vt -0.197103 -0.008916 0.000000
vt 0.182206 -0.057468 0.000000
vt -0.182206 -0.057468 0.000000
vt 0.155560 -0.100702 0.000000
vt -0.155560 -0.100702 0.000000
vt 0.118884 -0.135831 0.000000
vt -0.118884 -0.135831 0.000000
vt 0.074541 -0.160590 0.000000
vt -0.074541 -0.160590 0.000000
vt 0.025393 -0.173381 0.000000
vt -0.025393 -0.173381 0.000000
vt 0.264575 -1.100000 0.000000
vt 0.110914 -0.323690 0.000000
vt 0.000000 -1.100000 0.000000
vt 0.069443 -0.313327 0.000000
vt 0.031721 -0.293218 0.000000
vt 0.264575 -0.264564 0.000000
vt 0.232854 -0.293218 0.000000
vt 0.195132 -0.313327 0.000000
vt 0.153661 -0.323690 0.000000
vt 0.000000 -0.264564 0.000000
vt -1.069078 0.500672 0.000000
vt -1.069078 0.000000 0.000000
vt -1.068380 0.500000 0.000000
vt -0.000000 0.000000 0.000000
vt -0.000000 0.500000 0.000000
vt 0.462500 1.418380 0.000000
vt 0.233380 1.465498 0.000000
vt 0.462500 0.350000 0.000000
vt 0.000000 1.481300 0.000000
vt -0.462500 0.350000 0.000000
vt -0.233380 1.465498 0.000000
vt -0.462500 1.418380 0.000000
vt -0.480508 1.682739 0.000000
vt -0.763853 1.574493 0.000000
vt -0.462500 1.669078 0.000000
vt -0.462500 0.600000 0.000000
vt -1.024251 1.418947 0.000000
vt -0.970824 0.600000 0.000000
vt -1.253879 1.220774 0.000000
vt -1.017586 0.594456 0.000000
vt -1.445838 0.985927 0.000000
vt -1.061756 0.578133 0.000000
vt -1.100885 0.551935 0.000000
vt -1.594363 0.721461 0.000000
vt -1.132804 0.517314 0.000000
vt -1.155743 0.476190 0.000000
vt -1.694991 0.435322 0.000000
vt -1.228822 0.229122 0.000000
vt -1.744699 0.136105 0.000000
vt -1.249693 -0.027682 0.000000
vt -1.741994 -0.167200 0.000000
vt -1.217471 -0.283309 0.000000
vt -1.686958 -0.465483 0.000000
vt -1.133524 -0.526899 0.000000
vt -1.581242 -0.749782 0.000000
vt -1.428024 -1.011556 0.000000
vt -1.001419 -0.748104 0.000000
vt -1.231907 -1.242942 0.000000
vt -0.826768 -0.937526 0.000000
vt -0.998781 -1.436989 0.000000
vt -0.616991 -1.087116 0.000000
vt -0.735651 -1.587866 0.000000
vt -0.381002 -1.190520 0.000000
vt -0.450420 -1.691042 0.000000
vt -0.128825 -1.243344 0.000000
vt -0.151659 -1.743416 0.000000
vt 0.151659 -1.743416 0.000000
vt 0.128825 -1.243344 0.000000
vt 0.450420 -1.691042 0.000000
vt 0.381002 -1.190520 0.000000
vt 0.735651 -1.587866 0.000000
vt 0.616991 -1.087116 0.000000
vt 0.998781 -1.436989 0.000000
vt 0.826768 -0.937526 0.000000
vt 1.231907 -1.242942 0.000000
vt 1.001419 -0.748104 0.000000
vt 1.428024 -1.011556 0.000000
vt 1.133524 -0.526899 0.000000
vt 1.581242 -0.749782 0.000000
vt 1.686958 -0.465483 0.000000
vt 1.217471 -0.283309 0.000000
vt 1.741994 -0.167200 0.000000
vt 1.249693 -0.027682 0.000000
vt 1.744699 0.136105 0.000000
vt 1.228822 0.229122 0.000000
vt 1.694991 0.435322 0.000000
vt 1.155743 0.476190 0.000000
vt 1.594363 0.721461 0.000000
vt 1.132804 0.517314 0.000000
vt 1.100885 0.551935 0.000000
vt 1.445838 0.985927 0.000000
vt 1.061756 0.578133 0.000000
vt 1.017586 0.594456 0.000000
vt 1.253879 1.220774 0.000000
vt 0.970824 0.600000 0.000000
vt 1.024251 1.418947 0.000000
vt 0.462500 0.600000 0.000000
vt 0.763853 1.574493 0.000000
vt 0.462500 1.669078 0.000000
vt 0.480508 1.682739 0.000000
vt 0.000000 -0.035436 0.000000
vt 0.031721 -0.006782 0.000000
vt 0.000000 0.300000 0.000000
vt 0.069443 0.013327 0.000000
vt 0.110914 0.023690 0.000000
vt 0.153661 0.023690 0.000000
vt 0.264575 0.300000 0.000000
vt 0.195132 0.013327 0.000000
vt 0.232854 -0.006782 0.000000
vt 0.264575 -0.035436 0.000000
vt -0.265000 -0.277031 0.000000
vt 0.265000 0.000000 0.000000
vt -0.265000 0.000000 0.000000
vt 0.265000 0.277031 0.000000
vt -0.265000 0.277031 0.000000
vt 0.265000 0.554063 0.000000
vt -0.265000 0.554063 0.000000
vt 0.265000 0.831094 0.000000
vt -0.265000 0.831094 0.000000
vt 0.265000 1.108125 0.000000
vt -0.265000 1.108125 0.000000
vt 0.265000 1.385157 0.000000
vt -0.265000 1.385157 0.000000
vt 0.265000 1.662188 0.000000
vt -0.265000 1.662188 0.000000
vt 0.265000 1.939219 0.000000
vt -0.265000 1.939219 0.000000
vt 0.265000 2.216251 0.000000
vt -0.265000 2.216251 0.000000
vt 0.265000 2.493282 0.000000
vt -0.265000 2.493282 0.000000
vt 0.265000 2.770314 0.000000
vt -0.265000 2.770314 0.000000
vt 0.265000 3.047345 0.000000
vt -0.265000 3.047345 0.000000
vt 0.265000 3.324376 0.000000
vt -0.265000 3.324376 0.000000
vt 0.265000 3.601408 0.000000
vt -0.265000 3.601408 0.000000
vt 0.265000 3.878439 0.000000
vt -0.265000 3.878439 0.000000
vt 0.265000 4.155470 0.000000
vt -0.265000 4.155470 0.000000
vt 0.265000 4.432502 0.000000
vt -0.265000 4.432502 0.000000
vt -0.265000 -4.709533 0.000000
vt 0.265000 -4.709533 0.000000
vt 0.265000 -4.432502 0.000000
vt -0.265000 -4.432502 0.000000
vt 0.265000 -4.155470 0.000000
vt -0.265000 -4.155470 0.000000
vt 0.265000 -3.878439 0.000000
vt -0.265000 -3.878439 0.000000
vt 0.265000 -3.601408 0.000000
vt -0.265000 -3.601408 0.000000
vt 0.265000 -3.324376 0.000000
vt -0.265000 -3.324376 0.000000
vt 0.265000 -3.047345 0.000000
vt -0.265000 -3.047345 0.000000
vt 0.265000 -2.770314 0.000000
vt -0.265000 -2.770314 0.000000
vt 0.265000 -2.493282 0.000000
vt -0.265000 -2.493282 0.000000
vt 0.265000 -2.216251 0.000000
vt -0.265000 -2.216251 0.000000
vt 0.265000 -1.939219 0.000000
vt -0.265000 -1.939219 0.000000
vt 0.265000 -1.662188 0.000000
vt -0.265000 -1.662188 0.000000
vt 0.265000 -1.385157 0.000000
vt -0.265000 -1.385157 0.000000
vt 0.265000 -1.108125 0.000000
vt -0.265000 -1.108125 0.000000
vt 0.265000 -0.831094 0.000000
vt -0.265000 -0.831094 0.000000
vt 0.265000 -0.554063 0.000000
vt -0.265000 -0.554063 0.000000
vt 0.265000 -0.277031 0.000000
vt -0.321294 -0.275361 0.000000
vt -0.026586 -0.303884 0.000000
vt -0.295000 0.000000 0.000000
vt -0.000000 0.000000 0.000000
vt -0.026586 0.303884 0.000000
vt -0.105538 -0.598535 0.000000
vt -0.399225 -0.540769 0.000000
vt -0.234456 -0.875000 0.000000
vt -0.525976 -0.786632 0.000000
vt -0.409422 -1.124878 0.000000
vt -0.696967 -1.004065 0.000000
vt -0.625122 -1.340578 0.000000
vt -0.906017 -1.185208 0.000000
vt -0.875000 -1.515544 0.000000
vt -1.145571 -1.323515 0.000000
vt -1.151465 -1.644462 0.000000
vt -1.406971 -1.413986 0.000000
vt -1.446116 -1.723414 0.000000
vt -1.680768 -1.453352 0.000000
vt -1.750000 -1.750000 0.000000
vt -1.957068 -1.440190 0.000000
vt -2.053884 -1.723414 0.000000
vt -2.225884 -1.374976 0.000000
vt -2.348535 -1.644462 0.000000
vt -2.477500 -1.260067 0.000000
vt -2.625000 -1.515544 0.000000
vt -2.874878 -1.340578 0.000000
vt -2.702822 -1.099616 0.000000
vt -3.090578 -1.124878 0.000000
vt -2.893707 -0.899421 0.000000
vt -3.265544 -0.875000 0.000000
vt -3.043256 -0.666720 0.000000
vt -3.394462 -0.598535 0.000000
vt -3.146062 -0.409921 0.000000
vt -3.473414 -0.303884 0.000000
vt -3.198412 -0.138307 0.000000
vt -3.500000 -0.000000 0.000000
vt -3.198412 0.138307 0.000000
vt -3.473414 0.303884 0.000000
vt -3.146062 0.409921 0.000000
vt -3.394462 0.598535 0.000000
vt -3.043256 0.666720 0.000000
vt -3.265544 0.875000 0.000000
vt -2.893707 0.899421 0.000000
vt -3.090578 1.124878 0.000000
vt -2.702822 1.099616 0.000000
vt -2.874878 1.340578 0.000000
vt -2.477500 1.260067 0.000000
vt -2.625000 1.515544 0.000000
vt -2.348535 1.644462 0.000000
vt -2.225884 1.374976 0.000000
vt -2.053884 1.723414 0.000000
vt -1.957068 1.440190 0.000000
vt -1.750000 1.750000 0.000000
vt -1.680768 1.453352 0.000000
vt -1.446116 1.723414 0.000000
vt -1.406971 1.413986 0.000000
vt -1.151465 1.644462 0.000000
vt -1.145571 1.323515 0.000000
vt -0.875000 1.515544 0.000000
vt -0.906017 1.185208 0.000000
vt -0.625122 1.340578 0.000000
vt -0.696967 1.004065 0.000000
vt -0.409422 1.124878 0.000000
vt -0.525976 0.786632 0.000000
vt -0.234456 0.875000 0.000000
vt -0.399225 0.540769 0.000000
vt -0.105538 0.598535 0.000000
vt -0.321294 0.275361 0.000000
vt -0.268414 0.303884 0.000000
vt -0.295000 0.000000 0.000000
vt -0.000000 0.000000 0.000000
vt -0.268414 -0.303884 0.000000
vt 0.026294 -0.275361 0.000000
vt -0.189462 -0.598535 0.000000
vt 0.104225 -0.540769 0.000000
vt -0.060544 -0.875000 0.000000
vt 0.230976 -0.786632 0.000000
vt 0.114422 -1.124878 0.000000
vt 0.401967 -1.004065 0.000000
vt 0.330122 -1.340578 0.000000
vt 0.611017 -1.185208 0.000000
vt 0.580000 -1.515544 0.000000
vt 0.850571 -1.323515 0.000000
vt 0.856465 -1.644462 0.000000
vt 1.111971 -1.413986 0.000000
vt 1.151116 -1.723414 0.000000
vt 1.385768 -1.453352 0.000000
vt 1.455000 -1.750000 0.000000
vt 1.662068 -1.440190 0.000000
vt 1.758884 -1.723414 0.000000
vt 1.930884 -1.374976 0.000000
vt 2.053535 -1.644462 0.000000
vt 2.182500 -1.260067 0.000000
vt 2.330000 -1.515544 0.000000
vt 2.579878 -1.340578 0.000000
vt 2.407822 -1.099616 0.000000
vt 2.795578 -1.124878 0.000000
vt 2.598707 -0.899421 0.000000
vt 2.970544 -0.875000 0.000000
vt 2.748256 -0.666720 0.000000
vt 3.099462 -0.598535 0.000000
vt 2.851062 -0.409921 0.000000
vt 3.178414 -0.303884 0.000000
vt 2.903412 -0.138307 0.000000
vt 3.205000 0.000000 0.000000
vt 2.903412 0.138307 0.000000
vt 3.178414 0.303884 0.000000
vt 2.851062 0.409921 0.000000
vt 3.099462 0.598535 0.000000
vt 2.748256 0.666720 0.000000
vt 2.970544 0.875000 0.000000
vt 2.598707 0.899421 0.000000
vt 2.795578 1.124878 0.000000
vt 2.407822 1.099616 0.000000
vt 2.579878 1.340578 0.000000
vt 2.182500 1.260067 0.000000
vt 2.330000 1.515544 0.000000
vt 2.053535 1.644462 0.000000
vt 1.930884 1.374976 0.000000
vt 1.758884 1.723414 0.000000
vt 1.662068 1.440190 0.000000
vt 1.455000 1.750000 0.000000
vt 1.385768 1.453352 0.000000
vt 1.151116 1.723414 0.000000
vt 1.111971 1.413986 0.000000
vt 0.856465 1.644462 0.000000
vt 0.850571 1.323515 0.000000
vt 0.580000 1.515544 0.000000
vt 0.611017 1.185208 0.000000
vt 0.330122 1.340578 0.000000
vt 0.401967 1.004065 0.000000
vt 0.114422 1.124878 0.000000
vt 0.230976 0.786632 0.000000
vt -0.060544 0.875000 0.000000
vt 0.104225 0.540769 0.000000
vt -0.189462 0.598535 0.000000
vt 0.026294 0.275361 0.000000
vt 1.723414 0.303884 0.000000
vt -1.723414 0.303884 0.000000
vt 1.750000 -0.000000 0.000000
vt -1.750000 0.000000 0.000000
vt 1.723414 -0.303884 0.000000
vt -1.723414 -0.303884 0.000000
vt 1.644462 -0.598535 0.000000
vt -1.644462 -0.598535 0.000000
vt 1.515544 -0.875000 0.000000
vt -1.515544 -0.875000 0.000000
vt 1.340578 -1.124878 0.000000
vt -1.340578 -1.124878 0.000000
vt 1.124878 -1.340578 0.000000
vt -1.124878 -1.340578 0.000000
vt 0.875000 -1.515544 0.000000
vt -0.875000 -1.515544 0.000000
vt 0.598535 -1.644462 0.000000
vt -0.598535 -1.644462 0.000000
vt 0.303884 -1.723414 0.000000
vt -0.303884 -1.723414 0.000000
vt -0.000000 -1.750000 0.000000
vt -1.644462 0.598535 0.000000
vt 1.644462 0.598535 0.000000
vt -1.515544 0.875000 0.000000
vt 1.515544 0.875000 0.000000
vt -1.340578 1.124878 0.000000
vt 1.340578 1.124878 0.000000
vt -1.124878 1.340578 0.000000
vt 1.124878 1.340578 0.000000
vt -0.875000 1.515544 0.000000
vt 0.875000 1.515544 0.000000
vt -0.598535 1.644462 0.000000
vt 0.598535 1.644462 0.000000
vt -0.303884 1.723414 0.000000
vt 0.303884 1.723414 0.000000
vt -0.000000 1.750000 0.000000
vt -1.100000 0.118689 0.000000
vt -0.400000 0.118689 0.000000
vt -1.100000 0.169612 0.000000
vt -0.240116 0.144513 0.000000
vt -0.264564 0.169612 0.000000
vt -0.400000 0.067766 0.000000
vt -1.100000 0.067766 0.000000
vt -0.400000 0.016842 0.000000
vt -1.100000 0.016842 0.000000
vt -0.400000 -0.034081 0.000000
vt -1.100000 -0.034081 0.000000
vt -0.400000 -0.085004 0.000000
vt -1.100000 -0.085004 0.000000
vt -0.400000 -0.135928 0.000000
vt -1.100000 -0.135928 0.000000
vt -0.400000 -0.186851 0.000000
vt -1.100000 -0.186851 0.000000
vt -0.400000 -0.237774 0.000000
vt -1.100000 -0.237774 0.000000
vt -0.400000 -0.288698 0.000000
vt -1.100000 -0.288698 0.000000
vt -0.400000 -0.339621 0.000000
vt -1.100000 -0.339621 0.000000
vt -0.400000 -0.390544 0.000000
vt -1.100000 -0.390544 0.000000
vt -0.400000 -0.441468 0.000000
vt -1.100000 -0.441468 0.000000
vt -0.400000 -0.492391 0.000000
vt -1.100000 -0.492391 0.000000
vt -0.400000 -0.543314 0.000000
vt -1.100000 -0.543314 0.000000
vt -0.400000 -0.594238 0.000000
vt -1.100000 -0.594238 0.000000
vt -0.400000 -0.645161 0.000000
vt -1.100000 -0.645161 0.000000
vt -0.400000 -0.696084 0.000000
vt -1.100000 -0.696084 0.000000
vt -0.400000 -0.747008 0.000000
vt -1.100000 -0.747008 0.000000
vt -0.240116 -0.772832 0.000000
vt -1.100000 -0.797931 0.000000
vt -0.264564 -0.797931 0.000000
vt -0.212568 -0.751182 0.000000
vt -0.182521 -0.735518 0.000000
vt -0.166581 -0.731008 0.000000
vt -0.150000 -0.729391 0.000000
vt -0.133419 -0.731008 0.000000
vt 0.300000 -0.747008 0.000000
vt 0.300000 -0.696084 0.000000
vt -0.117479 -0.735518 0.000000
vt -0.087432 -0.751182 0.000000
vt -0.059884 -0.772832 0.000000
vt -0.035436 -0.797931 0.000000
vt 0.300000 -0.797931 0.000000
vt 0.300000 -0.645161 0.000000
vt 0.300000 -0.594238 0.000000
vt 0.300000 -0.543314 0.000000
vt 0.300000 -0.492391 0.000000
vt 0.300000 -0.441468 0.000000
vt 0.300000 -0.390544 0.000000
vt 0.300000 -0.339621 0.000000
vt 0.300000 -0.288698 0.000000
vt 0.300000 -0.237774 0.000000
vt 0.300000 -0.186851 0.000000
vt 0.300000 -0.135928 0.000000
vt 0.300000 -0.085004 0.000000
vt 0.300000 -0.034081 0.000000
vt 0.300000 0.016842 0.000000
vt 0.300000 0.067766 0.000000
vt -0.150000 0.101072 0.000000
vt -0.166581 0.102690 0.000000
vt -0.133419 0.102690 0.000000
vt 0.300000 0.118689 0.000000
vt -0.117479 0.107200 0.000000
vt -0.087432 0.122863 0.000000
vt -0.059884 0.144513 0.000000
vt 0.300000 0.169612 0.000000
vt -0.035436 0.169612 0.000000
vt -0.182521 0.107200 0.000000
vt -0.212568 0.122863 0.000000
vt -0.300000 3.438458 0.000000
vt -0.000000 3.438458 0.000000
vt -0.300000 3.696566 0.000000
vt -0.000000 3.696566 0.000000
vt -0.300000 3.954675 0.000000
vt -0.000000 3.954675 0.000000
vt -0.300000 4.212783 0.000000
vt -0.000000 4.212783 0.000000
vt -0.300000 4.470891 0.000000
vt -0.000000 4.470891 0.000000
vt -0.300000 4.728999 0.000000
vt -0.000000 4.728999 0.000000
vt -0.300000 4.987107 0.000000
vt -0.000000 4.987107 0.000000
vt -0.300000 5.245216 0.000000
vt -0.000000 5.245216 0.000000
vt -0.300000 5.503324 0.000000
vt -0.000000 5.503324 0.000000
vt -0.300000 5.761432 0.000000
vt -0.000000 5.761432 0.000000
vt -0.300000 6.019540 0.000000
vt -0.000000 6.019540 0.000000
vt -0.300000 6.277649 0.000000
vt -0.000000 6.277649 0.000000
vt -0.300000 6.535757 0.000000
vt -0.000000 6.535757 0.000000
vt -0.300000 6.793865 0.000000
vt -0.000000 6.793865 0.000000
vt -0.300000 7.051973 0.000000
vt -0.000000 7.051973 0.000000
vt -0.300000 7.310081 0.000000
vt -0.000000 7.310081 0.000000
vt -0.300000 7.568190 0.000000
vt -0.000000 7.568190 0.000000
vt -0.300000 7.826298 0.000000
vt -0.000000 7.826298 0.000000
vt -0.300000 8.084406 0.000000
vt -0.000000 8.084406 0.000000
vt -0.300000 8.342514 0.000000
vt -0.000000 8.342514 0.000000
vn -0.000000 -0.924595 0.380952
vn -0.000000 -0.924595 0.380952
vn -0.000000 -0.809897 0.586572
vn -0.000000 -0.809897 0.586572
vn -0.000000 -0.650302 0.759676
vn -0.000000 -0.650302 0.759676
vn -0.000000 -0.454658 0.890666
vn -0.000000 -0.454658 0.890666
vn -0.000000 -0.233810 0.972282
vn -0.000000 -0.233810 0.972282
vn -0.000000 -0.000000 1.000000
vn -0.000000 -0.000000 1.000000
vn 0.000000 0.000000 1.000000
vn 0.000000 0.000000 1.000000
vn 0.000000 0.000000 1.000000
vn 0.000000 0.000000 1.000000
vn 0.000000 0.000000 1.000000
vn 0.000000 0.000000 1.000000
vn 0.000000 0.000000 1.000000
vn 0.000000 0.000000 1.000000
vn 0.000000 0.000000 1.000000
vn 0.000000 0.000000 1.000000
vn 0.000000 0.000000 1.000000
vn 0.000000 0.000000 1.000000
vn 0.000000 0.000000 1.000000
vn 0.000000 0.000000 1.000000
vn 0.000000 0.000000 1.000000
vn 0.000000 0.000000 1.000000
vn 0.000000 0.000000 1.000000
vn 0.000000 0.000000 1.000000
vn 0.000000 0.000000 1.000000
vn 0.000000 0.000000 1.000000
vn 0.000000 0.000000 1.000000
vn 0.000000 0.000000 1.000000
vn 0.000000 0.000000 1.000000
vn 0.000000 0.000000 1.000000
vn 0.000000 0.000000 1.000000
vn 0.000000 0.000000 1.000000
vn 0.000000 0.000000 1.000000
vn 0.000000 0.000000 1.000000
vn 0.000000 0.000000 1.000000
vn 0.000000 0.000000 1.000000
vn 1.000000 0.000000 0.000000
vn 1.000000 0.000000 0.000000
vn 1.000000 0.000000 0.000000
vn 1.000000 0.000000 0.000000
vn 1.000000 0.000000 0.000000
vn 1.000000 0.000000 0.000000
vn 1.000000 0.000000 0.000000
vn 1.000000 0.000000 0.000000
vn 1.000000 0.000000 0.000000
vn 1.000000 0.000000 0.000000
vn 1.000000 0.000000 0.000000
vn 1.000000 0.000000 0.000000
vn 1.000000 0.000000 0.000000
vn 1.000000 0.000000 0.000000
vn 1.000000 0.000000 0.000000
vn 1.000000 0.000000 0.000000
vn 1.000000 0.000000 0.000000
vn 1.000000 0.000000 0.000000
vn 1.000000 0.000000 0.000000
vn 1.000000 0.000000 0.000000
vn 1.000000 0.000000 0.000000
vn 1.000000 0.000000 0.000000
vn 1.000000 0.000000 0.000000
vn 1.000000 0.000000 0.000000
vn 1.000000 0.000000 0.000000
vn 1.000000 0.000000 0.000000
vn 1.000000 0.000000 0.000000
vn 1.000000 0.000000 0.000000
vn 1.000000 0.000000 0.000000
vn 1.000000 0.000000 0.000000
vn 1.000000 0.000000 0.000000
vn 1.000000 0.000000 0.000000
vn 1.000000 0.000000 0.000000
vn 1.000000 0.000000 0.000000
vn 1.000000 0.000000 0.000000
vn 1.000000 0.000000 0.000000
vn 1.000000 0.000000 0.000000
vn 1.000000 0.000000 0.000000
vn 1.000000 0.000000 0.000000
vn 1.000000 0.000000 0.000000
vn 1.000000 0.000000 0.000000
vn 1.000000 0.000000 0.000000
vn 1.000000 0.000000 0.000000
vn 1.000000 0.000000 0.000000
vn 1.000000 0.000000 0.000000
vn 1.000000 0.000000 0.000000
vn 1.000000 0.000000 0.000000
vn 1.000000 0.000000 0.000000
vn 1.000000 0.000000 0.000000
vn 1.000000 0.000000 0.000000
vn -0.000000 0.233810 0.972282
vn -0.000000 0.233810 0.972282
vn -0.000000 0.454658 0.890666
vn -0.000000 0.454658 0.890666
vn -0.000000 0.650302 0.759676
vn -0.000000 0.650302 0.759676
vn -0.000000 0.809897 0.586572
vn -0.000000 0.809897 0.586572
vn -0.000000 0.924595 0.380952
vn -0.000000 0.924595 0.380952
vn 0.000000 0.604386 0.796692
vn 0.000000 0.604386 0.796692
vn 0.000000 0.604386 0.796692
vn 0.000000 0.604386 0.796692
vn 0.000000 -0.604386 0.796692
vn 0.000000 -0.604386 0.796692
vn 0.000000 -0.604386 0.796692
vn 0.000000 -0.604386 0.796692
vn 0.707107 -0.188897 0.681409
vn 0.707107 -0.095318 0.700653
vn 0.707107 -0.188823 0.681429
vn 0.707107 -0.098024 0.700279
vn 0.707107 -0.194155 0.679929
vn 0.707107 0.000000 0.707107
vn 0.707107 0.000000 0.707107
vn 0.707107 0.095318 0.700653
vn 0.707107 0.098024 0.700279
vn 0.707107 0.188897 0.681409
vn 0.707107 0.188823 0.681429
vn 0.707107 0.194155 0.679929
vn 0.000000 0.967577 0.252577
vn 0.000000 0.967577 0.252577
vn 0.000000 0.968566 0.248755
vn 0.000000 0.940426 0.339997
vn 0.000000 0.911065 0.412264
vn 0.000000 0.905396 0.424568
vn 0.000000 0.862779 0.505581
vn 0.000000 0.826193 0.563387
vn 0.000000 0.862779 0.505581
vn 0.000000 0.766044 0.642788
vn 0.000000 0.866025 0.500000
vn 0.000000 0.905396 0.424568
vn 0.000000 0.939693 0.342020
vn 0.000000 0.940426 0.339997
vn -0.000000 0.339997 -0.940426
vn -0.000000 0.257383 -0.966309
vn -0.000000 0.252577 -0.967577
vn -0.000000 0.086662 -0.996238
vn -0.000000 0.173648 -0.984808
vn -0.000000 -0.000000 -1.000000
vn -0.000000 -0.086662 -0.996238
vn -0.000000 -0.173648 -0.984808
vn -0.000000 -0.252577 -0.967577
vn -0.000000 -0.252577 -0.967577
vn -0.000000 0.420372 -0.907352
vn -0.000000 0.424568 -0.905396
vn -0.000000 0.505581 -0.862779
vn -0.000000 0.570732 -0.821136
vn -0.000000 0.505581 -0.862779
vn -0.000000 0.642788 -0.766044
vn -0.000000 0.500000 -0.866025
vn -0.000000 0.424568 -0.905396
vn -0.000000 0.342020 -0.939693
vn -0.000000 0.339997 -0.940426
vn -0.000000 0.252577 -0.967577
vn -0.000000 -0.940426 -0.339997
vn -0.000000 -0.963976 -0.265990
vn -0.000000 -0.967577 -0.252577
vn -0.000000 -0.995425 -0.095543
vn -0.000000 -0.984808 -0.173648
vn -0.000000 -1.000000 -0.000000
vn -0.000000 -0.996971 0.077774
vn -0.000000 -0.984808 0.173648
vn -0.000000 -0.968566 0.248755
vn -0.000000 -0.967577 0.252577
vn -0.000000 -0.967577 0.252577
vn -0.000000 -0.940426 0.339997
vn -0.000000 -0.911065 0.412264
vn -0.000000 -0.905396 0.424568
vn -0.000000 -0.862779 0.505581
vn -0.000000 -0.826193 0.563387
vn -0.000000 -0.862779 0.505581
vn -0.000000 -0.866025 0.500000
vn -0.000000 -0.905396 0.424568
vn -0.000000 -0.939693 0.342020
vn -0.000000 -0.940426 0.339997
vn -0.000000 -0.903567 -0.428447
vn -0.000000 -0.905396 -0.424568
vn -0.000000 -0.862779 -0.505581
vn -0.000000 -0.816014 -0.578032
vn -0.000000 -0.862779 -0.505581
vn -0.000000 -0.766044 -0.642788
vn -0.000000 -0.866025 -0.500000
vn -0.000000 -0.905396 -0.424568
vn -0.000000 -0.939693 -0.342020
vn -0.000000 -0.940426 -0.339997
vn -0.000000 -0.967577 -0.252577
vn 0.000000 0.274590 0.961561
vn 0.000000 0.274576 0.961565
vn 0.000000 0.274590 0.961561
vn 0.000000 0.274576 0.961565
vn 0.000000 0.354264 0.935145
vn 0.000000 0.436488 0.899710
vn 0.000000 0.431442 0.902140
vn 0.000000 0.505581 0.862779
vn 0.000000 0.585286 0.810827
vn 0.000000 0.505581 0.862779
vn 0.000000 0.500000 0.866025
vn 0.000000 0.431442 0.902140
vn 0.000000 0.342020 0.939693
vn 0.000000 0.354264 0.935145
vn -0.000000 -0.274590 0.961561
vn -0.000000 -0.274576 0.961565
vn -0.000000 -0.274590 0.961561
vn -0.000000 -0.342020 0.939693
vn -0.000000 -0.354264 0.935145
vn -0.000000 -0.431442 0.902140
vn -0.000000 -0.500000 0.866025
vn -0.000000 -0.505581 0.862779
vn -0.000000 -0.642788 0.766044
vn -0.000000 -0.585286 0.810827
vn -0.000000 -0.716502 0.697585
vn -0.000000 -0.766044 0.642788
vn -0.000000 -0.274576 0.961565
vn -0.000000 -0.354264 0.935145
vn -0.000000 -0.436488 0.899710
vn -0.000000 -0.431442 0.902140
vn -0.000000 -0.505581 0.862779
vn -0.000000 -0.173648 0.984808
vn -0.000000 -0.138627 0.990345
vn 0.000000 0.000000 1.000000
vn 0.000000 0.000000 1.000000
vn 0.000000 0.138627 0.990345
vn 0.000000 0.173648 0.984808
vn 0.000000 0.642788 0.766044
vn 0.000000 0.716502 0.697585
vn 0.000000 0.984808 0.173648
vn 0.000000 0.996971 0.077774
vn -0.000000 1.000000 -0.000000
vn -0.000000 0.995425 -0.095543
vn -0.000000 0.984808 -0.173648
vn -0.000000 0.967577 -0.252577
vn -0.000000 0.967577 -0.252577
vn -0.000000 0.963976 -0.265990
vn -0.000000 0.940426 -0.339997
vn -0.000000 0.903567 -0.428447
vn -0.000000 0.905396 -0.424568
vn -0.000000 0.862779 -0.505581
vn -0.000000 0.816014 -0.578032
vn -0.000000 0.862779 -0.505581
vn -0.000000 0.866025 -0.500000
vn -0.000000 0.905396 -0.424568
vn -0.000000 0.939693 -0.342020
vn -0.000000 0.940426 -0.339997
vn -0.000000 0.766044 -0.642788
vn -0.000000 0.703947 -0.710253
vn -0.000000 -0.257383 -0.966309
vn -0.000000 -0.339997 -0.940426
vn -0.000000 -0.420372 -0.907352
vn -0.000000 -0.424568 -0.905396
vn -0.000000 -0.505581 -0.862779
vn -0.000000 -0.570732 -0.821136
vn -0.000000 -0.505581 -0.862779
vn -0.000000 -0.500000 -0.866025
vn -0.000000 -0.424568 -0.905396
vn -0.000000 -0.342020 -0.939693
vn -0.000000 -0.339997 -0.940426
vn -0.000000 -0.642788 -0.766044
vn -0.000000 -0.703947 -0.710253
vn -0.000000 -1.000000 -0.000000
vn -0.000000 -1.000000 -0.000000
vn -0.000000 -1.000000 -0.000000
vn -0.000000 -1.000000 -0.000000
vn -0.000000 -1.000000 -0.000000
vn -0.683013 0.183013 0.707107
vn -0.683013 0.183013 0.707107
vn -0.707107 0.000000 0.707107
vn -0.707107 0.000000 0.707107
vn -0.683013 -0.183013 0.707107
vn -0.683013 -0.183013 0.707107
vn -0.612372 -0.353553 0.707107
vn -0.612372 -0.353553 0.707107
vn -0.500000 -0.500000 0.707107
vn -0.500000 -0.500000 0.707107
vn -0.353553 -0.612372 0.707107
vn -0.353553 -0.612372 0.707107
vn -0.183013 -0.683013 0.707107
vn -0.183013 -0.683013 0.707107
vn 0.000000 -0.707107 0.707107
vn 0.000000 -0.707107 0.707107
vn 0.183013 -0.683013 0.707107
vn 0.183013 -0.683013 0.707107
vn 0.353553 -0.612372 0.707107
vn 0.353553 -0.612372 0.707107
vn 0.500000 -0.500000 0.707107
vn 0.500000 -0.500000 0.707107
vn 0.612372 -0.353553 0.707107
vn 0.612372 -0.353553 0.707107
vn 0.683013 -0.183013 0.707107
vn 0.683013 -0.183013 0.707107
vn 0.707107 0.000000 0.707107
vn 0.707107 0.000000 0.707107
vn 0.683013 0.183013 0.707107
vn 0.683013 0.183013 0.707107
vn 0.612372 0.353553 0.707107
vn 0.612372 0.353553 0.707107
vn 0.500000 0.500000 0.707107
vn 0.500000 0.500000 0.707107
vn 0.353553 0.612372 0.707107
vn 0.353553 0.612372 0.707107
vn 0.183013 0.683013 0.707107
vn 0.183013 0.683013 0.707107
vn 0.000000 0.707107 0.707107
vn 0.000000 0.707107 0.707107
vn -0.183013 0.683013 0.707107
vn -0.183013 0.683013 0.707107
vn -0.353553 0.612372 0.707107
vn -0.353553 0.612372 0.707107
vn -0.500000 0.500000 0.707107
vn -0.500000 0.500000 0.707107
vn -0.612372 0.353553 0.707107
vn -0.612372 0.353553 0.707107
vn 0.818389 0.574665 0.000000
vn 0.707107 0.707107 0.000000
vn 0.654654 0.755929 0.000000
vn 0.500000 0.866025 0.000000
vn 0.514969 0.857209 0.000000
vn 0.357532 0.933901 0.000000
vn 0.258819 0.965926 0.000000
vn 0.185835 0.982581 0.000000
vn 0.094746 0.995501 0.000000
vn -0.000000 1.000000 0.000000
vn -0.000000 1.000000 0.000000
vn -0.094746 0.995501 0.000000
vn -0.258819 0.965926 0.000000
vn -0.185835 0.982581 0.000000
vn -0.357532 0.933901 0.000000
vn -0.500000 0.866025 0.000000
vn -0.514969 0.857209 0.000000
vn -0.654654 0.755929 0.000000
vn -0.707107 0.707107 0.000000
vn -0.818389 0.574665 0.000000
vn -0.866025 0.500000 0.000000
vn -0.933294 0.359112 0.000000
vn -0.965926 0.258819 0.000000
vn -0.992514 0.122133 0.000000
vn -1.000000 0.000000 0.000000
vn -0.992514 -0.122133 -0.000000
vn -0.965926 -0.258819 -0.000000
vn -0.933294 -0.359112 -0.000000
vn -0.866025 -0.500000 -0.000000
vn -0.818389 -0.574665 -0.000000
vn -0.707107 -0.707107 -0.000000
vn -0.654654 -0.755929 -0.000000
vn -0.500000 -0.866025 -0.000000
vn -0.514969 -0.857209 -0.000000
vn -0.357532 -0.933901 -0.000000
vn -0.258819 -0.965926 -0.000000
vn -0.185835 -0.982581 -0.000000
vn -0.094746 -0.995501 -0.000000
vn -0.000000 -1.000000 -0.000000
vn 0.000000 -1.000000 0.000000
vn 0.094746 -0.995501 0.000000
vn 0.258819 -0.965926 0.000000
vn 0.185835 -0.982581 0.000000
vn 0.357532 -0.933901 0.000000
vn 0.500000 -0.866025 0.000000
vn 0.514969 -0.857209 0.000000
vn 0.654654 -0.755929 0.000000
vn 0.707107 -0.707107 0.000000
vn 0.818389 -0.574665 0.000000
vn 0.866025 -0.500000 0.000000
vn 0.933294 -0.359112 0.000000
vn 0.965926 -0.258819 0.000000
vn 0.992514 -0.122133 0.000000
vn 1.000000 -0.000000 0.000000
vn 0.992514 0.122133 0.000000
vn 0.965926 0.258819 0.000000
vn 0.933294 0.359112 0.000000
vn 0.866025 0.500000 0.000000
vn 0.006322 0.862852 0.505417
vn 0.305000 0.825774 0.474418
vn 0.258819 0.892399 0.369644
vn 0.500000 0.800103 0.331414
vn 0.587281 0.779661 0.217326
vn 0.714938 0.672841 0.190131
vn 0.305000 0.919374 0.248446
vn 0.006322 0.967512 0.252745
vn 0.707107 0.653281 0.270598
vn 0.827691 0.539558 0.154286
vn 0.918508 0.379894 0.109651
vn 0.866025 0.461940 0.191342
vn 0.978676 0.197264 0.057281
vn 0.965926 0.239118 0.099046
vn 1.000000 -0.000000 -0.000000
vn 1.000000 -0.000000 -0.000000
vn 1.000000 -0.000000 -0.000000
vn 1.000000 0.000000 0.000000
vn 0.978676 0.179990 0.098982
vn 0.918508 0.346161 0.191090
vn 0.827691 0.490622 0.272429
vn 0.714938 0.610213 0.341328
vn 0.587281 0.704976 0.397631
vn -0.000000 0.969132 0.246541
vn -0.000000 0.969132 0.246541
vn -0.000000 0.999541 0.030289
vn -0.000000 0.998734 -0.050310
vn -0.000000 0.981095 -0.193528
vn -0.000000 0.934427 -0.356155
vn -0.000000 0.913168 -0.407584
vn -0.000000 0.862193 -0.506580
vn -0.000000 0.799186 -0.601084
vn -0.000000 0.759601 -0.650390
vn -0.000000 0.644898 -0.764268
vn -0.000000 0.624617 -0.780931
vn -0.000000 0.458086 -0.888908
vn -0.000000 0.458086 -0.888908
vn -0.000000 0.624617 -0.780931
vn -0.000000 0.759601 -0.650390
vn -0.000000 0.862193 -0.506580
vn -0.000000 0.934427 -0.356155
vn -0.000000 0.998734 -0.050310
vn 0.000000 -0.304638 0.952468
vn 0.000000 -0.304638 0.952468
vn 0.000000 -0.110531 0.993873
vn 0.000000 -0.084407 0.996431
vn 0.000000 0.077224 0.997014
vn 0.000000 0.140080 0.990140
vn 0.000000 0.251456 0.967869
vn 0.000000 0.357502 0.933912
vn 0.000000 0.408900 0.912579
vn 0.000000 0.556894 0.830584
vn 0.000000 0.670637 0.741786
vn 0.000000 0.728200 0.685365
vn 0.000000 0.859611 0.510949
vn 0.000000 0.859611 0.510949
vn 0.000000 -0.110531 0.993873
vn 0.000000 0.077224 0.997014
vn 0.000000 0.251456 0.967869
vn 0.000000 0.408900 0.912579
vn 0.000000 0.670637 0.741786
vn -0.006322 0.967512 0.252745
vn -0.305000 0.919374 0.248446
vn -0.258819 0.892399 0.369644
vn -0.500000 0.800103 0.331414
vn -0.587281 0.704976 0.397631
vn -0.714938 0.610213 0.341328
vn -0.305000 0.825774 0.474418
vn -0.006322 0.862852 0.505417
vn -0.707107 0.653281 0.270598
vn -0.827691 0.490622 0.272429
vn -0.918508 0.346161 0.191090
vn -0.866025 0.461940 0.191342
vn -0.978676 0.179990 0.098982
vn -0.965926 0.239118 0.099046
vn -1.000000 -0.000000 -0.000000
vn -1.000000 -0.000000 -0.000000
vn -1.000000 0.000000 0.000000
vn -1.000000 -0.000000 -0.000000
vn -0.978676 0.197264 0.057281
vn -0.918508 0.379894 0.109651
vn -0.827691 0.539558 0.154286
vn -0.714938 0.672841 0.190131
vn -0.587281 0.779661 0.217326
vn 0.000000 -0.304638 0.952468
vn 0.000000 -0.304638 0.952468
vn 0.000000 -0.304638 0.952468
vn 0.000000 -0.304638 0.952468
vn 0.000000 -0.304638 0.952468
vn 0.000000 -0.304638 0.952468
vn 0.000000 -0.304638 0.952468
vn 1.000000 -0.000000 -0.000000
vn 1.000000 -0.000000 -0.000000
vn 1.000000 -0.000000 -0.000000
vn 0.006322 0.967512 -0.252745
vn 0.305000 0.919374 -0.248446
vn 0.258819 0.892399 -0.369644
vn 0.500000 0.800103 -0.331414
vn 0.587281 0.704976 -0.397631
vn 0.714938 0.610213 -0.341328
vn 0.305000 0.825774 -0.474418
vn 0.006322 0.862852 -0.505417
vn 0.707107 0.653281 -0.270598
vn 0.827691 0.490622 -0.272429
vn 0.918508 0.346161 -0.191090
vn 0.866025 0.461940 -0.191342
vn 0.978676 0.179990 -0.098982
vn 0.965926 0.239118 -0.099046
vn 1.000000 0.000000 -0.000000
vn 1.000000 0.000000 -0.000000
vn 1.000000 0.000000 -0.000000
vn 1.000000 0.000000 -0.000000
vn 0.978676 0.197264 -0.057281
vn 0.918508 0.379894 -0.109651
vn 0.827691 0.539558 -0.154286
vn 0.714938 0.672841 -0.190131
vn 0.587281 0.779661 -0.217326
vn -0.000000 0.859611 -0.510949
vn -0.000000 0.859611 -0.510949
vn -0.000000 0.728200 -0.685365
vn -0.000000 0.670637 -0.741786
vn -0.000000 0.556894 -0.830584
vn -0.000000 0.408900 -0.912579
vn -0.000000 0.357502 -0.933912
vn -0.000000 0.251456 -0.967869
vn -0.000000 0.140080 -0.990140
vn -0.000000 0.077224 -0.997014
vn -0.000000 -0.084407 -0.996431
vn -0.000000 -0.110531 -0.993873
vn -0.000000 -0.304638 -0.952468
vn -0.000000 -0.304638 -0.952468
vn -0.000000 -0.110531 -0.993873
vn -0.000000 0.077224 -0.997014
vn -0.000000 0.251456 -0.967869
vn -0.000000 0.408900 -0.912579
vn -0.000000 0.670637 -0.741786
vn -1.000000 0.000000 -0.000000
vn -1.000000 0.000000 -0.000000
vn -0.978676 0.197264 -0.057281
vn -0.965926 0.239118 -0.099046
vn -0.866025 0.461940 -0.191342
vn -0.918508 0.346161 -0.191090
vn -0.827691 0.490622 -0.272429
vn -1.000000 0.000000 -0.000000
vn -0.978676 0.179990 -0.098982
vn -1.000000 0.000000 -0.000000
vn -0.707107 0.653281 -0.270598
vn -0.714938 0.610213 -0.341328
vn -0.587281 0.704976 -0.397631
vn -0.500000 0.800103 -0.331414
vn -0.305000 0.825774 -0.474418
vn -0.258819 0.892399 -0.369644
vn -0.006322 0.862852 -0.505417
vn -0.006322 0.967512 -0.252745
vn -0.305000 0.919374 -0.248446
vn -0.587281 0.779661 -0.217326
vn -0.714938 0.672841 -0.190131
vn -0.827691 0.539558 -0.154286
vn -0.918508 0.379894 -0.109651
vn 0.000000 0.969132 -0.246541
vn 0.000000 0.969132 -0.246541
vn 0.000000 0.999541 -0.030289
vn 0.000000 0.998734 0.050310
vn 0.000000 0.981095 0.193528
vn 0.000000 0.934427 0.356155
vn 0.000000 0.913168 0.407584
vn 0.000000 0.862193 0.506580
vn 0.000000 0.799186 0.601084
vn 0.000000 0.759601 0.650390
vn 0.000000 0.644898 0.764268
vn 0.000000 0.624617 0.780931
vn 0.000000 0.458086 0.888908
vn 0.000000 0.458086 0.888908
vn 0.000000 0.624617 0.780931
vn 0.000000 0.759601 0.650390
vn 0.000000 0.862193 0.506580
vn 0.000000 0.934427 0.356155
vn 0.000000 0.998734 0.050310
vn 0.000000 0.458086 0.888908
vn 0.000000 0.458086 0.888908
vn 0.000000 0.458086 0.888908
vn 0.000000 0.458086 0.888908
vn 0.000000 0.458086 0.888908
vn 0.000000 0.458086 0.888908
vn 0.000000 0.458086 0.888908
vn 1.000000 -0.000000 -0.000000
vn 1.000000 -0.000000 -0.000000
vn 1.000000 -0.000000 -0.000000
vn 0.006322 0.505417 -0.862852
vn 0.305000 0.474418 -0.825774
vn 0.258819 0.369644 -0.892399
vn 0.500000 0.331414 -0.800103
vn 0.587281 0.217326 -0.779661
vn 0.714938 0.190131 -0.672841
vn 0.305000 0.248446 -0.919374
vn 0.006322 0.252745 -0.967512
vn 0.707107 0.270598 -0.653281
vn 0.827691 0.154286 -0.539558
vn 0.918508 0.109651 -0.379894
vn 0.866025 0.191342 -0.461940
vn 0.978676 0.057281 -0.197264
vn 0.965926 0.099046 -0.239118
vn 1.000000 -0.000000 0.000000
vn 1.000000 -0.000000 0.000000
vn 1.000000 0.000000 -0.000000
vn 1.000000 0.000000 -0.000000
vn 0.978676 0.098982 -0.179990
vn 0.918508 0.191090 -0.346161
vn 0.827691 0.272429 -0.490622
vn 0.714938 0.341328 -0.610213
vn 0.587281 0.397631 -0.704976
vn -0.000000 0.246541 -0.969132
vn -0.000000 0.246541 -0.969132
vn -0.000000 0.030289 -0.999541
vn -0.000000 -0.050310 -0.998734
vn -0.000000 -0.193528 -0.981095
vn -0.000000 -0.356155 -0.934427
vn -0.000000 -0.407584 -0.913168
vn -0.000000 -0.506580 -0.862193
vn -0.000000 -0.601084 -0.799186
vn -0.000000 -0.650390 -0.759601
vn -0.000000 -0.764268 -0.644898
vn -0.000000 -0.780931 -0.624617
vn -0.000000 -0.888908 -0.458086
vn -0.000000 -0.888908 -0.458086
vn -0.000000 -0.780931 -0.624617
vn -0.000000 -0.650390 -0.759601
vn -0.000000 -0.506580 -0.862193
vn -0.000000 -0.356155 -0.934427
vn -0.000000 -0.050310 -0.998734
vn -1.000000 0.000000 -0.000000
vn -1.000000 -0.000000 0.000000
vn -0.978676 0.098982 -0.179990
vn -0.965926 0.099046 -0.239118
vn -0.866025 0.191342 -0.461940
vn -0.918508 0.109651 -0.379894
vn -0.827691 0.154286 -0.539558
vn -1.000000 -0.000000 0.000000
vn -0.978676 0.057281 -0.197264
vn -1.000000 0.000000 -0.000000
vn -0.707107 0.270598 -0.653281
vn -0.714938 0.190131 -0.672841
vn -0.587281 0.217326 -0.779661
vn -0.500000 0.331414 -0.800103
vn -0.305000 0.248446 -0.919374
vn -0.258819 0.369644 -0.892399
vn -0.006322 0.252745 -0.967512
vn -0.006322 0.505417 -0.862852
vn -0.305000 0.474418 -0.825774
vn -0.587281 0.397631 -0.704976
vn -0.714938 0.341328 -0.610213
vn -0.827691 0.272429 -0.490622
vn -0.918508 0.191090 -0.346161
vn 0.000000 0.510949 -0.859611
vn 0.000000 0.510949 -0.859611
vn 0.000000 0.685365 -0.728200
vn 0.000000 0.741786 -0.670637
vn 0.000000 0.830584 -0.556894
vn 0.000000 0.912579 -0.408900
vn 0.000000 0.933912 -0.357502
vn 0.000000 0.967869 -0.251456
vn 0.000000 0.990140 -0.140080
vn 0.000000 0.997014 -0.077224
vn 0.000000 0.996431 0.084407
vn 0.000000 0.993873 0.110531
vn 0.000000 0.952468 0.304638
vn 0.000000 0.952468 0.304638
vn 0.000000 0.993873 0.110531
vn 0.000000 0.997014 -0.077224
vn 0.000000 0.967869 -0.251456
vn 0.000000 0.912579 -0.408900
vn 0.000000 0.741786 -0.670637
vn 0.000000 0.952468 0.304638
vn 0.000000 0.952468 0.304638
vn 0.000000 0.952468 0.304638
vn 0.000000 0.952468 0.304638
vn 0.000000 0.952468 0.304638
vn 0.000000 0.952468 0.304638
vn 0.000000 0.952468 0.304638
vn 1.000000 -0.000000 -0.000000
vn 1.000000 -0.000000 -0.000000
vn 1.000000 -0.000000 -0.000000
vn 0.006322 -0.252745 -0.967512
vn 0.305000 -0.248446 -0.919374
vn 0.258819 -0.369644 -0.892399
vn 0.500000 -0.331414 -0.800103
vn 0.587281 -0.397631 -0.704976
vn 0.714938 -0.341328 -0.610213
vn 0.305000 -0.474418 -0.825774
vn 0.006322 -0.505417 -0.862852
vn 0.707107 -0.270598 -0.653281
vn 0.827691 -0.272429 -0.490622
vn 0.918508 -0.191090 -0.346161
vn 0.866025 -0.191342 -0.461940
vn 0.978676 -0.098982 -0.179990
vn 0.965926 -0.099046 -0.239118
vn 1.000000 0.000000 0.000000
vn 1.000000 0.000000 0.000000
vn 1.000000 0.000000 0.000000
vn 1.000000 0.000000 0.000000
vn 0.978676 -0.057281 -0.197264
vn 0.918508 -0.109651 -0.379894
vn 0.827691 -0.154286 -0.539558
vn 0.714938 -0.190131 -0.672841
vn 0.587281 -0.217326 -0.779661
vn -0.000000 -0.510949 -0.859611
vn -0.000000 -0.510949 -0.859611
vn -0.000000 -0.685365 -0.728200
vn -0.000000 -0.741786 -0.670637
vn -0.000000 -0.830584 -0.556894
vn -0.000000 -0.912579 -0.408900
vn -0.000000 -0.933912 -0.357502
vn -0.000000 -0.967869 -0.251456
vn -0.000000 -0.990140 -0.140080
vn -0.000000 -0.997014 -0.077224
vn -0.000000 -0.996431 0.084407
vn -0.000000 -0.993873 0.110531
vn -0.000000 -0.952468 0.304638
vn -0.000000 -0.952468 0.304638
vn -0.000000 -0.993873 0.110531
vn -0.000000 -0.997014 -0.077224
vn -0.000000 -0.967869 -0.251456
vn -0.000000 -0.912579 -0.408900
vn -0.000000 -0.741786 -0.670637
vn -1.000000 0.000000 0.000000
vn -1.000000 0.000000 0.000000
vn -0.978676 -0.057281 -0.197264
vn -0.965926 -0.099046 -0.239118
vn -0.866025 -0.191342 -0.461940
vn -0.918508 -0.191090 -0.346161
vn -0.827691 -0.272429 -0.490622
vn -1.000000 0.000000 0.000000
vn -0.978676 -0.098982 -0.179990
vn -1.000000 0.000000 0.000000
vn -0.707107 -0.270598 -0.653281
vn -0.714938 -0.341328 -0.610213
vn -0.587281 -0.397631 -0.704976
vn -0.500000 -0.331414 -0.800103
vn -0.305000 -0.474418 -0.825774
vn -0.258819 -0.369644 -0.892399
vn -0.006322 -0.505417 -0.862852
vn -0.006322 -0.252745 -0.967512
vn -0.305000 -0.248446 -0.919374
vn -0.587281 -0.217326 -0.779661
vn -0.714938 -0.190131 -0.672841
vn -0.827691 -0.154286 -0.539558
vn -0.918508 -0.109651 -0.379894
vn -0.000000 -0.246541 -0.969132
vn -0.000000 -0.246541 -0.969132
vn -0.000000 -0.030289 -0.999541
vn 0.000000 0.050310 -0.998734
vn 0.000000 0.193528 -0.981095
vn 0.000000 0.356155 -0.934427
vn 0.000000 0.407584 -0.913168
vn 0.000000 0.506580 -0.862193
vn 0.000000 0.601084 -0.799186
vn 0.000000 0.650390 -0.759601
vn 0.000000 0.764268 -0.644898
vn 0.000000 0.780931 -0.624617
vn 0.000000 0.888908 -0.458086
vn 0.000000 0.888908 -0.458086
vn 0.000000 0.780931 -0.624617
vn 0.000000 0.650390 -0.759601
vn 0.000000 0.506580 -0.862193
vn 0.000000 0.356155 -0.934427
vn 0.000000 0.050310 -0.998734
vn 0.000000 0.888908 -0.458086
vn 0.000000 0.888908 -0.458086
vn 0.000000 0.888908 -0.458086
vn 0.000000 0.888908 -0.458086
vn 0.000000 0.888908 -0.458086
vn 0.000000 0.888908 -0.458086
vn 0.000000 0.888908 -0.458086
vn 1.000000 -0.000000 -0.000000
vn 1.000000 -0.000000 -0.000000
vn 1.000000 -0.000000 -0.000000
vn 0.006322 -0.862852 -0.505417
vn 0.305000 -0.825774 -0.474418
vn 0.258819 -0.892399 -0.369644
vn 0.500000 -0.800103 -0.331414
vn 0.587281 -0.779661 -0.217326
vn 0.714938 -0.672841 -0.190131
vn 0.305000 -0.919374 -0.248446
vn 0.006322 -0.967512 -0.252745
vn 0.707107 -0.653281 -0.270598
vn 0.827691 -0.539558 -0.154286
vn 0.918508 -0.379894 -0.109651
vn 0.866025 -0.461940 -0.191342
vn 0.978676 -0.197264 -0.057281
vn 0.965926 -0.239118 -0.099046
vn 1.000000 0.000000 0.000000
vn 1.000000 -0.000000 -0.000000
vn 1.000000 -0.000000 -0.000000
vn 1.000000 0.000000 0.000000
vn 0.978676 -0.179990 -0.098982
vn 0.918508 -0.346161 -0.191090
vn 0.827691 -0.490622 -0.272429
vn 0.714938 -0.610213 -0.341328
vn 0.587281 -0.704976 -0.397631
vn -0.000000 -0.969132 -0.246541
vn -0.000000 -0.969132 -0.246541
vn -0.000000 -0.999541 -0.030289
vn -0.000000 -0.998734 0.050310
vn -0.000000 -0.981095 0.193528
vn -0.000000 -0.934427 0.356155
vn -0.000000 -0.913168 0.407584
vn -0.000000 -0.862193 0.506580
vn -0.000000 -0.799186 0.601084
vn -0.000000 -0.759601 0.650390
vn -0.000000 -0.644898 0.764268
vn -0.000000 -0.624617 0.780931
vn -0.000000 -0.458086 0.888908
vn -0.000000 -0.458086 0.888908
vn -0.000000 -0.624617 0.780931
vn -0.000000 -0.759601 0.650390
vn -0.000000 -0.862193 0.506580
vn -0.000000 -0.934427 0.356155
vn -0.000000 -0.998734 0.050310
vn 0.000000 0.304638 -0.952468
vn 0.000000 0.304638 -0.952468
vn 0.000000 0.110531 -0.993873
vn 0.000000 0.084407 -0.996431
vn -0.000000 -0.077224 -0.997014
vn -0.000000 -0.140080 -0.990140
vn -0.000000 -0.251456 -0.967869
vn -0.000000 -0.357502 -0.933912
vn -0.000000 -0.408900 -0.912579
vn -0.000000 -0.556894 -0.830584
vn -0.000000 -0.670637 -0.741786
vn -0.000000 -0.728200 -0.685365
vn -0.000000 -0.859611 -0.510949
vn -0.000000 -0.859611 -0.510949
vn 0.000000 0.110531 -0.993873
vn -0.000000 -0.077224 -0.997014
vn -0.000000 -0.251456 -0.967869
vn -0.000000 -0.408900 -0.912579
vn -0.000000 -0.670637 -0.741786
vn -0.006322 -0.967512 -0.252745
vn -0.305000 -0.919374 -0.248446
vn -0.258819 -0.892399 -0.369644
vn -0.500000 -0.800103 -0.331414
vn -0.587281 -0.704976 -0.397631
vn -0.714938 -0.610213 -0.341328
vn -0.305000 -0.825774 -0.474418
vn -0.006322 -0.862852 -0.505417
vn -0.707107 -0.653281 -0.270598
vn -0.827691 -0.490622 -0.272429
vn -0.918508 -0.346161 -0.191090
vn -0.866025 -0.461940 -0.191342
vn -0.978676 -0.179990 -0.098982
vn -0.965926 -0.239118 -0.099046
vn -1.000000 -0.000000 -0.000000
vn -1.000000 0.000000 0.000000
vn -1.000000 0.000000 0.000000
vn -1.000000 -0.000000 -0.000000
vn -0.978676 -0.197264 -0.057281
vn -0.918508 -0.379894 -0.109651
vn -0.827691 -0.539558 -0.154286
vn -0.714938 -0.672841 -0.190131
vn -0.587281 -0.779661 -0.217326
vn 0.000000 0.304638 -0.952468
vn 0.000000 0.304638 -0.952468
vn 0.000000 0.304638 -0.952468
vn 0.000000 0.304638 -0.952468
vn 0.000000 0.304638 -0.952468
vn 0.000000 0.304638 -0.952468
vn 0.000000 0.304638 -0.952468
vn 1.000000 -0.000000 -0.000000
vn 1.000000 -0.000000 -0.000000
vn 1.000000 -0.000000 -0.000000
vn 0.006322 -0.967512 0.252745
vn 0.305000 -0.919374 0.248446
vn 0.258819 -0.892399 0.369644
vn 0.500000 -0.800103 0.331414
vn 0.587281 -0.704976 0.397631
vn 0.714938 -0.610213 0.341328
vn 0.305000 -0.825774 0.474418
vn 0.006322 -0.862852 0.505417
vn 0.707107 -0.653281 0.270598
vn 0.827691 -0.490622 0.272429
vn 0.918508 -0.346161 0.191090
vn 0.866025 -0.461940 0.191342
vn 0.978676 -0.179990 0.098982
vn 0.965926 -0.239118 0.099046
vn 1.000000 0.000000 -0.000000
vn 1.000000 0.000000 -0.000000
vn 1.000000 0.000000 -0.000000
vn 1.000000 0.000000 -0.000000
vn 0.978676 -0.197264 0.057281
vn 0.918508 -0.379894 0.109651
vn 0.827691 -0.539558 0.154286
vn 0.714938 -0.672841 0.190131
vn 0.587281 -0.779661 0.217326
vn -0.000000 -0.859611 0.510949
vn -0.000000 -0.859611 0.510949
vn -0.000000 -0.728200 0.685365
vn -0.000000 -0.670637 0.741786
vn -0.000000 -0.556894 0.830584
vn -0.000000 -0.408900 0.912579
vn -0.000000 -0.357502 0.933912
vn -0.000000 -0.251456 0.967869
vn -0.000000 -0.140080 0.990140
vn -0.000000 -0.077224 0.997014
vn -0.000000 0.084407 0.996431
vn -0.000000 0.110531 0.993873
vn -0.000000 0.304638 0.952468
vn -0.000000 0.304638 0.952468
vn -0.000000 0.110531 0.993873
vn -0.000000 -0.077224 0.997014
vn -0.000000 -0.251456 0.967869
vn -0.000000 -0.408900 0.912579
vn -0.000000 -0.670637 0.741786
vn -1.000000 0.000000 -0.000000
vn -1.000000 0.000000 -0.000000
vn -0.978676 -0.197264 0.057281
vn -0.965926 -0.239118 0.099046
vn -0.866025 -0.461940 0.191342
vn -0.918508 -0.346161 0.191090
vn -0.827691 -0.490622 0.272429
vn -1.000000 0.000000 -0.000000
vn -0.978676 -0.179990 0.098982
vn -1.000000 0.000000 -0.000000
vn -0.707107 -0.653281 0.270598
vn -0.714938 -0.610213 0.341328
vn -0.587281 -0.704976 0.397631
vn -0.500000 -0.800103 0.331414
vn -0.305000 -0.825774 0.474418
vn -0.258819 -0.892399 0.369644
vn -0.006322 -0.862852 0.505417
vn -0.006322 -0.967512 0.252745
vn -0.305000 -0.919374 0.248446
vn -0.587281 -0.779661 0.217326
vn -0.714938 -0.672841 0.190131
vn -0.827691 -0.539558 0.154286
vn -0.918508 -0.379894 0.109651
vn 0.000000 -0.969132 0.246541
vn 0.000000 -0.969132 0.246541
vn 0.000000 -0.999541 0.030289
vn -0.000000 -0.998734 -0.050310
vn -0.000000 -0.981095 -0.193528
vn -0.000000 -0.934427 -0.356155
vn -0.000000 -0.913168 -0.407584
vn -0.000000 -0.862193 -0.506580
vn -0.000000 -0.799186 -0.601084
vn -0.000000 -0.759601 -0.650390
vn -0.000000 -0.644898 -0.764268
vn -0.000000 -0.624617 -0.780931
vn -0.000000 -0.458086 -0.888908
vn -0.000000 -0.458086 -0.888908
vn -0.000000 -0.624617 -0.780931
vn -0.000000 -0.759601 -0.650390
vn -0.000000 -0.862193 -0.506580
vn -0.000000 -0.934427 -0.356155
vn -0.000000 -0.998734 -0.050310
vn -0.000000 -0.458086 -0.888908
vn -0.000000 -0.458086 -0.888908
vn -0.000000 -0.458086 -0.888908
vn -0.000000 -0.458086 -0.888908
vn -0.000000 -0.458086 -0.888908
vn -0.000000 -0.458086 -0.888908
vn -0.000000 -0.458086 -0.888908
vn 1.000000 -0.000000 -0.000000
vn 1.000000 -0.000000 -0.000000
vn 1.000000 -0.000000 -0.000000
vn 0.006322 -0.505417 0.862852
vn 0.305000 -0.474418 0.825774
vn 0.258819 -0.379802 0.888123
vn 0.500000 -0.340521 0.796270
vn 0.559312 -0.228404 0.796870
vn 0.710054 -0.194488 0.676756
vn 0.385451 -0.253763 0.887148
vn 0.196947 -0.269323 0.942696
vn 0.707107 -0.278034 0.650152
vn 0.833912 -0.152890 0.530298
vn 0.924974 -0.105625 0.365057
vn 0.866025 -0.196600 0.459727
vn 0.981132 -0.053927 0.185665
vn 0.965926 -0.101768 0.237972
vn 1.000000 0.000000 -0.000000
vn 1.000000 0.000000 -0.000000
vn 1.000000 -0.000000 0.000000
vn 1.000000 0.000000 -0.000000
vn 0.978676 -0.098982 0.179990
vn 0.918508 -0.191090 0.346161
vn 0.827691 -0.272429 0.490622
vn 0.714938 -0.341328 0.610213
vn 0.587281 -0.397631 0.704976
vn 0.000000 -0.510949 0.859611
vn 0.000000 -0.510949 0.859611
vn 0.000000 -0.685365 0.728200
vn 0.000000 -0.741786 0.670637
vn 0.000000 -0.830584 0.556894
vn 0.000000 -0.912579 0.408900
vn 0.000000 -0.933912 0.357502
vn 0.000000 -0.967869 0.251456
vn 0.000000 -0.990140 0.140080
vn 0.000000 -0.997014 0.077224
vn -0.000000 -0.996431 -0.084407
vn -0.000000 -0.993873 -0.110531
vn -0.000000 -0.952468 -0.304638
vn -0.000000 -0.952468 -0.304638
vn -0.000000 -0.993873 -0.110531
vn 0.000000 -0.997014 0.077224
vn 0.000000 -0.967869 0.251456
vn 0.000000 -0.912579 0.408900
vn 0.000000 -0.741786 0.670637
vn -1.000000 0.000000 -0.000000
vn -1.000000 0.000000 -0.000000
vn -0.978676 -0.098982 0.179990
vn -0.965926 -0.101768 0.237972
vn -0.866025 -0.196600 0.459727
vn -0.924974 -0.105625 0.365057
vn -0.833912 -0.152890 0.530298
vn -1.000000 0.000000 -0.000000
vn -0.981132 -0.053927 0.185665
vn -1.000000 -0.000000 0.000000
vn -0.707107 -0.278034 0.650152
vn -0.710054 -0.194488 0.676756
vn -0.559312 -0.228404 0.796870
vn -0.500000 -0.340521 0.796270
vn -0.385451 -0.253763 0.887148
vn -0.258819 -0.379802 0.888123
vn -0.196947 -0.269323 0.942696
vn -0.305000 -0.474418 0.825774
vn -0.587281 -0.397631 0.704976
vn -0.006322 -0.505417 0.862852
vn -0.714938 -0.341328 0.610213
vn -0.827691 -0.272429 0.490622
vn -0.918508 -0.191090 0.346161
vn 1.000000 0.000000 0.000000
vn 1.000000 -0.000000 -0.000000
vn 0.978676 0.098982 0.179990
vn 0.965926 0.101768 0.237972
vn 0.866025 0.196600 0.459727
vn 0.924974 0.105625 0.365057
vn 0.833912 0.152890 0.530298
vn 1.000000 0.000000 0.000000
vn 0.981132 0.053927 0.185665
vn 1.000000 -0.000000 -0.000000
vn 0.707107 0.278034 0.650152
vn 0.710054 0.194488 0.676756
vn 0.559312 0.228404 0.796870
vn 0.500000 0.340521 0.796270
vn 0.385451 0.253763 0.887148
vn 0.258819 0.379802 0.888123
vn 0.196947 0.269323 0.942696
vn 0.305000 0.474418 0.825774
vn 0.587281 0.397631 0.704976
vn 0.006322 0.505417 0.862852
vn 0.714938 0.341328 0.610213
vn 0.827691 0.272429 0.490622
vn 0.918508 0.191090 0.346161
vn -0.000000 0.510949 0.859611
vn -0.000000 0.510949 0.859611
vn -0.000000 0.685365 0.728200
vn -0.000000 0.741786 0.670637
vn -0.000000 0.830584 0.556894
vn -0.000000 0.912579 0.408900
vn -0.000000 0.933912 0.357502
vn -0.000000 0.967869 0.251456
vn -0.000000 0.990140 0.140080
vn -0.000000 0.997014 0.077224
vn -0.000000 0.996431 -0.084407
vn -0.000000 0.993873 -0.110531
vn -0.000000 0.952468 -0.304638
vn -0.000000 0.952468 -0.304638
vn -0.000000 0.993873 -0.110531
vn -0.000000 0.997014 0.077224
vn -0.000000 0.967869 0.251456
vn -0.000000 0.912579 0.408900
vn -0.000000 0.741786 0.670637
vn -0.006322 0.505417 0.862852
vn -0.305000 0.474418 0.825774
vn -0.258819 0.379802 0.888123
vn -0.500000 0.340521 0.796270
vn -0.559312 0.228404 0.796870
vn -0.710054 0.194488 0.676756
vn -0.385451 0.253763 0.887148
vn -0.196947 0.269323 0.942696
vn -0.707107 0.278034 0.650152
vn -0.833912 0.152890 0.530298
vn -0.924974 0.105625 0.365057
vn -0.866025 0.196600 0.459727
vn -0.981132 0.053927 0.185665
vn -0.965926 0.101768 0.237972
vn -1.000000 0.000000 0.000000
vn -1.000000 -0.000000 -0.000000
vn -1.000000 -0.000000 -0.000000
vn -1.000000 0.000000 0.000000
vn -0.978676 0.098982 0.179990
vn -0.918508 0.191090 0.346161
vn -0.827691 0.272429 0.490622
vn -0.714938 0.341328 0.610213
vn -0.587281 0.397631 0.704976
vn 1.000000 -0.000000 -0.000000
vn 1.000000 -0.000000 -0.000000
vn 1.000000 -0.000000 -0.000000
vn 0.000000 0.952468 -0.304638
vn 0.000000 0.952468 -0.304638
vn 0.000000 0.952468 -0.304638
vn 0.000000 0.952468 -0.304638
vn 0.000000 0.952468 -0.304638
vn 0.000000 0.952468 -0.304638
vn 0.000000 0.952468 -0.304638
vn -1.000000 0.000000 0.000000
vn -1.000000 0.000000 0.000000
vn -1.000000 0.000000 0.000000
vn -0.000000 0.967577 0.252577
vn -0.000000 0.940426 0.339997
vn -0.006322 0.967512 0.252745
vn -0.305000 0.919374 0.248446
vn -0.258819 0.892399 0.369644
vn -0.500000 0.800103 0.331414
vn -0.587281 0.704976 0.397631
vn -0.714938 0.610213 0.341328
vn -0.000000 0.905396 0.424568
vn -0.305000 0.825774 0.474418
vn -0.000000 0.862779 0.505581
vn -0.006322 0.862852 0.505417
vn -0.707107 0.653281 0.270598
vn -0.827691 0.490622 0.272429
vn -0.918508 0.346161 0.191090
vn -0.866025 0.461940 0.191342
vn -0.978676 0.179990 0.098982
vn -0.965926 0.239118 0.099046
vn -1.000000 -0.000000 -0.000000
vn -1.000000 -0.000000 -0.000000
vn -1.000000 0.000000 0.000000
vn -1.000000 -0.000000 -0.000000
vn -0.978676 0.197264 0.057281
vn -0.918508 0.379894 0.109651
vn -0.827691 0.539558 0.154286
vn -0.714938 0.672841 0.190131
vn -0.587281 0.779661 0.217326
vn 0.000000 -0.304638 0.952468
vn 0.000000 -0.304638 0.952468
vn 0.000000 -0.110531 0.993873
vn 0.000000 -0.084407 0.996431
vn 0.000000 0.077224 0.997014
vn 0.000000 0.140080 0.990140
vn 0.000000 0.251456 0.967869
vn 0.000000 0.357502 0.933912
vn 0.000000 0.408900 0.912579
vn 0.000000 0.556894 0.830584
vn 0.000000 0.670637 0.741786
vn 0.000000 0.728200 0.685365
vn 0.000000 0.859611 0.510949
vn 0.000000 0.859611 0.510949
vn 0.000000 0.862779 0.505581
vn 0.000000 -0.110531 0.993873
vn 0.000000 0.077224 0.997014
vn 0.000000 0.251456 0.967869
vn 0.000000 0.408900 0.912579
vn 0.000000 0.670637 0.741786
vn -0.000000 0.967577 0.252577
vn -0.000000 0.969132 0.246541
vn -0.000000 0.969132 0.246541
vn -0.000000 0.999541 0.030289
vn -0.000000 0.998734 -0.050310
vn -0.000000 0.981095 -0.193528
vn -0.000000 0.934427 -0.356155
vn -0.000000 0.913168 -0.407584
vn -0.000000 0.862193 -0.506580
vn -0.000000 0.799186 -0.601084
vn -0.000000 0.759601 -0.650390
vn -0.000000 0.644898 -0.764268
vn -0.000000 0.624617 -0.780931
vn -0.000000 0.458086 -0.888908
vn -0.000000 0.458086 -0.888908
vn -0.000000 0.624617 -0.780931
vn -0.000000 0.759601 -0.650390
vn -0.000000 0.862193 -0.506580
vn -0.000000 0.934427 -0.356155
vn -0.000000 0.998734 -0.050310
vn 0.000000 0.905396 0.424568
vn 0.006322 0.862852 0.505417
vn 0.305000 0.825774 0.474418
vn 0.258819 0.892399 0.369644
vn 0.500000 0.800103 0.331414
vn 0.587281 0.779661 0.217326
vn 0.714938 0.672841 0.190131
vn 0.000000 0.940426 0.339997
vn 0.305000 0.919374 0.248446
vn 0.006322 0.967512 0.252745
vn 0.707107 0.653281 0.270598
vn 0.827691 0.539558 0.154286
vn 0.918508 0.379894 0.109651
vn 0.866025 0.461940 0.191342
vn 0.978676 0.197264 0.057281
vn 0.965926 0.239118 0.099046
vn 1.000000 -0.000000 -0.000000
vn 1.000000 -0.000000 -0.000000
vn 1.000000 -0.000000 -0.000000
vn 1.000000 0.000000 0.000000
vn 0.978676 0.179990 0.098982
vn 0.918508 0.346161 0.191090
vn 0.827691 0.490622 0.272429
vn 0.714938 0.610213 0.341328
vn 0.587281 0.704976 0.397631
vn 0.000000 0.458086 -0.888908
vn 0.000000 0.458086 -0.888908
vn 0.000000 0.458086 -0.888908
vn 0.000000 0.458086 -0.888908
vn 0.000000 0.458086 -0.888908
vn 0.000000 0.458086 -0.888908
vn 0.000000 0.458086 -0.888908
vn -1.000000 -0.000000 -0.000000
vn -1.000000 -0.000000 -0.000000
vn -1.000000 -0.000000 -0.000000
vn -0.000000 0.940426 -0.339997
vn -0.000000 0.939693 -0.342020
vn -0.000000 0.967577 -0.252577
vn -0.000000 0.984808 -0.173648
vn -0.000000 0.967577 -0.252577
vn -0.000000 0.984808 -0.173648
vn -0.000000 0.939693 -0.342020
vn -0.000000 0.905396 -0.424568
vn -0.000000 0.866025 -0.500000
vn -0.000000 0.862779 -0.505581
vn -0.000000 0.766044 -0.642788
vn -0.000000 0.862779 -0.505581
vn -0.000000 0.766044 -0.642788
vn -0.000000 0.866025 -0.500000
vn -0.000000 0.905396 -0.424568
vn -0.000000 0.940426 -0.339997
vn -0.000000 -0.252577 -0.967577
vn -0.000000 -0.173648 -0.984808
vn -0.000000 -0.252577 -0.967577
vn -0.000000 -0.173648 -0.984808
vn -0.000000 -0.342020 -0.939693
vn -0.000000 -0.342020 -0.939693
vn -0.000000 -0.339997 -0.940426
vn -0.000000 -0.424568 -0.905396
vn -0.000000 -0.500000 -0.866025
vn -0.000000 -0.505581 -0.862779
vn -0.000000 -0.642788 -0.766044
vn -0.000000 -0.505581 -0.862779
vn -0.000000 -0.642788 -0.766044
vn -0.000000 -0.500000 -0.866025
vn -0.000000 -0.424568 -0.905396
vn -0.000000 -0.339997 -0.940426
vn -0.000000 -0.940426 0.339997
vn -0.000000 -0.939693 0.342020
vn -0.000000 -0.967577 0.252577
vn -0.000000 -0.984808 0.173648
vn -0.000000 -0.967577 0.252577
vn -0.000000 -0.984808 0.173648
vn -0.000000 -0.939693 0.342020
vn -0.000000 -0.905396 0.424568
vn -0.000000 -0.866025 0.500000
vn -0.000000 -0.862779 0.505581
vn -0.000000 -0.766044 0.642788
vn -0.000000 -0.862779 0.505581
vn -0.000000 -0.766044 0.642788
vn -0.000000 -0.866025 0.500000
vn -0.000000 -0.905396 0.424568
vn -0.000000 -0.940426 0.339997
vn 0.000000 0.252577 0.967577
vn 0.000000 0.173648 0.984808
vn 0.000000 0.252577 0.967577
vn 0.000000 0.173648 0.984808
vn 0.000000 0.342020 0.939693
vn 0.000000 0.342020 0.939693
vn 0.000000 0.339997 0.940426
vn 0.000000 0.424568 0.905396
vn 0.000000 0.500000 0.866025
vn 0.000000 0.505581 0.862779
vn 0.000000 0.642788 0.766044
vn 0.000000 0.505581 0.862779
vn 0.000000 0.642788 0.766044
vn 0.000000 0.500000 0.866025
vn 0.000000 0.424568 0.905396
vn 0.000000 0.339997 0.940426
vn -0.000000 -0.984808 -0.173648
vn -0.000000 -0.984808 -0.173648
vn -0.000000 -1.000000 -0.000000
vn -0.000000 -1.000000 -0.000000
vn -0.000000 -0.939693 -0.342020
vn -0.000000 -0.967577 -0.252577
vn -0.000000 -0.967577 -0.252577
vn -0.000000 -0.939693 -0.342020
vn -0.000000 -0.940426 -0.339997
vn -0.000000 -0.905396 -0.424568
vn -0.000000 -0.866025 -0.500000
vn -0.000000 -0.905396 -0.424568
vn -0.000000 -0.940426 -0.339997
vn -0.000000 -0.862779 -0.505581
vn -0.000000 -0.766044 -0.642788
vn -0.000000 -0.862779 -0.505581
vn -0.000000 -0.766044 -0.642788
vn -0.000000 -0.866025 -0.500000
vn -0.000000 0.000000 -1.000000
vn -0.000000 0.000000 -1.000000
vn -0.000000 0.173648 -0.984808
vn -0.000000 0.173648 -0.984808
vn -0.000000 0.252577 -0.967577
vn -0.000000 0.252577 -0.967577
vn -0.000000 0.342020 -0.939693
vn -0.000000 0.339997 -0.940426
vn -0.000000 0.424568 -0.905396
vn -0.000000 0.500000 -0.866025
vn -0.000000 0.505581 -0.862779
vn -0.000000 0.642788 -0.766044
vn -0.000000 0.505581 -0.862779
vn -0.000000 0.642788 -0.766044
vn -0.000000 0.500000 -0.866025
vn 0.000000 1.000000 0.000000
vn 0.000000 1.000000 0.000000
vn 0.000000 0.984808 0.173648
vn 0.000000 0.984808 0.173648
vn 0.000000 0.939693 0.342020
vn 0.000000 0.866025 0.500000
vn 0.000000 0.766044 0.642788
vn 0.000000 0.766044 0.642788
vn 0.000000 0.866025 0.500000
vn 0.000000 0.000000 1.000000
vn 0.000000 0.000000 1.000000
vn -0.000000 -0.173648 0.984808
vn -0.000000 -0.173648 0.984808
vn -0.000000 -0.252577 0.967577
vn -0.000000 -0.252577 0.967577
vn -0.000000 -0.342020 0.939693
vn -0.000000 -0.339997 0.940426
vn -0.000000 -0.424568 0.905396
vn -0.000000 -0.500000 0.866025
vn -0.000000 -0.505581 0.862779
vn -0.000000 -0.642788 0.766044
vn -0.000000 -0.505581 0.862779
vn -0.000000 -0.642788 0.766044
vn -0.000000 -0.500000 0.866025
vn 0.000000 0.939693 0.342020
vn -0.000000 0.424568 -0.905396
vn -0.000000 0.342020 -0.939693
vn -0.000000 0.339997 -0.940426
vn -0.000000 -0.424568 0.905396
vn -0.000000 -0.342020 0.939693
vn -0.000000 -0.339997 0.940426
vn -0.006322 0.862852 -0.505417
vn -0.305000 0.825774 -0.474418
vn -0.258819 0.892399 -0.369644
vn -0.500000 0.800103 -0.331414
vn -0.587281 0.779661 -0.217326
vn -0.714938 0.672841 -0.190131
vn -0.305000 0.919374 -0.248446
vn -0.006322 0.967512 -0.252745
vn -0.707107 0.653281 -0.270598
vn -0.827691 0.539558 -0.154286
vn -0.918508 0.379894 -0.109651
vn -0.866025 0.461940 -0.191342
vn -0.978676 0.197264 -0.057281
vn -0.965926 0.239118 -0.099046
vn -1.000000 0.000000 -0.000000
vn -1.000000 0.000000 -0.000000
vn -1.000000 0.000000 -0.000000
vn -1.000000 0.000000 -0.000000
vn -0.978676 0.179990 -0.098982
vn -0.918508 0.346161 -0.191090
vn -0.827691 0.490622 -0.272429
vn -0.714938 0.610213 -0.341328
vn -0.587281 0.704976 -0.397631
vn 0.000000 0.969132 -0.246541
vn 0.000000 0.969132 -0.246541
vn 0.000000 0.999541 -0.030289
vn 0.000000 0.998734 0.050310
vn 0.000000 0.981095 0.193528
vn 0.000000 0.934427 0.356155
vn 0.000000 0.913168 0.407584
vn 0.000000 0.862193 0.506580
vn 0.000000 0.799186 0.601084
vn 0.000000 0.759601 0.650390
vn 0.000000 0.644898 0.764268
vn 0.000000 0.624617 0.780931
vn 0.000000 0.458086 0.888908
vn 0.000000 0.458086 0.888908
vn 0.000000 0.624617 0.780931
vn 0.000000 0.759601 0.650390
vn 0.000000 0.862193 0.506580
vn 0.000000 0.934427 0.356155
vn 0.000000 0.998734 0.050310
vn 1.000000 0.000000 -0.000000
vn 1.000000 0.000000 -0.000000
vn 0.978676 0.179990 -0.098982
vn 0.965926 0.239118 -0.099046
vn 0.866025 0.461940 -0.191342
vn 0.918508 0.379894 -0.109651
vn 0.827691 0.539558 -0.154286
vn 1.000000 0.000000 -0.000000
vn 0.978676 0.197264 -0.057281
vn 1.000000 0.000000 -0.000000
vn 0.707107 0.653281 -0.270598
vn 0.714938 0.672841 -0.190131
vn 0.587281 0.779661 -0.217326
vn 0.500000 0.800103 -0.331414
vn 0.305000 0.919374 -0.248446
vn 0.258819 0.892399 -0.369644
vn 0.006322 0.967512 -0.252745
vn 0.006322 0.862852 -0.505417
vn 0.305000 0.825774 -0.474418
vn 0.587281 0.704976 -0.397631
vn 0.714938 0.610213 -0.341328
vn 0.827691 0.490622 -0.272429
vn 0.918508 0.346161 -0.191090
vn -0.000000 0.859611 -0.510949
vn -0.000000 0.859611 -0.510949
vn -0.000000 0.728200 -0.685365
vn -0.000000 0.670637 -0.741786
vn -0.000000 0.556894 -0.830584
vn -0.000000 0.408900 -0.912579
vn -0.000000 0.357502 -0.933912
vn -0.000000 0.251456 -0.967869
vn -0.000000 0.140080 -0.990140
vn -0.000000 0.077224 -0.997014
vn -0.000000 -0.084407 -0.996431
vn -0.000000 -0.110531 -0.993873
vn -0.000000 -0.304638 -0.952468
vn -0.000000 -0.304638 -0.952468
vn -0.000000 -0.110531 -0.993873
vn -0.000000 0.077224 -0.997014
vn -0.000000 0.251456 -0.967869
vn -0.000000 0.408900 -0.912579
vn -0.000000 0.670637 -0.741786
vn 0.000000 -0.304638 -0.952468
vn 0.000000 -0.304638 -0.952468
vn 0.000000 -0.304638 -0.952468
vn 0.000000 -0.304638 -0.952468
vn 0.000000 -0.304638 -0.952468
vn 0.000000 -0.304638 -0.952468
vn 0.000000 -0.304638 -0.952468
vn -1.000000 -0.000000 -0.000000
vn -1.000000 -0.000000 -0.000000
vn -1.000000 -0.000000 -0.000000
vn 0.000000 0.510949 -0.859611
vn 0.000000 0.510949 -0.859611
vn 0.000000 0.685365 -0.728200
vn 0.000000 0.741786 -0.670637
vn 0.000000 0.830584 -0.556894
vn 0.000000 0.912579 -0.408900
vn 0.000000 0.933912 -0.357502
vn 0.000000 0.967869 -0.251456
vn 0.000000 0.990140 -0.140080
vn 0.000000 0.997014 -0.077224
vn 0.000000 0.996431 0.084407
vn 0.000000 0.993873 0.110531
vn 0.000000 0.952468 0.304638
vn 0.000000 0.952468 0.304638
vn 0.000000 0.993873 0.110531
vn 0.000000 0.997014 -0.077224
vn 0.000000 0.967869 -0.251456
vn 0.000000 0.912579 -0.408900
vn 0.000000 0.741786 -0.670637
vn -1.000000 0.000000 -0.000000
vn -1.000000 -0.000000 0.000000
vn -0.978676 0.098982 -0.179990
vn -0.965926 0.099046 -0.239118
vn -0.866025 0.191342 -0.461940
vn -0.918508 0.109651 -0.379894
vn -0.827691 0.154286 -0.539558
vn -1.000000 -0.000000 0.000000
vn -0.978676 0.057281 -0.197264
vn -1.000000 0.000000 -0.000000
vn -0.707107 0.270598 -0.653281
vn -0.714938 0.190131 -0.672841
vn -0.587281 0.217326 -0.779661
vn -0.500000 0.331414 -0.800103
vn -0.305000 0.248446 -0.919374
vn -0.258819 0.369644 -0.892399
vn -0.006322 0.252745 -0.967512
vn -0.006322 0.505417 -0.862852
vn -0.305000 0.474418 -0.825774
vn -0.587281 0.397631 -0.704976
vn -0.714938 0.341328 -0.610213
vn -0.827691 0.272429 -0.490622
vn -0.918508 0.191090 -0.346161
vn -0.000000 0.246541 -0.969132
vn -0.000000 0.246541 -0.969132
vn -0.000000 0.030289 -0.999541
vn -0.000000 -0.050310 -0.998734
vn -0.000000 -0.193528 -0.981095
vn -0.000000 -0.356155 -0.934427
vn -0.000000 -0.407584 -0.913168
vn -0.000000 -0.506580 -0.862193
vn -0.000000 -0.601084 -0.799186
vn -0.000000 -0.650390 -0.759601
vn -0.000000 -0.764268 -0.644898
vn -0.000000 -0.780931 -0.624617
vn -0.000000 -0.888908 -0.458086
vn -0.000000 -0.888908 -0.458086
vn -0.000000 -0.780931 -0.624617
vn -0.000000 -0.650390 -0.759601
vn -0.000000 -0.506580 -0.862193
vn -0.000000 -0.356155 -0.934427
vn -0.000000 -0.050310 -0.998734
vn 0.006322 0.505417 -0.862852
vn 0.305000 0.474418 -0.825774
vn 0.258819 0.369644 -0.892399
vn 0.500000 0.331414 -0.800103
vn 0.587281 0.217326 -0.779661
vn 0.714938 0.190131 -0.672841
vn 0.305000 0.248446 -0.919374
vn 0.006322 0.252745 -0.967512
vn 0.707107 0.270598 -0.653281
vn 0.827691 0.154286 -0.539558
vn 0.918508 0.109651 -0.379894
vn 0.866025 0.191342 -0.461940
vn 0.978676 0.057281 -0.197264
vn 0.965926 0.099046 -0.239118
vn 1.000000 -0.000000 0.000000
vn 1.000000 -0.000000 0.000000
vn 1.000000 0.000000 -0.000000
vn 1.000000 0.000000 -0.000000
vn 0.978676 0.098982 -0.179990
vn 0.918508 0.191090 -0.346161
vn 0.827691 0.272429 -0.490622
vn 0.714938 0.341328 -0.610213
vn 0.587281 0.397631 -0.704976
vn 1.000000 0.000000 0.000000
vn 1.000000 0.000000 0.000000
vn 1.000000 0.000000 0.000000
vn 0.000000 -0.888908 -0.458086
vn 0.000000 -0.888908 -0.458086
vn 0.000000 -0.888908 -0.458086
vn 0.000000 -0.888908 -0.458086
vn 0.000000 -0.888908 -0.458086
vn 0.000000 -0.888908 -0.458086
vn 0.000000 -0.888908 -0.458086
vn -0.000000 -0.246541 -0.969132
vn -0.000000 -0.246541 -0.969132
vn -0.000000 -0.030289 -0.999541
vn 0.000000 0.050310 -0.998734
vn 0.000000 0.193528 -0.981095
vn 0.000000 0.356155 -0.934427
vn 0.000000 0.407584 -0.913168
vn 0.000000 0.506580 -0.862193
vn 0.000000 0.601084 -0.799186
vn 0.000000 0.650390 -0.759601
vn 0.000000 0.764268 -0.644898
vn 0.000000 0.780931 -0.624617
vn 0.000000 0.888908 -0.458086
vn 0.000000 0.888908 -0.458086
vn 0.000000 0.780931 -0.624617
vn 0.000000 0.650390 -0.759601
vn 0.000000 0.506580 -0.862193
vn 0.000000 0.356155 -0.934427
vn 0.000000 0.050310 -0.998734
vn -1.000000 0.000000 0.000000
vn -1.000000 0.000000 0.000000
vn -0.978676 -0.057281 -0.197264
vn -0.965926 -0.099046 -0.239118
vn -0.866025 -0.191342 -0.461940
vn -0.918508 -0.191090 -0.346161
vn -0.827691 -0.272429 -0.490622
vn -1.000000 0.000000 0.000000
vn -0.978676 -0.098982 -0.179990
vn -1.000000 0.000000 0.000000
vn -0.707107 -0.270598 -0.653281
vn -0.714938 -0.341328 -0.610213
vn -0.587281 -0.397631 -0.704976
vn -0.500000 -0.331414 -0.800103
vn -0.305000 -0.474418 -0.825774
vn -0.258819 -0.369644 -0.892399
vn -0.006322 -0.505417 -0.862852
vn -0.006322 -0.252745 -0.967512
vn -0.305000 -0.248446 -0.919374
vn -0.587281 -0.217326 -0.779661
vn -0.714938 -0.190131 -0.672841
vn -0.827691 -0.154286 -0.539558
vn -0.918508 -0.109651 -0.379894
vn -0.000000 -0.510949 -0.859611
vn -0.000000 -0.510949 -0.859611
vn -0.000000 -0.685365 -0.728200
vn -0.000000 -0.741786 -0.670637
vn -0.000000 -0.830584 -0.556894
vn -0.000000 -0.912579 -0.408900
vn -0.000000 -0.933912 -0.357502
vn -0.000000 -0.967869 -0.251456
vn -0.000000 -0.990140 -0.140080
vn -0.000000 -0.997014 -0.077224
vn -0.000000 -0.996431 0.084407
vn -0.000000 -0.993873 0.110531
vn -0.000000 -0.952468 0.304638
vn -0.000000 -0.952468 0.304638
vn -0.000000 -0.993873 0.110531
vn -0.000000 -0.997014 -0.077224
vn -0.000000 -0.967869 -0.251456
vn -0.000000 -0.912579 -0.408900
vn -0.000000 -0.741786 -0.670637
vn 0.006322 -0.252745 -0.967512
vn 0.305000 -0.248446 -0.919374
vn 0.258819 -0.369644 -0.892399
vn 0.500000 -0.331414 -0.800103
vn 0.587281 -0.397631 -0.704976
vn 0.714938 -0.341328 -0.610213
vn 0.305000 -0.474418 -0.825774
vn 0.006322 -0.505417 -0.862852
vn 0.707107 -0.270598 -0.653281
vn 0.827691 -0.272429 -0.490622
vn 0.918508 -0.191090 -0.346161
vn 0.866025 -0.191342 -0.461940
vn 0.978676 -0.098982 -0.179990
vn 0.965926 -0.099046 -0.239118
vn 1.000000 0.000000 0.000000
vn 1.000000 0.000000 0.000000
vn 1.000000 0.000000 0.000000
vn 1.000000 0.000000 0.000000
vn 0.978676 -0.057281 -0.197264
vn 0.918508 -0.109651 -0.379894
vn 0.827691 -0.154286 -0.539558
vn 0.714938 -0.190131 -0.672841
vn 0.587281 -0.217326 -0.779661
vn 1.000000 0.000000 0.000000
vn 1.000000 0.000000 0.000000
vn 1.000000 0.000000 0.000000
vn 0.000000 -0.952468 0.304638
vn 0.000000 -0.952468 0.304638
vn 0.000000 -0.952468 0.304638
vn 0.000000 -0.952468 0.304638
vn 0.000000 -0.952468 0.304638
vn 0.000000 -0.952468 0.304638
vn 0.000000 -0.952468 0.304638
vn -0.000000 -0.859611 -0.510949
vn -0.000000 -0.859611 -0.510949
vn -0.000000 -0.728200 -0.685365
vn -0.000000 -0.670637 -0.741786
vn -0.000000 -0.556894 -0.830584
vn -0.000000 -0.408900 -0.912579
vn -0.000000 -0.357502 -0.933912
vn -0.000000 -0.251456 -0.967869
vn -0.000000 -0.140080 -0.990140
vn -0.000000 -0.077224 -0.997014
vn 0.000000 0.084407 -0.996431
vn 0.000000 0.110531 -0.993873
vn 0.000000 0.304638 -0.952468
vn 0.000000 0.304638 -0.952468
vn 0.000000 0.110531 -0.993873
vn -0.000000 -0.077224 -0.997014
vn -0.000000 -0.251456 -0.967869
vn -0.000000 -0.408900 -0.912579
vn -0.000000 -0.670637 -0.741786
vn -1.000000 0.000000 0.000000
vn -1.000000 -0.000000 -0.000000
vn -0.978676 -0.179990 -0.098982
vn -0.965926 -0.239118 -0.099046
vn -0.866025 -0.461940 -0.191342
vn -0.918508 -0.379894 -0.109651
vn -0.827691 -0.539558 -0.154286
vn -1.000000 0.000000 0.000000
vn -0.978676 -0.197264 -0.057281
vn -1.000000 -0.000000 -0.000000
vn -0.707107 -0.653281 -0.270598
vn -0.714938 -0.672841 -0.190131
vn -0.587281 -0.779661 -0.217326
vn -0.500000 -0.800103 -0.331414
vn -0.305000 -0.919374 -0.248446
vn -0.258819 -0.892399 -0.369644
vn -0.006322 -0.967512 -0.252745
vn -0.006322 -0.862852 -0.505417
vn -0.305000 -0.825774 -0.474418
vn -0.587281 -0.704976 -0.397631
vn -0.714938 -0.610213 -0.341328
vn -0.827691 -0.490622 -0.272429
vn -0.918508 -0.346161 -0.191090
vn -0.000000 -0.969132 -0.246541
vn -0.000000 -0.969132 -0.246541
vn -0.000000 -0.999541 -0.030289
vn -0.000000 -0.998734 0.050310
vn -0.000000 -0.981095 0.193528
vn -0.000000 -0.934427 0.356155
vn -0.000000 -0.913168 0.407584
vn -0.000000 -0.862193 0.506580
vn -0.000000 -0.799186 0.601084
vn -0.000000 -0.759601 0.650390
vn -0.000000 -0.644898 0.764268
vn -0.000000 -0.624617 0.780931
vn -0.000000 -0.458086 0.888908
vn -0.000000 -0.458086 0.888908
vn -0.000000 -0.624617 0.780931
vn -0.000000 -0.759601 0.650390
vn -0.000000 -0.862193 0.506580
vn -0.000000 -0.934427 0.356155
vn -0.000000 -0.998734 0.050310
vn 0.006322 -0.862852 -0.505417
vn 0.305000 -0.825774 -0.474418
vn 0.258819 -0.892399 -0.369644
vn 0.500000 -0.800103 -0.331414
vn 0.587281 -0.779661 -0.217326
vn 0.714938 -0.672841 -0.190131
vn 0.305000 -0.919374 -0.248446
vn 0.006322 -0.967512 -0.252745
vn 0.707107 -0.653281 -0.270598
vn 0.827691 -0.539558 -0.154286
vn 0.918508 -0.379894 -0.109651
vn 0.866025 -0.461940 -0.191342
vn 0.978676 -0.197264 -0.057281
vn 0.965926 -0.239118 -0.099046
vn 1.000000 0.000000 0.000000
vn 1.000000 -0.000000 -0.000000
vn 1.000000 -0.000000 -0.000000
vn 1.000000 0.000000 0.000000
vn 0.978676 -0.179990 -0.098982
vn 0.918508 -0.346161 -0.191090
vn 0.827691 -0.490622 -0.272429
vn 0.714938 -0.610213 -0.341328
vn 0.587281 -0.704976 -0.397631
vn 1.000000 0.000000 0.000000
vn 1.000000 0.000000 0.000000
vn 1.000000 0.000000 0.000000
vn 0.000000 -0.458086 0.888908
vn 0.000000 -0.458086 0.888908
vn 0.000000 -0.458086 0.888908
vn 0.000000 -0.458086 0.888908
vn 0.000000 -0.458086 0.888908
vn 0.000000 -0.458086 0.888908
vn 0.000000 -0.458086 0.888908
vn -0.006322 -0.862852 0.505417
vn -0.305000 -0.825774 0.474418
vn -0.258819 -0.892399 0.369644
vn -0.500000 -0.800103 0.331414
vn -0.587281 -0.779661 0.217326
vn -0.714938 -0.672841 0.190131
vn -0.305000 -0.919374 0.248446
vn -0.006322 -0.967512 0.252745
vn -0.707107 -0.653281 0.270598
vn -0.827691 -0.539558 0.154286
vn -0.918508 -0.379894 0.109651
vn -0.866025 -0.461940 0.191342
vn -0.978676 -0.197264 0.057281
vn -0.965926 -0.239118 0.099046
vn -1.000000 0.000000 -0.000000
vn -1.000000 0.000000 -0.000000
vn -1.000000 0.000000 -0.000000
vn -1.000000 0.000000 -0.000000
vn -0.978676 -0.179990 0.098982
vn -0.918508 -0.346161 0.191090
vn -0.827691 -0.490622 0.272429
vn -0.714938 -0.610213 0.341328
vn -0.587281 -0.704976 0.397631
vn 0.000000 -0.969132 0.246541
vn 0.000000 -0.969132 0.246541
vn 0.000000 -0.999541 0.030289
vn -0.000000 -0.998734 -0.050310
vn -0.000000 -0.981095 -0.193528
vn -0.000000 -0.934427 -0.356155
vn -0.000000 -0.913168 -0.407584
vn -0.000000 -0.862193 -0.506580
vn -0.000000 -0.799186 -0.601084
vn -0.000000 -0.759601 -0.650390
vn -0.000000 -0.644898 -0.764268
vn -0.000000 -0.624617 -0.780931
vn -0.000000 -0.458086 -0.888908
vn -0.000000 -0.458086 -0.888908
vn -0.000000 -0.624617 -0.780931
vn -0.000000 -0.759601 -0.650390
vn -0.000000 -0.862193 -0.506580
vn -0.000000 -0.934427 -0.356155
vn -0.000000 -0.998734 -0.050310
vn -0.000000 0.304638 0.952468
vn -0.000000 0.304638 0.952468
vn -0.000000 0.110531 0.993873
vn -0.000000 0.084407 0.996431
vn -0.000000 -0.077224 0.997014
vn -0.000000 -0.140080 0.990140
vn -0.000000 -0.251456 0.967869
vn -0.000000 -0.357502 0.933912
vn -0.000000 -0.408900 0.912579
vn -0.000000 -0.556894 0.830584
vn -0.000000 -0.670637 0.741786
vn -0.000000 -0.728200 0.685365
vn -0.000000 -0.859611 0.510949
vn -0.000000 -0.859611 0.510949
vn -0.000000 0.110531 0.993873
vn -0.000000 -0.077224 0.997014
vn -0.000000 -0.251456 0.967869
vn -0.000000 -0.408900 0.912579
vn -0.000000 -0.670637 0.741786
vn 0.006322 -0.967512 0.252745
vn 0.305000 -0.919374 0.248446
vn 0.258819 -0.892399 0.369644
vn 0.500000 -0.800103 0.331414
vn 0.587281 -0.704976 0.397631
vn 0.714938 -0.610213 0.341328
vn 0.305000 -0.825774 0.474418
vn 0.006322 -0.862852 0.505417
vn 0.707107 -0.653281 0.270598
vn 0.827691 -0.490622 0.272429
vn 0.918508 -0.346161 0.191090
vn 0.866025 -0.461940 0.191342
vn 0.978676 -0.179990 0.098982
vn 0.965926 -0.239118 0.099046
vn 1.000000 0.000000 -0.000000
vn 1.000000 0.000000 -0.000000
vn 1.000000 0.000000 -0.000000
vn 1.000000 0.000000 -0.000000
vn 0.978676 -0.197264 0.057281
vn 0.918508 -0.379894 0.109651
vn 0.827691 -0.539558 0.154286
vn 0.714938 -0.672841 0.190131
vn 0.587281 -0.779661 0.217326
vn 0.000000 0.304638 0.952468
vn 0.000000 0.304638 0.952468
vn 0.000000 0.304638 0.952468
vn 0.000000 0.304638 0.952468
vn 0.000000 0.304638 0.952468
vn 0.000000 0.304638 0.952468
vn 0.000000 0.304638 0.952468
vn -1.000000 -0.000000 -0.000000
vn -1.000000 -0.000000 -0.000000
vn -1.000000 -0.000000 -0.000000
vn 0.000000 -0.510949 0.859611
vn 0.000000 -0.510949 0.859611
vn 0.000000 -0.685365 0.728200
vn 0.000000 -0.741786 0.670637
vn 0.000000 -0.830584 0.556894
vn 0.000000 -0.912579 0.408900
vn 0.000000 -0.933912 0.357502
vn 0.000000 -0.967869 0.251456
vn 0.000000 -0.990140 0.140080
vn 0.000000 -0.997014 0.077224
vn -0.000000 -0.996431 -0.084407
vn -0.000000 -0.993873 -0.110531
vn -0.000000 -0.952468 -0.304638
vn -0.000000 -0.952468 -0.304638
vn -0.000000 -0.993873 -0.110531
vn 0.000000 -0.997014 0.077224
vn 0.000000 -0.967869 0.251456
vn 0.000000 -0.912579 0.408900
vn 0.000000 -0.741786 0.670637
vn -1.000000 0.000000 -0.000000
vn -1.000000 0.000000 -0.000000
vn -0.978676 -0.098982 0.179990
vn -0.965926 -0.099046 0.239118
vn -0.866025 -0.191342 0.461940
vn -0.918508 -0.109651 0.379894
vn -0.827691 -0.154286 0.539558
vn -1.000000 0.000000 -0.000000
vn -0.978676 -0.057281 0.197264
vn -1.000000 -0.000000 0.000000
vn -0.707107 -0.270598 0.653281
vn -0.714938 -0.190131 0.672841
vn -0.587281 -0.217326 0.779661
vn -0.500000 -0.331414 0.800103
vn -0.305000 -0.248446 0.919374
vn -0.258819 -0.369644 0.892399
vn -0.006322 -0.252745 0.967512
vn -0.006322 -0.505417 0.862852
vn -0.305000 -0.474418 0.825774
vn -0.587281 -0.397631 0.704976
vn -0.714938 -0.341328 0.610213
vn -0.827691 -0.272429 0.490622
vn -0.918508 -0.191090 0.346161
vn -0.000000 -0.246541 0.969132
vn -0.000000 -0.246541 0.969132
vn -0.000000 -0.030289 0.999541
vn -0.000000 0.050310 0.998734
vn -0.000000 0.193528 0.981095
vn -0.000000 0.356155 0.934427
vn -0.000000 0.407584 0.913168
vn -0.000000 0.506580 0.862193
vn -0.000000 0.601084 0.799186
vn -0.000000 0.650390 0.759601
vn -0.000000 0.764268 0.644898
vn -0.000000 0.780931 0.624617
vn -0.000000 0.888908 0.458086
vn -0.000000 0.888908 0.458086
vn -0.000000 0.780931 0.624617
vn -0.000000 0.650390 0.759601
vn -0.000000 0.506580 0.862193
vn -0.000000 0.356155 0.934427
vn -0.000000 0.050310 0.998734
vn 0.006322 -0.505417 0.862852
vn 0.305000 -0.474418 0.825774
vn 0.258819 -0.369644 0.892399
vn 0.500000 -0.331414 0.800103
vn 0.587281 -0.217326 0.779661
vn 0.714938 -0.190131 0.672841
vn 0.305000 -0.248446 0.919374
vn 0.006322 -0.252745 0.967512
vn 0.707107 -0.270598 0.653281
vn 0.827691 -0.154286 0.539558
vn 0.918508 -0.109651 0.379894
vn 0.866025 -0.191342 0.461940
vn 0.978676 -0.057281 0.197264
vn 0.965926 -0.099046 0.239118
vn 1.000000 0.000000 -0.000000
vn 1.000000 0.000000 -0.000000
vn 1.000000 -0.000000 0.000000
vn 1.000000 0.000000 -0.000000
vn 0.978676 -0.098982 0.179990
vn 0.918508 -0.191090 0.346161
vn 0.827691 -0.272429 0.490622
vn 0.714938 -0.341328 0.610213
vn 0.587281 -0.397631 0.704976
vn 1.000000 0.000000 0.000000
vn 1.000000 0.000000 0.000000
vn 1.000000 0.000000 0.000000
vn 0.000000 0.888908 0.458086
vn 0.000000 0.888908 0.458086
vn 0.000000 0.888908 0.458086
vn 0.000000 0.888908 0.458086
vn 0.000000 0.888908 0.458086
vn 0.000000 0.888908 0.458086
vn 0.000000 0.888908 0.458086
vn 0.000000 0.246541 0.969132
vn 0.000000 0.246541 0.969132
vn 0.000000 0.030289 0.999541
vn 0.000000 -0.050310 0.998734
vn 0.000000 -0.193528 0.981095
vn 0.000000 -0.356155 0.934427
vn 0.000000 -0.407584 0.913168
vn 0.000000 -0.506580 0.862193
vn 0.000000 -0.601084 0.799186
vn 0.000000 -0.650390 0.759601
vn 0.000000 -0.764268 0.644898
vn 0.000000 -0.780931 0.624617
vn 0.000000 -0.888908 0.458086
vn 0.000000 -0.888908 0.458086
vn 0.000000 -0.780931 0.624617
vn 0.000000 -0.650390 0.759601
vn 0.000000 -0.506580 0.862193
vn 0.000000 -0.356155 0.934427
vn 0.000000 -0.050310 0.998734
vn -1.000000 -0.000000 -0.000000
vn -1.000000 0.000000 0.000000
vn -0.978676 0.057281 0.197264
vn -0.965926 0.099046 0.239118
vn -0.866025 0.191342 0.461940
vn -0.918508 0.191090 0.346161
vn -0.827691 0.272429 0.490622
vn -1.000000 -0.000000 -0.000000
vn -0.978676 0.098982 0.179990
vn -1.000000 0.000000 0.000000
vn -0.707107 0.270598 0.653281
vn -0.714938 0.341328 0.610213
vn -0.587281 0.397631 0.704976
vn -0.500000 0.331414 0.800103
vn -0.305000 0.474418 0.825774
vn -0.258819 0.369644 0.892399
vn -0.006322 0.505417 0.862852
vn -0.006322 0.252745 0.967512
vn -0.305000 0.248446 0.919374
vn -0.587281 0.217326 0.779661
vn -0.714938 0.190131 0.672841
vn -0.827691 0.154286 0.539558
vn -0.918508 0.109651 0.379894
vn -0.000000 0.510949 0.859611
vn -0.000000 0.510949 0.859611
vn -0.000000 0.685365 0.728200
vn -0.000000 0.741786 0.670637
vn -0.000000 0.830584 0.556894
vn -0.000000 0.912579 0.408900
vn -0.000000 0.933912 0.357502
vn -0.000000 0.967869 0.251456
vn -0.000000 0.990140 0.140080
vn -0.000000 0.997014 0.077224
vn -0.000000 0.996431 -0.084407
vn -0.000000 0.993873 -0.110531
vn -0.000000 0.952468 -0.304638
vn -0.000000 0.952468 -0.304638
vn -0.000000 0.993873 -0.110531
vn -0.000000 0.997014 0.077224
vn -0.000000 0.967869 0.251456
vn -0.000000 0.912579 0.408900
vn -0.000000 0.741786 0.670637
vn 0.006322 0.252745 0.967512
vn 0.305000 0.248446 0.919374
vn 0.258819 0.369644 0.892399
vn 0.500000 0.331414 0.800103
vn 0.587281 0.397631 0.704976
vn 0.714938 0.341328 0.610213
vn 0.305000 0.474418 0.825774
vn 0.006322 0.505417 0.862852
vn 0.707107 0.270598 0.653281
vn 0.827691 0.272429 0.490622
vn 0.918508 0.191090 0.346161
vn 0.866025 0.191342 0.461940
vn 0.978676 0.098982 0.179990
vn 0.965926 0.099046 0.239118
vn 1.000000 -0.000000 -0.000000
vn 1.000000 0.000000 0.000000
vn 1.000000 0.000000 0.000000
vn 1.000000 -0.000000 -0.000000
vn 0.978676 0.057281 0.197264
vn 0.918508 0.109651 0.379894
vn 0.827691 0.154286 0.539558
vn 0.714938 0.190131 0.672841
vn 0.587281 0.217326 0.779661
vn 1.000000 0.000000 0.000000
vn 1.000000 0.000000 0.000000
vn 1.000000 0.000000 0.000000
vn 0.000000 0.952468 -0.304638
vn 0.000000 0.952468 -0.304638
vn 0.000000 0.952468 -0.304638
vn 0.000000 0.952468 -0.304638
vn 0.000000 0.952468 -0.304638
vn 0.000000 0.952468 -0.304638
vn 0.000000 0.952468 -0.304638
vn -0.000000 0.923880 -0.382683
vn 0.007354 0.923855 -0.382673
vn -0.000000 0.923880 -0.382683
vn 0.206968 0.903875 -0.374397
vn 0.007354 0.923855 -0.382673
vn 0.209937 0.903291 -0.374155
vn 0.394954 0.848769 -0.351572
vn 0.386724 0.851997 -0.352909
vn 0.548980 0.772211 -0.319860
vn 0.666611 0.688665 -0.285255
vn 0.666611 0.688665 -0.285255
vn 0.815948 0.534118 -0.221239
vn 0.768108 0.591579 -0.245040
vn 0.844718 0.494472 -0.204817
vn 0.209937 0.903291 -0.374155
vn 0.386724 0.851997 -0.352909
vn 0.548980 0.772211 -0.319860
vn 0.632440 0.715646 -0.296430
vn 0.925563 0.349774 -0.144881
vn 0.895154 0.411826 -0.170584
vn 0.895154 0.411826 -0.170584
vn 0.815948 0.534118 -0.221239
vn 0.632440 0.715646 -0.296430
vn 0.963352 0.247822 -0.102651
vn 0.961913 0.252549 -0.104609
vn 0.961913 0.252549 -0.104609
vn 0.993085 0.108458 -0.044925
vn 0.987350 0.146485 -0.060676
vn 0.987350 0.146485 -0.060676
vn 0.987350 0.146485 -0.060676
vn 0.987350 0.146485 -0.060676
vn 1.000000 0.000000 -0.000000
vn 0.987350 0.146485 -0.060676
vn 0.987350 0.146485 -0.060676
vn 0.961913 0.252549 -0.104609
vn 0.961913 0.252549 -0.104609
vn 0.895154 0.411826 -0.170584
vn 0.925563 0.349774 -0.144881
vn 0.844718 0.494472 -0.204817
vn 0.999999 0.000939 -0.000389
vn 1.000000 0.000000 -0.000000
vn 1.000000 0.000000 -0.000000
vn 0.999999 0.000939 -0.000389
vn 0.993085 0.108458 -0.044925
vn 0.987350 0.146485 -0.060676
vn 0.963352 0.247822 -0.102651
vn 0.895154 0.411826 -0.170584
vn 0.768108 0.591579 -0.245040
vn 0.961913 0.252549 -0.104609
vn 0.000000 0.926555 -0.376159
vn 0.000000 0.926555 -0.376159
vn 0.000000 0.981632 -0.190783
vn 0.000000 0.981632 -0.190783
vn 0.000000 0.999830 -0.018427
vn 0.000000 0.999993 -0.003771
vn 0.000000 0.987156 0.159760
vn 0.000000 0.999830 -0.018427
vn 0.000000 0.969115 0.246609
vn 0.000000 0.955556 0.294809
vn 0.000000 0.909637 0.415404
vn 0.000000 0.872660 0.488329
vn 0.000000 0.851584 0.524218
vn 0.000000 0.792008 0.610511
vn 0.000000 0.750885 0.660433
vn 0.000000 0.674764 0.738033
vn 0.000000 0.671319 0.741169
vn 0.000000 0.587644 0.809120
vn 0.000000 0.553342 0.832954
vn 0.000000 0.458086 0.888908
vn 0.000000 0.458086 0.888908
vn 0.000000 0.458086 0.888908
vn 0.000000 0.553342 0.832954
vn 0.000000 0.587644 0.809120
vn 0.000000 0.674764 0.738033
vn 0.000000 0.750885 0.660433
vn 0.000000 0.792008 0.610511
vn 0.000000 0.851584 0.524218
vn 0.000000 0.587644 0.809120
vn 0.000000 0.671319 0.741169
vn 0.000000 0.872660 0.488329
vn 0.000000 0.909637 0.415404
vn 0.000000 0.969115 0.246609
vn 0.000000 0.921158 -0.389189
vn 0.000000 0.921158 -0.389189
vn 0.000000 0.829023 -0.559215
vn 0.000000 0.829023 -0.559215
vn 0.000000 0.720017 -0.693957
vn 0.000000 0.714675 -0.699457
vn 0.000000 0.592341 -0.805687
vn 0.000000 0.720017 -0.693957
vn 0.000000 0.510889 -0.859647
vn 0.000000 0.476091 -0.879396
vn 0.000000 0.281766 -0.959483
vn 0.000000 0.349476 -0.936945
vn 0.000000 0.281766 -0.959483
vn 0.000000 0.231482 -0.972839
vn 0.000000 0.138094 -0.990419
vn 0.000000 0.063959 -0.997953
vn -0.000000 -0.040308 -0.999187
vn -0.000000 -0.040308 -0.999187
vn -0.000000 -0.154569 -0.987982
vn -0.000000 -0.049391 -0.998780
vn -0.000000 -0.154569 -0.987982
vn -0.000000 -0.154569 -0.987982
vn -0.000000 -0.197716 -0.980259
vn 0.000000 0.510889 -0.859647
vn -0.000000 -0.197716 -0.980259
vn -0.000000 -0.154569 -0.987982
vn -0.000000 -0.154569 -0.987982
vn -0.000000 -0.040308 -0.999187
vn -0.000000 -0.040308 -0.999187
vn 0.000000 0.063959 -0.997953
vn 0.000000 0.138094 -0.990419
vn 0.000000 0.231482 -0.972839
vn 0.000000 0.349476 -0.936945
vn -0.000000 -0.049391 -0.998780
vn -0.000000 -0.154569 -0.987982
vn -0.999999 0.000939 -0.000389
vn -0.993085 0.108458 -0.044925
vn -0.988129 0.141930 -0.058789
vn -0.963352 0.247822 -0.102651
vn -0.964783 0.243024 -0.100664
vn -0.925563 0.349774 -0.144881
vn -0.905580 0.391888 -0.162325
vn -0.844718 0.494472 -0.204817
vn -0.905580 0.391888 -0.162325
vn -0.830593 0.514491 -0.213109
vn -0.830593 0.514491 -0.213109
vn -0.685390 0.672747 -0.278661
vn -0.685390 0.672747 -0.278661
vn -0.568069 0.760335 -0.314941
vn -0.632440 0.715646 -0.296430
vn -0.386724 0.851997 -0.352909
vn -0.999999 0.000939 -0.000389
vn -0.993085 0.108458 -0.044925
vn -0.988129 0.141930 -0.058789
vn -0.988129 0.141930 -0.058789
vn -0.963352 0.247822 -0.102651
vn -0.964783 0.243024 -0.100664
vn -0.925563 0.349774 -0.144881
vn -0.964783 0.243024 -0.100664
vn -0.905580 0.391888 -0.162325
vn -0.905580 0.391888 -0.162325
vn -0.830593 0.514491 -0.213109
vn -0.905580 0.391888 -0.162325
vn -0.905580 0.391888 -0.162325
vn -0.844718 0.494472 -0.204817
vn -0.830593 0.514491 -0.213109
vn -0.768108 0.591579 -0.245040
vn -0.209937 0.903291 -0.374155
vn -0.411321 0.842108 -0.348812
vn -0.568069 0.760335 -0.314941
vn -0.216583 0.901950 -0.373600
vn -0.007354 0.923855 -0.382673
vn -0.007354 0.923855 -0.382673
vn -0.209937 0.903291 -0.374155
vn -0.386724 0.851997 -0.352909
vn -0.568069 0.760335 -0.314941
vn -0.632440 0.715646 -0.296430
vn -0.685390 0.672747 -0.278661
vn -0.768108 0.591579 -0.245040
vn -0.988129 0.141930 -0.058789
vn -0.988129 0.141930 -0.058789
vn -0.964783 0.243024 -0.100664
vn -0.988129 0.141930 -0.058789
vn -0.964783 0.243024 -0.100664
vn -0.988129 0.141930 -0.058789
vn -0.964783 0.243024 -0.100664
vn 0.000000 0.458086 0.888908
vn 0.000000 0.458086 0.888908
vn 0.000000 0.458086 0.888908
vn 0.000000 0.458086 0.888908
vn -0.000000 0.382683 -0.923880
vn 0.007354 0.382673 -0.923855
vn -0.000000 0.382683 -0.923880
vn 0.206968 0.374397 -0.903875
vn 0.007354 0.382673 -0.923855
vn 0.209937 0.374155 -0.903291
vn 0.394954 0.351572 -0.848769
vn 0.386724 0.352909 -0.851997
vn 0.548980 0.319860 -0.772211
vn 0.666611 0.285255 -0.688665
vn 0.666611 0.285255 -0.688665
vn 0.815948 0.221239 -0.534118
vn 0.768108 0.245040 -0.591579
vn 0.844718 0.204817 -0.494472
vn 0.209937 0.374155 -0.903291
vn 0.386724 0.352909 -0.851997
vn 0.548980 0.319860 -0.772211
vn 0.632440 0.296430 -0.715646
vn 0.925563 0.144881 -0.349774
vn 0.895154 0.170584 -0.411826
vn 0.895154 0.170584 -0.411826
vn 0.815948 0.221239 -0.534118
vn 0.632440 0.296430 -0.715646
vn 0.963352 0.102651 -0.247822
vn 0.961913 0.104609 -0.252549
vn 0.961913 0.104609 -0.252549
vn 0.993085 0.044925 -0.108458
vn 0.987350 0.060676 -0.146485
vn 0.987350 0.060676 -0.146485
vn 0.987350 0.060676 -0.146485
vn 0.987350 0.060676 -0.146485
vn 0.987350 0.060676 -0.146485
vn 0.987350 0.060676 -0.146485
vn 0.961913 0.104609 -0.252549
vn 0.961913 0.104609 -0.252549
vn 0.895154 0.170584 -0.411826
vn 0.925563 0.144881 -0.349774
vn 0.844718 0.204817 -0.494472
vn 0.999999 0.000389 -0.000939
vn 0.999999 0.000389 -0.000939
vn 0.993085 0.044925 -0.108458
vn 0.987350 0.060676 -0.146485
vn 0.963352 0.102651 -0.247822
vn 0.895154 0.170584 -0.411826
vn 0.768108 0.245040 -0.591579
vn 0.961913 0.104609 -0.252549
vn 0.000000 0.389189 -0.921158
vn 0.000000 0.389189 -0.921158
vn 0.000000 0.559215 -0.829023
vn 0.000000 0.559215 -0.829023
vn 0.000000 0.693957 -0.720017
vn 0.000000 0.704435 -0.709768
vn 0.000000 0.810992 -0.585057
vn 0.000000 0.693957 -0.720017
vn 0.000000 0.859647 -0.510889
vn 0.000000 0.884142 -0.467219
vn 0.000000 0.936945 -0.349476
vn 0.000000 0.962364 -0.271763
vn 0.000000 0.972839 -0.231482
vn 0.000000 0.991731 -0.128338
vn 0.000000 0.997953 -0.063959
vn 0.000000 0.998999 0.044738
vn 0.000000 0.998780 0.049391
vn 0.000000 0.987661 0.156607
vn 0.000000 0.980259 0.197716
vn 0.000000 0.952468 0.304638
vn 0.000000 0.952468 0.304638
vn 0.000000 0.952468 0.304638
vn 0.000000 0.980259 0.197716
vn 0.000000 0.987661 0.156607
vn 0.000000 0.998999 0.044738
vn 0.000000 0.997953 -0.063959
vn 0.000000 0.991731 -0.128338
vn 0.000000 0.972839 -0.231482
vn 0.000000 0.987661 0.156607
vn 0.000000 0.998780 0.049391
vn 0.000000 0.962364 -0.271763
vn 0.000000 0.936945 -0.349476
vn 0.000000 0.859647 -0.510889
vn 0.000000 0.376159 -0.926555
vn 0.000000 0.376159 -0.926555
vn 0.000000 0.190783 -0.981632
vn 0.000000 0.190783 -0.981632
vn 0.000000 0.018427 -0.999830
vn 0.000000 0.010761 -0.999942
vn -0.000000 -0.150859 -0.988555
vn 0.000000 0.018427 -0.999830
vn -0.000000 -0.246609 -0.969115
vn -0.000000 -0.285180 -0.958474
vn -0.000000 -0.479218 -0.877696
vn -0.000000 -0.415404 -0.909637
vn -0.000000 -0.479218 -0.877696
vn -0.000000 -0.524218 -0.851584
vn -0.000000 -0.602685 -0.797979
vn -0.000000 -0.660433 -0.750885
vn -0.000000 -0.735034 -0.678030
vn -0.000000 -0.735034 -0.678030
vn -0.000000 -0.807906 -0.589312
vn -0.000000 -0.741169 -0.671319
vn -0.000000 -0.807906 -0.589312
vn -0.000000 -0.807906 -0.589312
vn -0.000000 -0.832954 -0.553342
vn -0.000000 -0.246609 -0.969115
vn -0.000000 -0.832954 -0.553342
vn -0.000000 -0.807906 -0.589312
vn -0.000000 -0.807906 -0.589312
vn -0.000000 -0.735034 -0.678030
vn -0.000000 -0.735034 -0.678030
vn -0.000000 -0.660433 -0.750885
vn -0.000000 -0.602685 -0.797979
vn -0.000000 -0.524218 -0.851584
vn -0.000000 -0.415404 -0.909637
vn -0.000000 -0.741169 -0.671319
vn -0.000000 -0.807906 -0.589312
vn -1.000000 0.000000 -0.000000
vn -1.000000 0.000000 -0.000000
vn -0.999999 0.000389 -0.000939
vn -0.993085 0.044925 -0.108458
vn -0.988129 0.058789 -0.141930
vn -0.963352 0.102651 -0.247822
vn -0.964783 0.100664 -0.243024
vn -0.925563 0.144881 -0.349774
vn -0.905580 0.162325 -0.391888
vn -0.844718 0.204817 -0.494472
vn -0.905580 0.162325 -0.391888
vn -0.830593 0.213109 -0.514491
vn -0.830593 0.213109 -0.514491
vn -0.685390 0.278661 -0.672747
vn -0.685390 0.278661 -0.672747
vn -0.568069 0.314941 -0.760335
vn -0.632440 0.296430 -0.715646
vn -0.386724 0.352909 -0.851997
vn -1.000000 0.000000 -0.000000
vn -0.999999 0.000389 -0.000939
vn -0.993085 0.044925 -0.108458
vn -0.988129 0.058789 -0.141930
vn -0.988129 0.058789 -0.141930
vn -0.963352 0.102651 -0.247822
vn -0.964783 0.100664 -0.243024
vn -0.925563 0.144881 -0.349774
vn -0.964783 0.100664 -0.243024
vn -0.905580 0.162325 -0.391888
vn -0.905580 0.162325 -0.391888
vn -0.830593 0.213109 -0.514491
vn -0.905580 0.162325 -0.391888
vn -0.905580 0.162325 -0.391888
vn -0.844718 0.204817 -0.494472
vn -0.830593 0.213109 -0.514491
vn -0.768108 0.245040 -0.591579
vn -0.209937 0.374155 -0.903291
vn -0.411321 0.348812 -0.842108
vn -0.568069 0.314941 -0.760335
vn -0.216583 0.373600 -0.901950
vn -0.007354 0.382673 -0.923855
vn -0.007354 0.382673 -0.923855
vn -0.209937 0.374155 -0.903291
vn -0.386724 0.352909 -0.851997
vn -0.568069 0.314941 -0.760335
vn -0.632440 0.296430 -0.715646
vn -0.685390 0.278661 -0.672747
vn -0.768108 0.245040 -0.591579
vn -0.988129 0.058789 -0.141930
vn -0.988129 0.058789 -0.141930
vn -0.964783 0.100664 -0.243024
vn -0.988129 0.058789 -0.141930
vn -0.964783 0.100664 -0.243024
vn -0.988129 0.058789 -0.141930
vn -0.964783 0.100664 -0.243024
vn 0.000000 0.952468 0.304638
vn 0.000000 0.952468 0.304638
vn 0.000000 0.952468 0.304638
vn 0.000000 0.952468 0.304638
vn -0.007354 -0.382673 -0.923855
vn 0.000000 -0.382683 -0.923880
vn -0.206968 -0.374397 -0.903875
vn 0.000000 -0.382683 -0.923880
vn -0.007354 -0.382673 -0.923855
vn -0.209937 -0.374155 -0.903291
vn -0.394954 -0.351572 -0.848769
vn -0.209937 -0.374155 -0.903291
vn -0.386724 -0.352909 -0.851997
vn -0.548980 -0.319860 -0.772211
vn -0.548980 -0.319860 -0.772211
vn -0.666611 -0.285255 -0.688665
vn -0.666611 -0.285255 -0.688665
vn -0.815948 -0.221239 -0.534118
vn -0.815948 -0.221239 -0.534118
vn -0.895154 -0.170584 -0.411826
vn -0.895154 -0.170584 -0.411826
vn -0.961913 -0.104609 -0.252549
vn -0.961913 -0.104609 -0.252549
vn -0.987350 -0.060676 -0.146485
vn -0.987350 -0.060676 -0.146485
vn -1.000000 -0.000000 0.000000
vn -0.987350 -0.060676 -0.146485
vn -1.000000 -0.000000 0.000000
vn -0.987350 -0.060676 -0.146485
vn -0.993085 -0.044925 -0.108458
vn -0.987350 -0.060676 -0.146485
vn -0.987350 -0.060676 -0.146485
vn -0.963352 -0.102651 -0.247822
vn -0.386724 -0.352909 -0.851997
vn -0.632440 -0.296430 -0.715646
vn -0.768108 -0.245040 -0.591579
vn -0.844718 -0.204817 -0.494472
vn -0.895154 -0.170584 -0.411826
vn -0.925563 -0.144881 -0.349774
vn -0.961913 -0.104609 -0.252549
vn -0.963352 -0.102651 -0.247822
vn -0.987350 -0.060676 -0.146485
vn -0.993085 -0.044925 -0.108458
vn -0.999999 -0.000389 -0.000939
vn -1.000000 -0.000000 0.000000
vn -0.999999 -0.000389 -0.000939
vn -0.925563 -0.144881 -0.349774
vn -0.961913 -0.104609 -0.252549
vn -0.844718 -0.204817 -0.494472
vn -0.895154 -0.170584 -0.411826
vn -0.961913 -0.104609 -0.252549
vn -0.768108 -0.245040 -0.591579
vn -0.632440 -0.296430 -0.715646
vn -0.000000 0.832954 -0.553342
vn -0.000000 0.809120 -0.587644
vn -0.000000 0.809120 -0.587644
vn -0.000000 0.738033 -0.674764
vn -0.000000 0.738033 -0.674764
vn -0.000000 0.610511 -0.792008
vn -0.000000 0.610511 -0.792008
vn -0.000000 0.488329 -0.872660
vn -0.000000 0.524218 -0.851584
vn -0.000000 0.488329 -0.872660
vn -0.000000 0.415404 -0.909637
vn -0.000000 0.294809 -0.955556
vn -0.000000 0.415404 -0.909637
vn -0.000000 0.246609 -0.969115
vn -0.000000 0.741169 -0.671319
vn -0.000000 0.660433 -0.750885
vn -0.000000 0.524218 -0.851584
vn -0.000000 0.159760 -0.987156
vn 0.000000 -0.018427 -0.999830
vn 0.000000 -0.003771 -0.999993
vn 0.000000 -0.190783 -0.981632
vn 0.000000 -0.018427 -0.999830
vn 0.000000 -0.190783 -0.981632
vn 0.000000 -0.376159 -0.926555
vn 0.000000 -0.376159 -0.926555
vn -0.000000 0.246609 -0.969115
vn -0.000000 0.660433 -0.750885
vn -0.000000 0.741169 -0.671319
vn -0.000000 0.809120 -0.587644
vn -0.000000 0.832954 -0.553342
vn -0.000000 -0.952468 0.304638
vn -0.000000 -0.980259 0.197716
vn -0.000000 -0.952468 0.304638
vn -0.000000 -0.987982 0.154569
vn -0.000000 -0.987982 0.154569
vn -0.000000 -0.999187 0.040308
vn -0.000000 -0.999187 0.040308
vn 0.000000 -0.997953 -0.063959
vn 0.000000 -0.990419 -0.138094
vn 0.000000 -0.972839 -0.231482
vn 0.000000 -0.959483 -0.281766
vn 0.000000 -0.936945 -0.349476
vn 0.000000 -0.959483 -0.281766
vn 0.000000 -0.859647 -0.510889
vn 0.000000 -0.879396 -0.476091
vn 0.000000 -0.805687 -0.592341
vn 0.000000 -0.859647 -0.510889
vn 0.000000 -0.693957 -0.720017
vn 0.000000 -0.699457 -0.714675
vn 0.000000 -0.559215 -0.829023
vn 0.000000 -0.693957 -0.720017
vn 0.000000 -0.559215 -0.829023
vn -0.000000 -0.998780 0.049391
vn -0.000000 -0.987982 0.154569
vn -0.000000 -0.987982 0.154569
vn 0.000000 -0.389189 -0.921158
vn 0.000000 -0.389189 -0.921158
vn 0.000000 -0.936945 -0.349476
vn 0.000000 -0.972839 -0.231482
vn 0.000000 -0.990419 -0.138094
vn 0.000000 -0.997953 -0.063959
vn -0.000000 -0.999187 0.040308
vn -0.000000 -0.999187 0.040308
vn -0.000000 -0.998780 0.049391
vn -0.000000 -0.987982 0.154569
vn -0.000000 -0.980259 0.197716
vn -0.000000 -0.952468 0.304638
vn -0.000000 -0.987982 0.154569
vn 0.999999 -0.000389 -0.000939
vn 0.993085 -0.044925 -0.108458
vn 0.988129 -0.058789 -0.141930
vn 0.988129 -0.058789 -0.141930
vn 0.964783 -0.100664 -0.243024
vn 0.963352 -0.102651 -0.247822
vn 0.925563 -0.144881 -0.349774
vn 0.964783 -0.100664 -0.243024
vn 0.905580 -0.162325 -0.391888
vn 0.905580 -0.162325 -0.391888
vn 0.830593 -0.213109 -0.514491
vn 0.830593 -0.213109 -0.514491
vn 0.685390 -0.278661 -0.672747
vn 0.685390 -0.278661 -0.672747
vn 0.568069 -0.314941 -0.760335
vn 0.632440 -0.296430 -0.715646
vn 0.386724 -0.352909 -0.851997
vn 0.999999 -0.000389 -0.000939
vn 0.993085 -0.044925 -0.108458
vn 0.988129 -0.058789 -0.141930
vn 0.963352 -0.102651 -0.247822
vn 0.964783 -0.100664 -0.243024
vn 0.925563 -0.144881 -0.349774
vn 0.964783 -0.100664 -0.243024
vn 0.905580 -0.162325 -0.391888
vn 0.905580 -0.162325 -0.391888
vn 0.844718 -0.204817 -0.494472
vn 0.830593 -0.213109 -0.514491
vn 0.768108 -0.245040 -0.591579
vn 0.209937 -0.374155 -0.903291
vn 0.411321 -0.348812 -0.842108
vn 0.568069 -0.314941 -0.760335
vn 0.216583 -0.373600 -0.901950
vn 0.007354 -0.382673 -0.923855
vn 0.007354 -0.382673 -0.923855
vn 0.209937 -0.374155 -0.903291
vn 0.386724 -0.352909 -0.851997
vn 0.568069 -0.314941 -0.760335
vn 0.685390 -0.278661 -0.672747
vn 0.632440 -0.296430 -0.715646
vn 0.768108 -0.245040 -0.591579
vn 0.830593 -0.213109 -0.514491
vn 0.844718 -0.204817 -0.494472
vn 0.905580 -0.162325 -0.391888
vn 0.988129 -0.058789 -0.141930
vn 0.988129 -0.058789 -0.141930
vn 0.988129 -0.058789 -0.141930
vn 0.964783 -0.100664 -0.243024
vn 0.988129 -0.058789 -0.141930
vn 0.905580 -0.162325 -0.391888
vn 0.964783 -0.100664 -0.243024
vn 0.000000 -0.952468 0.304638
vn 0.000000 -0.952468 0.304638
vn 0.000000 -0.952468 0.304638
vn 0.000000 -0.952468 0.304638
vn -0.007354 0.382673 -0.923855
vn 0.000000 0.382683 -0.923880
vn -0.206968 0.374397 -0.903875
vn 0.000000 0.382683 -0.923880
vn -0.007354 0.382673 -0.923855
vn -0.209937 0.374155 -0.903291
vn -0.394954 0.351572 -0.848769
vn -0.209937 0.374155 -0.903291
vn -0.386724 0.352909 -0.851997
vn -0.548980 0.319860 -0.772211
vn -0.548980 0.319860 -0.772211
vn -0.666611 0.285255 -0.688665
vn -0.666611 0.285255 -0.688665
vn -0.815948 0.221239 -0.534118
vn -0.815948 0.221239 -0.534118
vn -0.895154 0.170584 -0.411826
vn -0.895154 0.170584 -0.411826
vn -0.961913 0.104609 -0.252549
vn -0.961913 0.104609 -0.252549
vn -0.987350 0.060676 -0.146485
vn -0.987350 0.060676 -0.146485
vn -1.000000 -0.000000 -0.000000
vn -0.987350 0.060676 -0.146485
vn -1.000000 -0.000000 -0.000000
vn -0.987350 0.060676 -0.146485
vn -0.993085 0.044925 -0.108458
vn -0.987350 0.060676 -0.146485
vn -0.987350 0.060676 -0.146485
vn -0.963352 0.102651 -0.247822
vn -0.386724 0.352909 -0.851997
vn -0.632440 0.296430 -0.715646
vn -0.768108 0.245040 -0.591579
vn -0.844718 0.204817 -0.494472
vn -0.895154 0.170584 -0.411826
vn -0.925563 0.144881 -0.349774
vn -0.961913 0.104609 -0.252549
vn -0.963352 0.102651 -0.247822
vn -0.987350 0.060676 -0.146485
vn -0.993085 0.044925 -0.108458
vn -0.999999 0.000389 -0.000939
vn -1.000000 -0.000000 -0.000000
vn -0.999999 0.000389 -0.000939
vn -0.925563 0.144881 -0.349774
vn -0.961913 0.104609 -0.252549
vn -0.844718 0.204817 -0.494472
vn -0.895154 0.170584 -0.411826
vn -0.961913 0.104609 -0.252549
vn -0.768108 0.245040 -0.591579
vn -0.632440 0.296430 -0.715646
vn -0.000000 0.980259 0.197716
vn -0.000000 0.987661 0.156607
vn -0.000000 0.987661 0.156607
vn -0.000000 0.998999 0.044738
vn -0.000000 0.998999 0.044738
vn -0.000000 0.991731 -0.128338
vn -0.000000 0.991731 -0.128338
vn -0.000000 0.962364 -0.271763
vn -0.000000 0.972839 -0.231482
vn -0.000000 0.962364 -0.271763
vn -0.000000 0.936945 -0.349476
vn -0.000000 0.884142 -0.467219
vn -0.000000 0.936945 -0.349476
vn -0.000000 0.859647 -0.510889
vn -0.000000 0.998780 0.049391
vn -0.000000 0.997953 -0.063959
vn -0.000000 0.972839 -0.231482
vn -0.000000 0.810992 -0.585057
vn -0.000000 0.693957 -0.720017
vn -0.000000 0.704435 -0.709768
vn -0.000000 0.559215 -0.829023
vn -0.000000 0.693957 -0.720017
vn -0.000000 0.559215 -0.829023
vn -0.000000 0.389189 -0.921158
vn -0.000000 0.389189 -0.921158
vn -0.000000 0.859647 -0.510889
vn -0.000000 0.997953 -0.063959
vn -0.000000 0.998780 0.049391
vn -0.000000 0.987661 0.156607
vn -0.000000 0.980259 0.197716
vn 0.000000 -0.888908 -0.458086
vn 0.000000 -0.832954 -0.553342
vn 0.000000 -0.888908 -0.458086
vn 0.000000 -0.807906 -0.589312
vn 0.000000 -0.807906 -0.589312
vn 0.000000 -0.735034 -0.678030
vn 0.000000 -0.735034 -0.678030
vn 0.000000 -0.660433 -0.750885
vn 0.000000 -0.602685 -0.797979
vn 0.000000 -0.524218 -0.851584
vn 0.000000 -0.479218 -0.877696
vn 0.000000 -0.415404 -0.909637
vn 0.000000 -0.479218 -0.877696
vn 0.000000 -0.246609 -0.969115
vn 0.000000 -0.285180 -0.958474
vn 0.000000 -0.150859 -0.988555
vn 0.000000 -0.246609 -0.969115
vn -0.000000 0.018427 -0.999830
vn -0.000000 0.010761 -0.999942
vn -0.000000 0.190783 -0.981632
vn -0.000000 0.018427 -0.999830
vn -0.000000 0.190783 -0.981632
vn 0.000000 -0.741169 -0.671319
vn 0.000000 -0.807906 -0.589312
vn 0.000000 -0.807906 -0.589312
vn -0.000000 0.376159 -0.926555
vn -0.000000 0.376159 -0.926555
vn 0.000000 -0.415404 -0.909637
vn 0.000000 -0.524218 -0.851584
vn 0.000000 -0.602685 -0.797979
vn 0.000000 -0.660433 -0.750885
vn 0.000000 -0.735034 -0.678030
vn 0.000000 -0.735034 -0.678030
vn 0.000000 -0.741169 -0.671319
vn 0.000000 -0.807906 -0.589312
vn 0.000000 -0.832954 -0.553342
vn 0.000000 -0.888908 -0.458086
vn 0.000000 -0.807906 -0.589312
vn 0.999999 0.000389 -0.000939
vn 0.993085 0.044925 -0.108458
vn 0.988129 0.058789 -0.141930
vn 0.988129 0.058789 -0.141930
vn 0.964783 0.100664 -0.243024
vn 0.963352 0.102651 -0.247822
vn 0.925563 0.144881 -0.349774
vn 0.964783 0.100664 -0.243024
vn 0.905580 0.162325 -0.391888
vn 0.905580 0.162325 -0.391888
vn 0.830593 0.213109 -0.514491
vn 0.830593 0.213109 -0.514491
vn 0.685390 0.278661 -0.672747
vn 0.685390 0.278661 -0.672747
vn 0.568069 0.314941 -0.760335
vn 0.632440 0.296430 -0.715646
vn 0.386724 0.352909 -0.851997
vn 0.999999 0.000389 -0.000939
vn 0.993085 0.044925 -0.108458
vn 0.988129 0.058789 -0.141930
vn 0.963352 0.102651 -0.247822
vn 0.964783 0.100664 -0.243024
vn 0.925563 0.144881 -0.349774
vn 0.964783 0.100664 -0.243024
vn 0.905580 0.162325 -0.391888
vn 0.905580 0.162325 -0.391888
vn 0.844718 0.204817 -0.494472
vn 0.830593 0.213109 -0.514491
vn 0.768108 0.245040 -0.591579
vn 0.209937 0.374155 -0.903291
vn 0.411321 0.348812 -0.842108
vn 0.568069 0.314941 -0.760335
vn 0.216583 0.373600 -0.901950
vn 0.007354 0.382673 -0.923855
vn 0.007354 0.382673 -0.923855
vn 0.209937 0.374155 -0.903291
vn 0.386724 0.352909 -0.851997
vn 0.568069 0.314941 -0.760335
vn 0.685390 0.278661 -0.672747
vn 0.632440 0.296430 -0.715646
vn 0.768108 0.245040 -0.591579
vn 0.830593 0.213109 -0.514491
vn 0.844718 0.204817 -0.494472
vn 0.905580 0.162325 -0.391888
vn 0.988129 0.058789 -0.141930
vn 0.988129 0.058789 -0.141930
vn 0.988129 0.058789 -0.141930
vn 0.964783 0.100664 -0.243024
vn 0.988129 0.058789 -0.141930
vn 0.905580 0.162325 -0.391888
vn 0.964783 0.100664 -0.243024
vn -0.000000 -0.888908 -0.458086
vn -0.000000 -0.888908 -0.458086
vn -0.000000 -0.888908 -0.458086
vn -0.000000 -0.888908 -0.458086
vn -0.000000 -0.382683 0.923880
vn 0.007354 -0.382673 0.923855
vn -0.000000 -0.382683 0.923880
vn 0.206968 -0.374397 0.903875
vn 0.007354 -0.382673 0.923855
vn 0.209937 -0.374155 0.903291
vn 0.394954 -0.351572 0.848769
vn 0.386724 -0.352909 0.851997
vn 0.548980 -0.319860 0.772211
vn 0.666611 -0.285255 0.688665
vn 0.666611 -0.285255 0.688665
vn 0.815948 -0.221239 0.534118
vn 0.768108 -0.245040 0.591579
vn 0.844718 -0.204817 0.494472
vn 0.209937 -0.374155 0.903291
vn 0.386724 -0.352909 0.851997
vn 0.548980 -0.319860 0.772211
vn 0.632440 -0.296430 0.715646
vn 0.925563 -0.144881 0.349774
vn 0.895154 -0.170584 0.411826
vn 0.895154 -0.170584 0.411826
vn 0.815948 -0.221239 0.534118
vn 0.632440 -0.296430 0.715646
vn 0.963352 -0.102651 0.247822
vn 0.961913 -0.104609 0.252549
vn 0.961913 -0.104609 0.252549
vn 0.993085 -0.044925 0.108458
vn 0.987350 -0.060676 0.146485
vn 0.987350 -0.060676 0.146485
vn 0.987350 -0.060676 0.146485
vn 0.987350 -0.060676 0.146485
vn 0.987350 -0.060676 0.146485
vn 0.987350 -0.060676 0.146485
vn 0.961913 -0.104609 0.252549
vn 0.961913 -0.104609 0.252549
vn 0.895154 -0.170584 0.411826
vn 0.925563 -0.144881 0.349774
vn 0.844718 -0.204817 0.494472
vn 0.999999 -0.000389 0.000939
vn 0.999999 -0.000389 0.000939
vn 0.993085 -0.044925 0.108458
vn 0.987350 -0.060676 0.146485
vn 0.963352 -0.102651 0.247822
vn 0.895154 -0.170584 0.411826
vn 0.768108 -0.245040 0.591579
vn 0.961913 -0.104609 0.252549
vn 0.000000 -0.389189 0.921158
vn 0.000000 -0.389189 0.921158
vn 0.000000 -0.559215 0.829023
vn 0.000000 -0.559215 0.829023
vn 0.000000 -0.693957 0.720017
vn 0.000000 -0.704435 0.709768
vn 0.000000 -0.810992 0.585057
vn 0.000000 -0.693957 0.720017
vn 0.000000 -0.859647 0.510889
vn 0.000000 -0.884142 0.467219
vn 0.000000 -0.936945 0.349476
vn 0.000000 -0.962364 0.271763
vn 0.000000 -0.972839 0.231482
vn 0.000000 -0.991731 0.128338
vn 0.000000 -0.997953 0.063959
vn -0.000000 -0.998999 -0.044738
vn -0.000000 -0.998780 -0.049391
vn -0.000000 -0.987661 -0.156607
vn -0.000000 -0.980259 -0.197716
vn -0.000000 -0.952468 -0.304638
vn -0.000000 -0.952468 -0.304638
vn -0.000000 -0.952468 -0.304638
vn -0.000000 -0.980259 -0.197716
vn -0.000000 -0.987661 -0.156607
vn -0.000000 -0.998999 -0.044738
vn 0.000000 -0.997953 0.063959
vn 0.000000 -0.991731 0.128338
vn 0.000000 -0.972839 0.231482
vn -0.000000 -0.987661 -0.156607
vn -0.000000 -0.998780 -0.049391
vn 0.000000 -0.962364 0.271763
vn 0.000000 -0.936945 0.349476
vn 0.000000 -0.859647 0.510889
vn 0.000000 -0.376159 0.926555
vn 0.000000 -0.376159 0.926555
vn 0.000000 -0.190783 0.981632
vn 0.000000 -0.190783 0.981632
vn 0.000000 -0.018427 0.999830
vn 0.000000 -0.010761 0.999942
vn 0.000000 0.150859 0.988555
vn 0.000000 -0.018427 0.999830
vn 0.000000 0.246609 0.969115
vn 0.000000 0.285180 0.958474
vn 0.000000 0.479218 0.877696
vn 0.000000 0.415404 0.909637
vn 0.000000 0.479218 0.877696
vn 0.000000 0.524218 0.851584
vn 0.000000 0.602685 0.797979
vn 0.000000 0.660433 0.750885
vn 0.000000 0.735034 0.678030
vn 0.000000 0.735034 0.678030
vn 0.000000 0.807906 0.589312
vn 0.000000 0.741169 0.671319
vn 0.000000 0.807906 0.589312
vn 0.000000 0.807906 0.589312
vn 0.000000 0.832954 0.553342
vn 0.000000 0.246609 0.969115
vn 0.000000 0.832954 0.553342
vn 0.000000 0.807906 0.589312
vn 0.000000 0.807906 0.589312
vn 0.000000 0.735034 0.678030
vn 0.000000 0.735034 0.678030
vn 0.000000 0.660433 0.750885
vn 0.000000 0.602685 0.797979
vn 0.000000 0.524218 0.851584
vn 0.000000 0.415404 0.909637
vn 0.000000 0.741169 0.671319
vn 0.000000 0.807906 0.589312
vn -1.000000 -0.000000 0.000000
vn -1.000000 -0.000000 0.000000
vn -0.999999 -0.000389 0.000939
vn -0.993085 -0.044925 0.108458
vn -0.988129 -0.058789 0.141930
vn -0.963352 -0.102651 0.247822
vn -0.964783 -0.100664 0.243024
vn -0.925563 -0.144881 0.349774
vn -0.905580 -0.162325 0.391888
vn -0.844718 -0.204817 0.494472
vn -0.905580 -0.162325 0.391888
vn -0.830593 -0.213109 0.514491
vn -0.830593 -0.213109 0.514491
vn -0.685390 -0.278661 0.672747
vn -0.685390 -0.278661 0.672747
vn -0.568069 -0.314941 0.760335
vn -0.632440 -0.296430 0.715646
vn -0.386724 -0.352909 0.851997
vn -1.000000 -0.000000 0.000000
vn -0.999999 -0.000389 0.000939
vn -0.993085 -0.044925 0.108458
vn -0.988129 -0.058789 0.141930
vn -0.988129 -0.058789 0.141930
vn -0.963352 -0.102651 0.247822
vn -0.964783 -0.100664 0.243024
vn -0.925563 -0.144881 0.349774
vn -0.964783 -0.100664 0.243024
vn -0.905580 -0.162325 0.391888
vn -0.905580 -0.162325 0.391888
vn -0.830593 -0.213109 0.514491
vn -0.905580 -0.162325 0.391888
vn -0.905580 -0.162325 0.391888
vn -0.844718 -0.204817 0.494472
vn -0.830593 -0.213109 0.514491
vn -0.768108 -0.245040 0.591579
vn -0.209937 -0.374155 0.903291
vn -0.411321 -0.348812 0.842108
vn -0.568069 -0.314941 0.760335
vn -0.216583 -0.373600 0.901950
vn -0.007354 -0.382673 0.923855
vn -0.007354 -0.382673 0.923855
vn -0.209937 -0.374155 0.903291
vn -0.386724 -0.352909 0.851997
vn -0.568069 -0.314941 0.760335
vn -0.632440 -0.296430 0.715646
vn -0.685390 -0.278661 0.672747
vn -0.768108 -0.245040 0.591579
vn -0.988129 -0.058789 0.141930
vn -0.988129 -0.058789 0.141930
vn -0.964783 -0.100664 0.243024
vn -0.988129 -0.058789 0.141930
vn -0.964783 -0.100664 0.243024
vn -0.988129 -0.058789 0.141930
vn -0.964783 -0.100664 0.243024
vn 0.000000 -0.952468 -0.304638
vn 0.000000 -0.952468 -0.304638
vn 0.000000 -0.952468 -0.304638
vn 0.000000 -0.952468 -0.304638
vn -0.007354 -0.382673 0.923855
vn 0.000000 -0.382683 0.923880
vn -0.206968 -0.374397 0.903875
vn 0.000000 -0.382683 0.923880
vn -0.007354 -0.382673 0.923855
vn -0.209937 -0.374155 0.903291
vn -0.394954 -0.351572 0.848769
vn -0.209937 -0.374155 0.903291
vn -0.386724 -0.352909 0.851997
vn -0.548980 -0.319860 0.772211
vn -0.548980 -0.319860 0.772211
vn -0.666611 -0.285255 0.688665
vn -0.666611 -0.285255 0.688665
vn -0.815948 -0.221239 0.534118
vn -0.815948 -0.221239 0.534118
vn -0.895154 -0.170584 0.411826
vn -0.895154 -0.170584 0.411826
vn -0.961913 -0.104609 0.252549
vn -0.961913 -0.104609 0.252549
vn -0.987350 -0.060676 0.146485
vn -0.987350 -0.060676 0.146485
vn -1.000000 0.000000 -0.000000
vn -0.987350 -0.060676 0.146485
vn -1.000000 0.000000 -0.000000
vn -0.987350 -0.060676 0.146485
vn -0.993085 -0.044925 0.108458
vn -0.987350 -0.060676 0.146485
vn -0.987350 -0.060676 0.146485
vn -0.963352 -0.102651 0.247822
vn -0.386724 -0.352909 0.851997
vn -0.632440 -0.296430 0.715646
vn -0.768108 -0.245040 0.591579
vn -0.844718 -0.204817 0.494472
vn -0.895154 -0.170584 0.411826
vn -0.925563 -0.144881 0.349774
vn -0.961913 -0.104609 0.252549
vn -0.963352 -0.102651 0.247822
vn -0.987350 -0.060676 0.146485
vn -0.993085 -0.044925 0.108458
vn -0.999999 -0.000389 0.000939
vn -1.000000 0.000000 -0.000000
vn -0.999999 -0.000389 0.000939
vn -0.925563 -0.144881 0.349774
vn -0.961913 -0.104609 0.252549
vn -0.844718 -0.204817 0.494472
vn -0.895154 -0.170584 0.411826
vn -0.961913 -0.104609 0.252549
vn -0.768108 -0.245040 0.591579
vn -0.632440 -0.296430 0.715646
vn 0.000000 -0.952468 -0.304638
vn 0.000000 -0.980259 -0.197716
vn 0.000000 -0.952468 -0.304638
vn 0.000000 -0.987661 -0.156607
vn 0.000000 -0.987661 -0.156607
vn 0.000000 -0.998999 -0.044738
vn 0.000000 -0.998999 -0.044738
vn -0.000000 -0.991731 0.128338
vn -0.000000 -0.991731 0.128338
vn -0.000000 -0.962364 0.271763
vn -0.000000 -0.972839 0.231482
vn -0.000000 -0.962364 0.271763
vn -0.000000 -0.936945 0.349476
vn -0.000000 -0.884142 0.467219
vn -0.000000 -0.936945 0.349476
vn -0.000000 -0.859647 0.510889
vn 0.000000 -0.998780 -0.049391
vn -0.000000 -0.997953 0.063959
vn -0.000000 -0.972839 0.231482
vn -0.000000 -0.810992 0.585057
vn -0.000000 -0.693957 0.720017
vn -0.000000 -0.704435 0.709768
vn -0.000000 -0.559215 0.829023
vn -0.000000 -0.693957 0.720017
vn -0.000000 -0.559215 0.829023
vn -0.000000 -0.389189 0.921158
vn -0.000000 -0.389189 0.921158
vn -0.000000 -0.859647 0.510889
vn -0.000000 -0.997953 0.063959
vn 0.000000 -0.998780 -0.049391
vn 0.000000 -0.987661 -0.156607
vn 0.000000 -0.980259 -0.197716
vn 0.000000 -0.952468 -0.304638
vn -0.000000 0.888908 0.458086
vn -0.000000 0.832954 0.553342
vn -0.000000 0.888908 0.458086
vn -0.000000 0.807906 0.589312
vn -0.000000 0.807906 0.589312
vn -0.000000 0.735034 0.678030
vn -0.000000 0.735034 0.678030
vn -0.000000 0.660433 0.750885
vn -0.000000 0.602685 0.797979
vn -0.000000 0.524218 0.851584
vn -0.000000 0.479218 0.877696
vn -0.000000 0.415404 0.909637
vn -0.000000 0.479218 0.877696
vn -0.000000 0.246609 0.969115
vn -0.000000 0.285180 0.958474
vn -0.000000 0.150859 0.988555
vn -0.000000 0.246609 0.969115
vn -0.000000 -0.018427 0.999830
vn -0.000000 -0.010761 0.999942
vn -0.000000 -0.190783 0.981632
vn -0.000000 -0.018427 0.999830
vn -0.000000 -0.190783 0.981632
vn -0.000000 0.741169 0.671319
vn -0.000000 0.807906 0.589312
vn -0.000000 0.807906 0.589312
vn -0.000000 -0.376159 0.926555
vn -0.000000 -0.376159 0.926555
vn -0.000000 0.415404 0.909637
vn -0.000000 0.524218 0.851584
vn -0.000000 0.602685 0.797979
vn -0.000000 0.660433 0.750885
vn -0.000000 0.735034 0.678030
vn -0.000000 0.735034 0.678030
vn -0.000000 0.741169 0.671319
vn -0.000000 0.807906 0.589312
vn -0.000000 0.832954 0.553342
vn -0.000000 0.888908 0.458086
vn -0.000000 0.807906 0.589312
vn 1.000000 -0.000000 -0.000000
vn 1.000000 0.000000 -0.000000
vn 0.999999 -0.000389 0.000939
vn 0.993085 -0.044925 0.108458
vn 0.988129 -0.058789 0.141930
vn 0.988129 -0.058789 0.141930
vn 0.964783 -0.100664 0.243024
vn 0.963352 -0.102651 0.247822
vn 0.925563 -0.144881 0.349774
vn 0.964783 -0.100664 0.243024
vn 0.905580 -0.162325 0.391888
vn 0.905580 -0.162325 0.391888
vn 0.830593 -0.213109 0.514491
vn 0.830593 -0.213109 0.514491
vn 0.685390 -0.278661 0.672747
vn 0.685390 -0.278661 0.672747
vn 0.568069 -0.314941 0.760335
vn 0.632440 -0.296430 0.715646
vn 0.386724 -0.352909 0.851997
vn 1.000000 0.000000 -0.000000
vn 0.999999 -0.000389 0.000939
vn 0.993085 -0.044925 0.108458
vn 0.988129 -0.058789 0.141930
vn 0.963352 -0.102651 0.247822
vn 0.964783 -0.100664 0.243024
vn 0.925563 -0.144881 0.349774
vn 0.964783 -0.100664 0.243024
vn 0.905580 -0.162325 0.391888
vn 0.905580 -0.162325 0.391888
vn 0.844718 -0.204817 0.494472
vn 0.830593 -0.213109 0.514491
vn 0.768108 -0.245040 0.591579
vn 0.209937 -0.374155 0.903291
vn 0.411321 -0.348812 0.842108
vn 0.568069 -0.314941 0.760335
vn 0.216583 -0.373600 0.901950
vn 0.007354 -0.382673 0.923855
vn 0.007354 -0.382673 0.923855
vn 0.209937 -0.374155 0.903291
vn 0.386724 -0.352909 0.851997
vn 0.568069 -0.314941 0.760335
vn 0.685390 -0.278661 0.672747
vn 0.632440 -0.296430 0.715646
vn 0.768108 -0.245040 0.591579
vn 0.830593 -0.213109 0.514491
vn 0.844718 -0.204817 0.494472
vn 0.905580 -0.162325 0.391888
vn 0.988129 -0.058789 0.141930
vn 0.988129 -0.058789 0.141930
vn 0.988129 -0.058789 0.141930
vn 0.964783 -0.100664 0.243024
vn 0.988129 -0.058789 0.141930
vn 0.905580 -0.162325 0.391888
vn 0.964783 -0.100664 0.243024
vn 0.000000 0.888908 0.458086
vn 0.000000 0.888908 0.458086
vn 0.000000 0.888908 0.458086
vn 0.000000 0.888908 0.458086
vn 0.000000 0.888908 0.458086
vn 0.000000 0.888908 0.458086
vn 0.000000 0.888908 0.458086
vn 0.000000 0.888908 0.458086
vn 0.000000 0.888908 0.458086
vn 0.000000 0.888908 0.458086
vn 0.000000 0.888908 0.458086
vn 0.000000 0.888908 0.458086
vn 0.000000 0.888908 0.458086
vn 0.000000 0.888908 0.458086
vn 0.000000 0.888908 0.458086
vn 0.000000 0.888908 0.458086
vn 0.000000 0.888908 0.458086
vn 0.000000 0.888908 0.458086
vn 0.000000 0.888908 0.458086
vn 0.000000 0.888908 0.458086
vn -0.000000 -0.952468 -0.304638
vn -0.000000 -0.952468 -0.304638
vn -0.000000 -0.952468 -0.304638
vn -0.000000 -0.952468 -0.304638
vn -0.000000 0.923880 0.382683
vn 0.007354 0.923855 0.382673
vn -0.000000 0.923880 0.382683
vn 0.206968 0.903875 0.374397
vn 0.007354 0.923855 0.382673
vn 0.209937 0.903291 0.374155
vn 0.394954 0.848769 0.351572
vn 0.386724 0.851997 0.352909
vn 0.548980 0.772211 0.319860
vn 0.666611 0.688665 0.285255
vn 0.666611 0.688665 0.285255
vn 0.815948 0.534118 0.221239
vn 0.768108 0.591579 0.245040
vn 0.844718 0.494472 0.204817
vn 0.209937 0.903291 0.374155
vn 0.386724 0.851997 0.352909
vn 0.548980 0.772211 0.319860
vn 0.632440 0.715646 0.296430
vn 0.925563 0.349774 0.144881
vn 0.895154 0.411826 0.170584
vn 0.895154 0.411826 0.170584
vn 0.815948 0.534118 0.221239
vn 0.632440 0.715646 0.296430
vn 0.963352 0.247822 0.102651
vn 0.961913 0.252549 0.104609
vn 0.961913 0.252549 0.104609
vn 0.993085 0.108458 0.044925
vn 0.987350 0.146485 0.060676
vn 0.987350 0.146485 0.060676
vn 0.987350 0.146485 0.060676
vn 0.987350 0.146485 0.060676
vn 1.000000 0.000000 0.000000
vn 0.987350 0.146485 0.060676
vn 0.987350 0.146485 0.060676
vn 0.961913 0.252549 0.104609
vn 0.961913 0.252549 0.104609
vn 0.895154 0.411826 0.170584
vn 0.925563 0.349774 0.144881
vn 0.844718 0.494472 0.204817
vn 0.999999 0.000939 0.000389
vn 1.000000 0.000000 0.000000
vn 1.000000 0.000000 0.000000
vn 0.999999 0.000939 0.000389
vn 0.993085 0.108458 0.044925
vn 0.987350 0.146485 0.060676
vn 0.963352 0.247822 0.102651
vn 0.895154 0.411826 0.170584
vn 0.768108 0.591579 0.245040
vn 0.961913 0.252549 0.104609
vn 0.000000 0.921158 0.389189
vn 0.000000 0.921158 0.389189
vn 0.000000 0.829023 0.559215
vn 0.000000 0.829023 0.559215
vn 0.000000 0.720017 0.693957
vn 0.000000 0.709768 0.704435
vn 0.000000 0.585057 0.810992
vn 0.000000 0.720017 0.693957
vn 0.000000 0.510889 0.859647
vn 0.000000 0.467219 0.884142
vn 0.000000 0.349476 0.936945
vn 0.000000 0.271763 0.962364
vn 0.000000 0.231482 0.972839
vn 0.000000 0.128338 0.991731
vn 0.000000 0.063959 0.997953
vn 0.000000 -0.044738 0.998999
vn 0.000000 -0.049391 0.998780
vn 0.000000 -0.156607 0.987661
vn 0.000000 -0.197716 0.980259
vn 0.000000 -0.304638 0.952468
vn 0.000000 -0.304638 0.952468
vn 0.000000 -0.304638 0.952468
vn 0.000000 -0.197716 0.980259
vn 0.000000 -0.156607 0.987661
vn 0.000000 -0.044738 0.998999
vn 0.000000 0.063959 0.997953
vn 0.000000 0.128338 0.991731
vn 0.000000 0.231482 0.972839
vn 0.000000 -0.156607 0.987661
vn 0.000000 -0.049391 0.998780
vn 0.000000 0.271763 0.962364
vn 0.000000 0.349476 0.936945
vn 0.000000 0.510889 0.859647
vn 0.000000 0.926555 0.376159
vn 0.000000 0.926555 0.376159
vn 0.000000 0.981632 0.190783
vn 0.000000 0.981632 0.190783
vn 0.000000 0.999830 0.018427
vn 0.000000 0.999942 0.010761
vn 0.000000 0.988555 -0.150859
vn 0.000000 0.999830 0.018427
vn 0.000000 0.969115 -0.246609
vn 0.000000 0.958474 -0.285180
vn 0.000000 0.877696 -0.479218
vn 0.000000 0.909637 -0.415404
vn 0.000000 0.877696 -0.479218
vn 0.000000 0.851584 -0.524218
vn 0.000000 0.797979 -0.602685
vn 0.000000 0.750885 -0.660433
vn 0.000000 0.678030 -0.735034
vn 0.000000 0.678030 -0.735034
vn 0.000000 0.589312 -0.807906
vn 0.000000 0.671319 -0.741169
vn 0.000000 0.589312 -0.807906
vn 0.000000 0.589312 -0.807906
vn 0.000000 0.553342 -0.832954
vn 0.000000 0.969115 -0.246609
vn 0.000000 0.553342 -0.832954
vn 0.000000 0.589312 -0.807906
vn 0.000000 0.589312 -0.807906
vn 0.000000 0.678030 -0.735034
vn 0.000000 0.678030 -0.735034
vn 0.000000 0.750885 -0.660433
vn 0.000000 0.797979 -0.602685
vn 0.000000 0.851584 -0.524218
vn 0.000000 0.909637 -0.415404
vn 0.000000 0.671319 -0.741169
vn 0.000000 0.589312 -0.807906
vn -0.999999 0.000939 0.000389
vn -0.993085 0.108458 0.044925
vn -0.988129 0.141930 0.058789
vn -0.963352 0.247822 0.102651
vn -0.964783 0.243024 0.100664
vn -0.925563 0.349774 0.144881
vn -0.905580 0.391888 0.162325
vn -0.844718 0.494472 0.204817
vn -0.905580 0.391888 0.162325
vn -0.830593 0.514491 0.213109
vn -0.830593 0.514491 0.213109
vn -0.685390 0.672747 0.278661
vn -0.685390 0.672747 0.278661
vn -0.568069 0.760335 0.314941
vn -0.632440 0.715646 0.296430
vn -0.386724 0.851997 0.352909
vn -0.999999 0.000939 0.000389
vn -0.993085 0.108458 0.044925
vn -0.988129 0.141930 0.058789
vn -0.988129 0.141930 0.058789
vn -0.963352 0.247822 0.102651
vn -0.964783 0.243024 0.100664
vn -0.925563 0.349774 0.144881
vn -0.964783 0.243024 0.100664
vn -0.905580 0.391888 0.162325
vn -0.905580 0.391888 0.162325
vn -0.830593 0.514491 0.213109
vn -0.905580 0.391888 0.162325
vn -0.905580 0.391888 0.162325
vn -0.844718 0.494472 0.204817
vn -0.830593 0.514491 0.213109
vn -0.768108 0.591579 0.245040
vn -0.209937 0.903291 0.374155
vn -0.411321 0.842108 0.348812
vn -0.568069 0.760335 0.314941
vn -0.216583 0.901950 0.373600
vn -0.007354 0.923855 0.382673
vn -0.007354 0.923855 0.382673
vn -0.209937 0.903291 0.374155
vn -0.386724 0.851997 0.352909
vn -0.568069 0.760335 0.314941
vn -0.632440 0.715646 0.296430
vn -0.685390 0.672747 0.278661
vn -0.768108 0.591579 0.245040
vn -0.988129 0.141930 0.058789
vn -0.988129 0.141930 0.058789
vn -0.964783 0.243024 0.100664
vn -0.988129 0.141930 0.058789
vn -0.964783 0.243024 0.100664
vn -0.988129 0.141930 0.058789
vn -0.964783 0.243024 0.100664
vn 0.000000 -0.304638 0.952468
vn 0.000000 -0.304638 0.952468
vn 0.000000 -0.304638 0.952468
vn 0.000000 -0.304638 0.952468
vn -0.000000 -0.923880 0.382683
vn 0.007354 -0.923855 0.382673
vn -0.000000 -0.923880 0.382683
vn 0.206968 -0.903875 0.374397
vn 0.007354 -0.923855 0.382673
vn 0.209937 -0.903291 0.374155
vn 0.394954 -0.848769 0.351572
vn 0.386724 -0.851997 0.352909
vn 0.548980 -0.772211 0.319860
vn 0.666611 -0.688665 0.285255
vn 0.666611 -0.688665 0.285255
vn 0.815948 -0.534118 0.221239
vn 0.768108 -0.591579 0.245040
vn 0.844718 -0.494472 0.204817
vn 0.209937 -0.903291 0.374155
vn 0.386724 -0.851997 0.352909
vn 0.548980 -0.772211 0.319860
vn 0.632440 -0.715646 0.296430
vn 0.925563 -0.349774 0.144881
vn 0.895154 -0.411826 0.170584
vn 0.895154 -0.411826 0.170584
vn 0.815948 -0.534118 0.221239
vn 0.632440 -0.715646 0.296430
vn 0.963352 -0.247822 0.102651
vn 0.961913 -0.252549 0.104609
vn 0.961913 -0.252549 0.104609
vn 0.993085 -0.108458 0.044925
vn 0.987350 -0.146485 0.060676
vn 0.987350 -0.146485 0.060676
vn 0.987350 -0.146485 0.060676
vn 0.987350 -0.146485 0.060676
vn 1.000000 -0.000000 0.000000
vn 0.987350 -0.146485 0.060676
vn 0.987350 -0.146485 0.060676
vn 0.961913 -0.252549 0.104609
vn 0.961913 -0.252549 0.104609
vn 0.895154 -0.411826 0.170584
vn 0.925563 -0.349774 0.144881
vn 0.844718 -0.494472 0.204817
vn 0.999999 -0.000939 0.000389
vn 1.000000 -0.000000 0.000000
vn 1.000000 -0.000000 0.000000
vn 0.999999 -0.000939 0.000389
vn 0.993085 -0.108458 0.044925
vn 0.987350 -0.146485 0.060676
vn 0.963352 -0.247822 0.102651
vn 0.895154 -0.411826 0.170584
vn 0.768108 -0.591579 0.245040
vn 0.961913 -0.252549 0.104609
vn 0.000000 -0.926555 0.376159
vn 0.000000 -0.926555 0.376159
vn 0.000000 -0.981632 0.190783
vn 0.000000 -0.981632 0.190783
vn 0.000000 -0.999830 0.018427
vn 0.000000 -0.999993 0.003771
vn -0.000000 -0.987156 -0.159760
vn 0.000000 -0.999830 0.018427
vn -0.000000 -0.969115 -0.246609
vn -0.000000 -0.955556 -0.294809
vn -0.000000 -0.909637 -0.415404
vn -0.000000 -0.872660 -0.488329
vn -0.000000 -0.851584 -0.524218
vn -0.000000 -0.792008 -0.610511
vn -0.000000 -0.750885 -0.660433
vn -0.000000 -0.674764 -0.738033
vn -0.000000 -0.671319 -0.741169
vn -0.000000 -0.587644 -0.809120
vn -0.000000 -0.553342 -0.832954
vn -0.000000 -0.458086 -0.888908
vn -0.000000 -0.458086 -0.888908
vn -0.000000 -0.458086 -0.888908
vn -0.000000 -0.553342 -0.832954
vn -0.000000 -0.587644 -0.809120
vn -0.000000 -0.674764 -0.738033
vn -0.000000 -0.750885 -0.660433
vn -0.000000 -0.792008 -0.610511
vn -0.000000 -0.851584 -0.524218
vn -0.000000 -0.587644 -0.809120
vn -0.000000 -0.671319 -0.741169
vn -0.000000 -0.872660 -0.488329
vn -0.000000 -0.909637 -0.415404
vn -0.000000 -0.969115 -0.246609
vn 0.000000 -0.921158 0.389189
vn 0.000000 -0.921158 0.389189
vn 0.000000 -0.829023 0.559215
vn 0.000000 -0.829023 0.559215
vn 0.000000 -0.720017 0.693957
vn 0.000000 -0.714675 0.699457
vn 0.000000 -0.592341 0.805687
vn 0.000000 -0.720017 0.693957
vn 0.000000 -0.510889 0.859647
vn 0.000000 -0.476091 0.879396
vn 0.000000 -0.281766 0.959483
vn 0.000000 -0.349476 0.936945
vn 0.000000 -0.281766 0.959483
vn 0.000000 -0.231482 0.972839
vn 0.000000 -0.138094 0.990419
vn 0.000000 -0.063959 0.997953
vn 0.000000 0.040308 0.999187
vn 0.000000 0.040308 0.999187
vn 0.000000 0.154569 0.987982
vn 0.000000 0.049391 0.998780
vn 0.000000 0.154569 0.987982
vn 0.000000 0.154569 0.987982
vn 0.000000 0.197716 0.980259
vn 0.000000 -0.510889 0.859647
vn 0.000000 0.197716 0.980259
vn 0.000000 0.154569 0.987982
vn 0.000000 0.154569 0.987982
vn 0.000000 0.040308 0.999187
vn 0.000000 0.040308 0.999187
vn 0.000000 -0.063959 0.997953
vn 0.000000 -0.138094 0.990419
vn 0.000000 -0.231482 0.972839
vn 0.000000 -0.349476 0.936945
vn 0.000000 0.049391 0.998780
vn 0.000000 0.154569 0.987982
vn -0.999999 -0.000939 0.000389
vn -0.993085 -0.108458 0.044925
vn -0.988129 -0.141930 0.058789
vn -0.963352 -0.247822 0.102651
vn -0.964783 -0.243024 0.100664
vn -0.925563 -0.349774 0.144881
vn -0.905580 -0.391888 0.162325
vn -0.844718 -0.494472 0.204817
vn -0.905580 -0.391888 0.162325
vn -0.830593 -0.514491 0.213109
vn -0.830593 -0.514491 0.213109
vn -0.685390 -0.672747 0.278661
vn -0.685390 -0.672747 0.278661
vn -0.568069 -0.760335 0.314941
vn -0.632440 -0.715646 0.296430
vn -0.386724 -0.851997 0.352909
vn -0.999999 -0.000939 0.000389
vn -0.993085 -0.108458 0.044925
vn -0.988129 -0.141930 0.058789
vn -0.988129 -0.141930 0.058789
vn -0.963352 -0.247822 0.102651
vn -0.964783 -0.243024 0.100664
vn -0.925563 -0.349774 0.144881
vn -0.964783 -0.243024 0.100664
vn -0.905580 -0.391888 0.162325
vn -0.905580 -0.391888 0.162325
vn -0.830593 -0.514491 0.213109
vn -0.905580 -0.391888 0.162325
vn -0.905580 -0.391888 0.162325
vn -0.844718 -0.494472 0.204817
vn -0.830593 -0.514491 0.213109
vn -0.768108 -0.591579 0.245040
vn -0.209937 -0.903291 0.374155
vn -0.411321 -0.842108 0.348812
vn -0.568069 -0.760335 0.314941
vn -0.216583 -0.901950 0.373600
vn -0.007354 -0.923855 0.382673
vn -0.007354 -0.923855 0.382673
vn -0.209937 -0.903291 0.374155
vn -0.386724 -0.851997 0.352909
vn -0.568069 -0.760335 0.314941
vn -0.632440 -0.715646 0.296430
vn -0.685390 -0.672747 0.278661
vn -0.768108 -0.591579 0.245040
vn -0.988129 -0.141930 0.058789
vn -0.988129 -0.141930 0.058789
vn -0.964783 -0.243024 0.100664
vn -0.988129 -0.141930 0.058789
vn -0.964783 -0.243024 0.100664
vn -0.988129 -0.141930 0.058789
vn -0.964783 -0.243024 0.100664
vn 0.000000 -0.458086 -0.888908
vn 0.000000 -0.458086 -0.888908
vn 0.000000 -0.458086 -0.888908
vn 0.000000 -0.458086 -0.888908
vn -0.007354 0.923855 0.382673
vn 0.000000 0.923880 0.382683
vn -0.206968 0.903875 0.374397
vn 0.000000 0.923880 0.382683
vn -0.007354 0.923855 0.382673
vn -0.209937 0.903291 0.374155
vn -0.394954 0.848769 0.351572
vn -0.209937 0.903291 0.374155
vn -0.386724 0.851997 0.352909
vn -0.548980 0.772211 0.319860
vn -0.548980 0.772211 0.319860
vn -0.666611 0.688665 0.285255
vn -0.666611 0.688665 0.285255
vn -0.815948 0.534118 0.221239
vn -0.815948 0.534118 0.221239
vn -0.895154 0.411826 0.170584
vn -0.895154 0.411826 0.170584
vn -0.961913 0.252549 0.104609
vn -0.961913 0.252549 0.104609
vn -0.987350 0.146485 0.060676
vn -0.987350 0.146485 0.060676
vn -1.000000 -0.000000 -0.000000
vn -0.987350 0.146485 0.060676
vn -1.000000 -0.000000 -0.000000
vn -0.987350 0.146485 0.060676
vn -0.993085 0.108458 0.044925
vn -0.987350 0.146485 0.060676
vn -0.987350 0.146485 0.060676
vn -0.963352 0.247822 0.102651
vn -0.386724 0.851997 0.352909
vn -0.632440 0.715646 0.296430
vn -0.768108 0.591579 0.245040
vn -0.844718 0.494472 0.204817
vn -0.895154 0.411826 0.170584
vn -0.925563 0.349774 0.144881
vn -0.961913 0.252549 0.104609
vn -0.963352 0.247822 0.102651
vn -0.987350 0.146485 0.060676
vn -0.993085 0.108458 0.044925
vn -0.999999 0.000939 0.000389
vn -1.000000 -0.000000 -0.000000
vn -0.999999 0.000939 0.000389
vn -0.925563 0.349774 0.144881
vn -0.961913 0.252549 0.104609
vn -0.844718 0.494472 0.204817
vn -0.895154 0.411826 0.170584
vn -0.961913 0.252549 0.104609
vn -0.768108 0.591579 0.245040
vn -0.632440 0.715646 0.296430
vn -0.000000 -0.197716 0.980259
vn -0.000000 -0.156607 0.987661
vn -0.000000 -0.156607 0.987661
vn -0.000000 -0.044738 0.998999
vn -0.000000 -0.044738 0.998999
vn -0.000000 0.128338 0.991731
vn -0.000000 0.128338 0.991731
vn -0.000000 0.271763 0.962364
vn -0.000000 0.231482 0.972839
vn -0.000000 0.271763 0.962364
vn -0.000000 0.349476 0.936945
vn -0.000000 0.467219 0.884142
vn -0.000000 0.349476 0.936945
vn -0.000000 0.510889 0.859647
vn -0.000000 -0.049391 0.998780
vn -0.000000 0.063959 0.997953
vn -0.000000 0.231482 0.972839
vn -0.000000 0.585057 0.810992
vn -0.000000 0.720017 0.693957
vn -0.000000 0.709768 0.704435
vn -0.000000 0.829023 0.559215
vn -0.000000 0.720017 0.693957
vn -0.000000 0.829023 0.559215
vn -0.000000 0.921158 0.389189
vn -0.000000 0.921158 0.389189
vn -0.000000 0.510889 0.859647
vn -0.000000 0.063959 0.997953
vn -0.000000 -0.049391 0.998780
vn -0.000000 -0.156607 0.987661
vn -0.000000 -0.197716 0.980259
vn -0.000000 0.458086 -0.888908
vn -0.000000 0.553342 -0.832954
vn -0.000000 0.458086 -0.888908
vn -0.000000 0.589312 -0.807906
vn -0.000000 0.589312 -0.807906
vn -0.000000 0.678030 -0.735034
vn -0.000000 0.678030 -0.735034
vn -0.000000 0.750885 -0.660433
vn -0.000000 0.797979 -0.602685
vn -0.000000 0.851584 -0.524218
vn -0.000000 0.877696 -0.479218
vn -0.000000 0.909637 -0.415404
vn -0.000000 0.877696 -0.479218
vn -0.000000 0.969115 -0.246609
vn -0.000000 0.958474 -0.285180
vn -0.000000 0.988555 -0.150859
vn -0.000000 0.969115 -0.246609
vn -0.000000 0.999830 0.018427
vn -0.000000 0.999942 0.010761
vn -0.000000 0.981632 0.190783
vn -0.000000 0.999830 0.018427
vn -0.000000 0.981632 0.190783
vn -0.000000 0.671319 -0.741169
vn -0.000000 0.589312 -0.807906
vn -0.000000 0.589312 -0.807906
vn -0.000000 0.926555 0.376159
vn -0.000000 0.926555 0.376159
vn -0.000000 0.909637 -0.415404
vn -0.000000 0.851584 -0.524218
vn -0.000000 0.797979 -0.602685
vn -0.000000 0.750885 -0.660433
vn -0.000000 0.678030 -0.735034
vn -0.000000 0.678030 -0.735034
vn -0.000000 0.671319 -0.741169
vn -0.000000 0.589312 -0.807906
vn -0.000000 0.553342 -0.832954
vn -0.000000 0.458086 -0.888908
vn -0.000000 0.589312 -0.807906
vn 0.999999 0.000939 0.000389
vn 0.993085 0.108458 0.044925
vn 0.988129 0.141930 0.058789
vn 0.988129 0.141930 0.058789
vn 0.964783 0.243024 0.100664
vn 0.963352 0.247822 0.102651
vn 0.925563 0.349774 0.144881
vn 0.964783 0.243024 0.100664
vn 0.905580 0.391888 0.162325
vn 0.905580 0.391888 0.162325
vn 0.830593 0.514491 0.213109
vn 0.830593 0.514491 0.213109
vn 0.685390 0.672747 0.278661
vn 0.685390 0.672747 0.278661
vn 0.568069 0.760335 0.314941
vn 0.632440 0.715646 0.296430
vn 0.386724 0.851997 0.352909
vn 0.999999 0.000939 0.000389
vn 0.993085 0.108458 0.044925
vn 0.988129 0.141930 0.058789
vn 0.963352 0.247822 0.102651
vn 0.964783 0.243024 0.100664
vn 0.925563 0.349774 0.144881
vn 0.964783 0.243024 0.100664
vn 0.905580 0.391888 0.162325
vn 0.905580 0.391888 0.162325
vn 0.844718 0.494472 0.204817
vn 0.830593 0.514491 0.213109
vn 0.768108 0.591579 0.245040
vn 0.209937 0.903291 0.374155
vn 0.411321 0.842108 0.348812
vn 0.568069 0.760335 0.314941
vn 0.216583 0.901950 0.373600
vn 0.007354 0.923855 0.382673
vn 0.007354 0.923855 0.382673
vn 0.209937 0.903291 0.374155
vn 0.386724 0.851997 0.352909
vn 0.568069 0.760335 0.314941
vn 0.685390 0.672747 0.278661
vn 0.632440 0.715646 0.296430
vn 0.768108 0.591579 0.245040
vn 0.830593 0.514491 0.213109
vn 0.844718 0.494472 0.204817
vn 0.905580 0.391888 0.162325
vn 0.988129 0.141930 0.058789
vn 0.988129 0.141930 0.058789
vn 0.988129 0.141930 0.058789
vn 0.964783 0.243024 0.100664
vn 0.988129 0.141930 0.058789
vn 0.905580 0.391888 0.162325
vn 0.964783 0.243024 0.100664
vn 0.000000 0.458086 -0.888908
vn 0.000000 0.458086 -0.888908
vn 0.000000 0.458086 -0.888908
vn 0.000000 0.458086 -0.888908
vn -0.007354 0.923855 -0.382673
vn 0.000000 0.923880 -0.382683
vn -0.206968 0.903875 -0.374397
vn 0.000000 0.923880 -0.382683
vn -0.007354 0.923855 -0.382673
vn -0.209937 0.903291 -0.374155
vn -0.394954 0.848769 -0.351572
vn -0.209937 0.903291 -0.374155
vn -0.386724 0.851997 -0.352909
vn -0.548980 0.772211 -0.319860
vn -0.548980 0.772211 -0.319860
vn -0.666611 0.688665 -0.285255
vn -0.666611 0.688665 -0.285255
vn -0.815948 0.534118 -0.221239
vn -0.815948 0.534118 -0.221239
vn -0.895154 0.411826 -0.170584
vn -0.895154 0.411826 -0.170584
vn -0.961913 0.252549 -0.104609
vn -0.961913 0.252549 -0.104609
vn -0.987350 0.146485 -0.060676
vn -0.987350 0.146485 -0.060676
vn -1.000000 -0.000000 -0.000000
vn -0.987350 0.146485 -0.060676
vn -1.000000 -0.000000 -0.000000
vn -0.987350 0.146485 -0.060676
vn -0.993085 0.108458 -0.044925
vn -0.987350 0.146485 -0.060676
vn -0.987350 0.146485 -0.060676
vn -0.963352 0.247822 -0.102651
vn -0.386724 0.851997 -0.352909
vn -0.632440 0.715646 -0.296430
vn -0.768108 0.591579 -0.245040
vn -0.844718 0.494472 -0.204817
vn -0.895154 0.411826 -0.170584
vn -0.925563 0.349774 -0.144881
vn -0.961913 0.252549 -0.104609
vn -0.963352 0.247822 -0.102651
vn -0.987350 0.146485 -0.060676
vn -0.993085 0.108458 -0.044925
vn -0.999999 0.000939 -0.000389
vn -1.000000 -0.000000 -0.000000
vn -0.999999 0.000939 -0.000389
vn -0.925563 0.349774 -0.144881
vn -0.961913 0.252549 -0.104609
vn -0.844718 0.494472 -0.204817
vn -0.895154 0.411826 -0.170584
vn -0.961913 0.252549 -0.104609
vn -0.768108 0.591579 -0.245040
vn -0.632440 0.715646 -0.296430
vn -0.000000 0.553342 0.832954
vn -0.000000 0.587644 0.809120
vn -0.000000 0.587644 0.809120
vn -0.000000 0.674764 0.738033
vn -0.000000 0.674764 0.738033
vn -0.000000 0.792008 0.610511
vn -0.000000 0.792008 0.610511
vn -0.000000 0.872660 0.488329
vn -0.000000 0.851584 0.524218
vn -0.000000 0.872660 0.488329
vn -0.000000 0.909637 0.415404
vn -0.000000 0.955556 0.294809
vn -0.000000 0.909637 0.415404
vn -0.000000 0.969115 0.246609
vn -0.000000 0.671319 0.741169
vn -0.000000 0.750885 0.660433
vn -0.000000 0.851584 0.524218
vn -0.000000 0.987156 0.159760
vn -0.000000 0.999830 -0.018427
vn -0.000000 0.999993 -0.003771
vn -0.000000 0.981632 -0.190783
vn -0.000000 0.999830 -0.018427
vn -0.000000 0.981632 -0.190783
vn -0.000000 0.926555 -0.376159
vn -0.000000 0.926555 -0.376159
vn -0.000000 0.969115 0.246609
vn -0.000000 0.750885 0.660433
vn -0.000000 0.671319 0.741169
vn -0.000000 0.587644 0.809120
vn -0.000000 0.553342 0.832954
vn 0.000000 -0.304638 -0.952468
vn 0.000000 -0.197716 -0.980259
vn 0.000000 -0.304638 -0.952468
vn 0.000000 -0.154569 -0.987982
vn 0.000000 -0.154569 -0.987982
vn 0.000000 -0.040308 -0.999187
vn 0.000000 -0.040308 -0.999187
vn -0.000000 0.063959 -0.997953
vn -0.000000 0.138094 -0.990419
vn -0.000000 0.231482 -0.972839
vn -0.000000 0.281766 -0.959483
vn -0.000000 0.349476 -0.936945
vn -0.000000 0.281766 -0.959483
vn -0.000000 0.510889 -0.859647
vn -0.000000 0.476091 -0.879396
vn -0.000000 0.592341 -0.805687
vn -0.000000 0.510889 -0.859647
vn -0.000000 0.720017 -0.693957
vn -0.000000 0.714675 -0.699457
vn -0.000000 0.829023 -0.559215
vn -0.000000 0.720017 -0.693957
vn -0.000000 0.829023 -0.559215
vn 0.000000 -0.049391 -0.998780
vn 0.000000 -0.154569 -0.987982
vn 0.000000 -0.154569 -0.987982
vn -0.000000 0.921158 -0.389189
vn -0.000000 0.921158 -0.389189
vn -0.000000 0.349476 -0.936945
vn -0.000000 0.231482 -0.972839
vn -0.000000 0.138094 -0.990419
vn -0.000000 0.063959 -0.997953
vn 0.000000 -0.040308 -0.999187
vn 0.000000 -0.040308 -0.999187
vn 0.000000 -0.049391 -0.998780
vn 0.000000 -0.154569 -0.987982
vn 0.000000 -0.197716 -0.980259
vn 0.000000 -0.304638 -0.952468
vn 0.000000 -0.154569 -0.987982
vn 0.999999 0.000939 -0.000389
vn 0.993085 0.108458 -0.044925
vn 0.988129 0.141930 -0.058789
vn 0.988129 0.141930 -0.058789
vn 0.964783 0.243024 -0.100664
vn 0.963352 0.247822 -0.102651
vn 0.925563 0.349774 -0.144881
vn 0.964783 0.243024 -0.100664
vn 0.905580 0.391888 -0.162325
vn 0.905580 0.391888 -0.162325
vn 0.830593 0.514491 -0.213109
vn 0.830593 0.514491 -0.213109
vn 0.685390 0.672747 -0.278661
vn 0.685390 0.672747 -0.278661
vn 0.568069 0.760335 -0.314941
vn 0.632440 0.715646 -0.296430
vn 0.386724 0.851997 -0.352909
vn 0.999999 0.000939 -0.000389
vn 0.993085 0.108458 -0.044925
vn 0.988129 0.141930 -0.058789
vn 0.963352 0.247822 -0.102651
vn 0.964783 0.243024 -0.100664
vn 0.925563 0.349774 -0.144881
vn 0.964783 0.243024 -0.100664
vn 0.905580 0.391888 -0.162325
vn 0.905580 0.391888 -0.162325
vn 0.844718 0.494472 -0.204817
vn 0.830593 0.514491 -0.213109
vn 0.768108 0.591579 -0.245040
vn 0.209937 0.903291 -0.374155
vn 0.411321 0.842108 -0.348812
vn 0.568069 0.760335 -0.314941
vn 0.216583 0.901950 -0.373600
vn 0.007354 0.923855 -0.382673
vn 0.007354 0.923855 -0.382673
vn 0.209937 0.903291 -0.374155
vn 0.386724 0.851997 -0.352909
vn 0.568069 0.760335 -0.314941
vn 0.685390 0.672747 -0.278661
vn 0.632440 0.715646 -0.296430
vn 0.768108 0.591579 -0.245040
vn 0.830593 0.514491 -0.213109
vn 0.844718 0.494472 -0.204817
vn 0.905580 0.391888 -0.162325
vn 0.988129 0.141930 -0.058789
vn 0.988129 0.141930 -0.058789
vn 0.988129 0.141930 -0.058789
vn 0.964783 0.243024 -0.100664
vn 0.988129 0.141930 -0.058789
vn 0.905580 0.391888 -0.162325
vn 0.964783 0.243024 -0.100664
vn -0.000000 -0.304638 -0.952468
vn -0.000000 -0.304638 -0.952468
vn -0.000000 -0.304638 -0.952468
vn -0.000000 -0.304638 -0.952468
vn -0.000000 -0.923880 -0.382683
vn 0.007354 -0.923855 -0.382673
vn -0.000000 -0.923880 -0.382683
vn 0.206968 -0.903875 -0.374397
vn 0.007354 -0.923855 -0.382673
vn 0.209937 -0.903291 -0.374155
vn 0.394954 -0.848769 -0.351572
vn 0.386724 -0.851997 -0.352909
vn 0.548980 -0.772211 -0.319860
vn 0.666611 -0.688665 -0.285255
vn 0.666611 -0.688665 -0.285255
vn 0.815948 -0.534118 -0.221239
vn 0.768108 -0.591579 -0.245040
vn 0.844718 -0.494472 -0.204817
vn 0.209937 -0.903291 -0.374155
vn 0.386724 -0.851997 -0.352909
vn 0.548980 -0.772211 -0.319860
vn 0.632440 -0.715646 -0.296430
vn 0.925563 -0.349774 -0.144881
vn 0.895154 -0.411826 -0.170584
vn 0.895154 -0.411826 -0.170584
vn 0.815948 -0.534118 -0.221239
vn 0.632440 -0.715646 -0.296430
vn 0.963352 -0.247822 -0.102651
vn 0.961913 -0.252549 -0.104609
vn 0.961913 -0.252549 -0.104609
vn 0.993085 -0.108458 -0.044925
vn 0.987350 -0.146485 -0.060676
vn 0.987350 -0.146485 -0.060676
vn 0.987350 -0.146485 -0.060676
vn 0.987350 -0.146485 -0.060676
vn 0.987350 -0.146485 -0.060676
vn 0.987350 -0.146485 -0.060676
vn 0.961913 -0.252549 -0.104609
vn 0.961913 -0.252549 -0.104609
vn 0.895154 -0.411826 -0.170584
vn 0.925563 -0.349774 -0.144881
vn 0.844718 -0.494472 -0.204817
vn 0.999999 -0.000939 -0.000389
vn 0.999999 -0.000939 -0.000389
vn 0.993085 -0.108458 -0.044925
vn 0.987350 -0.146485 -0.060676
vn 0.963352 -0.247822 -0.102651
vn 0.895154 -0.411826 -0.170584
vn 0.768108 -0.591579 -0.245040
vn 0.961913 -0.252549 -0.104609
vn -0.000000 -0.921158 -0.389189
vn -0.000000 -0.921158 -0.389189
vn -0.000000 -0.829023 -0.559215
vn -0.000000 -0.829023 -0.559215
vn -0.000000 -0.720017 -0.693957
vn -0.000000 -0.709768 -0.704435
vn -0.000000 -0.585057 -0.810992
vn -0.000000 -0.720017 -0.693957
vn -0.000000 -0.510889 -0.859647
vn -0.000000 -0.467219 -0.884142
vn -0.000000 -0.349476 -0.936945
vn -0.000000 -0.271763 -0.962364
vn -0.000000 -0.231482 -0.972839
vn -0.000000 -0.128338 -0.991731
vn -0.000000 -0.063959 -0.997953
vn 0.000000 0.044738 -0.998999
vn 0.000000 0.049391 -0.998780
vn 0.000000 0.156607 -0.987661
vn 0.000000 0.197716 -0.980259
vn 0.000000 0.304638 -0.952468
vn 0.000000 0.304638 -0.952468
vn 0.000000 0.304638 -0.952468
vn 0.000000 0.197716 -0.980259
vn 0.000000 0.156607 -0.987661
vn 0.000000 0.044738 -0.998999
vn -0.000000 -0.063959 -0.997953
vn -0.000000 -0.128338 -0.991731
vn -0.000000 -0.231482 -0.972839
vn 0.000000 0.156607 -0.987661
vn 0.000000 0.049391 -0.998780
vn -0.000000 -0.271763 -0.962364
vn -0.000000 -0.349476 -0.936945
vn -0.000000 -0.510889 -0.859647
vn -0.000000 -0.926555 -0.376159
vn -0.000000 -0.926555 -0.376159
vn -0.000000 -0.981632 -0.190783
vn -0.000000 -0.981632 -0.190783
vn -0.000000 -0.999830 -0.018427
vn -0.000000 -0.999942 -0.010761
vn 0.000000 -0.988555 0.150859
vn -0.000000 -0.999830 -0.018427
vn 0.000000 -0.969115 0.246609
vn 0.000000 -0.958474 0.285180
vn 0.000000 -0.877696 0.479218
vn 0.000000 -0.909637 0.415404
vn 0.000000 -0.877696 0.479218
vn 0.000000 -0.851584 0.524218
vn 0.000000 -0.797979 0.602685
vn 0.000000 -0.750885 0.660433
vn 0.000000 -0.678030 0.735034
vn 0.000000 -0.678030 0.735034
vn 0.000000 -0.589312 0.807906
vn 0.000000 -0.671319 0.741169
vn 0.000000 -0.589312 0.807906
vn 0.000000 -0.589312 0.807906
vn 0.000000 -0.553342 0.832954
vn 0.000000 -0.969115 0.246609
vn 0.000000 -0.553342 0.832954
vn 0.000000 -0.589312 0.807906
vn 0.000000 -0.589312 0.807906
vn 0.000000 -0.678030 0.735034
vn 0.000000 -0.678030 0.735034
vn 0.000000 -0.750885 0.660433
vn 0.000000 -0.797979 0.602685
vn 0.000000 -0.851584 0.524218
vn 0.000000 -0.909637 0.415404
vn 0.000000 -0.671319 0.741169
vn 0.000000 -0.589312 0.807906
vn -1.000000 -0.000000 -0.000000
vn -1.000000 -0.000000 -0.000000
vn -0.999999 -0.000939 -0.000389
vn -0.993085 -0.108458 -0.044925
vn -0.988129 -0.141930 -0.058789
vn -0.963352 -0.247822 -0.102651
vn -0.964783 -0.243024 -0.100664
vn -0.925563 -0.349774 -0.144881
vn -0.905580 -0.391888 -0.162325
vn -0.844718 -0.494472 -0.204817
vn -0.905580 -0.391888 -0.162325
vn -0.830593 -0.514491 -0.213109
vn -0.830593 -0.514491 -0.213109
vn -0.685390 -0.672747 -0.278661
vn -0.685390 -0.672747 -0.278661
vn -0.568069 -0.760335 -0.314941
vn -0.632440 -0.715646 -0.296430
vn -0.386724 -0.851997 -0.352909
vn -1.000000 -0.000000 -0.000000
vn -0.999999 -0.000939 -0.000389
vn -0.993085 -0.108458 -0.044925
vn -0.988129 -0.141930 -0.058789
vn -0.988129 -0.141930 -0.058789
vn -0.963352 -0.247822 -0.102651
vn -0.964783 -0.243024 -0.100664
vn -0.925563 -0.349774 -0.144881
vn -0.964783 -0.243024 -0.100664
vn -0.905580 -0.391888 -0.162325
vn -0.905580 -0.391888 -0.162325
vn -0.830593 -0.514491 -0.213109
vn -0.905580 -0.391888 -0.162325
vn -0.905580 -0.391888 -0.162325
vn -0.844718 -0.494472 -0.204817
vn -0.830593 -0.514491 -0.213109
vn -0.768108 -0.591579 -0.245040
vn -0.209937 -0.903291 -0.374155
vn -0.411321 -0.842108 -0.348812
vn -0.568069 -0.760335 -0.314941
vn -0.216583 -0.901950 -0.373600
vn -0.007354 -0.923855 -0.382673
vn -0.007354 -0.923855 -0.382673
vn -0.209937 -0.903291 -0.374155
vn -0.386724 -0.851997 -0.352909
vn -0.568069 -0.760335 -0.314941
vn -0.632440 -0.715646 -0.296430
vn -0.685390 -0.672747 -0.278661
vn -0.768108 -0.591579 -0.245040
vn -0.988129 -0.141930 -0.058789
vn -0.988129 -0.141930 -0.058789
vn -0.964783 -0.243024 -0.100664
vn -0.988129 -0.141930 -0.058789
vn -0.964783 -0.243024 -0.100664
vn -0.988129 -0.141930 -0.058789
vn -0.964783 -0.243024 -0.100664
vn 0.000000 0.304638 -0.952468
vn 0.000000 0.304638 -0.952468
vn 0.000000 0.304638 -0.952468
vn 0.000000 0.304638 -0.952468
vn -0.007354 -0.923855 -0.382673
vn 0.000000 -0.923880 -0.382683
vn -0.206968 -0.903875 -0.374397
vn 0.000000 -0.923880 -0.382683
vn -0.007354 -0.923855 -0.382673
vn -0.209937 -0.903291 -0.374155
vn -0.394954 -0.848769 -0.351572
vn -0.209937 -0.903291 -0.374155
vn -0.386724 -0.851997 -0.352909
vn -0.548980 -0.772211 -0.319860
vn -0.548980 -0.772211 -0.319860
vn -0.666611 -0.688665 -0.285255
vn -0.666611 -0.688665 -0.285255
vn -0.815948 -0.534118 -0.221239
vn -0.815948 -0.534118 -0.221239
vn -0.895154 -0.411826 -0.170584
vn -0.895154 -0.411826 -0.170584
vn -0.961913 -0.252549 -0.104609
vn -0.961913 -0.252549 -0.104609
vn -0.987350 -0.146485 -0.060676
vn -0.987350 -0.146485 -0.060676
vn -1.000000 -0.000000 0.000000
vn -0.987350 -0.146485 -0.060676
vn -1.000000 -0.000000 0.000000
vn -0.987350 -0.146485 -0.060676
vn -0.993085 -0.108458 -0.044925
vn -0.987350 -0.146485 -0.060676
vn -0.987350 -0.146485 -0.060676
vn -0.963352 -0.247822 -0.102651
vn -0.386724 -0.851997 -0.352909
vn -0.632440 -0.715646 -0.296430
vn -0.768108 -0.591579 -0.245040
vn -0.844718 -0.494472 -0.204817
vn -0.895154 -0.411826 -0.170584
vn -0.925563 -0.349774 -0.144881
vn -0.961913 -0.252549 -0.104609
vn -0.963352 -0.247822 -0.102651
vn -0.987350 -0.146485 -0.060676
vn -0.993085 -0.108458 -0.044925
vn -0.999999 -0.000939 -0.000389
vn -1.000000 -0.000000 0.000000
vn -0.999999 -0.000939 -0.000389
vn -0.925563 -0.349774 -0.144881
vn -0.961913 -0.252549 -0.104609
vn -0.844718 -0.494472 -0.204817
vn -0.895154 -0.411826 -0.170584
vn -0.961913 -0.252549 -0.104609
vn -0.768108 -0.591579 -0.245040
vn -0.632440 -0.715646 -0.296430
vn -0.000000 0.197716 -0.980259
vn -0.000000 0.156607 -0.987661
vn -0.000000 0.156607 -0.987661
vn -0.000000 0.044738 -0.998999
vn -0.000000 0.044738 -0.998999
vn 0.000000 -0.128338 -0.991731
vn 0.000000 -0.128338 -0.991731
vn 0.000000 -0.271763 -0.962364
vn 0.000000 -0.231482 -0.972839
vn 0.000000 -0.271763 -0.962364
vn 0.000000 -0.349476 -0.936945
vn 0.000000 -0.467219 -0.884142
vn 0.000000 -0.349476 -0.936945
vn 0.000000 -0.510889 -0.859647
vn -0.000000 0.049391 -0.998780
vn 0.000000 -0.063959 -0.997953
vn 0.000000 -0.231482 -0.972839
vn 0.000000 -0.585057 -0.810992
vn 0.000000 -0.720017 -0.693957
vn 0.000000 -0.709768 -0.704435
vn 0.000000 -0.829023 -0.559215
vn 0.000000 -0.720017 -0.693957
vn 0.000000 -0.829023 -0.559215
vn 0.000000 -0.921158 -0.389189
vn 0.000000 -0.921158 -0.389189
vn 0.000000 -0.510889 -0.859647
vn 0.000000 -0.063959 -0.997953
vn -0.000000 0.049391 -0.998780
vn -0.000000 0.156607 -0.987661
vn -0.000000 0.197716 -0.980259
vn -0.000000 -0.458086 0.888908
vn -0.000000 -0.553342 0.832954
vn -0.000000 -0.458086 0.888908
vn -0.000000 -0.589312 0.807906
vn -0.000000 -0.589312 0.807906
vn -0.000000 -0.678030 0.735034
vn -0.000000 -0.678030 0.735034
vn -0.000000 -0.750885 0.660433
vn -0.000000 -0.797979 0.602685
vn -0.000000 -0.851584 0.524218
vn -0.000000 -0.877696 0.479218
vn -0.000000 -0.909637 0.415404
vn -0.000000 -0.877696 0.479218
vn -0.000000 -0.969115 0.246609
vn -0.000000 -0.958474 0.285180
vn -0.000000 -0.988555 0.150859
vn -0.000000 -0.969115 0.246609
vn 0.000000 -0.999830 -0.018427
vn 0.000000 -0.999942 -0.010761
vn 0.000000 -0.981632 -0.190783
vn 0.000000 -0.999830 -0.018427
vn 0.000000 -0.981632 -0.190783
vn -0.000000 -0.671319 0.741169
vn -0.000000 -0.589312 0.807906
vn -0.000000 -0.589312 0.807906
vn 0.000000 -0.926555 -0.376159
vn 0.000000 -0.926555 -0.376159
vn -0.000000 -0.909637 0.415404
vn -0.000000 -0.851584 0.524218
vn -0.000000 -0.797979 0.602685
vn -0.000000 -0.750885 0.660433
vn -0.000000 -0.678030 0.735034
vn -0.000000 -0.678030 0.735034
vn -0.000000 -0.671319 0.741169
vn -0.000000 -0.589312 0.807906
vn -0.000000 -0.553342 0.832954
vn -0.000000 -0.458086 0.888908
vn -0.000000 -0.589312 0.807906
vn 0.999999 -0.000939 -0.000389
vn 0.993085 -0.108458 -0.044925
vn 0.988129 -0.141930 -0.058789
vn 0.988129 -0.141930 -0.058789
vn 0.964783 -0.243024 -0.100664
vn 0.963352 -0.247822 -0.102651
vn 0.925563 -0.349774 -0.144881
vn 0.964783 -0.243024 -0.100664
vn 0.905580 -0.391888 -0.162325
vn 0.905580 -0.391888 -0.162325
vn 0.830593 -0.514491 -0.213109
vn 0.830593 -0.514491 -0.213109
vn 0.685390 -0.672747 -0.278661
vn 0.685390 -0.672747 -0.278661
vn 0.568069 -0.760335 -0.314941
vn 0.632440 -0.715646 -0.296430
vn 0.386724 -0.851997 -0.352909
vn 0.999999 -0.000939 -0.000389
vn 0.993085 -0.108458 -0.044925
vn 0.988129 -0.141930 -0.058789
vn 0.963352 -0.247822 -0.102651
vn 0.964783 -0.243024 -0.100664
vn 0.925563 -0.349774 -0.144881
vn 0.964783 -0.243024 -0.100664
vn 0.905580 -0.391888 -0.162325
vn 0.905580 -0.391888 -0.162325
vn 0.844718 -0.494472 -0.204817
vn 0.830593 -0.514491 -0.213109
vn 0.768108 -0.591579 -0.245040
vn 0.209937 -0.903291 -0.374155
vn 0.411321 -0.842108 -0.348812
vn 0.568069 -0.760335 -0.314941
vn 0.216583 -0.901950 -0.373600
vn 0.007354 -0.923855 -0.382673
vn 0.007354 -0.923855 -0.382673
vn 0.209937 -0.903291 -0.374155
vn 0.386724 -0.851997 -0.352909
vn 0.568069 -0.760335 -0.314941
vn 0.685390 -0.672747 -0.278661
vn 0.632440 -0.715646 -0.296430
vn 0.768108 -0.591579 -0.245040
vn 0.830593 -0.514491 -0.213109
vn 0.844718 -0.494472 -0.204817
vn 0.905580 -0.391888 -0.162325
vn 0.988129 -0.141930 -0.058789
vn 0.988129 -0.141930 -0.058789
vn 0.988129 -0.141930 -0.058789
vn 0.964783 -0.243024 -0.100664
vn 0.988129 -0.141930 -0.058789
vn 0.905580 -0.391888 -0.162325
vn 0.964783 -0.243024 -0.100664
vn 0.000000 -0.458086 0.888908
vn 0.000000 -0.458086 0.888908
vn 0.000000 -0.458086 0.888908
vn 0.000000 -0.458086 0.888908
vn -0.000000 -0.382683 -0.923880
vn 0.007354 -0.382673 -0.923855
vn -0.000000 -0.382683 -0.923880
vn 0.206968 -0.374397 -0.903875
vn 0.007354 -0.382673 -0.923855
vn 0.209937 -0.374155 -0.903291
vn 0.394954 -0.351572 -0.848769
vn 0.386724 -0.352909 -0.851997
vn 0.548980 -0.319860 -0.772211
vn 0.666611 -0.285255 -0.688665
vn 0.666611 -0.285255 -0.688665
vn 0.815948 -0.221239 -0.534118
vn 0.768108 -0.245040 -0.591579
vn 0.844718 -0.204817 -0.494472
vn 0.209937 -0.374155 -0.903291
vn 0.386724 -0.352909 -0.851997
vn 0.548980 -0.319860 -0.772211
vn 0.632440 -0.296430 -0.715646
vn 0.925563 -0.144881 -0.349774
vn 0.895154 -0.170584 -0.411826
vn 0.895154 -0.170584 -0.411826
vn 0.815948 -0.221239 -0.534118
vn 0.632440 -0.296430 -0.715646
vn 0.963352 -0.102651 -0.247822
vn 0.961913 -0.104609 -0.252549
vn 0.961913 -0.104609 -0.252549
vn 0.993085 -0.044925 -0.108458
vn 0.987350 -0.060676 -0.146485
vn 0.987350 -0.060676 -0.146485
vn 0.987350 -0.060676 -0.146485
vn 0.987350 -0.060676 -0.146485
vn 0.987350 -0.060676 -0.146485
vn 0.987350 -0.060676 -0.146485
vn 0.961913 -0.104609 -0.252549
vn 0.961913 -0.104609 -0.252549
vn 0.895154 -0.170584 -0.411826
vn 0.925563 -0.144881 -0.349774
vn 0.844718 -0.204817 -0.494472
vn 0.999999 -0.000389 -0.000939
vn 0.999999 -0.000389 -0.000939
vn 0.993085 -0.044925 -0.108458
vn 0.987350 -0.060676 -0.146485
vn 0.963352 -0.102651 -0.247822
vn 0.895154 -0.170584 -0.411826
vn 0.768108 -0.245040 -0.591579
vn 0.961913 -0.104609 -0.252549
vn -0.000000 -0.376159 -0.926555
vn -0.000000 -0.376159 -0.926555
vn -0.000000 -0.190783 -0.981632
vn -0.000000 -0.190783 -0.981632
vn -0.000000 -0.018427 -0.999830
vn -0.000000 -0.003771 -0.999993
vn 0.000000 0.159760 -0.987156
vn -0.000000 -0.018427 -0.999830
vn 0.000000 0.246609 -0.969115
vn 0.000000 0.294809 -0.955556
vn 0.000000 0.415404 -0.909637
vn 0.000000 0.488329 -0.872660
vn 0.000000 0.524218 -0.851584
vn 0.000000 0.610511 -0.792008
vn 0.000000 0.660433 -0.750885
vn 0.000000 0.738033 -0.674764
vn 0.000000 0.741169 -0.671319
vn 0.000000 0.809120 -0.587644
vn 0.000000 0.832954 -0.553342
vn 0.000000 0.888908 -0.458086
vn 0.000000 0.888908 -0.458086
vn 0.000000 0.888908 -0.458086
vn 0.000000 0.832954 -0.553342
vn 0.000000 0.809120 -0.587644
vn 0.000000 0.738033 -0.674764
vn 0.000000 0.660433 -0.750885
vn 0.000000 0.610511 -0.792008
vn 0.000000 0.524218 -0.851584
vn 0.000000 0.809120 -0.587644
vn 0.000000 0.741169 -0.671319
vn 0.000000 0.488329 -0.872660
vn 0.000000 0.415404 -0.909637
vn 0.000000 0.246609 -0.969115
vn -0.000000 -0.389189 -0.921158
vn -0.000000 -0.389189 -0.921158
vn -0.000000 -0.559215 -0.829023
vn -0.000000 -0.559215 -0.829023
vn -0.000000 -0.693957 -0.720017
vn -0.000000 -0.699457 -0.714675
vn -0.000000 -0.805687 -0.592341
vn -0.000000 -0.693957 -0.720017
vn -0.000000 -0.859647 -0.510889
vn -0.000000 -0.879396 -0.476091
vn -0.000000 -0.959483 -0.281766
vn -0.000000 -0.936945 -0.349476
vn -0.000000 -0.959483 -0.281766
vn -0.000000 -0.972839 -0.231482
vn -0.000000 -0.990419 -0.138094
vn -0.000000 -0.997953 -0.063959
vn 0.000000 -0.999187 0.040308
vn 0.000000 -0.999187 0.040308
vn 0.000000 -0.987982 0.154569
vn 0.000000 -0.998780 0.049391
vn 0.000000 -0.987982 0.154569
vn 0.000000 -0.987982 0.154569
vn 0.000000 -0.980259 0.197716
vn -0.000000 -0.859647 -0.510889
vn 0.000000 -0.980259 0.197716
vn 0.000000 -0.987982 0.154569
vn 0.000000 -0.987982 0.154569
vn 0.000000 -0.999187 0.040308
vn 0.000000 -0.999187 0.040308
vn -0.000000 -0.997953 -0.063959
vn -0.000000 -0.990419 -0.138094
vn -0.000000 -0.972839 -0.231482
vn -0.000000 -0.936945 -0.349476
vn 0.000000 -0.998780 0.049391
vn 0.000000 -0.987982 0.154569
vn -1.000000 -0.000000 -0.000000
vn -1.000000 -0.000000 -0.000000
vn -0.999999 -0.000389 -0.000939
vn -0.993085 -0.044925 -0.108458
vn -0.988129 -0.058789 -0.141930
vn -0.963352 -0.102651 -0.247822
vn -0.964783 -0.100664 -0.243024
vn -0.925563 -0.144881 -0.349774
vn -0.905580 -0.162325 -0.391888
vn -0.844718 -0.204817 -0.494472
vn -0.905580 -0.162325 -0.391888
vn -0.830593 -0.213109 -0.514491
vn -0.830593 -0.213109 -0.514491
vn -0.685390 -0.278661 -0.672747
vn -0.685390 -0.278661 -0.672747
vn -0.568069 -0.314941 -0.760335
vn -0.632440 -0.296430 -0.715646
vn -0.386724 -0.352909 -0.851997
vn -1.000000 -0.000000 -0.000000
vn -0.999999 -0.000389 -0.000939
vn -0.993085 -0.044925 -0.108458
vn -0.988129 -0.058789 -0.141930
vn -0.988129 -0.058789 -0.141930
vn -0.963352 -0.102651 -0.247822
vn -0.964783 -0.100664 -0.243024
vn -0.925563 -0.144881 -0.349774
vn -0.964783 -0.100664 -0.243024
vn -0.905580 -0.162325 -0.391888
vn -0.905580 -0.162325 -0.391888
vn -0.830593 -0.213109 -0.514491
vn -0.905580 -0.162325 -0.391888
vn -0.905580 -0.162325 -0.391888
vn -0.844718 -0.204817 -0.494472
vn -0.830593 -0.213109 -0.514491
vn -0.768108 -0.245040 -0.591579
vn -0.209937 -0.374155 -0.903291
vn -0.411321 -0.348812 -0.842108
vn -0.568069 -0.314941 -0.760335
vn -0.216583 -0.373600 -0.901950
vn -0.007354 -0.382673 -0.923855
vn -0.007354 -0.382673 -0.923855
vn -0.209937 -0.374155 -0.903291
vn -0.386724 -0.352909 -0.851997
vn -0.568069 -0.314941 -0.760335
vn -0.632440 -0.296430 -0.715646
vn -0.685390 -0.278661 -0.672747
vn -0.768108 -0.245040 -0.591579
vn -0.988129 -0.058789 -0.141930
vn -0.988129 -0.058789 -0.141930
vn -0.964783 -0.100664 -0.243024
vn -0.988129 -0.058789 -0.141930
vn -0.964783 -0.100664 -0.243024
vn -0.988129 -0.058789 -0.141930
vn -0.964783 -0.100664 -0.243024
vn 0.000000 0.888908 -0.458086
vn 0.000000 0.888908 -0.458086
vn 0.000000 0.888908 -0.458086
vn 0.000000 0.888908 -0.458086
vn -0.007354 0.382673 0.923855
vn 0.000000 0.382683 0.923880
vn -0.206968 0.374397 0.903875
vn 0.000000 0.382683 0.923880
vn -0.007354 0.382673 0.923855
vn -0.209937 0.374155 0.903291
vn -0.394954 0.351572 0.848769
vn -0.209937 0.374155 0.903291
vn -0.386724 0.352909 0.851997
vn -0.548980 0.319860 0.772211
vn -0.548980 0.319860 0.772211
vn -0.666611 0.285255 0.688665
vn -0.666611 0.285255 0.688665
vn -0.815948 0.221239 0.534118
vn -0.815948 0.221239 0.534118
vn -0.895154 0.170584 0.411826
vn -0.895154 0.170584 0.411826
vn -0.961913 0.104609 0.252549
vn -0.961913 0.104609 0.252549
vn -0.987350 0.060676 0.146485
vn -0.987350 0.060676 0.146485
vn -0.987350 0.060676 0.146485
vn -0.987350 0.060676 0.146485
vn -0.993085 0.044925 0.108458
vn -0.987350 0.060676 0.146485
vn -0.987350 0.060676 0.146485
vn -0.963352 0.102651 0.247822
vn -0.386724 0.352909 0.851997
vn -0.632440 0.296430 0.715646
vn -0.768108 0.245040 0.591579
vn -0.844718 0.204817 0.494472
vn -0.895154 0.170584 0.411826
vn -0.925563 0.144881 0.349774
vn -0.961913 0.104609 0.252549
vn -0.963352 0.102651 0.247822
vn -0.987350 0.060676 0.146485
vn -0.993085 0.044925 0.108458
vn -0.999999 0.000389 0.000939
vn -0.999999 0.000389 0.000939
vn -0.925563 0.144881 0.349774
vn -0.961913 0.104609 0.252549
vn -0.844718 0.204817 0.494472
vn -0.895154 0.170584 0.411826
vn -0.961913 0.104609 0.252549
vn -0.768108 0.245040 0.591579
vn -0.632440 0.296430 0.715646
vn -0.000000 -0.888908 0.458086
vn -0.000000 -0.832954 0.553342
vn -0.000000 -0.888908 0.458086
vn -0.000000 -0.809120 0.587644
vn -0.000000 -0.809120 0.587644
vn -0.000000 -0.738033 0.674764
vn -0.000000 -0.738033 0.674764
vn -0.000000 -0.610511 0.792008
vn -0.000000 -0.610511 0.792008
vn -0.000000 -0.488329 0.872660
vn -0.000000 -0.524218 0.851584
vn -0.000000 -0.488329 0.872660
vn -0.000000 -0.415404 0.909637
vn -0.000000 -0.294809 0.955556
vn -0.000000 -0.415404 0.909637
vn -0.000000 -0.246609 0.969115
vn -0.000000 -0.741169 0.671319
vn -0.000000 -0.660433 0.750885
vn -0.000000 -0.524218 0.851584
vn -0.000000 -0.159760 0.987156
vn -0.000000 0.018427 0.999830
vn -0.000000 0.003771 0.999993
vn -0.000000 0.190783 0.981632
vn -0.000000 0.018427 0.999830
vn -0.000000 0.190783 0.981632
vn -0.000000 0.376159 0.926555
vn -0.000000 0.376159 0.926555
vn -0.000000 -0.246609 0.969115
vn -0.000000 -0.660433 0.750885
vn -0.000000 -0.741169 0.671319
vn -0.000000 -0.809120 0.587644
vn -0.000000 -0.832954 0.553342
vn -0.000000 -0.888908 0.458086
vn -0.000000 0.980259 -0.197716
vn -0.000000 0.987982 -0.154569
vn -0.000000 0.987982 -0.154569
vn -0.000000 0.999187 -0.040308
vn -0.000000 0.999187 -0.040308
vn -0.000000 0.997953 0.063959
vn -0.000000 0.990419 0.138094
vn -0.000000 0.972839 0.231482
vn -0.000000 0.959483 0.281766
vn -0.000000 0.936945 0.349476
vn -0.000000 0.959483 0.281766
vn -0.000000 0.859647 0.510889
vn -0.000000 0.879396 0.476091
vn -0.000000 0.805687 0.592341
vn -0.000000 0.859647 0.510889
vn -0.000000 0.693957 0.720017
vn -0.000000 0.699457 0.714675
vn -0.000000 0.559215 0.829023
vn -0.000000 0.693957 0.720017
vn -0.000000 0.559215 0.829023
vn -0.000000 0.998780 -0.049391
vn -0.000000 0.987982 -0.154569
vn -0.000000 0.987982 -0.154569
vn -0.000000 0.389189 0.921158
vn -0.000000 0.389189 0.921158
vn -0.000000 0.936945 0.349476
vn -0.000000 0.972839 0.231482
vn -0.000000 0.990419 0.138094
vn -0.000000 0.997953 0.063959
vn -0.000000 0.999187 -0.040308
vn -0.000000 0.999187 -0.040308
vn -0.000000 0.998780 -0.049391
vn -0.000000 0.987982 -0.154569
vn -0.000000 0.980259 -0.197716
vn -0.000000 0.987982 -0.154569
vn 0.999999 0.000389 0.000939
vn 0.993085 0.044925 0.108458
vn 0.988129 0.058789 0.141930
vn 0.988129 0.058789 0.141930
vn 0.964783 0.100664 0.243024
vn 0.963352 0.102651 0.247822
vn 0.925563 0.144881 0.349774
vn 0.964783 0.100664 0.243024
vn 0.905580 0.162325 0.391888
vn 0.905580 0.162325 0.391888
vn 0.830593 0.213109 0.514491
vn 0.830593 0.213109 0.514491
vn 0.685390 0.278661 0.672747
vn 0.685390 0.278661 0.672747
vn 0.568069 0.314941 0.760335
vn 0.632440 0.296430 0.715646
vn 0.386724 0.352909 0.851997
vn 0.999999 0.000389 0.000939
vn 0.993085 0.044925 0.108458
vn 0.988129 0.058789 0.141930
vn 0.963352 0.102651 0.247822
vn 0.964783 0.100664 0.243024
vn 0.925563 0.144881 0.349774
vn 0.964783 0.100664 0.243024
vn 0.905580 0.162325 0.391888
vn 0.905580 0.162325 0.391888
vn 0.844718 0.204817 0.494472
vn 0.830593 0.213109 0.514491
vn 0.768108 0.245040 0.591579
vn 0.209937 0.374155 0.903291
vn 0.411321 0.348812 0.842108
vn 0.568069 0.314941 0.760335
vn 0.216583 0.373600 0.901950
vn 0.007354 0.382673 0.923855
vn 0.007354 0.382673 0.923855
vn 0.209937 0.374155 0.903291
vn 0.386724 0.352909 0.851997
vn 0.568069 0.314941 0.760335
vn 0.685390 0.278661 0.672747
vn 0.632440 0.296430 0.715646
vn 0.768108 0.245040 0.591579
vn 0.830593 0.213109 0.514491
vn 0.844718 0.204817 0.494472
vn 0.905580 0.162325 0.391888
vn 0.988129 0.058789 0.141930
vn 0.988129 0.058789 0.141930
vn 0.988129 0.058789 0.141930
vn 0.964783 0.100664 0.243024
vn 0.988129 0.058789 0.141930
vn 0.905580 0.162325 0.391888
vn 0.964783 0.100664 0.243024
vn 0.000000 -0.888908 0.458086
vn 0.000000 -0.888908 0.458086
vn 0.000000 -0.888908 0.458086
vn 0.000000 -0.888908 0.458086
vn 0.000000 -0.888908 0.458086
vn 0.000000 -0.888908 0.458086
vn 0.000000 -0.888908 0.458086
vn 0.000000 -0.888908 0.458086
vn 0.000000 -0.888908 0.458086
vn 0.000000 -0.888908 0.458086
vn 0.000000 -0.888908 0.458086
vn 0.000000 -0.888908 0.458086
vn 0.000000 -0.888908 0.458086
vn 0.000000 -0.888908 0.458086
vn 0.000000 -0.888908 0.458086
vn 0.000000 -0.888908 0.458086
vn 0.000000 -0.888908 0.458086
vn 0.000000 -0.888908 0.458086
vn 0.000000 -0.888908 0.458086
vn 0.000000 -0.888908 0.458086
vn -0.007354 -0.923855 0.382673
vn 0.000000 -0.923880 0.382683
vn -0.206968 -0.903875 0.374397
vn 0.000000 -0.923880 0.382683
vn -0.007354 -0.923855 0.382673
vn -0.209937 -0.903291 0.374155
vn -0.394954 -0.848769 0.351572
vn -0.209937 -0.903291 0.374155
vn -0.386724 -0.851997 0.352909
vn -0.548980 -0.772211 0.319860
vn -0.548980 -0.772211 0.319860
vn -0.666611 -0.688665 0.285255
vn -0.666611 -0.688665 0.285255
vn -0.815948 -0.534118 0.221239
vn -0.815948 -0.534118 0.221239
vn -0.895154 -0.411826 0.170584
vn -0.895154 -0.411826 0.170584
vn -0.961913 -0.252549 0.104609
vn -0.961913 -0.252549 0.104609
vn -0.987350 -0.146485 0.060676
vn -0.987350 -0.146485 0.060676
vn -1.000000 0.000000 -0.000000
vn -0.987350 -0.146485 0.060676
vn -1.000000 0.000000 -0.000000
vn -0.987350 -0.146485 0.060676
vn -0.993085 -0.108458 0.044925
vn -0.987350 -0.146485 0.060676
vn -0.987350 -0.146485 0.060676
vn -0.963352 -0.247822 0.102651
vn -0.386724 -0.851997 0.352909
vn -0.632440 -0.715646 0.296430
vn -0.768108 -0.591579 0.245040
vn -0.844718 -0.494472 0.204817
vn -0.895154 -0.411826 0.170584
vn -0.925563 -0.349774 0.144881
vn -0.961913 -0.252549 0.104609
vn -0.963352 -0.247822 0.102651
vn -0.987350 -0.146485 0.060676
vn -0.993085 -0.108458 0.044925
vn -0.999999 -0.000939 0.000389
vn -1.000000 0.000000 -0.000000
vn -0.999999 -0.000939 0.000389
vn -0.925563 -0.349774 0.144881
vn -0.961913 -0.252549 0.104609
vn -0.844718 -0.494472 0.204817
vn -0.895154 -0.411826 0.170584
vn -0.961913 -0.252549 0.104609
vn -0.768108 -0.591579 0.245040
vn -0.632440 -0.715646 0.296430
vn 0.000000 -0.553342 -0.832954
vn 0.000000 -0.587644 -0.809120
vn 0.000000 -0.587644 -0.809120
vn 0.000000 -0.674764 -0.738033
vn 0.000000 -0.674764 -0.738033
vn 0.000000 -0.792008 -0.610511
vn 0.000000 -0.792008 -0.610511
vn 0.000000 -0.872660 -0.488329
vn 0.000000 -0.851584 -0.524218
vn 0.000000 -0.872660 -0.488329
vn 0.000000 -0.909637 -0.415404
vn 0.000000 -0.955556 -0.294809
vn 0.000000 -0.909637 -0.415404
vn 0.000000 -0.969115 -0.246609
vn 0.000000 -0.671319 -0.741169
vn 0.000000 -0.750885 -0.660433
vn 0.000000 -0.851584 -0.524218
vn 0.000000 -0.987156 -0.159760
vn -0.000000 -0.999830 0.018427
vn -0.000000 -0.999993 0.003771
vn -0.000000 -0.981632 0.190783
vn -0.000000 -0.999830 0.018427
vn -0.000000 -0.981632 0.190783
vn -0.000000 -0.926555 0.376159
vn -0.000000 -0.926555 0.376159
vn 0.000000 -0.969115 -0.246609
vn 0.000000 -0.750885 -0.660433
vn 0.000000 -0.671319 -0.741169
vn 0.000000 -0.587644 -0.809120
vn 0.000000 -0.553342 -0.832954
vn -0.000000 0.304638 0.952468
vn -0.000000 0.197716 0.980259
vn -0.000000 0.304638 0.952468
vn -0.000000 0.154569 0.987982
vn -0.000000 0.154569 0.987982
vn -0.000000 0.040308 0.999187
vn -0.000000 0.040308 0.999187
vn -0.000000 -0.063959 0.997953
vn -0.000000 -0.138094 0.990419
vn -0.000000 -0.231482 0.972839
vn -0.000000 -0.281766 0.959483
vn -0.000000 -0.349476 0.936945
vn -0.000000 -0.281766 0.959483
vn -0.000000 -0.510889 0.859647
vn -0.000000 -0.476091 0.879396
vn -0.000000 -0.592341 0.805687
vn -0.000000 -0.510889 0.859647
vn -0.000000 -0.720017 0.693957
vn -0.000000 -0.714675 0.699457
vn -0.000000 -0.829023 0.559215
vn -0.000000 -0.720017 0.693957
vn -0.000000 -0.829023 0.559215
vn -0.000000 0.049391 0.998780
vn -0.000000 0.154569 0.987982
vn -0.000000 0.154569 0.987982
vn -0.000000 -0.921158 0.389189
vn -0.000000 -0.921158 0.389189
vn -0.000000 -0.349476 0.936945
vn -0.000000 -0.231482 0.972839
vn -0.000000 -0.138094 0.990419
vn -0.000000 -0.063959 0.997953
vn -0.000000 0.040308 0.999187
vn -0.000000 0.040308 0.999187
vn -0.000000 0.049391 0.998780
vn -0.000000 0.154569 0.987982
vn -0.000000 0.197716 0.980259
vn -0.000000 0.304638 0.952468
vn -0.000000 0.154569 0.987982
vn 0.999999 -0.000939 0.000389
vn 0.993085 -0.108458 0.044925
vn 0.988129 -0.141930 0.058789
vn 0.988129 -0.141930 0.058789
vn 0.964783 -0.243024 0.100664
vn 0.963352 -0.247822 0.102651
vn 0.925563 -0.349774 0.144881
vn 0.964783 -0.243024 0.100664
vn 0.905580 -0.391888 0.162325
vn 0.905580 -0.391888 0.162325
vn 0.830593 -0.514491 0.213109
vn 0.830593 -0.514491 0.213109
vn 0.685390 -0.672747 0.278661
vn 0.685390 -0.672747 0.278661
vn 0.568069 -0.760335 0.314941
vn 0.632440 -0.715646 0.296430
vn 0.386724 -0.851997 0.352909
vn 0.999999 -0.000939 0.000389
vn 0.993085 -0.108458 0.044925
vn 0.988129 -0.141930 0.058789
vn 0.963352 -0.247822 0.102651
vn 0.964783 -0.243024 0.100664
vn 0.925563 -0.349774 0.144881
vn 0.964783 -0.243024 0.100664
vn 0.905580 -0.391888 0.162325
vn 0.905580 -0.391888 0.162325
vn 0.844718 -0.494472 0.204817
vn 0.830593 -0.514491 0.213109
vn 0.768108 -0.591579 0.245040
vn 0.209937 -0.903291 0.374155
vn 0.411321 -0.842108 0.348812
vn 0.568069 -0.760335 0.314941
vn 0.216583 -0.901950 0.373600
vn 0.007354 -0.923855 0.382673
vn 0.007354 -0.923855 0.382673
vn 0.209937 -0.903291 0.374155
vn 0.386724 -0.851997 0.352909
vn 0.568069 -0.760335 0.314941
vn 0.685390 -0.672747 0.278661
vn 0.632440 -0.715646 0.296430
vn 0.768108 -0.591579 0.245040
vn 0.830593 -0.514491 0.213109
vn 0.844718 -0.494472 0.204817
vn 0.905580 -0.391888 0.162325
vn 0.988129 -0.141930 0.058789
vn 0.988129 -0.141930 0.058789
vn 0.988129 -0.141930 0.058789
vn 0.964783 -0.243024 0.100664
vn 0.988129 -0.141930 0.058789
vn 0.905580 -0.391888 0.162325
vn 0.964783 -0.243024 0.100664
vn 0.000000 0.304638 0.952468
vn 0.000000 0.304638 0.952468
vn 0.000000 0.304638 0.952468
vn 0.000000 0.304638 0.952468
vn -0.000000 0.382683 0.923880
vn 0.007354 0.382673 0.923855
vn -0.000000 0.382683 0.923880
vn 0.206968 0.374397 0.903875
vn 0.007354 0.382673 0.923855
vn 0.209937 0.374155 0.903291
vn 0.394954 0.351572 0.848769
vn 0.386724 0.352909 0.851997
vn 0.548980 0.319860 0.772211
vn 0.666611 0.285255 0.688665
vn 0.666611 0.285255 0.688665
vn 0.815948 0.221239 0.534118
vn 0.768108 0.245040 0.591579
vn 0.844718 0.204817 0.494472
vn 0.209937 0.374155 0.903291
vn 0.386724 0.352909 0.851997
vn 0.548980 0.319860 0.772211
vn 0.632440 0.296430 0.715646
vn 0.925563 0.144881 0.349774
vn 0.895154 0.170584 0.411826
vn 0.895154 0.170584 0.411826
vn 0.815948 0.221239 0.534118
vn 0.632440 0.296430 0.715646
vn 0.963352 0.102651 0.247822
vn 0.961913 0.104609 0.252549
vn 0.961913 0.104609 0.252549
vn 0.993085 0.044925 0.108458
vn 0.987350 0.060676 0.146485
vn 0.987350 0.060676 0.146485
vn 0.987350 0.060676 0.146485
vn 0.987350 0.060676 0.146485
vn 0.987350 0.060676 0.146485
vn 0.987350 0.060676 0.146485
vn 0.961913 0.104609 0.252549
vn 0.961913 0.104609 0.252549
vn 0.895154 0.170584 0.411826
vn 0.925563 0.144881 0.349774
vn 0.844718 0.204817 0.494472
vn 0.999999 0.000389 0.000939
vn 0.999999 0.000389 0.000939
vn 0.993085 0.044925 0.108458
vn 0.987350 0.060676 0.146485
vn 0.963352 0.102651 0.247822
vn 0.895154 0.170584 0.411826
vn 0.768108 0.245040 0.591579
vn 0.961913 0.104609 0.252549
vn 0.000000 0.376159 0.926555
vn 0.000000 0.376159 0.926555
vn 0.000000 0.190783 0.981632
vn 0.000000 0.190783 0.981632
vn 0.000000 0.018427 0.999830
vn 0.000000 0.003771 0.999993
vn 0.000000 -0.159760 0.987156
vn 0.000000 0.018427 0.999830
vn 0.000000 -0.246609 0.969115
vn 0.000000 -0.294809 0.955556
vn 0.000000 -0.415404 0.909637
vn 0.000000 -0.488329 0.872660
vn 0.000000 -0.524218 0.851584
vn 0.000000 -0.610511 0.792008
vn 0.000000 -0.660433 0.750885
vn 0.000000 -0.738033 0.674764
vn 0.000000 -0.741169 0.671319
vn 0.000000 -0.809120 0.587644
vn 0.000000 -0.832954 0.553342
vn 0.000000 -0.888908 0.458086
vn 0.000000 -0.888908 0.458086
vn 0.000000 -0.888908 0.458086
vn 0.000000 -0.832954 0.553342
vn 0.000000 -0.809120 0.587644
vn 0.000000 -0.738033 0.674764
vn 0.000000 -0.660433 0.750885
vn 0.000000 -0.610511 0.792008
vn 0.000000 -0.524218 0.851584
vn 0.000000 -0.809120 0.587644
vn 0.000000 -0.741169 0.671319
vn 0.000000 -0.488329 0.872660
vn 0.000000 -0.415404 0.909637
vn 0.000000 -0.246609 0.969115
vn 0.000000 0.389189 0.921158
vn 0.000000 0.389189 0.921158
vn 0.000000 0.559215 0.829023
vn 0.000000 0.559215 0.829023
vn 0.000000 0.693957 0.720017
vn 0.000000 0.699457 0.714675
vn 0.000000 0.805687 0.592341
vn 0.000000 0.693957 0.720017
vn 0.000000 0.859647 0.510889
vn 0.000000 0.879396 0.476091
vn 0.000000 0.959483 0.281766
vn 0.000000 0.936945 0.349476
vn 0.000000 0.959483 0.281766
vn 0.000000 0.972839 0.231482
vn 0.000000 0.990419 0.138094
vn 0.000000 0.997953 0.063959
vn 0.000000 0.999187 -0.040308
vn 0.000000 0.999187 -0.040308
vn 0.000000 0.987982 -0.154569
vn 0.000000 0.998780 -0.049391
vn 0.000000 0.987982 -0.154569
vn 0.000000 0.987982 -0.154569
vn 0.000000 0.980259 -0.197716
vn 0.000000 0.859647 0.510889
vn 0.000000 0.980259 -0.197716
vn 0.000000 0.987982 -0.154569
vn 0.000000 0.987982 -0.154569
vn 0.000000 0.999187 -0.040308
vn 0.000000 0.999187 -0.040308
vn 0.000000 0.997953 0.063959
vn 0.000000 0.990419 0.138094
vn 0.000000 0.972839 0.231482
vn 0.000000 0.936945 0.349476
vn 0.000000 0.998780 -0.049391
vn 0.000000 0.987982 -0.154569
vn -1.000000 0.000000 0.000000
vn -1.000000 0.000000 0.000000
vn -0.999999 0.000389 0.000939
vn -0.993085 0.044925 0.108458
vn -0.988129 0.058789 0.141930
vn -0.963352 0.102651 0.247822
vn -0.964783 0.100664 0.243024
vn -0.925563 0.144881 0.349774
vn -0.905580 0.162325 0.391888
vn -0.844718 0.204817 0.494472
vn -0.905580 0.162325 0.391888
vn -0.830593 0.213109 0.514491
vn -0.830593 0.213109 0.514491
vn -0.685390 0.278661 0.672747
vn -0.685390 0.278661 0.672747
vn -0.568069 0.314941 0.760335
vn -0.632440 0.296430 0.715646
vn -0.386724 0.352909 0.851997
vn -1.000000 0.000000 0.000000
vn -0.999999 0.000389 0.000939
vn -0.993085 0.044925 0.108458
vn -0.988129 0.058789 0.141930
vn -0.988129 0.058789 0.141930
vn -0.963352 0.102651 0.247822
vn -0.964783 0.100664 0.243024
vn -0.925563 0.144881 0.349774
vn -0.964783 0.100664 0.243024
vn -0.905580 0.162325 0.391888
vn -0.905580 0.162325 0.391888
vn -0.830593 0.213109 0.514491
vn -0.905580 0.162325 0.391888
vn -0.905580 0.162325 0.391888
vn -0.844718 0.204817 0.494472
vn -0.830593 0.213109 0.514491
vn -0.768108 0.245040 0.591579
vn -0.209937 0.374155 0.903291
vn -0.411321 0.348812 0.842108
vn -0.568069 0.314941 0.760335
vn -0.216583 0.373600 0.901950
vn -0.007354 0.382673 0.923855
vn -0.007354 0.382673 0.923855
vn -0.209937 0.374155 0.903291
vn -0.386724 0.352909 0.851997
vn -0.568069 0.314941 0.760335
vn -0.632440 0.296430 0.715646
vn -0.685390 0.278661 0.672747
vn -0.768108 0.245040 0.591579
vn -0.988129 0.058789 0.141930
vn -0.988129 0.058789 0.141930
vn -0.964783 0.100664 0.243024
vn -0.988129 0.058789 0.141930
vn -0.964783 0.100664 0.243024
vn -0.988129 0.058789 0.141930
vn -0.964783 0.100664 0.243024
vn 0.000000 -0.888908 0.458086
vn 0.000000 -0.888908 0.458086
vn 0.000000 -0.888908 0.458086
vn 0.000000 -0.888908 0.458086
vn 1.000000 -0.000000 -0.000000
vn 1.000000 -0.000000 -0.000000
vn 1.000000 -0.000000 -0.000000
vn 1.000000 -0.000000 -0.000000
vn 1.000000 -0.000000 -0.000000
vn 1.000000 -0.000000 -0.000000
vn 1.000000 -0.000000 -0.000000
vn 1.000000 -0.000000 -0.000000
vn 1.000000 -0.000000 -0.000000
vn 1.000000 -0.000000 -0.000000
vn 1.000000 -0.000000 -0.000000
vn 1.000000 -0.000000 -0.000000
vn 1.000000 -0.000000 -0.000000
vn 1.000000 -0.000000 -0.000000
vn 1.000000 -0.000000 -0.000000
vn 1.000000 -0.000000 -0.000000
vn 1.000000 -0.000000 -0.000000
vn 1.000000 -0.000000 -0.000000
vn 1.000000 -0.000000 -0.000000
vn 1.000000 -0.000000 -0.000000
vn 0.000000 0.000000 -1.000000
vn 0.000000 0.000000 -1.000000
vn 0.000000 0.000000 -1.000000
vn 0.000000 0.000000 -1.000000
vn 0.000000 0.000000 -1.000000
vn 0.000000 0.000000 -1.000000
vn 0.000000 0.000000 -1.000000
vn 0.000000 0.000000 -1.000000
vn 0.000000 0.000000 -1.000000
vn 0.000000 0.000000 -1.000000
vn -0.000000 1.000000 -0.000000
vn -0.000000 1.000000 -0.000000
vn -0.000000 1.000000 -0.000000
vn -0.000000 1.000000 -0.000000
vn -0.000000 1.000000 -0.000000
vn 1.000000 0.000000 0.000000
vn 1.000000 0.000000 0.000000
vn 1.000000 0.000000 0.000000
vn 1.000000 0.000000 0.000000
vn 1.000000 0.000000 0.000000
vn 1.000000 0.000000 0.000000
vn 1.000000 0.000000 0.000000
vn 1.000000 0.000000 0.000000
vn 1.000000 0.000000 0.000000
vn 1.000000 0.000000 0.000000
vn 1.000000 0.000000 0.000000
vn 1.000000 0.000000 0.000000
vn 1.000000 0.000000 0.000000
vn 1.000000 0.000000 0.000000
vn 1.000000 0.000000 0.000000
vn 1.000000 0.000000 0.000000
vn 1.000000 0.000000 0.000000
vn 1.000000 0.000000 0.000000
vn 1.000000 0.000000 0.000000
vn 1.000000 0.000000 0.000000
vn 1.000000 0.000000 0.000000
vn 1.000000 0.000000 0.000000
vn 1.000000 0.000000 0.000000
vn 1.000000 0.000000 0.000000
vn 1.000000 0.000000 0.000000
vn 1.000000 0.000000 0.000000
vn 1.000000 0.000000 0.000000
vn 1.000000 0.000000 0.000000
vn 1.000000 0.000000 0.000000
vn 1.000000 0.000000 0.000000
vn 1.000000 0.000000 0.000000
vn 1.000000 0.000000 0.000000
vn 1.000000 0.000000 0.000000
vn 1.000000 0.000000 0.000000
vn 1.000000 0.000000 0.000000
vn 1.000000 0.000000 0.000000
vn 1.000000 0.000000 0.000000
vn 1.000000 0.000000 0.000000
vn 1.000000 0.000000 0.000000
vn 1.000000 0.000000 0.000000
vn 1.000000 0.000000 0.000000
vn 1.000000 0.000000 0.000000
vn 1.000000 0.000000 0.000000
vn 1.000000 0.000000 0.000000
vn 1.000000 0.000000 0.000000
vn 1.000000 0.000000 0.000000
vn 1.000000 0.000000 0.000000
vn 1.000000 0.000000 0.000000
vn 1.000000 0.000000 0.000000
vn 1.000000 0.000000 0.000000
vn 1.000000 0.000000 0.000000
vn 1.000000 0.000000 0.000000
vn 1.000000 0.000000 0.000000
vn 1.000000 0.000000 0.000000
vn 1.000000 0.000000 0.000000
vn 1.000000 0.000000 0.000000
vn 1.000000 0.000000 0.000000
vn 1.000000 0.000000 0.000000
vn 1.000000 0.000000 0.000000
vn 1.000000 0.000000 0.000000
vn 1.000000 0.000000 0.000000
vn 1.000000 0.000000 0.000000
vn 1.000000 0.000000 0.000000
vn 1.000000 0.000000 0.000000
vn 1.000000 0.000000 0.000000
vn 1.000000 0.000000 0.000000
vn 1.000000 0.000000 0.000000
vn 1.000000 0.000000 0.000000
vn 1.000000 0.000000 0.000000
vn 1.000000 0.000000 0.000000
vn 1.000000 0.000000 0.000000
vn 1.000000 0.000000 0.000000
vn 1.000000 0.000000 0.000000
vn 1.000000 0.000000 0.000000
vn 1.000000 0.000000 0.000000
vn 0.000000 0.000000 -1.000000
vn 0.000000 0.000000 -1.000000
vn 0.000000 0.000000 -1.000000
vn 0.000000 0.000000 -1.000000
vn 0.000000 0.000000 -1.000000
vn 0.000000 0.000000 -1.000000
vn 0.000000 0.000000 -1.000000
vn 0.000000 0.000000 -1.000000
vn 0.000000 0.000000 -1.000000
vn 0.000000 0.000000 -1.000000
vn -0.000000 -0.189251 0.981929
vn -0.000000 -0.000000 1.000000
vn -0.000000 -0.000000 1.000000
vn -0.000000 0.189251 0.981929
vn -0.000000 0.189251 0.981929
vn -0.000000 0.371662 0.928368
vn -0.000000 0.371662 0.928368
vn -0.000000 0.540641 0.841254
vn -0.000000 0.540641 0.841254
vn -0.000000 0.690079 0.723734
vn -0.000000 0.690079 0.723734
vn -0.000000 0.814576 0.580057
vn -0.000000 0.814576 0.580057
vn -0.000000 0.909632 0.415415
vn -0.000000 0.909632 0.415415
vn -0.000000 0.971812 0.235759
vn -0.000000 0.971812 0.235759
vn -0.000000 0.998867 0.047582
vn -0.000000 0.998867 0.047582
vn -0.000000 0.989821 -0.142315
vn -0.000000 0.989821 -0.142315
vn -0.000000 0.945001 -0.327068
vn -0.000000 0.945001 -0.327068
vn -0.000000 0.866025 -0.500000
vn -0.000000 0.866025 -0.500000
vn -0.000000 0.755750 -0.654861
vn -0.000000 0.755750 -0.654861
vn -0.000000 0.618159 -0.786053
vn -0.000000 0.618159 -0.786053
vn -0.000000 0.458227 -0.888835
vn -0.000000 0.458227 -0.888835
vn -0.000000 0.281733 -0.959493
vn -0.000000 0.281733 -0.959493
vn -0.000000 0.095056 -0.995472
vn -0.000000 0.095056 -0.995472
vn -0.000000 -0.095056 -0.995472
vn -0.000000 -0.095056 -0.995472
vn -0.000000 -0.281733 -0.959493
vn -0.000000 -0.281733 -0.959493
vn -0.000000 -0.458227 -0.888835
vn -0.000000 -0.458227 -0.888835
vn -0.000000 -0.618159 -0.786053
vn -0.000000 -0.618159 -0.786053
vn -0.000000 -0.755750 -0.654861
vn -0.000000 -0.755750 -0.654861
vn -0.000000 -0.866025 -0.500000
vn -0.000000 -0.866025 -0.500000
vn -0.000000 -0.945001 -0.327068
vn -0.000000 -0.945001 -0.327068
vn -0.000000 -0.989821 -0.142315
vn -0.000000 -0.989821 -0.142315
vn -0.000000 -0.998867 0.047582
vn -0.000000 -0.998867 0.047582
vn -0.000000 -0.971812 0.235759
vn -0.000000 -0.971812 0.235759
vn -0.000000 -0.909632 0.415415
vn -0.000000 -0.909632 0.415415
vn -0.000000 -0.814576 0.580057
vn -0.000000 -0.814576 0.580057
vn -0.000000 -0.690079 0.723734
vn -0.000000 -0.690079 0.723734
vn -0.000000 -0.540641 0.841254
vn -0.000000 -0.540641 0.841254
vn -0.000000 -0.371662 0.928368
vn -0.000000 -0.371662 0.928368
vn -0.000000 -0.189251 0.981929
vn -1.000000 -0.000000 -0.000000
vn -1.000000 -0.000000 -0.000000
vn -1.000000 -0.000000 -0.000000
vn -1.000000 -0.000000 -0.000000
vn -1.000000 -0.000000 -0.000000
vn -1.000000 -0.000000 -0.000000
vn -1.000000 -0.000000 -0.000000
vn -1.000000 -0.000000 -0.000000
vn -1.000000 -0.000000 -0.000000
vn -1.000000 -0.000000 -0.000000
vn -1.000000 -0.000000 -0.000000
vn -1.000000 -0.000000 -0.000000
vn -1.000000 -0.000000 -0.000000
vn -1.000000 -0.000000 -0.000000
vn -1.000000 -0.000000 -0.000000
vn -1.000000 -0.000000 -0.000000
vn -1.000000 -0.000000 -0.000000
vn -1.000000 -0.000000 -0.000000
vn -1.000000 -0.000000 -0.000000
vn -1.000000 -0.000000 -0.000000
vn -1.000000 -0.000000 -0.000000
vn -1.000000 -0.000000 -0.000000
vn -1.000000 -0.000000 -0.000000
vn -1.000000 -0.000000 -0.000000
vn -1.000000 -0.000000 -0.000000
vn -1.000000 -0.000000 -0.000000
vn -1.000000 -0.000000 -0.000000
vn -1.000000 -0.000000 -0.000000
vn -1.000000 -0.000000 -0.000000
vn -1.000000 -0.000000 -0.000000
vn -1.000000 -0.000000 -0.000000
vn -1.000000 -0.000000 -0.000000
vn -1.000000 -0.000000 -0.000000
vn -1.000000 -0.000000 -0.000000
vn -1.000000 -0.000000 -0.000000
vn -1.000000 -0.000000 -0.000000
vn -1.000000 -0.000000 -0.000000
vn -1.000000 -0.000000 -0.000000
vn -1.000000 -0.000000 -0.000000
vn -1.000000 -0.000000 -0.000000
vn -1.000000 -0.000000 -0.000000
vn -1.000000 -0.000000 -0.000000
vn -1.000000 -0.000000 -0.000000
vn -1.000000 -0.000000 -0.000000
vn -1.000000 -0.000000 -0.000000
vn -1.000000 -0.000000 -0.000000
vn -1.000000 -0.000000 -0.000000
vn -1.000000 -0.000000 -0.000000
vn -1.000000 -0.000000 -0.000000
vn -1.000000 -0.000000 -0.000000
vn -1.000000 -0.000000 -0.000000
vn -1.000000 -0.000000 -0.000000
vn -1.000000 -0.000000 -0.000000
vn -1.000000 -0.000000 -0.000000
vn -1.000000 -0.000000 -0.000000
vn -1.000000 -0.000000 -0.000000
vn -1.000000 -0.000000 -0.000000
vn -1.000000 -0.000000 -0.000000
vn -1.000000 -0.000000 -0.000000
vn -1.000000 -0.000000 -0.000000
vn -1.000000 -0.000000 -0.000000
vn -1.000000 -0.000000 -0.000000
vn -1.000000 -0.000000 -0.000000
vn -1.000000 -0.000000 -0.000000
vn -1.000000 -0.000000 -0.000000
vn -1.000000 -0.000000 -0.000000
vn -1.000000 -0.000000 -0.000000
vn -1.000000 -0.000000 -0.000000
vn -1.000000 -0.000000 -0.000000
vn 1.000000 0.000000 0.000000
vn 1.000000 0.000000 0.000000
vn 1.000000 0.000000 0.000000
vn 1.000000 0.000000 0.000000
vn 1.000000 0.000000 0.000000
vn 1.000000 0.000000 0.000000
vn 1.000000 0.000000 0.000000
vn 1.000000 0.000000 0.000000
vn 1.000000 0.000000 0.000000
vn 1.000000 0.000000 0.000000
vn 1.000000 0.000000 0.000000
vn 1.000000 0.000000 0.000000
vn 1.000000 0.000000 0.000000
vn 1.000000 0.000000 0.000000
vn 1.000000 0.000000 0.000000
vn 1.000000 0.000000 0.000000
vn 1.000000 0.000000 0.000000
vn 1.000000 0.000000 0.000000
vn 1.000000 0.000000 0.000000
vn 1.000000 0.000000 0.000000
vn 1.000000 0.000000 0.000000
vn 1.000000 0.000000 0.000000
vn 1.000000 0.000000 0.000000
vn 1.000000 0.000000 0.000000
vn 1.000000 0.000000 0.000000
vn 1.000000 0.000000 0.000000
vn 1.000000 0.000000 0.000000
vn 1.000000 0.000000 0.000000
vn 1.000000 0.000000 0.000000
vn 1.000000 0.000000 0.000000
vn 1.000000 0.000000 0.000000
vn 1.000000 0.000000 0.000000
vn 1.000000 0.000000 0.000000
vn 1.000000 0.000000 0.000000
vn 1.000000 0.000000 0.000000
vn 1.000000 0.000000 0.000000
vn 1.000000 0.000000 0.000000
vn 1.000000 0.000000 0.000000
vn 1.000000 0.000000 0.000000
vn 1.000000 0.000000 0.000000
vn 1.000000 0.000000 0.000000
vn 1.000000 0.000000 0.000000
vn 1.000000 0.000000 0.000000
vn 1.000000 0.000000 0.000000
vn 1.000000 0.000000 0.000000
vn 1.000000 0.000000 0.000000
vn 1.000000 0.000000 0.000000
vn 1.000000 0.000000 0.000000
vn 1.000000 0.000000 0.000000
vn 1.000000 0.000000 0.000000
vn 1.000000 0.000000 0.000000
vn 1.000000 0.000000 0.000000
vn 1.000000 0.000000 0.000000
vn 1.000000 0.000000 0.000000
vn 1.000000 0.000000 0.000000
vn 1.000000 0.000000 0.000000
vn 1.000000 0.000000 0.000000
vn 1.000000 0.000000 0.000000
vn 1.000000 0.000000 0.000000
vn 1.000000 0.000000 0.000000
vn 1.000000 0.000000 0.000000
vn 1.000000 0.000000 0.000000
vn 1.000000 0.000000 0.000000
vn 1.000000 0.000000 0.000000
vn 1.000000 0.000000 0.000000
vn 1.000000 0.000000 0.000000
vn 1.000000 0.000000 0.000000
vn 1.000000 0.000000 0.000000
vn 1.000000 0.000000 0.000000
vn -1.000000 -0.000000 -0.000000
vn -1.000000 -0.000000 -0.000000
vn -1.000000 -0.000000 -0.000000
vn -1.000000 -0.000000 -0.000000
vn -1.000000 -0.000000 -0.000000
vn -1.000000 -0.000000 -0.000000
vn -1.000000 -0.000000 -0.000000
vn -1.000000 -0.000000 -0.000000
vn -1.000000 -0.000000 -0.000000
vn -1.000000 -0.000000 -0.000000
vn -1.000000 -0.000000 -0.000000
vn -1.000000 -0.000000 -0.000000
vn -1.000000 -0.000000 -0.000000
vn -1.000000 -0.000000 -0.000000
vn -1.000000 -0.000000 -0.000000
vn -1.000000 -0.000000 -0.000000
vn -1.000000 -0.000000 -0.000000
vn -1.000000 -0.000000 -0.000000
vn -1.000000 -0.000000 -0.000000
vn -1.000000 -0.000000 -0.000000
vn -1.000000 -0.000000 -0.000000
vn -1.000000 -0.000000 -0.000000
vn -1.000000 -0.000000 -0.000000
vn -1.000000 -0.000000 -0.000000
vn -1.000000 -0.000000 -0.000000
vn -1.000000 -0.000000 -0.000000
vn -1.000000 -0.000000 -0.000000
vn -1.000000 -0.000000 -0.000000
vn -1.000000 -0.000000 -0.000000
vn -1.000000 -0.000000 -0.000000
vn -1.000000 -0.000000 -0.000000
vn -1.000000 -0.000000 -0.000000
vn -1.000000 -0.000000 -0.000000
vn -1.000000 -0.000000 -0.000000
vn -1.000000 -0.000000 -0.000000
vn -1.000000 -0.000000 -0.000000
vn 0.000000 -0.829019 -0.559221
vn 0.000000 -0.829019 -0.559221
vn 0.000000 -0.661438 -0.750000
vn 0.000000 -0.750112 -0.661311
vn 0.000000 -0.661438 -0.750000
vn 0.000000 -0.943145 -0.332383
vn 0.000000 -0.943145 -0.332383
vn 0.000000 -0.996456 -0.084113
vn 0.000000 -0.996456 -0.084113
vn 0.000000 -0.985516 0.169581
vn 0.000000 -0.985516 0.169581
vn 0.000000 -0.911030 0.412340
vn 0.000000 -0.911030 0.412340
vn 0.000000 -0.777800 0.628511
vn 0.000000 -0.777800 0.628511
vn 0.000000 -0.594418 0.804156
vn 0.000000 -0.594418 0.804156
vn 0.000000 -0.372707 0.927949
vn 0.000000 -0.372707 0.927949
vn 0.000000 -0.126965 0.991907
vn 0.000000 -0.126965 0.991907
vn -0.000000 0.126965 0.991907
vn -0.000000 0.126965 0.991907
vn -0.000000 0.372707 0.927949
vn -0.000000 0.372707 0.927949
vn -0.000000 0.594418 0.804156
vn -0.000000 0.594418 0.804156
vn -0.000000 0.777800 0.628511
vn -0.000000 0.777800 0.628511
vn -0.000000 0.911030 0.412340
vn -0.000000 0.911030 0.412340
vn -0.000000 0.985516 0.169581
vn -0.000000 0.985516 0.169581
vn 0.000000 0.996456 -0.084113
vn 0.000000 0.996456 -0.084113
vn 0.000000 0.943145 -0.332383
vn 0.000000 0.943145 -0.332383
vn 0.000000 0.829019 -0.559221
vn 0.000000 0.829019 -0.559221
vn 0.000000 0.750112 -0.661311
vn 0.000000 0.661438 -0.750000
vn 0.000000 0.661438 -0.750000
vn 0.000000 0.817168 -0.576399
vn 0.000000 0.859759 -0.510701
vn 0.000000 0.871056 -0.491184
vn 0.000000 0.875000 -0.484123
vn 0.000000 0.871056 -0.491184
vn 0.000000 0.829019 -0.559221
vn 0.000000 0.943145 -0.332383
vn 0.000000 0.859759 -0.510701
vn 0.000000 0.817168 -0.576399
vn 0.000000 0.750112 -0.661311
vn 0.000000 0.661438 -0.750000
vn 0.000000 0.661438 -0.750000
vn 0.000000 0.996456 -0.084113
vn -0.000000 0.985516 0.169581
vn -0.000000 0.911030 0.412340
vn -0.000000 0.777800 0.628511
vn -0.000000 0.594418 0.804156
vn -0.000000 0.372707 0.927949
vn -0.000000 0.126965 0.991907
vn 0.000000 -0.126965 0.991907
vn 0.000000 -0.372707 0.927949
vn 0.000000 -0.594418 0.804156
vn 0.000000 -0.777800 0.628511
vn 0.000000 -0.911030 0.412340
vn 0.000000 -0.985516 0.169581
vn 0.000000 -0.996456 -0.084113
vn 0.000000 -0.943145 -0.332383
vn 0.000000 -0.875000 -0.484123
vn 0.000000 -0.871056 -0.491184
vn 0.000000 -0.871056 -0.491184
vn 0.000000 -0.829019 -0.559221
vn 0.000000 -0.859759 -0.510701
vn 0.000000 -0.817168 -0.576399
vn 0.000000 -0.750112 -0.661311
vn 0.000000 -0.661438 -0.750000
vn 0.000000 -0.661438 -0.750000
vn 0.000000 -0.859759 -0.510701
vn 0.000000 -0.817168 -0.576399
vn -0.000000 -0.983058 0.183297
vn -0.000000 -0.983058 0.183297
vn 0.000000 -0.999755 -0.022145
vn 0.000000 -0.999755 -0.022145
vn 0.000000 -0.973977 -0.226647
vn 0.000000 -0.973977 -0.226647
vn 0.000000 -0.906819 -0.421519
vn 0.000000 -0.906819 -0.421519
vn 0.000000 -0.801135 -0.598483
vn 0.000000 -0.801135 -0.598483
vn 0.000000 -0.661414 -0.750021
vn 0.000000 -0.661414 -0.750021
vn 0.000000 -0.493593 -0.869693
vn 0.000000 -0.493593 -0.869693
vn 0.000000 -0.304801 -0.952416
vn 0.000000 -0.304801 -0.952416
vn 0.000000 -0.103060 -0.994675
vn 0.000000 -0.103060 -0.994675
vn -0.000000 0.103060 -0.994675
vn -0.000000 0.103060 -0.994675
vn -0.000000 0.304801 -0.952416
vn -0.000000 0.304801 -0.952416
vn -0.000000 0.493593 -0.869693
vn -0.000000 0.493593 -0.869693
vn -0.000000 0.661414 -0.750021
vn -0.000000 0.661414 -0.750021
vn -0.000000 0.801135 -0.598483
vn -0.000000 0.801135 -0.598483
vn -0.000000 0.906819 -0.421519
vn -0.000000 0.906819 -0.421519
vn -0.000000 0.973977 -0.226647
vn -0.000000 0.973977 -0.226647
vn -0.000000 0.999755 -0.022145
vn -0.000000 0.999755 -0.022145
vn -0.000000 0.983058 0.183297
vn -0.000000 0.983058 0.183297
usemtl Plastique_-_Translucide_mat_(gris)
f 12/1/1 1/2/2 11/3/3
f 11/3/3 1/2/2 2/4/4
f 11/3/3 2/4/4 10/5/5
f 10/5/5 2/4/4 3/6/6
f 10/5/5 3/6/6 9/7/7
f 9/7/7 3/6/6 4/8/8
f 9/7/7 4/8/8 8/9/9
f 8/9/9 4/8/8 5/10/10
f 8/9/9 5/10/10 7/11/11
f 7/11/11 5/10/10 6/12/12
f 7/13/11 6/14/12 18/15/13
f 18/15/13 6/14/12 20/16/14
f 18/15/13 20/16/14 21/17/15
f 20/16/14 6/14/12 19/18/16
f 19/18/16 6/14/12 13/19/17
f 19/18/16 13/19/17 42/20/18
f 42/20/18 13/19/17 15/21/19
f 42/20/18 15/21/19 41/22/20
f 41/22/20 15/21/19 40/23/21
f 40/23/21 15/21/19 39/24/22
f 39/24/22 15/21/19 38/25/23
f 38/25/23 15/21/19 37/26/24
f 37/26/24 15/21/19 36/27/25
f 36/27/25 15/21/19 16/28/26
f 36/27/25 16/28/26 35/29/27
f 35/29/27 16/28/26 34/30/28
f 34/30/28 16/28/26 33/31/29
f 33/31/29 16/28/26 32/32/30
f 32/32/30 16/28/26 31/33/31
f 31/33/31 16/28/26 17/34/32
f 31/33/31 17/34/32 30/35/33
f 30/35/33 17/34/32 29/36/34
f 29/36/34 17/34/32 28/37/35
f 28/37/35 17/34/32 27/38/36
f 27/38/36 17/34/32 26/39/37
f 26/39/37 17/34/32 18/15/13
f 26/39/37 18/15/13 25/40/38
f 25/40/38 18/15/13 24/41/39
f 24/41/39 18/15/13 23/42/40
f 23/42/40 18/15/13 22/43/41
f 22/43/41 18/15/13 21/17/15
f 13/19/17 14/44/42 15/21/19
f 44/45/43 13/46/44 43/47/45
f 43/47/45 13/46/44 6/48/46
f 43/47/45 6/48/46 62/49/47
f 62/49/47 6/48/46 61/50/48
f 61/50/48 6/48/46 1/51/49
f 61/50/48 1/51/49 63/52/50
f 45/53/51 80/54/52 44/45/43
f 44/45/43 80/54/52 81/55/53
f 44/45/43 81/55/53 13/46/44
f 13/46/44 81/55/53 82/56/54
f 13/46/44 82/56/54 83/57/55
f 45/53/51 46/58/56 80/54/52
f 80/54/52 46/58/56 79/59/57
f 79/59/57 46/58/56 47/60/58
f 79/59/57 47/60/58 78/61/59
f 78/61/59 47/60/58 48/62/60
f 78/61/59 48/62/60 49/63/61
f 78/61/59 49/63/61 77/64/62
f 77/64/62 49/63/61 50/65/63
f 77/64/62 50/65/63 76/66/64
f 76/66/64 50/65/63 51/67/65
f 76/66/64 51/67/65 75/68/66
f 75/68/66 51/67/65 52/69/67
f 75/68/66 52/69/67 74/70/68
f 74/70/68 52/69/67 73/71/69
f 73/71/69 52/69/67 72/72/70
f 72/72/70 52/69/67 53/73/71
f 72/72/70 53/73/71 71/74/72
f 71/74/72 53/73/71 70/75/73
f 70/75/73 53/73/71 69/76/74
f 69/76/74 53/73/71 68/77/75
f 68/77/75 53/73/71 54/78/76
f 68/77/75 54/78/76 67/79/77
f 67/79/77 54/78/76 55/80/78
f 67/79/77 55/80/78 66/81/79
f 66/81/79 55/80/78 56/82/80
f 66/81/79 56/82/80 65/83/81
f 65/83/81 56/82/80 57/84/82
f 65/83/81 57/84/82 58/85/83
f 65/83/81 58/85/83 64/86/84
f 64/86/84 58/85/83 59/87/85
f 64/86/84 59/87/85 63/52/50
f 63/52/50 59/87/85 60/88/86
f 63/52/50 60/88/86 61/50/48
f 5/89/87 4/90/88 6/48/46
f 6/48/46 4/90/88 3/91/89
f 6/48/46 3/91/89 2/92/90
f 2/92/90 1/51/49 6/48/46
f 83/57/55 84/93/91 13/46/44
f 13/46/44 84/93/91 85/94/92
f 14/95/42 13/96/17 90/97/93
f 90/97/93 13/96/17 85/98/94
f 90/97/93 85/98/94 89/99/95
f 89/99/95 85/98/94 84/100/96
f 89/99/95 84/100/96 88/101/97
f 88/101/97 84/100/96 83/102/98
f 88/101/97 83/102/98 87/103/99
f 87/103/99 83/102/98 82/104/100
f 87/103/99 82/104/100 86/105/101
f 86/105/101 82/104/100 81/106/102
f 91/107/103 92/108/104 94/109/105
f 94/109/105 92/108/104 93/110/106
f 96/111/107 97/112/108 95/113/109
f 95/113/109 97/112/108 98/114/110
f 99/115/111 100/116/112 94/117/113
f 94/117/113 100/116/112 106/118/114
f 94/117/113 106/118/114 91/119/115
f 106/118/114 100/116/112 105/120/116
f 105/120/116 100/116/112 101/121/117
f 105/120/116 101/121/117 102/122/118
f 105/120/116 102/122/118 104/123/119
f 104/123/119 102/122/118 103/124/120
f 104/123/119 103/124/120 95/125/121
f 95/125/121 98/126/122 104/123/119
f 114/127/123 107/128/124 152/129/125
f 152/129/125 107/128/124 108/130/126
f 152/129/125 108/130/126 151/131/127
f 151/131/127 108/130/126 109/132/128
f 151/131/127 109/132/128 110/133/129
f 151/131/127 110/133/129 150/134/130
f 150/134/130 110/133/129 111/135/131
f 150/134/130 111/135/131 210/136/132
f 210/136/132 111/135/131 209/137/133
f 209/137/133 111/135/131 112/138/134
f 209/137/133 112/138/134 208/139/135
f 208/139/135 112/138/134 113/140/136
f 208/139/135 113/140/136 114/127/123
f 116/141/137 161/142/138 115/143/139
f 115/143/139 161/142/138 162/144/140
f 115/143/139 162/144/140 198/145/141
f 198/145/141 162/144/140 197/146/142
f 197/146/142 162/144/140 163/147/143
f 197/146/142 163/147/143 196/148/144
f 196/148/144 163/147/143 226/149/145
f 196/148/144 226/149/145 227/150/146
f 161/142/138 116/141/137 160/151/147
f 160/151/147 116/141/137 117/152/148
f 160/151/147 117/152/148 118/153/149
f 160/151/147 118/153/149 159/154/150
f 159/154/150 118/153/149 119/155/151
f 159/154/150 119/155/151 201/156/152
f 201/156/152 119/155/151 200/157/153
f 200/157/153 119/155/151 120/158/154
f 200/157/153 120/158/154 199/159/155
f 199/159/155 120/158/154 121/160/156
f 199/159/155 121/160/156 122/161/157
f 199/159/155 122/161/157 198/145/141
f 198/145/141 122/161/157 115/143/139
f 124/162/158 170/163/159 123/164/160
f 123/164/160 170/163/159 171/165/161
f 123/164/160 171/165/161 189/166/162
f 189/166/162 171/165/161 188/167/163
f 188/168/163 171/169/161 172/170/164
f 188/168/163 172/170/164 187/171/165
f 187/171/165 172/170/164 173/172/166
f 187/171/165 173/172/166 219/173/167
f 219/173/167 173/172/166 218/174/168
f 218/174/168 173/172/166 217/175/169
f 217/175/169 173/172/166 174/176/170
f 217/175/169 174/176/170 216/177/171
f 216/177/171 174/176/170 215/178/172
f 215/178/172 174/176/170 175/179/173
f 215/178/172 175/179/173 222/180/174
f 222/180/174 175/179/173 185/181/175
f 222/180/174 185/181/175 221/182/176
f 221/182/176 185/181/175 186/183/177
f 221/182/176 186/183/177 220/184/178
f 220/184/178 186/183/177 219/173/167
f 219/173/167 186/183/177 187/171/165
f 170/163/159 124/162/158 169/185/179
f 169/185/179 124/162/158 125/186/180
f 169/185/179 125/186/180 126/187/181
f 169/185/179 126/187/181 168/188/182
f 168/188/182 126/187/181 127/189/183
f 168/188/182 127/189/183 192/190/184
f 192/190/184 127/189/183 191/191/185
f 191/191/185 127/189/183 128/192/186
f 191/191/185 128/192/186 190/193/187
f 190/193/187 128/192/186 129/194/188
f 190/193/187 129/194/188 130/195/189
f 190/193/187 130/195/189 189/166/162
f 189/166/162 130/195/189 123/164/160
f 132/196/190 98/197/191 131/198/192
f 131/198/192 98/197/191 97/199/193
f 131/198/192 97/199/193 138/200/194
f 138/200/194 97/199/193 147/201/195
f 138/200/194 147/201/195 137/202/196
f 137/202/196 147/201/195 136/203/197
f 136/203/197 147/201/195 148/204/198
f 136/203/197 148/204/198 135/205/199
f 135/205/199 148/204/198 212/206/200
f 135/205/199 212/206/200 134/207/201
f 134/207/201 212/206/200 213/208/202
f 134/207/201 213/208/202 133/209/203
f 133/209/203 213/208/202 132/196/190
f 132/196/190 213/208/202 98/197/191
f 140/210/204 91/211/205 139/212/206
f 139/212/206 91/211/205 181/213/207
f 139/212/206 181/213/207 146/214/208
f 146/214/208 181/213/207 145/215/209
f 145/215/209 181/213/207 182/216/210
f 145/215/209 182/216/210 144/217/211
f 144/217/211 182/216/210 183/218/212
f 144/217/211 183/218/212 177/219/213
f 177/219/213 183/218/212 176/220/214
f 176/220/214 183/218/212 184/221/215
f 176/220/214 184/221/215 175/179/173
f 175/179/173 184/221/215 185/181/175
f 91/211/205 140/210/204 92/222/216
f 92/222/216 140/210/204 141/223/217
f 92/222/216 141/223/217 178/224/218
f 178/224/218 141/223/217 142/225/219
f 178/224/218 142/225/219 143/226/220
f 178/224/218 143/226/220 177/219/213
f 177/219/213 143/226/220 144/217/211
f 181/213/207 91/211/205 180/227/221
f 180/227/221 91/211/205 106/228/222
f 180/227/221 106/228/222 179/229/223
f 179/229/223 106/228/222 105/230/224
f 179/229/223 105/230/224 104/231/225
f 179/229/223 104/231/225 214/232/226
f 214/232/226 104/231/225 98/197/191
f 214/232/226 98/197/191 213/208/202
f 212/206/200 148/204/198 211/233/227
f 211/233/227 148/204/198 149/234/228
f 211/233/227 149/234/228 210/136/132
f 210/136/132 149/234/228 150/134/130
f 114/127/123 152/129/125 207/235/229
f 207/235/229 152/129/125 153/236/230
f 207/235/229 153/236/230 206/237/231
f 206/237/231 153/236/230 154/238/232
f 206/237/231 154/238/232 205/239/233
f 205/239/233 154/238/232 234/240/234
f 205/239/233 234/240/234 235/241/235
f 154/238/232 155/242/236 234/240/234
f 234/240/234 155/242/236 233/243/237
f 233/243/237 155/242/236 156/244/238
f 233/243/237 156/244/238 232/245/239
f 232/245/239 156/244/238 231/246/240
f 231/246/240 156/244/238 157/247/241
f 231/246/240 157/247/241 238/248/242
f 238/248/242 157/247/241 203/249/243
f 238/248/242 203/249/243 237/250/244
f 237/250/244 203/249/243 204/251/245
f 237/250/244 204/251/245 236/252/246
f 236/252/246 204/251/245 235/241/235
f 235/241/235 204/251/245 205/239/233
f 203/249/243 157/247/241 202/253/247
f 202/253/247 157/247/241 158/254/248
f 202/253/247 158/254/248 201/156/152
f 201/156/152 158/254/248 159/154/150
f 163/147/143 164/255/249 226/149/145
f 226/149/145 164/255/249 225/256/250
f 225/256/250 164/255/249 165/257/251
f 225/256/250 165/257/251 224/258/252
f 224/258/252 165/257/251 223/259/253
f 223/259/253 165/257/251 166/260/254
f 223/259/253 166/260/254 230/261/255
f 230/261/255 166/260/254 194/262/256
f 230/261/255 194/262/256 229/263/257
f 229/263/257 194/262/256 195/264/258
f 229/263/257 195/264/258 228/265/259
f 228/265/259 195/264/258 227/150/146
f 227/150/146 195/264/258 196/148/144
f 194/262/256 166/260/254 193/266/260
f 193/266/260 166/260/254 167/267/261
f 193/266/260 167/267/261 192/190/184
f 192/190/184 167/267/261 168/188/182
f 207/235/229 208/139/135 114/127/123
f 95/268/262 103/269/263 96/270/264
f 96/270/264 103/269/263 15/271/265
f 15/271/265 103/269/263 16/272/266
f 240/273/267 20/274/268 239/275/269
f 239/275/269 20/274/268 19/276/270
f 239/277/269 19/278/270 262/279/271
f 262/279/271 19/278/270 42/280/272
f 262/279/271 42/280/272 261/281/273
f 261/281/273 42/280/272 41/282/274
f 261/281/273 41/282/274 260/283/275
f 260/283/275 41/282/274 40/284/276
f 260/283/275 40/284/276 259/285/277
f 259/285/277 40/284/276 39/286/278
f 259/285/277 39/286/278 258/287/279
f 258/287/279 39/286/278 38/288/280
f 258/287/279 38/288/280 257/289/281
f 257/289/281 38/288/280 37/290/282
f 257/289/281 37/290/282 256/291/283
f 256/291/283 37/290/282 36/292/284
f 256/291/283 36/292/284 255/293/285
f 255/293/285 36/292/284 35/294/286
f 255/293/285 35/294/286 254/295/287
f 254/295/287 35/294/286 34/296/288
f 254/295/287 34/296/288 253/297/289
f 253/297/289 34/296/288 33/298/290
f 253/297/289 33/298/290 252/299/291
f 252/299/291 33/298/290 32/300/292
f 252/299/291 32/300/292 251/301/293
f 251/301/293 32/300/292 31/302/294
f 251/301/293 31/302/294 250/303/295
f 250/303/295 31/302/294 30/304/296
f 250/303/295 30/304/296 249/305/297
f 249/305/297 30/304/296 29/306/298
f 249/305/297 29/306/298 248/307/299
f 248/307/299 29/306/298 28/308/300
f 248/307/299 28/308/300 247/309/301
f 247/309/301 28/308/300 27/310/302
f 247/309/301 27/310/302 246/311/303
f 246/311/303 27/310/302 26/312/304
f 246/311/303 26/312/304 245/313/305
f 245/313/305 26/312/304 25/314/306
f 245/313/305 25/314/306 244/315/307
f 244/315/307 25/314/306 24/316/308
f 244/315/307 24/316/308 243/317/309
f 243/317/309 24/316/308 23/318/310
f 243/317/309 23/318/310 242/319/311
f 242/319/311 23/318/310 22/320/312
f 242/319/311 22/320/312 241/321/313
f 241/321/313 22/320/312 21/322/314
f 241/321/313 21/322/314 240/273/267
f 240/273/267 21/322/314 20/274/268
f 264/323/315 248/324/316 263/325/317
f 263/325/317 248/324/316 247/326/318
f 263/325/317 247/326/318 296/327/319
f 296/327/319 247/326/318 295/328/320
f 295/328/320 247/326/318 246/329/321
f 295/328/320 246/329/321 294/330/322
f 294/330/322 246/329/321 293/331/323
f 293/331/323 246/329/321 245/332/324
f 293/331/323 245/332/324 292/333/325
f 292/333/325 245/332/324 291/334/326
f 291/334/326 245/332/324 244/335/327
f 291/334/326 244/335/327 290/336/328
f 290/336/328 244/335/327 289/337/329
f 289/337/329 244/335/327 243/338/330
f 289/337/329 243/338/330 288/339/331
f 288/339/331 243/338/330 287/340/332
f 287/340/332 243/338/330 242/341/333
f 287/340/332 242/341/333 286/342/334
f 286/342/334 242/341/333 241/343/335
f 286/342/334 241/343/335 285/344/336
f 285/344/336 241/343/335 240/345/337
f 285/344/336 240/345/337 284/346/338
f 284/346/338 240/345/337 239/347/339
f 284/346/338 239/347/339 283/348/340
f 283/348/340 239/347/339 262/349/341
f 283/348/340 262/349/341 282/350/342
f 282/350/342 262/349/341 261/351/343
f 282/350/342 261/351/343 281/352/344
f 281/352/344 261/351/343 260/353/345
f 281/352/344 260/353/345 280/354/346
f 280/354/346 260/353/345 259/355/347
f 280/354/346 259/355/347 279/356/348
f 279/356/348 259/355/347 278/357/349
f 278/357/349 259/355/347 258/358/350
f 278/357/349 258/358/350 277/359/351
f 277/359/351 258/358/350 276/360/352
f 276/360/352 258/358/350 257/361/353
f 276/360/352 257/361/353 275/362/354
f 275/362/354 257/361/353 274/363/355
f 274/363/355 257/361/353 256/364/356
f 274/363/355 256/364/356 273/365/357
f 273/365/357 256/364/356 272/366/358
f 272/366/358 256/364/356 255/367/359
f 272/366/358 255/367/359 271/368/360
f 271/368/360 255/367/359 270/369/361
f 270/369/361 255/367/359 254/370/362
f 270/369/361 254/370/362 269/371/363
f 269/371/363 254/370/362 253/372/364
f 269/371/363 253/372/364 268/373/365
f 268/373/365 253/372/364 252/374/366
f 268/373/365 252/374/366 267/375/367
f 267/375/367 252/374/366 251/376/368
f 267/375/367 251/376/368 266/377/369
f 266/378/369 251/379/368 250/380/370
f 266/378/369 250/380/370 265/381/371
f 265/381/371 250/380/370 249/382/372
f 265/381/371 249/382/372 264/323/315
f 264/323/315 249/382/372 248/324/316
f 110/383/129 109/384/128 314/385/373
f 314/385/373 109/384/128 313/386/374
f 313/386/374 109/384/128 315/387/375
f 313/386/374 315/387/375 316/388/376
f 316/388/376 315/387/375 299/389/377
f 316/388/376 299/389/377 300/390/378
f 109/384/128 108/391/126 315/387/375
f 315/387/375 108/391/126 298/392/379
f 315/387/375 298/392/379 299/389/377
f 107/393/124 297/394/380 108/391/126
f 108/391/126 297/394/380 298/392/379
f 316/388/376 300/390/378 317/395/381
f 317/395/381 300/390/378 301/396/382
f 317/395/381 301/396/382 302/397/383
f 317/395/381 302/397/383 318/398/384
f 318/398/384 302/397/383 303/399/385
f 318/398/384 303/399/385 319/400/386
f 319/400/386 303/399/385 305/401/387
f 319/400/386 305/401/387 306/402/388
f 303/399/385 304/403/389 305/401/387
f 307/404/390 308/405/391 306/402/388
f 306/402/388 308/405/391 319/400/386
f 308/405/391 309/406/392 319/400/386
f 319/400/386 309/406/392 318/398/384
f 309/406/392 310/407/393 318/398/384
f 318/398/384 310/407/393 317/395/381
f 310/407/393 311/408/394 317/395/381
f 317/395/381 311/408/394 312/409/395
f 317/395/381 312/409/395 316/388/376
f 316/388/376 312/409/395 313/386/374
f 107/410/124 114/411/123 297/412/396
f 297/412/396 114/411/123 320/413/397
f 297/412/396 320/413/397 327/414/398
f 327/414/398 320/413/397 321/415/399
f 327/414/398 321/415/399 328/416/400
f 328/416/400 321/415/399 322/417/401
f 328/416/400 322/417/401 329/418/402
f 329/418/402 322/417/401 323/419/403
f 329/418/402 323/419/403 330/420/404
f 330/420/404 323/419/403 324/421/405
f 330/420/404 324/421/405 331/422/406
f 331/422/406 324/421/405 325/423/407
f 331/422/406 325/423/407 303/424/408
f 303/424/408 325/423/407 326/425/409
f 303/424/408 302/426/410 331/422/406
f 331/422/406 302/426/410 301/427/411
f 331/422/406 301/427/411 330/420/404
f 330/420/404 301/427/411 300/428/412
f 330/420/404 300/428/412 329/418/402
f 329/418/402 300/428/412 299/429/413
f 329/418/402 299/429/413 328/416/400
f 328/416/400 299/429/413 298/430/414
f 328/416/400 298/430/414 327/414/398
f 327/414/398 298/430/414 297/412/396
f 308/431/415 332/432/416 309/433/417
f 309/433/417 332/432/416 340/434/418
f 309/433/417 340/434/418 310/435/419
f 310/435/419 340/434/418 339/436/420
f 310/435/419 339/436/420 311/437/421
f 311/437/421 339/436/420 341/438/422
f 311/437/421 341/438/422 312/439/423
f 312/439/423 341/438/422 342/440/424
f 312/439/423 342/440/424 313/441/425
f 313/441/425 342/440/424 343/442/426
f 313/441/425 343/442/426 314/443/427
f 314/443/427 343/442/426 338/444/428
f 314/443/427 338/444/428 110/445/129
f 110/445/129 338/444/428 111/446/131
f 332/432/416 333/447/429 340/434/418
f 340/434/418 333/447/429 334/448/430
f 340/434/418 334/448/430 339/436/420
f 339/436/420 334/448/430 335/449/431
f 339/436/420 335/449/431 341/438/422
f 341/438/422 335/449/431 336/450/432
f 341/438/422 336/450/432 342/440/424
f 342/440/424 336/450/432 337/451/433
f 342/440/424 337/451/433 343/442/426
f 343/442/426 337/451/433 338/444/428
f 114/452/123 113/453/136 320/454/434
f 320/454/434 113/453/136 321/455/435
f 321/455/435 113/453/136 348/456/436
f 321/455/435 348/456/436 349/457/437
f 349/457/437 348/456/436 336/458/438
f 349/457/437 336/458/438 335/459/439
f 113/453/136 112/460/134 348/456/436
f 348/456/436 112/460/134 337/461/440
f 348/456/436 337/461/440 336/458/438
f 111/462/131 338/463/441 112/460/134
f 112/460/134 338/463/441 337/461/440
f 349/457/437 335/459/439 350/464/442
f 350/464/442 335/459/439 334/465/443
f 350/464/442 334/465/443 333/466/444
f 350/464/442 333/466/444 351/467/445
f 351/467/445 333/466/444 332/468/446
f 351/467/445 332/468/446 352/469/447
f 352/469/447 332/468/446 345/470/448
f 352/469/447 345/470/448 346/471/449
f 332/468/446 344/472/450 345/470/448
f 347/473/451 326/474/452 346/471/449
f 346/471/449 326/474/452 352/469/447
f 326/474/452 325/475/453 352/469/447
f 352/469/447 325/475/453 351/467/445
f 325/475/453 324/476/454 351/467/445
f 351/467/445 324/476/454 350/464/442
f 324/476/454 323/477/455 350/464/442
f 350/464/442 323/477/455 322/478/456
f 350/464/442 322/478/456 349/457/437
f 349/457/437 322/478/456 321/455/435
f 308/479/415 307/480/457 332/481/416
f 332/481/416 307/480/457 344/482/458
f 344/482/458 307/480/457 355/483/459
f 344/482/458 355/483/459 357/484/460
f 357/484/460 355/483/459 356/485/461
f 307/480/457 353/486/462 355/483/459
f 355/483/459 353/486/462 354/487/463
f 307/488/390 306/489/388 353/490/464
f 353/490/464 306/489/388 359/491/465
f 359/491/465 306/489/388 305/492/387
f 359/491/465 305/492/387 358/493/466
f 358/493/466 305/492/387 304/494/389
f 234/495/234 233/496/237 377/497/467
f 377/497/467 233/496/237 376/498/468
f 376/498/468 233/496/237 378/499/469
f 376/498/468 378/499/469 379/500/470
f 379/500/470 378/499/469 362/501/471
f 379/500/470 362/501/471 363/502/472
f 233/496/237 232/503/239 378/499/469
f 378/499/469 232/503/239 361/504/473
f 378/499/469 361/504/473 362/501/471
f 231/505/240 360/506/474 232/503/239
f 232/503/239 360/506/474 361/504/473
f 379/500/470 363/502/472 380/507/475
f 380/507/475 363/502/472 364/508/476
f 380/507/475 364/508/476 365/509/477
f 380/507/475 365/509/477 381/510/478
f 381/510/478 365/509/477 366/511/479
f 381/510/478 366/511/479 382/512/480
f 382/512/480 366/511/479 368/513/481
f 382/512/480 368/513/481 369/514/482
f 366/511/479 367/515/483 368/513/481
f 370/516/484 371/517/485 369/514/482
f 369/514/482 371/517/485 382/512/480
f 371/517/485 372/518/486 382/512/480
f 382/512/480 372/518/486 381/510/478
f 372/518/486 373/519/487 381/510/478
f 381/510/478 373/519/487 380/507/475
f 373/519/487 374/520/488 380/507/475
f 380/507/475 374/520/488 375/521/489
f 380/507/475 375/521/489 379/500/470
f 379/500/470 375/521/489 376/498/468
f 231/522/240 238/523/242 360/524/490
f 360/524/490 238/523/242 383/525/491
f 360/524/490 383/525/491 390/526/492
f 390/526/492 383/525/491 384/527/493
f 390/526/492 384/527/493 391/528/494
f 391/528/494 384/527/493 385/529/495
f 391/528/494 385/529/495 392/530/496
f 392/530/496 385/529/495 386/531/497
f 392/530/496 386/531/497 393/532/498
f 393/532/498 386/531/497 387/533/499
f 393/532/498 387/533/499 394/534/500
f 394/534/500 387/533/499 388/535/501
f 394/534/500 388/535/501 366/536/502
f 366/536/502 388/535/501 389/537/503
f 366/536/502 365/538/504 394/534/500
f 394/534/500 365/538/504 364/539/505
f 394/534/500 364/539/505 393/532/498
f 393/532/498 364/539/505 363/540/506
f 393/532/498 363/540/506 392/530/496
f 392/530/496 363/540/506 362/541/507
f 392/530/496 362/541/507 391/528/494
f 391/528/494 362/541/507 361/542/508
f 391/528/494 361/542/508 390/526/492
f 390/526/492 361/542/508 360/524/490
f 395/543/509 396/544/510 405/545/511
f 405/545/511 396/544/510 406/546/512
f 405/545/511 406/546/512 407/547/513
f 407/547/513 406/546/512 388/548/514
f 407/547/513 388/548/514 387/549/515
f 396/544/510 397/550/516 406/546/512
f 406/546/512 397/550/516 389/551/517
f 406/546/512 389/551/517 388/548/514
f 397/550/516 398/552/518 389/551/517
f 407/547/513 387/549/515 408/553/519
f 408/553/519 387/549/515 386/554/520
f 408/553/519 386/554/520 385/555/521
f 408/553/519 385/555/521 409/556/522
f 409/556/522 385/555/521 384/557/523
f 409/556/522 384/557/523 410/558/524
f 410/558/524 384/557/523 237/559/244
f 410/558/524 237/559/244 236/560/246
f 384/557/523 383/561/525 237/559/244
f 237/559/244 383/561/525 238/562/242
f 235/563/235 399/564/526 236/560/246
f 236/560/246 399/564/526 400/565/527
f 236/560/246 400/565/527 410/558/524
f 410/558/524 400/565/527 401/566/528
f 410/558/524 401/566/528 409/556/522
f 409/556/522 401/566/528 402/567/529
f 409/556/522 402/567/529 408/553/519
f 408/553/519 402/567/529 403/568/530
f 408/553/519 403/568/530 404/569/531
f 408/553/519 404/569/531 407/547/513
f 407/547/513 404/569/531 405/545/511
f 235/570/235 234/571/234 399/572/532
f 399/572/532 234/571/234 377/573/533
f 399/572/532 377/573/533 411/574/534
f 411/574/534 377/573/533 376/575/535
f 411/574/534 376/575/535 412/576/536
f 412/576/536 376/575/535 375/577/537
f 412/576/536 375/577/537 413/578/538
f 413/578/538 375/577/537 374/579/539
f 413/578/538 374/579/539 414/580/540
f 414/580/540 374/579/539 373/581/541
f 414/580/540 373/581/541 415/582/542
f 415/582/542 373/581/541 372/583/543
f 415/582/542 372/583/543 405/584/544
f 405/584/544 372/583/543 371/585/545
f 405/584/544 404/586/546 415/582/542
f 415/582/542 404/586/546 403/587/547
f 415/582/542 403/587/547 414/580/540
f 414/580/540 403/587/547 402/588/548
f 414/580/540 402/588/548 413/578/538
f 413/578/538 402/588/548 401/589/549
f 413/578/538 401/589/549 412/576/536
f 412/576/536 401/589/549 400/590/550
f 412/576/536 400/590/550 411/574/534
f 411/574/534 400/590/550 399/572/532
f 371/591/545 370/592/551 405/593/544
f 405/593/544 370/592/551 395/594/552
f 395/594/552 370/592/551 418/595/553
f 395/594/552 418/595/553 420/596/554
f 420/596/554 418/595/553 419/597/555
f 370/592/551 416/598/556 418/595/553
f 418/595/553 416/598/556 417/599/557
f 370/600/484 369/601/482 416/602/558
f 416/602/558 369/601/482 422/603/559
f 422/603/559 369/601/482 368/604/481
f 422/603/559 368/604/481 421/605/560
f 421/605/560 368/604/481 367/606/483
f 118/607/149 117/608/148 440/609/561
f 440/609/561 117/608/148 439/610/562
f 439/610/562 117/608/148 441/611/563
f 439/610/562 441/611/563 442/612/564
f 442/612/564 441/611/563 425/613/565
f 442/612/564 425/613/565 426/614/566
f 117/608/148 116/615/137 441/611/563
f 441/611/563 116/615/137 424/616/567
f 441/611/563 424/616/567 425/613/565
f 115/617/139 423/618/568 116/615/137
f 116/615/137 423/618/568 424/616/567
f 442/612/564 426/614/566 443/619/569
f 443/619/569 426/614/566 427/620/570
f 443/619/569 427/620/570 428/621/571
f 443/619/569 428/621/571 444/622/572
f 444/622/572 428/621/571 429/623/573
f 444/622/572 429/623/573 445/624/574
f 445/624/574 429/623/573 431/625/575
f 445/624/574 431/625/575 432/626/576
f 429/623/573 430/627/577 431/625/575
f 433/628/578 434/629/579 432/626/576
f 432/626/576 434/629/579 445/624/574
f 434/629/579 435/630/580 445/624/574
f 445/624/574 435/630/580 444/622/572
f 435/630/580 436/631/581 444/622/572
f 444/622/572 436/631/581 443/619/569
f 436/631/581 437/632/582 443/619/569
f 443/619/569 437/632/582 438/633/583
f 443/619/569 438/633/583 442/612/564
f 442/612/564 438/633/583 439/610/562
f 115/634/139 122/635/157 423/636/584
f 423/636/584 122/635/157 446/637/585
f 423/636/584 446/637/585 453/638/586
f 453/638/586 446/637/585 447/639/587
f 453/638/586 447/639/587 454/640/588
f 454/640/588 447/639/587 448/641/589
f 454/640/588 448/641/589 455/642/590
f 455/642/590 448/641/589 449/643/591
f 455/642/590 449/643/591 456/644/592
f 456/644/592 449/643/591 450/645/593
f 456/644/592 450/645/593 457/646/594
f 457/646/594 450/645/593 451/647/595
f 457/646/594 451/647/595 429/648/596
f 429/648/596 451/647/595 452/649/597
f 429/648/596 428/650/598 457/646/594
f 457/646/594 428/650/598 427/651/599
f 457/646/594 427/651/599 456/644/592
f 456/644/592 427/651/599 426/652/600
f 456/644/592 426/652/600 455/642/590
f 455/642/590 426/652/600 425/653/601
f 455/642/590 425/653/601 454/640/588
f 454/640/588 425/653/601 424/654/602
f 454/640/588 424/654/602 453/638/586
f 453/638/586 424/654/602 423/636/584
f 458/655/603 459/656/604 468/657/605
f 468/657/605 459/656/604 469/658/606
f 468/657/605 469/658/606 470/659/607
f 470/659/607 469/658/606 451/660/608
f 470/659/607 451/660/608 450/661/609
f 459/656/604 460/662/610 469/658/606
f 469/658/606 460/662/610 452/663/611
f 469/658/606 452/663/611 451/660/608
f 460/662/610 461/664/612 452/663/611
f 470/659/607 450/661/609 471/665/613
f 471/665/613 450/661/609 449/666/614
f 471/665/613 449/666/614 448/667/615
f 471/665/613 448/667/615 472/668/616
f 472/668/616 448/667/615 447/669/617
f 472/668/616 447/669/617 473/670/618
f 473/670/618 447/669/617 121/671/156
f 473/670/618 121/671/156 120/672/154
f 447/669/617 446/673/619 121/671/156
f 121/671/156 446/673/619 122/674/157
f 119/675/151 462/676/620 120/672/154
f 120/672/154 462/676/620 463/677/621
f 120/672/154 463/677/621 473/670/618
f 473/670/618 463/677/621 464/678/622
f 473/670/618 464/678/622 472/668/616
f 472/668/616 464/678/622 465/679/623
f 472/668/616 465/679/623 471/665/613
f 471/665/613 465/679/623 466/680/624
f 471/665/613 466/680/624 467/681/625
f 471/665/613 467/681/625 470/659/607
f 470/659/607 467/681/625 468/657/605
f 119/682/151 118/683/149 462/684/626
f 462/684/626 118/683/149 440/685/627
f 462/684/626 440/685/627 474/686/628
f 474/686/628 440/685/627 439/687/629
f 474/686/628 439/687/629 475/688/630
f 475/688/630 439/687/629 438/689/631
f 475/688/630 438/689/631 476/690/632
f 476/690/632 438/689/631 437/691/633
f 476/690/632 437/691/633 477/692/634
f 477/692/634 437/691/633 436/693/635
f 477/692/634 436/693/635 478/694/636
f 478/694/636 436/693/635 435/695/637
f 478/694/636 435/695/637 468/696/638
f 468/696/638 435/695/637 434/697/639
f 468/696/638 467/698/640 478/694/636
f 478/694/636 467/698/640 466/699/641
f 478/694/636 466/699/641 477/692/634
f 477/692/634 466/699/641 465/700/642
f 477/692/634 465/700/642 476/690/632
f 476/690/632 465/700/642 464/701/643
f 476/690/632 464/701/643 475/688/630
f 475/688/630 464/701/643 463/702/644
f 475/688/630 463/702/644 474/686/628
f 474/686/628 463/702/644 462/684/626
f 434/703/639 433/704/645 468/705/638
f 468/705/638 433/704/645 458/706/646
f 458/706/646 433/704/645 481/707/647
f 458/706/646 481/707/647 483/708/648
f 483/708/648 481/707/647 482/709/649
f 433/704/645 479/710/650 481/707/647
f 481/707/647 479/710/650 480/711/651
f 433/712/578 432/713/576 479/714/652
f 479/714/652 432/713/576 485/715/653
f 485/715/653 432/713/576 431/716/575
f 485/715/653 431/716/575 484/717/654
f 484/717/654 431/716/575 430/718/577
f 226/719/145 225/720/250 503/721/655
f 503/721/655 225/720/250 502/722/656
f 502/722/656 225/720/250 504/723/657
f 502/722/656 504/723/657 505/724/658
f 505/724/658 504/723/657 488/725/659
f 505/724/658 488/725/659 489/726/660
f 225/720/250 224/727/252 504/723/657
f 504/723/657 224/727/252 487/728/661
f 504/723/657 487/728/661 488/725/659
f 223/729/253 486/730/662 224/727/252
f 224/727/252 486/730/662 487/728/661
f 505/724/658 489/726/660 506/731/663
f 506/731/663 489/726/660 490/732/664
f 506/731/663 490/732/664 491/733/665
f 506/731/663 491/733/665 507/734/666
f 507/734/666 491/733/665 492/735/667
f 507/734/666 492/735/667 508/736/668
f 508/736/668 492/735/667 494/737/669
f 508/736/668 494/737/669 495/738/670
f 492/735/667 493/739/671 494/737/669
f 496/740/672 497/741/673 495/738/670
f 495/738/670 497/741/673 508/736/668
f 497/741/673 498/742/674 508/736/668
f 508/736/668 498/742/674 507/734/666
f 498/742/674 499/743/675 507/734/666
f 507/734/666 499/743/675 506/731/663
f 499/743/675 500/744/676 506/731/663
f 506/731/663 500/744/676 501/745/677
f 506/731/663 501/745/677 505/724/658
f 505/724/658 501/745/677 502/722/656
f 223/746/253 230/747/255 486/748/678
f 486/748/678 230/747/255 509/749/679
f 486/748/678 509/749/679 516/750/680
f 516/750/680 509/749/679 510/751/681
f 516/750/680 510/751/681 517/752/682
f 517/752/682 510/751/681 511/753/683
f 517/752/682 511/753/683 518/754/684
f 518/754/684 511/753/683 512/755/685
f 518/754/684 512/755/685 519/756/686
f 519/756/686 512/755/685 513/757/687
f 519/756/686 513/757/687 520/758/688
f 520/758/688 513/757/687 514/759/689
f 520/758/688 514/759/689 492/760/690
f 492/760/690 514/759/689 515/761/691
f 492/760/690 491/762/692 520/758/688
f 520/758/688 491/762/692 490/763/693
f 520/758/688 490/763/693 519/756/686
f 519/756/686 490/763/693 489/764/694
f 519/756/686 489/764/694 518/754/684
f 518/754/684 489/764/694 488/765/695
f 518/754/684 488/765/695 517/752/682
f 517/752/682 488/765/695 487/766/696
f 517/752/682 487/766/696 516/750/680
f 516/750/680 487/766/696 486/748/678
f 521/767/697 522/768/698 531/769/699
f 531/769/699 522/768/698 532/770/700
f 531/769/699 532/770/700 533/771/701
f 533/771/701 532/770/700 514/772/702
f 533/771/701 514/772/702 513/773/703
f 522/768/698 523/774/704 532/770/700
f 532/770/700 523/774/704 515/775/705
f 532/770/700 515/775/705 514/772/702
f 523/774/704 524/776/706 515/775/705
f 533/771/701 513/773/703 534/777/707
f 534/777/707 513/773/703 512/778/708
f 534/777/707 512/778/708 511/779/709
f 534/777/707 511/779/709 535/780/710
f 535/780/710 511/779/709 510/781/711
f 535/780/710 510/781/711 536/782/712
f 536/782/712 510/781/711 229/783/257
f 536/782/712 229/783/257 228/784/259
f 510/781/711 509/785/713 229/783/257
f 229/783/257 509/785/713 230/786/255
f 227/787/146 525/788/714 228/784/259
f 228/784/259 525/788/714 526/789/715
f 228/784/259 526/789/715 536/782/712
f 536/782/712 526/789/715 527/790/716
f 536/782/712 527/790/716 535/780/710
f 535/780/710 527/790/716 528/791/717
f 535/780/710 528/791/717 534/777/707
f 534/777/707 528/791/717 529/792/718
f 534/777/707 529/792/718 530/793/719
f 534/777/707 530/793/719 533/771/701
f 533/771/701 530/793/719 531/769/699
f 227/794/146 226/795/145 525/796/720
f 525/796/720 226/795/145 503/797/721
f 525/796/720 503/797/721 537/798/722
f 537/798/722 503/797/721 502/799/723
f 537/798/722 502/799/723 538/800/724
f 538/800/724 502/799/723 501/801/725
f 538/800/724 501/801/725 539/802/726
f 539/802/726 501/801/725 500/803/727
f 539/802/726 500/803/727 540/804/728
f 540/804/728 500/803/727 499/805/729
f 540/804/728 499/805/729 541/806/730
f 541/806/730 499/805/729 498/807/731
f 541/806/730 498/807/731 531/808/732
f 531/808/732 498/807/731 497/809/733
f 531/808/732 530/810/734 541/806/730
f 541/806/730 530/810/734 529/811/735
f 541/806/730 529/811/735 540/804/728
f 540/804/728 529/811/735 528/812/736
f 540/804/728 528/812/736 539/802/726
f 539/802/726 528/812/736 527/813/737
f 539/802/726 527/813/737 538/800/724
f 538/800/724 527/813/737 526/814/738
f 538/800/724 526/814/738 537/798/722
f 537/798/722 526/814/738 525/796/720
f 497/815/733 496/816/739 531/817/732
f 531/817/732 496/816/739 521/818/740
f 521/818/740 496/816/739 544/819/741
f 521/818/740 544/819/741 546/820/742
f 546/820/742 544/819/741 545/821/743
f 496/816/739 542/822/744 544/819/741
f 544/819/741 542/822/744 543/823/745
f 496/824/672 495/825/670 542/826/746
f 542/826/746 495/825/670 548/827/747
f 548/827/747 495/825/670 494/828/669
f 548/827/747 494/828/669 547/829/748
f 547/829/748 494/828/669 493/830/671
f 126/831/181 125/832/180 566/833/749
f 566/833/749 125/832/180 565/834/750
f 565/834/750 125/832/180 567/835/751
f 565/834/750 567/835/751 568/836/752
f 568/836/752 567/835/751 551/837/753
f 568/836/752 551/837/753 552/838/754
f 125/832/180 124/839/158 567/835/751
f 567/835/751 124/839/158 550/840/755
f 567/835/751 550/840/755 551/837/753
f 123/841/160 549/842/756 124/839/158
f 124/839/158 549/842/756 550/840/755
f 568/836/752 552/838/754 569/843/757
f 569/843/757 552/838/754 553/844/758
f 569/843/757 553/844/758 554/845/759
f 569/843/757 554/845/759 570/846/760
f 570/846/760 554/845/759 555/847/761
f 570/846/760 555/847/761 571/848/762
f 571/848/762 555/847/761 557/849/763
f 571/848/762 557/849/763 558/850/764
f 555/847/761 556/851/765 557/849/763
f 559/852/766 560/853/767 558/850/764
f 558/850/764 560/853/767 571/848/762
f 560/853/767 561/854/768 571/848/762
f 571/848/762 561/854/768 570/846/760
f 561/854/768 562/855/769 570/846/760
f 570/846/760 562/855/769 569/843/757
f 562/855/769 563/856/770 569/843/757
f 569/843/757 563/856/770 564/857/771
f 569/843/757 564/857/771 568/836/752
f 568/836/752 564/857/771 565/834/750
f 123/858/160 130/859/189 549/860/772
f 549/860/772 130/859/189 572/861/773
f 549/860/772 572/861/773 579/862/774
f 579/862/774 572/861/773 573/863/775
f 579/862/774 573/863/775 580/864/776
f 580/864/776 573/863/775 574/865/777
f 580/864/776 574/865/777 581/866/778
f 581/866/778 574/865/777 575/867/779
f 581/866/778 575/867/779 582/868/780
f 582/868/780 575/867/779 576/869/781
f 582/868/780 576/869/781 583/870/782
f 583/870/782 576/869/781 577/871/783
f 583/870/782 577/871/783 555/872/784
f 555/872/784 577/871/783 578/873/785
f 555/872/784 554/874/786 583/870/782
f 583/870/782 554/874/786 553/875/787
f 583/870/782 553/875/787 582/868/780
f 582/868/780 553/875/787 552/876/788
f 582/868/780 552/876/788 581/866/778
f 581/866/778 552/876/788 551/877/789
f 581/866/778 551/877/789 580/864/776
f 580/864/776 551/877/789 550/878/790
f 580/864/776 550/878/790 579/862/774
f 579/862/774 550/878/790 549/860/772
f 560/879/791 584/880/792 561/881/793
f 561/881/793 584/880/792 592/882/794
f 561/881/793 592/882/794 562/883/795
f 562/883/795 592/882/794 591/884/796
f 562/883/795 591/884/796 563/885/797
f 563/885/797 591/884/796 593/886/798
f 563/885/797 593/886/798 564/887/799
f 564/887/799 593/886/798 594/888/800
f 564/887/799 594/888/800 565/889/801
f 565/889/801 594/888/800 595/890/802
f 565/889/801 595/890/802 566/891/803
f 566/891/803 595/890/802 590/892/804
f 566/891/803 590/892/804 126/893/181
f 126/893/181 590/892/804 127/894/183
f 584/880/792 585/895/805 592/882/794
f 592/882/794 585/895/805 586/896/806
f 592/882/794 586/896/806 591/884/796
f 591/884/796 586/896/806 587/897/807
f 591/884/796 587/897/807 593/886/798
f 593/886/798 587/897/807 588/898/808
f 593/886/798 588/898/808 594/888/800
f 594/888/800 588/898/808 589/899/809
f 594/888/800 589/899/809 595/890/802
f 595/890/802 589/899/809 590/892/804
f 130/900/189 129/901/188 572/902/810
f 572/902/810 129/901/188 573/903/811
f 573/903/811 129/901/188 600/904/812
f 573/903/811 600/904/812 601/905/813
f 601/905/813 600/904/812 588/906/814
f 601/905/813 588/906/814 587/907/815
f 129/901/188 128/908/186 600/904/812
f 600/904/812 128/908/186 589/909/816
f 600/904/812 589/909/816 588/906/814
f 127/910/183 590/911/817 128/908/186
f 128/908/186 590/911/817 589/909/816
f 601/905/813 587/907/815 602/912/818
f 602/912/818 587/907/815 586/913/819
f 602/912/818 586/913/819 585/914/820
f 602/912/818 585/914/820 603/915/821
f 603/915/821 585/914/820 584/916/822
f 603/915/821 584/916/822 604/917/823
f 604/917/823 584/916/822 597/918/824
f 604/917/823 597/918/824 598/919/825
f 584/916/822 596/920/826 597/918/824
f 599/921/827 578/922/828 598/919/825
f 598/919/825 578/922/828 604/917/823
f 578/922/828 577/923/829 604/917/823
f 604/917/823 577/923/829 603/915/821
f 577/923/829 576/924/830 603/915/821
f 603/915/821 576/924/830 602/912/818
f 576/924/830 575/925/831 602/912/818
f 602/912/818 575/925/831 574/926/832
f 602/912/818 574/926/832 601/905/813
f 601/905/813 574/926/832 573/903/811
f 560/927/791 559/928/833 584/929/792
f 584/929/792 559/928/833 596/930/834
f 596/930/834 559/928/833 607/931/835
f 596/930/834 607/931/835 609/932/836
f 609/932/836 607/931/835 608/933/837
f 559/928/833 605/934/838 607/931/835
f 607/931/835 605/934/838 606/935/839
f 559/936/766 558/937/764 605/938/840
f 605/938/840 558/937/764 611/939/841
f 611/939/841 558/937/764 557/940/763
f 611/939/841 557/940/763 610/941/842
f 610/941/842 557/940/763 556/942/765
f 218/943/168 217/944/169 629/945/843
f 629/945/843 217/944/169 628/946/844
f 628/946/844 217/944/169 630/947/845
f 628/946/844 630/947/845 631/948/846
f 631/948/846 630/947/845 614/949/847
f 631/948/846 614/949/847 615/950/848
f 217/944/169 216/951/171 630/947/845
f 630/947/845 216/951/171 613/952/849
f 630/947/845 613/952/849 614/949/847
f 215/953/172 612/954/850 216/951/171
f 216/951/171 612/954/850 613/952/849
f 631/948/846 615/950/848 632/955/851
f 632/955/851 615/950/848 616/956/852
f 632/955/851 616/956/852 617/957/853
f 632/955/851 617/957/853 633/958/854
f 633/958/854 617/957/853 618/959/855
f 633/958/854 618/959/855 634/960/856
f 634/960/856 618/959/855 620/961/857
f 634/960/856 620/961/857 621/962/858
f 618/959/855 619/963/859 620/961/857
f 622/964/860 623/965/861 621/962/858
f 621/962/858 623/965/861 634/960/856
f 623/965/861 624/966/862 634/960/856
f 634/960/856 624/966/862 633/958/854
f 624/966/862 625/967/863 633/958/854
f 633/958/854 625/967/863 632/955/851
f 625/967/863 626/968/864 632/955/851
f 632/955/851 626/968/864 627/969/865
f 632/955/851 627/969/865 631/948/846
f 631/948/846 627/969/865 628/946/844
f 215/970/172 222/971/174 612/972/866
f 612/972/866 222/971/174 635/973/867
f 612/972/866 635/973/867 642/974/868
f 642/974/868 635/973/867 636/975/869
f 642/974/868 636/975/869 643/976/870
f 643/976/870 636/975/869 637/977/871
f 643/976/870 637/977/871 644/978/872
f 644/978/872 637/977/871 638/979/873
f 644/978/872 638/979/873 645/980/874
f 645/980/874 638/979/873 639/981/875
f 645/980/874 639/981/875 646/982/876
f 646/982/876 639/981/875 640/983/877
f 646/982/876 640/983/877 618/984/878
f 618/984/878 640/983/877 641/985/879
f 618/984/878 617/986/880 646/982/876
f 646/982/876 617/986/880 616/987/881
f 646/982/876 616/987/881 645/980/874
f 645/980/874 616/987/881 615/988/882
f 645/980/874 615/988/882 644/978/872
f 644/978/872 615/988/882 614/989/883
f 644/978/872 614/989/883 643/976/870
f 643/976/870 614/989/883 613/990/884
f 643/976/870 613/990/884 642/974/868
f 642/974/868 613/990/884 612/972/866
f 647/991/885 648/992/886 657/993/887
f 657/993/887 648/992/886 658/994/888
f 657/993/887 658/994/888 659/995/889
f 659/995/889 658/994/888 640/996/890
f 659/995/889 640/996/890 639/997/891
f 648/992/886 649/998/892 658/994/888
f 658/994/888 649/998/892 641/999/893
f 658/994/888 641/999/893 640/996/890
f 649/998/892 650/1000/894 641/999/893
f 659/995/889 639/997/891 660/1001/895
f 660/1001/895 639/997/891 638/1002/896
f 660/1001/895 638/1002/896 637/1003/897
f 660/1001/895 637/1003/897 661/1004/898
f 661/1004/898 637/1003/897 636/1005/899
f 661/1004/898 636/1005/899 662/1006/900
f 662/1006/900 636/1005/899 221/1007/176
f 662/1006/900 221/1007/176 220/1008/178
f 636/1005/899 635/1009/901 221/1007/176
f 221/1007/176 635/1009/901 222/1010/174
f 219/1011/167 651/1012/902 220/1008/178
f 220/1008/178 651/1012/902 652/1013/903
f 220/1008/178 652/1013/903 662/1006/900
f 662/1006/900 652/1013/903 653/1014/904
f 662/1006/900 653/1014/904 661/1004/898
f 661/1004/898 653/1014/904 654/1015/905
f 661/1004/898 654/1015/905 660/1001/895
f 660/1001/895 654/1015/905 655/1016/906
f 660/1001/895 655/1016/906 656/1017/907
f 660/1001/895 656/1017/907 659/995/889
f 659/995/889 656/1017/907 657/993/887
f 219/1018/167 218/1019/168 651/1020/908
f 651/1020/908 218/1019/168 629/1021/909
f 651/1020/908 629/1021/909 663/1022/910
f 663/1022/910 629/1021/909 628/1023/911
f 663/1022/910 628/1023/911 664/1024/912
f 664/1024/912 628/1023/911 627/1025/913
f 664/1024/912 627/1025/913 665/1026/914
f 665/1026/914 627/1025/913 626/1027/915
f 665/1026/914 626/1027/915 666/1028/916
f 666/1028/916 626/1027/915 625/1029/917
f 666/1028/916 625/1029/917 667/1030/918
f 667/1030/918 625/1029/917 624/1031/919
f 667/1030/918 624/1031/919 657/1032/920
f 657/1032/920 624/1031/919 623/1033/921
f 657/1032/920 656/1034/922 667/1030/918
f 667/1030/918 656/1034/922 655/1035/923
f 667/1030/918 655/1035/923 666/1028/916
f 666/1028/916 655/1035/923 654/1036/924
f 666/1028/916 654/1036/924 665/1026/914
f 665/1026/914 654/1036/924 653/1037/925
f 665/1026/914 653/1037/925 664/1024/912
f 664/1024/912 653/1037/925 652/1038/926
f 664/1024/912 652/1038/926 663/1022/910
f 663/1022/910 652/1038/926 651/1020/908
f 623/1039/921 622/1040/927 657/1041/920
f 657/1041/920 622/1040/927 647/1042/928
f 647/1042/928 622/1040/927 670/1043/929
f 647/1042/928 670/1043/929 672/1044/930
f 672/1044/930 670/1043/929 671/1045/931
f 622/1040/927 668/1046/932 670/1043/929
f 670/1043/929 668/1046/932 669/1047/933
f 622/1048/860 621/1049/858 668/1050/934
f 668/1050/934 621/1049/858 674/1051/935
f 674/1051/935 621/1049/858 620/1052/857
f 674/1051/935 620/1052/857 673/1053/936
f 673/1053/936 620/1052/857 619/1054/859
f 143/1055/220 142/1056/219 692/1057/937
f 692/1057/937 142/1056/219 691/1058/938
f 691/1058/938 142/1056/219 693/1059/939
f 691/1058/938 693/1059/939 694/1060/940
f 694/1060/940 693/1059/939 677/1061/941
f 694/1060/940 677/1061/941 678/1062/942
f 142/1056/219 141/1063/217 693/1059/939
f 693/1059/939 141/1063/217 676/1064/943
f 693/1059/939 676/1064/943 677/1061/941
f 140/1065/204 675/1066/944 141/1063/217
f 141/1063/217 675/1066/944 676/1064/943
f 694/1060/940 678/1062/942 695/1067/945
f 695/1067/945 678/1062/942 679/1068/946
f 695/1067/945 679/1068/946 680/1069/947
f 695/1067/945 680/1069/947 696/1070/948
f 696/1070/948 680/1069/947 681/1071/949
f 696/1070/948 681/1071/949 697/1072/950
f 697/1072/950 681/1071/949 683/1073/951
f 697/1072/950 683/1073/951 684/1074/952
f 681/1071/949 682/1075/953 683/1073/951
f 685/1076/954 686/1077/955 684/1074/952
f 684/1074/952 686/1077/955 697/1072/950
f 686/1077/955 687/1078/956 697/1072/950
f 697/1072/950 687/1078/956 696/1070/948
f 687/1078/956 688/1079/957 696/1070/948
f 696/1070/948 688/1079/957 695/1067/945
f 688/1079/957 689/1080/958 695/1067/945
f 695/1067/945 689/1080/958 690/1081/959
f 695/1067/945 690/1081/959 694/1060/940
f 694/1060/940 690/1081/959 691/1058/938
f 144/1082/211 143/1083/220 704/1084/960
f 704/1084/960 143/1083/220 692/1085/961
f 704/1084/960 692/1085/961 705/1086/962
f 705/1086/962 692/1085/961 691/1087/963
f 705/1086/962 691/1087/963 706/1088/964
f 706/1088/964 691/1087/963 690/1089/965
f 706/1088/964 690/1089/965 707/1090/966
f 707/1090/966 690/1089/965 689/1091/967
f 707/1090/966 689/1091/967 708/1092/968
f 708/1092/968 689/1091/967 688/1093/969
f 708/1092/968 688/1093/969 709/1094/970
f 709/1094/970 688/1093/969 687/1095/971
f 709/1094/970 687/1095/971 698/1096/972
f 698/1096/972 687/1095/971 686/1097/973
f 698/1096/972 699/1098/974 709/1094/970
f 709/1094/970 699/1098/974 700/1099/975
f 709/1094/970 700/1099/975 708/1092/968
f 708/1092/968 700/1099/975 701/1100/976
f 708/1092/968 701/1100/976 707/1090/966
f 707/1090/966 701/1100/976 702/1101/977
f 707/1090/966 702/1101/977 706/1088/964
f 706/1088/964 702/1101/977 703/1102/978
f 706/1088/964 703/1102/978 705/1086/962
f 705/1086/962 703/1102/978 704/1084/960
f 710/1103/979 711/1104/980 698/1105/981
f 698/1105/981 711/1104/980 721/1106/982
f 698/1105/981 721/1106/982 722/1107/983
f 722/1107/983 721/1106/982 715/1108/984
f 722/1107/983 715/1108/984 716/1109/985
f 711/1104/980 712/1110/986 721/1106/982
f 721/1106/982 712/1110/986 714/1111/987
f 721/1106/982 714/1111/987 715/1108/984
f 712/1110/986 713/1112/988 714/1111/987
f 722/1107/983 716/1109/985 723/1113/989
f 723/1113/989 716/1109/985 717/1114/990
f 723/1113/989 717/1114/990 718/1115/991
f 723/1113/989 718/1115/991 724/1116/992
f 724/1116/992 718/1115/991 719/1117/993
f 724/1116/992 719/1117/993 725/1118/994
f 725/1118/994 719/1117/993 720/1119/995
f 725/1118/994 720/1119/995 146/1120/208
f 146/1120/208 720/1119/995 139/1121/206
f 146/1120/208 145/1122/209 725/1118/994
f 725/1118/994 145/1122/209 703/1123/996
f 725/1118/994 703/1123/996 702/1124/997
f 144/1125/211 704/1126/998 145/1122/209
f 145/1122/209 704/1126/998 703/1123/996
f 725/1118/994 702/1124/997 724/1116/992
f 724/1116/992 702/1124/997 701/1127/999
f 724/1116/992 701/1127/999 723/1113/989
f 723/1113/989 701/1127/999 700/1128/1000
f 723/1113/989 700/1128/1000 699/1129/1001
f 723/1113/989 699/1129/1001 722/1107/983
f 722/1107/983 699/1129/1001 698/1105/981
f 726/1130/1002 727/1131/1003 743/1132/1004
f 743/1132/1004 727/1131/1003 744/1133/1005
f 743/1132/1004 744/1133/1005 745/1134/1006
f 745/1134/1006 744/1133/1005 731/1135/1007
f 745/1134/1006 731/1135/1007 732/1136/1008
f 727/1131/1003 728/1137/1009 744/1133/1005
f 744/1133/1005 728/1137/1009 730/1138/1010
f 744/1133/1005 730/1138/1010 731/1135/1007
f 728/1137/1009 729/1139/1011 730/1138/1010
f 745/1134/1006 732/1136/1008 746/1140/1012
f 746/1140/1012 732/1136/1008 733/1141/1013
f 746/1140/1012 733/1141/1013 734/1142/1014
f 746/1140/1012 734/1142/1014 747/1143/1015
f 747/1143/1015 734/1142/1014 735/1144/1016
f 747/1143/1015 735/1144/1016 748/1145/1017
f 748/1145/1017 735/1144/1016 736/1146/1018
f 748/1145/1017 736/1146/1018 138/1147/194
f 138/1147/194 736/1146/1018 131/1148/192
f 138/1147/194 137/1149/196 748/1145/1017
f 748/1145/1017 137/1149/196 738/1150/1019
f 748/1145/1017 738/1150/1019 739/1151/1020
f 136/1152/197 737/1153/1021 137/1149/196
f 137/1149/196 737/1153/1021 738/1150/1019
f 748/1145/1017 739/1151/1020 747/1143/1015
f 747/1143/1015 739/1151/1020 740/1154/1022
f 747/1143/1015 740/1154/1022 746/1140/1012
f 746/1140/1012 740/1154/1022 741/1155/1023
f 746/1140/1012 741/1155/1023 742/1156/1024
f 746/1140/1012 742/1156/1024 745/1134/1006
f 745/1134/1006 742/1156/1024 743/1132/1004
f 136/1157/197 135/1158/199 737/1159/1025
f 737/1159/1025 135/1158/199 749/1160/1026
f 737/1159/1025 749/1160/1026 756/1161/1027
f 756/1161/1027 749/1160/1026 750/1162/1028
f 756/1161/1027 750/1162/1028 757/1163/1029
f 757/1163/1029 750/1162/1028 751/1164/1030
f 757/1163/1029 751/1164/1030 758/1165/1031
f 758/1165/1031 751/1164/1030 752/1166/1032
f 758/1165/1031 752/1166/1032 759/1167/1033
f 759/1167/1033 752/1166/1032 753/1168/1034
f 759/1167/1033 753/1168/1034 760/1169/1035
f 760/1169/1035 753/1168/1034 754/1170/1036
f 760/1169/1035 754/1170/1036 743/1171/1037
f 743/1171/1037 754/1170/1036 755/1172/1038
f 743/1171/1037 742/1173/1039 760/1169/1035
f 760/1169/1035 742/1173/1039 741/1174/1040
f 760/1169/1035 741/1174/1040 759/1167/1033
f 759/1167/1033 741/1174/1040 740/1175/1041
f 759/1167/1033 740/1175/1041 758/1165/1031
f 758/1165/1031 740/1175/1041 739/1176/1042
f 758/1165/1031 739/1176/1042 757/1163/1029
f 757/1163/1029 739/1176/1042 738/1177/1043
f 757/1163/1029 738/1177/1043 756/1161/1027
f 756/1161/1027 738/1177/1043 737/1159/1025
f 135/1178/199 134/1179/201 749/1180/1044
f 749/1180/1044 134/1179/201 750/1181/1045
f 750/1181/1045 134/1179/201 772/1182/1046
f 750/1181/1045 772/1182/1046 773/1183/1047
f 773/1183/1047 772/1182/1046 763/1184/1048
f 773/1183/1047 763/1184/1048 764/1185/1049
f 134/1179/201 133/1186/203 772/1182/1046
f 772/1182/1046 133/1186/203 762/1187/1050
f 772/1182/1046 762/1187/1050 763/1184/1048
f 132/1188/190 761/1189/1051 133/1186/203
f 133/1186/203 761/1189/1051 762/1187/1050
f 773/1183/1047 764/1185/1049 774/1190/1052
f 774/1190/1052 764/1185/1049 765/1191/1053
f 774/1190/1052 765/1191/1053 766/1192/1054
f 774/1190/1052 766/1192/1054 775/1193/1055
f 775/1193/1055 766/1192/1054 767/1194/1056
f 775/1193/1055 767/1194/1056 776/1195/1057
f 776/1195/1057 767/1194/1056 769/1196/1058
f 776/1195/1057 769/1196/1058 770/1197/1059
f 767/1194/1056 768/1198/1060 769/1196/1058
f 771/1199/1061 755/1200/1062 770/1197/1059
f 770/1197/1059 755/1200/1062 776/1195/1057
f 755/1200/1062 754/1201/1063 776/1195/1057
f 776/1195/1057 754/1201/1063 775/1193/1055
f 754/1201/1063 753/1202/1064 775/1193/1055
f 775/1193/1055 753/1202/1064 774/1190/1052
f 753/1202/1064 752/1203/1065 774/1190/1052
f 774/1190/1052 752/1203/1065 751/1204/1066
f 774/1190/1052 751/1204/1066 773/1183/1047
f 773/1183/1047 751/1204/1066 750/1181/1045
f 729/1205/1011 728/1206/1009 779/1207/1067
f 779/1207/1067 728/1206/1009 778/1208/1068
f 778/1208/1068 728/1206/1009 727/1209/1003
f 778/1208/1068 727/1209/1003 777/1210/1069
f 777/1210/1069 727/1209/1003 726/1211/1002
f 743/1212/1037 755/1213/1038 726/1214/1070
f 726/1214/1070 755/1213/1038 771/1215/1071
f 726/1214/1070 771/1215/1071 782/1216/1072
f 782/1216/1072 771/1215/1071 780/1217/1073
f 782/1216/1072 780/1217/1073 781/1218/1074
f 783/1219/1075 777/1220/1076 782/1216/1072
f 782/1216/1072 777/1220/1076 726/1214/1070
f 771/1221/1061 770/1222/1059 780/1223/1077
f 780/1223/1077 770/1222/1059 785/1224/1078
f 785/1224/1078 770/1222/1059 769/1225/1058
f 785/1224/1078 769/1225/1058 784/1226/1079
f 784/1226/1079 769/1225/1058 768/1227/1060
f 786/1228/1080 787/1229/1081 807/1230/1082
f 807/1230/1082 787/1229/1081 806/1231/1083
f 806/1231/1083 787/1229/1081 808/1232/1084
f 806/1231/1083 808/1232/1084 809/1233/1085
f 809/1233/1085 808/1232/1084 792/1234/1086
f 809/1233/1085 792/1234/1086 793/1235/1087
f 787/1229/1081 788/1236/1088 808/1232/1084
f 808/1232/1084 788/1236/1088 791/1237/1089
f 808/1232/1084 791/1237/1089 792/1234/1086
f 789/1238/1090 790/1239/1091 788/1236/1088
f 788/1236/1088 790/1239/1091 791/1237/1089
f 809/1233/1085 793/1235/1087 810/1240/1092
f 810/1240/1092 793/1235/1087 794/1241/1093
f 810/1240/1092 794/1241/1093 795/1242/1094
f 810/1240/1092 795/1242/1094 811/1243/1095
f 811/1243/1095 795/1242/1094 796/1244/1096
f 811/1243/1095 796/1244/1096 812/1245/1097
f 812/1245/1097 796/1244/1096 798/1246/1098
f 812/1245/1097 798/1246/1098 799/1247/1099
f 796/1244/1096 797/1248/1100 798/1246/1098
f 800/1249/1101 801/1250/1102 799/1247/1099
f 799/1247/1099 801/1250/1102 812/1245/1097
f 801/1250/1102 802/1251/1103 812/1245/1097
f 812/1245/1097 802/1251/1103 811/1243/1095
f 802/1251/1103 803/1252/1104 811/1243/1095
f 811/1243/1095 803/1252/1104 810/1240/1092
f 803/1252/1104 804/1253/1105 810/1240/1092
f 810/1240/1092 804/1253/1105 805/1254/1106
f 810/1240/1092 805/1254/1106 809/1233/1085
f 809/1233/1085 805/1254/1106 806/1231/1083
f 813/1255/1107 796/1256/1108 820/1257/1109
f 820/1257/1109 796/1256/1108 822/1258/1110
f 820/1257/1109 822/1258/1110 819/1259/1111
f 819/1259/1111 822/1258/1110 821/1260/1112
f 819/1259/1111 821/1260/1112 818/1261/1113
f 818/1261/1113 821/1260/1112 823/1262/1114
f 818/1261/1113 823/1262/1114 817/1263/1115
f 817/1263/1115 823/1262/1114 824/1264/1116
f 817/1263/1115 824/1264/1116 816/1265/1117
f 816/1265/1117 824/1264/1116 825/1266/1118
f 816/1265/1117 825/1266/1118 815/1267/1119
f 815/1267/1119 825/1266/1118 790/1268/1120
f 815/1267/1119 790/1268/1120 814/1269/1121
f 814/1269/1121 790/1268/1120 789/1270/1090
f 796/1256/1108 795/1271/1122 822/1258/1110
f 822/1258/1110 795/1271/1122 794/1272/1123
f 822/1258/1110 794/1272/1123 821/1260/1112
f 821/1260/1112 794/1272/1123 793/1273/1124
f 821/1260/1112 793/1273/1124 823/1262/1114
f 823/1262/1114 793/1273/1124 792/1274/1125
f 823/1262/1114 792/1274/1125 824/1264/1116
f 824/1264/1116 792/1274/1125 791/1275/1126
f 824/1264/1116 791/1275/1126 825/1266/1118
f 825/1266/1118 791/1275/1126 790/1268/1120
f 826/1276/1127 786/1277/1080 833/1278/1128
f 833/1278/1128 786/1277/1080 807/1279/1129
f 833/1278/1128 807/1279/1129 834/1280/1130
f 834/1280/1130 807/1279/1129 806/1281/1131
f 834/1280/1130 806/1281/1131 835/1282/1132
f 835/1282/1132 806/1281/1131 805/1283/1133
f 835/1282/1132 805/1283/1133 836/1284/1134
f 836/1284/1134 805/1283/1133 804/1285/1135
f 836/1284/1134 804/1285/1135 837/1286/1136
f 837/1286/1136 804/1285/1135 803/1287/1137
f 837/1286/1136 803/1287/1137 838/1288/1138
f 838/1288/1138 803/1287/1137 802/1289/1139
f 838/1288/1138 802/1289/1139 827/1290/1140
f 827/1290/1140 802/1289/1139 801/1291/1141
f 827/1290/1140 828/1292/1142 838/1288/1138
f 838/1288/1138 828/1292/1142 829/1293/1143
f 838/1288/1138 829/1293/1143 837/1286/1136
f 837/1286/1136 829/1293/1143 830/1294/1144
f 837/1286/1136 830/1294/1144 836/1284/1134
f 836/1284/1134 830/1294/1144 831/1295/1145
f 836/1284/1134 831/1295/1145 835/1282/1132
f 835/1282/1132 831/1295/1145 832/1296/1146
f 835/1282/1132 832/1296/1146 834/1280/1130
f 834/1280/1130 832/1296/1146 833/1278/1128
f 814/1297/1121 839/1298/1147 815/1299/1148
f 815/1299/1148 839/1298/1147 816/1300/1149
f 816/1300/1149 839/1298/1147 845/1301/1150
f 816/1300/1149 845/1301/1150 846/1302/1151
f 846/1302/1151 845/1301/1150 831/1303/1152
f 846/1302/1151 831/1303/1152 830/1304/1153
f 839/1298/1147 840/1305/1154 845/1301/1150
f 845/1301/1150 840/1305/1154 832/1306/1155
f 845/1301/1150 832/1306/1155 831/1303/1152
f 826/1307/1127 833/1308/1156 840/1305/1154
f 840/1305/1154 833/1308/1156 832/1306/1155
f 846/1302/1151 830/1304/1153 847/1309/1157
f 847/1309/1157 830/1304/1153 829/1310/1158
f 847/1309/1157 829/1310/1158 828/1311/1159
f 847/1309/1157 828/1311/1159 848/1312/1160
f 848/1312/1160 828/1311/1159 827/1313/1161
f 848/1312/1160 827/1313/1161 849/1314/1162
f 849/1314/1162 827/1313/1161 842/1315/1163
f 849/1314/1162 842/1315/1163 843/1316/1164
f 827/1313/1161 841/1317/1165 842/1315/1163
f 844/1318/1166 813/1319/1167 843/1316/1164
f 843/1316/1164 813/1319/1167 849/1314/1162
f 813/1319/1167 820/1320/1168 849/1314/1162
f 849/1314/1162 820/1320/1168 848/1312/1160
f 820/1320/1168 819/1321/1169 848/1312/1160
f 848/1312/1160 819/1321/1169 847/1309/1157
f 819/1321/1169 818/1322/1170 847/1309/1157
f 847/1309/1157 818/1322/1170 817/1323/1171
f 847/1309/1157 817/1323/1171 846/1302/1151
f 846/1302/1151 817/1323/1171 816/1300/1149
f 801/1324/1141 800/1325/1172 827/1326/1140
f 827/1326/1140 800/1325/1172 841/1327/1173
f 841/1327/1173 800/1325/1172 852/1328/1174
f 841/1327/1173 852/1328/1174 854/1329/1175
f 854/1329/1175 852/1328/1174 853/1330/1176
f 800/1325/1172 850/1331/1177 852/1328/1174
f 852/1328/1174 850/1331/1177 851/1332/1178
f 800/1333/1101 799/1334/1099 850/1335/1179
f 850/1335/1179 799/1334/1099 856/1336/1180
f 856/1336/1180 799/1334/1099 798/1337/1098
f 856/1336/1180 798/1337/1098 855/1338/1181
f 855/1338/1181 798/1337/1098 797/1339/1100
f 858/1340/1182 905/1341/1183 857/1342/1184
f 857/1342/1184 905/1341/1183 906/1343/1185
f 857/1342/1184 906/1343/1185 864/1344/1186
f 864/1344/1186 906/1343/1185 935/1345/1187
f 864/1344/1186 935/1345/1187 936/1346/1188
f 858/1340/1182 859/1347/1189 905/1341/1183
f 905/1341/1183 859/1347/1189 904/1348/1190
f 904/1348/1190 859/1347/1189 860/1349/1191
f 904/1348/1190 860/1349/1191 903/1350/1192
f 903/1350/1192 860/1349/1191 861/1351/1193
f 903/1350/1192 861/1351/1193 938/1352/1194
f 938/1352/1194 861/1351/1193 937/1353/1195
f 937/1353/1195 861/1351/1193 862/1354/1196
f 937/1353/1195 862/1354/1196 936/1346/1188
f 936/1346/1188 862/1354/1196 863/1355/1197
f 936/1346/1188 863/1355/1197 864/1344/1186
f 866/1356/1198 897/1357/1199 865/1358/1200
f 865/1358/1200 897/1357/1199 944/1359/1201
f 865/1358/1200 944/1359/1201 945/1360/1202
f 897/1357/1199 866/1356/1198 896/1361/1203
f 896/1361/1203 866/1356/1198 867/1362/1204
f 896/1361/1203 867/1362/1204 868/1363/1205
f 896/1361/1203 868/1363/1205 895/1364/1206
f 895/1364/1206 868/1363/1205 869/1365/1207
f 895/1364/1206 869/1365/1207 894/1366/1208
f 894/1366/1208 869/1365/1207 870/1367/1209
f 894/1366/1208 870/1367/1209 947/1368/1210
f 947/1368/1210 870/1367/1209 946/1369/1211
f 946/1369/1211 870/1367/1209 871/1370/1212
f 946/1369/1211 871/1370/1212 945/1360/1202
f 945/1360/1202 871/1370/1212 872/1371/1213
f 945/1360/1202 872/1371/1213 865/1358/1200
f 874/1372/1214 923/1373/1215 873/1374/1216
f 873/1374/1216 923/1373/1215 924/1375/1217
f 873/1374/1216 924/1375/1217 880/1376/1218
f 880/1376/1218 924/1375/1217 953/1377/1219
f 880/1376/1218 953/1377/1219 954/1378/1220
f 874/1372/1214 875/1379/1221 923/1373/1215
f 923/1373/1215 875/1379/1221 922/1380/1222
f 922/1380/1222 875/1379/1221 876/1381/1223
f 922/1380/1222 876/1381/1223 921/1382/1224
f 921/1382/1224 876/1381/1223 877/1383/1225
f 921/1382/1224 877/1383/1225 956/1384/1226
f 956/1384/1226 877/1383/1225 955/1385/1227
f 955/1385/1227 877/1383/1225 878/1386/1228
f 955/1385/1227 878/1386/1228 954/1378/1220
f 954/1378/1220 878/1386/1228 879/1387/1229
f 954/1378/1220 879/1387/1229 880/1376/1218
f 882/1388/1230 915/1389/1231 881/1390/1232
f 881/1390/1232 915/1389/1231 926/1391/1233
f 881/1390/1232 926/1391/1233 927/1392/1234
f 915/1389/1231 882/1388/1230 914/1393/1235
f 914/1393/1235 882/1388/1230 883/1394/1236
f 914/1393/1235 883/1394/1236 884/1395/1237
f 914/1393/1235 884/1395/1237 913/1396/1238
f 913/1396/1238 884/1395/1237 885/1397/1239
f 913/1396/1238 885/1397/1239 912/1398/1240
f 912/1398/1240 885/1397/1239 886/1399/1241
f 912/1398/1240 886/1399/1241 929/1400/1242
f 929/1400/1242 886/1399/1241 928/1401/1243
f 928/1401/1243 886/1399/1241 887/1402/1244
f 928/1401/1243 887/1402/1244 927/1392/1234
f 927/1392/1234 887/1402/1244 888/1403/1245
f 927/1392/1234 888/1403/1245 881/1390/1232
f 890/1404/1246 951/1405/1247 889/1406/1248
f 889/1406/1248 951/1405/1247 952/1407/1249
f 889/1408/1248 952/1409/1249 924/1375/1217
f 924/1375/1217 952/1409/1249 953/1377/1219
f 891/1410/1250 973/1411/1251 890/1404/1246
f 890/1404/1246 973/1411/1251 974/1412/1252
f 890/1404/1246 974/1412/1252 951/1405/1247
f 951/1405/1247 974/1412/1252 950/1413/1253
f 950/1413/1253 974/1412/1252 975/1414/1254
f 950/1413/1253 975/1414/1254 976/1415/1255
f 892/1416/1256 971/1417/1257 891/1410/1250
f 891/1410/1250 971/1417/1257 972/1418/1258
f 891/1410/1250 972/1418/1258 973/1411/1251
f 971/1417/1257 892/1416/1256 970/1419/1259
f 970/1419/1259 892/1416/1256 893/1420/1260
f 970/1419/1259 893/1420/1260 969/1421/1261
f 969/1421/1261 893/1420/1260 948/1422/1262
f 969/1421/1261 948/1422/1262 949/1423/1263
f 948/1422/1262 893/1420/1260 947/1368/1210
f 947/1368/1210 893/1420/1260 894/1366/1208
f 944/1359/1201 897/1357/1199 943/1424/1264
f 943/1424/1264 897/1357/1199 898/1425/1265
f 943/1424/1264 898/1425/1265 942/1426/1266
f 942/1426/1266 898/1425/1265 899/1427/1267
f 942/1426/1266 899/1427/1267 982/1428/1268
f 982/1428/1268 899/1427/1267 981/1429/1269
f 981/1429/1269 899/1427/1267 900/1430/1270
f 981/1429/1269 900/1430/1270 980/1431/1271
f 980/1431/1271 900/1430/1270 979/1432/1272
f 979/1432/1272 900/1430/1270 901/1433/1273
f 979/1432/1272 901/1433/1273 978/1434/1274
f 978/1434/1274 901/1433/1273 902/1435/1275
f 978/1434/1274 902/1435/1275 977/1436/1276
f 977/1436/1276 902/1435/1275 939/1437/1277
f 977/1436/1276 939/1437/1277 940/1438/1278
f 939/1437/1277 902/1435/1275 938/1352/1194
f 938/1352/1194 902/1435/1275 903/1350/1192
f 935/1345/1187 906/1343/1185 934/1439/1279
f 934/1439/1279 906/1343/1185 907/1440/1280
f 934/1439/1279 907/1440/1280 933/1441/1281
f 933/1441/1281 907/1440/1280 908/1442/1282
f 933/1441/1281 908/1442/1282 826/1443/1127
f 826/1443/1127 908/1442/1282 786/1444/1080
f 786/1444/1080 908/1442/1282 909/1445/1283
f 786/1444/1080 909/1445/1283 787/1446/1081
f 787/1446/1081 909/1445/1283 788/1447/1088
f 788/1447/1088 909/1445/1283 910/1448/1284
f 788/1447/1088 910/1448/1284 789/1449/1090
f 789/1449/1090 910/1448/1284 911/1450/1285
f 789/1449/1090 911/1450/1285 814/1451/1121
f 814/1451/1121 911/1450/1285 930/1452/1286
f 814/1451/1121 930/1452/1286 931/1453/1287
f 930/1452/1286 911/1450/1285 929/1400/1242
f 929/1400/1242 911/1450/1285 912/1398/1240
f 926/1391/1233 915/1389/1231 925/1454/1288
f 925/1454/1288 915/1389/1231 916/1455/1289
f 925/1454/1288 916/1455/1289 960/1456/1290
f 960/1456/1290 916/1455/1289 917/1457/1291
f 960/1456/1290 917/1457/1291 966/1458/1292
f 966/1458/1292 917/1457/1291 965/1459/1293
f 965/1459/1293 917/1457/1291 918/1460/1294
f 965/1459/1293 918/1460/1294 964/1461/1295
f 964/1461/1295 918/1460/1294 963/1462/1296
f 963/1462/1296 918/1460/1294 919/1463/1297
f 963/1462/1296 919/1463/1297 962/1464/1298
f 962/1464/1298 919/1463/1297 920/1465/1299
f 962/1464/1298 920/1465/1299 961/1466/1300
f 961/1466/1300 920/1465/1299 957/1467/1301
f 961/1466/1300 957/1467/1301 958/1468/1302
f 957/1467/1301 920/1465/1299 956/1384/1226
f 956/1384/1226 920/1465/1299 921/1382/1224
f 814/1451/1121 931/1453/1287 839/1469/1147
f 839/1469/1147 931/1453/1287 932/1470/1303
f 839/1469/1147 932/1470/1303 840/1471/1154
f 840/1471/1154 932/1470/1303 826/1443/1127
f 826/1443/1127 932/1470/1303 933/1441/1281
f 977/1436/1276 940/1438/1278 984/1472/1304
f 984/1472/1304 940/1438/1278 941/1473/1305
f 984/1472/1304 941/1473/1305 983/1474/1306
f 983/1474/1306 941/1473/1305 982/1428/1268
f 982/1428/1268 941/1473/1305 942/1426/1266
f 969/1421/1261 949/1423/1263 976/1415/1255
f 976/1415/1255 949/1423/1263 950/1413/1253
f 961/1466/1300 958/1468/1302 968/1475/1307
f 968/1475/1307 958/1468/1302 959/1476/1308
f 968/1475/1307 959/1476/1308 967/1477/1309
f 967/1477/1309 959/1476/1308 966/1458/1292
f 966/1458/1292 959/1476/1308 960/1456/1290
f 860/1478/1191 859/1479/1189 1002/1480/1310
f 1002/1480/1310 859/1479/1189 1001/1481/1311
f 1001/1481/1311 859/1479/1189 1003/1482/1312
f 1001/1481/1311 1003/1482/1312 1004/1483/1313
f 1004/1483/1313 1003/1482/1312 987/1484/1314
f 1004/1483/1313 987/1484/1314 988/1485/1315
f 859/1479/1189 858/1486/1182 1003/1482/1312
f 1003/1482/1312 858/1486/1182 986/1487/1316
f 1003/1482/1312 986/1487/1316 987/1484/1314
f 857/1488/1184 985/1489/1317 858/1486/1182
f 858/1486/1182 985/1489/1317 986/1487/1316
f 1004/1483/1313 988/1485/1315 1005/1490/1318
f 1005/1490/1318 988/1485/1315 989/1491/1319
f 1005/1490/1318 989/1491/1319 990/1492/1320
f 1005/1490/1318 990/1492/1320 1006/1493/1321
f 1006/1493/1321 990/1492/1320 991/1494/1322
f 1006/1493/1321 991/1494/1322 1007/1495/1323
f 1007/1495/1323 991/1494/1322 993/1496/1324
f 1007/1495/1323 993/1496/1324 994/1497/1325
f 991/1494/1322 992/1498/1326 993/1496/1324
f 995/1499/1327 996/1500/1328 994/1497/1325
f 994/1497/1325 996/1500/1328 1007/1495/1323
f 996/1500/1328 997/1501/1329 1007/1495/1323
f 1007/1495/1323 997/1501/1329 1006/1493/1321
f 997/1501/1329 998/1502/1330 1006/1493/1321
f 1006/1493/1321 998/1502/1330 1005/1490/1318
f 998/1502/1330 999/1503/1331 1005/1490/1318
f 1005/1490/1318 999/1503/1331 1000/1504/1332
f 1005/1490/1318 1000/1504/1332 1004/1483/1313
f 1004/1483/1313 1000/1504/1332 1001/1481/1311
f 857/1505/1184 864/1506/1186 985/1507/1333
f 985/1507/1333 864/1506/1186 1008/1508/1334
f 985/1507/1333 1008/1508/1334 1015/1509/1335
f 1015/1509/1335 1008/1508/1334 1009/1510/1336
f 1015/1509/1335 1009/1510/1336 1016/1511/1337
f 1016/1511/1337 1009/1510/1336 1010/1512/1338
f 1016/1511/1337 1010/1512/1338 1017/1513/1339
f 1017/1513/1339 1010/1512/1338 1011/1514/1340
f 1017/1513/1339 1011/1514/1340 1018/1515/1341
f 1018/1515/1341 1011/1514/1340 1012/1516/1342
f 1018/1515/1341 1012/1516/1342 1019/1517/1343
f 1019/1517/1343 1012/1516/1342 1013/1518/1344
f 1019/1517/1343 1013/1518/1344 991/1519/1345
f 991/1519/1345 1013/1518/1344 1014/1520/1346
f 991/1519/1345 990/1521/1347 1019/1517/1343
f 1019/1517/1343 990/1521/1347 989/1522/1348
f 1019/1517/1343 989/1522/1348 1018/1515/1341
f 1018/1515/1341 989/1522/1348 988/1523/1349
f 1018/1515/1341 988/1523/1349 1017/1513/1339
f 1017/1513/1339 988/1523/1349 987/1524/1350
f 1017/1513/1339 987/1524/1350 1016/1511/1337
f 1016/1511/1337 987/1524/1350 986/1525/1351
f 1016/1511/1337 986/1525/1351 1015/1509/1335
f 1015/1509/1335 986/1525/1351 985/1507/1333
f 1020/1526/1352 1021/1527/1353 1030/1528/1354
f 1030/1528/1354 1021/1527/1353 1031/1529/1355
f 1030/1528/1354 1031/1529/1355 1032/1530/1356
f 1032/1530/1356 1031/1529/1355 1013/1531/1357
f 1032/1530/1356 1013/1531/1357 1012/1532/1358
f 1021/1527/1353 1022/1533/1359 1031/1529/1355
f 1031/1529/1355 1022/1533/1359 1014/1534/1360
f 1031/1529/1355 1014/1534/1360 1013/1531/1357
f 1022/1533/1359 1023/1535/1361 1014/1534/1360
f 1032/1530/1356 1012/1532/1358 1033/1536/1362
f 1033/1536/1362 1012/1532/1358 1011/1537/1363
f 1033/1536/1362 1011/1537/1363 1010/1538/1364
f 1033/1536/1362 1010/1538/1364 1034/1539/1365
f 1034/1539/1365 1010/1538/1364 1009/1540/1366
f 1034/1539/1365 1009/1540/1366 1035/1541/1367
f 1035/1541/1367 1009/1540/1366 863/1542/1197
f 1035/1541/1367 863/1542/1197 862/1543/1196
f 1009/1540/1366 1008/1544/1368 863/1542/1197
f 863/1542/1197 1008/1544/1368 864/1545/1186
f 861/1546/1193 1024/1547/1369 862/1543/1196
f 862/1543/1196 1024/1547/1369 1025/1548/1370
f 862/1543/1196 1025/1548/1370 1035/1541/1367
f 1035/1541/1367 1025/1548/1370 1026/1549/1371
f 1035/1541/1367 1026/1549/1371 1034/1539/1365
f 1034/1539/1365 1026/1549/1371 1027/1550/1372
f 1034/1539/1365 1027/1550/1372 1033/1536/1362
f 1033/1536/1362 1027/1550/1372 1028/1551/1373
f 1033/1536/1362 1028/1551/1373 1029/1552/1374
f 1033/1536/1362 1029/1552/1374 1032/1530/1356
f 1032/1530/1356 1029/1552/1374 1030/1528/1354
f 861/1553/1193 860/1554/1191 1024/1555/1375
f 1024/1555/1375 860/1554/1191 1002/1556/1376
f 1024/1555/1375 1002/1556/1376 1036/1557/1377
f 1036/1557/1377 1002/1556/1376 1001/1558/1378
f 1036/1557/1377 1001/1558/1378 1037/1559/1379
f 1037/1559/1379 1001/1558/1378 1000/1560/1380
f 1037/1559/1379 1000/1560/1380 1038/1561/1381
f 1038/1561/1381 1000/1560/1380 999/1562/1382
f 1038/1561/1381 999/1562/1382 1039/1563/1383
f 1039/1563/1383 999/1562/1382 998/1564/1384
f 1039/1563/1383 998/1564/1384 1040/1565/1385
f 1040/1565/1385 998/1564/1384 997/1566/1386
f 1040/1565/1385 997/1566/1386 1030/1567/1387
f 1030/1567/1387 997/1566/1386 996/1568/1388
f 1030/1567/1387 1029/1569/1389 1040/1565/1385
f 1040/1565/1385 1029/1569/1389 1028/1570/1390
f 1040/1565/1385 1028/1570/1390 1039/1563/1383
f 1039/1563/1383 1028/1570/1390 1027/1571/1391
f 1039/1563/1383 1027/1571/1391 1038/1561/1381
f 1038/1561/1381 1027/1571/1391 1026/1572/1392
f 1038/1561/1381 1026/1572/1392 1037/1559/1379
f 1037/1559/1379 1026/1572/1392 1025/1573/1393
f 1037/1559/1379 1025/1573/1393 1036/1557/1377
f 1036/1557/1377 1025/1573/1393 1024/1555/1375
f 996/1574/1388 995/1575/1394 1030/1576/1387
f 1030/1576/1387 995/1575/1394 1020/1577/1395
f 1020/1577/1395 995/1575/1394 1043/1578/1396
f 1020/1577/1395 1043/1578/1396 1045/1579/1397
f 1045/1579/1397 1043/1578/1396 1044/1580/1398
f 995/1575/1394 1041/1581/1399 1043/1578/1396
f 1043/1578/1396 1041/1581/1399 1042/1582/1400
f 995/1583/1327 994/1584/1325 1041/1585/1401
f 1041/1585/1401 994/1584/1325 1047/1586/1402
f 1047/1586/1402 994/1584/1325 993/1587/1324
f 1047/1586/1402 993/1587/1324 1046/1588/1403
f 1046/1588/1403 993/1587/1324 992/1589/1326
f 978/1590/1274 977/1591/1276 1061/1592/1404
f 1061/1592/1404 977/1591/1276 1048/1593/1405
f 1061/1592/1404 1048/1593/1405 1062/1594/1406
f 1062/1594/1406 1048/1593/1405 1049/1595/1407
f 1062/1594/1406 1049/1595/1407 1063/1596/1408
f 1063/1596/1408 1049/1595/1407 1050/1597/1409
f 1063/1596/1408 1050/1597/1409 1064/1598/1410
f 1064/1598/1410 1050/1597/1409 1051/1599/1411
f 1064/1598/1410 1051/1599/1411 1065/1600/1412
f 1065/1600/1412 1051/1599/1411 1052/1601/1413
f 1065/1600/1412 1052/1601/1413 1066/1602/1414
f 1066/1602/1414 1052/1601/1413 1053/1603/1415
f 1066/1602/1414 1053/1603/1415 1055/1604/1416
f 1055/1604/1416 1053/1603/1415 1054/1605/1417
f 1055/1604/1416 1056/1606/1418 1066/1602/1414
f 1066/1602/1414 1056/1606/1418 1057/1607/1419
f 1066/1602/1414 1057/1607/1419 1065/1600/1412
f 1065/1600/1412 1057/1607/1419 1058/1608/1420
f 1065/1600/1412 1058/1608/1420 1064/1598/1410
f 1064/1598/1410 1058/1608/1420 1059/1609/1421
f 1064/1598/1410 1059/1609/1421 1063/1596/1408
f 1063/1596/1408 1059/1609/1421 1060/1610/1422
f 1063/1596/1408 1060/1610/1422 1062/1594/1406
f 1062/1594/1406 1060/1610/1422 1061/1592/1404
f 1067/1611/1423 1068/1612/1424 1055/1613/1425
f 1055/1613/1425 1068/1612/1424 1078/1614/1426
f 1055/1613/1425 1078/1614/1426 1079/1615/1427
f 1079/1615/1427 1078/1614/1426 1072/1616/1428
f 1079/1615/1427 1072/1616/1428 1073/1617/1429
f 1068/1612/1424 1069/1618/1430 1078/1614/1426
f 1078/1614/1426 1069/1618/1430 1071/1619/1431
f 1078/1614/1426 1071/1619/1431 1072/1616/1428
f 1069/1618/1430 1070/1620/1432 1071/1619/1431
f 1079/1615/1427 1073/1617/1429 1080/1621/1433
f 1080/1621/1433 1073/1617/1429 1074/1622/1434
f 1080/1621/1433 1074/1622/1434 1075/1623/1435
f 1080/1621/1433 1075/1623/1435 1081/1624/1436
f 1081/1624/1436 1075/1623/1435 1076/1625/1437
f 1081/1624/1436 1076/1625/1437 1082/1626/1438
f 1082/1626/1438 1076/1625/1437 980/1627/1271
f 1082/1626/1438 980/1627/1271 979/1628/1272
f 1076/1625/1437 1077/1629/1439 980/1627/1271
f 980/1627/1271 1077/1629/1439 981/1630/1269
f 978/1631/1274 1061/1632/1440 979/1628/1272
f 979/1628/1272 1061/1632/1440 1060/1633/1441
f 979/1628/1272 1060/1633/1441 1082/1626/1438
f 1082/1626/1438 1060/1633/1441 1059/1634/1442
f 1082/1626/1438 1059/1634/1442 1081/1624/1436
f 1081/1624/1436 1059/1634/1442 1058/1635/1443
f 1081/1624/1436 1058/1635/1443 1080/1621/1433
f 1080/1621/1433 1058/1635/1443 1057/1636/1444
f 1080/1621/1433 1057/1636/1444 1056/1637/1445
f 1080/1621/1433 1056/1637/1445 1079/1615/1427
f 1079/1615/1427 1056/1637/1445 1055/1613/1425
f 982/1638/1268 981/1639/1269 1089/1640/1446
f 1089/1640/1446 981/1639/1269 1077/1641/1447
f 1089/1640/1446 1077/1641/1447 1090/1642/1448
f 1090/1642/1448 1077/1641/1447 1076/1643/1449
f 1090/1642/1448 1076/1643/1449 1091/1644/1450
f 1091/1644/1450 1076/1643/1449 1075/1645/1451
f 1091/1644/1450 1075/1645/1451 1092/1646/1452
f 1092/1646/1452 1075/1645/1451 1074/1647/1453
f 1092/1646/1452 1074/1647/1453 1093/1648/1454
f 1093/1648/1454 1074/1647/1453 1073/1649/1455
f 1093/1648/1454 1073/1649/1455 1094/1650/1456
f 1094/1650/1456 1073/1649/1455 1072/1651/1457
f 1094/1650/1456 1072/1651/1457 1083/1652/1458
f 1083/1652/1458 1072/1651/1457 1071/1653/1459
f 1083/1652/1458 1084/1654/1460 1094/1650/1456
f 1094/1650/1456 1084/1654/1460 1085/1655/1461
f 1094/1650/1456 1085/1655/1461 1093/1648/1454
f 1093/1648/1454 1085/1655/1461 1086/1656/1462
f 1093/1648/1454 1086/1656/1462 1092/1646/1452
f 1092/1646/1452 1086/1656/1462 1087/1657/1463
f 1092/1646/1452 1087/1657/1463 1091/1644/1450
f 1091/1644/1450 1087/1657/1463 1088/1658/1464
f 1091/1644/1450 1088/1658/1464 1090/1642/1448
f 1090/1642/1448 1088/1658/1464 1089/1640/1446
f 977/1659/1276 984/1660/1304 1048/1661/1465
f 1048/1661/1465 984/1660/1304 1049/1662/1466
f 1049/1662/1466 984/1660/1304 1099/1663/1467
f 1049/1662/1466 1099/1663/1467 1100/1664/1468
f 1100/1664/1468 1099/1663/1467 1087/1665/1469
f 1100/1664/1468 1087/1665/1469 1086/1666/1470
f 984/1660/1304 983/1667/1306 1099/1663/1467
f 1099/1663/1467 983/1667/1306 1088/1668/1471
f 1099/1663/1467 1088/1668/1471 1087/1665/1469
f 982/1669/1268 1089/1670/1472 983/1667/1306
f 983/1667/1306 1089/1670/1472 1088/1668/1471
f 1100/1664/1468 1086/1666/1470 1101/1671/1473
f 1101/1671/1473 1086/1666/1470 1085/1672/1474
f 1101/1671/1473 1085/1672/1474 1084/1673/1475
f 1101/1671/1473 1084/1673/1475 1102/1674/1476
f 1102/1674/1476 1084/1673/1475 1083/1675/1477
f 1102/1674/1476 1083/1675/1477 1103/1676/1478
f 1103/1676/1478 1083/1675/1477 1096/1677/1479
f 1103/1676/1478 1096/1677/1479 1097/1678/1480
f 1083/1675/1477 1095/1679/1481 1096/1677/1479
f 1098/1680/1482 1054/1681/1483 1097/1678/1480
f 1097/1678/1480 1054/1681/1483 1103/1676/1478
f 1054/1681/1483 1053/1682/1484 1103/1676/1478
f 1103/1676/1478 1053/1682/1484 1102/1674/1476
f 1053/1682/1484 1052/1683/1485 1102/1674/1476
f 1102/1674/1476 1052/1683/1485 1101/1671/1473
f 1052/1683/1485 1051/1684/1486 1101/1671/1473
f 1101/1671/1473 1051/1684/1486 1050/1685/1487
f 1101/1671/1473 1050/1685/1487 1100/1664/1468
f 1100/1664/1468 1050/1685/1487 1049/1662/1466
f 1098/1686/1482 1097/1687/1480 1106/1688/1488
f 1106/1688/1488 1097/1687/1480 1105/1689/1489
f 1105/1689/1489 1097/1687/1480 1096/1690/1479
f 1105/1689/1489 1096/1690/1479 1104/1691/1490
f 1104/1691/1490 1096/1690/1479 1095/1692/1481
f 1071/1693/1459 1070/1694/1491 1083/1695/1458
f 1083/1695/1458 1070/1694/1491 1095/1696/1492
f 1095/1696/1492 1070/1694/1491 1109/1697/1493
f 1095/1696/1492 1109/1697/1493 1104/1698/1494
f 1104/1698/1494 1109/1697/1493 1110/1699/1495
f 1070/1694/1491 1107/1700/1496 1109/1697/1493
f 1109/1697/1493 1107/1700/1496 1108/1701/1497
f 866/1702/1198 865/1703/1200 1124/1704/1498
f 1124/1704/1498 865/1703/1200 1111/1705/1499
f 1124/1704/1498 1111/1705/1499 1125/1706/1500
f 1125/1706/1500 1111/1705/1499 1112/1707/1501
f 1125/1706/1500 1112/1707/1501 1126/1708/1502
f 1126/1708/1502 1112/1707/1501 1113/1709/1503
f 1126/1708/1502 1113/1709/1503 1127/1710/1504
f 1127/1710/1504 1113/1709/1503 1114/1711/1505
f 1127/1710/1504 1114/1711/1505 1128/1712/1506
f 1128/1712/1506 1114/1711/1505 1115/1713/1507
f 1128/1712/1506 1115/1713/1507 1129/1714/1508
f 1129/1714/1508 1115/1713/1507 1116/1715/1509
f 1129/1714/1508 1116/1715/1509 1118/1716/1510
f 1118/1716/1510 1116/1715/1509 1117/1717/1511
f 1118/1716/1510 1119/1718/1512 1129/1714/1508
f 1129/1714/1508 1119/1718/1512 1120/1719/1513
f 1129/1714/1508 1120/1719/1513 1128/1712/1506
f 1128/1712/1506 1120/1719/1513 1121/1720/1514
f 1128/1712/1506 1121/1720/1514 1127/1710/1504
f 1127/1710/1504 1121/1720/1514 1122/1721/1515
f 1127/1710/1504 1122/1721/1515 1126/1708/1502
f 1126/1708/1502 1122/1721/1515 1123/1722/1516
f 1126/1708/1502 1123/1722/1516 1125/1706/1500
f 1125/1706/1500 1123/1722/1516 1124/1704/1498
f 1130/1723/1517 1131/1724/1518 1118/1725/1519
f 1118/1725/1519 1131/1724/1518 1141/1726/1520
f 1118/1725/1519 1141/1726/1520 1142/1727/1521
f 1142/1727/1521 1141/1726/1520 1135/1728/1522
f 1142/1727/1521 1135/1728/1522 1136/1729/1523
f 1131/1724/1518 1132/1730/1524 1141/1726/1520
f 1141/1726/1520 1132/1730/1524 1134/1731/1525
f 1141/1726/1520 1134/1731/1525 1135/1728/1522
f 1132/1730/1524 1133/1732/1526 1134/1731/1525
f 1142/1727/1521 1136/1729/1523 1143/1733/1527
f 1143/1733/1527 1136/1729/1523 1137/1734/1528
f 1143/1733/1527 1137/1734/1528 1138/1735/1529
f 1143/1733/1527 1138/1735/1529 1144/1736/1530
f 1144/1736/1530 1138/1735/1529 1139/1737/1531
f 1144/1736/1530 1139/1737/1531 1145/1738/1532
f 1145/1738/1532 1139/1737/1531 868/1739/1205
f 1145/1738/1532 868/1739/1205 867/1740/1204
f 1139/1737/1531 1140/1741/1533 868/1739/1205
f 868/1739/1205 1140/1741/1533 869/1742/1207
f 866/1743/1198 1124/1744/1534 867/1740/1204
f 867/1740/1204 1124/1744/1534 1123/1745/1535
f 867/1740/1204 1123/1745/1535 1145/1738/1532
f 1145/1738/1532 1123/1745/1535 1122/1746/1536
f 1145/1738/1532 1122/1746/1536 1144/1736/1530
f 1144/1736/1530 1122/1746/1536 1121/1747/1537
f 1144/1736/1530 1121/1747/1537 1143/1733/1527
f 1143/1733/1527 1121/1747/1537 1120/1748/1538
f 1143/1733/1527 1120/1748/1538 1119/1749/1539
f 1143/1733/1527 1119/1749/1539 1142/1727/1521
f 1142/1727/1521 1119/1749/1539 1118/1725/1519
f 870/1750/1209 869/1751/1207 1152/1752/1540
f 1152/1752/1540 869/1751/1207 1140/1753/1541
f 1152/1752/1540 1140/1753/1541 1153/1754/1542
f 1153/1754/1542 1140/1753/1541 1139/1755/1543
f 1153/1754/1542 1139/1755/1543 1154/1756/1544
f 1154/1756/1544 1139/1755/1543 1138/1757/1545
f 1154/1756/1544 1138/1757/1545 1155/1758/1546
f 1155/1758/1546 1138/1757/1545 1137/1759/1547
f 1155/1758/1546 1137/1759/1547 1156/1760/1548
f 1156/1760/1548 1137/1759/1547 1136/1761/1549
f 1156/1760/1548 1136/1761/1549 1157/1762/1550
f 1157/1762/1550 1136/1761/1549 1135/1763/1551
f 1157/1762/1550 1135/1763/1551 1146/1764/1552
f 1146/1764/1552 1135/1763/1551 1134/1765/1553
f 1146/1764/1552 1147/1766/1554 1157/1762/1550
f 1157/1762/1550 1147/1766/1554 1148/1767/1555
f 1157/1762/1550 1148/1767/1555 1156/1760/1548
f 1156/1760/1548 1148/1767/1555 1149/1768/1556
f 1156/1760/1548 1149/1768/1556 1155/1758/1546
f 1155/1758/1546 1149/1768/1556 1150/1769/1557
f 1155/1758/1546 1150/1769/1557 1154/1756/1544
f 1154/1756/1544 1150/1769/1557 1151/1770/1558
f 1154/1756/1544 1151/1770/1558 1153/1754/1542
f 1153/1754/1542 1151/1770/1558 1152/1752/1540
f 865/1771/1200 872/1772/1213 1111/1773/1559
f 1111/1773/1559 872/1772/1213 1112/1774/1560
f 1112/1774/1560 872/1772/1213 1162/1775/1561
f 1112/1774/1560 1162/1775/1561 1163/1776/1562
f 1163/1776/1562 1162/1775/1561 1150/1777/1563
f 1163/1776/1562 1150/1777/1563 1149/1778/1564
f 872/1772/1213 871/1779/1212 1162/1775/1561
f 1162/1775/1561 871/1779/1212 1151/1780/1565
f 1162/1775/1561 1151/1780/1565 1150/1777/1563
f 870/1781/1209 1152/1782/1566 871/1779/1212
f 871/1779/1212 1152/1782/1566 1151/1780/1565
f 1163/1776/1562 1149/1778/1564 1164/1783/1567
f 1164/1783/1567 1149/1778/1564 1148/1784/1568
f 1164/1783/1567 1148/1784/1568 1147/1785/1569
f 1164/1783/1567 1147/1785/1569 1165/1786/1570
f 1165/1786/1570 1147/1785/1569 1146/1787/1571
f 1165/1786/1570 1146/1787/1571 1166/1788/1572
f 1166/1788/1572 1146/1787/1571 1159/1789/1573
f 1166/1788/1572 1159/1789/1573 1160/1790/1574
f 1146/1787/1571 1158/1791/1575 1159/1789/1573
f 1161/1792/1576 1117/1793/1577 1160/1790/1574
f 1160/1790/1574 1117/1793/1577 1166/1788/1572
f 1117/1793/1577 1116/1794/1578 1166/1788/1572
f 1166/1788/1572 1116/1794/1578 1165/1786/1570
f 1116/1794/1578 1115/1795/1579 1165/1786/1570
f 1165/1786/1570 1115/1795/1579 1164/1783/1567
f 1115/1795/1579 1114/1796/1580 1164/1783/1567
f 1164/1783/1567 1114/1796/1580 1113/1797/1581
f 1164/1783/1567 1113/1797/1581 1163/1776/1562
f 1163/1776/1562 1113/1797/1581 1112/1774/1560
f 1161/1798/1576 1160/1799/1574 1169/1800/1582
f 1169/1800/1582 1160/1799/1574 1168/1801/1583
f 1168/1801/1583 1160/1799/1574 1159/1802/1573
f 1168/1801/1583 1159/1802/1573 1167/1803/1584
f 1167/1803/1584 1159/1802/1573 1158/1804/1575
f 1134/1805/1553 1133/1806/1585 1146/1807/1552
f 1146/1807/1552 1133/1806/1585 1158/1808/1586
f 1158/1808/1586 1133/1806/1585 1172/1809/1587
f 1158/1808/1586 1172/1809/1587 1167/1810/1588
f 1167/1810/1588 1172/1809/1587 1173/1811/1589
f 1133/1806/1585 1170/1812/1590 1172/1809/1587
f 1172/1809/1587 1170/1812/1590 1171/1813/1591
f 970/1814/1259 969/1815/1261 1187/1816/1592
f 1187/1816/1592 969/1815/1261 1174/1817/1593
f 1187/1816/1592 1174/1817/1593 1188/1818/1594
f 1188/1818/1594 1174/1817/1593 1175/1819/1595
f 1188/1818/1594 1175/1819/1595 1189/1820/1596
f 1189/1820/1596 1175/1819/1595 1176/1821/1597
f 1189/1820/1596 1176/1821/1597 1190/1822/1598
f 1190/1822/1598 1176/1821/1597 1177/1823/1599
f 1190/1822/1598 1177/1823/1599 1191/1824/1600
f 1191/1824/1600 1177/1823/1599 1178/1825/1601
f 1191/1824/1600 1178/1825/1601 1192/1826/1602
f 1192/1826/1602 1178/1825/1601 1179/1827/1603
f 1192/1826/1602 1179/1827/1603 1181/1828/1604
f 1181/1828/1604 1179/1827/1603 1180/1829/1605
f 1181/1828/1604 1182/1830/1606 1192/1826/1602
f 1192/1826/1602 1182/1830/1606 1183/1831/1607
f 1192/1826/1602 1183/1831/1607 1191/1824/1600
f 1191/1824/1600 1183/1831/1607 1184/1832/1608
f 1191/1824/1600 1184/1832/1608 1190/1822/1598
f 1190/1822/1598 1184/1832/1608 1185/1833/1609
f 1190/1822/1598 1185/1833/1609 1189/1820/1596
f 1189/1820/1596 1185/1833/1609 1186/1834/1610
f 1189/1820/1596 1186/1834/1610 1188/1818/1594
f 1188/1818/1594 1186/1834/1610 1187/1816/1592
f 1193/1835/1611 1194/1836/1612 1181/1837/1613
f 1181/1837/1613 1194/1836/1612 1204/1838/1614
f 1181/1837/1613 1204/1838/1614 1205/1839/1615
f 1205/1839/1615 1204/1838/1614 1198/1840/1616
f 1205/1839/1615 1198/1840/1616 1199/1841/1617
f 1194/1836/1612 1195/1842/1618 1204/1838/1614
f 1204/1838/1614 1195/1842/1618 1197/1843/1619
f 1204/1838/1614 1197/1843/1619 1198/1840/1616
f 1195/1842/1618 1196/1844/1620 1197/1843/1619
f 1205/1839/1615 1199/1841/1617 1206/1845/1621
f 1206/1845/1621 1199/1841/1617 1200/1846/1622
f 1206/1845/1621 1200/1846/1622 1201/1847/1623
f 1206/1845/1621 1201/1847/1623 1207/1848/1624
f 1207/1848/1624 1201/1847/1623 1202/1849/1625
f 1207/1848/1624 1202/1849/1625 1208/1850/1626
f 1208/1850/1626 1202/1849/1625 972/1851/1258
f 1208/1850/1626 972/1851/1258 971/1852/1257
f 1202/1849/1625 1203/1853/1627 972/1851/1258
f 972/1851/1258 1203/1853/1627 973/1854/1251
f 970/1855/1259 1187/1856/1628 971/1852/1257
f 971/1852/1257 1187/1856/1628 1186/1857/1629
f 971/1852/1257 1186/1857/1629 1208/1850/1626
f 1208/1850/1626 1186/1857/1629 1185/1858/1630
f 1208/1850/1626 1185/1858/1630 1207/1848/1624
f 1207/1848/1624 1185/1858/1630 1184/1859/1631
f 1207/1848/1624 1184/1859/1631 1206/1845/1621
f 1206/1845/1621 1184/1859/1631 1183/1860/1632
f 1206/1845/1621 1183/1860/1632 1182/1861/1633
f 1206/1845/1621 1182/1861/1633 1205/1839/1615
f 1205/1839/1615 1182/1861/1633 1181/1837/1613
f 974/1862/1252 973/1863/1251 1215/1864/1634
f 1215/1864/1634 973/1863/1251 1203/1865/1635
f 1215/1864/1634 1203/1865/1635 1216/1866/1636
f 1216/1866/1636 1203/1865/1635 1202/1867/1637
f 1216/1866/1636 1202/1867/1637 1217/1868/1638
f 1217/1868/1638 1202/1867/1637 1201/1869/1639
f 1217/1868/1638 1201/1869/1639 1218/1870/1640
f 1218/1870/1640 1201/1869/1639 1200/1871/1641
f 1218/1870/1640 1200/1871/1641 1219/1872/1642
f 1219/1872/1642 1200/1871/1641 1199/1873/1643
f 1219/1872/1642 1199/1873/1643 1220/1874/1644
f 1220/1874/1644 1199/1873/1643 1198/1875/1645
f 1220/1874/1644 1198/1875/1645 1209/1876/1646
f 1209/1876/1646 1198/1875/1645 1197/1877/1647
f 1209/1876/1646 1210/1878/1648 1220/1874/1644
f 1220/1874/1644 1210/1878/1648 1211/1879/1649
f 1220/1874/1644 1211/1879/1649 1219/1872/1642
f 1219/1872/1642 1211/1879/1649 1212/1880/1650
f 1219/1872/1642 1212/1880/1650 1218/1870/1640
f 1218/1870/1640 1212/1880/1650 1213/1881/1651
f 1218/1870/1640 1213/1881/1651 1217/1868/1638
f 1217/1868/1638 1213/1881/1651 1214/1882/1652
f 1217/1868/1638 1214/1882/1652 1216/1866/1636
f 1216/1866/1636 1214/1882/1652 1215/1864/1634
f 969/1883/1261 976/1884/1255 1174/1885/1653
f 1174/1885/1653 976/1884/1255 1175/1886/1654
f 1175/1886/1654 976/1884/1255 1225/1887/1655
f 1175/1886/1654 1225/1887/1655 1226/1888/1656
f 1226/1888/1656 1225/1887/1655 1213/1889/1657
f 1226/1888/1656 1213/1889/1657 1212/1890/1658
f 976/1884/1255 975/1891/1254 1225/1887/1655
f 1225/1887/1655 975/1891/1254 1214/1892/1659
f 1225/1887/1655 1214/1892/1659 1213/1889/1657
f 974/1893/1252 1215/1894/1660 975/1891/1254
f 975/1891/1254 1215/1894/1660 1214/1892/1659
f 1226/1888/1656 1212/1890/1658 1227/1895/1661
f 1227/1895/1661 1212/1890/1658 1211/1896/1662
f 1227/1895/1661 1211/1896/1662 1210/1897/1663
f 1227/1895/1661 1210/1897/1663 1228/1898/1664
f 1228/1898/1664 1210/1897/1663 1209/1899/1665
f 1228/1898/1664 1209/1899/1665 1229/1900/1666
f 1229/1900/1666 1209/1899/1665 1222/1901/1667
f 1229/1900/1666 1222/1901/1667 1223/1902/1668
f 1209/1899/1665 1221/1903/1669 1222/1901/1667
f 1224/1904/1670 1180/1905/1671 1223/1902/1668
f 1223/1902/1668 1180/1905/1671 1229/1900/1666
f 1180/1905/1671 1179/1906/1672 1229/1900/1666
f 1229/1900/1666 1179/1906/1672 1228/1898/1664
f 1179/1906/1672 1178/1907/1673 1228/1898/1664
f 1228/1898/1664 1178/1907/1673 1227/1895/1661
f 1178/1907/1673 1177/1908/1674 1227/1895/1661
f 1227/1895/1661 1177/1908/1674 1176/1909/1675
f 1227/1895/1661 1176/1909/1675 1226/1888/1656
f 1226/1888/1656 1176/1909/1675 1175/1886/1654
f 1224/1910/1670 1223/1911/1668 1232/1912/1676
f 1232/1912/1676 1223/1911/1668 1231/1913/1677
f 1231/1913/1677 1223/1911/1668 1222/1914/1667
f 1231/1913/1677 1222/1914/1667 1230/1915/1678
f 1230/1915/1678 1222/1914/1667 1221/1916/1669
f 1197/1917/1647 1196/1918/1679 1209/1919/1646
f 1209/1919/1646 1196/1918/1679 1221/1920/1680
f 1221/1920/1680 1196/1918/1679 1235/1921/1681
f 1221/1920/1680 1235/1921/1681 1230/1922/1682
f 1230/1922/1682 1235/1921/1681 1236/1923/1683
f 1196/1918/1679 1233/1924/1684 1235/1921/1681
f 1235/1921/1681 1233/1924/1684 1234/1925/1685
f 876/1926/1223 875/1927/1221 1254/1928/1686
f 1254/1928/1686 875/1927/1221 1253/1929/1687
f 1253/1929/1687 875/1927/1221 1255/1930/1688
f 1253/1929/1687 1255/1930/1688 1256/1931/1689
f 1256/1931/1689 1255/1930/1688 1239/1932/1690
f 1256/1931/1689 1239/1932/1690 1240/1933/1691
f 875/1927/1221 874/1934/1214 1255/1930/1688
f 1255/1930/1688 874/1934/1214 1238/1935/1692
f 1255/1930/1688 1238/1935/1692 1239/1932/1690
f 873/1936/1216 1237/1937/1693 874/1934/1214
f 874/1934/1214 1237/1937/1693 1238/1935/1692
f 1256/1931/1689 1240/1933/1691 1257/1938/1694
f 1257/1938/1694 1240/1933/1691 1241/1939/1695
f 1257/1938/1694 1241/1939/1695 1242/1940/1696
f 1257/1938/1694 1242/1940/1696 1258/1941/1697
f 1258/1941/1697 1242/1940/1696 1243/1942/1698
f 1258/1941/1697 1243/1942/1698 1259/1943/1699
f 1259/1943/1699 1243/1942/1698 1245/1944/1700
f 1259/1943/1699 1245/1944/1700 1246/1945/1701
f 1243/1942/1698 1244/1946/1702 1245/1944/1700
f 1247/1947/1703 1248/1948/1704 1246/1945/1701
f 1246/1945/1701 1248/1948/1704 1259/1943/1699
f 1248/1948/1704 1249/1949/1705 1259/1943/1699
f 1259/1943/1699 1249/1949/1705 1258/1941/1697
f 1249/1949/1705 1250/1950/1706 1258/1941/1697
f 1258/1941/1697 1250/1950/1706 1257/1938/1694
f 1250/1950/1706 1251/1951/1707 1257/1938/1694
f 1257/1938/1694 1251/1951/1707 1252/1952/1708
f 1257/1938/1694 1252/1952/1708 1256/1931/1689
f 1256/1931/1689 1252/1952/1708 1253/1929/1687
f 873/1953/1216 880/1954/1218 1237/1955/1709
f 1237/1955/1709 880/1954/1218 1260/1956/1710
f 1237/1955/1709 1260/1956/1710 1267/1957/1711
f 1267/1957/1711 1260/1956/1710 1261/1958/1712
f 1267/1957/1711 1261/1958/1712 1268/1959/1713
f 1268/1959/1713 1261/1958/1712 1262/1960/1714
f 1268/1959/1713 1262/1960/1714 1269/1961/1715
f 1269/1961/1715 1262/1960/1714 1263/1962/1716
f 1269/1961/1715 1263/1962/1716 1270/1963/1717
f 1270/1963/1717 1263/1962/1716 1264/1964/1718
f 1270/1963/1717 1264/1964/1718 1271/1965/1719
f 1271/1965/1719 1264/1964/1718 1265/1966/1720
f 1271/1965/1719 1265/1966/1720 1243/1967/1721
f 1243/1967/1721 1265/1966/1720 1266/1968/1722
f 1243/1967/1721 1242/1969/1723 1271/1965/1719
f 1271/1965/1719 1242/1969/1723 1241/1970/1724
f 1271/1965/1719 1241/1970/1724 1270/1963/1717
f 1270/1963/1717 1241/1970/1724 1240/1971/1725
f 1270/1963/1717 1240/1971/1725 1269/1961/1715
f 1269/1961/1715 1240/1971/1725 1239/1972/1726
f 1269/1961/1715 1239/1972/1726 1268/1959/1713
f 1268/1959/1713 1239/1972/1726 1238/1973/1727
f 1268/1959/1713 1238/1973/1727 1267/1957/1711
f 1267/1957/1711 1238/1973/1727 1237/1955/1709
f 1248/1974/1728 1272/1975/1729 1249/1976/1730
f 1249/1976/1730 1272/1975/1729 1280/1977/1731
f 1249/1976/1730 1280/1977/1731 1250/1978/1732
f 1250/1978/1732 1280/1977/1731 1279/1979/1733
f 1250/1978/1732 1279/1979/1733 1251/1980/1734
f 1251/1980/1734 1279/1979/1733 1281/1981/1735
f 1251/1980/1734 1281/1981/1735 1252/1982/1736
f 1252/1982/1736 1281/1981/1735 1282/1983/1737
f 1252/1982/1736 1282/1983/1737 1253/1984/1738
f 1253/1984/1738 1282/1983/1737 1283/1985/1739
f 1253/1984/1738 1283/1985/1739 1254/1986/1740
f 1254/1986/1740 1283/1985/1739 1278/1987/1741
f 1254/1986/1740 1278/1987/1741 876/1988/1223
f 876/1988/1223 1278/1987/1741 877/1989/1225
f 1272/1975/1729 1273/1990/1742 1280/1977/1731
f 1280/1977/1731 1273/1990/1742 1274/1991/1743
f 1280/1977/1731 1274/1991/1743 1279/1979/1733
f 1279/1979/1733 1274/1991/1743 1275/1992/1744
f 1279/1979/1733 1275/1992/1744 1281/1981/1735
f 1281/1981/1735 1275/1992/1744 1276/1993/1745
f 1281/1981/1735 1276/1993/1745 1282/1983/1737
f 1282/1983/1737 1276/1993/1745 1277/1994/1746
f 1282/1983/1737 1277/1994/1746 1283/1985/1739
f 1283/1985/1739 1277/1994/1746 1278/1987/1741
f 880/1995/1218 879/1996/1229 1260/1997/1747
f 1260/1997/1747 879/1996/1229 1261/1998/1748
f 1261/1998/1748 879/1996/1229 1288/1999/1749
f 1261/1998/1748 1288/1999/1749 1289/2000/1750
f 1289/2000/1750 1288/1999/1749 1276/2001/1751
f 1289/2000/1750 1276/2001/1751 1275/2002/1752
f 879/1996/1229 878/2003/1228 1288/1999/1749
f 1288/1999/1749 878/2003/1228 1277/2004/1753
f 1288/1999/1749 1277/2004/1753 1276/2001/1751
f 877/2005/1225 1278/2006/1754 878/2003/1228
f 878/2003/1228 1278/2006/1754 1277/2004/1753
f 1289/2000/1750 1275/2002/1752 1290/2007/1755
f 1290/2007/1755 1275/2002/1752 1274/2008/1756
f 1290/2007/1755 1274/2008/1756 1273/2009/1757
f 1290/2007/1755 1273/2009/1757 1291/2010/1758
f 1291/2010/1758 1273/2009/1757 1272/2011/1759
f 1291/2010/1758 1272/2011/1759 1292/2012/1760
f 1292/2012/1760 1272/2011/1759 1285/2013/1761
f 1292/2012/1760 1285/2013/1761 1286/2014/1762
f 1272/2011/1759 1284/2015/1763 1285/2013/1761
f 1287/2016/1764 1266/2017/1765 1286/2014/1762
f 1286/2014/1762 1266/2017/1765 1292/2012/1760
f 1266/2017/1765 1265/2018/1766 1292/2012/1760
f 1292/2012/1760 1265/2018/1766 1291/2010/1758
f 1265/2018/1766 1264/2019/1767 1291/2010/1758
f 1291/2010/1758 1264/2019/1767 1290/2007/1755
f 1264/2019/1767 1263/2020/1768 1290/2007/1755
f 1290/2007/1755 1263/2020/1768 1262/2021/1769
f 1290/2007/1755 1262/2021/1769 1289/2000/1750
f 1289/2000/1750 1262/2021/1769 1261/1998/1748
f 1248/2022/1728 1247/2023/1770 1272/2024/1729
f 1272/2024/1729 1247/2023/1770 1284/2025/1771
f 1284/2025/1771 1247/2023/1770 1295/2026/1772
f 1284/2025/1771 1295/2026/1772 1297/2027/1773
f 1297/2027/1773 1295/2026/1772 1296/2028/1774
f 1247/2023/1770 1293/2029/1775 1295/2026/1772
f 1295/2026/1772 1293/2029/1775 1294/2030/1776
f 1247/2031/1703 1246/2032/1701 1293/2033/1777
f 1293/2033/1777 1246/2032/1701 1299/2034/1778
f 1299/2034/1778 1246/2032/1701 1245/2035/1700
f 1299/2034/1778 1245/2035/1700 1298/2036/1779
f 1298/2036/1779 1245/2035/1700 1244/2037/1702
f 962/2038/1298 961/2039/1300 1313/2040/1780
f 1313/2040/1780 961/2039/1300 1300/2041/1781
f 1313/2040/1780 1300/2041/1781 1314/2042/1782
f 1314/2042/1782 1300/2041/1781 1301/2043/1783
f 1314/2042/1782 1301/2043/1783 1315/2044/1784
f 1315/2044/1784 1301/2043/1783 1302/2045/1785
f 1315/2044/1784 1302/2045/1785 1316/2046/1786
f 1316/2046/1786 1302/2045/1785 1303/2047/1787
f 1316/2046/1786 1303/2047/1787 1317/2048/1788
f 1317/2048/1788 1303/2047/1787 1304/2049/1789
f 1317/2048/1788 1304/2049/1789 1318/2050/1790
f 1318/2050/1790 1304/2049/1789 1305/2051/1791
f 1318/2050/1790 1305/2051/1791 1307/2052/1792
f 1307/2052/1792 1305/2051/1791 1306/2053/1793
f 1307/2052/1792 1308/2054/1794 1318/2050/1790
f 1318/2050/1790 1308/2054/1794 1309/2055/1795
f 1318/2050/1790 1309/2055/1795 1317/2048/1788
f 1317/2048/1788 1309/2055/1795 1310/2056/1796
f 1317/2048/1788 1310/2056/1796 1316/2046/1786
f 1316/2046/1786 1310/2056/1796 1311/2057/1797
f 1316/2046/1786 1311/2057/1797 1315/2044/1784
f 1315/2044/1784 1311/2057/1797 1312/2058/1798
f 1315/2044/1784 1312/2058/1798 1314/2042/1782
f 1314/2042/1782 1312/2058/1798 1313/2040/1780
f 1319/2059/1799 1320/2060/1800 1307/2061/1801
f 1307/2061/1801 1320/2060/1800 1330/2062/1802
f 1307/2061/1801 1330/2062/1802 1331/2063/1803
f 1331/2063/1803 1330/2062/1802 1324/2064/1804
f 1331/2063/1803 1324/2064/1804 1325/2065/1805
f 1320/2060/1800 1321/2066/1806 1330/2062/1802
f 1330/2062/1802 1321/2066/1806 1323/2067/1807
f 1330/2062/1802 1323/2067/1807 1324/2064/1804
f 1321/2066/1806 1322/2068/1808 1323/2067/1807
f 1331/2063/1803 1325/2065/1805 1332/2069/1809
f 1332/2069/1809 1325/2065/1805 1326/2070/1810
f 1332/2069/1809 1326/2070/1810 1327/2071/1811
f 1332/2069/1809 1327/2071/1811 1333/2072/1812
f 1333/2072/1812 1327/2071/1811 1328/2073/1813
f 1333/2072/1812 1328/2073/1813 1334/2074/1814
f 1334/2074/1814 1328/2073/1813 964/2075/1295
f 1334/2074/1814 964/2075/1295 963/2076/1296
f 1328/2073/1813 1329/2077/1815 964/2075/1295
f 964/2075/1295 1329/2077/1815 965/2078/1293
f 962/2079/1298 1313/2080/1816 963/2076/1296
f 963/2076/1296 1313/2080/1816 1312/2081/1817
f 963/2076/1296 1312/2081/1817 1334/2074/1814
f 1334/2074/1814 1312/2081/1817 1311/2082/1818
f 1334/2074/1814 1311/2082/1818 1333/2072/1812
f 1333/2072/1812 1311/2082/1818 1310/2083/1819
f 1333/2072/1812 1310/2083/1819 1332/2069/1809
f 1332/2069/1809 1310/2083/1819 1309/2084/1820
f 1332/2069/1809 1309/2084/1820 1308/2085/1821
f 1332/2069/1809 1308/2085/1821 1331/2063/1803
f 1331/2063/1803 1308/2085/1821 1307/2061/1801
f 966/2086/1292 965/2087/1293 1341/2088/1822
f 1341/2088/1822 965/2087/1293 1329/2089/1823
f 1341/2088/1822 1329/2089/1823 1342/2090/1824
f 1342/2090/1824 1329/2089/1823 1328/2091/1825
f 1342/2090/1824 1328/2091/1825 1343/2092/1826
f 1343/2092/1826 1328/2091/1825 1327/2093/1827
f 1343/2092/1826 1327/2093/1827 1344/2094/1828
f 1344/2094/1828 1327/2093/1827 1326/2095/1829
f 1344/2094/1828 1326/2095/1829 1345/2096/1830
f 1345/2096/1830 1326/2095/1829 1325/2097/1831
f 1345/2096/1830 1325/2097/1831 1346/2098/1832
f 1346/2098/1832 1325/2097/1831 1324/2099/1833
f 1346/2098/1832 1324/2099/1833 1335/2100/1834
f 1335/2100/1834 1324/2099/1833 1323/2101/1835
f 1335/2100/1834 1336/2102/1836 1346/2098/1832
f 1346/2098/1832 1336/2102/1836 1337/2103/1837
f 1346/2098/1832 1337/2103/1837 1345/2096/1830
f 1345/2096/1830 1337/2103/1837 1338/2104/1838
f 1345/2096/1830 1338/2104/1838 1344/2094/1828
f 1344/2094/1828 1338/2104/1838 1339/2105/1839
f 1344/2094/1828 1339/2105/1839 1343/2092/1826
f 1343/2092/1826 1339/2105/1839 1340/2106/1840
f 1343/2092/1826 1340/2106/1840 1342/2090/1824
f 1342/2090/1824 1340/2106/1840 1341/2088/1822
f 961/2107/1300 968/2108/1307 1300/2109/1841
f 1300/2109/1841 968/2108/1307 1301/2110/1842
f 1301/2110/1842 968/2108/1307 1351/2111/1843
f 1301/2110/1842 1351/2111/1843 1352/2112/1844
f 1352/2112/1844 1351/2111/1843 1339/2113/1845
f 1352/2112/1844 1339/2113/1845 1338/2114/1846
f 968/2108/1307 967/2115/1309 1351/2111/1843
f 1351/2111/1843 967/2115/1309 1340/2116/1847
f 1351/2111/1843 1340/2116/1847 1339/2113/1845
f 966/2117/1292 1341/2118/1848 967/2115/1309
f 967/2115/1309 1341/2118/1848 1340/2116/1847
f 1352/2112/1844 1338/2114/1846 1353/2119/1849
f 1353/2119/1849 1338/2114/1846 1337/2120/1850
f 1353/2119/1849 1337/2120/1850 1336/2121/1851
f 1353/2119/1849 1336/2121/1851 1354/2122/1852
f 1354/2122/1852 1336/2121/1851 1335/2123/1853
f 1354/2122/1852 1335/2123/1853 1355/2124/1854
f 1355/2124/1854 1335/2123/1853 1348/2125/1855
f 1355/2124/1854 1348/2125/1855 1349/2126/1856
f 1335/2123/1853 1347/2127/1857 1348/2125/1855
f 1350/2128/1858 1306/2129/1859 1349/2126/1856
f 1349/2126/1856 1306/2129/1859 1355/2124/1854
f 1306/2129/1859 1305/2130/1860 1355/2124/1854
f 1355/2124/1854 1305/2130/1860 1354/2122/1852
f 1305/2130/1860 1304/2131/1861 1354/2122/1852
f 1354/2122/1852 1304/2131/1861 1353/2119/1849
f 1304/2131/1861 1303/2132/1862 1353/2119/1849
f 1353/2119/1849 1303/2132/1862 1302/2133/1863
f 1353/2119/1849 1302/2133/1863 1352/2112/1844
f 1352/2112/1844 1302/2133/1863 1301/2110/1842
f 1350/2134/1858 1349/2135/1856 1358/2136/1864
f 1358/2136/1864 1349/2135/1856 1357/2137/1865
f 1357/2137/1865 1349/2135/1856 1348/2138/1855
f 1357/2137/1865 1348/2138/1855 1356/2139/1866
f 1356/2139/1866 1348/2138/1855 1347/2140/1857
f 1323/2141/1835 1322/2142/1867 1335/2143/1834
f 1335/2143/1834 1322/2142/1867 1347/2144/1868
f 1347/2144/1868 1322/2142/1867 1361/2145/1869
f 1347/2144/1868 1361/2145/1869 1356/2146/1870
f 1356/2146/1870 1361/2145/1869 1362/2147/1871
f 1322/2142/1867 1359/2148/1872 1361/2145/1869
f 1361/2145/1869 1359/2148/1872 1360/2149/1873
f 882/2150/1230 881/2151/1232 1376/2152/1874
f 1376/2152/1874 881/2151/1232 1363/2153/1875
f 1376/2152/1874 1363/2153/1875 1377/2154/1876
f 1377/2154/1876 1363/2153/1875 1364/2155/1877
f 1377/2154/1876 1364/2155/1877 1378/2156/1878
f 1378/2156/1878 1364/2155/1877 1365/2157/1879
f 1378/2156/1878 1365/2157/1879 1379/2158/1880
f 1379/2158/1880 1365/2157/1879 1366/2159/1881
f 1379/2158/1880 1366/2159/1881 1380/2160/1882
f 1380/2160/1882 1366/2159/1881 1367/2161/1883
f 1380/2160/1882 1367/2161/1883 1381/2162/1884
f 1381/2162/1884 1367/2161/1883 1368/2163/1885
f 1381/2162/1884 1368/2163/1885 1370/2164/1886
f 1370/2164/1886 1368/2163/1885 1369/2165/1887
f 1370/2164/1886 1371/2166/1888 1381/2162/1884
f 1381/2162/1884 1371/2166/1888 1372/2167/1889
f 1381/2162/1884 1372/2167/1889 1380/2160/1882
f 1380/2160/1882 1372/2167/1889 1373/2168/1890
f 1380/2160/1882 1373/2168/1890 1379/2158/1880
f 1379/2158/1880 1373/2168/1890 1374/2169/1891
f 1379/2158/1880 1374/2169/1891 1378/2156/1878
f 1378/2156/1878 1374/2169/1891 1375/2170/1892
f 1378/2156/1878 1375/2170/1892 1377/2154/1876
f 1377/2154/1876 1375/2170/1892 1376/2152/1874
f 1382/2171/1893 1383/2172/1894 1370/2173/1895
f 1370/2173/1895 1383/2172/1894 1393/2174/1896
f 1370/2173/1895 1393/2174/1896 1394/2175/1897
f 1394/2175/1897 1393/2174/1896 1387/2176/1898
f 1394/2175/1897 1387/2176/1898 1388/2177/1899
f 1383/2172/1894 1384/2178/1900 1393/2174/1896
f 1393/2174/1896 1384/2178/1900 1386/2179/1901
f 1393/2174/1896 1386/2179/1901 1387/2176/1898
f 1384/2178/1900 1385/2180/1902 1386/2179/1901
f 1394/2175/1897 1388/2177/1899 1395/2181/1903
f 1395/2181/1903 1388/2177/1899 1389/2182/1904
f 1395/2181/1903 1389/2182/1904 1390/2183/1905
f 1395/2181/1903 1390/2183/1905 1396/2184/1906
f 1396/2184/1906 1390/2183/1905 1391/2185/1907
f 1396/2184/1906 1391/2185/1907 1397/2186/1908
f 1397/2186/1908 1391/2185/1907 884/2187/1237
f 1397/2186/1908 884/2187/1237 883/2188/1236
f 1391/2185/1907 1392/2189/1909 884/2187/1237
f 884/2187/1237 1392/2189/1909 885/2190/1239
f 882/2191/1230 1376/2192/1910 883/2188/1236
f 883/2188/1236 1376/2192/1910 1375/2193/1911
f 883/2188/1236 1375/2193/1911 1397/2186/1908
f 1397/2186/1908 1375/2193/1911 1374/2194/1912
f 1397/2186/1908 1374/2194/1912 1396/2184/1906
f 1396/2184/1906 1374/2194/1912 1373/2195/1913
f 1396/2184/1906 1373/2195/1913 1395/2181/1903
f 1395/2181/1903 1373/2195/1913 1372/2196/1914
f 1395/2181/1903 1372/2196/1914 1371/2197/1915
f 1395/2181/1903 1371/2197/1915 1394/2175/1897
f 1394/2175/1897 1371/2197/1915 1370/2173/1895
f 886/2198/1241 885/2199/1239 1404/2200/1916
f 1404/2200/1916 885/2199/1239 1392/2201/1917
f 1404/2200/1916 1392/2201/1917 1405/2202/1918
f 1405/2202/1918 1392/2201/1917 1391/2203/1919
f 1405/2202/1918 1391/2203/1919 1406/2204/1920
f 1406/2204/1920 1391/2203/1919 1390/2205/1921
f 1406/2204/1920 1390/2205/1921 1407/2206/1922
f 1407/2206/1922 1390/2205/1921 1389/2207/1923
f 1407/2206/1922 1389/2207/1923 1408/2208/1924
f 1408/2208/1924 1389/2207/1923 1388/2209/1925
f 1408/2208/1924 1388/2209/1925 1409/2210/1926
f 1409/2210/1926 1388/2209/1925 1387/2211/1927
f 1409/2210/1926 1387/2211/1927 1398/2212/1928
f 1398/2212/1928 1387/2211/1927 1386/2213/1929
f 1398/2212/1928 1399/2214/1930 1409/2210/1926
f 1409/2210/1926 1399/2214/1930 1400/2215/1931
f 1409/2210/1926 1400/2215/1931 1408/2208/1924
f 1408/2208/1924 1400/2215/1931 1401/2216/1932
f 1408/2208/1924 1401/2216/1932 1407/2206/1922
f 1407/2206/1922 1401/2216/1932 1402/2217/1933
f 1407/2206/1922 1402/2217/1933 1406/2204/1920
f 1406/2204/1920 1402/2217/1933 1403/2218/1934
f 1406/2204/1920 1403/2218/1934 1405/2202/1918
f 1405/2202/1918 1403/2218/1934 1404/2200/1916
f 881/2219/1232 888/2220/1245 1363/2221/1935
f 1363/2221/1935 888/2220/1245 1364/2222/1936
f 1364/2222/1936 888/2220/1245 1414/2223/1937
f 1364/2222/1936 1414/2223/1937 1415/2224/1938
f 1415/2224/1938 1414/2223/1937 1402/2225/1939
f 1415/2224/1938 1402/2225/1939 1401/2226/1940
f 888/2220/1245 887/2227/1244 1414/2223/1937
f 1414/2223/1937 887/2227/1244 1403/2228/1941
f 1414/2223/1937 1403/2228/1941 1402/2225/1939
f 886/2229/1241 1404/2230/1942 887/2227/1244
f 887/2227/1244 1404/2230/1942 1403/2228/1941
f 1415/2224/1938 1401/2226/1940 1416/2231/1943
f 1416/2231/1943 1401/2226/1940 1400/2232/1944
f 1416/2231/1943 1400/2232/1944 1399/2233/1945
f 1416/2231/1943 1399/2233/1945 1417/2234/1946
f 1417/2234/1946 1399/2233/1945 1398/2235/1947
f 1417/2234/1946 1398/2235/1947 1418/2236/1948
f 1418/2236/1948 1398/2235/1947 1411/2237/1949
f 1418/2236/1948 1411/2237/1949 1412/2238/1950
f 1398/2235/1947 1410/2239/1951 1411/2237/1949
f 1413/2240/1952 1369/2241/1953 1412/2238/1950
f 1412/2238/1950 1369/2241/1953 1418/2236/1948
f 1369/2241/1953 1368/2242/1954 1418/2236/1948
f 1418/2236/1948 1368/2242/1954 1417/2234/1946
f 1368/2242/1954 1367/2243/1955 1417/2234/1946
f 1417/2234/1946 1367/2243/1955 1416/2231/1943
f 1367/2243/1955 1366/2244/1956 1416/2231/1943
f 1416/2231/1943 1366/2244/1956 1365/2245/1957
f 1416/2231/1943 1365/2245/1957 1415/2224/1938
f 1415/2224/1938 1365/2245/1957 1364/2222/1936
f 1413/2246/1952 1412/2247/1950 1421/2248/1958
f 1421/2248/1958 1412/2247/1950 1420/2249/1959
f 1420/2249/1959 1412/2247/1950 1411/2250/1949
f 1420/2249/1959 1411/2250/1949 1419/2251/1960
f 1419/2251/1960 1411/2250/1949 1410/2252/1951
f 1386/2253/1929 1385/2254/1961 1398/2255/1928
f 1398/2255/1928 1385/2254/1961 1410/2256/1962
f 1410/2256/1962 1385/2254/1961 1424/2257/1963
f 1410/2256/1962 1424/2257/1963 1419/2258/1964
f 1419/2258/1964 1424/2257/1963 1425/2259/1965
f 1385/2254/1961 1422/2260/1966 1424/2257/1963
f 1424/2257/1963 1422/2260/1966 1423/2261/1967
f 1427/2262/1968 1428/2263/1969 1426/2264/1970
f 1426/2264/1970 1428/2263/1969 1451/2265/1971
f 1426/2264/1970 1451/2265/1971 1448/2266/1972
f 1448/2266/1972 1451/2265/1971 1447/2267/1973
f 1447/2267/1973 1451/2265/1971 1452/2268/1974
f 1447/2267/1973 1452/2268/1974 1446/2269/1975
f 1446/2269/1975 1452/2268/1974 1453/2270/1976
f 1446/2269/1975 1453/2270/1976 1454/2271/1977
f 1454/2271/1977 1453/2270/1976 1463/2272/1978
f 1454/2271/1977 1463/2272/1978 1464/2273/1979
f 1464/2273/1979 1463/2272/1978 1432/2274/1980
f 1464/2273/1979 1432/2274/1980 1433/2275/1981
f 1428/2263/1969 1429/2276/1982 1451/2265/1971
f 1451/2265/1971 1429/2276/1982 1430/2277/1983
f 1451/2265/1971 1430/2277/1983 1452/2268/1974
f 1452/2268/1974 1430/2277/1983 1462/2278/1984
f 1452/2268/1974 1462/2278/1984 1453/2270/1976
f 1453/2270/1976 1462/2278/1984 1463/2272/1978
f 1430/2277/1983 1431/2279/1985 1462/2278/1984
f 1462/2278/1984 1431/2279/1985 1463/2272/1978
f 1431/2279/1985 1432/2274/1980 1463/2272/1978
f 1434/2280/1986 1468/2281/1987 1433/2275/1981
f 1433/2275/1981 1468/2281/1987 1465/2282/1988
f 1433/2275/1981 1465/2282/1988 1464/2273/1979
f 1464/2273/1979 1465/2282/1988 1455/2283/1989
f 1464/2273/1979 1455/2283/1989 1454/2271/1977
f 1454/2271/1977 1455/2283/1989 1445/2284/1990
f 1454/2271/1977 1445/2284/1990 1446/2269/1975
f 1435/2285/1991 1471/2286/1992 1434/2280/1986
f 1434/2280/1986 1471/2286/1992 1469/2287/1993
f 1434/2280/1986 1469/2287/1993 1468/2281/1987
f 1468/2281/1987 1469/2287/1993 1465/2282/1988
f 1436/2288/1994 1449/2289/1995 1435/2285/1991
f 1435/2285/1991 1449/2289/1995 1472/2290/1996
f 1435/2285/1991 1472/2290/1996 1470/2291/1997
f 1470/2291/1997 1472/2290/1996 1436/2288/1994
f 1470/2291/1997 1436/2288/1994 1450/2292/1998
f 1450/2292/1998 1436/2288/1994 1439/2293/1999
f 1450/2292/1998 1439/2293/1999 1467/2294/2000
f 1467/2294/2000 1439/2293/1999 1458/2295/2001
f 1467/2294/2000 1458/2295/2001 1457/2296/2002
f 1457/2296/2002 1458/2295/2001 1460/2297/2003
f 1457/2296/2002 1460/2297/2003 1461/2298/2004
f 1461/2298/2004 1460/2297/2003 1442/2299/2005
f 1461/2298/2004 1442/2299/2005 1443/2300/2006
f 1436/2288/1994 1437/2301/2007 1439/2293/1999
f 1439/2293/1999 1437/2301/2007 1438/2302/2008
f 1045/2303/2009 1044/2304/2010 1439/2293/1999
f 1439/2293/1999 1044/2304/2010 1440/2305/2011
f 1439/2293/1999 1440/2305/2011 1459/2306/2012
f 1459/2306/2012 1440/2305/2011 1441/2307/2013
f 1459/2306/2012 1441/2307/2013 1460/2297/2003
f 1460/2297/2003 1441/2307/2013 1442/2299/2005
f 1461/2298/2004 1443/2300/2006 1456/2308/2014
f 1456/2308/2014 1443/2300/2006 1444/2309/2015
f 1456/2308/2014 1444/2309/2015 1455/2283/1989
f 1455/2283/1989 1444/2309/2015 1445/2284/1990
f 1449/2289/1995 1436/2288/1994 1472/2290/1996
f 1461/2298/2004 1456/2308/2014 1457/2296/2002
f 1457/2296/2002 1456/2308/2014 1466/2310/2016
f 1457/2296/2002 1466/2310/2016 1467/2294/2000
f 1467/2294/2000 1466/2310/2016 1450/2292/1998
f 1466/2310/2016 1456/2308/2014 1465/2282/1988
f 1465/2282/1988 1456/2308/2014 1455/2283/1989
f 1459/2306/2012 1460/2297/2003 1458/2295/2001
f 1458/2295/2001 1439/2293/1999 1459/2306/2012
f 1450/2292/1998 1466/2310/2016 1469/2287/1993
f 1469/2287/1993 1466/2310/2016 1465/2282/1988
f 1470/2291/1997 1450/2292/1998 1469/2287/1993
f 1435/2285/1991 1470/2291/1997 1471/2286/1992
f 1471/2286/1992 1470/2291/1997 1469/2287/1993
f 1427/2311/1968 1473/2312/2017 1428/2313/2018
f 1428/2313/2018 1473/2312/2017 1429/2314/2019
f 1429/2314/2019 1473/2312/2017 1474/2315/2020
f 1429/2314/2019 1474/2315/2020 1430/2316/2021
f 1430/2316/2021 1474/2315/2020 1489/2317/2022
f 1430/2316/2021 1489/2317/2022 1490/2318/2023
f 1490/2318/2023 1489/2317/2022 1475/2319/2024
f 1490/2318/2023 1475/2319/2024 1476/2320/2025
f 1474/2315/2020 1475/2319/2024 1489/2317/2022
f 1490/2318/2023 1476/2320/2025 1491/2321/2026
f 1491/2321/2026 1476/2320/2025 1477/2322/2027
f 1491/2321/2026 1477/2322/2027 1492/2323/2028
f 1492/2323/2028 1477/2322/2027 1478/2324/2029
f 1492/2323/2028 1478/2324/2029 1488/2325/2030
f 1488/2325/2030 1478/2324/2029 1479/2326/2031
f 1488/2325/2030 1479/2326/2031 1486/2327/2032
f 1486/2327/2032 1479/2326/2031 1480/2328/2033
f 1486/2327/2032 1480/2328/2033 1484/2329/2034
f 1484/2329/2034 1480/2328/2033 1481/2330/2035
f 1484/2329/2034 1481/2330/2035 1483/2331/2036
f 1483/2331/2036 1481/2330/2035 1482/2332/2037
f 1437/2333/2038 1436/2334/2039 1483/2331/2036
f 1483/2331/2036 1436/2334/2039 1485/2335/2040
f 1483/2331/2036 1485/2335/2040 1484/2329/2034
f 1484/2329/2034 1485/2335/2040 1487/2336/2041
f 1484/2329/2034 1487/2336/2041 1486/2327/2032
f 1486/2327/2032 1487/2336/2041 1434/2337/2042
f 1486/2327/2032 1434/2337/2042 1493/2338/2043
f 1493/2338/2043 1434/2337/2042 1433/2339/2044
f 1493/2338/2043 1433/2339/2044 1488/2325/2030
f 1488/2325/2030 1433/2339/2044 1492/2323/2028
f 1485/2335/2040 1436/2334/2039 1495/2340/2045
f 1495/2340/2045 1436/2334/2039 1435/2341/2046
f 1495/2340/2045 1435/2341/2046 1485/2335/2040
f 1485/2335/2040 1435/2341/2046 1487/2336/2041
f 1435/2341/2046 1434/2337/2042 1487/2336/2041
f 1492/2323/2028 1433/2339/2044 1494/2342/2047
f 1494/2342/2047 1433/2339/2044 1432/2343/2048
f 1494/2342/2047 1432/2343/2048 1492/2323/2028
f 1492/2323/2028 1432/2343/2048 1491/2321/2026
f 1432/2343/2048 1431/2344/2049 1491/2321/2026
f 1491/2321/2026 1431/2344/2049 1490/2318/2023
f 1431/2344/2049 1430/2316/2021 1490/2318/2023
f 1488/2325/2030 1486/2327/2032 1493/2338/2043
f 1426/2345/1970 1448/2346/2050 1504/2347/2051
f 1504/2347/2051 1448/2346/2050 1447/2348/2052
f 1504/2347/2051 1447/2348/2052 1503/2349/2053
f 1503/2349/2053 1447/2348/2052 1446/2350/2054
f 1503/2349/2053 1446/2350/2054 1513/2351/2055
f 1513/2351/2055 1446/2350/2054 1512/2352/2056
f 1513/2351/2055 1512/2352/2056 1502/2353/2057
f 1502/2353/2057 1512/2352/2056 1501/2354/2058
f 1501/2354/2058 1512/2352/2056 1511/2355/2059
f 1501/2354/2058 1511/2355/2059 1510/2356/2060
f 1510/2356/2060 1511/2355/2059 1444/2357/2061
f 1510/2356/2060 1444/2357/2061 1514/2358/2062
f 1514/2358/2062 1444/2357/2061 1443/2359/2063
f 1514/2358/2062 1443/2359/2063 1515/2360/2064
f 1515/2360/2064 1443/2359/2063 1442/2361/2065
f 1515/2360/2064 1442/2361/2065 1516/2362/2066
f 1516/2362/2066 1442/2361/2065 1518/2363/2067
f 1516/2362/2066 1518/2363/2067 1505/2364/2068
f 1505/2364/2068 1518/2363/2067 1441/2365/2069
f 1505/2364/2068 1441/2365/2069 1519/2366/2070
f 1519/2366/2070 1441/2365/2069 1520/2367/2071
f 1519/2366/2070 1520/2367/2071 1440/2368/2072
f 1440/2368/2072 1520/2367/2071 1441/2365/2069
f 1446/2350/2054 1445/2369/2073 1512/2352/2056
f 1512/2352/2056 1445/2369/2073 1511/2355/2059
f 1445/2369/2073 1444/2357/2061 1511/2355/2059
f 1442/2361/2065 1441/2365/2069 1518/2363/2067
f 1044/2370/1398 1043/2371/1396 1440/2368/2072
f 1440/2368/2072 1043/2371/1396 1505/2364/2068
f 1440/2368/2072 1505/2364/2068 1519/2366/2070
f 1042/2372/1400 1496/2373/2074 1043/2371/1396
f 1043/2371/1396 1496/2373/2074 1506/2374/2075
f 1043/2371/1396 1506/2374/2075 1507/2375/2076
f 1507/2375/2076 1506/2374/2075 1521/2376/2077
f 1507/2375/2076 1521/2376/2077 1508/2377/2078
f 1508/2377/2078 1521/2376/2077 1498/2378/2079
f 1508/2377/2078 1498/2378/2079 1509/2379/2080
f 1509/2379/2080 1498/2378/2079 1499/2380/2081
f 1509/2379/2080 1499/2380/2081 1510/2356/2060
f 1510/2356/2060 1499/2380/2081 1500/2381/2082
f 1510/2356/2060 1500/2381/2082 1501/2354/2058
f 1496/2373/2074 1497/2382/2083 1506/2374/2075
f 1506/2374/2075 1497/2382/2083 1521/2376/2077
f 1497/2382/2083 1498/2378/2079 1521/2376/2077
f 1502/2353/2057 1503/2349/2053 1513/2351/2055
f 1505/2364/2068 1043/2371/1396 1517/2383/2084
f 1517/2383/2084 1043/2371/1396 1507/2375/2076
f 1517/2383/2084 1507/2375/2076 1508/2377/2078
f 1515/2360/2064 1516/2362/2066 1509/2379/2080
f 1509/2379/2080 1516/2362/2066 1508/2377/2078
f 1514/2358/2062 1515/2360/2064 1510/2356/2060
f 1510/2356/2060 1515/2360/2064 1509/2379/2080
f 1505/2364/2068 1517/2383/2084 1516/2362/2066
f 1516/2362/2066 1517/2383/2084 1508/2377/2078
f 1041/2384/1401 1047/2385/1402 1042/2386/2085
f 1042/2386/2085 1047/2385/1402 1496/2387/2086
f 1496/2387/2086 1047/2385/1402 1522/2388/2087
f 1496/2387/2086 1522/2388/2087 1497/2389/2088
f 1497/2389/2088 1522/2388/2087 1523/2390/2089
f 1497/2389/2088 1523/2390/2089 1498/2391/2090
f 1498/2391/2090 1523/2390/2089 1524/2392/2091
f 1498/2391/2090 1524/2392/2091 1499/2393/2092
f 1499/2393/2092 1524/2392/2091 1550/2394/2093
f 1499/2393/2092 1550/2394/2093 1549/2395/2094
f 1549/2395/2094 1550/2394/2093 1535/2396/2095
f 1549/2395/2094 1535/2396/2095 1534/2397/2096
f 1534/2397/2096 1535/2396/2095 1529/2398/2097
f 1534/2397/2096 1529/2398/2097 1530/2399/2098
f 1530/2399/2098 1529/2398/2097 1476/2400/2099
f 1530/2399/2098 1476/2400/2099 1475/2401/2100
f 1046/2402/1403 1482/2403/2101 1047/2385/1402
f 1047/2385/1402 1482/2403/2101 1481/2404/2102
f 1047/2385/1402 1481/2404/2102 1542/2405/2103
f 1542/2405/2103 1481/2404/2102 1543/2406/2104
f 1542/2405/2103 1543/2406/2104 1480/2407/2105
f 1480/2407/2105 1543/2406/2104 1481/2404/2102
f 1542/2405/2103 1480/2407/2105 1539/2408/2106
f 1539/2408/2106 1480/2407/2105 1479/2409/2107
f 1539/2408/2106 1479/2409/2107 1545/2410/2108
f 1545/2410/2108 1479/2409/2107 1540/2411/2109
f 1545/2410/2108 1540/2411/2109 1527/2412/2110
f 1527/2412/2110 1540/2411/2109 1528/2413/2111
f 1527/2412/2110 1528/2413/2111 1536/2414/2112
f 1536/2414/2112 1528/2413/2111 1535/2396/2095
f 1536/2414/2112 1535/2396/2095 1550/2394/2093
f 1540/2411/2109 1479/2409/2107 1546/2415/2113
f 1546/2415/2113 1479/2409/2107 1478/2416/2114
f 1546/2415/2113 1478/2416/2114 1540/2411/2109
f 1540/2411/2109 1478/2416/2114 1544/2417/2115
f 1540/2411/2109 1544/2417/2115 1528/2413/2111
f 1528/2413/2111 1544/2417/2115 1477/2418/2116
f 1528/2413/2111 1477/2418/2116 1529/2398/2097
f 1529/2398/2097 1477/2418/2116 1476/2400/2099
f 1478/2416/2114 1477/2418/2116 1544/2417/2115
f 1474/2419/2117 1532/2420/2118 1475/2401/2100
f 1475/2401/2100 1532/2420/2118 1533/2421/2119
f 1475/2401/2100 1533/2421/2119 1530/2399/2098
f 1530/2399/2098 1533/2421/2119 1534/2397/2096
f 1532/2420/2118 1474/2419/2117 1531/2422/2120
f 1531/2422/2120 1474/2419/2117 1473/2423/2121
f 1531/2422/2120 1473/2423/2121 1427/2424/1968
f 1427/2424/1968 1426/2425/1970 1531/2422/2120
f 1531/2422/2120 1426/2425/1970 1504/2426/2122
f 1531/2422/2120 1504/2426/2122 1503/2427/2123
f 1503/2427/2123 1502/2428/2124 1531/2422/2120
f 1531/2422/2120 1502/2428/2124 1532/2420/2118
f 1532/2420/2118 1502/2428/2124 1547/2429/2125
f 1547/2429/2125 1502/2428/2124 1501/2430/2126
f 1547/2429/2125 1501/2430/2126 1548/2431/2127
f 1548/2431/2127 1501/2430/2126 1500/2432/2128
f 1548/2431/2127 1500/2432/2128 1549/2395/2094
f 1549/2395/2094 1500/2432/2128 1499/2393/2092
f 1047/2385/1402 1541/2433/2129 1525/2434/2130
f 1525/2434/2130 1541/2433/2129 1526/2435/2131
f 1525/2434/2130 1526/2435/2131 1538/2436/2132
f 1538/2436/2132 1526/2435/2131 1537/2437/2133
f 1538/2436/2132 1537/2437/2133 1552/2438/2134
f 1552/2438/2134 1537/2437/2133 1551/2439/2135
f 1552/2438/2134 1551/2439/2135 1522/2388/2087
f 1522/2388/2087 1551/2439/2135 1523/2390/2089
f 1522/2388/2087 1047/2385/1402 1552/2438/2134
f 1552/2438/2134 1047/2385/1402 1538/2436/2132
f 1550/2394/2093 1524/2392/2091 1523/2390/2089
f 1550/2394/2093 1523/2390/2089 1551/2439/2135
f 1047/2385/1402 1525/2434/2130 1538/2436/2132
f 1526/2435/2131 1527/2412/2110 1537/2437/2133
f 1537/2437/2133 1527/2412/2110 1536/2414/2112
f 1537/2437/2133 1536/2414/2112 1551/2439/2135
f 1551/2439/2135 1536/2414/2112 1550/2394/2093
f 1527/2412/2110 1526/2435/2131 1545/2410/2108
f 1545/2410/2108 1526/2435/2131 1541/2433/2129
f 1545/2410/2108 1541/2433/2129 1542/2405/2103
f 1542/2405/2103 1541/2433/2129 1047/2385/1402
f 1528/2413/2111 1529/2398/2097 1535/2396/2095
f 1532/2420/2118 1547/2429/2125 1533/2421/2119
f 1533/2421/2119 1547/2429/2125 1548/2431/2127
f 1533/2421/2119 1548/2431/2127 1534/2397/2096
f 1534/2397/2096 1548/2431/2127 1549/2395/2094
f 1545/2410/2108 1542/2405/2103 1539/2408/2106
f 991/2440/1345 1014/2441/1346 992/2442/2136
f 992/2442/2136 1014/2441/1346 1023/2443/2137
f 992/2442/2136 1023/2443/2137 1483/2444/2036
f 1483/2444/2036 1023/2443/2137 1438/2445/2138
f 1483/2444/2036 1438/2445/2138 1437/2446/2038
f 1482/2447/2037 1046/2448/2139 1483/2444/2036
f 1483/2444/2036 1046/2448/2139 992/2442/2136
f 1023/2449/1361 1022/2450/1359 1438/2451/2008
f 1438/2451/2008 1022/2450/1359 1439/2452/1999
f 1439/2452/1999 1022/2450/1359 1021/2453/1353
f 1439/2452/1999 1021/2453/1353 1045/2454/2009
f 1045/2454/2009 1021/2453/1353 1020/2455/1352
f 1554/2456/2140 1555/2457/2141 1553/2458/2142
f 1553/2458/2142 1555/2457/2141 1576/2459/2143
f 1553/2458/2142 1576/2459/2143 1573/2460/2144
f 1573/2460/2144 1576/2459/2143 1572/2461/2145
f 1572/2461/2145 1576/2459/2143 1577/2462/2146
f 1572/2461/2145 1577/2462/2146 1571/2463/2147
f 1571/2463/2147 1577/2462/2146 1578/2464/2148
f 1571/2463/2147 1578/2464/2148 1579/2465/2149
f 1579/2465/2149 1578/2464/2148 1588/2466/2150
f 1579/2465/2149 1588/2466/2150 1589/2467/2151
f 1589/2467/2151 1588/2466/2150 1559/2468/2152
f 1589/2467/2151 1559/2468/2152 1560/2469/2153
f 1555/2457/2141 1556/2470/2154 1576/2459/2143
f 1576/2459/2143 1556/2470/2154 1557/2471/2155
f 1576/2459/2143 1557/2471/2155 1577/2462/2146
f 1577/2462/2146 1557/2471/2155 1587/2472/2156
f 1577/2462/2146 1587/2472/2156 1578/2464/2148
f 1578/2464/2148 1587/2472/2156 1588/2466/2150
f 1557/2471/2155 1558/2473/2157 1587/2472/2156
f 1587/2472/2156 1558/2473/2157 1588/2466/2150
f 1558/2473/2157 1559/2468/2152 1588/2466/2150
f 1561/2474/2158 1593/2475/2159 1560/2469/2153
f 1560/2469/2153 1593/2475/2159 1590/2476/2160
f 1560/2469/2153 1590/2476/2160 1589/2467/2151
f 1589/2467/2151 1590/2476/2160 1580/2477/2161
f 1589/2467/2151 1580/2477/2161 1579/2465/2149
f 1579/2465/2149 1580/2477/2161 1570/2478/2162
f 1579/2465/2149 1570/2478/2162 1571/2463/2147
f 1562/2479/2163 1596/2480/2164 1561/2474/2158
f 1561/2474/2158 1596/2480/2164 1594/2481/2165
f 1561/2474/2158 1594/2481/2165 1593/2475/2159
f 1593/2475/2159 1594/2481/2165 1590/2476/2160
f 1563/2482/2166 1574/2483/2167 1562/2479/2163
f 1562/2479/2163 1574/2483/2167 1597/2484/2168
f 1562/2479/2163 1597/2484/2168 1595/2485/2169
f 1595/2485/2169 1597/2484/2168 1563/2482/2166
f 1595/2485/2169 1563/2482/2166 1575/2486/2170
f 1575/2486/2170 1563/2482/2166 1105/2487/1489
f 1575/2486/2170 1105/2487/1489 1592/2488/2171
f 1592/2488/2171 1105/2487/1489 1583/2489/2172
f 1592/2488/2171 1583/2489/2172 1582/2490/2173
f 1582/2490/2173 1583/2489/2172 1585/2491/2174
f 1582/2490/2173 1585/2491/2174 1586/2492/2175
f 1586/2492/2175 1585/2491/2174 1567/2493/2176
f 1586/2492/2175 1567/2493/2176 1568/2494/2177
f 1563/2482/2166 1564/2495/2178 1105/2487/1489
f 1105/2487/1489 1564/2495/2178 1106/2496/1488
f 1104/2497/1490 1110/2498/2179 1105/2487/1489
f 1105/2487/1489 1110/2498/2179 1565/2499/2180
f 1105/2487/1489 1565/2499/2180 1584/2500/2181
f 1584/2500/2181 1565/2499/2180 1566/2501/2182
f 1584/2500/2181 1566/2501/2182 1585/2491/2174
f 1585/2491/2174 1566/2501/2182 1567/2493/2176
f 1586/2492/2175 1568/2494/2177 1581/2502/2183
f 1581/2502/2183 1568/2494/2177 1569/2503/2184
f 1581/2502/2183 1569/2503/2184 1580/2477/2161
f 1580/2477/2161 1569/2503/2184 1570/2478/2162
f 1574/2483/2167 1563/2482/2166 1597/2484/2168
f 1586/2492/2175 1581/2502/2183 1582/2490/2173
f 1582/2490/2173 1581/2502/2183 1591/2504/2185
f 1582/2490/2173 1591/2504/2185 1592/2488/2171
f 1592/2488/2171 1591/2504/2185 1575/2486/2170
f 1591/2504/2185 1581/2502/2183 1590/2476/2160
f 1590/2476/2160 1581/2502/2183 1580/2477/2161
f 1584/2500/2181 1585/2491/2174 1583/2489/2172
f 1583/2489/2172 1105/2487/1489 1584/2500/2181
f 1575/2486/2170 1591/2504/2185 1594/2481/2165
f 1594/2481/2165 1591/2504/2185 1590/2476/2160
f 1595/2485/2169 1575/2486/2170 1594/2481/2165
f 1562/2479/2163 1595/2485/2169 1596/2480/2164
f 1596/2480/2164 1595/2485/2169 1594/2481/2165
f 1554/2505/2140 1598/2506/2186 1555/2507/2187
f 1555/2507/2187 1598/2506/2186 1556/2508/2188
f 1556/2508/2188 1598/2506/2186 1599/2509/2189
f 1556/2508/2188 1599/2509/2189 1557/2510/2190
f 1557/2510/2190 1599/2509/2189 1614/2511/2191
f 1557/2510/2190 1614/2511/2191 1615/2512/2192
f 1615/2512/2192 1614/2511/2191 1600/2513/2193
f 1615/2512/2192 1600/2513/2193 1601/2514/2194
f 1599/2509/2189 1600/2513/2193 1614/2511/2191
f 1615/2512/2192 1601/2514/2194 1616/2515/2195
f 1616/2515/2195 1601/2514/2194 1602/2516/2196
f 1616/2515/2195 1602/2516/2196 1617/2517/2197
f 1617/2517/2197 1602/2516/2196 1603/2518/2198
f 1617/2517/2197 1603/2518/2198 1613/2519/2199
f 1613/2519/2199 1603/2518/2198 1604/2520/2200
f 1613/2519/2199 1604/2520/2200 1611/2521/2201
f 1611/2521/2201 1604/2520/2200 1605/2522/2202
f 1611/2521/2201 1605/2522/2202 1609/2523/2203
f 1609/2523/2203 1605/2522/2202 1606/2524/2204
f 1609/2523/2203 1606/2524/2204 1608/2525/2205
f 1608/2525/2205 1606/2524/2204 1607/2526/2206
f 1564/2527/2207 1563/2528/2208 1608/2525/2205
f 1608/2525/2205 1563/2528/2208 1610/2529/2209
f 1608/2525/2205 1610/2529/2209 1609/2523/2203
f 1609/2523/2203 1610/2529/2209 1612/2530/2210
f 1609/2523/2203 1612/2530/2210 1611/2521/2201
f 1611/2521/2201 1612/2530/2210 1561/2531/2211
f 1611/2521/2201 1561/2531/2211 1618/2532/2212
f 1618/2532/2212 1561/2531/2211 1560/2533/2213
f 1618/2532/2212 1560/2533/2213 1613/2519/2199
f 1613/2519/2199 1560/2533/2213 1617/2517/2197
f 1610/2529/2209 1563/2528/2208 1620/2534/2214
f 1620/2534/2214 1563/2528/2208 1562/2535/2215
f 1620/2534/2214 1562/2535/2215 1610/2529/2209
f 1610/2529/2209 1562/2535/2215 1612/2530/2210
f 1562/2535/2215 1561/2531/2211 1612/2530/2210
f 1617/2517/2197 1560/2533/2213 1619/2536/2216
f 1619/2536/2216 1560/2533/2213 1559/2537/2217
f 1619/2536/2216 1559/2537/2217 1617/2517/2197
f 1617/2517/2197 1559/2537/2217 1616/2515/2195
f 1559/2537/2217 1558/2538/2218 1616/2515/2195
f 1616/2515/2195 1558/2538/2218 1615/2512/2192
f 1558/2538/2218 1557/2510/2190 1615/2512/2192
f 1613/2519/2199 1611/2521/2201 1618/2532/2212
f 1553/2539/2142 1573/2540/2219 1629/2541/2220
f 1629/2541/2220 1573/2540/2219 1572/2542/2221
f 1629/2541/2220 1572/2542/2221 1628/2543/2222
f 1628/2543/2222 1572/2542/2221 1571/2544/2223
f 1628/2543/2222 1571/2544/2223 1638/2545/2224
f 1638/2545/2224 1571/2544/2223 1637/2546/2225
f 1638/2545/2224 1637/2546/2225 1627/2547/2226
f 1627/2547/2226 1637/2546/2225 1626/2548/2227
f 1626/2548/2227 1637/2546/2225 1636/2549/2228
f 1626/2548/2227 1636/2549/2228 1635/2550/2229
f 1635/2550/2229 1636/2549/2228 1569/2551/2230
f 1635/2550/2229 1569/2551/2230 1639/2552/2231
f 1639/2552/2231 1569/2551/2230 1568/2553/2232
f 1639/2552/2231 1568/2553/2232 1640/2554/2233
f 1640/2554/2233 1568/2553/2232 1567/2555/2234
f 1640/2554/2233 1567/2555/2234 1641/2556/2235
f 1641/2556/2235 1567/2555/2234 1643/2557/2236
f 1641/2556/2235 1643/2557/2236 1630/2558/2237
f 1630/2558/2237 1643/2557/2236 1566/2559/2238
f 1630/2558/2237 1566/2559/2238 1644/2560/2239
f 1644/2560/2239 1566/2559/2238 1645/2561/2240
f 1644/2560/2239 1645/2561/2240 1565/2562/2241
f 1565/2562/2241 1645/2561/2240 1566/2559/2238
f 1571/2544/2223 1570/2563/2242 1637/2546/2225
f 1637/2546/2225 1570/2563/2242 1636/2549/2228
f 1570/2563/2242 1569/2551/2230 1636/2549/2228
f 1567/2555/2234 1566/2559/2238 1643/2557/2236
f 1110/2564/1495 1109/2565/1493 1565/2562/2241
f 1565/2562/2241 1109/2565/1493 1630/2558/2237
f 1565/2562/2241 1630/2558/2237 1644/2560/2239
f 1108/2566/1497 1621/2567/2243 1109/2565/1493
f 1109/2565/1493 1621/2567/2243 1631/2568/2244
f 1109/2565/1493 1631/2568/2244 1632/2569/2245
f 1632/2569/2245 1631/2568/2244 1646/2570/2246
f 1632/2569/2245 1646/2570/2246 1633/2571/2247
f 1633/2571/2247 1646/2570/2246 1623/2572/2248
f 1633/2571/2247 1623/2572/2248 1634/2573/2249
f 1634/2573/2249 1623/2572/2248 1624/2574/2250
f 1634/2573/2249 1624/2574/2250 1635/2550/2229
f 1635/2550/2229 1624/2574/2250 1625/2575/2251
f 1635/2550/2229 1625/2575/2251 1626/2548/2227
f 1621/2567/2243 1622/2576/2252 1631/2568/2244
f 1631/2568/2244 1622/2576/2252 1646/2570/2246
f 1622/2576/2252 1623/2572/2248 1646/2570/2246
f 1627/2547/2226 1628/2543/2222 1638/2545/2224
f 1630/2558/2237 1109/2565/1493 1642/2577/2253
f 1642/2577/2253 1109/2565/1493 1632/2569/2245
f 1642/2577/2253 1632/2569/2245 1633/2571/2247
f 1640/2554/2233 1641/2556/2235 1634/2573/2249
f 1634/2573/2249 1641/2556/2235 1633/2571/2247
f 1639/2552/2231 1640/2554/2233 1635/2550/2229
f 1635/2550/2229 1640/2554/2233 1634/2573/2249
f 1630/2558/2237 1642/2577/2253 1641/2556/2235
f 1641/2556/2235 1642/2577/2253 1633/2571/2247
f 1107/2578/2254 1647/2579/2255 1108/2580/2256
f 1108/2580/2256 1647/2579/2255 1621/2581/2257
f 1621/2581/2257 1647/2579/2255 1649/2582/2258
f 1621/2581/2257 1649/2582/2258 1622/2583/2259
f 1622/2583/2259 1649/2582/2258 1650/2584/2260
f 1622/2583/2259 1650/2584/2260 1623/2585/2261
f 1623/2585/2261 1650/2584/2260 1651/2586/2262
f 1623/2585/2261 1651/2586/2262 1624/2587/2263
f 1624/2587/2263 1651/2586/2262 1677/2588/2264
f 1624/2587/2263 1677/2588/2264 1676/2589/2265
f 1676/2589/2265 1677/2588/2264 1662/2590/2266
f 1676/2589/2265 1662/2590/2266 1661/2591/2267
f 1661/2591/2267 1662/2590/2266 1656/2592/2268
f 1661/2591/2267 1656/2592/2268 1657/2593/2269
f 1657/2593/2269 1656/2592/2268 1601/2594/2270
f 1657/2593/2269 1601/2594/2270 1600/2595/2271
f 1648/2596/2272 1607/2597/2273 1647/2579/2255
f 1647/2579/2255 1607/2597/2273 1606/2598/2274
f 1647/2579/2255 1606/2598/2274 1669/2599/2275
f 1669/2599/2275 1606/2598/2274 1670/2600/2276
f 1669/2599/2275 1670/2600/2276 1605/2601/2277
f 1605/2601/2277 1670/2600/2276 1606/2598/2274
f 1669/2599/2275 1605/2601/2277 1666/2602/2278
f 1666/2602/2278 1605/2601/2277 1604/2603/2279
f 1666/2602/2278 1604/2603/2279 1672/2604/2280
f 1672/2604/2280 1604/2603/2279 1667/2605/2281
f 1672/2604/2280 1667/2605/2281 1654/2606/2282
f 1654/2606/2282 1667/2605/2281 1655/2607/2283
f 1654/2606/2282 1655/2607/2283 1663/2608/2284
f 1663/2608/2284 1655/2607/2283 1662/2590/2266
f 1663/2608/2284 1662/2590/2266 1677/2588/2264
f 1667/2605/2281 1604/2603/2279 1673/2609/2285
f 1673/2609/2285 1604/2603/2279 1603/2610/2286
f 1673/2609/2285 1603/2610/2286 1667/2605/2281
f 1667/2605/2281 1603/2610/2286 1671/2611/2287
f 1667/2605/2281 1671/2611/2287 1655/2607/2283
f 1655/2607/2283 1671/2611/2287 1602/2612/2288
f 1655/2607/2283 1602/2612/2288 1656/2592/2268
f 1656/2592/2268 1602/2612/2288 1601/2594/2270
f 1603/2610/2286 1602/2612/2288 1671/2611/2287
f 1599/2613/2289 1659/2614/2290 1600/2595/2271
f 1600/2595/2271 1659/2614/2290 1660/2615/2291
f 1600/2595/2271 1660/2615/2291 1657/2593/2269
f 1657/2593/2269 1660/2615/2291 1661/2591/2267
f 1659/2614/2290 1599/2613/2289 1658/2616/2292
f 1658/2616/2292 1599/2613/2289 1598/2617/2293
f 1658/2616/2292 1598/2617/2293 1554/2618/2140
f 1554/2618/2140 1553/2619/2142 1658/2616/2292
f 1658/2616/2292 1553/2619/2142 1629/2620/2294
f 1658/2616/2292 1629/2620/2294 1628/2621/2295
f 1628/2621/2295 1627/2622/2296 1658/2616/2292
f 1658/2616/2292 1627/2622/2296 1659/2614/2290
f 1659/2614/2290 1627/2622/2296 1674/2623/2297
f 1674/2623/2297 1627/2622/2296 1626/2624/2298
f 1674/2623/2297 1626/2624/2298 1675/2625/2299
f 1675/2625/2299 1626/2624/2298 1625/2626/2300
f 1675/2625/2299 1625/2626/2300 1676/2589/2265
f 1676/2589/2265 1625/2626/2300 1624/2587/2263
f 1647/2579/2255 1668/2627/2301 1652/2628/2302
f 1652/2628/2302 1668/2627/2301 1653/2629/2303
f 1652/2628/2302 1653/2629/2303 1665/2630/2304
f 1665/2630/2304 1653/2629/2303 1664/2631/2305
f 1665/2630/2304 1664/2631/2305 1679/2632/2306
f 1679/2632/2306 1664/2631/2305 1678/2633/2307
f 1679/2632/2306 1678/2633/2307 1649/2582/2258
f 1649/2582/2258 1678/2633/2307 1650/2584/2260
f 1649/2582/2258 1647/2579/2255 1679/2632/2306
f 1679/2632/2306 1647/2579/2255 1665/2630/2304
f 1677/2588/2264 1651/2586/2262 1650/2584/2260
f 1677/2588/2264 1650/2584/2260 1678/2633/2307
f 1647/2579/2255 1652/2628/2302 1665/2630/2304
f 1653/2629/2303 1654/2606/2282 1664/2631/2305
f 1664/2631/2305 1654/2606/2282 1663/2608/2284
f 1664/2631/2305 1663/2608/2284 1678/2633/2307
f 1678/2633/2307 1663/2608/2284 1677/2588/2264
f 1654/2606/2282 1653/2629/2303 1672/2604/2280
f 1672/2604/2280 1653/2629/2303 1668/2627/2301
f 1672/2604/2280 1668/2627/2301 1669/2599/2275
f 1669/2599/2275 1668/2627/2301 1647/2579/2255
f 1655/2607/2283 1656/2592/2268 1662/2590/2266
f 1659/2614/2290 1674/2623/2297 1660/2615/2291
f 1660/2615/2291 1674/2623/2297 1675/2625/2299
f 1660/2615/2291 1675/2625/2299 1661/2591/2267
f 1661/2591/2267 1675/2625/2299 1676/2589/2265
f 1672/2604/2280 1669/2599/2275 1666/2602/2278
f 1070/2634/1432 1069/2635/1430 1107/2636/2254
f 1107/2636/2254 1069/2635/1430 1647/2637/2255
f 1647/2637/2255 1069/2635/1430 1068/2638/1424
f 1647/2637/2255 1068/2638/1424 1648/2639/2272
f 1648/2639/2272 1068/2638/1424 1067/2640/1423
f 1055/2641/1416 1054/2642/1417 1067/2643/2308
f 1067/2643/2308 1054/2642/1417 1098/2644/2309
f 1067/2643/2308 1098/2644/2309 1608/2645/2205
f 1608/2645/2205 1098/2644/2309 1106/2646/2310
f 1608/2645/2205 1106/2646/2310 1564/2647/2207
f 1607/2648/2206 1648/2649/2311 1608/2645/2205
f 1608/2645/2205 1648/2649/2311 1067/2643/2308
f 1702/2650/2312 1680/2651/2313 1707/2652/2314
f 1707/2652/2314 1680/2651/2313 1681/2653/2315
f 1707/2652/2314 1681/2653/2315 1682/2654/2316
f 1682/2654/2316 1683/2655/2317 1707/2652/2314
f 1707/2652/2314 1683/2655/2317 1708/2656/2318
f 1707/2652/2314 1708/2656/2318 1701/2657/2319
f 1701/2657/2319 1708/2656/2318 1700/2658/2320
f 1700/2658/2320 1708/2656/2318 1709/2659/2321
f 1700/2658/2320 1709/2659/2321 1720/2660/2322
f 1720/2660/2322 1709/2659/2321 1710/2661/2323
f 1720/2660/2322 1710/2661/2323 1719/2662/2324
f 1719/2662/2324 1710/2661/2323 1711/2663/2325
f 1719/2662/2324 1711/2663/2325 1718/2664/2326
f 1718/2664/2326 1711/2663/2325 1712/2665/2327
f 1718/2664/2326 1712/2665/2327 1717/2666/2328
f 1717/2666/2328 1712/2665/2327 1713/2667/2329
f 1717/2666/2328 1713/2667/2329 1716/2668/2330
f 1716/2668/2330 1713/2667/2329 1714/2669/2331
f 1716/2668/2330 1714/2669/2331 1715/2670/2332
f 1715/2670/2332 1714/2669/2331 1693/2671/2333
f 1715/2670/2332 1693/2671/2333 1704/2672/2334
f 1704/2672/2334 1693/2671/2333 546/2673/2335
f 1704/2672/2334 546/2673/2335 1724/2674/2336
f 1724/2674/2336 546/2673/2335 1694/2675/2337
f 1724/2674/2336 1694/2675/2337 1703/2676/2338
f 1703/2676/2338 1694/2675/2337 1705/2677/2339
f 1703/2676/2338 1705/2677/2339 1695/2678/2340
f 1695/2678/2340 1705/2677/2339 1694/2675/2337
f 1683/2655/2317 1684/2679/2341 1708/2656/2318
f 1708/2656/2318 1684/2679/2341 1709/2659/2321
f 1684/2679/2341 1685/2680/2342 1709/2659/2321
f 1709/2659/2321 1685/2680/2342 1710/2661/2323
f 1685/2680/2342 1686/2681/2343 1710/2661/2323
f 1710/2661/2323 1686/2681/2343 1711/2663/2325
f 1686/2681/2343 1687/2682/2344 1711/2663/2325
f 1711/2663/2325 1687/2682/2344 1712/2665/2327
f 1712/2665/2327 1687/2682/2344 1721/2683/2345
f 1721/2683/2345 1687/2682/2344 1688/2684/2346
f 1721/2683/2345 1688/2684/2346 1722/2685/2347
f 1722/2685/2347 1688/2684/2346 1689/2686/2348
f 1722/2685/2347 1689/2686/2348 1706/2687/2349
f 1706/2687/2349 1689/2686/2348 1690/2688/2350
f 1706/2687/2349 1690/2688/2350 1693/2671/2333
f 1693/2671/2333 1690/2688/2350 1691/2689/2351
f 1693/2671/2333 1691/2689/2351 1692/2690/2352
f 546/2673/2335 545/2691/2353 1694/2675/2337
f 1696/2692/2354 1723/2693/2355 1695/2678/2340
f 1695/2678/2340 1723/2693/2355 1724/2674/2336
f 1695/2678/2340 1724/2674/2336 1703/2676/2338
f 1697/2694/2356 1726/2695/2357 1696/2692/2354
f 1696/2692/2354 1726/2695/2357 1716/2668/2330
f 1696/2692/2354 1716/2668/2330 1725/2696/2358
f 1725/2696/2358 1716/2668/2330 1715/2670/2332
f 1725/2696/2358 1715/2670/2332 1704/2672/2334
f 1698/2697/2359 1718/2664/2326 1697/2694/2356
f 1697/2694/2356 1718/2664/2326 1717/2666/2328
f 1697/2694/2356 1717/2666/2328 1726/2695/2357
f 1726/2695/2357 1717/2666/2328 1716/2668/2330
f 1718/2664/2326 1698/2697/2359 1719/2662/2324
f 1719/2662/2324 1698/2697/2359 1699/2698/2360
f 1719/2662/2324 1699/2698/2360 1720/2660/2322
f 1720/2660/2322 1699/2698/2360 1700/2658/2320
f 1701/2657/2319 1702/2650/2312 1707/2652/2314
f 1693/2671/2333 1714/2669/2331 1706/2687/2349
f 1706/2687/2349 1714/2669/2331 1713/2667/2329
f 1706/2687/2349 1713/2667/2329 1722/2685/2347
f 1722/2685/2347 1713/2667/2329 1712/2665/2327
f 1722/2685/2347 1712/2665/2327 1721/2683/2345
f 1704/2672/2334 1724/2674/2336 1723/2693/2355
f 1725/2696/2358 1704/2672/2334 1723/2693/2355
f 1723/2693/2355 1696/2692/2354 1725/2696/2358
f 543/2699/745 1727/2700/2361 544/2701/741
f 544/2701/741 1727/2700/2361 1743/2702/2362
f 544/2701/741 1743/2702/2362 1736/2703/2363
f 1736/2703/2363 1743/2702/2362 1742/2704/2364
f 1736/2703/2363 1742/2704/2364 1745/2705/2365
f 1745/2705/2365 1742/2704/2364 1741/2706/2366
f 1745/2705/2365 1741/2706/2366 1744/2707/2367
f 1744/2707/2367 1741/2706/2366 1740/2708/2368
f 1744/2707/2367 1740/2708/2368 1697/2709/2369
f 1697/2709/2369 1740/2708/2368 1746/2710/2370
f 1697/2709/2369 1746/2710/2370 1698/2711/2371
f 1698/2711/2371 1746/2710/2370 1740/2708/2368
f 1698/2711/2371 1740/2708/2368 1739/2712/2372
f 1739/2712/2372 1740/2708/2368 1731/2713/2373
f 1739/2712/2372 1731/2713/2373 1732/2714/2374
f 1727/2700/2361 1728/2715/2375 1743/2702/2362
f 1743/2702/2362 1728/2715/2375 1742/2704/2364
f 1728/2715/2375 1729/2716/2376 1742/2704/2364
f 1742/2704/2364 1729/2716/2376 1741/2706/2366
f 1729/2716/2376 1730/2717/2377 1741/2706/2366
f 1741/2706/2366 1730/2717/2377 1740/2708/2368
f 1730/2717/2377 1731/2713/2373 1740/2708/2368
f 1739/2712/2372 1732/2714/2374 1738/2718/2378
f 1738/2718/2378 1732/2714/2374 1733/2719/2379
f 1738/2718/2378 1733/2719/2379 1737/2720/2380
f 1737/2720/2380 1733/2719/2379 1734/2721/2381
f 1737/2720/2380 1734/2721/2381 1700/2722/2382
f 1700/2722/2382 1734/2721/2381 1701/2723/2383
f 1701/2723/2383 1734/2721/2381 1735/2724/2384
f 1701/2723/2383 1735/2724/2384 1702/2725/2385
f 1702/2725/2385 1735/2724/2384 1680/2726/2313
f 1737/2720/2380 1700/2722/2382 1738/2718/2378
f 1738/2718/2378 1700/2722/2382 1699/2727/2386
f 1738/2718/2378 1699/2727/2386 1739/2712/2372
f 1739/2712/2372 1699/2727/2386 1698/2711/2371
f 1697/2709/2369 1696/2728/2387 1744/2707/2367
f 1744/2707/2367 1696/2728/2387 1745/2705/2365
f 1696/2728/2387 1695/2729/2388 1745/2705/2365
f 1745/2705/2365 1695/2729/2388 1736/2703/2363
f 1736/2703/2363 1695/2729/2388 1747/2730/2389
f 1747/2730/2389 1695/2729/2388 1694/2731/2390
f 1747/2730/2389 1694/2731/2390 1736/2703/2363
f 1736/2703/2363 1694/2731/2390 544/2701/741
f 1694/2731/2390 545/2732/743 544/2701/741
f 1691/2733/2391 1690/2734/2392 1758/2735/2393
f 1758/2735/2393 1690/2734/2392 1760/2736/2394
f 1758/2735/2393 1760/2736/2394 1766/2737/2395
f 1766/2737/2395 1760/2736/2394 1767/2738/2396
f 1766/2737/2395 1767/2738/2396 1765/2739/2397
f 1765/2739/2397 1767/2738/2396 1688/2740/2398
f 1765/2739/2397 1688/2740/2398 1764/2741/2399
f 1764/2741/2399 1688/2740/2398 1687/2742/2400
f 1764/2741/2399 1687/2742/2400 1763/2743/2401
f 1763/2743/2401 1687/2742/2400 1686/2744/2402
f 1763/2743/2401 1686/2744/2402 1771/2745/2403
f 1771/2745/2403 1686/2744/2402 1685/2746/2404
f 1771/2745/2403 1685/2746/2404 1770/2747/2405
f 1770/2747/2405 1685/2746/2404 1769/2748/2406
f 1770/2747/2405 1769/2748/2406 1751/2749/2407
f 1751/2749/2407 1769/2748/2406 1750/2750/2408
f 1750/2750/2408 1769/2748/2406 1768/2751/2409
f 1750/2750/2408 1768/2751/2409 1749/2752/2410
f 1749/2752/2410 1768/2751/2409 1684/2753/2411
f 1749/2752/2410 1684/2753/2411 1683/2754/2412
f 1689/2755/2413 1762/2756/2414 1690/2734/2392
f 1690/2734/2392 1762/2756/2414 1761/2757/2415
f 1690/2734/2392 1761/2757/2415 1760/2736/2394
f 1760/2736/2394 1761/2757/2415 1689/2755/2413
f 1760/2736/2394 1689/2755/2413 1767/2738/2396
f 1767/2738/2396 1689/2755/2413 1688/2740/2398
f 1685/2746/2404 1684/2753/2411 1769/2748/2406
f 1769/2748/2406 1684/2753/2411 1768/2751/2409
f 1749/2752/2410 1683/2754/2412 1748/2758/2416
f 1748/2758/2416 1683/2754/2412 1682/2759/2417
f 1748/2758/2416 1682/2759/2417 1681/2760/2315
f 1751/2749/2407 1752/2761/2418 1770/2747/2405
f 1770/2747/2405 1752/2761/2418 1771/2745/2403
f 1752/2761/2418 1753/2762/2419 1771/2745/2403
f 1771/2745/2403 1753/2762/2419 1772/2763/2420
f 1771/2745/2403 1772/2763/2420 1763/2743/2401
f 1763/2743/2401 1772/2763/2420 1764/2741/2399
f 1753/2762/2419 1754/2764/2421 1772/2763/2420
f 1772/2763/2420 1754/2764/2421 1773/2765/2422
f 1772/2763/2420 1773/2765/2422 1764/2741/2399
f 1764/2741/2399 1773/2765/2422 1765/2739/2397
f 1773/2765/2422 1754/2764/2421 1775/2766/2423
f 1775/2766/2423 1754/2764/2421 1755/2767/2424
f 1775/2766/2423 1755/2767/2424 1759/2768/2425
f 1759/2768/2425 1755/2767/2424 1756/2769/2426
f 1759/2768/2425 1756/2769/2426 1758/2735/2393
f 1758/2735/2393 1756/2769/2426 1757/2770/2427
f 1759/2768/2425 1758/2735/2393 1774/2771/2428
f 1774/2771/2428 1758/2735/2393 1766/2737/2395
f 1774/2771/2428 1766/2737/2395 1765/2739/2397
f 1761/2757/2415 1762/2756/2414 1689/2755/2413
f 1774/2771/2428 1765/2739/2397 1773/2765/2422
f 1759/2768/2425 1774/2771/2428 1773/2765/2422
f 1775/2766/2423 1759/2768/2425 1773/2765/2422
f 542/2772/746 548/2773/747 543/2774/2429
f 543/2774/2429 548/2773/747 1727/2775/2430
f 1727/2775/2430 548/2773/747 1804/2776/2431
f 1727/2775/2430 1804/2776/2431 1779/2777/2432
f 1779/2777/2432 1804/2776/2431 1805/2778/2433
f 1779/2777/2432 1805/2778/2433 1728/2779/2434
f 1728/2779/2434 1805/2778/2433 1729/2780/2435
f 1729/2780/2435 1805/2778/2433 1803/2781/2436
f 1729/2780/2435 1803/2781/2436 1802/2782/2437
f 1802/2782/2437 1803/2781/2436 1798/2783/2438
f 1802/2782/2437 1798/2783/2438 1797/2784/2439
f 1797/2784/2439 1798/2783/2438 1789/2785/2440
f 1797/2784/2439 1789/2785/2440 1788/2786/2441
f 1788/2786/2441 1789/2785/2440 1784/2787/2442
f 1788/2786/2441 1784/2787/2442 1785/2788/2443
f 1785/2788/2443 1784/2787/2442 1751/2789/2444
f 1785/2788/2443 1751/2789/2444 1750/2790/2445
f 547/2791/748 1757/2792/2446 548/2773/747
f 548/2773/747 1757/2792/2446 1756/2793/2447
f 548/2773/747 1756/2793/2447 1778/2794/2448
f 1778/2794/2448 1756/2793/2447 1755/2795/2449
f 1778/2794/2448 1755/2795/2449 1793/2796/2450
f 1793/2796/2450 1755/2795/2449 1754/2797/2451
f 1793/2796/2450 1754/2797/2451 1781/2798/2452
f 1781/2798/2452 1754/2797/2451 1794/2799/2453
f 1781/2798/2452 1794/2799/2453 1782/2800/2454
f 1782/2800/2454 1794/2799/2453 1753/2801/2455
f 1782/2800/2454 1753/2801/2455 1783/2802/2456
f 1783/2802/2456 1753/2801/2455 1752/2803/2457
f 1783/2802/2456 1752/2803/2457 1784/2787/2442
f 1784/2787/2442 1752/2803/2457 1751/2789/2444
f 1754/2797/2451 1753/2801/2455 1794/2799/2453
f 1749/2804/2458 1786/2805/2459 1750/2790/2445
f 1750/2790/2445 1786/2805/2459 1787/2806/2460
f 1750/2790/2445 1787/2806/2460 1785/2788/2443
f 1785/2788/2443 1787/2806/2460 1788/2786/2441
f 1786/2805/2459 1749/2804/2458 1777/2807/2461
f 1777/2807/2461 1749/2804/2458 1748/2808/2462
f 1777/2807/2461 1748/2808/2462 1681/2809/2315
f 1680/2810/2313 1735/2811/2463 1681/2809/2315
f 1681/2809/2315 1735/2811/2463 1777/2807/2461
f 1735/2811/2463 1734/2812/2464 1777/2807/2461
f 1777/2807/2461 1734/2812/2464 1733/2813/2465
f 1777/2807/2461 1733/2813/2465 1786/2805/2459
f 1786/2805/2459 1733/2813/2465 1795/2814/2466
f 1786/2805/2459 1795/2814/2466 1787/2806/2460
f 1787/2806/2460 1795/2814/2466 1796/2815/2467
f 1787/2806/2460 1796/2815/2467 1788/2786/2441
f 1788/2786/2441 1796/2815/2467 1797/2784/2439
f 1733/2813/2465 1732/2816/2468 1795/2814/2466
f 1795/2814/2466 1732/2816/2468 1796/2815/2467
f 1732/2816/2468 1731/2817/2469 1796/2815/2467
f 1796/2815/2467 1731/2817/2469 1797/2784/2439
f 1797/2784/2439 1731/2817/2469 1801/2818/2470
f 1801/2818/2470 1731/2817/2469 1730/2819/2471
f 1801/2818/2470 1730/2819/2471 1802/2782/2437
f 1802/2782/2437 1730/2819/2471 1806/2820/2472
f 1802/2782/2437 1806/2820/2472 1729/2780/2435
f 1729/2780/2435 1806/2820/2472 1730/2819/2471
f 1728/2779/2434 1727/2775/2430 1779/2777/2432
f 1802/2782/2437 1797/2784/2439 1801/2818/2470
f 1776/2821/2473 548/2773/747 1800/2822/2474
f 1800/2822/2474 548/2773/747 1792/2823/2475
f 1800/2822/2474 1792/2823/2475 1791/2824/2476
f 1791/2824/2476 1792/2823/2475 1781/2798/2452
f 1791/2824/2476 1781/2798/2452 1782/2800/2454
f 1781/2798/2452 1792/2823/2475 1780/2825/2477
f 1780/2825/2477 1792/2823/2475 548/2773/747
f 1780/2825/2477 548/2773/747 1778/2794/2448
f 1778/2794/2448 1793/2796/2450 1780/2825/2477
f 1780/2825/2477 1793/2796/2450 1781/2798/2452
f 1782/2800/2454 1783/2802/2456 1790/2826/2478
f 1790/2826/2478 1783/2802/2456 1789/2785/2440
f 1790/2826/2478 1789/2785/2440 1798/2783/2438
f 1783/2802/2456 1784/2787/2442 1789/2785/2440
f 1782/2800/2454 1790/2826/2478 1791/2824/2476
f 1791/2824/2476 1790/2826/2478 1799/2827/2479
f 1791/2824/2476 1799/2827/2479 1800/2822/2474
f 1800/2822/2474 1799/2827/2479 1776/2821/2473
f 1799/2827/2479 1790/2826/2478 1798/2783/2438
f 1776/2821/2473 1799/2827/2479 1803/2781/2436
f 1803/2781/2436 1799/2827/2479 1798/2783/2438
f 548/2773/747 1776/2821/2473 1804/2776/2431
f 1804/2776/2431 1776/2821/2473 1803/2781/2436
f 1804/2776/2431 1803/2781/2436 1805/2778/2433
f 492/2828/690 515/2829/691 493/2830/2480
f 493/2830/2480 515/2829/691 524/2831/2481
f 493/2830/2480 524/2831/2481 1758/2832/2393
f 1758/2832/2393 524/2831/2481 1692/2833/2482
f 1758/2832/2393 1692/2833/2482 1691/2834/2391
f 1757/2835/2427 547/2836/2483 1758/2832/2393
f 1758/2832/2393 547/2836/2483 493/2830/2480
f 524/2837/706 523/2838/704 1692/2839/2352
f 1692/2839/2352 523/2838/704 1693/2840/2333
f 1693/2840/2333 523/2838/704 522/2841/698
f 1693/2840/2333 522/2841/698 546/2842/2335
f 546/2842/2335 522/2841/698 521/2843/697
f 1829/2844/2484 1807/2845/2485 1834/2846/2486
f 1834/2846/2486 1807/2845/2485 1808/2847/2487
f 1834/2846/2486 1808/2847/2487 1809/2848/2488
f 1809/2848/2488 1810/2849/2489 1834/2846/2486
f 1834/2846/2486 1810/2849/2489 1835/2850/2490
f 1834/2846/2486 1835/2850/2490 1828/2851/2491
f 1828/2851/2491 1835/2850/2490 1827/2852/2492
f 1827/2852/2492 1835/2850/2490 1836/2853/2493
f 1827/2852/2492 1836/2853/2493 1847/2854/2494
f 1847/2854/2494 1836/2853/2493 1837/2855/2495
f 1847/2854/2494 1837/2855/2495 1846/2856/2496
f 1846/2856/2496 1837/2855/2495 1838/2857/2497
f 1846/2856/2496 1838/2857/2497 1845/2858/2498
f 1845/2858/2498 1838/2857/2497 1839/2859/2499
f 1845/2858/2498 1839/2859/2499 1844/2860/2500
f 1844/2860/2500 1839/2859/2499 1840/2861/2501
f 1844/2860/2500 1840/2861/2501 1843/2862/2502
f 1843/2862/2502 1840/2861/2501 1841/2863/2503
f 1843/2862/2502 1841/2863/2503 1842/2864/2504
f 1842/2864/2504 1841/2863/2503 1820/2865/2505
f 1842/2864/2504 1820/2865/2505 1831/2866/2506
f 1831/2866/2506 1820/2865/2505 483/2867/2507
f 1831/2866/2506 483/2867/2507 1851/2868/2508
f 1851/2868/2508 483/2867/2507 1821/2869/2509
f 1851/2868/2508 1821/2869/2509 1830/2870/2510
f 1830/2870/2510 1821/2869/2509 1832/2871/2511
f 1830/2870/2510 1832/2871/2511 1822/2872/2512
f 1822/2872/2512 1832/2871/2511 1821/2869/2509
f 1810/2849/2489 1811/2873/2513 1835/2850/2490
f 1835/2850/2490 1811/2873/2513 1836/2853/2493
f 1811/2873/2513 1812/2874/2514 1836/2853/2493
f 1836/2853/2493 1812/2874/2514 1837/2855/2495
f 1812/2874/2514 1813/2875/2515 1837/2855/2495
f 1837/2855/2495 1813/2875/2515 1838/2857/2497
f 1813/2875/2515 1814/2876/2516 1838/2857/2497
f 1838/2857/2497 1814/2876/2516 1839/2859/2499
f 1839/2859/2499 1814/2876/2516 1848/2877/2517
f 1848/2877/2517 1814/2876/2516 1815/2878/2518
f 1848/2877/2517 1815/2878/2518 1849/2879/2519
f 1849/2879/2519 1815/2878/2518 1816/2880/2520
f 1849/2879/2519 1816/2880/2520 1833/2881/2521
f 1833/2881/2521 1816/2880/2520 1817/2882/2522
f 1833/2881/2521 1817/2882/2522 1820/2865/2505
f 1820/2865/2505 1817/2882/2522 1818/2883/2523
f 1820/2865/2505 1818/2883/2523 1819/2884/2524
f 483/2867/2507 482/2885/2525 1821/2869/2509
f 1823/2886/2526 1850/2887/2527 1822/2872/2512
f 1822/2872/2512 1850/2887/2527 1851/2868/2508
f 1822/2872/2512 1851/2868/2508 1830/2870/2510
f 1824/2888/2528 1853/2889/2529 1823/2886/2526
f 1823/2886/2526 1853/2889/2529 1843/2862/2502
f 1823/2886/2526 1843/2862/2502 1852/2890/2530
f 1852/2890/2530 1843/2862/2502 1842/2864/2504
f 1852/2890/2530 1842/2864/2504 1831/2866/2506
f 1825/2891/2531 1845/2858/2498 1824/2888/2528
f 1824/2888/2528 1845/2858/2498 1844/2860/2500
f 1824/2888/2528 1844/2860/2500 1853/2889/2529
f 1853/2889/2529 1844/2860/2500 1843/2862/2502
f 1845/2858/2498 1825/2891/2531 1846/2856/2496
f 1846/2856/2496 1825/2891/2531 1826/2892/2532
f 1846/2856/2496 1826/2892/2532 1847/2854/2494
f 1847/2854/2494 1826/2892/2532 1827/2852/2492
f 1828/2851/2491 1829/2844/2484 1834/2846/2486
f 1820/2865/2505 1841/2863/2503 1833/2881/2521
f 1833/2881/2521 1841/2863/2503 1840/2861/2501
f 1833/2881/2521 1840/2861/2501 1849/2879/2519
f 1849/2879/2519 1840/2861/2501 1839/2859/2499
f 1849/2879/2519 1839/2859/2499 1848/2877/2517
f 1831/2866/2506 1851/2868/2508 1850/2887/2527
f 1852/2890/2530 1831/2866/2506 1850/2887/2527
f 1850/2887/2527 1823/2886/2526 1852/2890/2530
f 480/2893/651 1854/2894/2533 481/2895/647
f 481/2895/647 1854/2894/2533 1870/2896/2534
f 481/2895/647 1870/2896/2534 1863/2897/2535
f 1863/2897/2535 1870/2896/2534 1869/2898/2536
f 1863/2897/2535 1869/2898/2536 1872/2899/2537
f 1872/2899/2537 1869/2898/2536 1868/2900/2538
f 1872/2899/2537 1868/2900/2538 1871/2901/2539
f 1871/2901/2539 1868/2900/2538 1867/2902/2540
f 1871/2901/2539 1867/2902/2540 1824/2903/2541
f 1824/2903/2541 1867/2902/2540 1873/2904/2542
f 1824/2903/2541 1873/2904/2542 1825/2905/2543
f 1825/2905/2543 1873/2904/2542 1867/2902/2540
f 1825/2905/2543 1867/2902/2540 1866/2906/2544
f 1866/2906/2544 1867/2902/2540 1858/2907/2545
f 1866/2906/2544 1858/2907/2545 1859/2908/2546
f 1854/2894/2533 1855/2909/2547 1870/2896/2534
f 1870/2896/2534 1855/2909/2547 1869/2898/2536
f 1855/2909/2547 1856/2910/2548 1869/2898/2536
f 1869/2898/2536 1856/2910/2548 1868/2900/2538
f 1856/2910/2548 1857/2911/2549 1868/2900/2538
f 1868/2900/2538 1857/2911/2549 1867/2902/2540
f 1857/2911/2549 1858/2907/2545 1867/2902/2540
f 1866/2906/2544 1859/2908/2546 1865/2912/2550
f 1865/2912/2550 1859/2908/2546 1860/2913/2551
f 1865/2912/2550 1860/2913/2551 1864/2914/2552
f 1864/2914/2552 1860/2913/2551 1861/2915/2553
f 1864/2914/2552 1861/2915/2553 1827/2916/2554
f 1827/2916/2554 1861/2915/2553 1828/2917/2555
f 1828/2917/2555 1861/2915/2553 1862/2918/2556
f 1828/2917/2555 1862/2918/2556 1829/2919/2557
f 1829/2919/2557 1862/2918/2556 1807/2920/2485
f 1864/2914/2552 1827/2916/2554 1865/2912/2550
f 1865/2912/2550 1827/2916/2554 1826/2921/2558
f 1865/2912/2550 1826/2921/2558 1866/2906/2544
f 1866/2906/2544 1826/2921/2558 1825/2905/2543
f 1824/2903/2541 1823/2922/2559 1871/2901/2539
f 1871/2901/2539 1823/2922/2559 1872/2899/2537
f 1823/2922/2559 1822/2923/2560 1872/2899/2537
f 1872/2899/2537 1822/2923/2560 1863/2897/2535
f 1863/2897/2535 1822/2923/2560 1874/2924/2561
f 1874/2924/2561 1822/2923/2560 1821/2925/2562
f 1874/2924/2561 1821/2925/2562 1863/2897/2535
f 1863/2897/2535 1821/2925/2562 481/2895/647
f 1821/2925/2562 482/2926/649 481/2895/647
f 1818/2927/2563 1817/2928/2564 1885/2929/2565
f 1885/2929/2565 1817/2928/2564 1887/2930/2566
f 1885/2929/2565 1887/2930/2566 1893/2931/2567
f 1893/2931/2567 1887/2930/2566 1894/2932/2568
f 1893/2931/2567 1894/2932/2568 1892/2933/2569
f 1892/2933/2569 1894/2932/2568 1815/2934/2570
f 1892/2933/2569 1815/2934/2570 1891/2935/2571
f 1891/2935/2571 1815/2934/2570 1814/2936/2572
f 1891/2935/2571 1814/2936/2572 1890/2937/2573
f 1890/2937/2573 1814/2936/2572 1813/2938/2574
f 1890/2937/2573 1813/2938/2574 1898/2939/2575
f 1898/2939/2575 1813/2938/2574 1812/2940/2576
f 1898/2939/2575 1812/2940/2576 1897/2941/2577
f 1897/2941/2577 1812/2940/2576 1896/2942/2578
f 1897/2941/2577 1896/2942/2578 1878/2943/2579
f 1878/2943/2579 1896/2942/2578 1877/2944/2580
f 1877/2944/2580 1896/2942/2578 1895/2945/2581
f 1877/2944/2580 1895/2945/2581 1876/2946/2582
f 1876/2946/2582 1895/2945/2581 1811/2947/2583
f 1876/2946/2582 1811/2947/2583 1810/2948/2584
f 1816/2949/2585 1889/2950/2586 1817/2928/2564
f 1817/2928/2564 1889/2950/2586 1888/2951/2587
f 1817/2928/2564 1888/2951/2587 1887/2930/2566
f 1887/2930/2566 1888/2951/2587 1816/2949/2585
f 1887/2930/2566 1816/2949/2585 1894/2932/2568
f 1894/2932/2568 1816/2949/2585 1815/2934/2570
f 1812/2940/2576 1811/2947/2583 1896/2942/2578
f 1896/2942/2578 1811/2947/2583 1895/2945/2581
f 1876/2946/2582 1810/2948/2584 1875/2952/2588
f 1875/2952/2588 1810/2948/2584 1809/2953/2589
f 1875/2952/2588 1809/2953/2589 1808/2954/2487
f 1878/2943/2579 1879/2955/2590 1897/2941/2577
f 1897/2941/2577 1879/2955/2590 1898/2939/2575
f 1879/2955/2590 1880/2956/2591 1898/2939/2575
f 1898/2939/2575 1880/2956/2591 1899/2957/2592
f 1898/2939/2575 1899/2957/2592 1890/2937/2573
f 1890/2937/2573 1899/2957/2592 1891/2935/2571
f 1880/2956/2591 1881/2958/2593 1899/2957/2592
f 1899/2957/2592 1881/2958/2593 1900/2959/2594
f 1899/2957/2592 1900/2959/2594 1891/2935/2571
f 1891/2935/2571 1900/2959/2594 1892/2933/2569
f 1900/2959/2594 1881/2958/2593 1902/2960/2595
f 1902/2960/2595 1881/2958/2593 1882/2961/2596
f 1902/2960/2595 1882/2961/2596 1886/2962/2597
f 1886/2962/2597 1882/2961/2596 1883/2963/2598
f 1886/2962/2597 1883/2963/2598 1885/2929/2565
f 1885/2929/2565 1883/2963/2598 1884/2964/2599
f 1886/2962/2597 1885/2929/2565 1901/2965/2600
f 1901/2965/2600 1885/2929/2565 1893/2931/2567
f 1901/2965/2600 1893/2931/2567 1892/2933/2569
f 1888/2951/2587 1889/2950/2586 1816/2949/2585
f 1901/2965/2600 1892/2933/2569 1900/2959/2594
f 1886/2962/2597 1901/2965/2600 1900/2959/2594
f 1902/2960/2595 1886/2962/2597 1900/2959/2594
f 479/2966/652 485/2967/653 480/2968/2601
f 480/2968/2601 485/2967/653 1854/2969/2602
f 1854/2969/2602 485/2967/653 1931/2970/2603
f 1854/2969/2602 1931/2970/2603 1906/2971/2604
f 1906/2971/2604 1931/2970/2603 1932/2972/2605
f 1906/2971/2604 1932/2972/2605 1855/2973/2606
f 1855/2973/2606 1932/2972/2605 1856/2974/2607
f 1856/2974/2607 1932/2972/2605 1930/2975/2608
f 1856/2974/2607 1930/2975/2608 1929/2976/2609
f 1929/2976/2609 1930/2975/2608 1925/2977/2610
f 1929/2976/2609 1925/2977/2610 1924/2978/2611
f 1924/2978/2611 1925/2977/2610 1916/2979/2612
f 1924/2978/2611 1916/2979/2612 1915/2980/2613
f 1915/2980/2613 1916/2979/2612 1911/2981/2614
f 1915/2980/2613 1911/2981/2614 1912/2982/2615
f 1912/2982/2615 1911/2981/2614 1878/2983/2616
f 1912/2982/2615 1878/2983/2616 1877/2984/2617
f 484/2985/654 1884/2986/2618 485/2967/653
f 485/2967/653 1884/2986/2618 1883/2987/2619
f 485/2967/653 1883/2987/2619 1905/2988/2620
f 1905/2988/2620 1883/2987/2619 1882/2989/2621
f 1905/2988/2620 1882/2989/2621 1920/2990/2622
f 1920/2990/2622 1882/2989/2621 1881/2991/2623
f 1920/2990/2622 1881/2991/2623 1908/2992/2624
f 1908/2992/2624 1881/2991/2623 1921/2993/2625
f 1908/2992/2624 1921/2993/2625 1909/2994/2626
f 1909/2994/2626 1921/2993/2625 1880/2995/2627
f 1909/2994/2626 1880/2995/2627 1910/2996/2628
f 1910/2996/2628 1880/2995/2627 1879/2997/2629
f 1910/2996/2628 1879/2997/2629 1911/2981/2614
f 1911/2981/2614 1879/2997/2629 1878/2983/2616
f 1881/2991/2623 1880/2995/2627 1921/2993/2625
f 1876/2998/2630 1913/2999/2631 1877/2984/2617
f 1877/2984/2617 1913/2999/2631 1914/3000/2632
f 1877/2984/2617 1914/3000/2632 1912/2982/2615
f 1912/2982/2615 1914/3000/2632 1915/2980/2613
f 1913/2999/2631 1876/2998/2630 1904/3001/2633
f 1904/3001/2633 1876/2998/2630 1875/3002/2634
f 1904/3001/2633 1875/3002/2634 1808/3003/2487
f 1807/3004/2485 1862/3005/2635 1808/3003/2487
f 1808/3003/2487 1862/3005/2635 1904/3001/2633
f 1862/3005/2635 1861/3006/2636 1904/3001/2633
f 1904/3001/2633 1861/3006/2636 1860/3007/2637
f 1904/3001/2633 1860/3007/2637 1913/2999/2631
f 1913/2999/2631 1860/3007/2637 1922/3008/2638
f 1913/2999/2631 1922/3008/2638 1914/3000/2632
f 1914/3000/2632 1922/3008/2638 1923/3009/2639
f 1914/3000/2632 1923/3009/2639 1915/2980/2613
f 1915/2980/2613 1923/3009/2639 1924/2978/2611
f 1860/3007/2637 1859/3010/2640 1922/3008/2638
f 1922/3008/2638 1859/3010/2640 1923/3009/2639
f 1859/3010/2640 1858/3011/2641 1923/3009/2639
f 1923/3009/2639 1858/3011/2641 1924/2978/2611
f 1924/2978/2611 1858/3011/2641 1928/3012/2642
f 1928/3012/2642 1858/3011/2641 1857/3013/2643
f 1928/3012/2642 1857/3013/2643 1929/2976/2609
f 1929/2976/2609 1857/3013/2643 1933/3014/2644
f 1929/2976/2609 1933/3014/2644 1856/2974/2607
f 1856/2974/2607 1933/3014/2644 1857/3013/2643
f 1855/2973/2606 1854/2969/2602 1906/2971/2604
f 1929/2976/2609 1924/2978/2611 1928/3012/2642
f 1903/3015/2645 485/2967/653 1927/3016/2646
f 1927/3016/2646 485/2967/653 1919/3017/2647
f 1927/3016/2646 1919/3017/2647 1918/3018/2648
f 1918/3018/2648 1919/3017/2647 1908/2992/2624
f 1918/3018/2648 1908/2992/2624 1909/2994/2626
f 1908/2992/2624 1919/3017/2647 1907/3019/2649
f 1907/3019/2649 1919/3017/2647 485/2967/653
f 1907/3019/2649 485/2967/653 1905/2988/2620
f 1905/2988/2620 1920/2990/2622 1907/3019/2649
f 1907/3019/2649 1920/2990/2622 1908/2992/2624
f 1909/2994/2626 1910/2996/2628 1917/3020/2650
f 1917/3020/2650 1910/2996/2628 1916/2979/2612
f 1917/3020/2650 1916/2979/2612 1925/2977/2610
f 1910/2996/2628 1911/2981/2614 1916/2979/2612
f 1909/2994/2626 1917/3020/2650 1918/3018/2648
f 1918/3018/2648 1917/3020/2650 1926/3021/2651
f 1918/3018/2648 1926/3021/2651 1927/3016/2646
f 1927/3016/2646 1926/3021/2651 1903/3015/2645
f 1926/3021/2651 1917/3020/2650 1925/2977/2610
f 1903/3015/2645 1926/3021/2651 1930/2975/2608
f 1930/2975/2608 1926/3021/2651 1925/2977/2610
f 485/2967/653 1903/3015/2645 1931/2970/2603
f 1931/2970/2603 1903/3015/2645 1930/2975/2608
f 1931/2970/2603 1930/2975/2608 1932/2972/2605
f 429/3022/596 452/3023/597 430/3024/2652
f 430/3024/2652 452/3023/597 461/3025/2653
f 430/3024/2652 461/3025/2653 1885/3026/2565
f 1885/3026/2565 461/3025/2653 1819/3027/2654
f 1885/3026/2565 1819/3027/2654 1818/3028/2563
f 1884/3029/2599 484/3030/2655 1885/3026/2565
f 1885/3026/2565 484/3030/2655 430/3024/2652
f 461/3031/612 460/3032/610 1819/3033/2524
f 1819/3033/2524 460/3032/610 1820/3034/2505
f 1820/3034/2505 460/3032/610 459/3035/604
f 1820/3034/2505 459/3035/604 483/3036/2507
f 483/3036/2507 459/3035/604 458/3037/603
f 1935/3038/2656 1936/3039/2657 1934/3040/2658
f 1934/3040/2658 1936/3039/2657 1957/3041/2659
f 1934/3040/2658 1957/3041/2659 1954/3042/2660
f 1954/3042/2660 1957/3041/2659 1953/3043/2661
f 1953/3043/2661 1957/3041/2659 1958/3044/2662
f 1953/3043/2661 1958/3044/2662 1952/3045/2663
f 1952/3045/2663 1958/3044/2662 1959/3046/2664
f 1952/3045/2663 1959/3046/2664 1960/3047/2665
f 1960/3047/2665 1959/3046/2664 1969/3048/2666
f 1960/3047/2665 1969/3048/2666 1970/3049/2667
f 1970/3049/2667 1969/3048/2666 1940/3050/2668
f 1970/3049/2667 1940/3050/2668 1941/3051/2669
f 1936/3039/2657 1937/3052/2670 1957/3041/2659
f 1957/3041/2659 1937/3052/2670 1938/3053/2671
f 1957/3041/2659 1938/3053/2671 1958/3044/2662
f 1958/3044/2662 1938/3053/2671 1968/3054/2672
f 1958/3044/2662 1968/3054/2672 1959/3046/2664
f 1959/3046/2664 1968/3054/2672 1969/3048/2666
f 1938/3053/2671 1939/3055/2673 1968/3054/2672
f 1968/3054/2672 1939/3055/2673 1969/3048/2666
f 1939/3055/2673 1940/3050/2668 1969/3048/2666
f 1942/3056/2674 1974/3057/2675 1941/3051/2669
f 1941/3051/2669 1974/3057/2675 1971/3058/2676
f 1941/3051/2669 1971/3058/2676 1970/3049/2667
f 1970/3049/2667 1971/3058/2676 1961/3059/2677
f 1970/3049/2667 1961/3059/2677 1960/3047/2665
f 1960/3047/2665 1961/3059/2677 1951/3060/2678
f 1960/3047/2665 1951/3060/2678 1952/3045/2663
f 1943/3061/2679 1977/3062/2680 1942/3056/2674
f 1942/3056/2674 1977/3062/2680 1975/3063/2681
f 1942/3056/2674 1975/3063/2681 1974/3057/2675
f 1974/3057/2675 1975/3063/2681 1971/3058/2676
f 1944/3064/2682 1955/3065/2683 1943/3061/2679
f 1943/3061/2679 1955/3065/2683 1978/3066/2684
f 1943/3061/2679 1978/3066/2684 1976/3067/2685
f 1976/3067/2685 1978/3066/2684 1944/3064/2682
f 1976/3067/2685 1944/3064/2682 1956/3068/2686
f 1956/3068/2686 1944/3064/2682 1357/3069/1865
f 1956/3068/2686 1357/3069/1865 1973/3070/2687
f 1973/3070/2687 1357/3069/1865 1964/3071/2688
f 1973/3070/2687 1964/3071/2688 1963/3072/2689
f 1963/3072/2689 1964/3071/2688 1966/3073/2690
f 1963/3072/2689 1966/3073/2690 1967/3074/2691
f 1967/3074/2691 1966/3073/2690 1948/3075/2692
f 1967/3074/2691 1948/3075/2692 1949/3076/2693
f 1944/3064/2682 1945/3077/2694 1357/3069/1865
f 1357/3069/1865 1945/3077/2694 1358/3078/1864
f 1356/3079/1866 1362/3080/2695 1357/3069/1865
f 1357/3069/1865 1362/3080/2695 1946/3081/2696
f 1357/3069/1865 1946/3081/2696 1965/3082/2697
f 1965/3082/2697 1946/3081/2696 1947/3083/2698
f 1965/3082/2697 1947/3083/2698 1966/3073/2690
f 1966/3073/2690 1947/3083/2698 1948/3075/2692
f 1967/3074/2691 1949/3076/2693 1962/3084/2699
f 1962/3084/2699 1949/3076/2693 1950/3085/2700
f 1962/3084/2699 1950/3085/2700 1961/3059/2677
f 1961/3059/2677 1950/3085/2700 1951/3060/2678
f 1955/3065/2683 1944/3064/2682 1978/3066/2684
f 1967/3074/2691 1962/3084/2699 1963/3072/2689
f 1963/3072/2689 1962/3084/2699 1972/3086/2701
f 1963/3072/2689 1972/3086/2701 1973/3070/2687
f 1973/3070/2687 1972/3086/2701 1956/3068/2686
f 1972/3086/2701 1962/3084/2699 1971/3058/2676
f 1971/3058/2676 1962/3084/2699 1961/3059/2677
f 1965/3082/2697 1966/3073/2690 1964/3071/2688
f 1964/3071/2688 1357/3069/1865 1965/3082/2697
f 1956/3068/2686 1972/3086/2701 1975/3063/2681
f 1975/3063/2681 1972/3086/2701 1971/3058/2676
f 1976/3067/2685 1956/3068/2686 1975/3063/2681
f 1943/3061/2679 1976/3067/2685 1977/3062/2680
f 1977/3062/2680 1976/3067/2685 1975/3063/2681
f 1935/3087/2656 1979/3088/2702 1936/3089/2703
f 1936/3089/2703 1979/3088/2702 1937/3090/2704
f 1937/3090/2704 1979/3088/2702 1980/3091/2705
f 1937/3090/2704 1980/3091/2705 1938/3092/2706
f 1938/3092/2706 1980/3091/2705 1995/3093/2707
f 1938/3092/2706 1995/3093/2707 1996/3094/2708
f 1996/3094/2708 1995/3093/2707 1981/3095/2709
f 1996/3094/2708 1981/3095/2709 1982/3096/2710
f 1980/3091/2705 1981/3095/2709 1995/3093/2707
f 1996/3094/2708 1982/3096/2710 1997/3097/2711
f 1997/3097/2711 1982/3096/2710 1983/3098/2712
f 1997/3097/2711 1983/3098/2712 1998/3099/2713
f 1998/3099/2713 1983/3098/2712 1984/3100/2714
f 1998/3099/2713 1984/3100/2714 1994/3101/2715
f 1994/3101/2715 1984/3100/2714 1985/3102/2716
f 1994/3101/2715 1985/3102/2716 1992/3103/2717
f 1992/3103/2717 1985/3102/2716 1986/3104/2718
f 1992/3103/2717 1986/3104/2718 1990/3105/2719
f 1990/3105/2719 1986/3104/2718 1987/3106/2720
f 1990/3105/2719 1987/3106/2720 1989/3107/2721
f 1989/3107/2721 1987/3106/2720 1988/3108/2722
f 1945/3109/2723 1944/3110/2724 1989/3107/2721
f 1989/3107/2721 1944/3110/2724 1991/3111/2725
f 1989/3107/2721 1991/3111/2725 1990/3105/2719
f 1990/3105/2719 1991/3111/2725 1993/3112/2726
f 1990/3105/2719 1993/3112/2726 1992/3103/2717
f 1992/3103/2717 1993/3112/2726 1942/3113/2727
f 1992/3103/2717 1942/3113/2727 1999/3114/2728
f 1999/3114/2728 1942/3113/2727 1941/3115/2729
f 1999/3114/2728 1941/3115/2729 1994/3101/2715
f 1994/3101/2715 1941/3115/2729 1998/3099/2713
f 1991/3111/2725 1944/3110/2724 2001/3116/2730
f 2001/3116/2730 1944/3110/2724 1943/3117/2731
f 2001/3116/2730 1943/3117/2731 1991/3111/2725
f 1991/3111/2725 1943/3117/2731 1993/3112/2726
f 1943/3117/2731 1942/3113/2727 1993/3112/2726
f 1998/3099/2713 1941/3115/2729 2000/3118/2732
f 2000/3118/2732 1941/3115/2729 1940/3119/2733
f 2000/3118/2732 1940/3119/2733 1998/3099/2713
f 1998/3099/2713 1940/3119/2733 1997/3097/2711
f 1940/3119/2733 1939/3120/2734 1997/3097/2711
f 1997/3097/2711 1939/3120/2734 1996/3094/2708
f 1939/3120/2734 1938/3092/2706 1996/3094/2708
f 1994/3101/2715 1992/3103/2717 1999/3114/2728
f 1934/3121/2658 1954/3122/2735 2010/3123/2736
f 2010/3123/2736 1954/3122/2735 1953/3124/2737
f 2010/3123/2736 1953/3124/2737 2009/3125/2738
f 2009/3125/2738 1953/3124/2737 1952/3126/2739
f 2009/3125/2738 1952/3126/2739 2019/3127/2740
f 2019/3127/2740 1952/3126/2739 2018/3128/2741
f 2019/3127/2740 2018/3128/2741 2008/3129/2742
f 2008/3129/2742 2018/3128/2741 2007/3130/2743
f 2007/3130/2743 2018/3128/2741 2017/3131/2744
f 2007/3130/2743 2017/3131/2744 2016/3132/2745
f 2016/3132/2745 2017/3131/2744 1950/3133/2746
f 2016/3132/2745 1950/3133/2746 2020/3134/2747
f 2020/3134/2747 1950/3133/2746 1949/3135/2748
f 2020/3134/2747 1949/3135/2748 2021/3136/2749
f 2021/3136/2749 1949/3135/2748 1948/3137/2750
f 2021/3136/2749 1948/3137/2750 2022/3138/2751
f 2022/3138/2751 1948/3137/2750 2024/3139/2752
f 2022/3138/2751 2024/3139/2752 2011/3140/2753
f 2011/3140/2753 2024/3139/2752 1947/3141/2754
f 2011/3140/2753 1947/3141/2754 2025/3142/2755
f 2025/3142/2755 1947/3141/2754 2026/3143/2756
f 2025/3142/2755 2026/3143/2756 1946/3144/2757
f 1946/3144/2757 2026/3143/2756 1947/3141/2754
f 1952/3126/2739 1951/3145/2758 2018/3128/2741
f 2018/3128/2741 1951/3145/2758 2017/3131/2744
f 1951/3145/2758 1950/3133/2746 2017/3131/2744
f 1948/3137/2750 1947/3141/2754 2024/3139/2752
f 1362/3146/1871 1361/3147/1869 1946/3144/2757
f 1946/3144/2757 1361/3147/1869 2011/3140/2753
f 1946/3144/2757 2011/3140/2753 2025/3142/2755
f 1360/3148/1873 2002/3149/2759 1361/3147/1869
f 1361/3147/1869 2002/3149/2759 2012/3150/2760
f 1361/3147/1869 2012/3150/2760 2013/3151/2761
f 2013/3151/2761 2012/3150/2760 2027/3152/2762
f 2013/3151/2761 2027/3152/2762 2014/3153/2763
f 2014/3153/2763 2027/3152/2762 2004/3154/2764
f 2014/3153/2763 2004/3154/2764 2015/3155/2765
f 2015/3155/2765 2004/3154/2764 2005/3156/2766
f 2015/3155/2765 2005/3156/2766 2016/3132/2745
f 2016/3132/2745 2005/3156/2766 2006/3157/2767
f 2016/3132/2745 2006/3157/2767 2007/3130/2743
f 2002/3149/2759 2003/3158/2768 2012/3150/2760
f 2012/3150/2760 2003/3158/2768 2027/3152/2762
f 2003/3158/2768 2004/3154/2764 2027/3152/2762
f 2008/3129/2742 2009/3125/2738 2019/3127/2740
f 2011/3140/2753 1361/3147/1869 2023/3159/2769
f 2023/3159/2769 1361/3147/1869 2013/3151/2761
f 2023/3159/2769 2013/3151/2761 2014/3153/2763
f 2021/3136/2749 2022/3138/2751 2015/3155/2765
f 2015/3155/2765 2022/3138/2751 2014/3153/2763
f 2020/3134/2747 2021/3136/2749 2016/3132/2745
f 2016/3132/2745 2021/3136/2749 2015/3155/2765
f 2011/3140/2753 2023/3159/2769 2022/3138/2751
f 2022/3138/2751 2023/3159/2769 2014/3153/2763
f 1359/3160/2770 2028/3161/2771 1360/3162/2772
f 1360/3162/2772 2028/3161/2771 2002/3163/2773
f 2002/3163/2773 2028/3161/2771 2030/3164/2774
f 2002/3163/2773 2030/3164/2774 2003/3165/2775
f 2003/3165/2775 2030/3164/2774 2031/3166/2776
f 2003/3165/2775 2031/3166/2776 2004/3167/2777
f 2004/3167/2777 2031/3166/2776 2032/3168/2778
f 2004/3167/2777 2032/3168/2778 2005/3169/2779
f 2005/3169/2779 2032/3168/2778 2058/3170/2780
f 2005/3169/2779 2058/3170/2780 2057/3171/2781
f 2057/3171/2781 2058/3170/2780 2043/3172/2782
f 2057/3171/2781 2043/3172/2782 2042/3173/2783
f 2042/3173/2783 2043/3172/2782 2037/3174/2784
f 2042/3173/2783 2037/3174/2784 2038/3175/2785
f 2038/3175/2785 2037/3174/2784 1982/3176/2786
f 2038/3175/2785 1982/3176/2786 1981/3177/2787
f 2029/3178/2788 1988/3179/2789 2028/3161/2771
f 2028/3161/2771 1988/3179/2789 1987/3180/2790
f 2028/3161/2771 1987/3180/2790 2050/3181/2791
f 2050/3181/2791 1987/3180/2790 2051/3182/2792
f 2050/3181/2791 2051/3182/2792 1986/3183/2793
f 1986/3183/2793 2051/3182/2792 1987/3180/2790
f 2050/3181/2791 1986/3183/2793 2047/3184/2794
f 2047/3184/2794 1986/3183/2793 1985/3185/2795
f 2047/3184/2794 1985/3185/2795 2053/3186/2796
f 2053/3186/2796 1985/3185/2795 2048/3187/2797
f 2053/3186/2796 2048/3187/2797 2035/3188/2798
f 2035/3188/2798 2048/3187/2797 2036/3189/2799
f 2035/3188/2798 2036/3189/2799 2044/3190/2800
f 2044/3190/2800 2036/3189/2799 2043/3172/2782
f 2044/3190/2800 2043/3172/2782 2058/3170/2780
f 2048/3187/2797 1985/3185/2795 2054/3191/2801
f 2054/3191/2801 1985/3185/2795 1984/3192/2802
f 2054/3191/2801 1984/3192/2802 2048/3187/2797
f 2048/3187/2797 1984/3192/2802 2052/3193/2803
f 2048/3187/2797 2052/3193/2803 2036/3189/2799
f 2036/3189/2799 2052/3193/2803 1983/3194/2804
f 2036/3189/2799 1983/3194/2804 2037/3174/2784
f 2037/3174/2784 1983/3194/2804 1982/3176/2786
f 1984/3192/2802 1983/3194/2804 2052/3193/2803
f 1980/3195/2805 2040/3196/2806 1981/3177/2787
f 1981/3177/2787 2040/3196/2806 2041/3197/2807
f 1981/3177/2787 2041/3197/2807 2038/3175/2785
f 2038/3175/2785 2041/3197/2807 2042/3173/2783
f 2040/3196/2806 1980/3195/2805 2039/3198/2808
f 2039/3198/2808 1980/3195/2805 1979/3199/2809
f 2039/3198/2808 1979/3199/2809 1935/3200/2656
f 1935/3200/2656 1934/3201/2658 2039/3198/2808
f 2039/3198/2808 1934/3201/2658 2010/3202/2810
f 2039/3198/2808 2010/3202/2810 2009/3203/2811
f 2009/3203/2811 2008/3204/2812 2039/3198/2808
f 2039/3198/2808 2008/3204/2812 2040/3196/2806
f 2040/3196/2806 2008/3204/2812 2055/3205/2813
f 2055/3205/2813 2008/3204/2812 2007/3206/2814
f 2055/3205/2813 2007/3206/2814 2056/3207/2815
f 2056/3207/2815 2007/3206/2814 2006/3208/2816
f 2056/3207/2815 2006/3208/2816 2057/3171/2781
f 2057/3171/2781 2006/3208/2816 2005/3169/2779
f 2028/3161/2771 2049/3209/2817 2033/3210/2818
f 2033/3210/2818 2049/3209/2817 2034/3211/2819
f 2033/3210/2818 2034/3211/2819 2046/3212/2820
f 2046/3212/2820 2034/3211/2819 2045/3213/2821
f 2046/3212/2820 2045/3213/2821 2060/3214/2822
f 2060/3214/2822 2045/3213/2821 2059/3215/2823
f 2060/3214/2822 2059/3215/2823 2030/3164/2774
f 2030/3164/2774 2059/3215/2823 2031/3166/2776
f 2030/3164/2774 2028/3161/2771 2060/3214/2822
f 2060/3214/2822 2028/3161/2771 2046/3212/2820
f 2058/3170/2780 2032/3168/2778 2031/3166/2776
f 2058/3170/2780 2031/3166/2776 2059/3215/2823
f 2028/3161/2771 2033/3210/2818 2046/3212/2820
f 2034/3211/2819 2035/3188/2798 2045/3213/2821
f 2045/3213/2821 2035/3188/2798 2044/3190/2800
f 2045/3213/2821 2044/3190/2800 2059/3215/2823
f 2059/3215/2823 2044/3190/2800 2058/3170/2780
f 2035/3188/2798 2034/3211/2819 2053/3186/2796
f 2053/3186/2796 2034/3211/2819 2049/3209/2817
f 2053/3186/2796 2049/3209/2817 2050/3181/2791
f 2050/3181/2791 2049/3209/2817 2028/3161/2771
f 2036/3189/2799 2037/3174/2784 2043/3172/2782
f 2040/3196/2806 2055/3205/2813 2041/3197/2807
f 2041/3197/2807 2055/3205/2813 2056/3207/2815
f 2041/3197/2807 2056/3207/2815 2042/3173/2783
f 2042/3173/2783 2056/3207/2815 2057/3171/2781
f 2053/3186/2796 2050/3181/2791 2047/3184/2794
f 1322/3216/1808 1321/3217/1806 1359/3218/2770
f 1359/3218/2770 1321/3217/1806 2028/3219/2771
f 2028/3219/2771 1321/3217/1806 1320/3220/1800
f 2028/3219/2771 1320/3220/1800 2029/3221/2788
f 2029/3221/2788 1320/3220/1800 1319/3222/1799
f 1307/3223/1792 1306/3224/1793 1319/3225/2824
f 1319/3225/2824 1306/3224/1793 1350/3226/2825
f 1319/3225/2824 1350/3226/2825 1989/3227/2721
f 1989/3227/2721 1350/3226/2825 1358/3228/2826
f 1989/3227/2721 1358/3228/2826 1945/3229/2723
f 1988/3230/2722 2029/3231/2827 1989/3227/2721
f 1989/3227/2721 2029/3231/2827 1319/3225/2824
f 2085/3232/2828 2061/3233/2829 2090/3234/2830
f 2090/3234/2830 2061/3233/2829 2062/3235/2831
f 2090/3234/2830 2062/3235/2831 2063/3236/2832
f 2063/3236/2832 2064/3237/2833 2090/3234/2830
f 2090/3234/2830 2064/3237/2833 2091/3238/2834
f 2090/3234/2830 2091/3238/2834 2084/3239/2835
f 2084/3239/2835 2091/3238/2834 2083/3240/2836
f 2083/3240/2836 2091/3238/2834 2092/3241/2837
f 2083/3240/2836 2092/3241/2837 2103/3242/2838
f 2103/3242/2838 2092/3241/2837 2093/3243/2839
f 2103/3242/2838 2093/3243/2839 2102/3244/2840
f 2102/3244/2840 2093/3243/2839 2094/3245/2841
f 2102/3244/2840 2094/3245/2841 2101/3246/2842
f 2101/3246/2842 2094/3245/2841 2095/3247/2843
f 2101/3246/2842 2095/3247/2843 2100/3248/2844
f 2100/3248/2844 2095/3247/2843 2096/3249/2845
f 2100/3248/2844 2096/3249/2845 2099/3250/2846
f 2099/3250/2846 2096/3249/2845 2097/3251/2847
f 2099/3250/2846 2097/3251/2847 2098/3252/2848
f 2098/3252/2848 2097/3251/2847 2074/3253/2849
f 2098/3252/2848 2074/3253/2849 2087/3254/2850
f 2087/3254/2850 2074/3253/2849 2075/3255/2851
f 2087/3254/2850 2075/3255/2851 2107/3256/2852
f 2107/3256/2852 2075/3255/2851 2077/3257/2853
f 2107/3256/2852 2077/3257/2853 2086/3258/2854
f 2086/3258/2854 2077/3257/2853 2088/3259/2855
f 2086/3258/2854 2088/3259/2855 2078/3260/2856
f 2078/3260/2856 2088/3259/2855 2077/3257/2853
f 2064/3237/2833 2065/3261/2857 2091/3238/2834
f 2091/3238/2834 2065/3261/2857 2092/3241/2837
f 2065/3261/2857 2066/3262/2858 2092/3241/2837
f 2092/3241/2837 2066/3262/2858 2093/3243/2839
f 2066/3262/2858 2067/3263/2859 2093/3243/2839
f 2093/3243/2839 2067/3263/2859 2094/3245/2841
f 2067/3263/2859 2068/3264/2860 2094/3245/2841
f 2094/3245/2841 2068/3264/2860 2095/3247/2843
f 2095/3247/2843 2068/3264/2860 2104/3265/2861
f 2104/3265/2861 2068/3264/2860 2069/3266/2862
f 2104/3265/2861 2069/3266/2862 2105/3267/2863
f 2105/3267/2863 2069/3266/2862 2070/3268/2864
f 2105/3267/2863 2070/3268/2864 2089/3269/2865
f 2089/3269/2865 2070/3268/2864 2071/3270/2866
f 2089/3269/2865 2071/3270/2866 2074/3253/2849
f 2074/3253/2849 2071/3270/2866 2072/3271/2867
f 2074/3253/2849 2072/3271/2867 2073/3272/2868
f 2075/3255/2851 2076/3273/2869 2077/3257/2853
f 2079/3274/2870 2106/3275/2871 2078/3260/2856
f 2078/3260/2856 2106/3275/2871 2107/3256/2852
f 2078/3260/2856 2107/3256/2852 2086/3258/2854
f 2080/3276/2872 2109/3277/2873 2079/3274/2870
f 2079/3274/2870 2109/3277/2873 2099/3250/2846
f 2079/3274/2870 2099/3250/2846 2108/3278/2874
f 2108/3278/2874 2099/3250/2846 2098/3252/2848
f 2108/3278/2874 2098/3252/2848 2087/3254/2850
f 2081/3279/2875 2101/3246/2842 2080/3276/2872
f 2080/3276/2872 2101/3246/2842 2100/3248/2844
f 2080/3276/2872 2100/3248/2844 2109/3277/2873
f 2109/3277/2873 2100/3248/2844 2099/3250/2846
f 2101/3246/2842 2081/3279/2875 2102/3244/2840
f 2102/3244/2840 2081/3279/2875 2082/3280/2876
f 2102/3244/2840 2082/3280/2876 2103/3242/2838
f 2103/3242/2838 2082/3280/2876 2083/3240/2836
f 2084/3239/2835 2085/3232/2828 2090/3234/2830
f 2074/3253/2849 2097/3251/2847 2089/3269/2865
f 2089/3269/2865 2097/3251/2847 2096/3249/2845
f 2089/3269/2865 2096/3249/2845 2105/3267/2863
f 2105/3267/2863 2096/3249/2845 2095/3247/2843
f 2105/3267/2863 2095/3247/2843 2104/3265/2861
f 2087/3254/2850 2107/3256/2852 2106/3275/2871
f 2108/3278/2874 2087/3254/2850 2106/3275/2871
f 2106/3275/2871 2079/3274/2870 2108/3278/2874
f 2110/3281/2877 2111/3282/2878 2120/3283/2879
f 2120/3283/2879 2111/3282/2878 2128/3284/2880
f 2120/3283/2879 2128/3284/2880 2121/3285/2881
f 2121/3285/2881 2128/3284/2880 2127/3286/2882
f 2121/3285/2881 2127/3286/2882 2130/3287/2883
f 2130/3287/2883 2127/3286/2882 2126/3288/2884
f 2130/3287/2883 2126/3288/2884 2129/3289/2885
f 2129/3289/2885 2126/3288/2884 2125/3290/2886
f 2129/3289/2885 2125/3290/2886 2080/3291/2887
f 2080/3291/2887 2125/3290/2886 2131/3292/2888
f 2080/3291/2887 2131/3292/2888 2081/3293/2889
f 2081/3293/2889 2131/3292/2888 2125/3290/2886
f 2081/3293/2889 2125/3290/2886 2124/3294/2890
f 2124/3294/2890 2125/3290/2886 2115/3295/2891
f 2124/3294/2890 2115/3295/2891 2116/3296/2892
f 2111/3282/2878 2112/3297/2893 2128/3284/2880
f 2128/3284/2880 2112/3297/2893 2127/3286/2882
f 2112/3297/2893 2113/3298/2894 2127/3286/2882
f 2127/3286/2882 2113/3298/2894 2126/3288/2884
f 2113/3298/2894 2114/3299/2895 2126/3288/2884
f 2126/3288/2884 2114/3299/2895 2125/3290/2886
f 2114/3299/2895 2115/3295/2891 2125/3290/2886
f 2124/3294/2890 2116/3296/2892 2123/3300/2896
f 2123/3300/2896 2116/3296/2892 2117/3301/2897
f 2123/3300/2896 2117/3301/2897 2122/3302/2898
f 2122/3302/2898 2117/3301/2897 2118/3303/2899
f 2122/3302/2898 2118/3303/2899 2083/3304/2900
f 2083/3304/2900 2118/3303/2899 2084/3305/2901
f 2084/3305/2901 2118/3303/2899 2119/3306/2902
f 2084/3305/2901 2119/3306/2902 2085/3307/2903
f 2085/3307/2903 2119/3306/2902 2061/3308/2829
f 2122/3302/2898 2083/3304/2900 2123/3300/2896
f 2123/3300/2896 2083/3304/2900 2082/3309/2904
f 2123/3300/2896 2082/3309/2904 2124/3294/2890
f 2124/3294/2890 2082/3309/2904 2081/3293/2889
f 2080/3291/2887 2079/3310/2905 2129/3289/2885
f 2129/3289/2885 2079/3310/2905 2130/3287/2883
f 2079/3310/2905 2078/3311/2906 2130/3287/2883
f 2130/3287/2883 2078/3311/2906 2121/3285/2881
f 2121/3285/2881 2078/3311/2906 2132/3312/2907
f 2132/3312/2907 2078/3311/2906 2077/3313/2908
f 2132/3312/2907 2077/3313/2908 2121/3285/2881
f 2121/3285/2881 2077/3313/2908 2120/3283/2879
f 2077/3313/2908 2076/3314/2909 2120/3283/2879
f 2072/3315/2910 2071/3316/2911 2143/3317/2912
f 2143/3317/2912 2071/3316/2911 2145/3318/2913
f 2143/3317/2912 2145/3318/2913 2151/3319/2914
f 2151/3319/2914 2145/3318/2913 2152/3320/2915
f 2151/3319/2914 2152/3320/2915 2150/3321/2916
f 2150/3321/2916 2152/3320/2915 2069/3322/2917
f 2150/3321/2916 2069/3322/2917 2149/3323/2918
f 2149/3323/2918 2069/3322/2917 2068/3324/2919
f 2149/3323/2918 2068/3324/2919 2148/3325/2920
f 2148/3325/2920 2068/3324/2919 2067/3326/2921
f 2148/3325/2920 2067/3326/2921 2156/3327/2922
f 2156/3327/2922 2067/3326/2921 2066/3328/2923
f 2156/3327/2922 2066/3328/2923 2155/3329/2924
f 2155/3329/2924 2066/3328/2923 2154/3330/2925
f 2155/3329/2924 2154/3330/2925 2136/3331/2926
f 2136/3331/2926 2154/3330/2925 2135/3332/2927
f 2135/3332/2927 2154/3330/2925 2153/3333/2928
f 2135/3332/2927 2153/3333/2928 2134/3334/2929
f 2134/3334/2929 2153/3333/2928 2065/3335/2930
f 2134/3334/2929 2065/3335/2930 2064/3336/2931
f 2070/3337/2932 2147/3338/2933 2071/3316/2911
f 2071/3316/2911 2147/3338/2933 2146/3339/2934
f 2071/3316/2911 2146/3339/2934 2145/3318/2913
f 2145/3318/2913 2146/3339/2934 2070/3337/2932
f 2145/3318/2913 2070/3337/2932 2152/3320/2915
f 2152/3320/2915 2070/3337/2932 2069/3322/2917
f 2066/3328/2923 2065/3335/2930 2154/3330/2925
f 2154/3330/2925 2065/3335/2930 2153/3333/2928
f 2134/3334/2929 2064/3336/2931 2133/3340/2935
f 2133/3340/2935 2064/3336/2931 2063/3341/2936
f 2133/3340/2935 2063/3341/2936 2062/3342/2831
f 2136/3331/2926 2137/3343/2937 2155/3329/2924
f 2155/3329/2924 2137/3343/2937 2156/3327/2922
f 2137/3343/2937 2138/3344/2938 2156/3327/2922
f 2156/3327/2922 2138/3344/2938 2157/3345/2939
f 2156/3327/2922 2157/3345/2939 2148/3325/2920
f 2148/3325/2920 2157/3345/2939 2149/3323/2918
f 2138/3344/2938 2139/3346/2940 2157/3345/2939
f 2157/3345/2939 2139/3346/2940 2158/3347/2941
f 2157/3345/2939 2158/3347/2941 2149/3323/2918
f 2149/3323/2918 2158/3347/2941 2150/3321/2916
f 2158/3347/2941 2139/3346/2940 2160/3348/2942
f 2160/3348/2942 2139/3346/2940 2140/3349/2943
f 2160/3348/2942 2140/3349/2943 2144/3350/2944
f 2144/3350/2944 2140/3349/2943 2141/3351/2945
f 2144/3350/2944 2141/3351/2945 2143/3317/2912
f 2143/3317/2912 2141/3351/2945 2142/3352/2946
f 2144/3350/2944 2143/3317/2912 2159/3353/2947
f 2159/3353/2947 2143/3317/2912 2151/3319/2914
f 2159/3353/2947 2151/3319/2914 2150/3321/2916
f 2146/3339/2934 2147/3338/2933 2070/3337/2932
f 2159/3353/2947 2150/3321/2916 2158/3347/2941
f 2144/3350/2944 2159/3353/2947 2158/3347/2941
f 2160/3348/2942 2144/3350/2944 2158/3347/2941
f 2161/3354/2948 2162/3355/2949 2110/3356/2950
f 2110/3356/2950 2162/3355/2949 2111/3357/2951
f 2111/3357/2951 2162/3355/2949 2192/3358/2952
f 2111/3357/2951 2192/3358/2952 2167/3359/2953
f 2167/3359/2953 2192/3358/2952 2193/3360/2954
f 2167/3359/2953 2193/3360/2954 2112/3361/2955
f 2112/3361/2955 2193/3360/2954 2113/3362/2956
f 2113/3362/2956 2193/3360/2954 2191/3363/2957
f 2113/3362/2956 2191/3363/2957 2190/3364/2958
f 2190/3364/2958 2191/3363/2957 2186/3365/2959
f 2190/3364/2958 2186/3365/2959 2185/3366/2960
f 2185/3366/2960 2186/3365/2959 2177/3367/2961
f 2185/3366/2960 2177/3367/2961 2176/3368/2962
f 2176/3368/2962 2177/3367/2961 2172/3369/2963
f 2176/3368/2962 2172/3369/2963 2173/3370/2964
f 2173/3370/2964 2172/3369/2963 2136/3371/2965
f 2173/3370/2964 2136/3371/2965 2135/3372/2966
f 2163/3373/2967 2142/3374/2968 2162/3355/2949
f 2162/3355/2949 2142/3374/2968 2141/3375/2969
f 2162/3355/2949 2141/3375/2969 2166/3376/2970
f 2166/3376/2970 2141/3375/2969 2140/3377/2971
f 2166/3376/2970 2140/3377/2971 2181/3378/2972
f 2181/3378/2972 2140/3377/2971 2139/3379/2973
f 2181/3378/2972 2139/3379/2973 2169/3380/2974
f 2169/3380/2974 2139/3379/2973 2182/3381/2975
f 2169/3380/2974 2182/3381/2975 2170/3382/2976
f 2170/3382/2976 2182/3381/2975 2138/3383/2977
f 2170/3382/2976 2138/3383/2977 2171/3384/2978
f 2171/3384/2978 2138/3383/2977 2137/3385/2979
f 2171/3384/2978 2137/3385/2979 2172/3369/2963
f 2172/3369/2963 2137/3385/2979 2136/3371/2965
f 2139/3379/2973 2138/3383/2977 2182/3381/2975
f 2134/3386/2980 2174/3387/2981 2135/3372/2966
f 2135/3372/2966 2174/3387/2981 2175/3388/2982
f 2135/3372/2966 2175/3388/2982 2173/3370/2964
f 2173/3370/2964 2175/3388/2982 2176/3368/2962
f 2174/3387/2981 2134/3386/2980 2165/3389/2983
f 2165/3389/2983 2134/3386/2980 2133/3390/2984
f 2165/3389/2983 2133/3390/2984 2062/3391/2831
f 2061/3392/2829 2119/3393/2985 2062/3391/2831
f 2062/3391/2831 2119/3393/2985 2165/3389/2983
f 2119/3393/2985 2118/3394/2986 2165/3389/2983
f 2165/3389/2983 2118/3394/2986 2117/3395/2987
f 2165/3389/2983 2117/3395/2987 2174/3387/2981
f 2174/3387/2981 2117/3395/2987 2183/3396/2988
f 2174/3387/2981 2183/3396/2988 2175/3388/2982
f 2175/3388/2982 2183/3396/2988 2184/3397/2989
f 2175/3388/2982 2184/3397/2989 2176/3368/2962
f 2176/3368/2962 2184/3397/2989 2185/3366/2960
f 2117/3395/2987 2116/3398/2990 2183/3396/2988
f 2183/3396/2988 2116/3398/2990 2184/3397/2989
f 2116/3398/2990 2115/3399/2991 2184/3397/2989
f 2184/3397/2989 2115/3399/2991 2185/3366/2960
f 2185/3366/2960 2115/3399/2991 2189/3400/2992
f 2189/3400/2992 2115/3399/2991 2114/3401/2993
f 2189/3400/2992 2114/3401/2993 2190/3364/2958
f 2190/3364/2958 2114/3401/2993 2194/3402/2994
f 2190/3364/2958 2194/3402/2994 2113/3362/2956
f 2113/3362/2956 2194/3402/2994 2114/3401/2993
f 2112/3361/2955 2111/3357/2951 2167/3359/2953
f 2190/3364/2958 2185/3366/2960 2189/3400/2992
f 2164/3403/2995 2162/3355/2949 2188/3404/2996
f 2188/3404/2996 2162/3355/2949 2180/3405/2997
f 2188/3404/2996 2180/3405/2997 2179/3406/2998
f 2179/3406/2998 2180/3405/2997 2169/3380/2974
f 2179/3406/2998 2169/3380/2974 2170/3382/2976
f 2169/3380/2974 2180/3405/2997 2168/3407/2999
f 2168/3407/2999 2180/3405/2997 2162/3355/2949
f 2168/3407/2999 2162/3355/2949 2166/3376/2970
f 2166/3376/2970 2181/3378/2972 2168/3407/2999
f 2168/3407/2999 2181/3378/2972 2169/3380/2974
f 2170/3382/2976 2171/3384/2978 2178/3408/3000
f 2178/3408/3000 2171/3384/2978 2177/3367/2961
f 2178/3408/3000 2177/3367/2961 2186/3365/2959
f 2171/3384/2978 2172/3369/2963 2177/3367/2961
f 2170/3382/2976 2178/3408/3000 2179/3406/2998
f 2179/3406/2998 2178/3408/3000 2187/3409/3001
f 2179/3406/2998 2187/3409/3001 2188/3404/2996
f 2188/3404/2996 2187/3409/3001 2164/3403/2995
f 2187/3409/3001 2178/3408/3000 2186/3365/2959
f 2164/3403/2995 2187/3409/3001 2191/3363/2957
f 2191/3363/2957 2187/3409/3001 2186/3365/2959
f 2162/3355/2949 2164/3403/2995 2192/3358/2952
f 2192/3358/2952 2164/3403/2995 2191/3363/2957
f 2192/3358/2952 2191/3363/2957 2193/3360/2954
f 685/3410/954 684/3411/952 2161/3412/2948
f 2161/3412/2948 684/3411/952 2162/3413/2949
f 2162/3413/2949 684/3411/952 683/3414/951
f 2162/3413/2949 683/3414/951 2163/3415/2967
f 2163/3415/2967 683/3414/951 682/3416/953
f 2072/3417/2910 2143/3418/2912 2073/3419/3002
f 2073/3419/3002 2143/3418/2912 713/3420/3003
f 713/3420/3003 2143/3418/2912 682/3421/3004
f 713/3420/3003 682/3421/3004 714/3422/3005
f 714/3422/3005 682/3421/3004 681/3423/3006
f 714/3422/3005 681/3423/3006 715/3424/3007
f 715/3424/3007 681/3423/3006 680/3425/3008
f 715/3424/3007 680/3425/3008 716/3426/3009
f 716/3426/3009 680/3425/3008 679/3427/3010
f 716/3426/3009 679/3427/3010 717/3428/3011
f 717/3428/3011 679/3427/3010 678/3429/3012
f 717/3428/3011 678/3429/3012 718/3430/3013
f 718/3430/3013 678/3429/3012 677/3431/3014
f 718/3430/3013 677/3431/3014 719/3432/3015
f 719/3432/3015 677/3431/3014 676/3433/3016
f 719/3432/3015 676/3433/3016 720/3434/3017
f 720/3434/3017 676/3433/3016 675/3435/3018
f 720/3434/3017 675/3435/3018 139/3436/3019
f 139/3436/3019 675/3435/3018 140/3437/3020
f 2142/3438/2946 2163/3439/3021 2143/3418/2912
f 2143/3418/2912 2163/3439/3021 682/3421/3004
f 686/3440/973 685/3441/3022 698/3442/972
f 698/3442/972 685/3441/3022 710/3443/3023
f 710/3443/3023 685/3441/3022 2120/3444/2879
f 710/3443/3023 2120/3444/2879 2075/3445/3024
f 2075/3445/3024 2120/3444/2879 2076/3446/2909
f 685/3441/3022 2161/3447/3025 2120/3444/2879
f 2120/3444/2879 2161/3447/3025 2110/3448/2877
f 713/3449/988 712/3450/986 2073/3451/2868
f 2073/3451/2868 712/3450/986 2074/3452/2849
f 2074/3452/2849 712/3450/986 711/3453/980
f 2074/3452/2849 711/3453/980 2075/3454/2851
f 2075/3454/2851 711/3453/980 710/3455/979
f 2196/3456/3026 2197/3457/3027 2195/3458/3028
f 2195/3458/3028 2197/3457/3027 2220/3459/3029
f 2195/3458/3028 2220/3459/3029 2217/3460/3030
f 2217/3460/3030 2220/3459/3029 2216/3461/3031
f 2216/3461/3031 2220/3459/3029 2221/3462/3032
f 2216/3461/3031 2221/3462/3032 2215/3463/3033
f 2215/3463/3033 2221/3462/3032 2222/3464/3034
f 2215/3463/3033 2222/3464/3034 2223/3465/3035
f 2223/3465/3035 2222/3464/3034 2232/3466/3036
f 2223/3465/3035 2232/3466/3036 2233/3467/3037
f 2233/3467/3037 2232/3466/3036 2201/3468/3038
f 2233/3467/3037 2201/3468/3038 2202/3469/3039
f 2197/3457/3027 2198/3470/3040 2220/3459/3029
f 2220/3459/3029 2198/3470/3040 2199/3471/3041
f 2220/3459/3029 2199/3471/3041 2221/3462/3032
f 2221/3462/3032 2199/3471/3041 2231/3472/3042
f 2221/3462/3032 2231/3472/3042 2222/3464/3034
f 2222/3464/3034 2231/3472/3042 2232/3466/3036
f 2199/3471/3041 2200/3473/3043 2231/3472/3042
f 2231/3472/3042 2200/3473/3043 2232/3466/3036
f 2200/3473/3043 2201/3468/3038 2232/3466/3036
f 2203/3474/3044 2237/3475/3045 2202/3469/3039
f 2202/3469/3039 2237/3475/3045 2234/3476/3046
f 2202/3469/3039 2234/3476/3046 2233/3467/3037
f 2233/3467/3037 2234/3476/3046 2224/3477/3047
f 2233/3467/3037 2224/3477/3047 2223/3465/3035
f 2223/3465/3035 2224/3477/3047 2214/3478/3048
f 2223/3465/3035 2214/3478/3048 2215/3463/3033
f 2204/3479/3049 2240/3480/3050 2203/3474/3044
f 2203/3474/3044 2240/3480/3050 2238/3481/3051
f 2203/3474/3044 2238/3481/3051 2237/3475/3045
f 2237/3475/3045 2238/3481/3051 2234/3476/3046
f 2205/3482/3052 2218/3483/3053 2204/3479/3049
f 2204/3479/3049 2218/3483/3053 2241/3484/3054
f 2204/3479/3049 2241/3484/3054 2239/3485/3055
f 2239/3485/3055 2241/3484/3054 2205/3482/3052
f 2239/3485/3055 2205/3482/3052 2219/3486/3056
f 2219/3486/3056 2205/3482/3052 2208/3487/3057
f 2219/3486/3056 2208/3487/3057 2236/3488/3058
f 2236/3488/3058 2208/3487/3057 2227/3489/3059
f 2236/3488/3058 2227/3489/3059 2226/3490/3060
f 2226/3490/3060 2227/3489/3059 2229/3491/3061
f 2226/3490/3060 2229/3491/3061 2230/3492/3062
f 2230/3492/3062 2229/3491/3061 2211/3493/3063
f 2230/3492/3062 2211/3493/3063 2212/3494/3064
f 2205/3482/3052 2206/3495/3065 2208/3487/3057
f 2208/3487/3057 2206/3495/3065 2207/3496/3066
f 854/3497/3067 853/3498/3068 2208/3487/3057
f 2208/3487/3057 853/3498/3068 2209/3499/3069
f 2208/3487/3057 2209/3499/3069 2228/3500/3070
f 2228/3500/3070 2209/3499/3069 2210/3501/3071
f 2228/3500/3070 2210/3501/3071 2229/3491/3061
f 2229/3491/3061 2210/3501/3071 2211/3493/3063
f 2230/3492/3062 2212/3494/3064 2225/3502/3072
f 2225/3502/3072 2212/3494/3064 2213/3503/3073
f 2225/3502/3072 2213/3503/3073 2224/3477/3047
f 2224/3477/3047 2213/3503/3073 2214/3478/3048
f 2218/3483/3053 2205/3482/3052 2241/3484/3054
f 2230/3492/3062 2225/3502/3072 2226/3490/3060
f 2226/3490/3060 2225/3502/3072 2235/3504/3074
f 2226/3490/3060 2235/3504/3074 2236/3488/3058
f 2236/3488/3058 2235/3504/3074 2219/3486/3056
f 2235/3504/3074 2225/3502/3072 2234/3476/3046
f 2234/3476/3046 2225/3502/3072 2224/3477/3047
f 2228/3500/3070 2229/3491/3061 2227/3489/3059
f 2227/3489/3059 2208/3487/3057 2228/3500/3070
f 2219/3486/3056 2235/3504/3074 2238/3481/3051
f 2238/3481/3051 2235/3504/3074 2234/3476/3046
f 2239/3485/3055 2219/3486/3056 2238/3481/3051
f 2204/3479/3049 2239/3485/3055 2240/3480/3050
f 2240/3480/3050 2239/3485/3055 2238/3481/3051
f 2196/3505/3026 2242/3506/3075 2197/3507/3076
f 2197/3507/3076 2242/3506/3075 2198/3508/3077
f 2198/3508/3077 2242/3506/3075 2243/3509/3078
f 2198/3508/3077 2243/3509/3078 2199/3510/3079
f 2199/3510/3079 2243/3509/3078 2258/3511/3080
f 2199/3510/3079 2258/3511/3080 2259/3512/3081
f 2259/3512/3081 2258/3511/3080 2244/3513/3082
f 2259/3512/3081 2244/3513/3082 2245/3514/3083
f 2243/3509/3078 2244/3513/3082 2258/3511/3080
f 2259/3512/3081 2245/3514/3083 2260/3515/3084
f 2260/3515/3084 2245/3514/3083 2246/3516/3085
f 2260/3515/3084 2246/3516/3085 2261/3517/3086
f 2261/3517/3086 2246/3516/3085 2247/3518/3087
f 2261/3517/3086 2247/3518/3087 2257/3519/3088
f 2257/3519/3088 2247/3518/3087 2248/3520/3089
f 2257/3519/3088 2248/3520/3089 2255/3521/3090
f 2255/3521/3090 2248/3520/3089 2249/3522/3091
f 2255/3521/3090 2249/3522/3091 2253/3523/3092
f 2253/3523/3092 2249/3522/3091 2250/3524/3093
f 2253/3523/3092 2250/3524/3093 2252/3525/3094
f 2252/3525/3094 2250/3524/3093 2251/3526/3095
f 2206/3527/3096 2205/3528/3097 2252/3525/3094
f 2252/3525/3094 2205/3528/3097 2254/3529/3098
f 2252/3525/3094 2254/3529/3098 2253/3523/3092
f 2253/3523/3092 2254/3529/3098 2256/3530/3099
f 2253/3523/3092 2256/3530/3099 2255/3521/3090
f 2255/3521/3090 2256/3530/3099 2203/3531/3100
f 2255/3521/3090 2203/3531/3100 2262/3532/3101
f 2262/3532/3101 2203/3531/3100 2202/3533/3102
f 2262/3532/3101 2202/3533/3102 2257/3519/3088
f 2257/3519/3088 2202/3533/3102 2261/3517/3086
f 2254/3529/3098 2205/3528/3097 2264/3534/3103
f 2264/3534/3103 2205/3528/3097 2204/3535/3104
f 2264/3534/3103 2204/3535/3104 2254/3529/3098
f 2254/3529/3098 2204/3535/3104 2256/3530/3099
f 2204/3535/3104 2203/3531/3100 2256/3530/3099
f 2261/3517/3086 2202/3533/3102 2263/3536/3105
f 2263/3536/3105 2202/3533/3102 2201/3537/3106
f 2263/3536/3105 2201/3537/3106 2261/3517/3086
f 2261/3517/3086 2201/3537/3106 2260/3515/3084
f 2201/3537/3106 2200/3538/3107 2260/3515/3084
f 2260/3515/3084 2200/3538/3107 2259/3512/3081
f 2200/3538/3107 2199/3510/3079 2259/3512/3081
f 2257/3519/3088 2255/3521/3090 2262/3532/3101
f 2195/3539/3028 2217/3540/3108 2273/3541/3109
f 2273/3541/3109 2217/3540/3108 2216/3542/3110
f 2273/3541/3109 2216/3542/3110 2272/3543/3111
f 2272/3543/3111 2216/3542/3110 2215/3544/3112
f 2272/3543/3111 2215/3544/3112 2282/3545/3113
f 2282/3545/3113 2215/3544/3112 2281/3546/3114
f 2282/3545/3113 2281/3546/3114 2271/3547/3115
f 2271/3547/3115 2281/3546/3114 2270/3548/3116
f 2270/3548/3116 2281/3546/3114 2280/3549/3117
f 2270/3548/3116 2280/3549/3117 2279/3550/3118
f 2279/3550/3118 2280/3549/3117 2213/3551/3119
f 2279/3550/3118 2213/3551/3119 2283/3552/3120
f 2283/3552/3120 2213/3551/3119 2212/3553/3121
f 2283/3552/3120 2212/3553/3121 2284/3554/3122
f 2284/3554/3122 2212/3553/3121 2211/3555/3123
f 2284/3554/3122 2211/3555/3123 2285/3556/3124
f 2285/3556/3124 2211/3555/3123 2287/3557/3125
f 2285/3556/3124 2287/3557/3125 2274/3558/3126
f 2274/3558/3126 2287/3557/3125 2210/3559/3127
f 2274/3558/3126 2210/3559/3127 2288/3560/3128
f 2288/3560/3128 2210/3559/3127 2289/3561/3129
f 2288/3560/3128 2289/3561/3129 2209/3562/3130
f 2209/3562/3130 2289/3561/3129 2210/3559/3127
f 2215/3544/3112 2214/3563/3131 2281/3546/3114
f 2281/3546/3114 2214/3563/3131 2280/3549/3117
f 2214/3563/3131 2213/3551/3119 2280/3549/3117
f 2211/3555/3123 2210/3559/3127 2287/3557/3125
f 853/3564/1176 852/3565/1174 2209/3562/3130
f 2209/3562/3130 852/3565/1174 2274/3558/3126
f 2209/3562/3130 2274/3558/3126 2288/3560/3128
f 851/3566/1178 2265/3567/3132 852/3565/1174
f 852/3565/1174 2265/3567/3132 2275/3568/3133
f 852/3565/1174 2275/3568/3133 2276/3569/3134
f 2276/3569/3134 2275/3568/3133 2290/3570/3135
f 2276/3569/3134 2290/3570/3135 2277/3571/3136
f 2277/3571/3136 2290/3570/3135 2267/3572/3137
f 2277/3571/3136 2267/3572/3137 2278/3573/3138
f 2278/3573/3138 2267/3572/3137 2268/3574/3139
f 2278/3573/3138 2268/3574/3139 2279/3550/3118
f 2279/3550/3118 2268/3574/3139 2269/3575/3140
f 2279/3550/3118 2269/3575/3140 2270/3548/3116
f 2265/3567/3132 2266/3576/3141 2275/3568/3133
f 2275/3568/3133 2266/3576/3141 2290/3570/3135
f 2266/3576/3141 2267/3572/3137 2290/3570/3135
f 2271/3547/3115 2272/3543/3111 2282/3545/3113
f 2274/3558/3126 852/3565/1174 2286/3577/3142
f 2286/3577/3142 852/3565/1174 2276/3569/3134
f 2286/3577/3142 2276/3569/3134 2277/3571/3136
f 2284/3554/3122 2285/3556/3124 2278/3573/3138
f 2278/3573/3138 2285/3556/3124 2277/3571/3136
f 2283/3552/3120 2284/3554/3122 2279/3550/3118
f 2279/3550/3118 2284/3554/3122 2278/3573/3138
f 2274/3558/3126 2286/3577/3142 2285/3556/3124
f 2285/3556/3124 2286/3577/3142 2277/3571/3136
f 850/3578/1179 856/3579/1180 851/3580/3143
f 851/3580/3143 856/3579/1180 2265/3581/3144
f 2265/3581/3144 856/3579/1180 2291/3582/3145
f 2265/3581/3144 2291/3582/3145 2266/3583/3146
f 2266/3583/3146 2291/3582/3145 2292/3584/3147
f 2266/3583/3146 2292/3584/3147 2267/3585/3148
f 2267/3585/3148 2292/3584/3147 2293/3586/3149
f 2267/3585/3148 2293/3586/3149 2268/3587/3150
f 2268/3587/3150 2293/3586/3149 2319/3588/3151
f 2268/3587/3150 2319/3588/3151 2318/3589/3152
f 2318/3589/3152 2319/3588/3151 2304/3590/3153
f 2318/3589/3152 2304/3590/3153 2303/3591/3154
f 2303/3591/3154 2304/3590/3153 2298/3592/3155
f 2303/3591/3154 2298/3592/3155 2299/3593/3156
f 2299/3593/3156 2298/3592/3155 2245/3594/3157
f 2299/3593/3156 2245/3594/3157 2244/3595/3158
f 855/3596/1181 2251/3597/3159 856/3579/1180
f 856/3579/1180 2251/3597/3159 2250/3598/3160
f 856/3579/1180 2250/3598/3160 2311/3599/3161
f 2311/3599/3161 2250/3598/3160 2312/3600/3162
f 2311/3599/3161 2312/3600/3162 2249/3601/3163
f 2249/3601/3163 2312/3600/3162 2250/3598/3160
f 2311/3599/3161 2249/3601/3163 2308/3602/3164
f 2308/3602/3164 2249/3601/3163 2248/3603/3165
f 2308/3602/3164 2248/3603/3165 2314/3604/3166
f 2314/3604/3166 2248/3603/3165 2309/3605/3167
f 2314/3604/3166 2309/3605/3167 2296/3606/3168
f 2296/3606/3168 2309/3605/3167 2297/3607/3169
f 2296/3606/3168 2297/3607/3169 2305/3608/3170
f 2305/3608/3170 2297/3607/3169 2304/3590/3153
f 2305/3608/3170 2304/3590/3153 2319/3588/3151
f 2309/3605/3167 2248/3603/3165 2315/3609/3171
f 2315/3609/3171 2248/3603/3165 2247/3610/3172
f 2315/3609/3171 2247/3610/3172 2309/3605/3167
f 2309/3605/3167 2247/3610/3172 2313/3611/3173
f 2309/3605/3167 2313/3611/3173 2297/3607/3169
f 2297/3607/3169 2313/3611/3173 2246/3612/3174
f 2297/3607/3169 2246/3612/3174 2298/3592/3155
f 2298/3592/3155 2246/3612/3174 2245/3594/3157
f 2247/3610/3172 2246/3612/3174 2313/3611/3173
f 2243/3613/3175 2301/3614/3176 2244/3595/3158
f 2244/3595/3158 2301/3614/3176 2302/3615/3177
f 2244/3595/3158 2302/3615/3177 2299/3593/3156
f 2299/3593/3156 2302/3615/3177 2303/3591/3154
f 2301/3614/3176 2243/3613/3175 2300/3616/3178
f 2300/3616/3178 2243/3613/3175 2242/3617/3179
f 2300/3616/3178 2242/3617/3179 2196/3618/3026
f 2196/3618/3026 2195/3619/3028 2300/3616/3178
f 2300/3616/3178 2195/3619/3028 2273/3620/3180
f 2300/3616/3178 2273/3620/3180 2272/3621/3181
f 2272/3621/3181 2271/3622/3182 2300/3616/3178
f 2300/3616/3178 2271/3622/3182 2301/3614/3176
f 2301/3614/3176 2271/3622/3182 2316/3623/3183
f 2316/3623/3183 2271/3622/3182 2270/3624/3184
f 2316/3623/3183 2270/3624/3184 2317/3625/3185
f 2317/3625/3185 2270/3624/3184 2269/3626/3186
f 2317/3625/3185 2269/3626/3186 2318/3589/3152
f 2318/3589/3152 2269/3626/3186 2268/3587/3150
f 856/3579/1180 2310/3627/3187 2294/3628/3188
f 2294/3628/3188 2310/3627/3187 2295/3629/3189
f 2294/3628/3188 2295/3629/3189 2307/3630/3190
f 2307/3630/3190 2295/3629/3189 2306/3631/3191
f 2307/3630/3190 2306/3631/3191 2321/3632/3192
f 2321/3632/3192 2306/3631/3191 2320/3633/3193
f 2321/3632/3192 2320/3633/3193 2291/3582/3145
f 2291/3582/3145 2320/3633/3193 2292/3584/3147
f 2291/3582/3145 856/3579/1180 2321/3632/3192
f 2321/3632/3192 856/3579/1180 2307/3630/3190
f 2319/3588/3151 2293/3586/3149 2292/3584/3147
f 2319/3588/3151 2292/3584/3147 2320/3633/3193
f 856/3579/1180 2294/3628/3188 2307/3630/3190
f 2295/3629/3189 2296/3606/3168 2306/3631/3191
f 2306/3631/3191 2296/3606/3168 2305/3608/3170
f 2306/3631/3191 2305/3608/3170 2320/3633/3193
f 2320/3633/3193 2305/3608/3170 2319/3588/3151
f 2296/3606/3168 2295/3629/3189 2314/3604/3166
f 2314/3604/3166 2295/3629/3189 2310/3627/3187
f 2314/3604/3166 2310/3627/3187 2311/3599/3161
f 2311/3599/3161 2310/3627/3187 856/3579/1180
f 2297/3607/3169 2298/3592/3155 2304/3590/3153
f 2301/3614/3176 2316/3623/3183 2302/3615/3177
f 2302/3615/3177 2316/3623/3183 2317/3625/3185
f 2302/3615/3177 2317/3625/3185 2303/3591/3154
f 2303/3591/3154 2317/3625/3185 2318/3589/3152
f 2314/3604/3166 2311/3599/3161 2308/3602/3164
f 796/3634/1108 813/3635/1107 797/3636/3194
f 797/3636/3194 813/3635/1107 844/3637/3195
f 797/3636/3194 844/3637/3195 2252/3638/3094
f 2252/3638/3094 844/3637/3195 2207/3639/3196
f 2252/3638/3094 2207/3639/3196 2206/3640/3096
f 2251/3641/3095 855/3642/3197 2252/3638/3094
f 2252/3638/3094 855/3642/3197 797/3636/3194
f 844/3643/1166 843/3644/1164 2207/3645/3066
f 2207/3645/3066 843/3644/1164 2208/3646/3057
f 2208/3646/3057 843/3644/1164 842/3647/1163
f 2208/3646/3057 842/3647/1163 854/3648/3067
f 854/3648/3067 842/3647/1163 841/3649/1165
f 2323/3650/3198 2324/3651/3199 2322/3652/3200
f 2322/3652/3200 2324/3651/3199 2347/3653/3201
f 2322/3652/3200 2347/3653/3201 2344/3654/3202
f 2344/3654/3202 2347/3653/3201 2343/3655/3203
f 2343/3655/3203 2347/3653/3201 2348/3656/3204
f 2343/3655/3203 2348/3656/3204 2342/3657/3205
f 2342/3657/3205 2348/3656/3204 2349/3658/3206
f 2342/3657/3205 2349/3658/3206 2350/3659/3207
f 2350/3659/3207 2349/3658/3206 2359/3660/3208
f 2350/3659/3207 2359/3660/3208 2360/3661/3209
f 2360/3661/3209 2359/3660/3208 2328/3662/3210
f 2360/3661/3209 2328/3662/3210 2329/3663/3211
f 2324/3651/3199 2325/3664/3212 2347/3653/3201
f 2347/3653/3201 2325/3664/3212 2326/3665/3213
f 2347/3653/3201 2326/3665/3213 2348/3656/3204
f 2348/3656/3204 2326/3665/3213 2358/3666/3214
f 2348/3656/3204 2358/3666/3214 2349/3658/3206
f 2349/3658/3206 2358/3666/3214 2359/3660/3208
f 2326/3665/3213 2327/3667/3215 2358/3666/3214
f 2358/3666/3214 2327/3667/3215 2359/3660/3208
f 2327/3667/3215 2328/3662/3210 2359/3660/3208
f 2330/3668/3216 2364/3669/3217 2329/3663/3211
f 2329/3663/3211 2364/3669/3217 2361/3670/3218
f 2329/3663/3211 2361/3670/3218 2360/3661/3209
f 2360/3661/3209 2361/3670/3218 2351/3671/3219
f 2360/3661/3209 2351/3671/3219 2350/3659/3207
f 2350/3659/3207 2351/3671/3219 2341/3672/3220
f 2350/3659/3207 2341/3672/3220 2342/3657/3205
f 2331/3673/3221 2367/3674/3222 2330/3668/3216
f 2330/3668/3216 2367/3674/3222 2365/3675/3223
f 2330/3668/3216 2365/3675/3223 2364/3669/3217
f 2364/3669/3217 2365/3675/3223 2361/3670/3218
f 2332/3676/3224 2345/3677/3225 2331/3673/3221
f 2331/3673/3221 2345/3677/3225 2368/3678/3226
f 2331/3673/3221 2368/3678/3226 2366/3679/3227
f 2366/3679/3227 2368/3678/3226 2332/3676/3224
f 2366/3679/3227 2332/3676/3224 2346/3680/3228
f 2346/3680/3228 2332/3676/3224 2335/3681/3229
f 2346/3680/3228 2335/3681/3229 2363/3682/3230
f 2363/3682/3230 2335/3681/3229 2354/3683/3231
f 2363/3682/3230 2354/3683/3231 2353/3684/3232
f 2353/3684/3232 2354/3683/3231 2356/3685/3233
f 2353/3684/3232 2356/3685/3233 2357/3686/3234
f 2357/3686/3234 2356/3685/3233 2338/3687/3235
f 2357/3686/3234 2338/3687/3235 2339/3688/3236
f 2332/3676/3224 2333/3689/3237 2335/3681/3229
f 2335/3681/3229 2333/3689/3237 2334/3690/3238
f 1297/3691/3239 1296/3692/3240 2335/3681/3229
f 2335/3681/3229 1296/3692/3240 2336/3693/3241
f 2335/3681/3229 2336/3693/3241 2355/3694/3242
f 2355/3694/3242 2336/3693/3241 2337/3695/3243
f 2355/3694/3242 2337/3695/3243 2356/3685/3233
f 2356/3685/3233 2337/3695/3243 2338/3687/3235
f 2357/3686/3234 2339/3688/3236 2352/3696/3244
f 2352/3696/3244 2339/3688/3236 2340/3697/3245
f 2352/3696/3244 2340/3697/3245 2351/3671/3219
f 2351/3671/3219 2340/3697/3245 2341/3672/3220
f 2345/3677/3225 2332/3676/3224 2368/3678/3226
f 2357/3686/3234 2352/3696/3244 2353/3684/3232
f 2353/3684/3232 2352/3696/3244 2362/3698/3246
f 2353/3684/3232 2362/3698/3246 2363/3682/3230
f 2363/3682/3230 2362/3698/3246 2346/3680/3228
f 2362/3698/3246 2352/3696/3244 2361/3670/3218
f 2361/3670/3218 2352/3696/3244 2351/3671/3219
f 2355/3694/3242 2356/3685/3233 2354/3683/3231
f 2354/3683/3231 2335/3681/3229 2355/3694/3242
f 2346/3680/3228 2362/3698/3246 2365/3675/3223
f 2365/3675/3223 2362/3698/3246 2361/3670/3218
f 2366/3679/3227 2346/3680/3228 2365/3675/3223
f 2331/3673/3221 2366/3679/3227 2367/3674/3222
f 2367/3674/3222 2366/3679/3227 2365/3675/3223
f 2323/3699/3198 2369/3700/3247 2324/3701/3248
f 2324/3701/3248 2369/3700/3247 2325/3702/3249
f 2325/3702/3249 2369/3700/3247 2370/3703/3250
f 2325/3702/3249 2370/3703/3250 2326/3704/3251
f 2326/3704/3251 2370/3703/3250 2385/3705/3252
f 2326/3704/3251 2385/3705/3252 2386/3706/3253
f 2386/3706/3253 2385/3705/3252 2371/3707/3254
f 2386/3706/3253 2371/3707/3254 2372/3708/3255
f 2370/3703/3250 2371/3707/3254 2385/3705/3252
f 2386/3706/3253 2372/3708/3255 2387/3709/3256
f 2387/3709/3256 2372/3708/3255 2373/3710/3257
f 2387/3709/3256 2373/3710/3257 2388/3711/3258
f 2388/3711/3258 2373/3710/3257 2374/3712/3259
f 2388/3711/3258 2374/3712/3259 2384/3713/3260
f 2384/3713/3260 2374/3712/3259 2375/3714/3261
f 2384/3713/3260 2375/3714/3261 2382/3715/3262
f 2382/3715/3262 2375/3714/3261 2376/3716/3263
f 2382/3715/3262 2376/3716/3263 2380/3717/3264
f 2380/3717/3264 2376/3716/3263 2377/3718/3265
f 2380/3717/3264 2377/3718/3265 2379/3719/3266
f 2379/3719/3266 2377/3718/3265 2378/3720/3267
f 2333/3721/3268 2332/3722/3269 2379/3719/3266
f 2379/3719/3266 2332/3722/3269 2381/3723/3270
f 2379/3719/3266 2381/3723/3270 2380/3717/3264
f 2380/3717/3264 2381/3723/3270 2383/3724/3271
f 2380/3717/3264 2383/3724/3271 2382/3715/3262
f 2382/3715/3262 2383/3724/3271 2330/3725/3272
f 2382/3715/3262 2330/3725/3272 2389/3726/3273
f 2389/3726/3273 2330/3725/3272 2329/3727/3274
f 2389/3726/3273 2329/3727/3274 2384/3713/3260
f 2384/3713/3260 2329/3727/3274 2388/3711/3258
f 2381/3723/3270 2332/3722/3269 2391/3728/3275
f 2391/3728/3275 2332/3722/3269 2331/3729/3276
f 2391/3728/3275 2331/3729/3276 2381/3723/3270
f 2381/3723/3270 2331/3729/3276 2383/3724/3271
f 2331/3729/3276 2330/3725/3272 2383/3724/3271
f 2388/3711/3258 2329/3727/3274 2390/3730/3277
f 2390/3730/3277 2329/3727/3274 2328/3731/3278
f 2390/3730/3277 2328/3731/3278 2388/3711/3258
f 2388/3711/3258 2328/3731/3278 2387/3709/3256
f 2328/3731/3278 2327/3732/3279 2387/3709/3256
f 2387/3709/3256 2327/3732/3279 2386/3706/3253
f 2327/3732/3279 2326/3704/3251 2386/3706/3253
f 2384/3713/3260 2382/3715/3262 2389/3726/3273
f 2322/3733/3200 2344/3734/3280 2400/3735/3281
f 2400/3735/3281 2344/3734/3280 2343/3736/3282
f 2400/3735/3281 2343/3736/3282 2399/3737/3283
f 2399/3737/3283 2343/3736/3282 2342/3738/3284
f 2399/3737/3283 2342/3738/3284 2409/3739/3285
f 2409/3739/3285 2342/3738/3284 2408/3740/3286
f 2409/3739/3285 2408/3740/3286 2398/3741/3287
f 2398/3741/3287 2408/3740/3286 2397/3742/3288
f 2397/3742/3288 2408/3740/3286 2407/3743/3289
f 2397/3742/3288 2407/3743/3289 2406/3744/3290
f 2406/3744/3290 2407/3743/3289 2340/3745/3291
f 2406/3744/3290 2340/3745/3291 2410/3746/3292
f 2410/3746/3292 2340/3745/3291 2339/3747/3293
f 2410/3746/3292 2339/3747/3293 2411/3748/3294
f 2411/3748/3294 2339/3747/3293 2338/3749/3295
f 2411/3748/3294 2338/3749/3295 2412/3750/3296
f 2412/3750/3296 2338/3749/3295 2414/3751/3297
f 2412/3750/3296 2414/3751/3297 2401/3752/3298
f 2401/3752/3298 2414/3751/3297 2337/3753/3299
f 2401/3752/3298 2337/3753/3299 2415/3754/3300
f 2415/3754/3300 2337/3753/3299 2416/3755/3301
f 2415/3754/3300 2416/3755/3301 2336/3756/3302
f 2336/3756/3302 2416/3755/3301 2337/3753/3299
f 2342/3738/3284 2341/3757/3303 2408/3740/3286
f 2408/3740/3286 2341/3757/3303 2407/3743/3289
f 2341/3757/3303 2340/3745/3291 2407/3743/3289
f 2338/3749/3295 2337/3753/3299 2414/3751/3297
f 1296/3758/1774 1295/3759/1772 2336/3756/3302
f 2336/3756/3302 1295/3759/1772 2401/3752/3298
f 2336/3756/3302 2401/3752/3298 2415/3754/3300
f 1294/3760/1776 2392/3761/3304 1295/3759/1772
f 1295/3759/1772 2392/3761/3304 2402/3762/3305
f 1295/3759/1772 2402/3762/3305 2403/3763/3306
f 2403/3763/3306 2402/3762/3305 2417/3764/3307
f 2403/3763/3306 2417/3764/3307 2404/3765/3308
f 2404/3765/3308 2417/3764/3307 2394/3766/3309
f 2404/3765/3308 2394/3766/3309 2405/3767/3310
f 2405/3767/3310 2394/3766/3309 2395/3768/3311
f 2405/3767/3310 2395/3768/3311 2406/3744/3290
f 2406/3744/3290 2395/3768/3311 2396/3769/3312
f 2406/3744/3290 2396/3769/3312 2397/3742/3288
f 2392/3761/3304 2393/3770/3313 2402/3762/3305
f 2402/3762/3305 2393/3770/3313 2417/3764/3307
f 2393/3770/3313 2394/3766/3309 2417/3764/3307
f 2398/3741/3287 2399/3737/3283 2409/3739/3285
f 2401/3752/3298 1295/3759/1772 2413/3771/3314
f 2413/3771/3314 1295/3759/1772 2403/3763/3306
f 2413/3771/3314 2403/3763/3306 2404/3765/3308
f 2411/3748/3294 2412/3750/3296 2405/3767/3310
f 2405/3767/3310 2412/3750/3296 2404/3765/3308
f 2410/3746/3292 2411/3748/3294 2406/3744/3290
f 2406/3744/3290 2411/3748/3294 2405/3767/3310
f 2401/3752/3298 2413/3771/3314 2412/3750/3296
f 2412/3750/3296 2413/3771/3314 2404/3765/3308
f 1293/3772/1777 1299/3773/1778 1294/3774/3315
f 1294/3774/3315 1299/3773/1778 2392/3775/3316
f 2392/3775/3316 1299/3773/1778 2418/3776/3317
f 2392/3775/3316 2418/3776/3317 2393/3777/3318
f 2393/3777/3318 2418/3776/3317 2419/3778/3319
f 2393/3777/3318 2419/3778/3319 2394/3779/3320
f 2394/3779/3320 2419/3778/3319 2420/3780/3321
f 2394/3779/3320 2420/3780/3321 2395/3781/3322
f 2395/3781/3322 2420/3780/3321 2446/3782/3323
f 2395/3781/3322 2446/3782/3323 2445/3783/3324
f 2445/3783/3324 2446/3782/3323 2431/3784/3325
f 2445/3783/3324 2431/3784/3325 2430/3785/3326
f 2430/3785/3326 2431/3784/3325 2425/3786/3327
f 2430/3785/3326 2425/3786/3327 2426/3787/3328
f 2426/3787/3328 2425/3786/3327 2372/3788/3329
f 2426/3787/3328 2372/3788/3329 2371/3789/3330
f 1298/3790/1779 2378/3791/3331 1299/3773/1778
f 1299/3773/1778 2378/3791/3331 2377/3792/3332
f 1299/3773/1778 2377/3792/3332 2438/3793/3333
f 2438/3793/3333 2377/3792/3332 2439/3794/3334
f 2438/3793/3333 2439/3794/3334 2376/3795/3335
f 2376/3795/3335 2439/3794/3334 2377/3792/3332
f 2438/3793/3333 2376/3795/3335 2435/3796/3336
f 2435/3796/3336 2376/3795/3335 2375/3797/3337
f 2435/3796/3336 2375/3797/3337 2441/3798/3338
f 2441/3798/3338 2375/3797/3337 2436/3799/3339
f 2441/3798/3338 2436/3799/3339 2423/3800/3340
f 2423/3800/3340 2436/3799/3339 2424/3801/3341
f 2423/3800/3340 2424/3801/3341 2432/3802/3342
f 2432/3802/3342 2424/3801/3341 2431/3784/3325
f 2432/3802/3342 2431/3784/3325 2446/3782/3323
f 2436/3799/3339 2375/3797/3337 2442/3803/3343
f 2442/3803/3343 2375/3797/3337 2374/3804/3344
f 2442/3803/3343 2374/3804/3344 2436/3799/3339
f 2436/3799/3339 2374/3804/3344 2440/3805/3345
f 2436/3799/3339 2440/3805/3345 2424/3801/3341
f 2424/3801/3341 2440/3805/3345 2373/3806/3346
f 2424/3801/3341 2373/3806/3346 2425/3786/3327
f 2425/3786/3327 2373/3806/3346 2372/3788/3329
f 2374/3804/3344 2373/3806/3346 2440/3805/3345
f 2370/3807/3347 2428/3808/3348 2371/3789/3330
f 2371/3789/3330 2428/3808/3348 2429/3809/3349
f 2371/3789/3330 2429/3809/3349 2426/3787/3328
f 2426/3787/3328 2429/3809/3349 2430/3785/3326
f 2428/3808/3348 2370/3807/3347 2427/3810/3350
f 2427/3810/3350 2370/3807/3347 2369/3811/3351
f 2427/3810/3350 2369/3811/3351 2323/3812/3198
f 2323/3812/3198 2322/3813/3200 2427/3810/3350
f 2427/3810/3350 2322/3813/3200 2400/3814/3352
f 2427/3810/3350 2400/3814/3352 2399/3815/3353
f 2399/3815/3353 2398/3816/3354 2427/3810/3350
f 2427/3810/3350 2398/3816/3354 2428/3808/3348
f 2428/3808/3348 2398/3816/3354 2443/3817/3355
f 2443/3817/3355 2398/3816/3354 2397/3818/3356
f 2443/3817/3355 2397/3818/3356 2444/3819/3357
f 2444/3819/3357 2397/3818/3356 2396/3820/3358
f 2444/3819/3357 2396/3820/3358 2445/3783/3324
f 2445/3783/3324 2396/3820/3358 2395/3781/3322
f 1299/3773/1778 2437/3821/3359 2421/3822/3360
f 2421/3822/3360 2437/3821/3359 2422/3823/3361
f 2421/3822/3360 2422/3823/3361 2434/3824/3362
f 2434/3824/3362 2422/3823/3361 2433/3825/3363
f 2434/3824/3362 2433/3825/3363 2448/3826/3364
f 2448/3826/3364 2433/3825/3363 2447/3827/3365
f 2448/3826/3364 2447/3827/3365 2418/3776/3317
f 2418/3776/3317 2447/3827/3365 2419/3778/3319
f 2418/3776/3317 1299/3773/1778 2448/3826/3364
f 2448/3826/3364 1299/3773/1778 2434/3824/3362
f 2446/3782/3323 2420/3780/3321 2419/3778/3319
f 2446/3782/3323 2419/3778/3319 2447/3827/3365
f 1299/3773/1778 2421/3822/3360 2434/3824/3362
f 2422/3823/3361 2423/3800/3340 2433/3825/3363
f 2433/3825/3363 2423/3800/3340 2432/3802/3342
f 2433/3825/3363 2432/3802/3342 2447/3827/3365
f 2447/3827/3365 2432/3802/3342 2446/3782/3323
f 2423/3800/3340 2422/3823/3361 2441/3798/3338
f 2441/3798/3338 2422/3823/3361 2437/3821/3359
f 2441/3798/3338 2437/3821/3359 2438/3793/3333
f 2438/3793/3333 2437/3821/3359 1299/3773/1778
f 2424/3801/3341 2425/3786/3327 2431/3784/3325
f 2428/3808/3348 2443/3817/3355 2429/3809/3349
f 2429/3809/3349 2443/3817/3355 2444/3819/3357
f 2429/3809/3349 2444/3819/3357 2430/3785/3326
f 2430/3785/3326 2444/3819/3357 2445/3783/3324
f 2441/3798/3338 2438/3793/3333 2435/3796/3336
f 1243/3828/1721 1266/3829/1722 1244/3830/3366
f 1244/3830/3366 1266/3829/1722 1287/3831/3367
f 1244/3830/3366 1287/3831/3367 2379/3832/3266
f 2379/3832/3266 1287/3831/3367 2334/3833/3368
f 2379/3832/3266 2334/3833/3368 2333/3834/3268
f 2378/3835/3267 1298/3836/3369 2379/3832/3266
f 2379/3832/3266 1298/3836/3369 1244/3830/3366
f 1287/3837/1764 1286/3838/1762 2334/3839/3238
f 2334/3839/3238 1286/3838/1762 2335/3840/3229
f 2335/3840/3229 1286/3838/1762 1285/3841/1761
f 2335/3840/3229 1285/3841/1761 1297/3842/3239
f 1297/3842/3239 1285/3841/1761 1284/3843/1763
f 2471/3844/3370 2449/3845/3371 2476/3846/3372
f 2476/3846/3372 2449/3845/3371 2450/3847/3373
f 2476/3846/3372 2450/3847/3373 2451/3848/3374
f 2451/3848/3374 2452/3849/3375 2476/3846/3372
f 2476/3846/3372 2452/3849/3375 2477/3850/3376
f 2476/3846/3372 2477/3850/3376 2470/3851/3377
f 2470/3851/3377 2477/3850/3376 2469/3852/3378
f 2469/3852/3378 2477/3850/3376 2478/3853/3379
f 2469/3852/3378 2478/3853/3379 2489/3854/3380
f 2489/3854/3380 2478/3853/3379 2479/3855/3381
f 2489/3854/3380 2479/3855/3381 2488/3856/3382
f 2488/3856/3382 2479/3855/3381 2480/3857/3383
f 2488/3856/3382 2480/3857/3383 2487/3858/3384
f 2487/3858/3384 2480/3857/3383 2481/3859/3385
f 2487/3858/3384 2481/3859/3385 2486/3860/3386
f 2486/3860/3386 2481/3859/3385 2482/3861/3387
f 2486/3860/3386 2482/3861/3387 2485/3862/3388
f 2485/3862/3388 2482/3861/3387 2483/3863/3389
f 2485/3862/3388 2483/3863/3389 2484/3864/3390
f 2484/3864/3390 2483/3863/3389 2462/3865/3391
f 2484/3864/3390 2462/3865/3391 2473/3866/3392
f 2473/3866/3392 2462/3865/3391 357/3867/3393
f 2473/3866/3392 357/3867/3393 2493/3868/3394
f 2493/3868/3394 357/3867/3393 2463/3869/3395
f 2493/3868/3394 2463/3869/3395 2472/3870/3396
f 2472/3870/3396 2463/3869/3395 2474/3871/3397
f 2472/3870/3396 2474/3871/3397 2464/3872/3398
f 2464/3872/3398 2474/3871/3397 2463/3869/3395
f 2452/3849/3375 2453/3873/3399 2477/3850/3376
f 2477/3850/3376 2453/3873/3399 2478/3853/3379
f 2453/3873/3399 2454/3874/3400 2478/3853/3379
f 2478/3853/3379 2454/3874/3400 2479/3855/3381
f 2454/3874/3400 2455/3875/3401 2479/3855/3381
f 2479/3855/3381 2455/3875/3401 2480/3857/3383
f 2455/3875/3401 2456/3876/3402 2480/3857/3383
f 2480/3857/3383 2456/3876/3402 2481/3859/3385
f 2481/3859/3385 2456/3876/3402 2490/3877/3403
f 2490/3877/3403 2456/3876/3402 2457/3878/3404
f 2490/3877/3403 2457/3878/3404 2491/3879/3405
f 2491/3879/3405 2457/3878/3404 2458/3880/3406
f 2491/3879/3405 2458/3880/3406 2475/3881/3407
f 2475/3881/3407 2458/3880/3406 2459/3882/3408
f 2475/3881/3407 2459/3882/3408 2462/3865/3391
f 2462/3865/3391 2459/3882/3408 2460/3883/3409
f 2462/3865/3391 2460/3883/3409 2461/3884/3410
f 357/3867/3393 356/3885/3411 2463/3869/3395
f 2465/3886/3412 2492/3887/3413 2464/3872/3398
f 2464/3872/3398 2492/3887/3413 2493/3868/3394
f 2464/3872/3398 2493/3868/3394 2472/3870/3396
f 2466/3888/3414 2495/3889/3415 2465/3886/3412
f 2465/3886/3412 2495/3889/3415 2485/3862/3388
f 2465/3886/3412 2485/3862/3388 2494/3890/3416
f 2494/3890/3416 2485/3862/3388 2484/3864/3390
f 2494/3890/3416 2484/3864/3390 2473/3866/3392
f 2467/3891/3417 2487/3858/3384 2466/3888/3414
f 2466/3888/3414 2487/3858/3384 2486/3860/3386
f 2466/3888/3414 2486/3860/3386 2495/3889/3415
f 2495/3889/3415 2486/3860/3386 2485/3862/3388
f 2487/3858/3384 2467/3891/3417 2488/3856/3382
f 2488/3856/3382 2467/3891/3417 2468/3892/3418
f 2488/3856/3382 2468/3892/3418 2489/3854/3380
f 2489/3854/3380 2468/3892/3418 2469/3852/3378
f 2470/3851/3377 2471/3844/3370 2476/3846/3372
f 2462/3865/3391 2483/3863/3389 2475/3881/3407
f 2475/3881/3407 2483/3863/3389 2482/3861/3387
f 2475/3881/3407 2482/3861/3387 2491/3879/3405
f 2491/3879/3405 2482/3861/3387 2481/3859/3385
f 2491/3879/3405 2481/3859/3385 2490/3877/3403
f 2473/3866/3392 2493/3868/3394 2492/3887/3413
f 2494/3890/3416 2473/3866/3392 2492/3887/3413
f 2492/3887/3413 2465/3886/3412 2494/3890/3416
f 354/3893/463 2496/3894/3419 355/3895/459
f 355/3895/459 2496/3894/3419 2512/3896/3420
f 355/3895/459 2512/3896/3420 2505/3897/3421
f 2505/3897/3421 2512/3896/3420 2511/3898/3422
f 2505/3897/3421 2511/3898/3422 2514/3899/3423
f 2514/3899/3423 2511/3898/3422 2510/3900/3424
f 2514/3899/3423 2510/3900/3424 2513/3901/3425
f 2513/3901/3425 2510/3900/3424 2509/3902/3426
f 2513/3901/3425 2509/3902/3426 2466/3903/3427
f 2466/3903/3427 2509/3902/3426 2515/3904/3428
f 2466/3903/3427 2515/3904/3428 2467/3905/3429
f 2467/3905/3429 2515/3904/3428 2509/3902/3426
f 2467/3905/3429 2509/3902/3426 2508/3906/3430
f 2508/3906/3430 2509/3902/3426 2500/3907/3431
f 2508/3906/3430 2500/3907/3431 2501/3908/3432
f 2496/3894/3419 2497/3909/3433 2512/3896/3420
f 2512/3896/3420 2497/3909/3433 2511/3898/3422
f 2497/3909/3433 2498/3910/3434 2511/3898/3422
f 2511/3898/3422 2498/3910/3434 2510/3900/3424
f 2498/3910/3434 2499/3911/3435 2510/3900/3424
f 2510/3900/3424 2499/3911/3435 2509/3902/3426
f 2499/3911/3435 2500/3907/3431 2509/3902/3426
f 2508/3906/3430 2501/3908/3432 2507/3912/3436
f 2507/3912/3436 2501/3908/3432 2502/3913/3437
f 2507/3912/3436 2502/3913/3437 2506/3914/3438
f 2506/3914/3438 2502/3913/3437 2503/3915/3439
f 2506/3914/3438 2503/3915/3439 2469/3916/3440
f 2469/3916/3440 2503/3915/3439 2470/3917/3441
f 2470/3917/3441 2503/3915/3439 2504/3918/3442
f 2470/3917/3441 2504/3918/3442 2471/3919/3443
f 2471/3919/3443 2504/3918/3442 2449/3920/3371
f 2506/3914/3438 2469/3916/3440 2507/3912/3436
f 2507/3912/3436 2469/3916/3440 2468/3921/3444
f 2507/3912/3436 2468/3921/3444 2508/3906/3430
f 2508/3906/3430 2468/3921/3444 2467/3905/3429
f 2466/3903/3427 2465/3922/3445 2513/3901/3425
f 2513/3901/3425 2465/3922/3445 2514/3899/3423
f 2465/3922/3445 2464/3923/3446 2514/3899/3423
f 2514/3899/3423 2464/3923/3446 2505/3897/3421
f 2505/3897/3421 2464/3923/3446 2516/3924/3447
f 2516/3924/3447 2464/3923/3446 2463/3925/3448
f 2516/3924/3447 2463/3925/3448 2505/3897/3421
f 2505/3897/3421 2463/3925/3448 355/3895/459
f 2463/3925/3448 356/3926/461 355/3895/459
f 2460/3927/3449 2459/3928/3450 2527/3929/3451
f 2527/3929/3451 2459/3928/3450 2529/3930/3452
f 2527/3929/3451 2529/3930/3452 2535/3931/3453
f 2535/3931/3453 2529/3930/3452 2536/3932/3454
f 2535/3931/3453 2536/3932/3454 2534/3933/3455
f 2534/3933/3455 2536/3932/3454 2457/3934/3456
f 2534/3933/3455 2457/3934/3456 2533/3935/3457
f 2533/3935/3457 2457/3934/3456 2456/3936/3458
f 2533/3935/3457 2456/3936/3458 2532/3937/3459
f 2532/3937/3459 2456/3936/3458 2455/3938/3460
f 2532/3937/3459 2455/3938/3460 2540/3939/3461
f 2540/3939/3461 2455/3938/3460 2454/3940/3462
f 2540/3939/3461 2454/3940/3462 2539/3941/3463
f 2539/3941/3463 2454/3940/3462 2538/3942/3464
f 2539/3941/3463 2538/3942/3464 2520/3943/3465
f 2520/3943/3465 2538/3942/3464 2519/3944/3466
f 2519/3944/3466 2538/3942/3464 2537/3945/3467
f 2519/3944/3466 2537/3945/3467 2518/3946/3468
f 2518/3946/3468 2537/3945/3467 2453/3947/3469
f 2518/3946/3468 2453/3947/3469 2452/3948/3470
f 2458/3949/3471 2531/3950/3472 2459/3928/3450
f 2459/3928/3450 2531/3950/3472 2530/3951/3473
f 2459/3928/3450 2530/3951/3473 2529/3930/3452
f 2529/3930/3452 2530/3951/3473 2458/3949/3471
f 2529/3930/3452 2458/3949/3471 2536/3932/3454
f 2536/3932/3454 2458/3949/3471 2457/3934/3456
f 2454/3940/3462 2453/3947/3469 2538/3942/3464
f 2538/3942/3464 2453/3947/3469 2537/3945/3467
f 2518/3946/3468 2452/3948/3470 2517/3952/3474
f 2517/3952/3474 2452/3948/3470 2451/3953/3475
f 2517/3952/3474 2451/3953/3475 2450/3954/3373
f 2520/3943/3465 2521/3955/3476 2539/3941/3463
f 2539/3941/3463 2521/3955/3476 2540/3939/3461
f 2521/3955/3476 2522/3956/3477 2540/3939/3461
f 2540/3939/3461 2522/3956/3477 2541/3957/3478
f 2540/3939/3461 2541/3957/3478 2532/3937/3459
f 2532/3937/3459 2541/3957/3478 2533/3935/3457
f 2522/3956/3477 2523/3958/3479 2541/3957/3478
f 2541/3957/3478 2523/3958/3479 2542/3959/3480
f 2541/3957/3478 2542/3959/3480 2533/3935/3457
f 2533/3935/3457 2542/3959/3480 2534/3933/3455
f 2542/3959/3480 2523/3958/3479 2544/3960/3481
f 2544/3960/3481 2523/3958/3479 2524/3961/3482
f 2544/3960/3481 2524/3961/3482 2528/3962/3483
f 2528/3962/3483 2524/3961/3482 2525/3963/3484
f 2528/3962/3483 2525/3963/3484 2527/3929/3451
f 2527/3929/3451 2525/3963/3484 2526/3964/3485
f 2528/3962/3483 2527/3929/3451 2543/3965/3486
f 2543/3965/3486 2527/3929/3451 2535/3931/3453
f 2543/3965/3486 2535/3931/3453 2534/3933/3455
f 2530/3951/3473 2531/3950/3472 2458/3949/3471
f 2543/3965/3486 2534/3933/3455 2542/3959/3480
f 2528/3962/3483 2543/3965/3486 2542/3959/3480
f 2544/3960/3481 2528/3962/3483 2542/3959/3480
f 353/3966/464 359/3967/465 354/3968/3487
f 354/3968/3487 359/3967/465 2496/3969/3488
f 2496/3969/3488 359/3967/465 2573/3970/3489
f 2496/3969/3488 2573/3970/3489 2548/3971/3490
f 2548/3971/3490 2573/3970/3489 2574/3972/3491
f 2548/3971/3490 2574/3972/3491 2497/3973/3492
f 2497/3973/3492 2574/3972/3491 2498/3974/3493
f 2498/3974/3493 2574/3972/3491 2572/3975/3494
f 2498/3974/3493 2572/3975/3494 2571/3976/3495
f 2571/3976/3495 2572/3975/3494 2567/3977/3496
f 2571/3976/3495 2567/3977/3496 2566/3978/3497
f 2566/3978/3497 2567/3977/3496 2558/3979/3498
f 2566/3978/3497 2558/3979/3498 2557/3980/3499
f 2557/3980/3499 2558/3979/3498 2553/3981/3500
f 2557/3980/3499 2553/3981/3500 2554/3982/3501
f 2554/3982/3501 2553/3981/3500 2520/3983/3502
f 2554/3982/3501 2520/3983/3502 2519/3984/3503
f 358/3985/466 2526/3986/3504 359/3967/465
f 359/3967/465 2526/3986/3504 2525/3987/3505
f 359/3967/465 2525/3987/3505 2547/3988/3506
f 2547/3988/3506 2525/3987/3505 2524/3989/3507
f 2547/3988/3506 2524/3989/3507 2562/3990/3508
f 2562/3990/3508 2524/3989/3507 2523/3991/3509
f 2562/3990/3508 2523/3991/3509 2550/3992/3510
f 2550/3992/3510 2523/3991/3509 2563/3993/3511
f 2550/3992/3510 2563/3993/3511 2551/3994/3512
f 2551/3994/3512 2563/3993/3511 2522/3995/3513
f 2551/3994/3512 2522/3995/3513 2552/3996/3514
f 2552/3996/3514 2522/3995/3513 2521/3997/3515
f 2552/3996/3514 2521/3997/3515 2553/3981/3500
f 2553/3981/3500 2521/3997/3515 2520/3983/3502
f 2523/3991/3509 2522/3995/3513 2563/3993/3511
f 2518/3998/3516 2555/3999/3517 2519/3984/3503
f 2519/3984/3503 2555/3999/3517 2556/4000/3518
f 2519/3984/3503 2556/4000/3518 2554/3982/3501
f 2554/3982/3501 2556/4000/3518 2557/3980/3499
f 2555/3999/3517 2518/3998/3516 2546/4001/3519
f 2546/4001/3519 2518/3998/3516 2517/4002/3520
f 2546/4001/3519 2517/4002/3520 2450/4003/3373
f 2449/4004/3371 2504/4005/3521 2450/4003/3373
f 2450/4003/3373 2504/4005/3521 2546/4001/3519
f 2504/4005/3521 2503/4006/3522 2546/4001/3519
f 2546/4001/3519 2503/4006/3522 2502/4007/3523
f 2546/4001/3519 2502/4007/3523 2555/3999/3517
f 2555/3999/3517 2502/4007/3523 2564/4008/3524
f 2555/3999/3517 2564/4008/3524 2556/4000/3518
f 2556/4000/3518 2564/4008/3524 2565/4009/3525
f 2556/4000/3518 2565/4009/3525 2557/3980/3499
f 2557/3980/3499 2565/4009/3525 2566/3978/3497
f 2502/4007/3523 2501/4010/3526 2564/4008/3524
f 2564/4008/3524 2501/4010/3526 2565/4009/3525
f 2501/4010/3526 2500/4011/3527 2565/4009/3525
f 2565/4009/3525 2500/4011/3527 2566/3978/3497
f 2566/3978/3497 2500/4011/3527 2570/4012/3528
f 2570/4012/3528 2500/4011/3527 2499/4013/3529
f 2570/4012/3528 2499/4013/3529 2571/3976/3495
f 2571/3976/3495 2499/4013/3529 2575/4014/3530
f 2571/3976/3495 2575/4014/3530 2498/3974/3493
f 2498/3974/3493 2575/4014/3530 2499/4013/3529
f 2497/3973/3492 2496/3969/3488 2548/3971/3490
f 2571/3976/3495 2566/3978/3497 2570/4012/3528
f 2545/4015/3531 359/3967/465 2569/4016/3532
f 2569/4016/3532 359/3967/465 2561/4017/3533
f 2569/4016/3532 2561/4017/3533 2560/4018/3534
f 2560/4018/3534 2561/4017/3533 2550/3992/3510
f 2560/4018/3534 2550/3992/3510 2551/3994/3512
f 2550/3992/3510 2561/4017/3533 2549/4019/3535
f 2549/4019/3535 2561/4017/3533 359/3967/465
f 2549/4019/3535 359/3967/465 2547/3988/3506
f 2547/3988/3506 2562/3990/3508 2549/4019/3535
f 2549/4019/3535 2562/3990/3508 2550/3992/3510
f 2551/3994/3512 2552/3996/3514 2559/4020/3536
f 2559/4020/3536 2552/3996/3514 2558/3979/3498
f 2559/4020/3536 2558/3979/3498 2567/3977/3496
f 2552/3996/3514 2553/3981/3500 2558/3979/3498
f 2551/3994/3512 2559/4020/3536 2560/4018/3534
f 2560/4018/3534 2559/4020/3536 2568/4021/3537
f 2560/4018/3534 2568/4021/3537 2569/4016/3532
f 2569/4016/3532 2568/4021/3537 2545/4015/3531
f 2568/4021/3537 2559/4020/3536 2567/3977/3496
f 2545/4015/3531 2568/4021/3537 2572/3975/3494
f 2572/3975/3494 2568/4021/3537 2567/3977/3496
f 359/3967/465 2545/4015/3531 2573/3970/3489
f 2573/3970/3489 2545/4015/3531 2572/3975/3494
f 2573/3970/3489 2572/3975/3494 2574/3972/3491
f 303/4022/408 326/4023/409 304/4024/3538
f 304/4024/3538 326/4023/409 347/4025/3539
f 304/4024/3538 347/4025/3539 2527/4026/3451
f 2527/4026/3451 347/4025/3539 2461/4027/3540
f 2527/4026/3451 2461/4027/3540 2460/4028/3449
f 2526/4029/3485 358/4030/3541 2527/4026/3451
f 2527/4026/3451 358/4030/3541 304/4024/3538
f 347/4031/451 346/4032/449 2461/4033/3410
f 2461/4033/3410 346/4032/449 2462/4034/3391
f 2462/4034/3391 346/4032/449 345/4035/448
f 2462/4034/3391 345/4035/448 357/4036/3393
f 357/4036/3393 345/4035/448 344/4037/450
f 2598/4038/3542 2576/4039/3543 2603/4040/3544
f 2603/4040/3544 2576/4039/3543 2577/4041/3545
f 2603/4040/3544 2577/4041/3545 2578/4042/3546
f 2578/4042/3546 2579/4043/3547 2603/4040/3544
f 2603/4040/3544 2579/4043/3547 2604/4044/3548
f 2603/4040/3544 2604/4044/3548 2597/4045/3549
f 2597/4045/3549 2604/4044/3548 2596/4046/3550
f 2596/4046/3550 2604/4044/3548 2605/4047/3551
f 2596/4046/3550 2605/4047/3551 2616/4048/3552
f 2616/4048/3552 2605/4047/3551 2606/4049/3553
f 2616/4048/3552 2606/4049/3553 2615/4050/3554
f 2615/4050/3554 2606/4049/3553 2607/4051/3555
f 2615/4050/3554 2607/4051/3555 2614/4052/3556
f 2614/4052/3556 2607/4051/3555 2608/4053/3557
f 2614/4052/3556 2608/4053/3557 2613/4054/3558
f 2613/4054/3558 2608/4053/3557 2609/4055/3559
f 2613/4054/3558 2609/4055/3559 2612/4056/3560
f 2612/4056/3560 2609/4055/3559 2610/4057/3561
f 2612/4056/3560 2610/4057/3561 2611/4058/3562
f 2611/4058/3562 2610/4057/3561 2589/4059/3563
f 2611/4058/3562 2589/4059/3563 2600/4060/3564
f 2600/4060/3564 2589/4059/3563 420/4061/3565
f 2600/4060/3564 420/4061/3565 2620/4062/3566
f 2620/4062/3566 420/4061/3565 2590/4063/3567
f 2620/4062/3566 2590/4063/3567 2599/4064/3568
f 2599/4064/3568 2590/4063/3567 2601/4065/3569
f 2599/4064/3568 2601/4065/3569 2591/4066/3570
f 2591/4066/3570 2601/4065/3569 2590/4063/3567
f 2579/4043/3547 2580/4067/3571 2604/4044/3548
f 2604/4044/3548 2580/4067/3571 2605/4047/3551
f 2580/4067/3571 2581/4068/3572 2605/4047/3551
f 2605/4047/3551 2581/4068/3572 2606/4049/3553
f 2581/4068/3572 2582/4069/3573 2606/4049/3553
f 2606/4049/3553 2582/4069/3573 2607/4051/3555
f 2582/4069/3573 2583/4070/3574 2607/4051/3555
f 2607/4051/3555 2583/4070/3574 2608/4053/3557
f 2608/4053/3557 2583/4070/3574 2617/4071/3575
f 2617/4071/3575 2583/4070/3574 2584/4072/3576
f 2617/4071/3575 2584/4072/3576 2618/4073/3577
f 2618/4073/3577 2584/4072/3576 2585/4074/3578
f 2618/4073/3577 2585/4074/3578 2602/4075/3579
f 2602/4075/3579 2585/4074/3578 2586/4076/3580
f 2602/4075/3579 2586/4076/3580 2589/4059/3563
f 2589/4059/3563 2586/4076/3580 2587/4077/3581
f 2589/4059/3563 2587/4077/3581 2588/4078/3582
f 420/4061/3565 419/4079/3583 2590/4063/3567
f 2592/4080/3584 2619/4081/3585 2591/4066/3570
f 2591/4066/3570 2619/4081/3585 2620/4062/3566
f 2591/4066/3570 2620/4062/3566 2599/4064/3568
f 2593/4082/3586 2622/4083/3587 2592/4080/3584
f 2592/4080/3584 2622/4083/3587 2612/4056/3560
f 2592/4080/3584 2612/4056/3560 2621/4084/3588
f 2621/4084/3588 2612/4056/3560 2611/4058/3562
f 2621/4084/3588 2611/4058/3562 2600/4060/3564
f 2594/4085/3589 2614/4052/3556 2593/4082/3586
f 2593/4082/3586 2614/4052/3556 2613/4054/3558
f 2593/4082/3586 2613/4054/3558 2622/4083/3587
f 2622/4083/3587 2613/4054/3558 2612/4056/3560
f 2614/4052/3556 2594/4085/3589 2615/4050/3554
f 2615/4050/3554 2594/4085/3589 2595/4086/3590
f 2615/4050/3554 2595/4086/3590 2616/4048/3552
f 2616/4048/3552 2595/4086/3590 2596/4046/3550
f 2597/4045/3549 2598/4038/3542 2603/4040/3544
f 2589/4059/3563 2610/4057/3561 2602/4075/3579
f 2602/4075/3579 2610/4057/3561 2609/4055/3559
f 2602/4075/3579 2609/4055/3559 2618/4073/3577
f 2618/4073/3577 2609/4055/3559 2608/4053/3557
f 2618/4073/3577 2608/4053/3557 2617/4071/3575
f 2600/4060/3564 2620/4062/3566 2619/4081/3585
f 2621/4084/3588 2600/4060/3564 2619/4081/3585
f 2619/4081/3585 2592/4080/3584 2621/4084/3588
f 417/4087/557 2623/4088/3591 418/4089/553
f 418/4089/553 2623/4088/3591 2639/4090/3592
f 418/4089/553 2639/4090/3592 2632/4091/3593
f 2632/4091/3593 2639/4090/3592 2638/4092/3594
f 2632/4091/3593 2638/4092/3594 2641/4093/3595
f 2641/4093/3595 2638/4092/3594 2637/4094/3596
f 2641/4093/3595 2637/4094/3596 2640/4095/3597
f 2640/4095/3597 2637/4094/3596 2636/4096/3598
f 2640/4095/3597 2636/4096/3598 2593/4097/3599
f 2593/4097/3599 2636/4096/3598 2642/4098/3600
f 2593/4097/3599 2642/4098/3600 2594/4099/3601
f 2594/4099/3601 2642/4098/3600 2636/4096/3598
f 2594/4099/3601 2636/4096/3598 2635/4100/3602
f 2635/4100/3602 2636/4096/3598 2627/4101/3603
f 2635/4100/3602 2627/4101/3603 2628/4102/3604
f 2623/4088/3591 2624/4103/3605 2639/4090/3592
f 2639/4090/3592 2624/4103/3605 2638/4092/3594
f 2624/4103/3605 2625/4104/3606 2638/4092/3594
f 2638/4092/3594 2625/4104/3606 2637/4094/3596
f 2625/4104/3606 2626/4105/3607 2637/4094/3596
f 2637/4094/3596 2626/4105/3607 2636/4096/3598
f 2626/4105/3607 2627/4101/3603 2636/4096/3598
f 2635/4100/3602 2628/4102/3604 2634/4106/3608
f 2634/4106/3608 2628/4102/3604 2629/4107/3609
f 2634/4106/3608 2629/4107/3609 2633/4108/3610
f 2633/4108/3610 2629/4107/3609 2630/4109/3611
f 2633/4108/3610 2630/4109/3611 2596/4110/3612
f 2596/4110/3612 2630/4109/3611 2597/4111/3613
f 2597/4111/3613 2630/4109/3611 2631/4112/3614
f 2597/4111/3613 2631/4112/3614 2598/4113/3615
f 2598/4113/3615 2631/4112/3614 2576/4114/3543
f 2633/4108/3610 2596/4110/3612 2634/4106/3608
f 2634/4106/3608 2596/4110/3612 2595/4115/3616
f 2634/4106/3608 2595/4115/3616 2635/4100/3602
f 2635/4100/3602 2595/4115/3616 2594/4099/3601
f 2593/4097/3599 2592/4116/3617 2640/4095/3597
f 2640/4095/3597 2592/4116/3617 2641/4093/3595
f 2592/4116/3617 2591/4117/3618 2641/4093/3595
f 2641/4093/3595 2591/4117/3618 2632/4091/3593
f 2632/4091/3593 2591/4117/3618 2643/4118/3619
f 2643/4118/3619 2591/4117/3618 2590/4119/3620
f 2643/4118/3619 2590/4119/3620 2632/4091/3593
f 2632/4091/3593 2590/4119/3620 418/4089/553
f 2590/4119/3620 419/4120/555 418/4089/553
f 2587/4121/3621 2586/4122/3622 2654/4123/3623
f 2654/4123/3623 2586/4122/3622 2656/4124/3624
f 2654/4123/3623 2656/4124/3624 2662/4125/3625
f 2662/4125/3625 2656/4124/3624 2663/4126/3626
f 2662/4125/3625 2663/4126/3626 2661/4127/3627
f 2661/4127/3627 2663/4126/3626 2584/4128/3628
f 2661/4127/3627 2584/4128/3628 2660/4129/3629
f 2660/4129/3629 2584/4128/3628 2583/4130/3630
f 2660/4129/3629 2583/4130/3630 2659/4131/3631
f 2659/4131/3631 2583/4130/3630 2582/4132/3632
f 2659/4131/3631 2582/4132/3632 2667/4133/3633
f 2667/4133/3633 2582/4132/3632 2581/4134/3634
f 2667/4133/3633 2581/4134/3634 2666/4135/3635
f 2666/4135/3635 2581/4134/3634 2665/4136/3636
f 2666/4135/3635 2665/4136/3636 2647/4137/3637
f 2647/4137/3637 2665/4136/3636 2646/4138/3638
f 2646/4138/3638 2665/4136/3636 2664/4139/3639
f 2646/4138/3638 2664/4139/3639 2645/4140/3640
f 2645/4140/3640 2664/4139/3639 2580/4141/3641
f 2645/4140/3640 2580/4141/3641 2579/4142/3642
f 2585/4143/3643 2658/4144/3644 2586/4122/3622
f 2586/4122/3622 2658/4144/3644 2657/4145/3645
f 2586/4122/3622 2657/4145/3645 2656/4124/3624
f 2656/4124/3624 2657/4145/3645 2585/4143/3643
f 2656/4124/3624 2585/4143/3643 2663/4126/3626
f 2663/4126/3626 2585/4143/3643 2584/4128/3628
f 2581/4134/3634 2580/4141/3641 2665/4136/3636
f 2665/4136/3636 2580/4141/3641 2664/4139/3639
f 2645/4140/3640 2579/4142/3642 2644/4146/3646
f 2644/4146/3646 2579/4142/3642 2578/4147/3647
f 2644/4146/3646 2578/4147/3647 2577/4148/3545
f 2647/4137/3637 2648/4149/3648 2666/4135/3635
f 2666/4135/3635 2648/4149/3648 2667/4133/3633
f 2648/4149/3648 2649/4150/3649 2667/4133/3633
f 2667/4133/3633 2649/4150/3649 2668/4151/3650
f 2667/4133/3633 2668/4151/3650 2659/4131/3631
f 2659/4131/3631 2668/4151/3650 2660/4129/3629
f 2649/4150/3649 2650/4152/3651 2668/4151/3650
f 2668/4151/3650 2650/4152/3651 2669/4153/3652
f 2668/4151/3650 2669/4153/3652 2660/4129/3629
f 2660/4129/3629 2669/4153/3652 2661/4127/3627
f 2669/4153/3652 2650/4152/3651 2671/4154/3653
f 2671/4154/3653 2650/4152/3651 2651/4155/3654
f 2671/4154/3653 2651/4155/3654 2655/4156/3655
f 2655/4156/3655 2651/4155/3654 2652/4157/3656
f 2655/4156/3655 2652/4157/3656 2654/4123/3623
f 2654/4123/3623 2652/4157/3656 2653/4158/3657
f 2655/4156/3655 2654/4123/3623 2670/4159/3658
f 2670/4159/3658 2654/4123/3623 2662/4125/3625
f 2670/4159/3658 2662/4125/3625 2661/4127/3627
f 2657/4145/3645 2658/4144/3644 2585/4143/3643
f 2670/4159/3658 2661/4127/3627 2669/4153/3652
f 2655/4156/3655 2670/4159/3658 2669/4153/3652
f 2671/4154/3653 2655/4156/3655 2669/4153/3652
f 416/4160/558 422/4161/559 417/4162/3659
f 417/4162/3659 422/4161/559 2623/4163/3660
f 2623/4163/3660 422/4161/559 2700/4164/3661
f 2623/4163/3660 2700/4164/3661 2675/4165/3662
f 2675/4165/3662 2700/4164/3661 2701/4166/3663
f 2675/4165/3662 2701/4166/3663 2624/4167/3664
f 2624/4167/3664 2701/4166/3663 2625/4168/3665
f 2625/4168/3665 2701/4166/3663 2699/4169/3666
f 2625/4168/3665 2699/4169/3666 2698/4170/3667
f 2698/4170/3667 2699/4169/3666 2694/4171/3668
f 2698/4170/3667 2694/4171/3668 2693/4172/3669
f 2693/4172/3669 2694/4171/3668 2685/4173/3670
f 2693/4172/3669 2685/4173/3670 2684/4174/3671
f 2684/4174/3671 2685/4173/3670 2680/4175/3672
f 2684/4174/3671 2680/4175/3672 2681/4176/3673
f 2681/4176/3673 2680/4175/3672 2647/4177/3674
f 2681/4176/3673 2647/4177/3674 2646/4178/3675
f 421/4179/560 2653/4180/3676 422/4161/559
f 422/4161/559 2653/4180/3676 2652/4181/3677
f 422/4161/559 2652/4181/3677 2674/4182/3678
f 2674/4182/3678 2652/4181/3677 2651/4183/3679
f 2674/4182/3678 2651/4183/3679 2689/4184/3680
f 2689/4184/3680 2651/4183/3679 2650/4185/3681
f 2689/4184/3680 2650/4185/3681 2677/4186/3682
f 2677/4186/3682 2650/4185/3681 2690/4187/3683
f 2677/4186/3682 2690/4187/3683 2678/4188/3684
f 2678/4188/3684 2690/4187/3683 2649/4189/3685
f 2678/4188/3684 2649/4189/3685 2679/4190/3686
f 2679/4190/3686 2649/4189/3685 2648/4191/3687
f 2679/4190/3686 2648/4191/3687 2680/4175/3672
f 2680/4175/3672 2648/4191/3687 2647/4177/3674
f 2650/4185/3681 2649/4189/3685 2690/4187/3683
f 2645/4192/3688 2682/4193/3689 2646/4178/3675
f 2646/4178/3675 2682/4193/3689 2683/4194/3690
f 2646/4178/3675 2683/4194/3690 2681/4176/3673
f 2681/4176/3673 2683/4194/3690 2684/4174/3671
f 2682/4193/3689 2645/4192/3688 2673/4195/3691
f 2673/4195/3691 2645/4192/3688 2644/4196/3692
f 2673/4195/3691 2644/4196/3692 2577/4197/3545
f 2576/4198/3543 2631/4199/3693 2577/4197/3545
f 2577/4197/3545 2631/4199/3693 2673/4195/3691
f 2631/4199/3693 2630/4200/3694 2673/4195/3691
f 2673/4195/3691 2630/4200/3694 2629/4201/3695
f 2673/4195/3691 2629/4201/3695 2682/4193/3689
f 2682/4193/3689 2629/4201/3695 2691/4202/3696
f 2682/4193/3689 2691/4202/3696 2683/4194/3690
f 2683/4194/3690 2691/4202/3696 2692/4203/3697
f 2683/4194/3690 2692/4203/3697 2684/4174/3671
f 2684/4174/3671 2692/4203/3697 2693/4172/3669
f 2629/4201/3695 2628/4204/3698 2691/4202/3696
f 2691/4202/3696 2628/4204/3698 2692/4203/3697
f 2628/4204/3698 2627/4205/3699 2692/4203/3697
f 2692/4203/3697 2627/4205/3699 2693/4172/3669
f 2693/4172/3669 2627/4205/3699 2697/4206/3700
f 2697/4206/3700 2627/4205/3699 2626/4207/3701
f 2697/4206/3700 2626/4207/3701 2698/4170/3667
f 2698/4170/3667 2626/4207/3701 2702/4208/3702
f 2698/4170/3667 2702/4208/3702 2625/4168/3665
f 2625/4168/3665 2702/4208/3702 2626/4207/3701
f 2624/4167/3664 2623/4163/3660 2675/4165/3662
f 2698/4170/3667 2693/4172/3669 2697/4206/3700
f 2672/4209/3703 422/4161/559 2696/4210/3704
f 2696/4210/3704 422/4161/559 2688/4211/3705
f 2696/4210/3704 2688/4211/3705 2687/4212/3706
f 2687/4212/3706 2688/4211/3705 2677/4186/3682
f 2687/4212/3706 2677/4186/3682 2678/4188/3684
f 2677/4186/3682 2688/4211/3705 2676/4213/3707
f 2676/4213/3707 2688/4211/3705 422/4161/559
f 2676/4213/3707 422/4161/559 2674/4182/3678
f 2674/4182/3678 2689/4184/3680 2676/4213/3707
f 2676/4213/3707 2689/4184/3680 2677/4186/3682
f 2678/4188/3684 2679/4190/3686 2686/4214/3708
f 2686/4214/3708 2679/4190/3686 2685/4173/3670
f 2686/4214/3708 2685/4173/3670 2694/4171/3668
f 2679/4190/3686 2680/4175/3672 2685/4173/3670
f 2678/4188/3684 2686/4214/3708 2687/4212/3706
f 2687/4212/3706 2686/4214/3708 2695/4215/3709
f 2687/4212/3706 2695/4215/3709 2696/4210/3704
f 2696/4210/3704 2695/4215/3709 2672/4209/3703
f 2695/4215/3709 2686/4214/3708 2694/4171/3668
f 2672/4209/3703 2695/4215/3709 2699/4169/3666
f 2699/4169/3666 2695/4215/3709 2694/4171/3668
f 422/4161/559 2672/4209/3703 2700/4164/3661
f 2700/4164/3661 2672/4209/3703 2699/4169/3666
f 2700/4164/3661 2699/4169/3666 2701/4166/3663
f 366/4216/502 389/4217/503 367/4218/3710
f 367/4218/3710 389/4217/503 398/4219/3711
f 367/4218/3710 398/4219/3711 2654/4220/3623
f 2654/4220/3623 398/4219/3711 2588/4221/3712
f 2654/4220/3623 2588/4221/3712 2587/4222/3621
f 2653/4223/3657 421/4224/3713 2654/4220/3623
f 2654/4220/3623 421/4224/3713 367/4218/3710
f 398/4225/518 397/4226/516 2588/4227/3582
f 2588/4227/3582 397/4226/516 2589/4228/3563
f 2589/4228/3563 397/4226/516 396/4229/510
f 2589/4228/3563 396/4229/510 420/4230/3565
f 420/4230/3565 396/4229/510 395/4231/509
f 2704/4232/3714 2705/4233/3715 2703/4234/3716
f 2703/4234/3716 2705/4233/3715 2726/4235/3717
f 2703/4234/3716 2726/4235/3717 2723/4236/3718
f 2723/4236/3718 2726/4235/3717 2722/4237/3719
f 2722/4237/3719 2726/4235/3717 2727/4238/3720
f 2722/4237/3719 2727/4238/3720 2721/4239/3721
f 2721/4239/3721 2727/4238/3720 2728/4240/3722
f 2721/4239/3721 2728/4240/3722 2729/4241/3723
f 2729/4241/3723 2728/4240/3722 2738/4242/3724
f 2729/4241/3723 2738/4242/3724 2739/4243/3725
f 2739/4243/3725 2738/4242/3724 2709/4244/3726
f 2739/4243/3725 2709/4244/3726 2710/4245/3727
f 2705/4233/3715 2706/4246/3728 2726/4235/3717
f 2726/4235/3717 2706/4246/3728 2707/4247/3729
f 2726/4235/3717 2707/4247/3729 2727/4238/3720
f 2727/4238/3720 2707/4247/3729 2737/4248/3730
f 2727/4238/3720 2737/4248/3730 2728/4240/3722
f 2728/4240/3722 2737/4248/3730 2738/4242/3724
f 2707/4247/3729 2708/4249/3731 2737/4248/3730
f 2737/4248/3730 2708/4249/3731 2738/4242/3724
f 2708/4249/3731 2709/4244/3726 2738/4242/3724
f 2711/4250/3732 2743/4251/3733 2710/4245/3727
f 2710/4245/3727 2743/4251/3733 2740/4252/3734
f 2710/4245/3727 2740/4252/3734 2739/4243/3725
f 2739/4243/3725 2740/4252/3734 2730/4253/3735
f 2739/4243/3725 2730/4253/3735 2729/4241/3723
f 2729/4241/3723 2730/4253/3735 2720/4254/3736
f 2729/4241/3723 2720/4254/3736 2721/4239/3721
f 2712/4255/3737 2746/4256/3738 2711/4250/3732
f 2711/4250/3732 2746/4256/3738 2744/4257/3739
f 2711/4250/3732 2744/4257/3739 2743/4251/3733
f 2743/4251/3733 2744/4257/3739 2740/4252/3734
f 2713/4258/3740 2724/4259/3741 2712/4255/3737
f 2712/4255/3737 2724/4259/3741 2747/4260/3742
f 2712/4255/3737 2747/4260/3742 2745/4261/3743
f 2745/4261/3743 2747/4260/3742 2713/4258/3740
f 2745/4261/3743 2713/4258/3740 2725/4262/3744
f 2725/4262/3744 2713/4258/3740 1231/4263/1677
f 2725/4262/3744 1231/4263/1677 2742/4264/3745
f 2742/4264/3745 1231/4263/1677 2733/4265/3746
f 2742/4264/3745 2733/4265/3746 2732/4266/3747
f 2732/4266/3747 2733/4265/3746 2735/4267/3748
f 2732/4266/3747 2735/4267/3748 2736/4268/3749
f 2736/4268/3749 2735/4267/3748 2717/4269/3750
f 2736/4268/3749 2717/4269/3750 2718/4270/3751
f 2713/4258/3740 2714/4271/3752 1231/4263/1677
f 1231/4263/1677 2714/4271/3752 1232/4272/1676
f 1230/4273/1678 1236/4274/3753 1231/4263/1677
f 1231/4263/1677 1236/4274/3753 2715/4275/3754
f 1231/4263/1677 2715/4275/3754 2734/4276/3755
f 2734/4276/3755 2715/4275/3754 2716/4277/3756
f 2734/4276/3755 2716/4277/3756 2735/4267/3748
f 2735/4267/3748 2716/4277/3756 2717/4269/3750
f 2736/4268/3749 2718/4270/3751 2731/4278/3757
f 2731/4278/3757 2718/4270/3751 2719/4279/3758
f 2731/4278/3757 2719/4279/3758 2730/4253/3735
f 2730/4253/3735 2719/4279/3758 2720/4254/3736
f 2724/4259/3741 2713/4258/3740 2747/4260/3742
f 2736/4268/3749 2731/4278/3757 2732/4266/3747
f 2732/4266/3747 2731/4278/3757 2741/4280/3759
f 2732/4266/3747 2741/4280/3759 2742/4264/3745
f 2742/4264/3745 2741/4280/3759 2725/4262/3744
f 2741/4280/3759 2731/4278/3757 2740/4252/3734
f 2740/4252/3734 2731/4278/3757 2730/4253/3735
f 2734/4276/3755 2735/4267/3748 2733/4265/3746
f 2733/4265/3746 1231/4263/1677 2734/4276/3755
f 2725/4262/3744 2741/4280/3759 2744/4257/3739
f 2744/4257/3739 2741/4280/3759 2740/4252/3734
f 2745/4261/3743 2725/4262/3744 2744/4257/3739
f 2712/4255/3737 2745/4261/3743 2746/4256/3738
f 2746/4256/3738 2745/4261/3743 2744/4257/3739
f 2704/4281/3714 2748/4282/3760 2705/4283/3761
f 2705/4283/3761 2748/4282/3760 2706/4284/3762
f 2706/4284/3762 2748/4282/3760 2749/4285/3763
f 2706/4284/3762 2749/4285/3763 2707/4286/3764
f 2707/4286/3764 2749/4285/3763 2764/4287/3765
f 2707/4286/3764 2764/4287/3765 2765/4288/3766
f 2765/4288/3766 2764/4287/3765 2750/4289/3767
f 2765/4288/3766 2750/4289/3767 2751/4290/3768
f 2749/4285/3763 2750/4289/3767 2764/4287/3765
f 2765/4288/3766 2751/4290/3768 2766/4291/3769
f 2766/4291/3769 2751/4290/3768 2752/4292/3770
f 2766/4291/3769 2752/4292/3770 2767/4293/3771
f 2767/4293/3771 2752/4292/3770 2753/4294/3772
f 2767/4293/3771 2753/4294/3772 2763/4295/3773
f 2763/4295/3773 2753/4294/3772 2754/4296/3774
f 2763/4295/3773 2754/4296/3774 2761/4297/3775
f 2761/4297/3775 2754/4296/3774 2755/4298/3776
f 2761/4297/3775 2755/4298/3776 2759/4299/3777
f 2759/4299/3777 2755/4298/3776 2756/4300/3778
f 2759/4299/3777 2756/4300/3778 2758/4301/3779
f 2758/4301/3779 2756/4300/3778 2757/4302/3780
f 2714/4303/3781 2713/4304/3782 2758/4301/3779
f 2758/4301/3779 2713/4304/3782 2760/4305/3783
f 2758/4301/3779 2760/4305/3783 2759/4299/3777
f 2759/4299/3777 2760/4305/3783 2762/4306/3784
f 2759/4299/3777 2762/4306/3784 2761/4297/3775
f 2761/4297/3775 2762/4306/3784 2711/4307/3785
f 2761/4297/3775 2711/4307/3785 2768/4308/3786
f 2768/4308/3786 2711/4307/3785 2710/4309/3787
f 2768/4308/3786 2710/4309/3787 2763/4295/3773
f 2763/4295/3773 2710/4309/3787 2767/4293/3771
f 2760/4305/3783 2713/4304/3782 2770/4310/3788
f 2770/4310/3788 2713/4304/3782 2712/4311/3789
f 2770/4310/3788 2712/4311/3789 2760/4305/3783
f 2760/4305/3783 2712/4311/3789 2762/4306/3784
f 2712/4311/3789 2711/4307/3785 2762/4306/3784
f 2767/4293/3771 2710/4309/3787 2769/4312/3790
f 2769/4312/3790 2710/4309/3787 2709/4313/3791
f 2769/4312/3790 2709/4313/3791 2767/4293/3771
f 2767/4293/3771 2709/4313/3791 2766/4291/3769
f 2709/4313/3791 2708/4314/3792 2766/4291/3769
f 2766/4291/3769 2708/4314/3792 2765/4288/3766
f 2708/4314/3792 2707/4286/3764 2765/4288/3766
f 2763/4295/3773 2761/4297/3775 2768/4308/3786
f 2703/4315/3716 2723/4316/3793 2779/4317/3794
f 2779/4317/3794 2723/4316/3793 2722/4318/3795
f 2779/4317/3794 2722/4318/3795 2778/4319/3796
f 2778/4319/3796 2722/4318/3795 2721/4320/3797
f 2778/4319/3796 2721/4320/3797 2788/4321/3798
f 2788/4321/3798 2721/4320/3797 2787/4322/3799
f 2788/4321/3798 2787/4322/3799 2777/4323/3800
f 2777/4323/3800 2787/4322/3799 2776/4324/3801
f 2776/4324/3801 2787/4322/3799 2786/4325/3802
f 2776/4324/3801 2786/4325/3802 2785/4326/3803
f 2785/4326/3803 2786/4325/3802 2719/4327/3804
f 2785/4326/3803 2719/4327/3804 2789/4328/3805
f 2789/4328/3805 2719/4327/3804 2718/4329/3806
f 2789/4328/3805 2718/4329/3806 2790/4330/3807
f 2790/4330/3807 2718/4329/3806 2717/4331/3808
f 2790/4330/3807 2717/4331/3808 2791/4332/3809
f 2791/4332/3809 2717/4331/3808 2793/4333/3810
f 2791/4332/3809 2793/4333/3810 2780/4334/3811
f 2780/4334/3811 2793/4333/3810 2716/4335/3812
f 2780/4334/3811 2716/4335/3812 2794/4336/3813
f 2794/4336/3813 2716/4335/3812 2795/4337/3814
f 2794/4336/3813 2795/4337/3814 2715/4338/3815
f 2715/4338/3815 2795/4337/3814 2716/4335/3812
f 2721/4320/3797 2720/4339/3816 2787/4322/3799
f 2787/4322/3799 2720/4339/3816 2786/4325/3802
f 2720/4339/3816 2719/4327/3804 2786/4325/3802
f 2717/4331/3808 2716/4335/3812 2793/4333/3810
f 1236/4340/1683 1235/4341/1681 2715/4338/3815
f 2715/4338/3815 1235/4341/1681 2780/4334/3811
f 2715/4338/3815 2780/4334/3811 2794/4336/3813
f 1234/4342/1685 2771/4343/3817 1235/4341/1681
f 1235/4341/1681 2771/4343/3817 2781/4344/3818
f 1235/4341/1681 2781/4344/3818 2782/4345/3819
f 2782/4345/3819 2781/4344/3818 2796/4346/3820
f 2782/4345/3819 2796/4346/3820 2783/4347/3821
f 2783/4347/3821 2796/4346/3820 2773/4348/3822
f 2783/4347/3821 2773/4348/3822 2784/4349/3823
f 2784/4349/3823 2773/4348/3822 2774/4350/3824
f 2784/4349/3823 2774/4350/3824 2785/4326/3803
f 2785/4326/3803 2774/4350/3824 2775/4351/3825
f 2785/4326/3803 2775/4351/3825 2776/4324/3801
f 2771/4343/3817 2772/4352/3826 2781/4344/3818
f 2781/4344/3818 2772/4352/3826 2796/4346/3820
f 2772/4352/3826 2773/4348/3822 2796/4346/3820
f 2777/4323/3800 2778/4319/3796 2788/4321/3798
f 2780/4334/3811 1235/4341/1681 2792/4353/3827
f 2792/4353/3827 1235/4341/1681 2782/4345/3819
f 2792/4353/3827 2782/4345/3819 2783/4347/3821
f 2790/4330/3807 2791/4332/3809 2784/4349/3823
f 2784/4349/3823 2791/4332/3809 2783/4347/3821
f 2789/4328/3805 2790/4330/3807 2785/4326/3803
f 2785/4326/3803 2790/4330/3807 2784/4349/3823
f 2780/4334/3811 2792/4353/3827 2791/4332/3809
f 2791/4332/3809 2792/4353/3827 2783/4347/3821
f 1233/4354/3828 2797/4355/3829 1234/4356/3830
f 1234/4356/3830 2797/4355/3829 2771/4357/3831
f 2771/4357/3831 2797/4355/3829 2799/4358/3832
f 2771/4357/3831 2799/4358/3832 2772/4359/3833
f 2772/4359/3833 2799/4358/3832 2800/4360/3834
f 2772/4359/3833 2800/4360/3834 2773/4361/3835
f 2773/4361/3835 2800/4360/3834 2801/4362/3836
f 2773/4361/3835 2801/4362/3836 2774/4363/3837
f 2774/4363/3837 2801/4362/3836 2827/4364/3838
f 2774/4363/3837 2827/4364/3838 2826/4365/3839
f 2826/4365/3839 2827/4364/3838 2812/4366/3840
f 2826/4365/3839 2812/4366/3840 2811/4367/3841
f 2811/4367/3841 2812/4366/3840 2806/4368/3842
f 2811/4367/3841 2806/4368/3842 2807/4369/3843
f 2807/4369/3843 2806/4368/3842 2751/4370/3844
f 2807/4369/3843 2751/4370/3844 2750/4371/3845
f 2798/4372/3846 2757/4373/3847 2797/4355/3829
f 2797/4355/3829 2757/4373/3847 2756/4374/3848
f 2797/4355/3829 2756/4374/3848 2819/4375/3849
f 2819/4375/3849 2756/4374/3848 2820/4376/3850
f 2819/4375/3849 2820/4376/3850 2755/4377/3851
f 2755/4377/3851 2820/4376/3850 2756/4374/3848
f 2819/4375/3849 2755/4377/3851 2816/4378/3852
f 2816/4378/3852 2755/4377/3851 2754/4379/3853
f 2816/4378/3852 2754/4379/3853 2822/4380/3854
f 2822/4380/3854 2754/4379/3853 2817/4381/3855
f 2822/4380/3854 2817/4381/3855 2804/4382/3856
f 2804/4382/3856 2817/4381/3855 2805/4383/3857
f 2804/4382/3856 2805/4383/3857 2813/4384/3858
f 2813/4384/3858 2805/4383/3857 2812/4366/3840
f 2813/4384/3858 2812/4366/3840 2827/4364/3838
f 2817/4381/3855 2754/4379/3853 2823/4385/3859
f 2823/4385/3859 2754/4379/3853 2753/4386/3860
f 2823/4385/3859 2753/4386/3860 2817/4381/3855
f 2817/4381/3855 2753/4386/3860 2821/4387/3861
f 2817/4381/3855 2821/4387/3861 2805/4383/3857
f 2805/4383/3857 2821/4387/3861 2752/4388/3862
f 2805/4383/3857 2752/4388/3862 2806/4368/3842
f 2806/4368/3842 2752/4388/3862 2751/4370/3844
f 2753/4386/3860 2752/4388/3862 2821/4387/3861
f 2749/4389/3863 2809/4390/3864 2750/4371/3845
f 2750/4371/3845 2809/4390/3864 2810/4391/3865
f 2750/4371/3845 2810/4391/3865 2807/4369/3843
f 2807/4369/3843 2810/4391/3865 2811/4367/3841
f 2809/4390/3864 2749/4389/3863 2808/4392/3866
f 2808/4392/3866 2749/4389/3863 2748/4393/3867
f 2808/4392/3866 2748/4393/3867 2704/4394/3714
f 2704/4394/3714 2703/4395/3716 2808/4392/3866
f 2808/4392/3866 2703/4395/3716 2779/4396/3868
f 2808/4392/3866 2779/4396/3868 2778/4397/3869
f 2778/4397/3869 2777/4398/3870 2808/4392/3866
f 2808/4392/3866 2777/4398/3870 2809/4390/3864
f 2809/4390/3864 2777/4398/3870 2824/4399/3871
f 2824/4399/3871 2777/4398/3870 2776/4400/3872
f 2824/4399/3871 2776/4400/3872 2825/4401/3873
f 2825/4401/3873 2776/4400/3872 2775/4402/3874
f 2825/4401/3873 2775/4402/3874 2826/4365/3839
f 2826/4365/3839 2775/4402/3874 2774/4363/3837
f 2797/4355/3829 2818/4403/3875 2802/4404/3876
f 2802/4404/3876 2818/4403/3875 2803/4405/3877
f 2802/4404/3876 2803/4405/3877 2815/4406/3878
f 2815/4406/3878 2803/4405/3877 2814/4407/3879
f 2815/4406/3878 2814/4407/3879 2829/4408/3880
f 2829/4408/3880 2814/4407/3879 2828/4409/3881
f 2829/4408/3880 2828/4409/3881 2799/4358/3832
f 2799/4358/3832 2828/4409/3881 2800/4360/3834
f 2799/4358/3832 2797/4355/3829 2829/4408/3880
f 2829/4408/3880 2797/4355/3829 2815/4406/3878
f 2827/4364/3838 2801/4362/3836 2800/4360/3834
f 2827/4364/3838 2800/4360/3834 2828/4409/3881
f 2797/4355/3829 2802/4404/3876 2815/4406/3878
f 2803/4405/3877 2804/4382/3856 2814/4407/3879
f 2814/4407/3879 2804/4382/3856 2813/4384/3858
f 2814/4407/3879 2813/4384/3858 2828/4409/3881
f 2828/4409/3881 2813/4384/3858 2827/4364/3838
f 2804/4382/3856 2803/4405/3877 2822/4380/3854
f 2822/4380/3854 2803/4405/3877 2818/4403/3875
f 2822/4380/3854 2818/4403/3875 2819/4375/3849
f 2819/4375/3849 2818/4403/3875 2797/4355/3829
f 2805/4383/3857 2806/4368/3842 2812/4366/3840
f 2809/4390/3864 2824/4399/3871 2810/4391/3865
f 2810/4391/3865 2824/4399/3871 2825/4401/3873
f 2810/4391/3865 2825/4401/3873 2811/4367/3841
f 2811/4367/3841 2825/4401/3873 2826/4365/3839
f 2822/4380/3854 2819/4375/3849 2816/4378/3852
f 1196/4410/1620 1195/4411/1618 1233/4412/3828
f 1233/4412/3828 1195/4411/1618 2797/4413/3829
f 2797/4413/3829 1195/4411/1618 1194/4414/1612
f 2797/4413/3829 1194/4414/1612 2798/4415/3846
f 2798/4415/3846 1194/4414/1612 1193/4416/1611
f 1181/4417/1604 1180/4418/1605 1193/4419/3882
f 1193/4419/3882 1180/4418/1605 1224/4420/3883
f 1193/4419/3882 1224/4420/3883 2758/4421/3779
f 2758/4421/3779 1224/4420/3883 1232/4422/3884
f 2758/4421/3779 1232/4422/3884 2714/4423/3781
f 2757/4424/3780 2798/4425/3885 2758/4421/3779
f 2758/4421/3779 2798/4425/3885 1193/4419/3882
f 2852/4426/3886 2830/4427/3887 2857/4428/3888
f 2857/4428/3888 2830/4427/3887 2831/4429/3889
f 2857/4428/3888 2831/4429/3889 2832/4430/3890
f 2832/4430/3890 2833/4431/3891 2857/4428/3888
f 2857/4428/3888 2833/4431/3891 2858/4432/3892
f 2857/4428/3888 2858/4432/3892 2851/4433/3893
f 2851/4433/3893 2858/4432/3892 2850/4434/3894
f 2850/4434/3894 2858/4432/3892 2859/4435/3895
f 2850/4434/3894 2859/4435/3895 2870/4436/3896
f 2870/4436/3896 2859/4435/3895 2860/4437/3897
f 2870/4436/3896 2860/4437/3897 2869/4438/3898
f 2869/4438/3898 2860/4437/3897 2861/4439/3899
f 2869/4438/3898 2861/4439/3899 2868/4440/3900
f 2868/4440/3900 2861/4439/3899 2862/4441/3901
f 2868/4440/3900 2862/4441/3901 2867/4442/3902
f 2867/4442/3902 2862/4441/3901 2863/4443/3903
f 2867/4442/3902 2863/4443/3903 2866/4444/3904
f 2866/4444/3904 2863/4443/3903 2864/4445/3905
f 2866/4444/3904 2864/4445/3905 2865/4446/3906
f 2865/4446/3906 2864/4445/3905 2843/4447/3907
f 2865/4446/3906 2843/4447/3907 2854/4448/3908
f 2854/4448/3908 2843/4447/3907 609/4449/3909
f 2854/4448/3908 609/4449/3909 2874/4450/3910
f 2874/4450/3910 609/4449/3909 2844/4451/3911
f 2874/4450/3910 2844/4451/3911 2853/4452/3912
f 2853/4452/3912 2844/4451/3911 2855/4453/3913
f 2853/4452/3912 2855/4453/3913 2845/4454/3914
f 2845/4454/3914 2855/4453/3913 2844/4451/3911
f 2833/4431/3891 2834/4455/3915 2858/4432/3892
f 2858/4432/3892 2834/4455/3915 2859/4435/3895
f 2834/4455/3915 2835/4456/3916 2859/4435/3895
f 2859/4435/3895 2835/4456/3916 2860/4437/3897
f 2835/4456/3916 2836/4457/3917 2860/4437/3897
f 2860/4437/3897 2836/4457/3917 2861/4439/3899
f 2836/4457/3917 2837/4458/3918 2861/4439/3899
f 2861/4439/3899 2837/4458/3918 2862/4441/3901
f 2862/4441/3901 2837/4458/3918 2871/4459/3919
f 2871/4459/3919 2837/4458/3918 2838/4460/3920
f 2871/4459/3919 2838/4460/3920 2872/4461/3921
f 2872/4461/3921 2838/4460/3920 2839/4462/3922
f 2872/4461/3921 2839/4462/3922 2856/4463/3923
f 2856/4463/3923 2839/4462/3922 2840/4464/3924
f 2856/4463/3923 2840/4464/3924 2843/4447/3907
f 2843/4447/3907 2840/4464/3924 2841/4465/3925
f 2843/4447/3907 2841/4465/3925 2842/4466/3926
f 609/4449/3909 608/4467/3927 2844/4451/3911
f 2846/4468/3928 2873/4469/3929 2845/4454/3914
f 2845/4454/3914 2873/4469/3929 2874/4450/3910
f 2845/4454/3914 2874/4450/3910 2853/4452/3912
f 2847/4470/3930 2876/4471/3931 2846/4468/3928
f 2846/4468/3928 2876/4471/3931 2866/4444/3904
f 2846/4468/3928 2866/4444/3904 2875/4472/3932
f 2875/4472/3932 2866/4444/3904 2865/4446/3906
f 2875/4472/3932 2865/4446/3906 2854/4448/3908
f 2848/4473/3933 2868/4440/3900 2847/4470/3930
f 2847/4470/3930 2868/4440/3900 2867/4442/3902
f 2847/4470/3930 2867/4442/3902 2876/4471/3931
f 2876/4471/3931 2867/4442/3902 2866/4444/3904
f 2868/4440/3900 2848/4473/3933 2869/4438/3898
f 2869/4438/3898 2848/4473/3933 2849/4474/3934
f 2869/4438/3898 2849/4474/3934 2870/4436/3896
f 2870/4436/3896 2849/4474/3934 2850/4434/3894
f 2851/4433/3893 2852/4426/3886 2857/4428/3888
f 2843/4447/3907 2864/4445/3905 2856/4463/3923
f 2856/4463/3923 2864/4445/3905 2863/4443/3903
f 2856/4463/3923 2863/4443/3903 2872/4461/3921
f 2872/4461/3921 2863/4443/3903 2862/4441/3901
f 2872/4461/3921 2862/4441/3901 2871/4459/3919
f 2854/4448/3908 2874/4450/3910 2873/4469/3929
f 2875/4472/3932 2854/4448/3908 2873/4469/3929
f 2873/4469/3929 2846/4468/3928 2875/4472/3932
f 606/4475/839 2877/4476/3935 607/4477/835
f 607/4477/835 2877/4476/3935 2893/4478/3936
f 607/4477/835 2893/4478/3936 2886/4479/3937
f 2886/4479/3937 2893/4478/3936 2892/4480/3938
f 2886/4479/3937 2892/4480/3938 2895/4481/3939
f 2895/4481/3939 2892/4480/3938 2891/4482/3940
f 2895/4481/3939 2891/4482/3940 2894/4483/3941
f 2894/4483/3941 2891/4482/3940 2890/4484/3942
f 2894/4483/3941 2890/4484/3942 2847/4485/3943
f 2847/4485/3943 2890/4484/3942 2896/4486/3944
f 2847/4485/3943 2896/4486/3944 2848/4487/3945
f 2848/4487/3945 2896/4486/3944 2890/4484/3942
f 2848/4487/3945 2890/4484/3942 2889/4488/3946
f 2889/4488/3946 2890/4484/3942 2881/4489/3947
f 2889/4488/3946 2881/4489/3947 2882/4490/3948
f 2877/4476/3935 2878/4491/3949 2893/4478/3936
f 2893/4478/3936 2878/4491/3949 2892/4480/3938
f 2878/4491/3949 2879/4492/3950 2892/4480/3938
f 2892/4480/3938 2879/4492/3950 2891/4482/3940
f 2879/4492/3950 2880/4493/3951 2891/4482/3940
f 2891/4482/3940 2880/4493/3951 2890/4484/3942
f 2880/4493/3951 2881/4489/3947 2890/4484/3942
f 2889/4488/3946 2882/4490/3948 2888/4494/3952
f 2888/4494/3952 2882/4490/3948 2883/4495/3953
f 2888/4494/3952 2883/4495/3953 2887/4496/3954
f 2887/4496/3954 2883/4495/3953 2884/4497/3955
f 2887/4496/3954 2884/4497/3955 2850/4498/3956
f 2850/4498/3956 2884/4497/3955 2851/4499/3957
f 2851/4499/3957 2884/4497/3955 2885/4500/3958
f 2851/4499/3957 2885/4500/3958 2852/4501/3959
f 2852/4501/3959 2885/4500/3958 2830/4502/3887
f 2887/4496/3954 2850/4498/3956 2888/4494/3952
f 2888/4494/3952 2850/4498/3956 2849/4503/3960
f 2888/4494/3952 2849/4503/3960 2889/4488/3946
f 2889/4488/3946 2849/4503/3960 2848/4487/3945
f 2847/4485/3943 2846/4504/3961 2894/4483/3941
f 2894/4483/3941 2846/4504/3961 2895/4481/3939
f 2846/4504/3961 2845/4505/3962 2895/4481/3939
f 2895/4481/3939 2845/4505/3962 2886/4479/3937
f 2886/4479/3937 2845/4505/3962 2897/4506/3963
f 2897/4506/3963 2845/4505/3962 2844/4507/3964
f 2897/4506/3963 2844/4507/3964 2886/4479/3937
f 2886/4479/3937 2844/4507/3964 607/4477/835
f 2844/4507/3964 608/4508/837 607/4477/835
f 2841/4509/3965 2840/4510/3966 2908/4511/3967
f 2908/4511/3967 2840/4510/3966 2910/4512/3968
f 2908/4511/3967 2910/4512/3968 2916/4513/3969
f 2916/4513/3969 2910/4512/3968 2917/4514/3970
f 2916/4513/3969 2917/4514/3970 2915/4515/3971
f 2915/4515/3971 2917/4514/3970 2838/4516/3972
f 2915/4515/3971 2838/4516/3972 2914/4517/3973
f 2914/4517/3973 2838/4516/3972 2837/4518/3974
f 2914/4517/3973 2837/4518/3974 2913/4519/3975
f 2913/4519/3975 2837/4518/3974 2836/4520/3976
f 2913/4519/3975 2836/4520/3976 2921/4521/3977
f 2921/4521/3977 2836/4520/3976 2835/4522/3978
f 2921/4521/3977 2835/4522/3978 2920/4523/3979
f 2920/4523/3979 2835/4522/3978 2919/4524/3980
f 2920/4523/3979 2919/4524/3980 2901/4525/3981
f 2901/4525/3981 2919/4524/3980 2900/4526/3982
f 2900/4526/3982 2919/4524/3980 2918/4527/3983
f 2900/4526/3982 2918/4527/3983 2899/4528/3984
f 2899/4528/3984 2918/4527/3983 2834/4529/3985
f 2899/4528/3984 2834/4529/3985 2833/4530/3986
f 2839/4531/3987 2912/4532/3988 2840/4510/3966
f 2840/4510/3966 2912/4532/3988 2911/4533/3989
f 2840/4510/3966 2911/4533/3989 2910/4512/3968
f 2910/4512/3968 2911/4533/3989 2839/4531/3987
f 2910/4512/3968 2839/4531/3987 2917/4514/3970
f 2917/4514/3970 2839/4531/3987 2838/4516/3972
f 2835/4522/3978 2834/4529/3985 2919/4524/3980
f 2919/4524/3980 2834/4529/3985 2918/4527/3983
f 2899/4528/3984 2833/4530/3986 2898/4534/3990
f 2898/4534/3990 2833/4530/3986 2832/4535/3991
f 2898/4534/3990 2832/4535/3991 2831/4536/3889
f 2901/4525/3981 2902/4537/3992 2920/4523/3979
f 2920/4523/3979 2902/4537/3992 2921/4521/3977
f 2902/4537/3992 2903/4538/3993 2921/4521/3977
f 2921/4521/3977 2903/4538/3993 2922/4539/3994
f 2921/4521/3977 2922/4539/3994 2913/4519/3975
f 2913/4519/3975 2922/4539/3994 2914/4517/3973
f 2903/4538/3993 2904/4540/3995 2922/4539/3994
f 2922/4539/3994 2904/4540/3995 2923/4541/3996
f 2922/4539/3994 2923/4541/3996 2914/4517/3973
f 2914/4517/3973 2923/4541/3996 2915/4515/3971
f 2923/4541/3996 2904/4540/3995 2925/4542/3997
f 2925/4542/3997 2904/4540/3995 2905/4543/3998
f 2925/4542/3997 2905/4543/3998 2909/4544/3999
f 2909/4544/3999 2905/4543/3998 2906/4545/4000
f 2909/4544/3999 2906/4545/4000 2908/4511/3967
f 2908/4511/3967 2906/4545/4000 2907/4546/4001
f 2909/4544/3999 2908/4511/3967 2924/4547/4002
f 2924/4547/4002 2908/4511/3967 2916/4513/3969
f 2924/4547/4002 2916/4513/3969 2915/4515/3971
f 2911/4533/3989 2912/4532/3988 2839/4531/3987
f 2924/4547/4002 2915/4515/3971 2923/4541/3996
f 2909/4544/3999 2924/4547/4002 2923/4541/3996
f 2925/4542/3997 2909/4544/3999 2923/4541/3996
f 605/4548/840 611/4549/841 606/4550/4003
f 606/4550/4003 611/4549/841 2877/4551/4004
f 2877/4551/4004 611/4549/841 2954/4552/4005
f 2877/4551/4004 2954/4552/4005 2929/4553/4006
f 2929/4553/4006 2954/4552/4005 2955/4554/4007
f 2929/4553/4006 2955/4554/4007 2878/4555/4008
f 2878/4555/4008 2955/4554/4007 2879/4556/4009
f 2879/4556/4009 2955/4554/4007 2953/4557/4010
f 2879/4556/4009 2953/4557/4010 2952/4558/4011
f 2952/4558/4011 2953/4557/4010 2948/4559/4012
f 2952/4558/4011 2948/4559/4012 2947/4560/4013
f 2947/4560/4013 2948/4559/4012 2939/4561/4014
f 2947/4560/4013 2939/4561/4014 2938/4562/4015
f 2938/4562/4015 2939/4561/4014 2934/4563/4016
f 2938/4562/4015 2934/4563/4016 2935/4564/4017
f 2935/4564/4017 2934/4563/4016 2901/4565/4018
f 2935/4564/4017 2901/4565/4018 2900/4566/4019
f 610/4567/842 2907/4568/4020 611/4549/841
f 611/4549/841 2907/4568/4020 2906/4569/4021
f 611/4549/841 2906/4569/4021 2928/4570/4022
f 2928/4570/4022 2906/4569/4021 2905/4571/4023
f 2928/4570/4022 2905/4571/4023 2943/4572/4024
f 2943/4572/4024 2905/4571/4023 2904/4573/4025
f 2943/4572/4024 2904/4573/4025 2931/4574/4026
f 2931/4574/4026 2904/4573/4025 2944/4575/4027
f 2931/4574/4026 2944/4575/4027 2932/4576/4028
f 2932/4576/4028 2944/4575/4027 2903/4577/4029
f 2932/4576/4028 2903/4577/4029 2933/4578/4030
f 2933/4578/4030 2903/4577/4029 2902/4579/4031
f 2933/4578/4030 2902/4579/4031 2934/4563/4016
f 2934/4563/4016 2902/4579/4031 2901/4565/4018
f 2904/4573/4025 2903/4577/4029 2944/4575/4027
f 2899/4580/4032 2936/4581/4033 2900/4566/4019
f 2900/4566/4019 2936/4581/4033 2937/4582/4034
f 2900/4566/4019 2937/4582/4034 2935/4564/4017
f 2935/4564/4017 2937/4582/4034 2938/4562/4015
f 2936/4581/4033 2899/4580/4032 2927/4583/4035
f 2927/4583/4035 2899/4580/4032 2898/4584/4036
f 2927/4583/4035 2898/4584/4036 2831/4585/3889
f 2830/4586/3887 2885/4587/4037 2831/4585/3889
f 2831/4585/3889 2885/4587/4037 2927/4583/4035
f 2885/4587/4037 2884/4588/4038 2927/4583/4035
f 2927/4583/4035 2884/4588/4038 2883/4589/4039
f 2927/4583/4035 2883/4589/4039 2936/4581/4033
f 2936/4581/4033 2883/4589/4039 2945/4590/4040
f 2936/4581/4033 2945/4590/4040 2937/4582/4034
f 2937/4582/4034 2945/4590/4040 2946/4591/4041
f 2937/4582/4034 2946/4591/4041 2938/4562/4015
f 2938/4562/4015 2946/4591/4041 2947/4560/4013
f 2883/4589/4039 2882/4592/4042 2945/4590/4040
f 2945/4590/4040 2882/4592/4042 2946/4591/4041
f 2882/4592/4042 2881/4593/4043 2946/4591/4041
f 2946/4591/4041 2881/4593/4043 2947/4560/4013
f 2947/4560/4013 2881/4593/4043 2951/4594/4044
f 2951/4594/4044 2881/4593/4043 2880/4595/4045
f 2951/4594/4044 2880/4595/4045 2952/4558/4011
f 2952/4558/4011 2880/4595/4045 2956/4596/4046
f 2952/4558/4011 2956/4596/4046 2879/4556/4009
f 2879/4556/4009 2956/4596/4046 2880/4595/4045
f 2878/4555/4008 2877/4551/4004 2929/4553/4006
f 2952/4558/4011 2947/4560/4013 2951/4594/4044
f 2926/4597/4047 611/4549/841 2950/4598/4048
f 2950/4598/4048 611/4549/841 2942/4599/4049
f 2950/4598/4048 2942/4599/4049 2941/4600/4050
f 2941/4600/4050 2942/4599/4049 2931/4574/4026
f 2941/4600/4050 2931/4574/4026 2932/4576/4028
f 2931/4574/4026 2942/4599/4049 2930/4601/4051
f 2930/4601/4051 2942/4599/4049 611/4549/841
f 2930/4601/4051 611/4549/841 2928/4570/4022
f 2928/4570/4022 2943/4572/4024 2930/4601/4051
f 2930/4601/4051 2943/4572/4024 2931/4574/4026
f 2932/4576/4028 2933/4578/4030 2940/4602/4052
f 2940/4602/4052 2933/4578/4030 2939/4561/4014
f 2940/4602/4052 2939/4561/4014 2948/4559/4012
f 2933/4578/4030 2934/4563/4016 2939/4561/4014
f 2932/4576/4028 2940/4602/4052 2941/4600/4050
f 2941/4600/4050 2940/4602/4052 2949/4603/4053
f 2941/4600/4050 2949/4603/4053 2950/4598/4048
f 2950/4598/4048 2949/4603/4053 2926/4597/4047
f 2949/4603/4053 2940/4602/4052 2948/4559/4012
f 2926/4597/4047 2949/4603/4053 2953/4557/4010
f 2953/4557/4010 2949/4603/4053 2948/4559/4012
f 611/4549/841 2926/4597/4047 2954/4552/4005
f 2954/4552/4005 2926/4597/4047 2953/4557/4010
f 2954/4552/4005 2953/4557/4010 2955/4554/4007
f 555/4604/784 578/4605/785 556/4606/4054
f 556/4606/4054 578/4605/785 599/4607/4055
f 556/4606/4054 599/4607/4055 2908/4608/3967
f 2908/4608/3967 599/4607/4055 2842/4609/4056
f 2908/4608/3967 2842/4609/4056 2841/4610/3965
f 2907/4611/4001 610/4612/4057 2908/4608/3967
f 2908/4608/3967 610/4612/4057 556/4606/4054
f 599/4613/827 598/4614/825 2842/4615/3926
f 2842/4615/3926 598/4614/825 2843/4616/3907
f 2843/4616/3907 598/4614/825 597/4617/824
f 2843/4616/3907 597/4617/824 609/4618/3909
f 609/4618/3909 597/4617/824 596/4619/826
f 2958/4620/4058 2959/4621/4059 2957/4622/4060
f 2957/4622/4060 2959/4621/4059 2980/4623/4061
f 2957/4622/4060 2980/4623/4061 2977/4624/4062
f 2977/4624/4062 2980/4623/4061 2976/4625/4063
f 2976/4625/4063 2980/4623/4061 2981/4626/4064
f 2976/4625/4063 2981/4626/4064 2975/4627/4065
f 2975/4627/4065 2981/4626/4064 2982/4628/4066
f 2975/4627/4065 2982/4628/4066 2983/4629/4067
f 2983/4629/4067 2982/4628/4066 2992/4630/4068
f 2983/4629/4067 2992/4630/4068 2993/4631/4069
f 2993/4631/4069 2992/4630/4068 2963/4632/4070
f 2993/4631/4069 2963/4632/4070 2964/4633/4071
f 2959/4621/4059 2960/4634/4072 2980/4623/4061
f 2980/4623/4061 2960/4634/4072 2961/4635/4073
f 2980/4623/4061 2961/4635/4073 2981/4626/4064
f 2981/4626/4064 2961/4635/4073 2991/4636/4074
f 2981/4626/4064 2991/4636/4074 2982/4628/4066
f 2982/4628/4066 2991/4636/4074 2992/4630/4068
f 2961/4635/4073 2962/4637/4075 2991/4636/4074
f 2991/4636/4074 2962/4637/4075 2992/4630/4068
f 2962/4637/4075 2963/4632/4070 2992/4630/4068
f 2965/4638/4076 2997/4639/4077 2964/4633/4071
f 2964/4633/4071 2997/4639/4077 2994/4640/4078
f 2964/4633/4071 2994/4640/4078 2993/4631/4069
f 2993/4631/4069 2994/4640/4078 2984/4641/4079
f 2993/4631/4069 2984/4641/4079 2983/4629/4067
f 2983/4629/4067 2984/4641/4079 2974/4642/4080
f 2983/4629/4067 2974/4642/4080 2975/4627/4065
f 2966/4643/4081 3000/4644/4082 2965/4638/4076
f 2965/4638/4076 3000/4644/4082 2998/4645/4083
f 2965/4638/4076 2998/4645/4083 2997/4639/4077
f 2997/4639/4077 2998/4645/4083 2994/4640/4078
f 2967/4646/4084 2978/4647/4085 2966/4643/4081
f 2966/4643/4081 2978/4647/4085 3001/4648/4086
f 2966/4643/4081 3001/4648/4086 2999/4649/4087
f 2999/4649/4087 3001/4648/4086 2967/4646/4084
f 2999/4649/4087 2967/4646/4084 2979/4650/4088
f 2979/4650/4088 2967/4646/4084 1168/4651/1583
f 2979/4650/4088 1168/4651/1583 2996/4652/4089
f 2996/4652/4089 1168/4651/1583 2987/4653/4090
f 2996/4652/4089 2987/4653/4090 2986/4654/4091
f 2986/4654/4091 2987/4653/4090 2989/4655/4092
f 2986/4654/4091 2989/4655/4092 2990/4656/4093
f 2990/4656/4093 2989/4655/4092 2971/4657/4094
f 2990/4656/4093 2971/4657/4094 2972/4658/4095
f 2967/4646/4084 2968/4659/4096 1168/4651/1583
f 1168/4651/1583 2968/4659/4096 1169/4660/1582
f 1167/4661/1584 1173/4662/4097 1168/4651/1583
f 1168/4651/1583 1173/4662/4097 2969/4663/4098
f 1168/4651/1583 2969/4663/4098 2988/4664/4099
f 2988/4664/4099 2969/4663/4098 2970/4665/4100
f 2988/4664/4099 2970/4665/4100 2989/4655/4092
f 2989/4655/4092 2970/4665/4100 2971/4657/4094
f 2990/4656/4093 2972/4658/4095 2985/4666/4101
f 2985/4666/4101 2972/4658/4095 2973/4667/4102
f 2985/4666/4101 2973/4667/4102 2984/4641/4079
f 2984/4641/4079 2973/4667/4102 2974/4642/4080
f 2978/4647/4085 2967/4646/4084 3001/4648/4086
f 2990/4656/4093 2985/4666/4101 2986/4654/4091
f 2986/4654/4091 2985/4666/4101 2995/4668/4103
f 2986/4654/4091 2995/4668/4103 2996/4652/4089
f 2996/4652/4089 2995/4668/4103 2979/4650/4088
f 2995/4668/4103 2985/4666/4101 2994/4640/4078
f 2994/4640/4078 2985/4666/4101 2984/4641/4079
f 2988/4664/4099 2989/4655/4092 2987/4653/4090
f 2987/4653/4090 1168/4651/1583 2988/4664/4099
f 2979/4650/4088 2995/4668/4103 2998/4645/4083
f 2998/4645/4083 2995/4668/4103 2994/4640/4078
f 2999/4649/4087 2979/4650/4088 2998/4645/4083
f 2966/4643/4081 2999/4649/4087 3000/4644/4082
f 3000/4644/4082 2999/4649/4087 2998/4645/4083
f 2958/4669/4058 3002/4670/4104 2959/4671/4105
f 2959/4671/4105 3002/4670/4104 2960/4672/4106
f 2960/4672/4106 3002/4670/4104 3003/4673/4107
f 2960/4672/4106 3003/4673/4107 2961/4674/4108
f 2961/4674/4108 3003/4673/4107 3018/4675/4109
f 2961/4674/4108 3018/4675/4109 3019/4676/4110
f 3019/4676/4110 3018/4675/4109 3004/4677/4111
f 3019/4676/4110 3004/4677/4111 3005/4678/4112
f 3003/4673/4107 3004/4677/4111 3018/4675/4109
f 3019/4676/4110 3005/4678/4112 3020/4679/4113
f 3020/4679/4113 3005/4678/4112 3006/4680/4114
f 3020/4679/4113 3006/4680/4114 3021/4681/4115
f 3021/4681/4115 3006/4680/4114 3007/4682/4116
f 3021/4681/4115 3007/4682/4116 3017/4683/4117
f 3017/4683/4117 3007/4682/4116 3008/4684/4118
f 3017/4683/4117 3008/4684/4118 3015/4685/4119
f 3015/4685/4119 3008/4684/4118 3009/4686/4120
f 3015/4685/4119 3009/4686/4120 3013/4687/4121
f 3013/4687/4121 3009/4686/4120 3010/4688/4122
f 3013/4687/4121 3010/4688/4122 3012/4689/4123
f 3012/4689/4123 3010/4688/4122 3011/4690/4124
f 2968/4691/4125 2967/4692/4126 3012/4689/4123
f 3012/4689/4123 2967/4692/4126 3014/4693/4127
f 3012/4689/4123 3014/4693/4127 3013/4687/4121
f 3013/4687/4121 3014/4693/4127 3016/4694/4128
f 3013/4687/4121 3016/4694/4128 3015/4685/4119
f 3015/4685/4119 3016/4694/4128 2965/4695/4129
f 3015/4685/4119 2965/4695/4129 3022/4696/4130
f 3022/4696/4130 2965/4695/4129 2964/4697/4131
f 3022/4696/4130 2964/4697/4131 3017/4683/4117
f 3017/4683/4117 2964/4697/4131 3021/4681/4115
f 3014/4693/4127 2967/4692/4126 3024/4698/4132
f 3024/4698/4132 2967/4692/4126 2966/4699/4133
f 3024/4698/4132 2966/4699/4133 3014/4693/4127
f 3014/4693/4127 2966/4699/4133 3016/4694/4128
f 2966/4699/4133 2965/4695/4129 3016/4694/4128
f 3021/4681/4115 2964/4697/4131 3023/4700/4134
f 3023/4700/4134 2964/4697/4131 2963/4701/4135
f 3023/4700/4134 2963/4701/4135 3021/4681/4115
f 3021/4681/4115 2963/4701/4135 3020/4679/4113
f 2963/4701/4135 2962/4702/4136 3020/4679/4113
f 3020/4679/4113 2962/4702/4136 3019/4676/4110
f 2962/4702/4136 2961/4674/4108 3019/4676/4110
f 3017/4683/4117 3015/4685/4119 3022/4696/4130
f 2957/4703/4060 2977/4704/4137 3033/4705/4138
f 3033/4705/4138 2977/4704/4137 2976/4706/4139
f 3033/4705/4138 2976/4706/4139 3032/4707/4140
f 3032/4707/4140 2976/4706/4139 2975/4708/4141
f 3032/4707/4140 2975/4708/4141 3042/4709/4142
f 3042/4709/4142 2975/4708/4141 3041/4710/4143
f 3042/4709/4142 3041/4710/4143 3031/4711/4144
f 3031/4711/4144 3041/4710/4143 3030/4712/4145
f 3030/4712/4145 3041/4710/4143 3040/4713/4146
f 3030/4712/4145 3040/4713/4146 3039/4714/4147
f 3039/4714/4147 3040/4713/4146 2973/4715/4148
f 3039/4714/4147 2973/4715/4148 3043/4716/4149
f 3043/4716/4149 2973/4715/4148 2972/4717/4150
f 3043/4716/4149 2972/4717/4150 3044/4718/4151
f 3044/4718/4151 2972/4717/4150 2971/4719/4152
f 3044/4718/4151 2971/4719/4152 3045/4720/4153
f 3045/4720/4153 2971/4719/4152 3047/4721/4154
f 3045/4720/4153 3047/4721/4154 3034/4722/4155
f 3034/4722/4155 3047/4721/4154 2970/4723/4156
f 3034/4722/4155 2970/4723/4156 3048/4724/4157
f 3048/4724/4157 2970/4723/4156 3049/4725/4158
f 3048/4724/4157 3049/4725/4158 2969/4726/4159
f 2969/4726/4159 3049/4725/4158 2970/4723/4156
f 2975/4708/4141 2974/4727/4160 3041/4710/4143
f 3041/4710/4143 2974/4727/4160 3040/4713/4146
f 2974/4727/4160 2973/4715/4148 3040/4713/4146
f 2971/4719/4152 2970/4723/4156 3047/4721/4154
f 1173/4728/1589 1172/4729/1587 2969/4726/4159
f 2969/4726/4159 1172/4729/1587 3034/4722/4155
f 2969/4726/4159 3034/4722/4155 3048/4724/4157
f 1171/4730/1591 3025/4731/4161 1172/4729/1587
f 1172/4729/1587 3025/4731/4161 3035/4732/4162
f 1172/4729/1587 3035/4732/4162 3036/4733/4163
f 3036/4733/4163 3035/4732/4162 3050/4734/4164
f 3036/4733/4163 3050/4734/4164 3037/4735/4165
f 3037/4735/4165 3050/4734/4164 3027/4736/4166
f 3037/4735/4165 3027/4736/4166 3038/4737/4167
f 3038/4737/4167 3027/4736/4166 3028/4738/4168
f 3038/4737/4167 3028/4738/4168 3039/4714/4147
f 3039/4714/4147 3028/4738/4168 3029/4739/4169
f 3039/4714/4147 3029/4739/4169 3030/4712/4145
f 3025/4731/4161 3026/4740/4170 3035/4732/4162
f 3035/4732/4162 3026/4740/4170 3050/4734/4164
f 3026/4740/4170 3027/4736/4166 3050/4734/4164
f 3031/4711/4144 3032/4707/4140 3042/4709/4142
f 3034/4722/4155 1172/4729/1587 3046/4741/4171
f 3046/4741/4171 1172/4729/1587 3036/4733/4163
f 3046/4741/4171 3036/4733/4163 3037/4735/4165
f 3044/4718/4151 3045/4720/4153 3038/4737/4167
f 3038/4737/4167 3045/4720/4153 3037/4735/4165
f 3043/4716/4149 3044/4718/4151 3039/4714/4147
f 3039/4714/4147 3044/4718/4151 3038/4737/4167
f 3034/4722/4155 3046/4741/4171 3045/4720/4153
f 3045/4720/4153 3046/4741/4171 3037/4735/4165
f 1170/4742/4172 3051/4743/4173 1171/4744/4174
f 1171/4744/4174 3051/4743/4173 3025/4745/4175
f 3025/4745/4175 3051/4743/4173 3053/4746/4176
f 3025/4745/4175 3053/4746/4176 3026/4747/4177
f 3026/4747/4177 3053/4746/4176 3054/4748/4178
f 3026/4747/4177 3054/4748/4178 3027/4749/4179
f 3027/4749/4179 3054/4748/4178 3055/4750/4180
f 3027/4749/4179 3055/4750/4180 3028/4751/4181
f 3028/4751/4181 3055/4750/4180 3081/4752/4182
f 3028/4751/4181 3081/4752/4182 3080/4753/4183
f 3080/4753/4183 3081/4752/4182 3066/4754/4184
f 3080/4753/4183 3066/4754/4184 3065/4755/4185
f 3065/4755/4185 3066/4754/4184 3060/4756/4186
f 3065/4755/4185 3060/4756/4186 3061/4757/4187
f 3061/4757/4187 3060/4756/4186 3005/4758/4188
f 3061/4757/4187 3005/4758/4188 3004/4759/4189
f 3052/4760/4190 3011/4761/4191 3051/4743/4173
f 3051/4743/4173 3011/4761/4191 3010/4762/4192
f 3051/4743/4173 3010/4762/4192 3073/4763/4193
f 3073/4763/4193 3010/4762/4192 3074/4764/4194
f 3073/4763/4193 3074/4764/4194 3009/4765/4195
f 3009/4765/4195 3074/4764/4194 3010/4762/4192
f 3073/4763/4193 3009/4765/4195 3070/4766/4196
f 3070/4766/4196 3009/4765/4195 3008/4767/4197
f 3070/4766/4196 3008/4767/4197 3076/4768/4198
f 3076/4768/4198 3008/4767/4197 3071/4769/4199
f 3076/4768/4198 3071/4769/4199 3058/4770/4200
f 3058/4770/4200 3071/4769/4199 3059/4771/4201
f 3058/4770/4200 3059/4771/4201 3067/4772/4202
f 3067/4772/4202 3059/4771/4201 3066/4754/4184
f 3067/4772/4202 3066/4754/4184 3081/4752/4182
f 3071/4769/4199 3008/4767/4197 3077/4773/4203
f 3077/4773/4203 3008/4767/4197 3007/4774/4204
f 3077/4773/4203 3007/4774/4204 3071/4769/4199
f 3071/4769/4199 3007/4774/4204 3075/4775/4205
f 3071/4769/4199 3075/4775/4205 3059/4771/4201
f 3059/4771/4201 3075/4775/4205 3006/4776/4206
f 3059/4771/4201 3006/4776/4206 3060/4756/4186
f 3060/4756/4186 3006/4776/4206 3005/4758/4188
f 3007/4774/4204 3006/4776/4206 3075/4775/4205
f 3003/4777/4207 3063/4778/4208 3004/4759/4189
f 3004/4759/4189 3063/4778/4208 3064/4779/4209
f 3004/4759/4189 3064/4779/4209 3061/4757/4187
f 3061/4757/4187 3064/4779/4209 3065/4755/4185
f 3063/4778/4208 3003/4777/4207 3062/4780/4210
f 3062/4780/4210 3003/4777/4207 3002/4781/4211
f 3062/4780/4210 3002/4781/4211 2958/4782/4058
f 2958/4782/4058 2957/4783/4060 3062/4780/4210
f 3062/4780/4210 2957/4783/4060 3033/4784/4212
f 3062/4780/4210 3033/4784/4212 3032/4785/4213
f 3032/4785/4213 3031/4786/4214 3062/4780/4210
f 3062/4780/4210 3031/4786/4214 3063/4778/4208
f 3063/4778/4208 3031/4786/4214 3078/4787/4215
f 3078/4787/4215 3031/4786/4214 3030/4788/4216
f 3078/4787/4215 3030/4788/4216 3079/4789/4217
f 3079/4789/4217 3030/4788/4216 3029/4790/4218
f 3079/4789/4217 3029/4790/4218 3080/4753/4183
f 3080/4753/4183 3029/4790/4218 3028/4751/4181
f 3051/4743/4173 3072/4791/4219 3056/4792/4220
f 3056/4792/4220 3072/4791/4219 3057/4793/4221
f 3056/4792/4220 3057/4793/4221 3069/4794/4222
f 3069/4794/4222 3057/4793/4221 3068/4795/4223
f 3069/4794/4222 3068/4795/4223 3083/4796/4224
f 3083/4796/4224 3068/4795/4223 3082/4797/4225
f 3083/4796/4224 3082/4797/4225 3053/4746/4176
f 3053/4746/4176 3082/4797/4225 3054/4748/4178
f 3053/4746/4176 3051/4743/4173 3083/4796/4224
f 3083/4796/4224 3051/4743/4173 3069/4794/4222
f 3081/4752/4182 3055/4750/4180 3054/4748/4178
f 3081/4752/4182 3054/4748/4178 3082/4797/4225
f 3051/4743/4173 3056/4792/4220 3069/4794/4222
f 3057/4793/4221 3058/4770/4200 3068/4795/4223
f 3068/4795/4223 3058/4770/4200 3067/4772/4202
f 3068/4795/4223 3067/4772/4202 3082/4797/4225
f 3082/4797/4225 3067/4772/4202 3081/4752/4182
f 3058/4770/4200 3057/4793/4221 3076/4768/4198
f 3076/4768/4198 3057/4793/4221 3072/4791/4219
f 3076/4768/4198 3072/4791/4219 3073/4763/4193
f 3073/4763/4193 3072/4791/4219 3051/4743/4173
f 3059/4771/4201 3060/4756/4186 3066/4754/4184
f 3063/4778/4208 3078/4787/4215 3064/4779/4209
f 3064/4779/4209 3078/4787/4215 3079/4789/4217
f 3064/4779/4209 3079/4789/4217 3065/4755/4185
f 3065/4755/4185 3079/4789/4217 3080/4753/4183
f 3076/4768/4198 3073/4763/4193 3070/4766/4196
f 1133/4798/1526 1132/4799/1524 1170/4800/4172
f 1170/4800/4172 1132/4799/1524 3051/4801/4173
f 3051/4801/4173 1132/4799/1524 1131/4802/1518
f 3051/4801/4173 1131/4802/1518 3052/4803/4190
f 3052/4803/4190 1131/4802/1518 1130/4804/1517
f 1118/4805/1510 1117/4806/1511 1130/4807/4226
f 1130/4807/4226 1117/4806/1511 1161/4808/4227
f 1130/4807/4226 1161/4808/4227 3012/4809/4123
f 3012/4809/4123 1161/4808/4227 1169/4810/4228
f 3012/4809/4123 1169/4810/4228 2968/4811/4125
f 3011/4812/4124 3052/4813/4229 3012/4809/4123
f 3012/4809/4123 3052/4813/4229 1130/4807/4226
f 3104/4814/4230 3084/4815/4231 3109/4816/4232
f 3109/4816/4232 3084/4815/4231 3085/4817/4233
f 3109/4816/4232 3085/4817/4233 3086/4818/4234
f 3086/4818/4234 3087/4819/4235 3109/4816/4232
f 3109/4816/4232 3087/4819/4235 3110/4820/4236
f 3109/4816/4232 3110/4820/4236 3103/4821/4237
f 3103/4821/4237 3110/4820/4236 3102/4822/4238
f 3102/4822/4238 3110/4820/4236 3111/4823/4239
f 3102/4822/4238 3111/4823/4239 3122/4824/4240
f 3122/4824/4240 3111/4823/4239 3112/4825/4241
f 3122/4824/4240 3112/4825/4241 3121/4826/4242
f 3121/4826/4242 3112/4825/4241 3113/4827/4243
f 3121/4826/4242 3113/4827/4243 3120/4828/4244
f 3120/4828/4244 3113/4827/4243 3114/4829/4245
f 3120/4828/4244 3114/4829/4245 3119/4830/4246
f 3119/4830/4246 3114/4829/4245 3115/4831/4247
f 3119/4830/4246 3115/4831/4247 3118/4832/4248
f 3118/4832/4248 3115/4831/4247 3116/4833/4249
f 3118/4832/4248 3116/4833/4249 3117/4834/4250
f 3117/4834/4250 3116/4833/4249 785/4835/1078
f 3117/4834/4250 785/4835/1078 3106/4836/4251
f 3106/4836/4251 785/4835/1078 784/4837/1079
f 3106/4836/4251 784/4837/1079 3126/4838/4252
f 3126/4838/4252 784/4837/1079 3096/4839/4253
f 3126/4838/4252 3096/4839/4253 3105/4840/4254
f 3105/4840/4254 3096/4839/4253 3107/4841/4255
f 3105/4840/4254 3107/4841/4255 3097/4842/4256
f 3097/4842/4256 3107/4841/4255 3096/4839/4253
f 3087/4819/4235 3088/4843/4257 3110/4820/4236
f 3110/4820/4236 3088/4843/4257 3111/4823/4239
f 3088/4843/4257 3089/4844/4258 3111/4823/4239
f 3111/4823/4239 3089/4844/4258 3112/4825/4241
f 3089/4844/4258 3090/4845/4259 3112/4825/4241
f 3112/4825/4241 3090/4845/4259 3113/4827/4243
f 3090/4845/4259 3091/4846/4260 3113/4827/4243
f 3113/4827/4243 3091/4846/4260 3114/4829/4245
f 3114/4829/4245 3091/4846/4260 3123/4847/4261
f 3123/4847/4261 3091/4846/4260 3092/4848/4262
f 3123/4847/4261 3092/4848/4262 3124/4849/4263
f 3124/4849/4263 3092/4848/4262 3093/4850/4264
f 3124/4849/4263 3093/4850/4264 3108/4851/4265
f 3108/4851/4265 3093/4850/4264 3094/4852/4266
f 3108/4851/4265 3094/4852/4266 785/4835/1078
f 785/4835/1078 3094/4852/4266 781/4853/4267
f 785/4835/1078 781/4853/4267 780/4854/1077
f 784/4837/1079 3095/4855/4268 3096/4839/4253
f 3098/4856/4269 3125/4857/4270 3097/4842/4256
f 3097/4842/4256 3125/4857/4270 3126/4838/4252
f 3097/4842/4256 3126/4838/4252 3105/4840/4254
f 3099/4858/4271 3128/4859/4272 3098/4856/4269
f 3098/4856/4269 3128/4859/4272 3118/4832/4248
f 3098/4856/4269 3118/4832/4248 3127/4860/4273
f 3127/4860/4273 3118/4832/4248 3117/4834/4250
f 3127/4860/4273 3117/4834/4250 3106/4836/4251
f 3100/4861/4274 3120/4828/4244 3099/4858/4271
f 3099/4858/4271 3120/4828/4244 3119/4830/4246
f 3099/4858/4271 3119/4830/4246 3128/4859/4272
f 3128/4859/4272 3119/4830/4246 3118/4832/4248
f 3120/4828/4244 3100/4861/4274 3121/4826/4242
f 3121/4826/4242 3100/4861/4274 3101/4862/4275
f 3121/4826/4242 3101/4862/4275 3122/4824/4240
f 3122/4824/4240 3101/4862/4275 3102/4822/4238
f 3103/4821/4237 3104/4814/4230 3109/4816/4232
f 785/4835/1078 3116/4833/4249 3108/4851/4265
f 3108/4851/4265 3116/4833/4249 3115/4831/4247
f 3108/4851/4265 3115/4831/4247 3124/4849/4263
f 3124/4849/4263 3115/4831/4247 3114/4829/4245
f 3124/4849/4263 3114/4829/4245 3123/4847/4261
f 3106/4836/4251 3126/4838/4252 3125/4857/4270
f 3127/4860/4273 3106/4836/4251 3125/4857/4270
f 3125/4857/4270 3098/4856/4269 3127/4860/4273
f 3129/4863/4276 3130/4864/4277 3139/4865/4278
f 3139/4865/4278 3130/4864/4277 3147/4866/4279
f 3139/4865/4278 3147/4866/4279 3140/4867/4280
f 3140/4867/4280 3147/4866/4279 3146/4868/4281
f 3140/4867/4280 3146/4868/4281 3149/4869/4282
f 3149/4869/4282 3146/4868/4281 3145/4870/4283
f 3149/4869/4282 3145/4870/4283 3148/4871/4284
f 3148/4871/4284 3145/4870/4283 3144/4872/4285
f 3148/4871/4284 3144/4872/4285 3099/4873/4286
f 3099/4873/4286 3144/4872/4285 3150/4874/4287
f 3099/4873/4286 3150/4874/4287 3100/4875/4288
f 3100/4875/4288 3150/4874/4287 3144/4872/4285
f 3100/4875/4288 3144/4872/4285 3143/4876/4289
f 3143/4876/4289 3144/4872/4285 3134/4877/4290
f 3143/4876/4289 3134/4877/4290 3135/4878/4291
f 3130/4864/4277 3131/4879/4292 3147/4866/4279
f 3147/4866/4279 3131/4879/4292 3146/4868/4281
f 3131/4879/4292 3132/4880/4293 3146/4868/4281
f 3146/4868/4281 3132/4880/4293 3145/4870/4283
f 3132/4880/4293 3133/4881/4294 3145/4870/4283
f 3145/4870/4283 3133/4881/4294 3144/4872/4285
f 3133/4881/4294 3134/4877/4290 3144/4872/4285
f 3143/4876/4289 3135/4878/4291 3142/4882/4295
f 3142/4882/4295 3135/4878/4291 3136/4883/4296
f 3142/4882/4295 3136/4883/4296 3141/4884/4297
f 3141/4884/4297 3136/4883/4296 3137/4885/4298
f 3141/4884/4297 3137/4885/4298 3102/4886/4299
f 3102/4886/4299 3137/4885/4298 3103/4887/4300
f 3103/4887/4300 3137/4885/4298 3138/4888/4301
f 3103/4887/4300 3138/4888/4301 3104/4889/4302
f 3104/4889/4302 3138/4888/4301 3084/4890/4231
f 3141/4884/4297 3102/4886/4299 3142/4882/4295
f 3142/4882/4295 3102/4886/4299 3101/4891/4303
f 3142/4882/4295 3101/4891/4303 3143/4876/4289
f 3143/4876/4289 3101/4891/4303 3100/4875/4288
f 3099/4873/4286 3098/4892/4304 3148/4871/4284
f 3148/4871/4284 3098/4892/4304 3149/4869/4282
f 3098/4892/4304 3097/4893/4305 3149/4869/4282
f 3149/4869/4282 3097/4893/4305 3140/4867/4280
f 3140/4867/4280 3097/4893/4305 3151/4894/4306
f 3151/4894/4306 3097/4893/4305 3096/4895/4307
f 3151/4894/4306 3096/4895/4307 3140/4867/4280
f 3140/4867/4280 3096/4895/4307 3139/4865/4278
f 3096/4895/4307 3095/4896/4308 3139/4865/4278
f 781/4897/1074 3094/4898/4309 782/4899/1072
f 782/4899/1072 3094/4898/4309 3162/4900/4310
f 782/4899/1072 3162/4900/4310 3168/4901/4311
f 3168/4901/4311 3162/4900/4310 3169/4902/4312
f 3168/4901/4311 3169/4902/4312 3167/4903/4313
f 3167/4903/4313 3169/4902/4312 3092/4904/4314
f 3167/4903/4313 3092/4904/4314 3166/4905/4315
f 3166/4905/4315 3092/4904/4314 3091/4906/4316
f 3166/4905/4315 3091/4906/4316 3165/4907/4317
f 3165/4907/4317 3091/4906/4316 3090/4908/4318
f 3165/4907/4317 3090/4908/4318 3173/4909/4319
f 3173/4909/4319 3090/4908/4318 3089/4910/4320
f 3173/4909/4319 3089/4910/4320 3172/4911/4321
f 3172/4911/4321 3089/4910/4320 3171/4912/4322
f 3172/4911/4321 3171/4912/4322 3155/4913/4323
f 3155/4913/4323 3171/4912/4322 3154/4914/4324
f 3154/4914/4324 3171/4912/4322 3170/4915/4325
f 3154/4914/4324 3170/4915/4325 3153/4916/4326
f 3153/4916/4326 3170/4915/4325 3088/4917/4327
f 3153/4916/4326 3088/4917/4327 3087/4918/4328
f 3093/4919/4329 3164/4920/4330 3094/4898/4309
f 3094/4898/4309 3164/4920/4330 3163/4921/4331
f 3094/4898/4309 3163/4921/4331 3162/4900/4310
f 3162/4900/4310 3163/4921/4331 3093/4919/4329
f 3162/4900/4310 3093/4919/4329 3169/4902/4312
f 3169/4902/4312 3093/4919/4329 3092/4904/4314
f 3089/4910/4320 3088/4917/4327 3171/4912/4322
f 3171/4912/4322 3088/4917/4327 3170/4915/4325
f 3153/4916/4326 3087/4918/4328 3152/4922/4332
f 3152/4922/4332 3087/4918/4328 3086/4923/4333
f 3152/4922/4332 3086/4923/4333 3085/4924/4233
f 3155/4913/4323 3156/4925/4334 3172/4911/4321
f 3172/4911/4321 3156/4925/4334 3173/4909/4319
f 3156/4925/4334 3157/4926/4335 3173/4909/4319
f 3173/4909/4319 3157/4926/4335 3174/4927/4336
f 3173/4909/4319 3174/4927/4336 3165/4907/4317
f 3165/4907/4317 3174/4927/4336 3166/4905/4315
f 3157/4926/4335 3158/4928/4337 3174/4927/4336
f 3174/4927/4336 3158/4928/4337 3175/4929/4338
f 3174/4927/4336 3175/4929/4338 3166/4905/4315
f 3166/4905/4315 3175/4929/4338 3167/4903/4313
f 3175/4929/4338 3158/4928/4337 3177/4930/4339
f 3177/4930/4339 3158/4928/4337 3159/4931/4340
f 3177/4930/4339 3159/4931/4340 3161/4932/4341
f 3161/4932/4341 3159/4931/4340 3160/4933/4342
f 3161/4932/4341 3160/4933/4342 782/4899/1072
f 782/4899/1072 3160/4933/4342 783/4934/1075
f 3161/4932/4341 782/4899/1072 3176/4935/4343
f 3176/4935/4343 782/4899/1072 3168/4901/4311
f 3176/4935/4343 3168/4901/4311 3167/4903/4313
f 3163/4921/4331 3164/4920/4330 3093/4919/4329
f 3176/4935/4343 3167/4903/4313 3175/4929/4338
f 3161/4932/4341 3176/4935/4343 3175/4929/4338
f 3177/4930/4339 3161/4932/4341 3175/4929/4338
f 779/4936/1067 778/4937/1068 3129/4938/4344
f 3129/4938/4344 778/4937/1068 3130/4939/4345
f 3130/4939/4345 778/4937/1068 3206/4940/4346
f 3130/4939/4345 3206/4940/4346 3181/4941/4347
f 3181/4941/4347 3206/4940/4346 3207/4942/4348
f 3181/4941/4347 3207/4942/4348 3131/4943/4349
f 3131/4943/4349 3207/4942/4348 3132/4944/4350
f 3132/4944/4350 3207/4942/4348 3205/4945/4351
f 3132/4944/4350 3205/4945/4351 3204/4946/4352
f 3204/4946/4352 3205/4945/4351 3200/4947/4353
f 3204/4946/4352 3200/4947/4353 3199/4948/4354
f 3199/4948/4354 3200/4947/4353 3191/4949/4355
f 3199/4948/4354 3191/4949/4355 3190/4950/4356
f 3190/4950/4356 3191/4949/4355 3186/4951/4357
f 3190/4950/4356 3186/4951/4357 3187/4952/4358
f 3187/4952/4358 3186/4951/4357 3155/4953/4359
f 3187/4952/4358 3155/4953/4359 3154/4954/4360
f 777/4955/1069 783/4956/4361 778/4937/1068
f 778/4937/1068 783/4956/4361 3160/4957/4362
f 778/4937/1068 3160/4957/4362 3180/4958/4363
f 3180/4958/4363 3160/4957/4362 3159/4959/4364
f 3180/4958/4363 3159/4959/4364 3195/4960/4365
f 3195/4960/4365 3159/4959/4364 3158/4961/4366
f 3195/4960/4365 3158/4961/4366 3183/4962/4367
f 3183/4962/4367 3158/4961/4366 3196/4963/4368
f 3183/4962/4367 3196/4963/4368 3184/4964/4369
f 3184/4964/4369 3196/4963/4368 3157/4965/4370
f 3184/4964/4369 3157/4965/4370 3185/4966/4371
f 3185/4966/4371 3157/4965/4370 3156/4967/4372
f 3185/4966/4371 3156/4967/4372 3186/4951/4357
f 3186/4951/4357 3156/4967/4372 3155/4953/4359
f 3158/4961/4366 3157/4965/4370 3196/4963/4368
f 3153/4968/4373 3188/4969/4374 3154/4954/4360
f 3154/4954/4360 3188/4969/4374 3189/4970/4375
f 3154/4954/4360 3189/4970/4375 3187/4952/4358
f 3187/4952/4358 3189/4970/4375 3190/4950/4356
f 3188/4969/4374 3153/4968/4373 3179/4971/4376
f 3179/4971/4376 3153/4968/4373 3152/4972/4377
f 3179/4971/4376 3152/4972/4377 3085/4973/4233
f 3084/4974/4231 3138/4975/4378 3085/4973/4233
f 3085/4973/4233 3138/4975/4378 3179/4971/4376
f 3138/4975/4378 3137/4976/4379 3179/4971/4376
f 3179/4971/4376 3137/4976/4379 3136/4977/4380
f 3179/4971/4376 3136/4977/4380 3188/4969/4374
f 3188/4969/4374 3136/4977/4380 3197/4978/4381
f 3188/4969/4374 3197/4978/4381 3189/4970/4375
f 3189/4970/4375 3197/4978/4381 3198/4979/4382
f 3189/4970/4375 3198/4979/4382 3190/4950/4356
f 3190/4950/4356 3198/4979/4382 3199/4948/4354
f 3136/4977/4380 3135/4980/4383 3197/4978/4381
f 3197/4978/4381 3135/4980/4383 3198/4979/4382
f 3135/4980/4383 3134/4981/4384 3198/4979/4382
f 3198/4979/4382 3134/4981/4384 3199/4948/4354
f 3199/4948/4354 3134/4981/4384 3203/4982/4385
f 3203/4982/4385 3134/4981/4384 3133/4983/4386
f 3203/4982/4385 3133/4983/4386 3204/4946/4352
f 3204/4946/4352 3133/4983/4386 3208/4984/4387
f 3204/4946/4352 3208/4984/4387 3132/4944/4350
f 3132/4944/4350 3208/4984/4387 3133/4983/4386
f 3131/4943/4349 3130/4939/4345 3181/4941/4347
f 3204/4946/4352 3199/4948/4354 3203/4982/4385
f 3178/4985/4388 778/4937/1068 3202/4986/4389
f 3202/4986/4389 778/4937/1068 3194/4987/4390
f 3202/4986/4389 3194/4987/4390 3193/4988/4391
f 3193/4988/4391 3194/4987/4390 3183/4962/4367
f 3193/4988/4391 3183/4962/4367 3184/4964/4369
f 3183/4962/4367 3194/4987/4390 3182/4989/4392
f 3182/4989/4392 3194/4987/4390 778/4937/1068
f 3182/4989/4392 778/4937/1068 3180/4958/4363
f 3180/4958/4363 3195/4960/4365 3182/4989/4392
f 3182/4989/4392 3195/4960/4365 3183/4962/4367
f 3184/4964/4369 3185/4966/4371 3192/4990/4393
f 3192/4990/4393 3185/4966/4371 3191/4949/4355
f 3192/4990/4393 3191/4949/4355 3200/4947/4353
f 3185/4966/4371 3186/4951/4357 3191/4949/4355
f 3184/4964/4369 3192/4990/4393 3193/4988/4391
f 3193/4988/4391 3192/4990/4393 3201/4991/4394
f 3193/4988/4391 3201/4991/4394 3202/4986/4389
f 3202/4986/4389 3201/4991/4394 3178/4985/4388
f 3201/4991/4394 3192/4990/4393 3200/4947/4353
f 3178/4985/4388 3201/4991/4394 3205/4945/4351
f 3205/4945/4351 3201/4991/4394 3200/4947/4353
f 778/4937/1068 3178/4985/4388 3206/4940/4346
f 3206/4940/4346 3178/4985/4388 3205/4945/4351
f 3206/4940/4346 3205/4945/4351 3207/4942/4348
f 3129/4992/4276 3139/4993/4278 779/4994/4395
f 779/4994/4395 3139/4993/4278 729/4995/4396
f 729/4995/4396 3139/4993/4278 768/4996/4397
f 729/4995/4396 768/4996/4397 767/4997/4398
f 3095/4998/4308 784/4999/4399 3139/4993/4278
f 3139/4993/4278 784/4999/4399 768/4996/4397
f 729/4995/4396 767/4997/4398 730/5000/4400
f 730/5000/4400 767/4997/4398 766/5001/4401
f 730/5000/4400 766/5001/4401 731/5002/4402
f 731/5002/4402 766/5001/4401 765/5003/4403
f 731/5002/4402 765/5003/4403 732/5004/4404
f 732/5004/4404 765/5003/4403 764/5005/4405
f 732/5004/4404 764/5005/4405 733/5006/4406
f 733/5006/4406 764/5005/4405 763/5007/4407
f 733/5006/4406 763/5007/4407 734/5008/4408
f 734/5008/4408 763/5007/4407 762/5009/4409
f 734/5008/4408 762/5009/4409 735/5010/4410
f 735/5010/4410 762/5009/4409 761/5011/4411
f 735/5010/4410 761/5011/4411 736/5012/4412
f 736/5012/4412 761/5011/4411 132/5013/4413
f 736/5012/4412 132/5013/4413 131/5014/4414
f 3231/5015/4415 3209/5016/4416 3236/5017/4417
f 3236/5017/4417 3209/5016/4416 3210/5018/4418
f 3236/5017/4417 3210/5018/4418 3211/5019/4419
f 3211/5019/4419 3212/5020/4420 3236/5017/4417
f 3236/5017/4417 3212/5020/4420 3237/5021/4421
f 3236/5017/4417 3237/5021/4421 3230/5022/4422
f 3230/5022/4422 3237/5021/4421 3229/5023/4423
f 3229/5023/4423 3237/5021/4421 3238/5024/4424
f 3229/5023/4423 3238/5024/4424 3249/5025/4425
f 3249/5025/4425 3238/5024/4424 3239/5026/4426
f 3249/5025/4425 3239/5026/4426 3248/5027/4427
f 3248/5027/4427 3239/5026/4426 3240/5028/4428
f 3248/5027/4427 3240/5028/4428 3247/5029/4429
f 3247/5029/4429 3240/5028/4428 3241/5030/4430
f 3247/5029/4429 3241/5030/4430 3246/5031/4431
f 3246/5031/4431 3241/5030/4430 3242/5032/4432
f 3246/5031/4431 3242/5032/4432 3245/5033/4433
f 3245/5033/4433 3242/5032/4432 3243/5034/4434
f 3245/5033/4433 3243/5034/4434 3244/5035/4435
f 3244/5035/4435 3243/5034/4434 3222/5036/4436
f 3244/5035/4435 3222/5036/4436 3233/5037/4437
f 3233/5037/4437 3222/5036/4436 672/5038/4438
f 3233/5037/4437 672/5038/4438 3253/5039/4439
f 3253/5039/4439 672/5038/4438 3223/5040/4440
f 3253/5039/4439 3223/5040/4440 3232/5041/4441
f 3232/5041/4441 3223/5040/4440 3234/5042/4442
f 3232/5041/4441 3234/5042/4442 3224/5043/4443
f 3224/5043/4443 3234/5042/4442 3223/5040/4440
f 3212/5020/4420 3213/5044/4444 3237/5021/4421
f 3237/5021/4421 3213/5044/4444 3238/5024/4424
f 3213/5044/4444 3214/5045/4445 3238/5024/4424
f 3238/5024/4424 3214/5045/4445 3239/5026/4426
f 3214/5045/4445 3215/5046/4446 3239/5026/4426
f 3239/5026/4426 3215/5046/4446 3240/5028/4428
f 3215/5046/4446 3216/5047/4447 3240/5028/4428
f 3240/5028/4428 3216/5047/4447 3241/5030/4430
f 3241/5030/4430 3216/5047/4447 3250/5048/4448
f 3250/5048/4448 3216/5047/4447 3217/5049/4449
f 3250/5048/4448 3217/5049/4449 3251/5050/4450
f 3251/5050/4450 3217/5049/4449 3218/5051/4451
f 3251/5050/4450 3218/5051/4451 3235/5052/4452
f 3235/5052/4452 3218/5051/4451 3219/5053/4453
f 3235/5052/4452 3219/5053/4453 3222/5036/4436
f 3222/5036/4436 3219/5053/4453 3220/5054/4454
f 3222/5036/4436 3220/5054/4454 3221/5055/4455
f 672/5038/4438 671/5056/4456 3223/5040/4440
f 3225/5057/4457 3252/5058/4458 3224/5043/4443
f 3224/5043/4443 3252/5058/4458 3253/5039/4439
f 3224/5043/4443 3253/5039/4439 3232/5041/4441
f 3226/5059/4459 3255/5060/4460 3225/5057/4457
f 3225/5057/4457 3255/5060/4460 3245/5033/4433
f 3225/5057/4457 3245/5033/4433 3254/5061/4461
f 3254/5061/4461 3245/5033/4433 3244/5035/4435
f 3254/5061/4461 3244/5035/4435 3233/5037/4437
f 3227/5062/4462 3247/5029/4429 3226/5059/4459
f 3226/5059/4459 3247/5029/4429 3246/5031/4431
f 3226/5059/4459 3246/5031/4431 3255/5060/4460
f 3255/5060/4460 3246/5031/4431 3245/5033/4433
f 3247/5029/4429 3227/5062/4462 3248/5027/4427
f 3248/5027/4427 3227/5062/4462 3228/5063/4463
f 3248/5027/4427 3228/5063/4463 3249/5025/4425
f 3249/5025/4425 3228/5063/4463 3229/5023/4423
f 3230/5022/4422 3231/5015/4415 3236/5017/4417
f 3222/5036/4436 3243/5034/4434 3235/5052/4452
f 3235/5052/4452 3243/5034/4434 3242/5032/4432
f 3235/5052/4452 3242/5032/4432 3251/5050/4450
f 3251/5050/4450 3242/5032/4432 3241/5030/4430
f 3251/5050/4450 3241/5030/4430 3250/5048/4448
f 3233/5037/4437 3253/5039/4439 3252/5058/4458
f 3254/5061/4461 3233/5037/4437 3252/5058/4458
f 3252/5058/4458 3225/5057/4457 3254/5061/4461
f 669/5064/933 3256/5065/4464 670/5066/929
f 670/5066/929 3256/5065/4464 3272/5067/4465
f 670/5066/929 3272/5067/4465 3265/5068/4466
f 3265/5068/4466 3272/5067/4465 3271/5069/4467
f 3265/5068/4466 3271/5069/4467 3274/5070/4468
f 3274/5070/4468 3271/5069/4467 3270/5071/4469
f 3274/5070/4468 3270/5071/4469 3273/5072/4470
f 3273/5072/4470 3270/5071/4469 3269/5073/4471
f 3273/5072/4470 3269/5073/4471 3226/5074/4472
f 3226/5074/4472 3269/5073/4471 3275/5075/4473
f 3226/5074/4472 3275/5075/4473 3227/5076/4474
f 3227/5076/4474 3275/5075/4473 3269/5073/4471
f 3227/5076/4474 3269/5073/4471 3268/5077/4475
f 3268/5077/4475 3269/5073/4471 3260/5078/4476
f 3268/5077/4475 3260/5078/4476 3261/5079/4477
f 3256/5065/4464 3257/5080/4478 3272/5067/4465
f 3272/5067/4465 3257/5080/4478 3271/5069/4467
f 3257/5080/4478 3258/5081/4479 3271/5069/4467
f 3271/5069/4467 3258/5081/4479 3270/5071/4469
f 3258/5081/4479 3259/5082/4480 3270/5071/4469
f 3270/5071/4469 3259/5082/4480 3269/5073/4471
f 3259/5082/4480 3260/5078/4476 3269/5073/4471
f 3268/5077/4475 3261/5079/4477 3267/5083/4481
f 3267/5083/4481 3261/5079/4477 3262/5084/4482
f 3267/5083/4481 3262/5084/4482 3266/5085/4483
f 3266/5085/4483 3262/5084/4482 3263/5086/4484
f 3266/5085/4483 3263/5086/4484 3229/5087/4485
f 3229/5087/4485 3263/5086/4484 3230/5088/4486
f 3230/5088/4486 3263/5086/4484 3264/5089/4487
f 3230/5088/4486 3264/5089/4487 3231/5090/4488
f 3231/5090/4488 3264/5089/4487 3209/5091/4416
f 3266/5085/4483 3229/5087/4485 3267/5083/4481
f 3267/5083/4481 3229/5087/4485 3228/5092/4489
f 3267/5083/4481 3228/5092/4489 3268/5077/4475
f 3268/5077/4475 3228/5092/4489 3227/5076/4474
f 3226/5074/4472 3225/5093/4490 3273/5072/4470
f 3273/5072/4470 3225/5093/4490 3274/5070/4468
f 3225/5093/4490 3224/5094/4491 3274/5070/4468
f 3274/5070/4468 3224/5094/4491 3265/5068/4466
f 3265/5068/4466 3224/5094/4491 3276/5095/4492
f 3276/5095/4492 3224/5094/4491 3223/5096/4493
f 3276/5095/4492 3223/5096/4493 3265/5068/4466
f 3265/5068/4466 3223/5096/4493 670/5066/929
f 3223/5096/4493 671/5097/931 670/5066/929
f 3220/5098/4494 3219/5099/4495 3287/5100/4496
f 3287/5100/4496 3219/5099/4495 3289/5101/4497
f 3287/5100/4496 3289/5101/4497 3295/5102/4498
f 3295/5102/4498 3289/5101/4497 3296/5103/4499
f 3295/5102/4498 3296/5103/4499 3294/5104/4500
f 3294/5104/4500 3296/5103/4499 3217/5105/4501
f 3294/5104/4500 3217/5105/4501 3293/5106/4502
f 3293/5106/4502 3217/5105/4501 3216/5107/4503
f 3293/5106/4502 3216/5107/4503 3292/5108/4504
f 3292/5108/4504 3216/5107/4503 3215/5109/4505
f 3292/5108/4504 3215/5109/4505 3300/5110/4506
f 3300/5110/4506 3215/5109/4505 3214/5111/4507
f 3300/5110/4506 3214/5111/4507 3299/5112/4508
f 3299/5112/4508 3214/5111/4507 3298/5113/4509
f 3299/5112/4508 3298/5113/4509 3280/5114/4510
f 3280/5114/4510 3298/5113/4509 3279/5115/4511
f 3279/5115/4511 3298/5113/4509 3297/5116/4512
f 3279/5115/4511 3297/5116/4512 3278/5117/4513
f 3278/5117/4513 3297/5116/4512 3213/5118/4514
f 3278/5117/4513 3213/5118/4514 3212/5119/4515
f 3218/5120/4516 3291/5121/4517 3219/5099/4495
f 3219/5099/4495 3291/5121/4517 3290/5122/4518
f 3219/5099/4495 3290/5122/4518 3289/5101/4497
f 3289/5101/4497 3290/5122/4518 3218/5120/4516
f 3289/5101/4497 3218/5120/4516 3296/5103/4499
f 3296/5103/4499 3218/5120/4516 3217/5105/4501
f 3214/5111/4507 3213/5118/4514 3298/5113/4509
f 3298/5113/4509 3213/5118/4514 3297/5116/4512
f 3278/5117/4513 3212/5119/4515 3277/5123/4519
f 3277/5123/4519 3212/5119/4515 3211/5124/4520
f 3277/5123/4519 3211/5124/4520 3210/5125/4418
f 3280/5114/4510 3281/5126/4521 3299/5112/4508
f 3299/5112/4508 3281/5126/4521 3300/5110/4506
f 3281/5126/4521 3282/5127/4522 3300/5110/4506
f 3300/5110/4506 3282/5127/4522 3301/5128/4523
f 3300/5110/4506 3301/5128/4523 3292/5108/4504
f 3292/5108/4504 3301/5128/4523 3293/5106/4502
f 3282/5127/4522 3283/5129/4524 3301/5128/4523
f 3301/5128/4523 3283/5129/4524 3302/5130/4525
f 3301/5128/4523 3302/5130/4525 3293/5106/4502
f 3293/5106/4502 3302/5130/4525 3294/5104/4500
f 3302/5130/4525 3283/5129/4524 3304/5131/4526
f 3304/5131/4526 3283/5129/4524 3284/5132/4527
f 3304/5131/4526 3284/5132/4527 3288/5133/4528
f 3288/5133/4528 3284/5132/4527 3285/5134/4529
f 3288/5133/4528 3285/5134/4529 3287/5100/4496
f 3287/5100/4496 3285/5134/4529 3286/5135/4530
f 3288/5133/4528 3287/5100/4496 3303/5136/4531
f 3303/5136/4531 3287/5100/4496 3295/5102/4498
f 3303/5136/4531 3295/5102/4498 3294/5104/4500
f 3290/5122/4518 3291/5121/4517 3218/5120/4516
f 3303/5136/4531 3294/5104/4500 3302/5130/4525
f 3288/5133/4528 3303/5136/4531 3302/5130/4525
f 3304/5131/4526 3288/5133/4528 3302/5130/4525
f 668/5137/934 674/5138/935 669/5139/4532
f 669/5139/4532 674/5138/935 3256/5140/4533
f 3256/5140/4533 674/5138/935 3333/5141/4534
f 3256/5140/4533 3333/5141/4534 3308/5142/4535
f 3308/5142/4535 3333/5141/4534 3334/5143/4536
f 3308/5142/4535 3334/5143/4536 3257/5144/4537
f 3257/5144/4537 3334/5143/4536 3258/5145/4538
f 3258/5145/4538 3334/5143/4536 3332/5146/4539
f 3258/5145/4538 3332/5146/4539 3331/5147/4540
f 3331/5147/4540 3332/5146/4539 3327/5148/4541
f 3331/5147/4540 3327/5148/4541 3326/5149/4542
f 3326/5149/4542 3327/5148/4541 3318/5150/4543
f 3326/5149/4542 3318/5150/4543 3317/5151/4544
f 3317/5151/4544 3318/5150/4543 3313/5152/4545
f 3317/5151/4544 3313/5152/4545 3314/5153/4546
f 3314/5153/4546 3313/5152/4545 3280/5154/4547
f 3314/5153/4546 3280/5154/4547 3279/5155/4548
f 673/5156/936 3286/5157/4549 674/5138/935
f 674/5138/935 3286/5157/4549 3285/5158/4550
f 674/5138/935 3285/5158/4550 3307/5159/4551
f 3307/5159/4551 3285/5158/4550 3284/5160/4552
f 3307/5159/4551 3284/5160/4552 3322/5161/4553
f 3322/5161/4553 3284/5160/4552 3283/5162/4554
f 3322/5161/4553 3283/5162/4554 3310/5163/4555
f 3310/5163/4555 3283/5162/4554 3323/5164/4556
f 3310/5163/4555 3323/5164/4556 3311/5165/4557
f 3311/5165/4557 3323/5164/4556 3282/5166/4558
f 3311/5165/4557 3282/5166/4558 3312/5167/4559
f 3312/5167/4559 3282/5166/4558 3281/5168/4560
f 3312/5167/4559 3281/5168/4560 3313/5152/4545
f 3313/5152/4545 3281/5168/4560 3280/5154/4547
f 3283/5162/4554 3282/5166/4558 3323/5164/4556
f 3278/5169/4561 3315/5170/4562 3279/5155/4548
f 3279/5155/4548 3315/5170/4562 3316/5171/4563
f 3279/5155/4548 3316/5171/4563 3314/5153/4546
f 3314/5153/4546 3316/5171/4563 3317/5151/4544
f 3315/5170/4562 3278/5169/4561 3306/5172/4564
f 3306/5172/4564 3278/5169/4561 3277/5173/4565
f 3306/5172/4564 3277/5173/4565 3210/5174/4418
f 3209/5175/4416 3264/5176/4566 3210/5174/4418
f 3210/5174/4418 3264/5176/4566 3306/5172/4564
f 3264/5176/4566 3263/5177/4567 3306/5172/4564
f 3306/5172/4564 3263/5177/4567 3262/5178/4568
f 3306/5172/4564 3262/5178/4568 3315/5170/4562
f 3315/5170/4562 3262/5178/4568 3324/5179/4569
f 3315/5170/4562 3324/5179/4569 3316/5171/4563
f 3316/5171/4563 3324/5179/4569 3325/5180/4570
f 3316/5171/4563 3325/5180/4570 3317/5151/4544
f 3317/5151/4544 3325/5180/4570 3326/5149/4542
f 3262/5178/4568 3261/5181/4571 3324/5179/4569
f 3324/5179/4569 3261/5181/4571 3325/5180/4570
f 3261/5181/4571 3260/5182/4572 3325/5180/4570
f 3325/5180/4570 3260/5182/4572 3326/5149/4542
f 3326/5149/4542 3260/5182/4572 3330/5183/4573
f 3330/5183/4573 3260/5182/4572 3259/5184/4574
f 3330/5183/4573 3259/5184/4574 3331/5147/4540
f 3331/5147/4540 3259/5184/4574 3335/5185/4575
f 3331/5147/4540 3335/5185/4575 3258/5145/4538
f 3258/5145/4538 3335/5185/4575 3259/5184/4574
f 3257/5144/4537 3256/5140/4533 3308/5142/4535
f 3331/5147/4540 3326/5149/4542 3330/5183/4573
f 3305/5186/4576 674/5138/935 3329/5187/4577
f 3329/5187/4577 674/5138/935 3321/5188/4578
f 3329/5187/4577 3321/5188/4578 3320/5189/4579
f 3320/5189/4579 3321/5188/4578 3310/5163/4555
f 3320/5189/4579 3310/5163/4555 3311/5165/4557
f 3310/5163/4555 3321/5188/4578 3309/5190/4580
f 3309/5190/4580 3321/5188/4578 674/5138/935
f 3309/5190/4580 674/5138/935 3307/5159/4551
f 3307/5159/4551 3322/5161/4553 3309/5190/4580
f 3309/5190/4580 3322/5161/4553 3310/5163/4555
f 3311/5165/4557 3312/5167/4559 3319/5191/4581
f 3319/5191/4581 3312/5167/4559 3318/5150/4543
f 3319/5191/4581 3318/5150/4543 3327/5148/4541
f 3312/5167/4559 3313/5152/4545 3318/5150/4543
f 3311/5165/4557 3319/5191/4581 3320/5189/4579
f 3320/5189/4579 3319/5191/4581 3328/5192/4582
f 3320/5189/4579 3328/5192/4582 3329/5187/4577
f 3329/5187/4577 3328/5192/4582 3305/5186/4576
f 3328/5192/4582 3319/5191/4581 3327/5148/4541
f 3305/5186/4576 3328/5192/4582 3332/5146/4539
f 3332/5146/4539 3328/5192/4582 3327/5148/4541
f 674/5138/935 3305/5186/4576 3333/5141/4534
f 3333/5141/4534 3305/5186/4576 3332/5146/4539
f 3333/5141/4534 3332/5146/4539 3334/5143/4536
f 618/5193/878 641/5194/879 619/5195/4583
f 619/5195/4583 641/5194/879 650/5196/4584
f 619/5195/4583 650/5196/4584 3287/5197/4496
f 3287/5197/4496 650/5196/4584 3221/5198/4585
f 3287/5197/4496 3221/5198/4585 3220/5199/4494
f 3286/5200/4530 673/5201/4586 3287/5197/4496
f 3287/5197/4496 673/5201/4586 619/5195/4583
f 650/5202/894 649/5203/892 3221/5204/4455
f 3221/5204/4455 649/5203/892 3222/5205/4436
f 3222/5205/4436 649/5203/892 648/5206/886
f 3222/5205/4436 648/5206/886 672/5207/4438
f 672/5207/4438 648/5206/886 647/5208/885
f 3337/5209/4587 3338/5210/4588 3336/5211/4589
f 3336/5211/4589 3338/5210/4588 3359/5212/4590
f 3336/5211/4589 3359/5212/4590 3356/5213/4591
f 3356/5213/4591 3359/5212/4590 3355/5214/4592
f 3355/5214/4592 3359/5212/4590 3360/5215/4593
f 3355/5214/4592 3360/5215/4593 3354/5216/4594
f 3354/5216/4594 3360/5215/4593 3361/5217/4595
f 3354/5216/4594 3361/5217/4595 3362/5218/4596
f 3362/5218/4596 3361/5217/4595 3371/5219/4597
f 3362/5218/4596 3371/5219/4597 3372/5220/4598
f 3372/5220/4598 3371/5219/4597 3342/5221/4599
f 3372/5220/4598 3342/5221/4599 3343/5222/4600
f 3338/5210/4588 3339/5223/4601 3359/5212/4590
f 3359/5212/4590 3339/5223/4601 3340/5224/4602
f 3359/5212/4590 3340/5224/4602 3360/5215/4593
f 3360/5215/4593 3340/5224/4602 3370/5225/4603
f 3360/5215/4593 3370/5225/4603 3361/5217/4595
f 3361/5217/4595 3370/5225/4603 3371/5219/4597
f 3340/5224/4602 3341/5226/4604 3370/5225/4603
f 3370/5225/4603 3341/5226/4604 3371/5219/4597
f 3341/5226/4604 3342/5221/4599 3371/5219/4597
f 3344/5227/4605 3376/5228/4606 3343/5222/4600
f 3343/5222/4600 3376/5228/4606 3373/5229/4607
f 3343/5222/4600 3373/5229/4607 3372/5220/4598
f 3372/5220/4598 3373/5229/4607 3363/5230/4608
f 3372/5220/4598 3363/5230/4608 3362/5218/4596
f 3362/5218/4596 3363/5230/4608 3353/5231/4609
f 3362/5218/4596 3353/5231/4609 3354/5216/4594
f 3345/5232/4610 3379/5233/4611 3344/5227/4605
f 3344/5227/4605 3379/5233/4611 3377/5234/4612
f 3344/5227/4605 3377/5234/4612 3376/5228/4606
f 3376/5228/4606 3377/5234/4612 3373/5229/4607
f 3346/5235/4613 3357/5236/4614 3345/5232/4610
f 3345/5232/4610 3357/5236/4614 3380/5237/4615
f 3345/5232/4610 3380/5237/4615 3378/5238/4616
f 3378/5238/4616 3380/5237/4615 3346/5235/4613
f 3378/5238/4616 3346/5235/4613 3358/5239/4617
f 3358/5239/4617 3346/5235/4613 1420/5240/1959
f 3358/5239/4617 1420/5240/1959 3375/5241/4618
f 3375/5241/4618 1420/5240/1959 3366/5242/4619
f 3375/5241/4618 3366/5242/4619 3365/5243/4620
f 3365/5243/4620 3366/5242/4619 3368/5244/4621
f 3365/5243/4620 3368/5244/4621 3369/5245/4622
f 3369/5245/4622 3368/5244/4621 3350/5246/4623
f 3369/5245/4622 3350/5246/4623 3351/5247/4624
f 3346/5235/4613 3347/5248/4625 1420/5240/1959
f 1420/5240/1959 3347/5248/4625 1421/5249/1958
f 1419/5250/1960 1425/5251/4626 1420/5240/1959
f 1420/5240/1959 1425/5251/4626 3348/5252/4627
f 1420/5240/1959 3348/5252/4627 3367/5253/4628
f 3367/5253/4628 3348/5252/4627 3349/5254/4629
f 3367/5253/4628 3349/5254/4629 3368/5244/4621
f 3368/5244/4621 3349/5254/4629 3350/5246/4623
f 3369/5245/4622 3351/5247/4624 3364/5255/4630
f 3364/5255/4630 3351/5247/4624 3352/5256/4631
f 3364/5255/4630 3352/5256/4631 3363/5230/4608
f 3363/5230/4608 3352/5256/4631 3353/5231/4609
f 3357/5236/4614 3346/5235/4613 3380/5237/4615
f 3369/5245/4622 3364/5255/4630 3365/5243/4620
f 3365/5243/4620 3364/5255/4630 3374/5257/4632
f 3365/5243/4620 3374/5257/4632 3375/5241/4618
f 3375/5241/4618 3374/5257/4632 3358/5239/4617
f 3374/5257/4632 3364/5255/4630 3373/5229/4607
f 3373/5229/4607 3364/5255/4630 3363/5230/4608
f 3367/5253/4628 3368/5244/4621 3366/5242/4619
f 3366/5242/4619 1420/5240/1959 3367/5253/4628
f 3358/5239/4617 3374/5257/4632 3377/5234/4612
f 3377/5234/4612 3374/5257/4632 3373/5229/4607
f 3378/5238/4616 3358/5239/4617 3377/5234/4612
f 3345/5232/4610 3378/5238/4616 3379/5233/4611
f 3379/5233/4611 3378/5238/4616 3377/5234/4612
f 3337/5258/4587 3381/5259/4633 3338/5260/4634
f 3338/5260/4634 3381/5259/4633 3339/5261/4635
f 3339/5261/4635 3381/5259/4633 3382/5262/4636
f 3339/5261/4635 3382/5262/4636 3340/5263/4637
f 3340/5263/4637 3382/5262/4636 3397/5264/4638
f 3340/5263/4637 3397/5264/4638 3398/5265/4639
f 3398/5265/4639 3397/5264/4638 3383/5266/4640
f 3398/5265/4639 3383/5266/4640 3384/5267/4641
f 3382/5262/4636 3383/5266/4640 3397/5264/4638
f 3398/5265/4639 3384/5267/4641 3399/5268/4642
f 3399/5268/4642 3384/5267/4641 3385/5269/4643
f 3399/5268/4642 3385/5269/4643 3400/5270/4644
f 3400/5270/4644 3385/5269/4643 3386/5271/4645
f 3400/5270/4644 3386/5271/4645 3396/5272/4646
f 3396/5272/4646 3386/5271/4645 3387/5273/4647
f 3396/5272/4646 3387/5273/4647 3394/5274/4648
f 3394/5274/4648 3387/5273/4647 3388/5275/4649
f 3394/5274/4648 3388/5275/4649 3392/5276/4650
f 3392/5276/4650 3388/5275/4649 3389/5277/4651
f 3392/5276/4650 3389/5277/4651 3391/5278/4652
f 3391/5278/4652 3389/5277/4651 3390/5279/4653
f 3347/5280/4654 3346/5281/4655 3391/5278/4652
f 3391/5278/4652 3346/5281/4655 3393/5282/4656
f 3391/5278/4652 3393/5282/4656 3392/5276/4650
f 3392/5276/4650 3393/5282/4656 3395/5283/4657
f 3392/5276/4650 3395/5283/4657 3394/5274/4648
f 3394/5274/4648 3395/5283/4657 3344/5284/4658
f 3394/5274/4648 3344/5284/4658 3401/5285/4659
f 3401/5285/4659 3344/5284/4658 3343/5286/4660
f 3401/5285/4659 3343/5286/4660 3396/5272/4646
f 3396/5272/4646 3343/5286/4660 3400/5270/4644
f 3393/5282/4656 3346/5281/4655 3403/5287/4661
f 3403/5287/4661 3346/5281/4655 3345/5288/4662
f 3403/5287/4661 3345/5288/4662 3393/5282/4656
f 3393/5282/4656 3345/5288/4662 3395/5283/4657
f 3345/5288/4662 3344/5284/4658 3395/5283/4657
f 3400/5270/4644 3343/5286/4660 3402/5289/4663
f 3402/5289/4663 3343/5286/4660 3342/5290/4664
f 3402/5289/4663 3342/5290/4664 3400/5270/4644
f 3400/5270/4644 3342/5290/4664 3399/5268/4642
f 3342/5290/4664 3341/5291/4665 3399/5268/4642
f 3399/5268/4642 3341/5291/4665 3398/5265/4639
f 3341/5291/4665 3340/5263/4637 3398/5265/4639
f 3396/5272/4646 3394/5274/4648 3401/5285/4659
f 3336/5292/4589 3356/5293/4666 3412/5294/4667
f 3412/5294/4667 3356/5293/4666 3355/5295/4668
f 3412/5294/4667 3355/5295/4668 3411/5296/4669
f 3411/5296/4669 3355/5295/4668 3354/5297/4670
f 3411/5296/4669 3354/5297/4670 3421/5298/4671
f 3421/5298/4671 3354/5297/4670 3420/5299/4672
f 3421/5298/4671 3420/5299/4672 3410/5300/4673
f 3410/5300/4673 3420/5299/4672 3409/5301/4674
f 3409/5301/4674 3420/5299/4672 3419/5302/4675
f 3409/5301/4674 3419/5302/4675 3418/5303/4676
f 3418/5303/4676 3419/5302/4675 3352/5304/4677
f 3418/5303/4676 3352/5304/4677 3422/5305/4678
f 3422/5305/4678 3352/5304/4677 3351/5306/4679
f 3422/5305/4678 3351/5306/4679 3423/5307/4680
f 3423/5307/4680 3351/5306/4679 3350/5308/4681
f 3423/5307/4680 3350/5308/4681 3424/5309/4682
f 3424/5309/4682 3350/5308/4681 3426/5310/4683
f 3424/5309/4682 3426/5310/4683 3413/5311/4684
f 3413/5311/4684 3426/5310/4683 3349/5312/4685
f 3413/5311/4684 3349/5312/4685 3427/5313/4686
f 3427/5313/4686 3349/5312/4685 3428/5314/4687
f 3427/5313/4686 3428/5314/4687 3348/5315/4688
f 3348/5315/4688 3428/5314/4687 3349/5312/4685
f 3354/5297/4670 3353/5316/4689 3420/5299/4672
f 3420/5299/4672 3353/5316/4689 3419/5302/4675
f 3353/5316/4689 3352/5304/4677 3419/5302/4675
f 3350/5308/4681 3349/5312/4685 3426/5310/4683
f 1425/5317/1965 1424/5318/1963 3348/5315/4688
f 3348/5315/4688 1424/5318/1963 3413/5311/4684
f 3348/5315/4688 3413/5311/4684 3427/5313/4686
f 1423/5319/1967 3404/5320/4690 1424/5318/1963
f 1424/5318/1963 3404/5320/4690 3414/5321/4691
f 1424/5318/1963 3414/5321/4691 3415/5322/4692
f 3415/5322/4692 3414/5321/4691 3429/5323/4693
f 3415/5322/4692 3429/5323/4693 3416/5324/4694
f 3416/5324/4694 3429/5323/4693 3406/5325/4695
f 3416/5324/4694 3406/5325/4695 3417/5326/4696
f 3417/5326/4696 3406/5325/4695 3407/5327/4697
f 3417/5326/4696 3407/5327/4697 3418/5303/4676
f 3418/5303/4676 3407/5327/4697 3408/5328/4698
f 3418/5303/4676 3408/5328/4698 3409/5301/4674
f 3404/5320/4690 3405/5329/4699 3414/5321/4691
f 3414/5321/4691 3405/5329/4699 3429/5323/4693
f 3405/5329/4699 3406/5325/4695 3429/5323/4693
f 3410/5300/4673 3411/5296/4669 3421/5298/4671
f 3413/5311/4684 1424/5318/1963 3425/5330/4700
f 3425/5330/4700 1424/5318/1963 3415/5322/4692
f 3425/5330/4700 3415/5322/4692 3416/5324/4694
f 3423/5307/4680 3424/5309/4682 3417/5326/4696
f 3417/5326/4696 3424/5309/4682 3416/5324/4694
f 3422/5305/4678 3423/5307/4680 3418/5303/4676
f 3418/5303/4676 3423/5307/4680 3417/5326/4696
f 3413/5311/4684 3425/5330/4700 3424/5309/4682
f 3424/5309/4682 3425/5330/4700 3416/5324/4694
f 1422/5331/4701 3430/5332/4702 1423/5333/4703
f 1423/5333/4703 3430/5332/4702 3404/5334/4704
f 3404/5334/4704 3430/5332/4702 3432/5335/4705
f 3404/5334/4704 3432/5335/4705 3405/5336/4706
f 3405/5336/4706 3432/5335/4705 3433/5337/4707
f 3405/5336/4706 3433/5337/4707 3406/5338/4708
f 3406/5338/4708 3433/5337/4707 3434/5339/4709
f 3406/5338/4708 3434/5339/4709 3407/5340/4710
f 3407/5340/4710 3434/5339/4709 3460/5341/4711
f 3407/5340/4710 3460/5341/4711 3459/5342/4712
f 3459/5342/4712 3460/5341/4711 3445/5343/4713
f 3459/5342/4712 3445/5343/4713 3444/5344/4714
f 3444/5344/4714 3445/5343/4713 3439/5345/4715
f 3444/5344/4714 3439/5345/4715 3440/5346/4716
f 3440/5346/4716 3439/5345/4715 3384/5347/4717
f 3440/5346/4716 3384/5347/4717 3383/5348/4718
f 3431/5349/4719 3390/5350/4720 3430/5332/4702
f 3430/5332/4702 3390/5350/4720 3389/5351/4721
f 3430/5332/4702 3389/5351/4721 3452/5352/4722
f 3452/5352/4722 3389/5351/4721 3453/5353/4723
f 3452/5352/4722 3453/5353/4723 3388/5354/4724
f 3388/5354/4724 3453/5353/4723 3389/5351/4721
f 3452/5352/4722 3388/5354/4724 3449/5355/4725
f 3449/5355/4725 3388/5354/4724 3387/5356/4726
f 3449/5355/4725 3387/5356/4726 3455/5357/4727
f 3455/5357/4727 3387/5356/4726 3450/5358/4728
f 3455/5357/4727 3450/5358/4728 3437/5359/4729
f 3437/5359/4729 3450/5358/4728 3438/5360/4730
f 3437/5359/4729 3438/5360/4730 3446/5361/4731
f 3446/5361/4731 3438/5360/4730 3445/5343/4713
f 3446/5361/4731 3445/5343/4713 3460/5341/4711
f 3450/5358/4728 3387/5356/4726 3456/5362/4732
f 3456/5362/4732 3387/5356/4726 3386/5363/4733
f 3456/5362/4732 3386/5363/4733 3450/5358/4728
f 3450/5358/4728 3386/5363/4733 3454/5364/4734
f 3450/5358/4728 3454/5364/4734 3438/5360/4730
f 3438/5360/4730 3454/5364/4734 3385/5365/4735
f 3438/5360/4730 3385/5365/4735 3439/5345/4715
f 3439/5345/4715 3385/5365/4735 3384/5347/4717
f 3386/5363/4733 3385/5365/4735 3454/5364/4734
f 3382/5366/4736 3442/5367/4737 3383/5348/4718
f 3383/5348/4718 3442/5367/4737 3443/5368/4738
f 3383/5348/4718 3443/5368/4738 3440/5346/4716
f 3440/5346/4716 3443/5368/4738 3444/5344/4714
f 3442/5367/4737 3382/5366/4736 3441/5369/4739
f 3441/5369/4739 3382/5366/4736 3381/5370/4740
f 3441/5369/4739 3381/5370/4740 3337/5371/4587
f 3337/5371/4587 3336/5372/4589 3441/5369/4739
f 3441/5369/4739 3336/5372/4589 3412/5373/4741
f 3441/5369/4739 3412/5373/4741 3411/5374/4742
f 3411/5374/4742 3410/5375/4743 3441/5369/4739
f 3441/5369/4739 3410/5375/4743 3442/5367/4737
f 3442/5367/4737 3410/5375/4743 3457/5376/4744
f 3457/5376/4744 3410/5375/4743 3409/5377/4745
f 3457/5376/4744 3409/5377/4745 3458/5378/4746
f 3458/5378/4746 3409/5377/4745 3408/5379/4747
f 3458/5378/4746 3408/5379/4747 3459/5342/4712
f 3459/5342/4712 3408/5379/4747 3407/5340/4710
f 3430/5332/4702 3451/5380/4748 3435/5381/4749
f 3435/5381/4749 3451/5380/4748 3436/5382/4750
f 3435/5381/4749 3436/5382/4750 3448/5383/4751
f 3448/5383/4751 3436/5382/4750 3447/5384/4752
f 3448/5383/4751 3447/5384/4752 3462/5385/4753
f 3462/5385/4753 3447/5384/4752 3461/5386/4754
f 3462/5385/4753 3461/5386/4754 3432/5335/4705
f 3432/5335/4705 3461/5386/4754 3433/5337/4707
f 3432/5335/4705 3430/5332/4702 3462/5385/4753
f 3462/5385/4753 3430/5332/4702 3448/5383/4751
f 3460/5341/4711 3434/5339/4709 3433/5337/4707
f 3460/5341/4711 3433/5337/4707 3461/5386/4754
f 3430/5332/4702 3435/5381/4749 3448/5383/4751
f 3436/5382/4750 3437/5359/4729 3447/5384/4752
f 3447/5384/4752 3437/5359/4729 3446/5361/4731
f 3447/5384/4752 3446/5361/4731 3461/5386/4754
f 3461/5386/4754 3446/5361/4731 3460/5341/4711
f 3437/5359/4729 3436/5382/4750 3455/5357/4727
f 3455/5357/4727 3436/5382/4750 3451/5380/4748
f 3455/5357/4727 3451/5380/4748 3452/5352/4722
f 3452/5352/4722 3451/5380/4748 3430/5332/4702
f 3438/5360/4730 3439/5345/4715 3445/5343/4713
f 3442/5367/4737 3457/5376/4744 3443/5368/4738
f 3443/5368/4738 3457/5376/4744 3458/5378/4746
f 3443/5368/4738 3458/5378/4746 3444/5344/4714
f 3444/5344/4714 3458/5378/4746 3459/5342/4712
f 3455/5357/4727 3452/5352/4722 3449/5355/4725
f 1385/5387/1902 1384/5388/1900 1422/5389/4701
f 1422/5389/4701 1384/5388/1900 3430/5390/4702
f 3430/5390/4702 1384/5388/1900 1383/5391/1894
f 3430/5390/4702 1383/5391/1894 3431/5392/4719
f 3431/5392/4719 1383/5391/1894 1382/5393/1893
f 1370/5394/1886 1369/5395/1887 1382/5396/4755
f 1382/5396/4755 1369/5395/1887 1413/5397/4756
f 1382/5396/4755 1413/5397/4756 3391/5398/4652
f 3391/5398/4652 1413/5397/4756 1421/5399/4757
f 3391/5398/4652 1421/5399/4757 3347/5400/4654
f 3390/5401/4653 3431/5402/4758 3391/5398/4652
f 3391/5398/4652 3431/5402/4758 1382/5396/4755
f 3482/5403/4759 3463/5404/4760 3481/5405/4761
f 3481/5405/4761 3463/5404/4760 3464/5406/4762
f 3481/5405/4761 3464/5406/4762 3480/5407/4763
f 3480/5407/4763 3464/5406/4762 3465/5408/4764
f 3480/5407/4763 3465/5408/4764 3479/5409/4765
f 3479/5409/4765 3465/5408/4764 3466/5410/4766
f 3479/5409/4765 3466/5410/4766 3478/5411/4767
f 3478/5411/4767 3466/5410/4766 3467/5412/4768
f 3478/5411/4767 3467/5412/4768 3477/5413/4769
f 3477/5413/4769 3467/5412/4768 3468/5414/4770
f 3477/5413/4769 3468/5414/4770 3476/5415/4771
f 3476/5415/4771 3468/5414/4770 3469/5416/4772
f 3476/5415/4771 3469/5416/4772 3475/5417/4773
f 3475/5417/4773 3469/5416/4772 3470/5418/4774
f 3475/5417/4773 3470/5418/4774 3474/5419/4775
f 3474/5419/4775 3470/5418/4774 3471/5420/4776
f 3474/5419/4775 3471/5420/4776 3473/5421/4777
f 3473/5421/4777 3471/5420/4776 3472/5422/4778
f 3482/5423/4779 266/5424/4780 3463/5425/4781
f 3463/5425/4781 266/5424/4780 265/5426/4782
f 3463/5425/4781 265/5426/4782 264/5427/4783
f 270/5428/4784 269/5429/4785 3482/5423/4779
f 3482/5423/4779 269/5429/4785 268/5430/4786
f 3482/5423/4779 268/5430/4786 267/5431/4787
f 267/5431/4787 266/5424/4780 3482/5423/4779
f 264/5427/4783 263/5432/4788 3463/5425/4781
f 94/5433/4789 93/5434/4790 99/5435/4791
f 99/5435/4791 93/5434/4790 18/5436/4792
f 99/5435/4791 18/5436/4792 17/5437/4793
f 103/5438/4794 102/5439/4795 16/5440/4796
f 16/5440/4796 102/5439/4795 101/5441/4797
f 16/5440/4796 101/5441/4797 17/5442/4798
f 17/5442/4798 101/5441/4797 100/5443/4799
f 17/5442/4798 100/5443/4799 99/5444/4800
f 92/5445/4801 178/5446/4802 93/5447/4803
f 93/5447/4803 178/5446/4802 18/5448/4804
f 18/5448/4804 178/5446/4802 177/5449/4805
f 18/5448/4804 177/5449/4805 7/5450/4806
f 7/5450/4806 177/5449/4805 176/5451/4807
f 7/5450/4806 176/5451/4807 8/5452/4808
f 8/5452/4808 176/5451/4807 175/5453/4809
f 8/5452/4808 175/5453/4809 9/5454/4810
f 9/5454/4810 175/5453/4809 10/5455/4811
f 10/5455/4811 175/5453/4809 174/5456/4812
f 10/5455/4811 174/5456/4812 11/5457/4813
f 11/5457/4813 174/5456/4812 12/5458/4814
f 12/5458/4814 174/5456/4812 173/5459/4815
f 12/5458/4814 173/5459/4815 3500/5460/4816
f 3500/5460/4816 173/5459/4815 172/5461/4817
f 3500/5460/4816 172/5461/4817 3499/5462/4818
f 3499/5462/4818 172/5461/4817 171/5463/4819
f 3499/5462/4818 171/5463/4819 3498/5464/4820
f 3498/5464/4820 171/5463/4819 170/5465/4821
f 3498/5464/4820 170/5465/4821 3497/5466/4822
f 3497/5466/4822 170/5465/4821 169/5467/4823
f 3497/5466/4822 169/5467/4823 168/5468/4824
f 3497/5466/4822 168/5468/4824 3496/5469/4825
f 3496/5469/4825 168/5468/4824 167/5470/4826
f 3496/5469/4825 167/5470/4826 3495/5471/4827
f 3495/5471/4827 167/5470/4826 166/5472/4828
f 3495/5471/4827 166/5472/4828 3494/5473/4829
f 3494/5473/4829 166/5472/4828 165/5474/4830
f 3494/5473/4829 165/5474/4830 3493/5475/4831
f 3493/5475/4831 165/5474/4830 164/5476/4832
f 3493/5475/4831 164/5476/4832 3492/5477/4833
f 3492/5477/4833 164/5476/4832 163/5478/4834
f 3492/5477/4833 163/5478/4834 162/5479/4835
f 3492/5477/4833 162/5479/4835 3491/5480/4836
f 3491/5480/4836 162/5479/4835 161/5481/4837
f 3491/5480/4836 161/5481/4837 3490/5482/4838
f 3490/5482/4838 161/5481/4837 160/5483/4839
f 3490/5482/4838 160/5483/4839 3489/5484/4840
f 3489/5484/4840 160/5483/4839 159/5485/4841
f 3489/5484/4840 159/5485/4841 3488/5486/4842
f 3488/5486/4842 159/5485/4841 158/5487/4843
f 3488/5486/4842 158/5487/4843 3487/5488/4844
f 3487/5488/4844 158/5487/4843 157/5489/4845
f 3487/5488/4844 157/5489/4845 3486/5490/4846
f 3486/5490/4846 157/5489/4845 156/5491/4847
f 3486/5490/4846 156/5491/4847 155/5492/4848
f 3486/5490/4846 155/5492/4848 3485/5493/4849
f 3485/5493/4849 155/5492/4848 154/5494/4850
f 3485/5493/4849 154/5494/4850 3484/5495/4851
f 3484/5495/4851 154/5494/4850 153/5496/4852
f 3484/5495/4851 153/5496/4852 3483/5497/4853
f 3483/5497/4853 153/5496/4852 152/5498/4854
f 3483/5497/4853 152/5498/4854 86/5499/4855
f 86/5499/4855 152/5498/4854 151/5500/4856
f 86/5499/4855 151/5500/4856 87/5501/4857
f 87/5501/4857 151/5500/4856 88/5502/4858
f 88/5502/4858 151/5500/4856 150/5503/4859
f 88/5502/4858 150/5503/4859 89/5504/4860
f 89/5504/4860 150/5503/4859 90/5505/4861
f 90/5505/4861 150/5503/4859 149/5506/4862
f 90/5505/4861 149/5506/4862 14/5507/4863
f 14/5507/4863 149/5506/4862 148/5508/4864
f 14/5507/4863 148/5508/4864 15/5509/4865
f 15/5509/4865 148/5508/4864 147/5510/4866
f 15/5509/4865 147/5510/4866 96/5511/4867
f 96/5511/4867 147/5510/4866 97/5512/4868
f 287/5513/4869 286/5514/4870 62/5515/4871
f 62/5515/4871 286/5514/4870 285/5516/4872
f 62/5515/4871 285/5516/4872 284/5517/4873
f 284/5517/4873 283/5518/4874 62/5515/4871
f 62/5515/4871 283/5518/4874 43/5519/4875
f 43/5519/4875 283/5518/4874 282/5520/4876
f 43/5519/4875 282/5520/4876 281/5521/4877
f 281/5521/4877 280/5522/4878 43/5519/4875
f 3502/5523/4879 3534/5524/4880 3501/5525/4881
f 3501/5525/4881 3534/5524/4880 3535/5526/4882
f 3501/5525/4881 3535/5526/4882 3533/5527/4883
f 3533/5527/4883 3535/5526/4882 3536/5528/4884
f 3533/5527/4883 3536/5528/4884 3532/5529/4885
f 3532/5529/4885 3536/5528/4884 3537/5530/4886
f 3532/5529/4885 3537/5530/4886 3531/5531/4887
f 3531/5531/4887 3537/5530/4886 3538/5532/4888
f 3531/5531/4887 3538/5532/4888 3530/5533/4889
f 3530/5533/4889 3538/5532/4888 3539/5534/4890
f 3530/5533/4889 3539/5534/4890 3529/5535/4891
f 3529/5535/4891 3539/5534/4890 3540/5536/4892
f 3529/5535/4891 3540/5536/4892 3528/5537/4893
f 3528/5537/4893 3540/5536/4892 3541/5538/4894
f 3528/5537/4893 3541/5538/4894 3527/5539/4895
f 3527/5539/4895 3541/5538/4894 3542/5540/4896
f 3527/5539/4895 3542/5540/4896 3526/5541/4897
f 3526/5541/4897 3542/5540/4896 3543/5542/4898
f 3526/5541/4897 3543/5542/4898 3525/5543/4899
f 3525/5543/4899 3543/5542/4898 3544/5544/4900
f 3525/5543/4899 3544/5544/4900 3524/5545/4901
f 3524/5545/4901 3544/5544/4900 3545/5546/4902
f 3524/5545/4901 3545/5546/4902 3523/5547/4903
f 3523/5547/4903 3545/5546/4902 3546/5548/4904
f 3523/5547/4903 3546/5548/4904 3522/5549/4905
f 3522/5549/4905 3546/5548/4904 3547/5550/4906
f 3522/5549/4905 3547/5550/4906 3521/5551/4907
f 3521/5551/4907 3547/5550/4906 3548/5552/4908
f 3521/5551/4907 3548/5552/4908 3520/5553/4909
f 3520/5553/4909 3548/5552/4908 3549/5554/4910
f 3520/5553/4909 3549/5554/4910 3519/5555/4911
f 3519/5555/4911 3549/5554/4910 3550/5556/4912
f 3519/5555/4911 3550/5556/4912 3518/5557/4913
f 3518/5558/4913 3550/5559/4912 3551/5560/4914
f 3518/5558/4913 3551/5560/4914 3517/5561/4915
f 3517/5561/4915 3551/5560/4914 3552/5562/4916
f 3517/5561/4915 3552/5562/4916 3516/5563/4917
f 3516/5563/4917 3552/5562/4916 3553/5564/4918
f 3516/5563/4917 3553/5564/4918 3515/5565/4919
f 3515/5565/4919 3553/5564/4918 3554/5566/4920
f 3515/5565/4919 3554/5566/4920 3514/5567/4921
f 3514/5567/4921 3554/5566/4920 3555/5568/4922
f 3514/5567/4921 3555/5568/4922 3513/5569/4923
f 3513/5569/4923 3555/5568/4922 3556/5570/4924
f 3513/5569/4923 3556/5570/4924 3512/5571/4925
f 3512/5571/4925 3556/5570/4924 3557/5572/4926
f 3512/5571/4925 3557/5572/4926 3511/5573/4927
f 3511/5573/4927 3557/5572/4926 3558/5574/4928
f 3511/5573/4927 3558/5574/4928 3510/5575/4929
f 3510/5575/4929 3558/5574/4928 3559/5576/4930
f 3510/5575/4929 3559/5576/4930 3509/5577/4931
f 3509/5577/4931 3559/5576/4930 3560/5578/4932
f 3509/5577/4931 3560/5578/4932 3508/5579/4933
f 3508/5579/4933 3560/5578/4932 3561/5580/4934
f 3508/5579/4933 3561/5580/4934 3507/5581/4935
f 3507/5581/4935 3561/5580/4934 3562/5582/4936
f 3507/5581/4935 3562/5582/4936 3506/5583/4937
f 3506/5583/4937 3562/5582/4936 3563/5584/4938
f 3506/5583/4937 3563/5584/4938 3505/5585/4939
f 3505/5585/4939 3563/5584/4938 3564/5586/4940
f 3505/5585/4939 3564/5586/4940 3504/5587/4941
f 3504/5587/4941 3564/5586/4940 3565/5588/4942
f 3504/5587/4941 3565/5588/4942 3503/5589/4943
f 3503/5589/4943 3565/5588/4942 3566/5590/4944
f 3503/5589/4943 3566/5590/4944 3502/5523/4879
f 3502/5523/4879 3566/5590/4944 3534/5524/4880
f 3566/5591/4945 180/5592/4946 3534/5593/4947
f 3534/5593/4947 180/5592/4946 179/5594/4948
f 3534/5593/4947 179/5594/4948 214/5595/4949
f 180/5592/4946 3566/5591/4945 181/5596/4950
f 181/5596/4950 3566/5591/4945 3565/5597/4951
f 181/5596/4950 3565/5597/4951 182/5598/4952
f 182/5598/4952 3565/5597/4951 3564/5599/4953
f 182/5598/4952 3564/5599/4953 183/5600/4954
f 183/5600/4954 3564/5599/4953 3563/5601/4955
f 183/5600/4954 3563/5601/4955 184/5602/4956
f 184/5602/4956 3563/5601/4955 3562/5603/4957
f 184/5602/4956 3562/5603/4957 185/5604/4958
f 185/5604/4958 3562/5603/4957 3561/5605/4959
f 185/5604/4958 3561/5605/4959 186/5606/4960
f 186/5606/4960 3561/5605/4959 3560/5607/4961
f 186/5606/4960 3560/5607/4961 187/5608/4962
f 187/5608/4962 3560/5607/4961 3559/5609/4963
f 187/5608/4962 3559/5609/4963 188/5610/4964
f 188/5610/4964 3559/5609/4963 3558/5611/4965
f 188/5610/4964 3558/5611/4965 189/5612/4966
f 189/5612/4966 3558/5611/4965 3557/5613/4967
f 189/5612/4966 3557/5613/4967 190/5614/4968
f 190/5614/4968 3557/5613/4967 3556/5615/4969
f 190/5614/4968 3556/5615/4969 191/5616/4970
f 191/5616/4970 3556/5615/4969 192/5617/4971
f 192/5617/4971 3556/5615/4969 3555/5618/4972
f 192/5617/4971 3555/5618/4972 193/5619/4973
f 193/5619/4973 3555/5618/4972 3554/5620/4974
f 193/5619/4973 3554/5620/4974 194/5621/4975
f 194/5621/4975 3554/5620/4974 3553/5622/4976
f 194/5621/4975 3553/5622/4976 195/5623/4977
f 195/5623/4977 3553/5622/4976 3552/5624/4978
f 195/5623/4977 3552/5624/4978 196/5625/4979
f 196/5625/4979 3552/5624/4978 3551/5626/4980
f 196/5625/4979 3551/5626/4980 197/5627/4981
f 197/5627/4981 3551/5626/4980 3550/5628/4982
f 197/5627/4981 3550/5628/4982 198/5629/4983
f 198/5629/4983 3550/5628/4982 3549/5630/4984
f 198/5629/4983 3549/5630/4984 199/5631/4985
f 199/5631/4985 3549/5630/4984 3548/5632/4986
f 199/5631/4985 3548/5632/4986 200/5633/4987
f 200/5633/4987 3548/5632/4986 3547/5634/4988
f 200/5633/4987 3547/5634/4988 201/5635/4989
f 201/5635/4989 3547/5634/4988 3546/5636/4990
f 201/5635/4989 3546/5636/4990 202/5637/4991
f 202/5637/4991 3546/5636/4990 3545/5638/4992
f 202/5637/4991 3545/5638/4992 203/5639/4993
f 203/5639/4993 3545/5638/4992 204/5640/4994
f 204/5640/4994 3545/5638/4992 3544/5641/4995
f 204/5640/4994 3544/5641/4995 205/5642/4996
f 205/5642/4996 3544/5641/4995 3543/5643/4997
f 205/5642/4996 3543/5643/4997 206/5644/4998
f 206/5644/4998 3543/5643/4997 3542/5645/4999
f 206/5644/4998 3542/5645/4999 207/5646/5000
f 207/5646/5000 3542/5645/4999 3541/5647/5001
f 207/5646/5000 3541/5647/5001 208/5648/5002
f 208/5648/5002 3541/5647/5001 3540/5649/5003
f 208/5648/5002 3540/5649/5003 209/5650/5004
f 209/5650/5004 3540/5649/5003 3539/5651/5005
f 209/5650/5004 3539/5651/5005 210/5652/5006
f 210/5652/5006 3539/5651/5005 3538/5653/5007
f 210/5652/5006 3538/5653/5007 211/5654/5008
f 211/5654/5008 3538/5653/5007 3537/5655/5009
f 211/5654/5008 3537/5655/5009 212/5656/5010
f 212/5656/5010 3537/5655/5009 3536/5657/5011
f 212/5656/5010 3536/5657/5011 213/5658/5012
f 213/5658/5012 3536/5657/5011 3535/5659/5013
f 213/5658/5012 3535/5659/5013 214/5595/4949
f 214/5595/4949 3535/5659/5013 3534/5593/4947
f 926/5660/5014 925/5661/5015 3501/5662/5016
f 3501/5662/5016 925/5661/5015 960/5663/5017
f 3501/5662/5016 960/5663/5017 3502/5664/5018
f 3502/5664/5018 960/5663/5017 959/5665/5019
f 3502/5664/5018 959/5665/5019 3503/5666/5020
f 3503/5666/5020 959/5665/5019 958/5667/5021
f 3503/5666/5020 958/5667/5021 3504/5668/5022
f 3504/5668/5022 958/5667/5021 957/5669/5023
f 3504/5668/5022 957/5669/5023 3505/5670/5024
f 3505/5670/5024 957/5669/5023 956/5671/5025
f 3505/5670/5024 956/5671/5025 3506/5672/5026
f 3506/5672/5026 956/5671/5025 955/5673/5027
f 3506/5672/5026 955/5673/5027 3507/5674/5028
f 3507/5674/5028 955/5673/5027 954/5675/5029
f 3507/5674/5028 954/5675/5029 3508/5676/5030
f 3508/5676/5030 954/5675/5029 953/5677/5031
f 3508/5676/5030 953/5677/5031 3509/5678/5032
f 3509/5678/5032 953/5677/5031 952/5679/5033
f 3509/5678/5032 952/5679/5033 3510/5680/5034
f 3510/5680/5034 952/5679/5033 951/5681/5035
f 3510/5680/5034 951/5681/5035 3511/5682/5036
f 3511/5682/5036 951/5681/5035 950/5683/5037
f 3511/5682/5036 950/5683/5037 3512/5684/5038
f 3512/5684/5038 950/5683/5037 949/5685/5039
f 3512/5684/5038 949/5685/5039 948/5686/5040
f 3512/5684/5038 948/5686/5040 3513/5687/5041
f 3513/5687/5041 948/5686/5040 947/5688/5042
f 3513/5687/5041 947/5688/5042 3514/5689/5043
f 3514/5689/5043 947/5688/5042 946/5690/5044
f 3514/5689/5043 946/5690/5044 3515/5691/5045
f 3515/5691/5045 946/5690/5044 945/5692/5046
f 3515/5691/5045 945/5692/5046 3516/5693/5047
f 3516/5693/5047 945/5692/5046 944/5694/5048
f 3516/5693/5047 944/5694/5048 3517/5695/5049
f 3517/5695/5049 944/5694/5048 943/5696/5050
f 3517/5695/5049 943/5696/5050 3518/5697/5051
f 3518/5697/5051 943/5696/5050 942/5698/5052
f 3518/5697/5051 942/5698/5052 3519/5699/5053
f 3519/5699/5053 942/5698/5052 941/5700/5054
f 3519/5699/5053 941/5700/5054 3520/5701/5055
f 3520/5701/5055 941/5700/5054 940/5702/5056
f 3520/5701/5055 940/5702/5056 3521/5703/5057
f 3521/5703/5057 940/5702/5056 939/5704/5058
f 3521/5703/5057 939/5704/5058 3522/5705/5059
f 3522/5705/5059 939/5704/5058 938/5706/5060
f 3522/5705/5059 938/5706/5060 3523/5707/5061
f 3523/5707/5061 938/5706/5060 937/5708/5062
f 3523/5707/5061 937/5708/5062 936/5709/5063
f 3523/5707/5061 936/5709/5063 3524/5710/5064
f 3524/5710/5064 936/5709/5063 935/5711/5065
f 3524/5710/5064 935/5711/5065 3525/5712/5066
f 3525/5712/5066 935/5711/5065 934/5713/5067
f 3525/5712/5066 934/5713/5067 3526/5714/5068
f 3526/5714/5068 934/5713/5067 933/5715/5069
f 3526/5714/5068 933/5715/5069 3527/5716/5070
f 3527/5716/5070 933/5715/5069 932/5717/5071
f 3527/5716/5070 932/5717/5071 3528/5718/5072
f 3528/5718/5072 932/5717/5071 931/5719/5073
f 3528/5718/5072 931/5719/5073 3529/5720/5074
f 3529/5720/5074 931/5719/5073 930/5721/5075
f 3529/5720/5074 930/5721/5075 3530/5722/5076
f 3530/5722/5076 930/5721/5075 929/5723/5077
f 3530/5722/5076 929/5723/5077 3531/5724/5078
f 3531/5724/5078 929/5723/5077 928/5725/5079
f 3531/5724/5078 928/5725/5079 3532/5726/5080
f 3532/5726/5080 928/5725/5079 927/5727/5081
f 3532/5726/5080 927/5727/5081 3533/5728/5082
f 3533/5728/5082 927/5727/5081 926/5660/5014
f 3533/5728/5082 926/5660/5014 3501/5662/5016
f 924/5729/5083 908/5730/5084 889/5731/5085
f 889/5731/5085 908/5730/5084 907/5732/5086
f 889/5731/5085 907/5732/5086 890/5733/5087
f 890/5733/5087 907/5732/5086 906/5734/5088
f 890/5733/5087 906/5734/5088 891/5735/5089
f 891/5735/5089 906/5734/5088 905/5736/5090
f 891/5735/5089 905/5736/5090 892/5737/5091
f 892/5737/5091 905/5736/5090 904/5738/5092
f 892/5737/5091 904/5738/5092 893/5739/5093
f 893/5739/5093 904/5738/5092 903/5740/5094
f 893/5739/5093 903/5740/5094 894/5741/5095
f 894/5741/5095 903/5740/5094 902/5742/5096
f 894/5741/5095 902/5742/5096 895/5743/5097
f 895/5743/5097 902/5742/5096 901/5744/5098
f 895/5743/5097 901/5744/5098 896/5745/5099
f 896/5745/5099 901/5744/5098 900/5746/5100
f 896/5745/5099 900/5746/5100 897/5747/5101
f 897/5747/5101 900/5746/5100 899/5748/5102
f 897/5747/5101 899/5748/5102 898/5749/5103
f 908/5730/5084 924/5729/5083 909/5750/5104
f 909/5750/5104 924/5729/5083 923/5751/5105
f 909/5750/5104 923/5751/5105 910/5752/5106
f 910/5752/5106 923/5751/5105 922/5753/5107
f 910/5752/5106 922/5753/5107 911/5754/5108
f 911/5754/5108 922/5753/5107 921/5755/5109
f 911/5754/5108 921/5755/5109 912/5756/5110
f 912/5756/5110 921/5755/5109 920/5757/5111
f 912/5756/5110 920/5757/5111 913/5758/5112
f 913/5758/5112 920/5757/5111 919/5759/5113
f 913/5758/5112 919/5759/5113 914/5760/5114
f 914/5760/5114 919/5759/5113 918/5761/5115
f 914/5760/5114 918/5761/5115 915/5762/5116
f 915/5762/5116 918/5761/5115 917/5763/5117
f 915/5762/5116 917/5763/5117 916/5764/5118
f 3481/5765/5119 3567/5766/5120 3482/5767/5121
f 3482/5767/5121 3567/5766/5120 271/5768/5122
f 3482/5767/5121 271/5768/5122 270/5769/5123
f 3567/5766/5120 3481/5765/5119 3568/5770/5124
f 3568/5770/5124 3481/5765/5119 3480/5771/5125
f 3568/5770/5124 3480/5771/5125 3569/5772/5126
f 3569/5772/5126 3480/5771/5125 3479/5773/5127
f 3569/5772/5126 3479/5773/5127 3570/5774/5128
f 3570/5774/5128 3479/5773/5127 3478/5775/5129
f 3570/5774/5128 3478/5775/5129 3571/5776/5130
f 3571/5776/5130 3478/5775/5129 3477/5777/5131
f 3571/5776/5130 3477/5777/5131 3572/5778/5132
f 3572/5778/5132 3477/5777/5131 3476/5779/5133
f 3572/5778/5132 3476/5779/5133 3573/5780/5134
f 3573/5780/5134 3476/5779/5133 3475/5781/5135
f 3573/5780/5134 3475/5781/5135 3574/5782/5136
f 3574/5782/5136 3475/5781/5135 3474/5783/5137
f 3574/5782/5136 3474/5783/5137 3575/5784/5138
f 3575/5784/5138 3474/5783/5137 3473/5785/5139
f 3575/5784/5138 3473/5785/5139 3576/5786/5140
f 3576/5786/5140 3473/5785/5139 3472/5787/5141
f 3576/5786/5140 3472/5787/5141 3577/5788/5142
f 3577/5788/5142 3472/5787/5141 3471/5789/5143
f 3577/5788/5142 3471/5789/5143 3578/5790/5144
f 3578/5790/5144 3471/5789/5143 3470/5791/5145
f 3578/5790/5144 3470/5791/5145 3579/5792/5146
f 3579/5792/5146 3470/5791/5145 3469/5793/5147
f 3579/5792/5146 3469/5793/5147 3580/5794/5148
f 3580/5794/5148 3469/5793/5147 3468/5795/5149
f 3580/5794/5148 3468/5795/5149 3581/5796/5150
f 3581/5796/5150 3468/5795/5149 3467/5797/5151
f 3581/5796/5150 3467/5797/5151 3582/5798/5152
f 3582/5798/5152 3467/5797/5151 3466/5799/5153
f 3582/5798/5152 3466/5799/5153 3583/5800/5154
f 3583/5800/5154 3466/5799/5153 3465/5801/5155
f 3583/5800/5154 3465/5801/5155 3584/5802/5156
f 3584/5802/5156 3465/5801/5155 3464/5803/5157
f 3584/5802/5156 3464/5803/5157 296/5804/5158
f 296/5804/5158 3464/5803/5157 3463/5805/5159
f 296/5804/5158 3463/5805/5159 263/5806/5160
f 296/5804/5158 295/5807/5161 3584/5802/5156
f 3584/5802/5156 295/5807/5161 294/5808/5162
f 3584/5802/5156 294/5808/5162 293/5809/5163
f 293/5809/5163 292/5810/5164 3584/5802/5156
f 3584/5802/5156 292/5810/5164 3583/5800/5154
f 291/5811/5165 61/5812/5166 292/5810/5164
f 292/5810/5164 61/5812/5166 60/5813/5167
f 292/5810/5164 60/5813/5167 3583/5800/5154
f 3583/5800/5154 60/5813/5167 3582/5798/5152
f 291/5811/5165 290/5814/5168 61/5812/5166
f 61/5812/5166 290/5814/5168 289/5815/5169
f 61/5812/5166 289/5815/5169 288/5816/5170
f 287/5817/5171 62/5818/5172 288/5816/5170
f 288/5816/5170 62/5818/5172 61/5812/5166
f 60/5813/5167 59/5819/5173 3582/5798/5152
f 3582/5798/5152 59/5819/5173 3581/5796/5150
f 59/5819/5173 58/5820/5174 3581/5796/5150
f 3581/5796/5150 58/5820/5174 3580/5794/5148
f 58/5820/5174 57/5821/5175 3580/5794/5148
f 3580/5794/5148 57/5821/5175 3579/5792/5146
f 57/5821/5175 56/5822/5176 3579/5792/5146
f 3579/5792/5146 56/5822/5176 3578/5790/5144
f 56/5822/5176 55/5823/5177 3578/5790/5144
f 3578/5790/5144 55/5823/5177 3577/5788/5142
f 55/5823/5177 54/5824/5178 3577/5788/5142
f 3577/5788/5142 54/5824/5178 3576/5786/5140
f 54/5824/5178 53/5825/5179 3576/5786/5140
f 3576/5786/5140 53/5825/5179 3575/5784/5138
f 53/5825/5179 52/5826/5180 3575/5784/5138
f 3575/5784/5138 52/5826/5180 3574/5782/5136
f 52/5826/5180 51/5827/5181 3574/5782/5136
f 3574/5782/5136 51/5827/5181 3573/5780/5134
f 51/5827/5181 50/5828/5182 3573/5780/5134
f 3573/5780/5134 50/5828/5182 3572/5778/5132
f 50/5828/5182 49/5829/5183 3572/5778/5132
f 3572/5778/5132 49/5829/5183 3571/5776/5130
f 49/5829/5183 48/5830/5184 3571/5776/5130
f 3571/5776/5130 48/5830/5184 3570/5774/5128
f 48/5830/5184 47/5831/5185 3570/5774/5128
f 3570/5774/5128 47/5831/5185 3569/5772/5126
f 47/5831/5185 46/5832/5186 3569/5772/5126
f 3569/5772/5126 46/5832/5186 3568/5770/5124
f 46/5832/5186 45/5833/5187 3568/5770/5124
f 3568/5770/5124 45/5833/5187 275/5834/5188
f 3568/5770/5124 275/5834/5188 274/5835/5189
f 275/5834/5188 45/5833/5187 276/5836/5190
f 276/5836/5190 45/5833/5187 44/5837/5191
f 276/5836/5190 44/5837/5191 277/5838/5192
f 277/5838/5192 44/5837/5191 278/5839/5193
f 278/5839/5193 44/5837/5191 279/5840/5194
f 279/5840/5194 44/5837/5191 43/5841/5195
f 279/5840/5194 43/5841/5195 280/5842/5196
f 3568/5770/5124 274/5835/5189 3567/5766/5120
f 3567/5766/5120 274/5835/5189 273/5843/5197
f 3567/5766/5120 273/5843/5197 272/5844/5198
f 272/5844/5198 271/5768/5122 3567/5766/5120
f 1/5845/2 12/5846/1 63/5847/5199
f 63/5847/5199 12/5846/1 3500/5848/5200
f 63/5847/5199 3500/5848/5200 64/5849/5201
f 64/5849/5201 3500/5848/5200 3499/5850/5202
f 64/5849/5201 3499/5850/5202 65/5851/5203
f 65/5851/5203 3499/5850/5202 3498/5852/5204
f 65/5851/5203 3498/5852/5204 66/5853/5205
f 66/5853/5205 3498/5852/5204 3497/5854/5206
f 66/5853/5205 3497/5854/5206 67/5855/5207
f 67/5855/5207 3497/5854/5206 3496/5856/5208
f 67/5855/5207 3496/5856/5208 68/5857/5209
f 68/5857/5209 3496/5856/5208 3495/5858/5210
f 68/5857/5209 3495/5858/5210 69/5859/5211
f 69/5859/5211 3495/5858/5210 3494/5860/5212
f 69/5859/5211 3494/5860/5212 70/5861/5213
f 70/5861/5213 3494/5860/5212 3493/5862/5214
f 70/5861/5213 3493/5862/5214 71/5863/5215
f 71/5863/5215 3493/5862/5214 3492/5864/5216
f 71/5863/5215 3492/5864/5216 72/5865/5217
f 72/5865/5217 3492/5864/5216 3491/5866/5218
f 72/5865/5217 3491/5866/5218 73/5867/5219
f 73/5867/5219 3491/5866/5218 3490/5868/5220
f 73/5867/5219 3490/5868/5220 74/5869/5221
f 74/5869/5221 3490/5868/5220 3489/5870/5222
f 74/5869/5221 3489/5870/5222 75/5871/5223
f 75/5871/5223 3489/5870/5222 3488/5872/5224
f 75/5871/5223 3488/5872/5224 76/5873/5225
f 76/5873/5225 3488/5872/5224 3487/5874/5226
f 76/5873/5225 3487/5874/5226 77/5875/5227
f 77/5875/5227 3487/5874/5226 3486/5876/5228
f 77/5875/5227 3486/5876/5228 78/5877/5229
f 78/5877/5229 3486/5876/5228 3485/5878/5230
f 78/5877/5229 3485/5878/5230 79/5879/5231
f 79/5879/5231 3485/5878/5230 3484/5880/5232
f 79/5879/5231 3484/5880/5232 80/5881/5233
f 80/5881/5233 3484/5880/5232 3483/5882/5234
f 80/5881/5233 3483/5882/5234 81/5883/102
f 81/5883/102 3483/5882/5234 86/5884/101
# 3584 vertices
# 5884 texture params
# 5234 normals
# 7168 facets

# 1 groups
